DateTime,Battery,Heading,Pitch,Roll,Pressure,Temperature,AnalogIn1,AnalogIn2,Speed#1(1.5m),Dir#1(1.5m),Speed#2(2.5m),Dir#2(2.5m),Speed#3(3.5m),Dir#3(3.5m),Speed#4(4.5m),Dir#4(4.5m),Speed#5(5.5m),Dir#5(5.5m),Speed#6(6.5m),Dir#6(6.5m),Speed#7(7.5m),Dir#7(7.5m),Speed#8(8.5m),Dir#8(8.5m),Speed#9(9.5m),Dir#9(9.5m),Speed#10(10.5m),Dir#10(10.5m),Speed#11(11.5m),Dir#11(11.5m),Speed#12(12.5m),Dir#12(12.5m),Speed#13(13.5m),Dir#13(13.5m),Speed#14(14.5m),Dir#14(14.5m),Speed#15(15.5m),Dir#15(15.5m),Speed#16(16.5m),Dir#16(16.5m),Speed#17(17.5m),Dir#17(17.5m),Speed#18(18.5m),Dir#18(18.5m),Speed#19(19.5m),Dir#19(19.5m),Speed#20(20.5m),Dir#20(20.5m),
8/24/2006 13:00:00, 13.7,275.9,  0.7,  3.9, 18.764, 28.99,  0.0,  0.0,  0.089, 305.84,  0.117, 308.74,  0.065, 312.51,  0.091, 343.36,  0.125, 324.78,  0.156, 327.02,  0.132, 328.59,  0.189, 318.87,  0.124, 306.13,  0.132, 268.26,  0.089, 288.23,  0.110, 267.92,  0.208, 279.69,  0.261, 271.32,  0.196, 290.28,  0.214, 270.80,-99.000, -99.00,-99.000, -99.00,-99.000, -99.00,-99.000, -99.00,
8/24/2006 13:05:00, 13.7,275.8,  0.7,  3.8, 18.758, 29.00,  0.0,  0.0,  0.152,   6.42,  0.086,   5.31,  0.070,   0.00,  0.071, 318.43,  0.087, 262.06,  0.077, 299.56,  0.077, 311.33,  0.240, 295.92,  0.132, 286.24,  0.115, 273.48,  0.119, 299.80,  0.114, 287.80,  0.147, 274.28,  0.130, 291.64,  0.171, 290.56,  0.151, 239.88,-99.000, -99.00,-99.000, -99.00,-99.000, -99.00,-99.000, -99.00,
8/24/2006 13:10:00, 13.7,275.8,  0.7,  3.8, 18.753, 29.02,  0.0,  0.0,  0.060, 302.11,  0.115, 353.00,  0.116,   0.00,  0.122, 313.34,  0.147, 300.56,  0.058, 273.95,  0.068, 354.12,  0.185, 311.71,  0.080, 290.47,  0.098, 265.91,  0.118, 277.31,  0.129, 264.64,  0.154, 292.91,  0.103, 274.44,  0.164, 277.69,  0.158, 226.02,-99.000, -99.00,-99.000, -99.00,-99.000, -99.00,-99.000, -99.00,
8/24/2006 13:15:00, 13.7,275.8,  0.7,  3.8, 18.755, 29.02,  0.0,  0.0,  0.039,   4.40,  0.128, 307.68,  0.030,  11.69,  0.153, 329.42,  0.053, 321.17,  0.066, 320.53,  0.070, 343.38,  0.078, 278.13,  0.035,  14.83,  0.049, 239.24,  0.177, 272.91,  0.168, 275.47,  0.161, 277.88,  0.206, 283.50,  0.107, 298.48,  0.151, 256.24,-99.000, -99.00,-99.000, -99.00,-99.000, -99.00,-99.000, -99.00,
8/24/2006 13:20:00, 13.7,275.7,  0.7,  3.7, 18.745, 29.03,  0.0,  0.0,  0.037, 273.09,  0.033, 190.62,  0.051, 341.57,  0.054, 180.00,  0.040, 313.99,  0.076, 280.57,  0.097, 302.38,  0.077, 328.78,  0.024, 326.98,  0.037, 176.91,  0.057, 180.00,  0.085, 280.12,  0.049, 303.37,  0.141, 265.54,  0.166, 287.89,  0.120, 262.34,-99.000, -99.00,-99.000, -99.00,-99.000, -99.00,-99.000, -99.00,
8/24/2006 13:25:00, 13.7,275.8,  0.7,  3.7, 18.739, 29.03,  0.0,  0.0,  0.042,  49.84,  0.065,   0.88,  0.093,  11.19,  0.085, 331.93,  0.091,  28.81,  0.127, 314.36,  0.076, 339.18,  0.055, 227.94,  0.028, 157.07,  0.048, 270.00,  0.079, 304.70,  0.105, 338.10,  0.073, 339.08,  0.124, 292.23,  0.094, 275.47,  0.098, 221.30,-99.000, -99.00,-99.000, -99.00,-99.000, -99.00,-99.000, -99.00,
8/24/2006 13:30:00, 13.7,275.8,  0.7,  3.7, 18.728, 29.04,  0.0,  0.0,  0.119, 298.73,  0.044, 263.52,  0.035, 297.30,  0.050, 262.03,  0.171, 305.73,  0.060, 351.33,  0.054, 285.07,  0.024, 216.38,  0.111, 273.09,  0.076, 275.26,  0.134, 272.99,  0.118, 270.00,  0.144, 281.62,  0.098, 284.74,  0.042, 319.84,  0.084, 274.09,-99.000, -99.00,-99.000, -99.00,-99.000, -99.00,-99.000, -99.00,
8/24/2006 13:35:00, 13.7,275.8,  0.7,  3.7, 18.716, 29.04,  0.0,  0.0,  0.016,   3.58,  0.121,  10.47,  0.122, 358.59,  0.103, 312.24,  0.020, 339.78,  0.093, 307.12,  0.073, 345.77,  0.015, 344.05,  0.090, 326.84,  0.114, 340.45,  0.054, 297.51,  0.074, 353.83,  0.145, 294.80,  0.073, 292.68,  0.090,   1.27,  0.146, 276.30,-99.000, -99.00,-99.000, -99.00,-99.000, -99.00,-99.000, -99.00,
8/24/2006 13:40:00, 13.7,275.9,  0.7,  3.7, 18.710, 29.05,  0.0,  0.0,  0.103, 240.19,  0.099,  20.62,  0.114, 333.43,  0.049, 219.21,  0.079, 289.12,  0.102, 298.07,  0.098, 321.61,  0.094, 282.86,  0.072, 339.81,  0.082, 324.95,  0.106, 324.21,  0.080, 299.12,  0.047, 236.31,  0.043, 270.00,  0.059, 271.94,  0.183, 258.63,-99.000, -99.00,-99.000, -99.00,-99.000, -99.00,-99.000, -99.00,
8/24/2006 13:45:00, 13.7,275.8,  0.7,  3.7, 18.709, 29.02,  0.0,  0.0,  0.095, 232.28,  0.049, 206.57,  0.083, 113.47,  0.053, 279.82,  0.104, 320.48,  0.199, 329.18,  0.201, 306.70,  0.172, 330.46,  0.134, 335.34,  0.067,  28.47,  0.102, 327.88,  0.098,  15.31,  0.072, 356.82,  0.153, 297.24,  0.080, 320.10,  0.176, 259.20,-99.000, -99.00,-99.000, -99.00,-99.000, -99.00,-99.000, -99.00,
8/24/2006 13:50:00, 13.7,275.8,  0.7,  3.7, 18.720, 28.97,  0.0,  0.0,  0.037, 356.91,  0.030, 275.71,  0.100, 214.01,  0.038, 171.03,  0.093, 303.18,  0.019, 344.48,  0.044, 232.35,  0.016,  10.62,  0.072,  37.67,  0.062,   7.47,  0.025, 326.31,  0.072, 356.03,  0.042, 315.00,  0.019, 147.99,  0.030,  60.02,  0.154, 207.90,-99.000, -99.00,-99.000, -99.00,-99.000, -99.00,-99.000, -99.00,
8/24/2006 13:55:00, 13.7,275.8,  0.7,  3.6, 18.709, 28.93,  0.0,  0.0,  0.041, 167.32,  0.082,  82.27,  0.053, 298.01,  0.107,  72.58,  0.057, 111.61,  0.040, 290.73,  0.036,  69.08,  0.091, 316.33,  0.066, 334.98,  0.163, 310.03,  0.078,  24.26,  0.085,  19.29,  0.102, 314.20,  0.133, 294.84,  0.108, 304.86,  0.178, 265.16,-99.000, -99.00,-99.000, -99.00,-99.000, -99.00,-99.000, -99.00,
8/24/2006 14:00:00, 13.7,275.8,  0.7,  3.6, 18.708, 28.90,  0.0,  0.0,  0.090,  50.84,  0.087, 158.44,  0.102, 156.21,  0.057, 129.29,  0.042, 234.78,  0.023, 197.65,  0.114, 182.51,  0.027, 160.20,  0.026, 267.80,  0.059, 326.04,  0.098, 347.66,  0.059, 352.15,  0.026,   4.40,  0.041, 332.18,  0.048,   4.76,  0.143, 273.20,-99.000, -99.00,-99.000, -99.00,-99.000, -99.00,-99.000, -99.00,
8/24/2006 14:05:00, 13.7,275.8,  0.7,  3.6, 18.703, 28.89,  0.0,  0.0,  0.089, 135.91,  0.076,  31.61,  0.084,  81.10,  0.025, 244.44,  0.063, 110.45,  0.062, 193.13,  0.037, 216.25,  0.131, 246.17,  0.017, 302.74,  0.054, 277.39,  0.008, 219.81,  0.014, 126.03,  0.110, 283.15,  0.074, 331.02,  0.073, 321.71,  0.143, 237.53,-99.000, -99.00,-99.000, -99.00,-99.000, -99.00,-99.000, -99.00,
8/24/2006 14:10:00, 13.7,275.8,  0.7,  3.6, 18.708, 28.88,  0.0,  0.0,  0.071, 147.65,  0.047, 162.72,  0.100, 191.53,  0.056,  83.88,  0.035, 115.11,  0.114, 107.96,  0.130, 115.97,  0.084, 105.20,  0.026,   4.40,  0.024, 267.61,  0.040, 312.95,  0.051, 192.41,  0.125, 321.84,  0.046, 287.65,  0.057, 285.26,  0.141, 256.85,-99.000, -99.00,-99.000, -99.00,-99.000, -99.00,-99.000, -99.00,
8/24/2006 14:15:00, 13.6,275.9,  0.7,  3.7, 18.696, 28.87,  0.0,  0.0,  0.150, 189.21,  0.032,  46.27,  0.102, 121.35,  0.052, 132.65,  0.092, 141.63,  0.154, 161.10,  0.083, 223.53,  0.066, 238.74,  0.038, 100.71,  0.044,  52.35,  0.062, 296.98,  0.043, 303.69,  0.040, 270.00,  0.011, 333.43,  0.017,  45.00,  0.081, 211.33,-99.000, -99.00,-99.000, -99.00,-99.000, -99.00,-99.000, -99.00,
8/24/2006 14:20:00, 13.6,275.9,  0.7,  3.6, 18.697, 28.86,  0.0,  0.0,  0.057, 148.52,  0.070,  97.43,  0.100, 121.16,  0.110, 168.49,  0.084,  84.56,  0.062, 189.31,  0.017, 113.63,  0.084, 114.73,  0.023, 318.58,  0.035, 323.13,  0.027, 221.99,  0.067,  11.98,  0.051,  23.05,  0.059,   9.78,  0.131, 308.80,  0.099, 254.13,-99.000, -99.00,-99.000, -99.00,-99.000, -99.00,-99.000, -99.00,
8/24/2006 14:25:00, 13.6,275.7,  0.7,  3.7, 18.687, 28.86,  0.0,  0.0,  0.043, 137.82,  0.124, 108.29,  0.138, 125.54,  0.059, 110.90,  0.085, 127.82,  0.029, 172.15,  0.015, 254.05,  0.038,  63.43,  0.033,   0.00,  0.085, 313.09,  0.070, 236.08,  0.004,  56.31,  0.061, 331.76,  0.077, 302.87,  0.104, 272.20,  0.180, 222.30,-99.000, -99.00,-99.000, -99.00,-99.000, -99.00,-99.000, -99.00,
8/24/2006 14:30:00, 13.6,275.8,  0.7,  3.6, 18.696, 28.86,  0.0,  0.0,  0.094,  72.72,  0.073,  96.25,  0.078, 110.98,  0.107, 110.81,  0.103, 124.31,  0.071, 162.84,  0.053, 176.76,  0.108, 144.40,  0.113, 253.50,  0.036,  83.66,  0.074, 275.40,  0.034, 118.07,  0.076, 236.31,  0.056, 252.22,  0.033, 167.66,  0.195, 212.22,-99.000, -99.00,-99.000, -99.00,-99.000, -99.00,-99.000, -99.00,
8/24/2006 14:35:00, 13.6,275.8,  0.7,  3.6, 18.691, 28.86,  0.0,  0.0,  0.058, 144.12,  0.134, 110.61,  0.166, 129.36,  0.162, 121.63,  0.071, 119.45,  0.157, 116.89,  0.098, 155.27,  0.135, 161.43,  0.027, 158.20,  0.078, 104.93,  0.111, 303.98,  0.045, 268.73,  0.025, 138.18,  0.047, 271.22,  0.050, 250.11,  0.156, 207.06,-99.000, -99.00,-99.000, -99.00,-99.000, -99.00,-99.000, -99.00,
8/24/2006 14:40:00, 13.6,275.8,  0.7,  3.6, 18.689, 28.85,  0.0,  0.0,  0.090, 165.19,  0.155, 110.77,  0.116, 122.32,  0.121, 136.67,  0.140, 106.62,  0.147, 111.51,  0.093, 122.66,  0.079, 185.78,  0.030,  82.41,  0.070, 118.02,  0.047, 140.19,  0.002,   0.00,  0.008,  82.87,  0.094, 298.47,  0.072, 215.91,  0.167, 204.42,-99.000, -99.00,-99.000, -99.00,-99.000, -99.00,-99.000, -99.00,
8/24/2006 14:45:00, 13.6,275.8,  0.7,  3.6, 18.684, 28.84,  0.0,  0.0,  0.117, 133.96,  0.157, 117.71,  0.090,  93.18,  0.178, 108.03,  0.171, 125.73,  0.233, 138.65,  0.167, 140.59,  0.016, 251.57,  0.035,  23.63,  0.074, 347.47,  0.083, 295.64,  0.034,  61.93,  0.055,  99.46,  0.085,  97.46,  0.036,  52.82,  0.057, 275.01,-99.000, -99.00,-99.000, -99.00,-99.000, -99.00,-99.000, -99.00,
8/24/2006 14:50:00, 13.6,275.8,  0.7,  3.6, 18.696, 28.83,  0.0,  0.0,  0.079, 157.66,  0.078, 107.97,  0.145, 118.33,  0.165, 164.87,  0.161, 127.16,  0.129, 123.94,  0.061, 136.33,  0.041,  55.92,  0.075, 284.59,  0.031, 346.87,  0.061, 308.37,  0.034, 296.57,  0.079, 301.46,  0.105, 322.36,  0.050, 308.48,  0.111, 219.14,-99.000, -99.00,-99.000, -99.00,-99.000, -99.00,-99.000, -99.00,
8/24/2006 14:55:00, 13.6,275.9,  0.7,  3.6, 18.682, 28.84,  0.0,  0.0,  0.074, 143.75,  0.115,  58.52,  0.133, 158.44,  0.094, 109.20,  0.089, 105.59,  0.077, 127.61,  0.031, 101.31,  0.016, 277.13,  0.071, 338.50,  0.049,   1.17,  0.042, 118.39,  0.060,   6.65,  0.046, 307.87,  0.022, 204.23,  0.048, 253.07,  0.181, 199.74,-99.000, -99.00,-99.000, -99.00,-99.000, -99.00,-99.000, -99.00,
8/24/2006 15:00:00, 13.6,275.7,  0.7,  3.6, 18.686, 28.84,  0.0,  0.0,  0.078,  82.60,  0.072,  58.08,  0.083, 122.15,  0.074, 243.43,  0.016, 169.38,  0.032, 158.20,  0.061, 167.77,  0.031, 326.82,  0.066, 255.12,  0.017, 151.93,  0.032, 214.70,  0.019, 248.75,  0.053, 295.60,  0.016, 356.42,  0.011, 243.43,  0.060, 192.43,-99.000, -99.00,-99.000, -99.00,-99.000, -99.00,-99.000, -99.00,
8/24/2006 15:05:00, 13.6,275.8,  0.7,  3.6, 18.676, 28.84,  0.0,  0.0,  0.085,  25.06,  0.113,  78.79,  0.101, 129.37,  0.112, 174.90,  0.103, 117.81,  0.115, 139.94,  0.084, 183.41,  0.054, 264.71,  0.075, 284.59,  0.035, 202.11,  0.014, 149.74,  0.050, 265.43,  0.017, 287.35,  0.036, 292.99,  0.033,  57.26,  0.118, 248.02,-99.000, -99.00,-99.000, -99.00,-99.000, -99.00,-99.000, -99.00,
8/24/2006 15:10:00, 13.6,275.8,  0.7,  3.6, 18.673, 28.86,  0.0,  0.0,  0.029, 172.15,  0.134, 113.31,  0.125, 111.04,  0.061,  80.54,  0.121, 105.30,  0.111, 151.35,  0.135, 220.19,  0.091, 194.65,  0.116, 146.58,  0.049, 116.57,  0.024, 282.26,  0.059, 227.73,  0.010, 180.00,  0.030,  25.71,  0.035,  53.13,  0.107, 206.09,-99.000, -99.00,-99.000, -99.00,-99.000, -99.00,-99.000, -99.00,
8/24/2006 15:15:00, 13.6,275.8,  0.7,  3.6, 18.666, 28.90,  0.0,  0.0,  0.104,  85.60,  0.229, 115.56,  0.138, 121.96,  0.172, 127.67,  0.124, 168.33,  0.133, 161.98,  0.112,  88.47,  0.050,  72.65,  0.089, 101.06,  0.048,  15.78,  0.055, 339.93,  0.058, 275.91,  0.031, 270.00,  0.028,  68.96,  0.082,  92.10,  0.082, 185.57,-99.000, -99.00,-99.000, -99.00,-99.000, -99.00,-99.000, -99.00,
8/24/2006 15:20:00, 13.6,275.8,  0.7,  3.6, 18.661, 28.92,  0.0,  0.0,  0.184, 150.64,  0.030, 181.91,  0.183, 133.22,  0.135, 117.90,  0.069, 166.57,  0.017,  32.74,  0.040, 110.22,  0.038, 188.97,  0.055, 183.12,  0.053, 145.71,  0.065, 103.39,  0.036,  31.50,  0.066, 329.93,  0.040, 287.53,  0.024, 299.74,  0.160, 212.99,-99.000, -99.00,-99.000, -99.00,-99.000, -99.00,-99.000, -99.00,
8/24/2006 15:25:00, 13.6,275.8,  0.7,  3.6, 18.658, 28.95,  0.0,  0.0,  0.049, 129.21,  0.189, 135.21,  0.153, 161.33,  0.144, 163.84,  0.095, 190.95,  0.080, 171.36,  0.053, 186.46,  0.044, 190.54,  0.030, 207.41,  0.065, 170.25,  0.043, 189.46,  0.038, 204.57,  0.041, 322.00,  0.040, 233.13,  0.045, 137.73,  0.184, 217.06,-99.000, -99.00,-99.000, -99.00,-99.000, -99.00,-99.000, -99.00,
8/24/2006 15:30:00, 13.6,275.8,  0.7,  3.6, 18.662, 28.95,  0.0,  0.0,  0.083, 141.88,  0.030,  53.13,  0.193, 154.89,  0.058, 137.79,  0.004, 206.57,  0.034, 145.84,  0.019,  90.00,  0.015, 164.05,  0.054, 112.78,  0.037,  49.40,  0.050, 339.04,  0.019,  25.20,  0.068,  75.56,  0.050, 318.27,  0.036, 189.73,  0.158, 225.51,-99.000, -99.00,-99.000, -99.00,-99.000, -99.00,-99.000, -99.00,
8/24/2006 15:35:00, 13.6,275.8,  0.7,  3.6, 18.666, 28.95,  0.0,  0.0,  0.051, 203.05,  0.050, 143.13,  0.078, 143.86,  0.048, 155.56,  0.086, 240.17,  0.066, 110.35,  0.064,  88.21,  0.053, 228.81,  0.106, 276.52,  0.070, 277.43,  0.083, 276.95,  0.054, 276.34,  0.055, 270.00,  0.024, 270.00,  0.048, 240.26,  0.148, 196.11,-99.000, -99.00,-99.000, -99.00,-99.000, -99.00,-99.000, -99.00,
8/24/2006 15:40:00, 13.6,275.8,  0.7,  3.6, 18.683, 28.93,  0.0,  0.0,  0.067,  95.96,  0.013, 171.25,  0.069, 146.77,  0.128, 127.68,  0.025, 267.71,  0.099, 173.02,  0.033, 178.26,  0.099, 259.49,  0.047,  34.70,  0.109, 277.91,  0.074, 305.63,  0.142, 272.82,  0.089, 277.77,  0.112, 262.81,  0.160, 241.19,  0.188, 197.37,-99.000, -99.00,-99.000, -99.00,-99.000, -99.00,-99.000, -99.00,
8/24/2006 15:45:00, 13.6,275.8,  0.7,  3.6, 18.673, 28.92,  0.0,  0.0,  0.117, 109.98,  0.062, 199.90,  0.106, 204.62,  0.071, 115.84,  0.053,  82.48,  0.005,  90.00,  0.052, 327.53,  0.044, 174.81,  0.032, 259.05,  0.070, 330.15,  0.089, 288.43,  0.096, 264.64,  0.075, 288.68,  0.097, 253.24,  0.087, 267.37,  0.202, 245.72,-99.000, -99.00,-99.000, -99.00,-99.000, -99.00,-99.000, -99.00,
8/24/2006 15:50:00, 13.6,275.8,  0.7,  3.6, 18.686, 28.90,  0.0,  0.0,  0.080, 203.67,  0.013, 241.39,  0.091,  69.37,  0.086, 158.82,  0.028, 111.04,  0.044, 356.10,  0.089, 284.35,  0.106, 357.30,  0.031, 268.15,  0.093, 318.06,  0.053, 272.16,  0.060, 240.02,  0.099, 320.34,  0.113, 300.18,  0.057, 311.47,  0.204, 213.38,-99.000, -99.00,-99.000, -99.00,-99.000, -99.00,-99.000, -99.00,
8/24/2006 15:55:00, 13.6,275.7,  0.7,  3.6, 18.692, 28.90,  0.0,  0.0,  0.055, 169.51,  0.059, 352.15,  0.076, 248.48,  0.061, 124.99,  0.040, 255.62,  0.069, 306.21,  0.079, 180.00,  0.058, 226.40,  0.007,  74.05,  0.047, 302.01,  0.041, 288.43,  0.079, 270.00,  0.095, 271.21,  0.076, 279.83,  0.120, 293.57,  0.166, 245.44,-99.000, -99.00,-99.000, -99.00,-99.000, -99.00,-99.000, -99.00,
8/24/2006 16:00:00, 13.6,275.7,  0.7,  3.6, 18.691, 28.89,  0.0,  0.0,  0.071, 168.69,  0.132, 349.97,  0.021,   0.00,  0.058, 321.34,  0.019,  38.66,  0.065, 343.81,  0.040, 319.09,  0.028, 237.99,  0.018, 247.62,  0.052, 315.78,  0.146, 304.99,  0.143, 311.60,  0.149, 302.09,  0.113, 291.33,  0.114, 276.06,  0.113, 167.69,-99.000, -99.00,-99.000, -99.00,-99.000, -99.00,-99.000, -99.00,
8/24/2006 16:05:00, 13.6,275.8,  0.7,  3.6, 18.689, 28.89,  0.0,  0.0,  0.091, 357.48,  0.083, 271.38,  0.056, 265.91,  0.046,  72.35,  0.109, 327.33,  0.141, 276.92,  0.104, 278.29,  0.103, 289.84,  0.130, 273.96,  0.138, 292.11,  0.095, 258.45,  0.159, 273.60,  0.105, 285.49,  0.159, 296.08,  0.051, 293.05,  0.134, 252.65,-99.000, -99.00,-99.000, -99.00,-99.000, -99.00,-99.000, -99.00,
8/24/2006 16:10:00, 13.6,275.9,  0.7,  3.6, 18.690, 28.89,  0.0,  0.0,  0.085, 135.95,  0.063, 359.09,  0.172, 353.66,  0.090, 299.98,  0.153, 293.05,  0.140, 302.78,  0.153, 271.50,  0.130, 268.68,  0.086, 305.54,  0.100, 276.34,  0.036, 328.50,  0.071, 295.84,  0.136, 307.21,  0.161, 312.73,  0.111, 358.45,  0.034, 325.84,-99.000, -99.00,-99.000, -99.00,-99.000, -99.00,-99.000, -99.00,
8/24/2006 16:15:00, 13.5,275.8,  0.7,  3.6, 18.693, 28.89,  0.0,  0.0,  0.025,  16.26,  0.064, 329.04,  0.126, 322.77,  0.143, 301.58,  0.119, 338.38,  0.020, 296.57,  0.128, 279.46,  0.077, 319.24,  0.176, 301.97,  0.069, 313.83,  0.062, 316.30,  0.061, 326.31,  0.170, 313.09,  0.097, 290.49,  0.129, 300.74,  0.037, 220.60,-99.000, -99.00,-99.000, -99.00,-99.000, -99.00,-99.000, -99.00,
8/24/2006 16:20:00, 13.5,275.8,  0.6,  3.6, 18.693, 28.88,  0.0,  0.0,  0.153,  75.24,  0.103, 331.70,  0.114, 357.49,  0.097, 320.42,  0.107, 350.89,  0.072, 352.78,  0.092, 303.86,  0.106, 337.30,  0.123, 296.15,  0.128, 290.56,  0.141, 300.75,  0.111, 320.13,  0.101, 312.20,  0.102, 325.38,  0.050, 287.35,  0.182, 231.68,-99.000, -99.00,-99.000, -99.00,-99.000, -99.00,-99.000, -99.00,
8/24/2006 16:25:00, 13.5,275.7,  0.7,  3.6, 18.691, 28.88,  0.0,  0.0,  0.072, 280.38,  0.156, 345.16,  0.079, 315.00,  0.124,  28.83,  0.095, 339.09,  0.128, 345.53,  0.089, 295.41,  0.083, 317.45,  0.100, 301.46,  0.105, 294.85,  0.087, 329.04,  0.134, 304.05,  0.072,  26.57,  0.106,  23.41,  0.160,  43.99,  0.083,  90.00,-99.000, -99.00,-99.000, -99.00,-99.000, -99.00,-99.000, -99.00,
8/24/2006 16:30:00, 13.5,275.9,  0.7,  3.6, 18.693, 28.88,  0.0,  0.0,  0.083, 316.47,  0.037,  17.45,  0.095, 355.19,  0.086, 347.25,  0.148, 345.12,  0.096, 354.64,  0.048, 282.01,  0.047, 309.81,  0.137, 303.11,  0.104, 310.72,  0.151, 316.88,  0.123, 294.48,  0.036, 358.41,  0.085,   4.71,  0.119, 323.23,  0.057, 229.29,-99.000, -99.00,-99.000, -99.00,-99.000, -99.00,-99.000, -99.00,
8/24/2006 16:35:00, 13.5,275.8,  0.7,  3.6, 18.701, 28.88,  0.0,  0.0,  0.054, 275.29,  0.096, 311.63,  0.093, 339.23,  0.123,  35.37,  0.138, 343.14,  0.165, 339.48,  0.104, 310.72,  0.130, 305.64,  0.018, 270.00,  0.025, 310.10,  0.064, 334.23,  0.128, 339.44,  0.058, 337.83,  0.133, 329.18,  0.138, 325.96,  0.190, 328.57,-99.000, -99.00,-99.000, -99.00,-99.000, -99.00,-99.000, -99.00,
8/24/2006 16:40:00, 13.5,275.8,  0.7,  3.6, 18.702, 28.87,  0.0,  0.0,  0.173,  33.41,  0.131, 347.66,  0.232, 350.09,  0.192,   3.28,  0.139,   0.82,  0.135, 291.25,  0.091,  10.08,  0.021,  31.43,  0.065, 305.64,  0.061, 344.83,  0.085, 333.43,  0.047, 330.71,  0.037,   1.55,  0.105, 319.64,  0.049, 350.54,  0.054, 284.04,-99.000, -99.00,-99.000, -99.00,-99.000, -99.00,-99.000, -99.00,
8/24/2006 16:45:00, 13.5,275.9,  0.7,  3.6, 18.715, 28.87,  0.0,  0.0,  0.150,   8.02,  0.092,   7.51,  0.085, 353.21,  0.145,   4.34,  0.132, 328.96,  0.201, 343.55,  0.075, 351.54,  0.029, 282.09,  0.086, 278.04,  0.119, 317.05,  0.098,   0.00,  0.082,  11.31,  0.100, 330.61,  0.142, 319.57,  0.174, 319.18,  0.102, 277.33,-99.000, -99.00,-99.000, -99.00,-99.000, -99.00,-99.000, -99.00,
8/24/2006 16:50:00, 13.5,275.9,  0.7,  3.6, 18.723, 28.87,  0.0,  0.0,  0.135,  55.60,  0.145,   3.16,  0.152,  21.17,  0.139,  18.96,  0.014,  65.22,  0.132, 327.40,  0.118, 311.92,  0.072, 246.28,  0.083, 287.56,  0.055, 348.49,  0.131,   5.27,  0.046, 347.47,  0.187, 284.85,  0.075,  12.36,  0.130, 340.17,  0.045, 257.20,-99.000, -99.00,-99.000, -99.00,-99.000, -99.00,-99.000, -99.00,
8/24/2006 16:55:00, 13.5,275.7,  0.7,  3.6, 18.729, 28.88,  0.0,  0.0,  0.090,  30.85,  0.161, 349.25,  0.186,   0.00,  0.085,  14.36,  0.067,   0.86,  0.117, 313.96,  0.090, 308.66,  0.136, 297.70,  0.100, 308.93,  0.146, 313.62,  0.079, 306.72,  0.088, 330.82,  0.101, 304.48,  0.117, 298.53,  0.079, 325.30,  0.069, 339.73,-99.000, -99.00,-99.000, -99.00,-99.000, -99.00,-99.000, -99.00,
8/24/2006 17:00:00, 13.5,275.7,  0.7,  3.6, 18.733, 28.88,  0.0,  0.0,  0.050,  19.89,  0.161, 335.35,  0.082,  10.49,  0.168, 356.93,  0.081, 350.77,  0.134, 327.50,  0.117, 320.57,  0.061, 309.69,  0.058, 294.36,  0.082, 301.56,  0.140,  17.01,  0.138, 357.51,  0.146, 343.68,  0.116, 309.05,  0.053, 334.40,  0.064, 265.53,-99.000, -99.00,-99.000, -99.00,-99.000, -99.00,-99.000, -99.00,
8/24/2006 17:05:00, 13.5,275.7,  0.7,  3.6, 18.739, 28.88,  0.0,  0.0,  0.077, 341.80,  0.187, 344.18,  0.117, 359.02,  0.084, 340.48,  0.030, 332.59,  0.069, 329.32,  0.083, 343.10,  0.091, 280.08,  0.102, 315.80,  0.107, 317.65,  0.139, 321.73,  0.168, 303.31,  0.066, 286.78,  0.058, 307.27,  0.060, 309.56,  0.110, 268.96,-99.000, -99.00,-99.000, -99.00,-99.000, -99.00,-99.000, -99.00,
8/24/2006 17:10:00, 13.5,275.8,  0.7,  3.6, 18.741, 28.88,  0.0,  0.0,  0.066,  61.88,  0.193, 334.89,  0.112, 324.46,  0.166, 333.13,  0.116, 296.12,  0.131, 309.75,  0.087, 305.15,  0.072, 331.65,  0.029, 189.78,  0.114, 288.43,  0.012,  14.04,  0.023, 252.35,  0.034, 251.03,  0.083, 304.65,  0.127, 312.46,  0.059, 265.16,-99.000, -99.00,-99.000, -99.00,-99.000, -99.00,-99.000, -99.00,
8/24/2006 17:15:00, 13.5,275.8,  0.7,  3.6, 18.751, 28.88,  0.0,  0.0,  0.080, 280.05,  0.145, 350.08,  0.142,   9.73,  0.100, 356.57,  0.040,   5.71,  0.094, 329.88,  0.107, 332.24,  0.130, 330.47,  0.053, 321.84,  0.014,  36.03,  0.058,  75.96,  0.058, 358.03,  0.083, 350.99,  0.116,  19.06,  0.090,   0.00,  0.118, 202.88,-99.000, -99.00,-99.000, -99.00,-99.000, -99.00,-99.000, -99.00,
8/24/2006 17:20:00, 13.5,275.8,  0.7,  3.6, 18.751, 28.88,  0.0,  0.0,  0.124, 359.54,  0.158, 336.04,  0.097, 335.56,  0.050,  42.58,  0.152, 342.04,  0.034,   1.68,  0.077,  49.24,  0.019,   6.01,  0.152, 306.19,  0.084, 330.68,  0.082, 350.88,  0.078, 320.19,  0.067,  40.79,  0.071,  17.93,  0.183, 299.78,  0.179, 282.25,-99.000, -99.00,-99.000, -99.00,-99.000, -99.00,-99.000, -99.00,
8/24/2006 17:25:00, 13.5,275.8,  0.7,  3.6, 18.765, 28.89,  0.0,  0.0,  0.188, 338.48,  0.105, 355.64,  0.045,  26.57,  0.049, 310.86,  0.034, 288.97,  0.073, 314.44,  0.097,  38.75,  0.104,  60.73,  0.063,  24.52,  0.063, 329.35,  0.092,  68.20,  0.078, 327.53,  0.072, 335.22,  0.038, 278.97,  0.042, 236.69,  0.099, 254.13,-99.000, -99.00,-99.000, -99.00,-99.000, -99.00,-99.000, -99.00,
8/24/2006 17:30:00, 13.5,275.7,  0.7,  3.6, 18.770, 28.90,  0.0,  0.0,  0.026, 321.34,  0.045, 327.72,  0.018,  51.84,  0.115, 342.35,  0.094, 324.11,  0.146,   9.85,  0.074,   0.00,  0.112,   3.58,  0.127, 350.02,  0.053,  38.16,  0.061,  24.06,  0.056, 338.01,  0.123, 311.36,  0.073, 322.82,  0.080, 327.31,  0.033, 273.47,-99.000, -99.00,-99.000, -99.00,-99.000, -99.00,-99.000, -99.00,
8/24/2006 17:35:00, 13.5,275.8,  0.6,  3.6, 18.775, 28.92,  0.0,  0.0,  0.037,  42.80,  0.140, 319.62,  0.059, 331.70,  0.132, 344.59,  0.080, 348.41,  0.071,   0.00,  0.032, 286.19,  0.059, 281.69,  0.059, 259.26,  0.015, 250.35,  0.055, 296.10,  0.103, 325.69,  0.087, 284.04,  0.019, 295.20,  0.072, 330.95,  0.078, 298.20,-99.000, -99.00,-99.000, -99.00,-99.000, -99.00,-99.000, -99.00,
8/24/2006 17:40:00, 13.5,275.8,  0.7,  3.6, 18.779, 28.91,  0.0,  0.0,  0.108, 337.01,  0.098, 329.24,  0.106,   5.39,  0.040,   8.53,  0.029, 294.78,  0.073, 281.93,  0.105, 358.91,  0.017, 336.37,  0.071, 308.16,  0.139, 313.55,  0.049, 347.09,  0.081, 308.99,  0.055, 334.36,  0.109, 333.90,  0.110, 323.86,  0.036, 348.69,-99.000, -99.00,-99.000, -99.00,-99.000, -99.00,-99.000, -99.00,
8/24/2006 17:45:00, 13.5,275.8,  0.7,  3.6, 18.786, 28.92,  0.0,  0.0,  0.130, 310.31,  0.021, 305.22,  0.038, 297.90,  0.159, 314.24,  0.158, 331.16,  0.033,  15.71,  0.121,  23.82,  0.081, 332.18,  0.091, 300.21,  0.050,  26.05,  0.015,  11.31,  0.125, 297.59,  0.120, 327.64,  0.165, 327.85,  0.100, 326.47,  0.145, 214.89,-99.000, -99.00,-99.000, -99.00,-99.000, -99.00,-99.000, -99.00,
8/24/2006 17:50:00, 13.5,275.9,  0.7,  3.6, 18.781, 28.93,  0.0,  0.0,  0.081, 356.47,  0.070, 304.59,  0.042, 351.87,  0.069, 355.86,  0.121,  30.15,  0.096, 343.64,  0.100, 346.66,  0.141,  24.38,  0.057, 325.75,  0.092, 324.75,  0.106, 324.96,  0.063, 298.61,  0.089, 350.96,  0.032, 298.18,  0.094, 260.84,  0.044, 183.90,-99.000, -99.00,-99.000, -99.00,-99.000, -99.00,-99.000, -99.00,
8/24/2006 17:55:00, 13.5,275.7,  0.7,  3.6, 18.786, 28.92,  0.0,  0.0,  0.168, 329.92,  0.125,  21.63,  0.012, 210.96,  0.027,  70.20,  0.140,  33.92,  0.084, 348.96,  0.074, 353.83,  0.076, 327.36,  0.025, 310.10,  0.072, 309.91,  0.050, 309.37,  0.092, 356.27,  0.047, 343.89,  0.137, 358.75,  0.134, 356.58,  0.180, 233.58,-99.000, -99.00,-99.000, -99.00,-99.000, -99.00,-99.000, -99.00,
8/24/2006 18:00:00, 13.5,275.8,  0.6,  3.6, 18.798, 28.91,  0.0,  0.0,  0.054, 349.32,  0.098, 327.44,  0.085, 338.57,  0.080,  15.26,  0.141, 342.72,  0.118, 351.73,  0.107, 316.14,  0.083, 349.63,  0.141, 358.78,  0.111, 343.20,  0.166, 355.15,  0.084,  16.50,  0.111, 351.72,  0.130, 321.55,  0.097,   4.13,  0.077,  84.07,-99.000, -99.00,-99.000, -99.00,-99.000, -99.00,-99.000, -99.00,
8/24/2006 18:05:00, 13.5,275.7,  0.7,  3.6, 18.815, 28.90,  0.0,  0.0,  0.125, 309.16,  0.032,  86.42,  0.041, 239.04,  0.061, 264.38,  0.038, 358.49,  0.039,  90.00,  0.121, 263.35,  0.141, 311.84,  0.071, 269.19,  0.111, 275.15,  0.040,  90.00,  0.087, 249.06,  0.050, 287.35,  0.019, 338.75,  0.081, 285.75,  0.098, 262.37,-99.000, -99.00,-99.000, -99.00,-99.000, -99.00,-99.000, -99.00,
8/24/2006 18:10:00, 13.5,275.7,  0.7,  3.6, 18.812, 28.91,  0.0,  0.0,  0.034,  90.00,  0.008, 219.81,  0.066,  14.04,  0.098, 310.03,  0.026, 292.62,  0.091, 313.67,  0.034, 273.37,  0.091, 301.94,  0.046,  83.80,  0.016,  63.43,  0.044, 248.68,  0.099, 350.16,  0.143, 355.60,  0.086, 317.82,  0.167, 287.46,  0.121, 270.00,-99.000, -99.00,-99.000, -99.00,-99.000, -99.00,-99.000, -99.00,
8/24/2006 18:15:00, 13.5,275.8,  0.7,  3.6, 18.825, 28.93,  0.0,  0.0,  0.035, 306.87,  0.048, 271.19,  0.014, 342.90,  0.042, 116.57,  0.140, 334.71,  0.062, 284.93,  0.066, 329.18,  0.066, 305.13,  0.078, 296.57,  0.033,  88.26,  0.017, 259.99,  0.161, 305.37,  0.121, 316.67,  0.107, 312.35,  0.195, 312.10,  0.069, 253.14,-99.000, -99.00,-99.000, -99.00,-99.000, -99.00,-99.000, -99.00,
8/24/2006 18:20:00, 13.5,275.7,  0.7,  3.6, 18.824, 28.93,  0.0,  0.0,  0.103, 296.57,  0.042,   4.09,  0.057,  76.93,  0.081, 290.89,  0.061,   1.88,  0.063,   5.44,  0.072, 356.03,  0.043, 260.54,  0.057, 288.43,  0.109, 278.95,  0.060, 318.37,  0.062, 251.27,  0.025, 243.43,  0.090, 348.44,  0.109,   7.91,  0.037,  75.96,-99.000, -99.00,-99.000, -99.00,-99.000, -99.00,-99.000, -99.00,
8/24/2006 18:25:00, 13.5,275.8,  0.7,  3.6, 18.830, 28.95,  0.0,  0.0,  0.059, 299.62,  0.047, 165.07,  0.057, 357.99,  0.080,  53.13,  0.049, 270.00,  0.069, 356.68,  0.121, 346.08,  0.066, 331.11,  0.183, 300.91,  0.152, 331.75,  0.128, 295.96,  0.098, 272.34,  0.056, 277.13,  0.093, 295.46,  0.058, 308.66,  0.123, 249.06,-99.000, -99.00,-99.000, -99.00,-99.000, -99.00,-99.000, -99.00,
8/24/2006 18:30:00, 13.5,275.8,  0.7,  3.6, 18.837, 28.96,  0.0,  0.0,  0.083, 315.97,  0.050, 297.60,  0.066, 262.12,  0.074, 280.86,  0.170, 322.66,  0.118, 310.55,  0.036,   0.00,  0.082,  35.05,  0.104, 336.87,  0.014, 338.96,  0.060, 255.50,  0.077, 339.44,  0.105,  22.41,  0.030,  23.96,  0.042, 315.00,  0.106, 250.71,-99.000, -99.00,-99.000, -99.00,-99.000, -99.00,-99.000, -99.00,
8/24/2006 18:35:00, 13.4,275.7,  0.6,  3.6, 18.853, 28.96,  0.0,  0.0,  0.102,  27.57,  0.110, 344.20,  0.122, 320.97,  0.077, 324.03,  0.075,  13.11,  0.033, 315.00,  0.128, 331.43,  0.100, 312.58,  0.057, 305.07,  0.056, 252.22,  0.037, 334.13,  0.097, 306.63,  0.058,  23.46,  0.073, 313.33,  0.077, 344.16,  0.125, 220.80,-99.000, -99.00,-99.000, -99.00,-99.000, -99.00,-99.000, -99.00,
8/24/2006 18:40:00, 13.4,275.7,  0.6,  3.6, 18.861, 28.96,  0.0,  0.0,  0.064, 307.41,  0.110, 227.94,  0.069, 187.54,  0.117, 252.65,  0.100, 252.47,  0.096, 297.90,  0.069, 280.01,  0.076, 320.87,  0.107,   0.00,  0.086,   1.33,  0.103, 324.46,  0.076, 300.96,  0.081, 263.58,  0.077,  63.10,  0.081,  82.87,  0.139, 166.26,-99.000, -99.00,-99.000, -99.00,-99.000, -99.00,-99.000, -99.00,
8/24/2006 18:45:00, 13.4,275.7,  0.7,  3.6, 18.869, 28.93,  0.0,  0.0,  0.055,  31.68,  0.054, 308.99,  0.125, 274.57,  0.120, 311.95,  0.060, 295.71,  0.094, 336.16,  0.029, 262.15,  0.100, 285.71,  0.028,  68.96,  0.106, 301.89,  0.120, 337.49,  0.108, 317.62,  0.064,  28.18,  0.100, 342.47,  0.081,   0.71,  0.047, 193.45,-99.000, -99.00,-99.000, -99.00,-99.000, -99.00,-99.000, -99.00,
8/24/2006 18:50:00, 13.4,275.7,  0.7,  3.6, 18.881, 28.92,  0.0,  0.0,  0.090, 280.93,  0.043, 228.81,  0.072, 343.07,  0.088, 288.64,  0.049,  14.04,  0.072, 272.39,  0.100, 284.45,  0.043,   0.00,  0.059,  13.80,  0.092, 291.57,  0.066, 319.30,  0.101, 338.51,  0.033,  21.16,  0.050, 312.58,  0.074,   3.09,  0.054, 272.12,-99.000, -99.00,-99.000, -99.00,-99.000, -99.00,-99.000, -99.00,
8/24/2006 18:55:00, 13.4,275.8,  0.7,  3.6, 18.888, 28.93,  0.0,  0.0,  0.062, 317.60,  0.162, 325.04,  0.100, 321.52,  0.128, 267.76,  0.134, 311.67,  0.158, 299.97,  0.066, 347.66,  0.093, 302.33,  0.024, 279.46,  0.023, 285.26,  0.078, 325.49,  0.113, 292.93,  0.081, 265.76,  0.094, 250.80,  0.105, 258.48,  0.111, 240.19,-99.000, -99.00,-99.000, -99.00,-99.000, -99.00,-99.000, -99.00,
8/24/2006 19:00:00, 13.4,275.7,  0.7,  3.6, 18.884, 28.92,  0.0,  0.0,  0.129, 307.14,  0.085, 288.43,  0.057,  11.11,  0.084, 281.04,  0.114, 290.50,  0.090, 351.69,  0.092, 330.64,  0.075, 331.39,  0.017,   0.00,  0.117, 347.63,  0.144, 357.61,  0.135, 358.30,  0.088,  14.51,  0.044,  69.90,  0.077, 323.43,  0.142, 252.84,-99.000, -99.00,-99.000, -99.00,-99.000, -99.00,-99.000, -99.00,
8/24/2006 19:05:00, 13.4,275.8,  0.7,  3.6, 18.886, 28.91,  0.0,  0.0,  0.045, 213.34,  0.084, 291.04,  0.118, 294.61,  0.077, 289.60,  0.090, 297.14,  0.118, 286.75,  0.110, 255.84,  0.116, 269.01,  0.104, 307.97,  0.091, 347.33,  0.106, 304.59,  0.084, 310.67,  0.047, 274.86,  0.147, 286.21,  0.075, 306.87,  0.026, 133.45,-99.000, -99.00,-99.000, -99.00,-99.000, -99.00,-99.000, -99.00,
8/24/2006 19:10:00, 13.4,275.8,  0.6,  3.6, 18.906, 28.90,  0.0,  0.0,  0.079, 351.25,  0.193, 296.17,  0.072, 300.14,  0.064, 287.30,  0.129, 275.36,  0.104, 288.43,  0.138, 289.88,  0.143, 307.35,  0.144, 300.49,  0.102, 273.37,  0.108, 251.73,  0.142, 300.55,  0.125, 324.41,  0.123, 344.95,  0.151, 327.47,  0.065, 312.51,-99.000, -99.00,-99.000, -99.00,-99.000, -99.00,-99.000, -99.00,
8/24/2006 19:15:00, 13.4,275.7,  0.7,  3.6, 18.903, 28.89,  0.0,  0.0,  0.031, 277.35,  0.111, 299.81,  0.014, 351.87,  0.088,  59.37,  0.090, 302.28,  0.109, 267.37,  0.058, 231.34,  0.011, 100.30,  0.085, 277.46,  0.122, 275.66,  0.152, 277.92,  0.081, 301.93,  0.091, 280.81,  0.117, 268.04,  0.180, 286.43,  0.081, 232.00,-99.000, -99.00,-99.000, -99.00,-99.000, -99.00,-99.000, -99.00,
8/24/2006 19:20:00, 13.4,275.8,  0.7,  3.6, 18.919, 28.88,  0.0,  0.0,  0.122, 308.00,  0.118, 334.31,  0.084, 303.88,  0.121,  72.16,  0.048, 321.71,  0.160, 334.88,  0.048,  51.71,  0.078,  12.61,  0.062,   5.53,  0.118, 276.34,  0.150, 325.57,  0.098, 331.86,  0.125, 324.14,  0.075, 343.01,  0.074, 326.52,  0.123, 296.15,-99.000, -99.00,-99.000, -99.00,-99.000, -99.00,-99.000, -99.00,
8/24/2006 19:25:00, 13.4,275.7,  0.7,  3.6, 18.924, 28.88,  0.0,  0.0,  0.109, 285.95,  0.032, 334.23,  0.048, 261.53,  0.108, 141.75,  0.095, 207.65,  0.147, 214.45,  0.037, 249.62,  0.033, 342.12,  0.103, 287.55,  0.137, 301.25,  0.102, 269.44,  0.077, 318.67,  0.064, 309.92,  0.085, 339.44,  0.093, 347.60,  0.102, 240.67,-99.000, -99.00,-99.000, -99.00,-99.000, -99.00,-99.000, -99.00,
8/24/2006 19:30:00, 13.4,275.7,  0.7,  3.6, 18.943, 28.88,  0.0,  0.0,  0.119, 308.88,  0.102, 308.22,  0.085, 323.13,  0.119, 331.93,  0.139, 328.82,  0.136, 334.19,  0.071,  36.38,  0.066, 334.98,  0.087, 310.82,  0.077,  92.97,  0.019, 304.51,  0.034,  45.00,  0.144,  19.95,  0.178,   8.40,  0.106, 330.05,  0.246, 257.77,-99.000, -99.00,-99.000, -99.00,-99.000, -99.00,-99.000, -99.00,
8/24/2006 19:35:00, 13.4,275.7,  0.7,  3.6, 18.939, 28.89,  0.0,  0.0,  0.226, 311.23,  0.125, 237.07,  0.141, 301.10,  0.063, 302.68,  0.035, 310.43,  0.046, 267.51,  0.074,  81.43,  0.073,   5.48,  0.068,  10.98,  0.093, 327.67,  0.051, 335.92,  0.030, 338.55,  0.092, 317.64,  0.046,  40.60,  0.137,  92.09,  0.101, 194.86,-99.000, -99.00,-99.000, -99.00,-99.000, -99.00,-99.000, -99.00,
8/24/2006 19:40:00, 13.4,275.8,  0.7,  3.6, 18.949, 28.89,  0.0,  0.0,  0.097, 307.46,  0.123,   1.86,  0.134, 270.00,  0.163, 324.75,  0.062,   8.39,  0.029,  30.96,  0.041, 218.00,  0.081, 334.38,  0.106, 357.30,  0.109, 344.56,  0.109, 322.08,  0.134, 343.05,  0.088, 335.18,  0.158, 343.86,  0.168, 325.18,  0.200, 296.69,-99.000, -99.00,-99.000, -99.00,-99.000, -99.00,-99.000, -99.00,
8/24/2006 19:45:00, 13.4,275.7,  0.7,  3.6, 18.947, 28.89,  0.0,  0.0,  0.134, 336.69,  0.090, 293.45,  0.114, 244.11,  0.090, 295.71,  0.044, 268.70,  0.098, 305.47,  0.064, 309.92,  0.125, 282.48,  0.136, 258.52,  0.060, 304.76,  0.173, 317.57,  0.127, 325.56,  0.213, 322.43,  0.240, 329.69,  0.202, 324.26,  0.081, 282.84,-99.000, -99.00,-99.000, -99.00,-99.000, -99.00,-99.000, -99.00,
8/24/2006 19:50:00, 13.4,275.9,  0.7,  3.6, 18.950, 28.89,  0.0,  0.0,  0.142, 334.16,  0.117, 273.42,  0.119, 292.25,  0.090, 351.06,  0.215, 293.83,  0.212, 325.56,  0.062, 344.18,  0.112, 268.47,  0.170, 309.76,  0.181, 327.19,  0.224, 327.59,  0.277, 354.82,  0.328, 338.20,  0.340, 331.78,  0.256, 339.65,  0.164, 296.10,-99.000, -99.00,-99.000, -99.00,-99.000, -99.00,-99.000, -99.00,
8/24/2006 19:55:00, 13.4,275.7,  0.6,  3.6, 18.955, 28.89,  0.0,  0.0,  0.075, 290.38,  0.204, 305.24,  0.077, 284.22,  0.105, 297.30,  0.156, 278.49,  0.120, 311.28,  0.110, 317.20,  0.094, 327.99,  0.148, 333.61,  0.112, 302.28,  0.150, 310.39,  0.184, 295.04,  0.183, 304.30,  0.205, 331.05,  0.257, 331.94,  0.116, 289.06,-99.000, -99.00,-99.000, -99.00,-99.000, -99.00,-99.000, -99.00,
8/24/2006 20:00:00, 13.4,275.8,  0.7,  3.6, 18.962, 28.89,  0.0,  0.0,  0.120, 355.71,  0.160, 317.03,  0.143, 334.69,  0.157, 298.52,  0.168, 303.31,  0.030, 356.19,  0.159, 331.50,  0.107, 335.11,  0.137, 335.87,  0.221, 328.32,  0.152, 353.95,  0.182, 326.22,  0.144, 339.30,  0.213, 319.57,  0.110,   1.56,  0.083, 298.72,-99.000, -99.00,-99.000, -99.00,-99.000, -99.00,-99.000, -99.00,
8/24/2006 20:05:00, 13.4,275.8,  0.7,  3.6, 18.972, 28.90,  0.0,  0.0,  0.070, 277.43,  0.154, 319.48,  0.189, 306.63,  0.110, 300.52,  0.258, 282.53,  0.193, 302.70,  0.129, 282.09,  0.158, 299.16,  0.201, 312.98,  0.150, 344.58,  0.191, 353.99,  0.164, 338.91,  0.092, 307.49,  0.075, 301.36,  0.059, 338.20,  0.073, 210.43,-99.000, -99.00,-99.000, -99.00,-99.000, -99.00,-99.000, -99.00,
8/24/2006 20:10:00, 13.4,275.7,  0.7,  3.6, 18.974, 28.92,  0.0,  0.0,  0.133, 320.19,  0.225, 313.20,  0.107, 266.26,  0.068, 243.06,  0.146, 275.12,  0.119, 285.55,  0.096, 257.41,  0.075, 308.54,  0.058, 285.95,  0.071, 346.94,  0.055, 336.25,  0.104,  16.17,  0.135, 345.86,  0.104,  11.09,  0.088, 351.50,  0.020, 348.69,-99.000, -99.00,-99.000, -99.00,-99.000, -99.00,-99.000, -99.00,
8/24/2006 20:15:00, 13.4,275.7,  0.6,  3.6, 18.984, 28.92,  0.0,  0.0,  0.118, 311.55,  0.239, 318.57,  0.122, 306.03,  0.145, 287.31,  0.136, 287.10,  0.174, 296.57,  0.104, 300.77,  0.091, 283.28,  0.068, 290.56,  0.092, 288.43,  0.171, 327.14,  0.126, 356.82,  0.119, 344.45,  0.136, 331.93,  0.148, 324.60,  0.086, 282.75,-99.000, -99.00,-99.000, -99.00,-99.000, -99.00,-99.000, -99.00,
8/24/2006 20:20:00, 13.4,275.7,  0.7,  3.6, 18.991, 28.93,  0.0,  0.0,  0.120, 336.43,  0.224, 293.37,  0.144, 275.19,  0.149, 276.93,  0.156, 268.16,  0.174, 271.65,  0.161, 288.89,  0.094, 297.93,  0.140, 311.53,  0.122, 316.33,  0.099,   4.62,  0.076,   0.75,  0.139, 346.66,  0.102, 335.70,  0.095, 304.70,  0.122, 322.66,-99.000, -99.00,-99.000, -99.00,-99.000, -99.00,-99.000, -99.00,
8/24/2006 20:25:00, 13.4,275.7,  0.7,  3.6, 18.996, 28.94,  0.0,  0.0,  0.129, 320.02,  0.169, 284.78,  0.121, 292.33,  0.080, 296.89,  0.184, 255.51,  0.155, 296.40,  0.197, 302.80,  0.087, 327.23,  0.160, 303.29,  0.242, 294.97,  0.086, 303.14,  0.171, 294.47,  0.125, 294.52,  0.148, 285.26,  0.094, 291.12,  0.143, 274.83,-99.000, -99.00,-99.000, -99.00,-99.000, -99.00,-99.000, -99.00,
8/24/2006 20:30:00, 13.4,275.8,  0.7,  3.6, 18.997, 28.95,  0.0,  0.0,  0.137, 300.68,  0.150, 281.53,  0.155, 352.97,  0.150, 288.68,  0.160, 296.40,  0.147, 317.20,  0.152, 308.07,  0.043, 219.29,  0.056, 330.26,  0.129, 310.60,  0.046, 347.47,  0.013, 188.75,  0.048, 282.01,  0.074, 293.81,  0.067, 339.94,  0.156, 303.49,-99.000, -99.00,-99.000, -99.00,-99.000, -99.00,-99.000, -99.00,
8/24/2006 20:35:00, 13.4,275.7,  0.7,  3.6, 18.997, 28.98,  0.0,  0.0,  0.099,   3.47,  0.044, 331.70,  0.165, 319.17,  0.192, 323.67,  0.201, 304.48,  0.130, 331.07,  0.120,   0.95,  0.065, 341.29,  0.055, 356.88,  0.040, 319.09,  0.040, 237.09,  0.099, 284.04,  0.132, 293.26,  0.128, 309.29,  0.127,  17.00,  0.123, 244.06,-99.000, -99.00,-99.000, -99.00,-99.000, -99.00,-99.000, -99.00,
8/24/2006 20:40:00, 13.4,275.7,  0.7,  3.6, 19.001, 29.00,  0.0,  0.0,  0.166, 316.96,  0.117, 325.77,  0.047, 303.69,  0.097, 304.02,  0.136, 309.32,  0.123, 319.96,  0.164, 327.48,  0.056,  41.38,  0.093, 302.66,  0.057, 223.57,  0.091, 265.60,  0.078, 275.86,  0.133, 283.51,  0.158, 274.73,  0.152, 283.67,  0.190, 242.09,-99.000, -99.00,-99.000, -99.00,-99.000, -99.00,-99.000, -99.00,
8/24/2006 20:45:00, 13.4,275.7,  0.7,  3.6, 19.007, 29.02,  0.0,  0.0,  0.138, 322.96,  0.099, 315.00,  0.060, 332.15,  0.118, 333.22,  0.095, 335.85,  0.153, 288.32,  0.073, 289.18,  0.095, 305.54,  0.137, 316.48,  0.119, 298.50,  0.140, 290.51,  0.079, 339.95,  0.116, 290.79,  0.092, 281.31,  0.070, 338.20,  0.141, 245.79,-99.000, -99.00,-99.000, -99.00,-99.000, -99.00,-99.000, -99.00,
8/24/2006 20:50:00, 13.4,275.8,  0.7,  3.6, 19.011, 29.02,  0.0,  0.0,  0.104, 320.83,  0.114, 257.31,  0.133, 327.63,  0.150, 350.41,  0.160,   2.86,  0.140, 337.82,  0.133, 290.76,  0.160, 304.29,  0.048, 355.24,  0.066, 298.12,  0.159, 289.46,  0.182, 315.22,  0.182, 309.20,  0.243, 292.46,  0.188, 312.85,  0.156, 288.32,-99.000, -99.00,-99.000, -99.00,-99.000, -99.00,-99.000, -99.00,
8/24/2006 20:55:00, 13.4,275.8,  0.7,  3.6, 19.028, 29.03,  0.0,  0.0,  0.236, 316.71,  0.166, 285.04,  0.163, 285.99,  0.119, 358.56,  0.169, 325.37,  0.171, 304.06,  0.157, 319.91,  0.126, 290.87,  0.168, 295.35,  0.141, 323.94,  0.145, 304.35,  0.095, 320.96,  0.106, 298.74,  0.138, 280.01,  0.183, 276.89,  0.139, 201.04,-99.000, -99.00,-99.000, -99.00,-99.000, -99.00,-99.000, -99.00,
8/24/2006 21:00:00, 13.4,275.9,  0.7,  3.6, 19.012, 29.03,  0.0,  0.0,  0.226, 350.83,  0.226, 334.91,  0.142, 345.77,  0.204, 316.78,  0.146, 337.47,  0.149, 341.20,  0.143, 322.65,  0.114, 345.23,  0.089, 307.26,  0.188, 291.91,  0.109, 337.91,  0.179, 307.06,  0.149, 303.26,  0.146, 300.96,  0.165, 312.79,  0.103, 284.57,-99.000, -99.00,-99.000, -99.00,-99.000, -99.00,-99.000, -99.00,
8/24/2006 21:05:00, 13.4,275.7,  0.7,  3.6, 19.019, 29.03,  0.0,  0.0,  0.146, 300.43,  0.135, 310.19,  0.127, 297.78,  0.181, 308.71,  0.211, 311.93,  0.135, 307.46,  0.184, 307.06,  0.180, 314.10,  0.127, 342.57,  0.078, 235.49,  0.143, 276.43,  0.184, 293.77,  0.170, 283.30,  0.168, 297.33,  0.170, 295.36,  0.091, 234.39,-99.000, -99.00,-99.000, -99.00,-99.000, -99.00,-99.000, -99.00,
8/24/2006 21:10:00, 13.4,275.8,  0.7,  3.6, 19.016, 29.03,  0.0,  0.0,  0.235, 349.94,  0.187, 319.33,  0.228, 326.10,  0.219, 326.16,  0.156, 320.48,  0.131, 317.79,  0.115, 260.46,  0.133, 267.85,  0.197, 282.62,  0.133, 317.44,  0.149, 282.36,  0.206, 290.46,  0.137, 283.53,  0.140, 274.09,  0.253, 288.94,  0.090, 248.55,-99.000, -99.00,-99.000, -99.00,-99.000, -99.00,-99.000, -99.00,
8/24/2006 21:15:00, 13.3,275.8,  0.7,  3.6, 19.025, 29.03,  0.0,  0.0,  0.225, 332.53,  0.170, 316.66,  0.099, 334.21,  0.149, 317.18,  0.103, 301.53,  0.103, 274.44,  0.108, 291.80,  0.204, 308.22,  0.103, 309.09,  0.185, 302.40,  0.174, 290.52,  0.227, 286.60,  0.209, 294.24,  0.229, 302.51,  0.159, 287.53,  0.065, 229.40,-99.000, -99.00,-99.000, -99.00,-99.000, -99.00,-99.000, -99.00,
8/24/2006 21:20:00, 13.3,275.8,  0.7,  3.6, 19.018, 29.03,  0.0,  0.0,  0.183, 320.75,  0.254, 294.65,  0.191, 326.56,  0.133, 341.16,  0.075, 333.78,  0.169, 295.20,  0.215, 281.52,  0.110, 304.99,  0.164, 298.75,  0.166, 271.38,  0.160, 283.34,  0.194, 284.97,  0.215, 281.52,  0.145, 290.56,  0.172, 310.06,  0.136, 296.57,-99.000, -99.00,-99.000, -99.00,-99.000, -99.00,-99.000, -99.00,
8/24/2006 21:25:00, 13.3,275.8,  0.6,  3.6, 19.025, 29.03,  0.0,  0.0,  0.247, 301.44,  0.255, 326.50,  0.248, 320.40,  0.239, 310.42,  0.168, 259.36,  0.132, 257.33,  0.070, 314.42,  0.136, 298.44,  0.187, 276.75,  0.149, 258.39,  0.117, 285.34,  0.205, 291.44,  0.186, 298.91,  0.244, 287.69,  0.238, 294.84,  0.189, 291.41,-99.000, -99.00,-99.000, -99.00,-99.000, -99.00,-99.000, -99.00,
8/24/2006 21:30:00, 13.3,275.7,  0.7,  3.6, 19.029, 29.03,  0.0,  0.0,  0.152, 341.21,  0.166, 298.89,  0.102, 318.18,  0.141, 314.71,  0.111, 314.64,  0.191, 320.73,  0.120, 290.56,  0.127, 268.65,  0.222, 268.45,  0.229, 263.49,  0.193, 286.27,  0.134, 310.46,  0.172, 292.98,  0.180, 290.15,  0.196, 306.69,  0.133, 234.76,-99.000, -99.00,-99.000, -99.00,-99.000, -99.00,-99.000, -99.00,
8/24/2006 21:35:00, 13.3,275.7,  0.7,  3.6, 19.026, 29.02,  0.0,  0.0,  0.198, 305.94,  0.145, 303.47,  0.209, 304.07,  0.165, 285.80,  0.132, 298.12,  0.188, 293.84,  0.104, 281.63,  0.155, 285.74,  0.184, 290.01,  0.202, 275.96,  0.178, 262.91,  0.154, 273.72,  0.140, 289.98,  0.240, 293.79,  0.110, 285.80,  0.089, 248.32,-99.000, -99.00,-99.000, -99.00,-99.000, -99.00,-99.000, -99.00,
8/24/2006 21:40:00, 13.3,275.7,  0.7,  3.6, 19.026, 29.02,  0.0,  0.0,  0.114, 328.26,  0.132, 302.01,  0.190, 288.72,  0.193, 320.04,  0.075, 282.36,  0.109, 296.10,  0.109, 299.16,  0.068, 293.53,  0.105, 280.45,  0.177, 295.11,  0.121, 293.82,  0.144, 292.47,  0.126, 300.03,  0.159, 298.18,  0.177, 314.32,  0.081, 294.03,-99.000, -99.00,-99.000, -99.00,-99.000, -99.00,-99.000, -99.00,
8/24/2006 21:45:00, 13.3,275.7,  0.7,  3.6, 19.027, 29.02,  0.0,  0.0,  0.177, 340.54,  0.193, 299.89,  0.085, 321.65,  0.222, 296.80,  0.244, 298.35,  0.198, 285.87,  0.210, 275.74,  0.203, 265.19,  0.187, 271.53,  0.270, 292.00,  0.249, 297.49,  0.221, 293.44,  0.150, 287.10,  0.113, 261.87,  0.129, 279.39,  0.125, 305.22,-99.000, -99.00,-99.000, -99.00,-99.000, -99.00,-99.000, -99.00,
8/24/2006 21:50:00, 13.3,275.8,  0.7,  3.6, 19.020, 29.01,  0.0,  0.0,  0.178, 324.16,  0.177, 303.96,  0.185, 301.28,  0.144, 282.01,  0.142, 318.13,  0.150, 296.57,  0.164, 273.14,  0.220, 298.55,  0.201, 291.59,  0.101, 305.74,  0.184, 304.38,  0.129, 299.14,  0.143, 320.40,  0.154, 327.76,  0.178, 319.33,  0.151, 308.01,-99.000, -99.00,-99.000, -99.00,-99.000, -99.00,-99.000, -99.00,
8/24/2006 21:55:00, 13.3,275.7,  0.7,  3.6, 19.011, 29.01,  0.0,  0.0,  0.181, 332.73,  0.280, 310.80,  0.210, 309.60,  0.143, 317.27,  0.165, 276.26,  0.073, 274.70,  0.183, 274.40,  0.215, 282.88,  0.129, 281.66,  0.155, 285.74,  0.167, 274.11,  0.179, 299.15,  0.234, 309.46,  0.145, 307.42,  0.093, 314.13,  0.144, 256.74,-99.000, -99.00,-99.000, -99.00,-99.000, -99.00,-99.000, -99.00,
8/24/2006 22:00:00, 13.3,275.7,  0.6,  3.6, 19.020, 29.01,  0.0,  0.0,  0.175, 313.38,  0.230, 310.76,  0.106, 293.91,  0.206, 279.78,  0.164, 260.88,  0.172, 272.33,  0.247, 275.34,  0.178, 275.17,  0.246, 276.78,  0.110, 282.64,  0.120, 296.78,  0.089, 281.69,  0.053, 318.81,  0.091, 343.97,  0.088, 335.18,  0.170, 286.08,-99.000, -99.00,-99.000, -99.00,-99.000, -99.00,-99.000, -99.00,
8/24/2006 22:05:00, 13.3,275.7,  0.7,  3.6, 19.022, 29.00,  0.0,  0.0,  0.206, 305.93,  0.205, 322.13,  0.133, 310.14,  0.199, 305.60,  0.113, 291.80,  0.154, 313.15,  0.158, 307.81,  0.260, 290.04,  0.101, 264.91,  0.055, 309.81,  0.165, 302.63,  0.190, 298.59,  0.209, 292.16,  0.156, 298.70,  0.150, 307.71,  0.072, 275.55,-99.000, -99.00,-99.000, -99.00,-99.000, -99.00,-99.000, -99.00,
8/24/2006 22:10:00, 13.3,275.7,  0.7,  3.6, 19.025, 29.01,  0.0,  0.0,  0.159, 329.41,  0.238, 305.96,  0.098, 310.86,  0.088, 252.18,  0.157, 292.14,  0.110, 282.02,  0.168, 272.73,  0.231, 274.47,  0.192, 288.53,  0.182, 286.64,  0.154, 287.02,  0.145, 300.28,  0.231, 290.24,  0.089, 282.95,  0.109, 316.49,  0.168, 291.23,-99.000, -99.00,-99.000, -99.00,-99.000, -99.00,-99.000, -99.00,
8/24/2006 22:15:00, 13.3,275.8,  0.6,  3.6, 19.020, 29.00,  0.0,  0.0,  0.222, 317.92,  0.180, 320.19,  0.121, 306.59,  0.052, 311.91,  0.115, 286.70,  0.101, 237.09,  0.139, 280.75,  0.112, 274.59,  0.114, 259.38,  0.119, 285.09,  0.110, 282.02,  0.120, 277.18,  0.078, 275.86,  0.112, 292.66,  0.133, 303.33,  0.097, 225.42,-99.000, -99.00,-99.000, -99.00,-99.000, -99.00,-99.000, -99.00,
8/24/2006 22:20:00, 13.3,275.8,  0.6,  3.6, 19.018, 29.01,  0.0,  0.0,  0.165, 288.76,  0.186, 327.08,  0.096, 340.43,  0.176, 305.05,  0.103, 290.56,  0.118, 247.12,  0.170, 294.30,  0.168, 293.06,  0.138, 263.75,  0.236, 261.73,  0.174, 273.62,  0.081, 282.14,  0.128, 315.32,  0.224, 302.06,  0.212, 300.55,  0.154, 274.86,-99.000, -99.00,-99.000, -99.00,-99.000, -99.00,-99.000, -99.00,
8/24/2006 22:25:00, 13.3,275.8,  0.7,  3.6, 19.015, 29.00,  0.0,  0.0,  0.190, 335.06,  0.197, 290.83,  0.083, 287.56,  0.183, 279.41,  0.153, 300.26,  0.175, 277.90,  0.155, 286.45,  0.133, 311.02,  0.135, 284.14,  0.175, 270.00,  0.128, 259.22,  0.120, 289.04,  0.157, 293.63,  0.117, 270.98,  0.115, 316.41,  0.093, 286.28,-99.000, -99.00,-99.000, -99.00,-99.000, -99.00,-99.000, -99.00,
8/24/2006 22:30:00, 13.3,275.7,  0.7,  3.6, 19.013, 29.00,  0.0,  0.0,  0.169, 311.89,  0.189, 301.17,  0.143, 288.31,  0.165, 289.86,  0.122, 278.92,  0.129, 240.64,  0.140, 253.77,  0.222, 249.69,  0.220, 265.82,  0.136, 285.37,  0.162, 276.38,  0.174, 288.43,  0.261, 310.65,  0.243, 284.04,  0.152, 294.88,  0.073, 231.71,-99.000, -99.00,-99.000, -99.00,-99.000, -99.00,-99.000, -99.00,
8/24/2006 22:35:00, 13.3,275.8,  0.7,  3.6, 19.002, 29.00,  0.0,  0.0,  0.098, 267.08,  0.238, 302.49,  0.134, 254.82,  0.113, 247.07,  0.085, 289.29,  0.134, 290.06,  0.157, 290.51,  0.103, 315.78,  0.077, 341.80,  0.075, 293.50,  0.169, 283.38,  0.054, 343.91,  0.127, 283.71,  0.094, 306.75,  0.052, 326.00,  0.150, 242.58,-99.000, -99.00,-99.000, -99.00,-99.000, -99.00,-99.000, -99.00,
8/24/2006 22:40:00, 13.3,275.8,  0.6,  3.6, 19.016, 29.00,  0.0,  0.0,  0.024, 262.87,  0.241, 320.89,  0.182, 284.65,  0.071, 283.06,  0.105, 294.13,  0.083, 270.69,  0.045, 275.08,  0.111, 263.26,  0.130, 248.36,  0.062, 268.15,  0.164, 278.08,  0.138, 286.86,  0.203, 299.22,  0.144, 296.03,  0.129, 313.43,  0.106, 297.05,-99.000, -99.00,-99.000, -99.00,-99.000, -99.00,-99.000, -99.00,
8/24/2006 22:45:00, 13.3,275.8,  0.7,  3.6, 18.999, 29.00,  0.0,  0.0,  0.136, 280.98,  0.175, 327.86,  0.124, 305.48,  0.188, 263.90,  0.147, 284.13,  0.098, 260.06,  0.126, 258.06,  0.108, 238.67,  0.139, 276.20,  0.105, 263.42,  0.075, 282.36,  0.138, 295.27,  0.169, 296.41,  0.150, 290.74,  0.090, 323.13,  0.192, 278.09,-99.000, -99.00,-99.000, -99.00,-99.000, -99.00,-99.000, -99.00,
8/24/2006 22:50:00, 13.3,275.7,  0.7,  3.6, 18.999, 29.00,  0.0,  0.0,  0.091, 314.56,  0.151, 293.35,  0.214, 303.17,  0.128, 264.60,  0.150, 261.17,  0.139, 260.06,  0.142, 292.77,  0.125, 274.57,  0.131, 286.91,  0.121, 280.94,  0.150, 304.11,  0.101, 290.96,  0.051, 290.56,  0.120, 300.64,  0.110, 344.20,  0.059, 358.06,-99.000, -99.00,-99.000, -99.00,-99.000, -99.00,-99.000, -99.00,
8/24/2006 22:55:00, 13.3,275.7,  0.7,  3.6, 18.995, 29.01,  0.0,  0.0,  0.125, 287.27,  0.259, 295.18,  0.110, 307.60,  0.192, 267.02,  0.089, 282.95,  0.137, 269.16,  0.082, 279.81,  0.080, 286.63,  0.054, 276.34,  0.132, 263.90,  0.099, 288.80,  0.089, 257.05,  0.053, 262.48,  0.113, 292.27,  0.123, 313.03,  0.077, 272.97,-99.000, -99.00,-99.000, -99.00,-99.000, -99.00,-99.000, -99.00,
8/24/2006 23:00:00, 13.3,275.8,  0.7,  3.6, 19.003, 29.01,  0.0,  0.0,  0.172, 339.99,  0.089, 302.07,  0.142, 312.14,  0.101, 264.35,  0.115, 262.01,  0.174, 259.40,  0.178, 263.23,  0.183, 302.74,  0.179, 297.28,  0.144, 293.72,  0.152, 309.13,  0.063, 310.50,  0.036, 202.99,  0.053, 231.17,  0.134, 297.14,  0.138, 212.54,-99.000, -99.00,-99.000, -99.00,-99.000, -99.00,-99.000, -99.00,
8/24/2006 23:05:00, 13.3,275.7,  0.7,  3.6, 19.000, 29.01,  0.0,  0.0,  0.086, 275.97,  0.204, 315.99,  0.154, 279.34,  0.106, 291.50,  0.107, 304.73,  0.145, 277.13,  0.073, 270.00,  0.039, 270.00,  0.075, 326.94,  0.056, 257.69,  0.133, 307.99,  0.174, 305.88,  0.109, 333.20,  0.067, 249.15,  0.117, 282.85,  0.127, 264.56,-99.000, -99.00,-99.000, -99.00,-99.000, -99.00,-99.000, -99.00,
8/24/2006 23:10:00, 13.3,275.8,  0.6,  3.6, 18.998, 29.01,  0.0,  0.0,  0.098, 329.24,  0.185, 293.93,  0.063, 293.32,  0.134, 269.14,  0.214, 258.95,  0.184, 254.53,  0.086, 253.04,  0.056, 277.13,  0.107, 281.83,  0.197, 288.99,  0.067, 258.02,  0.080, 252.47,  0.168, 265.91,  0.089, 281.06,  0.085, 290.79,  0.029, 310.82,-99.000, -99.00,-99.000, -99.00,-99.000, -99.00,-99.000, -99.00,
8/24/2006 23:15:00, 13.3,275.7,  0.7,  3.6, 18.989, 29.01,  0.0,  0.0,  0.140, 299.13,  0.150, 319.07,  0.225, 299.87,  0.065, 310.03,  0.075, 230.39,  0.093, 224.13,  0.095, 295.49,  0.083, 258.83,  0.079, 277.31,  0.200, 285.36,  0.088, 260.86,  0.102, 261.00,  0.054,  12.76,  0.060, 358.09,  0.146, 304.99,  0.038, 324.64,-99.000, -99.00,-99.000, -99.00,-99.000, -99.00,-99.000, -99.00,
8/24/2006 23:20:00, 13.3,275.8,  0.6,  3.6, 18.985, 29.00,  0.0,  0.0,  0.205, 318.76,  0.184, 311.04,  0.108, 288.43,  0.177, 281.06,  0.077, 279.71,  0.118, 280.74,  0.275, 277.75,  0.110, 279.98,  0.148, 295.18,  0.126, 279.16,  0.152, 281.38,  0.142, 280.52,  0.142, 299.64,  0.158, 308.32,  0.107, 353.54,  0.098, 194.18,-99.000, -99.00,-99.000, -99.00,-99.000, -99.00,-99.000, -99.00,
8/24/2006 23:25:00, 13.3,275.7,  0.7,  3.6, 18.977, 29.00,  0.0,  0.0,  0.135, 321.60,  0.143, 338.65,  0.172, 284.44,  0.130, 282.43,  0.087, 264.75,  0.038, 251.57,  0.096, 282.01,  0.152, 263.58,  0.196, 270.58,  0.178, 265.16,  0.046, 267.51,  0.176, 324.69,  0.187, 302.33,  0.094, 303.69,  0.148, 316.37,  0.113, 310.33,-99.000, -99.00,-99.000, -99.00,-99.000, -99.00,-99.000, -99.00,
8/24/2006 23:30:00, 13.3,275.8,  0.6,  3.6, 18.965, 29.00,  0.0,  0.0,  0.194, 285.26,  0.194, 291.80,  0.055, 289.09,  0.144, 255.09,  0.159, 258.41,  0.202, 278.53,  0.102, 271.12,  0.087, 274.60,  0.105, 267.27,  0.069, 246.04,  0.093, 245.91,  0.131, 299.31,  0.100, 284.45,  0.115, 275.51,  0.093, 270.62,  0.151, 294.19,-99.000, -99.00,-99.000, -99.00,-99.000, -99.00,-99.000, -99.00,
8/24/2006 23:35:00, 13.3,275.7,  0.7,  3.6, 18.963, 29.00,  0.0,  0.0,  0.183, 294.47,  0.135, 240.78,  0.136, 279.74,  0.157, 315.52,  0.164, 284.12,  0.138, 303.46,  0.121, 259.53,  0.149, 270.00,  0.139, 249.73,  0.120, 299.33,  0.170, 295.36,  0.056, 300.26,  0.080, 288.21,  0.089, 293.96,  0.038, 326.73,  0.063, 270.91,-99.000, -99.00,-99.000, -99.00,-99.000, -99.00,-99.000, -99.00,
8/24/2006 23:40:00, 13.3,275.7,  0.7,  3.6, 18.949, 29.00,  0.0,  0.0,  0.140, 333.80,  0.211, 279.02,  0.080, 308.44,  0.094, 217.23,  0.121, 319.71,  0.102, 293.79,  0.201, 270.29,  0.177, 289.87,  0.174, 270.66,  0.125, 303.56,  0.078, 231.23,  0.124, 272.31,  0.176, 308.76,  0.152, 304.00,  0.157, 319.64,  0.123, 275.11,-99.000, -99.00,-99.000, -99.00,-99.000, -99.00,-99.000, -99.00,
8/24/2006 23:45:00, 13.3,275.7,  0.7,  3.6, 18.945, 29.00,  0.0,  0.0,  0.143, 307.91,  0.113, 293.40,  0.068, 296.19,  0.148, 270.00,  0.157, 273.28,  0.069, 249.73,  0.049, 278.30,  0.153, 237.24,  0.050, 267.71,  0.042, 256.29,  0.068, 310.24,  0.126, 303.69,  0.218, 299.16,  0.106, 315.76,  0.179, 315.68,  0.102, 236.15,-99.000, -99.00,-99.000, -99.00,-99.000, -99.00,-99.000, -99.00,
8/24/2006 23:50:00, 13.3,275.7,  0.7,  3.6, 18.944, 29.00,  0.0,  0.0,  0.170, 272.02,  0.212, 257.47,  0.055, 280.49,  0.109, 242.73,  0.091, 250.18,  0.077, 199.60,  0.096, 239.96,  0.099, 241.62,  0.063, 254.43,  0.062, 309.81,  0.155, 317.35,  0.133, 270.43,  0.107, 266.79,  0.038, 294.57,  0.053, 291.19,  0.071, 234.74,-99.000, -99.00,-99.000, -99.00,-99.000, -99.00,-99.000, -99.00,
8/24/2006 23:55:00, 13.3,275.8,  0.7,  3.6, 18.940, 29.00,  0.0,  0.0,  0.128, 273.13,  0.091,   7.59,  0.089, 301.73,  0.046, 306.12,  0.208, 281.96,  0.115, 263.99,  0.149, 268.46,  0.193, 255.60,  0.079, 223.98,  0.105, 228.09,  0.062, 230.19,  0.031, 210.65,  0.106, 259.11,  0.135, 304.75,  0.107, 349.22,  0.140, 265.07,-99.000, -99.00,-99.000, -99.00,-99.000, -99.00,-99.000, -99.00,
8/25/2006 00:00:00, 13.3,275.8,  0.7,  3.6, 18.935, 29.00,  0.0,  0.0,  0.097, 291.80,  0.143, 265.60,  0.126, 262.71,  0.112, 282.42,  0.050, 246.50,  0.103, 261.09,  0.100, 261.95,  0.056, 263.88,  0.085, 248.57,  0.095, 289.78,  0.074, 283.28,  0.138, 266.27,  0.036, 281.31,  0.071, 330.55,  0.096, 320.50,  0.067, 207.72,-99.000, -99.00,-99.000, -99.00,-99.000, -99.00,-99.000, -99.00,
8/25/2006 00:05:00, 13.3,275.8,  0.7,  3.6, 18.938, 29.00,  0.0,  0.0,  0.159, 296.57,  0.080, 267.14,  0.069, 302.54,  0.020, 357.14,  0.136, 285.77,  0.168, 251.57,  0.099, 262.44,  0.071, 279.73,  0.074, 193.28,  0.046, 244.00,  0.087, 284.68,  0.083, 250.91,  0.121, 278.06,  0.139, 312.96,  0.094, 295.75,  0.094, 197.28,-99.000, -99.00,-99.000, -99.00,-99.000, -99.00,-99.000, -99.00,
8/25/2006 00:10:00, 13.3,275.8,  0.7,  3.6, 18.935, 29.00,  0.0,  0.0,  0.054, 343.91,  0.033, 273.47,  0.111, 239.04,  0.069, 329.74,  0.134, 308.93,  0.053, 231.84,  0.053, 297.05,  0.030, 258.31,  0.089, 302.62,  0.080, 288.89,  0.033, 284.04,  0.046, 282.53,  0.031, 193.13,  0.064, 124.19,  0.074,  36.71,  0.024,  48.37,-99.000, -99.00,-99.000, -99.00,-99.000, -99.00,-99.000, -99.00,
8/25/2006 00:15:00, 13.3,275.7,  0.6,  3.6, 18.920, 29.00,  0.0,  0.0,  0.048, 338.20,  0.113, 247.07,  0.109, 316.49,  0.088, 265.45,  0.061, 277.59,  0.105, 270.00,  0.085, 214.44,  0.133, 265.70,  0.046, 242.88,  0.077, 215.97,  0.031, 215.75,  0.079, 289.12,  0.075, 271.53,  0.137, 296.00,  0.082, 334.69,  0.032, 282.72,-99.000, -99.00,-99.000, -99.00,-99.000, -99.00,-99.000, -99.00,
8/25/2006 00:20:00, 13.3,275.7,  0.7,  3.6, 18.924, 29.00,  0.0,  0.0,  0.065, 257.47,  0.082, 300.61,  0.112, 290.38,  0.059, 183.88,  0.070, 222.11,  0.065, 251.29,  0.062, 270.00,  0.075, 258.39,  0.038, 208.61,  0.051, 288.43,  0.076, 290.82,  0.119, 297.42,  0.122, 269.53,  0.046, 265.03,  0.077, 275.19,  0.096, 246.10,-99.000, -99.00,-99.000, -99.00,-99.000, -99.00,-99.000, -99.00,
8/25/2006 00:25:00, 13.3,275.7,  0.7,  3.6, 18.916, 28.99,  0.0,  0.0,  0.036, 329.86,  0.131, 259.89,  0.080, 302.69,  0.118, 225.34,  0.000,   0.00,  0.036,  99.46,  0.119, 219.56,  0.072, 245.22,  0.093, 217.98,  0.103, 291.60,  0.042, 285.02,  0.047, 137.56,  0.037, 290.38,  0.055, 281.51,  0.025, 328.24,  0.111, 193.03,-99.000, -99.00,-99.000, -99.00,-99.000, -99.00,-99.000, -99.00,
8/25/2006 00:30:00, 13.3,275.8,  0.7,  3.6, 18.908, 28.99,  0.0,  0.0,  0.078, 300.84,  0.068, 312.61,  0.068, 320.95,  0.138, 235.04,  0.084, 270.68,  0.035, 263.48,  0.077, 270.00,  0.120, 282.06,  0.147, 305.86,  0.041, 254.62,  0.085, 307.82,  0.052, 200.17,  0.109, 278.95,  0.069, 300.68,  0.102, 296.31,  0.079, 246.04,-99.000, -99.00,-99.000, -99.00,-99.000, -99.00,-99.000, -99.00,
8/25/2006 00:35:00, 13.2,275.8,  0.7,  3.6, 18.899, 28.99,  0.0,  0.0,  0.116, 289.06,  0.119, 334.52,  0.104, 285.64,  0.056, 254.48,  0.044, 273.90,  0.069, 181.66,  0.057, 184.01,  0.060, 191.50,  0.140, 216.87,  0.134, 248.99,  0.124, 287.41,  0.128, 283.06,  0.093, 290.19,  0.025, 260.91,  0.105, 294.13,  0.109, 261.57,-99.000, -99.00,-99.000, -99.00,-99.000, -99.00,-99.000, -99.00,
8/25/2006 00:40:00, 13.2,275.7,  0.7,  3.6, 18.898, 28.99,  0.0,  0.0,  0.084, 218.23,  0.045, 345.96,  0.060, 258.50,  0.073, 240.26,  0.123, 262.53,  0.053, 187.52,  0.122, 240.49,  0.066, 255.12,  0.086, 255.80,  0.086, 213.14,  0.054, 249.57,  0.100, 277.48,  0.009, 353.66,  0.057, 331.63,  0.158, 318.85,  0.129, 270.44,-99.000, -99.00,-99.000, -99.00,-99.000, -99.00,-99.000, -99.00,
8/25/2006 00:45:00, 13.2,275.7,  0.7,  3.6, 18.885, 28.99,  0.0,  0.0,  0.086, 323.53,  0.059, 288.74,  0.085, 300.50,  0.040, 315.00,  0.023, 254.74,  0.004, 303.69,  0.078,  82.60,  0.046,   0.00,  0.043, 203.55,  0.091, 189.46,  0.048,   3.58,  0.033, 317.49,  0.023, 127.87,  0.108, 287.76,  0.040, 299.74,  0.040,  82.87,-99.000, -99.00,-99.000, -99.00,-99.000, -99.00,-99.000, -99.00,
8/25/2006 00:50:00, 13.2,275.8,  0.7,  3.6, 18.880, 28.99,  0.0,  0.0,  0.097, 272.95,  0.022, 125.84,  0.034,  15.26,  0.048,  58.63,  0.090, 316.35,  0.047, 248.88,  0.082, 328.44,  0.102, 306.19,  0.046, 281.31,  0.085, 264.62,  0.096, 222.47,  0.093, 251.18,  0.039, 309.81,  0.065, 281.48,  0.090, 268.09,  0.122, 231.34,-99.000, -99.00,-99.000, -99.00,-99.000, -99.00,-99.000, -99.00,
8/25/2006 00:55:00, 13.2,275.7,  0.7,  3.6, 18.880, 28.94,  0.0,  0.0,  0.063, 103.82,  0.150, 201.45,  0.101, 203.27,  0.023, 279.87,  0.062, 230.91,  0.062,  50.91,  0.089,  28.00,  0.085,  32.94,  0.065,   0.00,  0.047,  34.70,  0.053, 318.81,  0.055, 294.70,  0.036, 302.35,  0.067,  35.84,  0.133, 294.84,  0.094, 254.64,-99.000, -99.00,-99.000, -99.00,-99.000, -99.00,-99.000, -99.00,
8/25/2006 01:00:00, 13.2,275.8,  0.7,  3.6, 18.872, 28.90,  0.0,  0.0,  0.134, 210.60,  0.107, 248.69,  0.118, 169.74,  0.040, 154.72,  0.065, 119.31,  0.042, 282.38,  0.101, 310.97,  0.081, 260.07,  0.015, 317.73,  0.097, 205.77,  0.107, 314.62,  0.096, 347.99,  0.067,  21.96,  0.074, 319.40,  0.050, 344.85,  0.090, 243.72,-99.000, -99.00,-99.000, -99.00,-99.000, -99.00,-99.000, -99.00,
8/25/2006 01:05:00, 13.2,275.8,  0.7,  3.6, 18.874, 28.86,  0.0,  0.0,  0.092, 158.20,  0.041,  92.79,  0.076, 152.42,  0.055, 149.22,  0.074, 169.90,  0.005, 101.31,  0.038,  26.57,  0.034, 323.47,  0.021,  81.87,  0.033,  38.93,  0.069, 328.61,  0.047, 302.01,  0.021, 324.78,  0.088, 272.60,  0.012, 239.04,  0.083, 272.07,-99.000, -99.00,-99.000, -99.00,-99.000, -99.00,-99.000, -99.00,
8/25/2006 01:10:00, 13.2,275.7,  0.7,  3.6, 18.856, 28.84,  0.0,  0.0,  0.073, 128.90,  0.102,  26.06,  0.033, 211.26,  0.070, 175.10,  0.088, 160.13,  0.019,  55.49,  0.025, 173.16,  0.026, 144.46,  0.039, 256.68,  0.044, 166.91,  0.043, 173.37,  0.033, 231.07,  0.069, 259.18,  0.025, 293.50,  0.106, 310.01,  0.097, 263.46,-99.000, -99.00,-99.000, -99.00,-99.000, -99.00,-99.000, -99.00,
8/25/2006 01:15:00, 13.2,275.8,  0.7,  3.6, 18.852, 28.83,  0.0,  0.0,  0.058, 210.11,  0.107, 148.39,  0.048, 159.30,  0.136, 222.02,  0.060, 165.50,  0.135, 154.96,  0.053, 159.19,  0.083, 135.00,  0.051, 138.18,  0.024, 242.35,  0.080, 291.14,  0.016, 304.70,  0.024, 284.62,  0.064, 327.05,  0.055, 320.19,  0.103, 214.77,-99.000, -99.00,-99.000, -99.00,-99.000, -99.00,-99.000, -99.00,
8/25/2006 01:20:00, 13.2,275.7,  0.7,  3.6, 18.844, 28.81,  0.0,  0.0,  0.049, 180.00,  0.125,  88.17,  0.123, 114.06,  0.079, 150.52,  0.080, 187.21,  0.067, 163.47,  0.102, 110.03,  0.081, 128.99,  0.058, 152.10,  0.059, 306.10,  0.030, 291.45,  0.034,  90.00,  0.013,  51.34,  0.039, 337.38,  0.066, 307.57,  0.133, 229.86,-99.000, -99.00,-99.000, -99.00,-99.000, -99.00,-99.000, -99.00,
8/25/2006 01:25:00, 13.2,275.6,  0.7,  3.6, 18.838, 28.80,  0.0,  0.0,  0.077, 125.54,  0.106, 123.09,  0.081, 236.11,  0.036,  94.76,  0.069, 277.54,  0.071, 200.75,  0.070, 154.54,  0.066,  97.88,  0.015, 216.87,  0.033, 188.62,  0.053, 150.52,  0.052, 199.13,  0.073, 189.46,  0.057,   8.13,  0.059,  59.53,  0.073, 193.47,-99.000, -99.00,-99.000, -99.00,-99.000, -99.00,-99.000, -99.00,
8/25/2006 01:30:00, 13.2,275.7,  0.7,  3.6, 18.831, 28.79,  0.0,  0.0,  0.074, 106.48,  0.091, 138.58,  0.106, 162.94,  0.074, 128.42,  0.175, 156.80,  0.038, 225.00,  0.075, 100.71,  0.153, 145.38,  0.038,  25.20,  0.107, 113.69,  0.041, 136.97,  0.020, 210.47,  0.062, 304.46,  0.076, 273.76,  0.017, 144.46,  0.045, 200.85,-99.000, -99.00,-99.000, -99.00,-99.000, -99.00,-99.000, -99.00,
8/25/2006 01:35:00, 13.2,275.7,  0.7,  3.6, 18.819, 28.79,  0.0,  0.0,  0.128, 104.90,  0.080,  39.90,  0.098, 103.61,  0.103, 114.08,  0.056, 241.14,  0.091, 185.65,  0.112, 153.43,  0.099, 139.09,  0.127, 145.56,  0.003,  18.43,  0.016, 277.13,  0.105,  96.04,  0.062,  57.60,  0.082,  90.00,  0.057,  13.30,  0.042, 106.70,-99.000, -99.00,-99.000, -99.00,-99.000, -99.00,-99.000, -99.00,
8/25/2006 01:40:00, 13.2,275.7,  0.6,  3.6, 18.818, 28.78,  0.0,  0.0,  0.082,  82.27,  0.129,  80.61,  0.122, 132.02,  0.143, 125.02,  0.132, 135.62,  0.144, 162.57,  0.059, 148.20,  0.067, 155.34,  0.137, 118.81,  0.041, 147.85,  0.061, 156.80,  0.095, 244.51,  0.057, 225.00,  0.088, 281.82,  0.039, 297.22,  0.027, 248.20,-99.000, -99.00,-99.000, -99.00,-99.000, -99.00,-99.000, -99.00,
8/25/2006 01:45:00, 13.2,275.7,  0.7,  3.6, 18.812, 28.77,  0.0,  0.0,  0.082, 149.39,  0.102, 132.61,  0.122, 112.58,  0.083, 118.72,  0.144, 160.56,  0.077, 228.67,  0.184, 148.98,  0.113, 202.27,  0.037, 175.36,  0.109, 121.05,  0.049, 142.43,  0.103,  89.44,  0.053,  44.24,  0.034,  69.44,  0.060, 343.66,  0.116, 303.00,-99.000, -99.00,-99.000, -99.00,-99.000, -99.00,-99.000, -99.00,
8/25/2006 01:50:00, 13.2,275.8,  0.7,  3.6, 18.803, 28.76,  0.0,  0.0,  0.135, 112.20,  0.135, 121.33,  0.135, 121.33,  0.070, 122.09,  0.041, 150.95,  0.131, 150.69,  0.083, 124.26,  0.091, 183.77,  0.103, 123.54,  0.098, 118.14,  0.088, 117.73,  0.029,  74.05,  0.048,  49.27,  0.031,  19.03,  0.026,  76.50,  0.093, 264.47,-99.000, -99.00,-99.000, -99.00,-99.000, -99.00,-99.000, -99.00,
8/25/2006 01:55:00, 13.2,275.7,  0.6,  3.6, 18.810, 28.75,  0.0,  0.0,  0.105, 136.92,  0.133, 137.44,  0.152, 129.66,  0.210, 117.78,  0.158, 148.73,  0.098, 119.45,  0.076, 152.76,  0.084,  92.73,  0.101, 137.80,  0.052,  75.43,  0.121,  80.93,  0.063, 218.52,  0.097, 165.11,  0.029,  77.91,  0.032,  32.20,  0.118, 190.74,-99.000, -99.00,-99.000, -99.00,-99.000, -99.00,-99.000, -99.00,
8/25/2006 02:00:00, 13.2,275.8,  0.6,  3.6, 18.796, 28.74,  0.0,  0.0,  0.094,  75.82,  0.098, 134.17,  0.066, 102.15,  0.138, 116.19,  0.140, 129.49,  0.060, 150.02,  0.033, 164.29,  0.038, 103.67,  0.058, 140.57,  0.055, 171.57,  0.094, 122.85,  0.022, 174.81,  0.061, 152.59,  0.067, 202.75,  0.031, 308.37,  0.088, 352.15,-99.000, -99.00,-99.000, -99.00,-99.000, -99.00,-99.000, -99.00,
8/25/2006 02:05:00, 13.2,275.7,  0.7,  3.6, 18.793, 28.74,  0.0,  0.0,  0.067, 138.01,  0.134,  99.46,  0.205, 107.64,  0.166, 110.39,  0.152,  90.00,  0.068, 133.81,  0.060, 178.09,  0.135, 107.23,  0.168, 129.94,  0.116, 105.47,  0.103, 110.56,  0.064, 115.77,  0.055, 132.06,  0.057, 257.91,  0.006, 270.00,  0.082, 203.11,-99.000, -99.00,-99.000, -99.00,-99.000, -99.00,-99.000, -99.00,
8/25/2006 02:10:00, 13.2,275.7,  0.7,  3.6, 18.788, 28.73,  0.0,  0.0,  0.226, 108.27,  0.212, 103.06,  0.150, 117.76,  0.122, 142.66,  0.203, 111.38,  0.117, 142.64,  0.184, 135.88,  0.083,  94.13,  0.174, 141.29,  0.211, 135.19,  0.198, 138.27,  0.074, 120.03,  0.080, 137.53,  0.117, 105.81,  0.100, 110.42,  0.033, 223.78,-99.000, -99.00,-99.000, -99.00,-99.000, -99.00,-99.000, -99.00,
8/25/2006 02:15:00, 13.2,275.7,  0.7,  3.6, 18.782, 28.73,  0.0,  0.0,  0.088, 120.63,  0.114, 103.18,  0.162,  90.00,  0.154, 115.73,  0.237, 113.33,  0.138, 124.96,  0.110, 114.70,  0.089, 140.03,  0.155, 108.43,  0.080,  77.70,  0.021, 340.71,  0.088, 268.05,  0.048, 279.66,  0.100, 275.14,  0.031, 277.35,  0.079, 297.22,-99.000, -99.00,-99.000, -99.00,-99.000, -99.00,-99.000, -99.00,
8/25/2006 02:20:00, 13.2,275.8,  0.7,  3.6, 18.768, 28.74,  0.0,  0.0,  0.273, 106.18,  0.246,  97.47,  0.306, 103.63,  0.264, 117.24,  0.184, 111.97,  0.118, 130.55,  0.170, 135.95,  0.103, 117.06,  0.005, 281.31,  0.103, 162.45,  0.015, 289.65,  0.042, 274.09,  0.092, 306.12,  0.071, 342.84,  0.104, 277.19,  0.128, 203.96,-99.000, -99.00,-99.000, -99.00,-99.000, -99.00,-99.000, -99.00,
8/25/2006 02:25:00, 13.2,275.7,  0.7,  3.6, 18.766, 28.75,  0.0,  0.0,  0.186, 118.91,  0.174, 101.25,  0.138, 117.12,  0.176, 114.82,  0.161,  77.43,  0.088,  70.74,  0.073,  90.00,  0.057,   6.01,  0.095,  53.97,  0.148,  55.45,  0.024, 112.25,  0.048, 220.73,  0.058, 250.94,  0.062, 230.19,  0.047, 215.39,  0.050, 323.13,-99.000, -99.00,-99.000, -99.00,-99.000, -99.00,-99.000, -99.00,
8/25/2006 02:30:00, 13.2,275.7,  0.7,  3.6, 18.753, 28.76,  0.0,  0.0,  0.134, 145.01,  0.116,  77.52,  0.199, 111.16,  0.157, 126.72,  0.158, 103.95,  0.188, 111.80,  0.145,  99.53,  0.091, 143.51,  0.172, 130.28,  0.207, 120.16,  0.117, 130.50,  0.111, 112.18,  0.190,  90.00,  0.039, 107.97,  0.060, 169.44,  0.046, 184.97,-99.000, -99.00,-99.000, -99.00,-99.000, -99.00,-99.000, -99.00,
8/25/2006 02:35:00, 13.2,275.8,  0.7,  3.6, 18.752, 28.76,  0.0,  0.0,  0.149, 142.36,  0.158, 124.40,  0.226, 132.85,  0.250, 124.90,  0.169, 141.71,  0.033,  61.11,  0.063,  65.48,  0.041, 330.95,  0.055, 345.20,  0.038,  91.51,  0.039,  90.00,  0.035,  66.37,  0.055,  96.23,  0.008, 277.13,  0.089,  73.61,  0.075, 350.04,-99.000, -99.00,-99.000, -99.00,-99.000, -99.00,-99.000, -99.00,
8/25/2006 02:40:00, 13.2,275.8,  0.6,  3.6, 18.742, 28.77,  0.0,  0.0,  0.220, 119.13,  0.163, 147.29,  0.111, 171.72,  0.074, 142.67,  0.076, 204.88,  0.071, 126.38,  0.082, 101.31,  0.089, 149.70,  0.156, 129.00,  0.129, 101.14,  0.076, 106.77,  0.047, 136.74,  0.101, 109.16,  0.060, 110.56,  0.020, 319.09,  0.074, 292.38,-99.000, -99.00,-99.000, -99.00,-99.000, -99.00,-99.000, -99.00,
8/25/2006 02:45:00, 13.2,275.8,  0.6,  3.6, 18.736, 28.77,  0.0,  0.0,  0.136, 190.57,  0.156, 134.48,  0.106, 109.29,  0.107, 176.79,  0.113, 156.60,  0.135, 145.84,  0.065, 199.83,  0.135, 182.54,  0.138, 258.28,  0.039, 172.69,  0.041, 119.05,  0.043, 156.45,  0.046, 204.34,  0.071, 258.69,  0.033, 252.12,  0.141, 291.27,-99.000, -99.00,-99.000, -99.00,-99.000, -99.00,-99.000, -99.00,
8/25/2006 02:50:00, 13.2,275.8,  0.7,  3.6, 18.750, 28.76,  0.0,  0.0,  0.071, 146.53,  0.096,  73.64,  0.081, 158.20,  0.093, 215.39,  0.136, 171.09,  0.148, 163.15,  0.087, 104.68,  0.032, 126.16,  0.039, 175.60,  0.067, 221.35,  0.001,   0.00,  0.021,   0.00,  0.032,  82.87,  0.105, 358.36,  0.150, 311.76,  0.111, 282.53,-99.000, -99.00,-99.000, -99.00,-99.000, -99.00,-99.000, -99.00,
8/25/2006 02:55:00, 13.2,275.7,  0.7,  3.6, 18.742, 28.76,  0.0,  0.0,  0.076, 224.46,  0.064, 202.96,  0.128, 178.66,  0.166, 208.89,  0.121, 214.22,  0.162, 237.88,  0.123, 251.57,  0.094, 224.57,  0.109, 272.63,  0.081, 315.00,  0.057, 322.13,  0.035,   1.64,  0.060, 287.53,  0.139, 288.43,  0.076, 346.33,  0.021, 244.65,-99.000, -99.00,-99.000, -99.00,-99.000, -99.00,-99.000, -99.00,
8/25/2006 03:00:00, 13.2,275.9,  0.7,  3.6, 18.737, 28.76,  0.0,  0.0,  0.129, 197.59,  0.149, 226.09,  0.097, 180.00,  0.113, 276.62,  0.045, 165.96,  0.041, 268.60,  0.065, 351.12,  0.054,  38.99,  0.014, 270.00,  0.017, 103.24,  0.114, 285.74,  0.081,   2.12,  0.122, 355.31,  0.177, 309.97,  0.158, 298.84,  0.089, 230.03,-99.000, -99.00,-99.000, -99.00,-99.000, -99.00,-99.000, -99.00,
8/25/2006 03:05:00, 13.2,275.7,  0.7,  3.6, 18.731, 28.76,  0.0,  0.0,  0.018, 160.56,  0.044,  93.90,  0.043,  68.20,  0.024, 138.37,  0.108, 269.47,  0.083, 209.66,  0.037, 336.19,  0.000,   0.00,  0.072, 296.21,  0.077, 245.43,  0.036, 329.86,  0.128, 310.55,  0.078, 326.51,  0.074,   4.64,  0.177, 305.58,  0.091, 268.11,-99.000, -99.00,-99.000, -99.00,-99.000, -99.00,-99.000, -99.00,
8/25/2006 03:10:00, 13.2,275.8,  0.7,  3.6, 18.715, 28.75,  0.0,  0.0,  0.035, 173.48,  0.065, 244.61,  0.044, 238.13,  0.097, 269.41,  0.088, 293.37,  0.054, 314.26,  0.084, 302.37,  0.073, 325.01,  0.068, 311.42,  0.096, 307.35,  0.132, 316.53,  0.132, 310.70,  0.115, 339.68,  0.176, 318.69,  0.108, 347.12,  0.060, 317.02,-99.000, -99.00,-99.000, -99.00,-99.000, -99.00,-99.000, -99.00,
8/25/2006 03:15:00, 13.2,275.8,  0.6,  3.6, 18.720, 28.75,  0.0,  0.0,  0.085,  81.87,  0.082, 303.11,  0.076, 270.00,  0.169, 275.10,  0.133, 264.81,  0.191, 272.10,  0.109, 286.60,  0.112, 318.62,  0.090, 273.81,  0.164, 295.31,  0.131, 309.41,  0.166, 314.27,  0.117, 333.65,  0.184, 324.50,  0.178, 351.28,  0.075, 302.01,-99.000, -99.00,-99.000, -99.00,-99.000, -99.00,-99.000, -99.00,
8/25/2006 03:20:00, 13.2,275.8,  0.7,  3.6, 18.718, 28.75,  0.0,  0.0,  0.036,  74.05,  0.077, 293.59,  0.085, 250.71,  0.113, 292.27,  0.155, 304.72,  0.106, 305.79,  0.131, 306.00,  0.140, 339.11,  0.131, 335.19,  0.120, 345.50,  0.193, 318.79,  0.169, 319.33,  0.106, 330.52,  0.170, 346.05,  0.126, 319.50,  0.134, 257.10,-99.000, -99.00,-99.000, -99.00,-99.000, -99.00,-99.000, -99.00,
8/25/2006 03:25:00, 13.2,275.8,  0.7,  3.6, 18.712, 28.75,  0.0,  0.0,  0.192, 302.86,  0.121, 297.63,  0.014, 248.96,  0.034,  16.86,  0.030,  11.69,  0.107, 297.76,  0.047, 281.07,  0.096, 317.12,  0.138, 304.38,  0.205, 338.20,  0.142, 357.58,  0.110, 358.96,  0.101, 347.47,  0.145, 351.25,  0.131,   2.19,  0.108, 328.67,-99.000, -99.00,-99.000, -99.00,-99.000, -99.00,-99.000, -99.00,
8/25/2006 03:30:00, 13.2,275.7,  0.7,  3.6, 18.707, 28.76,  0.0,  0.0,  0.097,  18.62,  0.081, 335.32,  0.071,  24.04,  0.064,  41.86,  0.159, 287.98,  0.124, 279.31,  0.042, 282.38,  0.126, 273.18,  0.053, 308.16,  0.069, 308.53,  0.044, 273.90,  0.112, 348.69,  0.174, 325.03,  0.184, 327.43,  0.201, 321.47,  0.127, 302.44,-99.000, -99.00,-99.000, -99.00,-99.000, -99.00,-99.000, -99.00,
8/25/2006 03:35:00, 13.2,275.7,  0.7,  3.6, 18.709, 28.77,  0.0,  0.0,  0.124, 267.23,  0.096, 332.10,  0.090, 299.43,  0.113, 288.11,  0.081, 345.79,  0.135, 305.34,  0.135, 334.96,  0.065, 356.48,  0.117,   4.89,  0.140, 342.99,  0.122, 347.68,  0.142, 353.13,  0.146,  15.46,  0.196,  16.87,  0.151, 353.91,  0.104, 261.71,-99.000, -99.00,-99.000, -99.00,-99.000, -99.00,-99.000, -99.00,
8/25/2006 03:40:00, 13.2,275.8,  0.7,  3.6, 18.704, 28.77,  0.0,  0.0,  0.043,  39.29,  0.063, 316.93,  0.156, 340.52,  0.162, 256.39,  0.099, 268.84,  0.129, 311.86,  0.085, 285.02,  0.094, 299.29,  0.084, 335.27,  0.101, 334.20,  0.124, 345.52,  0.135,   5.96,  0.140, 356.32,  0.193, 343.16,  0.198, 342.66,  0.094, 300.65,-99.000, -99.00,-99.000, -99.00,-99.000, -99.00,-99.000, -99.00,
8/25/2006 03:45:00, 13.2,275.8,  0.7,  3.6, 18.700, 28.78,  0.0,  0.0,  0.149,   3.07,  0.086, 322.07,  0.082, 352.27,  0.076, 334.11,  0.105, 266.73,  0.115, 286.70,  0.059, 336.93,  0.093, 270.00,  0.085, 301.08,  0.106, 323.02,  0.123, 335.94,  0.135, 327.14,  0.118,   0.00,  0.176, 341.15,  0.162, 326.60,  0.092, 262.49,-99.000, -99.00,-99.000, -99.00,-99.000, -99.00,-99.000, -99.00,
8/25/2006 03:50:00, 13.2,275.7,  0.6,  3.6, 18.699, 28.79,  0.0,  0.0,  0.060,  54.46,  0.161,   3.55,  0.193, 330.11,  0.162, 321.01,  0.163, 303.98,  0.144, 281.23,  0.068,   1.68,  0.112, 325.89,  0.168, 345.13,  0.090, 298.56,  0.125, 341.85,  0.173, 313.59,  0.150, 338.06,  0.136, 321.27,  0.113, 348.79,  0.123, 263.45,-99.000, -99.00,-99.000, -99.00,-99.000, -99.00,-99.000, -99.00,
8/25/2006 03:55:00, 13.2,275.7,  0.7,  3.6, 18.689, 28.80,  0.0,  0.0,  0.152,  19.98,  0.159, 324.71,  0.117, 358.53,  0.040, 354.29,  0.120, 319.40,  0.073, 312.22,  0.110, 308.33,  0.106, 316.53,  0.141, 350.60,  0.192, 359.40,  0.179, 345.11,  0.210, 348.21,  0.265, 337.60,  0.217, 347.50,  0.217, 337.56,  0.204, 315.40,-99.000, -99.00,-99.000, -99.00,-99.000, -99.00,-99.000, -99.00,
8/25/2006 04:00:00, 13.2,275.8,  0.7,  3.6, 18.684, 28.81,  0.0,  0.0,  0.207, 358.34,  0.171, 347.83,  0.156, 338.54,  0.039,  17.97,  0.155, 315.78,  0.128, 318.81,  0.040,   2.86,  0.075, 335.49,  0.103, 318.92,  0.119, 329.12,  0.081, 347.16,  0.182, 323.26,  0.125, 341.85,  0.127, 337.28,  0.094, 341.95,  0.100, 314.19,-99.000, -99.00,-99.000, -99.00,-99.000, -99.00,-99.000, -99.00,
8/25/2006 04:05:00, 13.2,275.8,  0.6,  3.6, 18.683, 28.82,  0.0,  0.0,  0.093,  66.48,  0.174, 342.92,  0.146, 291.66,  0.131, 345.86,  0.062, 335.10,  0.115, 333.66,  0.087, 343.24,  0.141, 289.84,  0.114, 308.97,  0.197, 310.25,  0.220, 340.33,  0.231, 353.80,  0.199, 314.80,  0.133, 353.52,  0.198, 326.31,  0.140, 276.16,-99.000, -99.00,-99.000, -99.00,-99.000, -99.00,-99.000, -99.00,
8/25/2006 04:10:00, 13.2,275.8,  0.6,  3.6, 18.691, 28.82,  0.0,  0.0,  0.111,   4.64,  0.171, 345.48,  0.134, 330.57,  0.155, 321.28,  0.171, 338.07,  0.113, 327.30,  0.167, 301.02,  0.115, 323.83,  0.179, 342.07,  0.206, 351.36,  0.172, 327.61,  0.187, 326.99,  0.224, 327.94,  0.213, 337.05,  0.143, 315.57,  0.120, 257.94,-99.000, -99.00,-99.000, -99.00,-99.000, -99.00,-99.000, -99.00,
8/25/2006 04:15:00, 13.2,275.7,  0.7,  3.6, 18.694, 28.83,  0.0,  0.0,  0.126, 358.18,  0.179, 358.40,  0.111, 319.01,  0.142, 353.53,  0.175, 288.33,  0.140, 324.27,  0.144, 311.34,  0.133, 319.59,  0.082, 300.00,  0.148, 336.90,  0.151, 338.69,  0.256, 327.12,  0.103, 340.16,  0.125, 318.25,  0.126, 321.77,  0.152, 270.00,-99.000, -99.00,-99.000, -99.00,-99.000, -99.00,-99.000, -99.00,
8/25/2006 04:20:00, 13.2,275.8,  0.6,  3.6, 18.689, 28.83,  0.0,  0.0,  0.167, 342.22,  0.160, 302.99,  0.090, 332.30,  0.149, 359.62,  0.170, 335.39,  0.173, 297.16,  0.187, 319.33,  0.202, 314.40,  0.188, 312.85,  0.178, 319.33,  0.146, 310.56,  0.168, 335.73,  0.137, 331.76,  0.181, 333.01,  0.131, 311.60,  0.185, 315.66,-99.000, -99.00,-99.000, -99.00,-99.000, -99.00,-99.000, -99.00,
8/25/2006 04:25:00, 13.2,275.7,  0.7,  3.6, 18.696, 28.83,  0.0,  0.0,  0.072,  27.98,  0.193, 348.63,  0.111, 306.97,  0.206, 353.32,  0.175, 338.56,  0.209, 327.53,  0.105, 344.51,  0.150, 296.05,  0.152, 328.71,  0.140, 332.70,  0.169,   2.03,  0.208, 348.64,  0.227, 337.96,  0.214, 329.36,  0.223, 347.58,  0.196, 296.04,-99.000, -99.00,-99.000, -99.00,-99.000, -99.00,-99.000, -99.00,
8/25/2006 04:30:00, 13.1,275.8,  0.7,  3.6, 18.704, 28.83,  0.0,  0.0,  0.031,  99.16,  0.021, 234.78,  0.123, 359.53,  0.119,   8.67,  0.161, 315.76,  0.121, 328.55,  0.098, 354.75,  0.108, 348.27,  0.154, 337.09,  0.107, 325.71,  0.153, 319.24,  0.158, 326.11,  0.142, 340.67,  0.154, 339.44,  0.197, 328.89,  0.074, 318.81,-99.000, -99.00,-99.000, -99.00,-99.000, -99.00,-99.000, -99.00,
8/25/2006 04:35:00, 13.1,275.7,  0.7,  3.6, 18.713, 28.83,  0.0,  0.0,  0.072,  41.63,  0.114, 313.22,  0.142, 332.71,  0.119, 341.87,  0.098, 355.33,  0.134, 338.04,  0.140,  13.64,  0.180, 337.43,  0.176, 328.03,  0.235, 308.09,  0.232, 300.33,  0.134, 312.27,  0.159, 332.63,  0.255, 325.56,  0.233, 329.92,  0.141, 326.31,-99.000, -99.00,-99.000, -99.00,-99.000, -99.00,-99.000, -99.00,
8/25/2006 04:40:00, 13.1,275.8,  0.7,  3.6, 18.706, 28.82,  0.0,  0.0,  0.029,  97.85,  0.147, 321.34,  0.153, 345.60,  0.252, 344.09,  0.181, 344.27,  0.176, 304.32,  0.149, 313.64,  0.183, 324.13,  0.170, 323.87,  0.190, 315.21,  0.291, 314.58,  0.202, 316.20,  0.227, 316.96,  0.202, 311.99,  0.192, 335.04,  0.204, 299.95,-99.000, -99.00,-99.000, -99.00,-99.000, -99.00,-99.000, -99.00,
8/25/2006 04:45:00, 13.1,275.8,  0.7,  3.6, 18.715, 28.81,  0.0,  0.0,  0.074,  75.96,  0.118, 338.20,  0.163, 353.66,  0.204, 355.77,  0.254, 333.33,  0.177, 315.92,  0.271, 330.88,  0.220, 334.13,  0.228, 343.47,  0.187,   1.53,  0.214, 335.47,  0.311, 316.82,  0.296, 334.99,  0.245, 325.79,  0.208, 326.16,  0.224, 309.38,-99.000, -99.00,-99.000, -99.00,-99.000, -99.00,-99.000, -99.00,
8/25/2006 04:50:00, 13.1,275.7,  0.7,  3.6, 18.715, 28.80,  0.0,  0.0,  0.123, 336.99,  0.038, 333.43,  0.157, 324.08,  0.179, 330.85,  0.196, 332.39,  0.227, 316.96,  0.137, 309.97,  0.196, 316.45,  0.184, 338.31,  0.195, 346.39,  0.171, 338.70,  0.099, 303.85,  0.139, 299.34,  0.133, 324.51,  0.155, 330.30,  0.250, 305.72,-99.000, -99.00,-99.000, -99.00,-99.000, -99.00,-99.000, -99.00,
8/25/2006 04:55:00, 13.1,275.8,  0.7,  3.6, 18.723, 28.80,  0.0,  0.0,  0.095,  92.41,  0.072, 339.54,  0.130, 346.18,  0.154, 304.93,  0.165, 339.81,  0.124, 331.17,  0.185, 314.56,  0.140, 310.96,  0.156, 316.30,  0.176, 329.93,  0.168, 320.33,  0.199, 300.57,  0.203, 302.12,  0.185, 318.73,  0.148, 327.17,  0.163, 317.49,-99.000, -99.00,-99.000, -99.00,-99.000, -99.00,-99.000, -99.00,
8/25/2006 05:00:00, 13.1,275.8,  0.6,  3.6, 18.718, 28.80,  0.0,  0.0,  0.072,  39.91,  0.117,  20.44,  0.142, 334.52,  0.168, 320.54,  0.220, 329.13,  0.222, 316.82,  0.225, 301.36,  0.180, 337.43,  0.148, 309.51,  0.190, 294.27,  0.158, 312.18,  0.230, 317.29,  0.142, 318.13,  0.155, 299.88,  0.192, 325.81,  0.155, 328.97,-99.000, -99.00,-99.000, -99.00,-99.000, -99.00,-99.000, -99.00,
8/25/2006 05:05:00, 13.1,275.8,  0.6,  3.6, 18.712, 28.80,  0.0,  0.0,  0.099,  90.00,  0.077, 335.43,  0.209, 341.57,  0.202, 308.17,  0.236, 306.05,  0.168, 315.73,  0.155, 307.91,  0.137, 293.58,  0.289, 287.93,  0.165, 289.86,  0.188, 298.61,  0.179, 278.99,  0.129, 287.17,  0.229, 304.52,  0.301, 309.34,  0.170, 311.66,-99.000, -99.00,-99.000, -99.00,-99.000, -99.00,-99.000, -99.00,
8/25/2006 05:10:00, 13.1,275.7,  0.7,  3.6, 18.714, 28.81,  0.0,  0.0,  0.047,  51.91,  0.146, 316.67,  0.145, 325.65,  0.205, 342.36,  0.264, 331.20,  0.169, 300.50,  0.287, 310.90,  0.220, 311.68,  0.196, 321.20,  0.235, 305.99,  0.293, 295.87,  0.260, 302.59,  0.282, 304.76,  0.254, 308.77,  0.276, 314.41,  0.284, 313.86,-99.000, -99.00,-99.000, -99.00,-99.000, -99.00,-99.000, -99.00,
8/25/2006 05:15:00, 13.1,275.8,  0.7,  3.6, 18.706, 28.81,  0.0,  0.0,  0.048, 125.68,  0.127, 315.00,  0.150, 317.70,  0.151, 332.75,  0.078, 345.07,  0.158, 303.08,  0.075, 329.69,  0.100, 280.41,  0.186, 278.04,  0.052, 262.33,  0.153, 272.62,  0.269, 300.56,  0.288, 312.61,  0.307, 323.20,  0.283, 314.71,  0.196, 303.53,-99.000, -99.00,-99.000, -99.00,-99.000, -99.00,-99.000, -99.00,
8/25/2006 05:20:00, 13.1,275.7,  0.6,  3.6, 18.711, 28.82,  0.0,  0.0,  0.139,  58.26,  0.167, 342.22,  0.098,   1.75,  0.157, 318.88,  0.145, 308.84,  0.043, 276.63,  0.148, 304.55,  0.135, 312.30,  0.098, 339.72,  0.155, 284.22,  0.137, 317.95,  0.136, 343.82,  0.293, 324.30,  0.263, 323.96,  0.307, 324.29,  0.301, 328.16,-99.000, -99.00,-99.000, -99.00,-99.000, -99.00,-99.000, -99.00,
8/25/2006 05:25:00, 13.1,275.8,  0.7,  3.6, 18.720, 28.82,  0.0,  0.0,  0.034, 307.87,  0.023,  15.26,  0.114,  64.56,  0.170, 358.99,  0.116, 333.43,  0.085, 327.99,  0.136, 302.05,  0.071, 322.97,  0.166, 332.35,  0.171, 319.51,  0.132, 311.92,  0.152, 320.87,  0.175, 324.31,  0.195, 318.12,  0.272, 326.54,  0.362, 327.19,-99.000, -99.00,-99.000, -99.00,-99.000, -99.00,-99.000, -99.00,
8/25/2006 05:30:00, 13.1,275.8,  0.7,  3.5, 18.731, 28.83,  0.0,  0.0,  0.066, 331.88,  0.089, 329.70,  0.044,   3.90,  0.109, 279.55,  0.166, 304.94,  0.026,  46.55,  0.116, 284.52,  0.063, 266.37,  0.064, 304.19,  0.115, 327.84,  0.083,   4.82,  0.078, 337.38,  0.103, 347.71,  0.148, 327.71,  0.130, 351.62,  0.072, 347.91,-99.000, -99.00,-99.000, -99.00,-99.000, -99.00,-99.000, -99.00,
8/25/2006 05:35:00, 13.1,275.7,  0.7,  3.6, 18.734, 28.83,  0.0,  0.0,  0.068,  15.26,  0.079,  21.67,  0.117, 329.71,  0.160, 339.86,  0.072, 333.79,  0.087, 326.31,  0.111, 337.14,  0.089, 325.06,  0.124, 319.25,  0.130, 287.04,  0.133, 303.69,  0.097,  31.57,  0.127, 343.00,  0.162, 322.78,  0.158, 315.51,  0.212, 304.44,-99.000, -99.00,-99.000, -99.00,-99.000, -99.00,-99.000, -99.00,
8/25/2006 05:40:00, 13.1,275.7,  0.7,  3.6, 18.737, 28.84,  0.0,  0.0,  0.080,  26.57,  0.101, 325.52,  0.105, 343.46,  0.080, 320.10,  0.089, 323.26,  0.103, 305.08,  0.156, 281.45,  0.061, 281.31,  0.055, 332.05,  0.136, 278.91,  0.059, 288.74,  0.135, 329.25,  0.130, 332.06,  0.120, 335.99,  0.116, 342.97,  0.138, 341.83,-99.000, -99.00,-99.000, -99.00,-99.000, -99.00,-99.000, -99.00,
8/25/2006 05:45:00, 13.1,275.7,  0.6,  3.6, 18.750, 28.85,  0.0,  0.0,  0.036,  20.92,  0.076,   7.59,  0.086, 301.65,  0.106,  24.62,  0.139, 339.35,  0.139, 303.23,  0.076, 346.33,  0.137, 314.41,  0.059, 223.64,  0.042, 198.00,  0.013, 243.43,  0.014, 355.91,  0.077, 303.27,  0.044, 202.52,  0.183, 291.10,  0.109, 305.29,-99.000, -99.00,-99.000, -99.00,-99.000, -99.00,-99.000, -99.00,
8/25/2006 05:50:00, 13.1,275.8,  0.7,  3.6, 18.757, 28.85,  0.0,  0.0,  0.033, 164.29,  0.046, 347.47,  0.063, 103.82,  0.068, 322.13,  0.087, 264.75,  0.067, 331.53,  0.156, 315.78,  0.157, 321.74,  0.025,   0.00,  0.122,  13.70,  0.170,   0.00,  0.074,  48.81,  0.028, 198.43,  0.032, 183.58,  0.070, 299.13,  0.162, 286.09,-99.000, -99.00,-99.000, -99.00,-99.000, -99.00,-99.000, -99.00,
8/25/2006 05:55:00, 13.1,275.7,  0.6,  3.6, 18.755, 28.86,  0.0,  0.0,  0.068,  37.21,  0.135, 312.30,  0.083,   5.51,  0.078, 342.95,  0.043,  83.37,  0.009, 130.60,  0.101,  84.35,  0.098,  63.96,  0.053,  86.76,  0.037, 323.75,  0.018, 183.18,  0.083, 346.80,  0.173, 298.64,  0.153, 267.75,  0.141, 261.41,  0.094, 257.74,-99.000, -99.00,-99.000, -99.00,-99.000, -99.00,-99.000, -99.00,
8/25/2006 06:00:00, 13.1,275.8,  0.7,  3.6, 18.768, 28.86,  0.0,  0.0,  0.030, 209.98,  0.035, 250.02,  0.227,   1.26,  0.093, 315.00,  0.051,   3.37,  0.083, 310.60,  0.126, 344.86,  0.072, 356.82,  0.111, 349.09,  0.085,  28.66,  0.088,  33.87,  0.050,   5.71,  0.073,   0.00,  0.043,  37.41,  0.072, 339.81,  0.141, 230.19,-99.000, -99.00,-99.000, -99.00,-99.000, -99.00,-99.000, -99.00,
8/25/2006 06:05:00, 13.1,275.8,  0.7,  3.6, 18.773, 28.86,  0.0,  0.0,  0.019, 198.43,  0.024,   7.13,  0.119, 323.51,  0.029, 220.82,  0.053, 249.19,  0.105, 303.69,  0.013, 347.01,  0.029, 264.09,  0.103, 269.44,  0.127, 320.77,  0.127, 314.36,  0.128, 335.04,  0.092,  20.99,  0.134, 359.57,  0.109, 312.03,  0.084, 250.48,-99.000, -99.00,-99.000, -99.00,-99.000, -99.00,-99.000, -99.00,
8/25/2006 06:10:00, 13.1,275.7,  0.7,  3.5, 18.773, 28.86,  0.0,  0.0,  0.006,  90.00,  0.153, 341.68,  0.098, 346.96,  0.084, 324.22,  0.034, 300.38,  0.064, 275.36,  0.075, 283.11,  0.124, 308.80,  0.069, 279.19,  0.050, 189.27,  0.110, 303.84,  0.049, 272.34,  0.088, 283.88,  0.043, 350.54,  0.037, 293.81,  0.034, 186.71,-99.000, -99.00,-99.000, -99.00,-99.000, -99.00,-99.000, -99.00,
8/25/2006 06:15:00, 13.1,275.7,  0.7,  3.6, 18.782, 28.86,  0.0,  0.0,  0.084, 246.80,  0.049, 182.34,  0.077, 166.50,  0.037, 162.55,  0.030, 145.78,  0.090, 277.05,  0.056, 329.74,  0.099, 344.85,  0.030, 306.87,  0.048, 332.90,  0.035, 343.61,  0.022,  13.39,  0.035,   1.64,  0.040, 342.47,  0.057, 331.63,  0.038, 266.99,-99.000, -99.00,-99.000, -99.00,-99.000, -99.00,-99.000, -99.00,
8/25/2006 06:20:00, 13.1,275.7,  0.7,  3.5, 18.789, 28.85,  0.0,  0.0,  0.129, 233.84,  0.043,  54.46,  0.079, 352.69,  0.107, 308.58,  0.103, 288.08,  0.034, 301.83,  0.069, 296.57,  0.116, 325.49,  0.169, 327.06,  0.040, 336.61,  0.087, 264.75,  0.032, 248.20,  0.034, 150.46,  0.071, 277.33,  0.058,  55.49,  0.023, 142.13,-99.000, -99.00,-99.000, -99.00,-99.000, -99.00,-99.000, -99.00,
8/25/2006 06:25:00, 13.1,275.7,  0.7,  3.6, 18.792, 28.85,  0.0,  0.0,  0.083, 285.38,  0.111, 219.87,  0.124, 220.10,  0.054, 229.51,  0.057, 347.91,  0.082, 279.81,  0.121, 289.33,  0.091, 338.78,  0.063, 332.62,  0.056, 307.69,  0.029, 300.96,  0.048, 297.10,  0.102, 294.81,  0.104, 329.98,  0.058, 329.04,  0.098, 352.37,-99.000, -99.00,-99.000, -99.00,-99.000, -99.00,-99.000, -99.00,
8/25/2006 06:30:00, 13.1,275.8,  0.7,  3.5, 18.791, 28.84,  0.0,  0.0,  0.095, 195.20,  0.126, 305.33,  0.059, 207.00,  0.069, 224.41,  0.093, 145.11,  0.069, 140.30,  0.042, 126.33,  0.044, 275.19,  0.009, 200.56,  0.036, 217.18,  0.078, 232.25,  0.023, 246.80,  0.015, 203.20,  0.062, 248.37,  0.091, 287.84,  0.074, 306.25,-99.000, -99.00,-99.000, -99.00,-99.000, -99.00,-99.000, -99.00,
8/25/2006 06:35:00, 13.1,275.7,  0.7,  3.6, 18.793, 28.84,  0.0,  0.0,  0.046, 266.27,  0.036, 352.09,  0.102, 231.78,  0.103, 234.46,  0.130, 266.48,  0.081, 204.97,  0.102, 235.84,  0.027, 184.24,  0.051, 228.18,  0.082, 271.40,  0.094, 245.35,  0.058, 277.99,  0.052, 109.13,  0.066,  63.05,  0.049,  60.83,  0.020, 258.69,-99.000, -99.00,-99.000, -99.00,-99.000, -99.00,-99.000, -99.00,
8/25/2006 06:40:00, 13.1,275.7,  0.7,  3.5, 18.805, 28.83,  0.0,  0.0,  0.071, 197.16,  0.052, 271.10,  0.086, 264.69,  0.075, 312.84,  0.056,  28.86,  0.084, 332.21,  0.046, 307.12,  0.054, 290.43,  0.047, 116.57,  0.066, 186.91,  0.007, 180.00,  0.105, 327.07,  0.067, 353.19,  0.041, 271.40,  0.061, 291.10,  0.112, 294.27,-99.000, -99.00,-99.000, -99.00,-99.000, -99.00,-99.000, -99.00,
8/25/2006 06:45:00, 13.1,275.7,  0.6,  3.6, 18.795, 28.83,  0.0,  0.0,  0.080, 195.95,  0.058, 329.04,  0.027, 243.43,  0.080,   9.34,  0.089, 288.43,  0.114, 304.25,  0.008,   0.00,  0.008, 187.13,  0.021,  58.57,  0.037, 325.01,  0.033,   8.62,  0.079, 280.18,  0.038,  62.10,  0.033, 264.81,  0.008, 219.81,  0.094, 184.86,-99.000, -99.00,-99.000, -99.00,-99.000, -99.00,-99.000, -99.00,
8/25/2006 06:50:00, 13.1,275.7,  0.7,  3.6, 18.811, 28.82,  0.0,  0.0,  0.147, 219.21,  0.023,  66.80,  0.063, 219.23,  0.045, 315.91,  0.083, 280.37,  0.047, 242.35,  0.073, 260.54,  0.073, 280.23,  0.030, 221.01,  0.040, 339.78,  0.139, 315.58,  0.043, 319.69,  0.036,  75.58,  0.021,  64.65,  0.013, 331.39,  0.126, 236.31,-99.000, -99.00,-99.000, -99.00,-99.000, -99.00,-99.000, -99.00,
8/25/2006 06:55:00, 13.1,275.7,  0.6,  3.6, 18.829, 28.82,  0.0,  0.0,  0.156, 226.56,  0.062, 312.40,  0.073, 236.75,  0.024, 267.61,  0.020, 258.69,  0.029, 234.69,  0.036, 131.63,  0.063, 237.32,  0.100, 205.54,  0.109, 292.09,  0.059,  11.69,  0.060, 305.54,  0.072,  65.56,  0.084,  48.88,  0.029,  84.09,  0.021, 194.04,-99.000, -99.00,-99.000, -99.00,-99.000, -99.00,-99.000, -99.00,
8/25/2006 07:00:00, 13.1,275.6,  0.6,  3.6, 18.828, 28.82,  0.0,  0.0,  0.068, 200.56,  0.031, 308.37,  0.205, 289.05,  0.148, 296.05,  0.029, 266.05,  0.078, 322.25,  0.036, 328.50,  0.009, 305.54,  0.074, 311.19,  0.102, 294.81,  0.072, 300.14,  0.068, 346.37,  0.065, 148.28,  0.027,  90.00,  0.044, 313.15,  0.062, 312.40,-99.000, -99.00,-99.000, -99.00,-99.000, -99.00,-99.000, -99.00,
8/25/2006 07:05:00, 13.1,275.7,  0.7,  3.6, 18.842, 28.82,  0.0,  0.0,  0.133, 273.01,  0.043, 230.71,  0.113, 317.86,  0.026,  67.38,  0.084, 280.24,  0.017, 302.74,  0.058, 284.04,  0.012,  14.04,  0.093, 325.46,  0.104,  15.64,  0.111, 354.29,  0.022, 144.16,  0.018,  96.34,  0.009, 102.53,  0.076,   1.51,  0.052, 187.67,-99.000, -99.00,-99.000, -99.00,-99.000, -99.00,-99.000, -99.00,
8/25/2006 07:10:00, 13.1,275.7,  0.7,  3.6, 18.848, 28.81,  0.0,  0.0,  0.072, 219.40,  0.102, 322.57,  0.086, 284.20,  0.103, 346.50,  0.061, 195.17,  0.028, 253.50,  0.043, 270.00,  0.056,  10.30,  0.039, 324.29,  0.032, 352.87,  0.091, 331.19,  0.050, 340.11,  0.038, 123.27,  0.130, 125.90,  0.187, 116.02,  0.107, 244.63,-99.000, -99.00,-99.000, -99.00,-99.000, -99.00,-99.000, -99.00,
8/25/2006 07:15:00, 13.1,275.7,  0.7,  3.6, 18.851, 28.81,  0.0,  0.0,  0.110, 258.49,  0.125, 254.18,  0.097, 235.49,  0.080, 275.71,  0.057,  85.99,  0.120, 309.93,  0.083, 319.40,  0.124, 281.67,  0.068, 325.84,  0.073, 328.50,  0.048,  12.01,  0.027, 267.88,  0.042, 171.87,  0.067, 306.53,  0.089, 331.70,  0.125, 314.68,-99.000, -99.00,-99.000, -99.00,-99.000, -99.00,-99.000, -99.00,
8/25/2006 07:20:00, 13.1,275.7,  0.7,  3.6, 18.846, 28.81,  0.0,  0.0,  0.063,   1.82,  0.094, 297.93,  0.105, 314.23,  0.048, 210.34,  0.040, 298.50,  0.088, 338.68,  0.023,  72.35,  0.099, 296.31,  0.045, 314.09,  0.116, 304.51,  0.012, 199.98,  0.062,  54.25,  0.026, 190.89,  0.091, 255.96,  0.079, 346.14,  0.153, 351.34,-99.000, -99.00,-99.000, -99.00,-99.000, -99.00,-99.000, -99.00,
8/25/2006 07:25:00, 13.1,275.6,  0.7,  3.6, 18.856, 28.81,  0.0,  0.0,  0.119, 224.32,  0.066, 259.54,  0.026, 254.36,  0.057, 246.14,  0.114, 248.85,  0.037, 349.00,  0.050, 272.29,  0.026, 300.58,  0.075, 349.29,  0.043, 180.00,  0.050, 270.00,  0.045, 329.47,  0.057, 297.01,  0.046, 225.88,  0.089,  75.65,  0.055, 248.59,-99.000, -99.00,-99.000, -99.00,-99.000, -99.00,-99.000, -99.00,
8/25/2006 07:30:00, 13.1,275.7,  0.7,  3.6, 18.863, 28.81,  0.0,  0.0,  0.028, 250.91,  0.129, 285.76,  0.036, 258.69,  0.073, 240.26,  0.083, 262.36,  0.065, 264.73,  0.099, 308.03,  0.082, 309.54,  0.054, 331.05,  0.026, 324.46,  0.048, 260.34,  0.076, 290.11,  0.048,   5.95,  0.013,   0.00,  0.034,  54.46,  0.016,  93.58,-99.000, -99.00,-99.000, -99.00,-99.000, -99.00,-99.000, -99.00,
8/25/2006 07:35:00, 13.1,275.7,  0.6,  3.6, 18.857, 28.81,  0.0,  0.0,  0.090, 158.55,  0.061, 316.33,  0.027, 274.24,  0.048,  65.56,  0.054, 237.20,  0.042, 234.78,  0.014,   0.00,  0.016, 240.26,  0.116, 273.45,  0.071, 162.84,  0.033, 250.46,  0.026,  74.36,  0.034, 280.30,  0.065,   3.52,  0.116,  18.59,  0.145, 294.44,-99.000, -99.00,-99.000, -99.00,-99.000, -99.00,-99.000, -99.00,
8/25/2006 07:40:00, 13.1,275.8,  0.6,  3.6, 18.864, 28.81,  0.0,  0.0,  0.095, 215.54,  0.110, 310.94,  0.011,  95.19,  0.050, 285.15,  0.048, 340.43,  0.066, 271.74,  0.072, 284.42,  0.071,  23.30,  0.057, 347.91,  0.058, 105.00,  0.103, 264.45,  0.042, 295.35,  0.067, 252.65,  0.031, 270.00,  0.060, 290.56,  0.073, 310.01,-99.000, -99.00,-99.000, -99.00,-99.000, -99.00,-99.000, -99.00,
8/25/2006 07:45:00, 13.1,275.7,  0.7,  3.6, 18.877, 28.81,  0.0,  0.0,  0.128, 165.96,  0.012, 180.00,  0.042,  59.74,  0.083, 309.63,  0.078, 284.04,  0.027, 338.20,  0.030,  25.71,  0.032, 187.13,  0.076, 230.87,  0.044, 117.15,  0.027, 248.20,  0.056, 263.88,  0.064, 210.96,  0.110, 286.30,  0.140, 308.34,  0.100, 275.77,-99.000, -99.00,-99.000, -99.00,-99.000, -99.00,-99.000, -99.00,
8/25/2006 07:50:00, 13.1,275.7,  0.7,  3.6, 18.863, 28.82,  0.0,  0.0,  0.022, 326.31,  0.019, 351.03,  0.057, 320.71,  0.098, 270.58,  0.073, 141.10,  0.075, 292.80,  0.083, 325.74,  0.016,  21.80,  0.048,  48.37,  0.027,  51.01,  0.022, 100.30,  0.049,  16.59,  0.070,   6.52,  0.073,  43.33,  0.067,  18.17,  0.040, 182.86,-99.000, -99.00,-99.000, -99.00,-99.000, -99.00,-99.000, -99.00,
8/25/2006 07:55:00, 13.1,275.7,  0.7,  3.6, 18.877, 28.82,  0.0,  0.0,  0.072, 211.92,  0.071, 304.14,  0.073, 356.08,  0.059, 303.15,  0.091, 355.60,  0.055, 291.41,  0.017,  45.00,  0.045,  26.57,  0.057, 348.89,  0.111, 310.60,  0.120, 345.96,  0.106, 347.41,  0.030, 299.98,  0.036,  90.00,  0.021,  58.57,  0.080, 309.90,-99.000, -99.00,-99.000, -99.00,-99.000, -99.00,-99.000, -99.00,
8/25/2006 08:00:00, 13.1,275.7,  0.7,  3.6, 18.886, 28.82,  0.0,  0.0,  0.055, 293.75,  0.031,  60.95,  0.043, 215.54,  0.017, 290.56,  0.113, 352.87,  0.052,   3.30,  0.079,  48.61,  0.078, 124.51,  0.054,  28.95,  0.003,  90.00,  0.035, 297.30,  0.030, 315.00,  0.016,  14.93,  0.024, 326.98,  0.045,  10.30,  0.045,  19.65,-99.000, -99.00,-99.000, -99.00,-99.000, -99.00,-99.000, -99.00,
8/25/2006 08:05:00, 13.1,275.7,  0.7,  3.5, 18.901, 28.83,  0.0,  0.0,  0.096, 232.65,  0.023,  15.26,  0.011, 318.81,  0.079, 302.08,  0.018, 130.60,  0.062, 287.85,  0.117, 273.42,  0.018, 308.16,  0.057, 289.38,  0.044, 291.32,  0.040, 241.50,  0.026, 247.38,  0.141, 264.29,  0.048, 218.29,  0.103, 270.00,  0.108, 293.96,-99.000, -99.00,-99.000, -99.00,-99.000, -99.00,-99.000, -99.00,
8/25/2006 08:10:00, 13.1,275.7,  0.7,  3.5, 18.900, 28.83,  0.0,  0.0,  0.031, 155.10,  0.041,  52.85,  0.044,  76.91,  0.091, 217.38,  0.048, 148.63,  0.080, 203.67,  0.073, 119.74,  0.087, 320.62,  0.071, 318.43,  0.090, 242.86,  0.068, 201.64,  0.061, 244.70,  0.075, 215.80,  0.033, 223.78,  0.058,  75.00,  0.043, 356.01,-99.000, -99.00,-99.000, -99.00,-99.000, -99.00,-99.000, -99.00,
8/25/2006 08:15:00, 13.1,275.6,  0.7,  3.5, 18.901, 28.83,  0.0,  0.0,  0.045,  34.05,  0.056, 293.33,  0.027, 280.49,  0.145, 334.32,  0.036, 180.00,  0.063, 295.35,  0.049, 261.70,  0.127, 259.13,  0.070, 227.89,  0.111, 263.26,  0.117, 275.42,  0.057, 332.99,  0.028, 325.18,  0.064, 346.40,  0.082, 342.23,  0.043, 336.97,-99.000, -99.00,-99.000, -99.00,-99.000, -99.00,-99.000, -99.00,
8/25/2006 08:20:00, 13.1,275.6,  0.7,  3.6, 18.903, 28.83,  0.0,  0.0,  0.081,  72.69,  0.043,   5.31,  0.122, 341.86,  0.026, 202.62,  0.083, 118.72,  0.154, 274.09,  0.057, 319.29,  0.065, 341.00,  0.039, 301.22,  0.079, 273.62,  0.043,  68.20,  0.017,  13.24,  0.065, 251.00,  0.086, 250.30,  0.070, 262.57,  0.041, 107.10,-99.000, -99.00,-99.000, -99.00,-99.000, -99.00,-99.000, -99.00,
8/25/2006 08:25:00, 13.1,275.8,  0.7,  3.6, 18.920, 28.83,  0.0,  0.0,  0.072, 210.83,  0.052, 309.52,  0.017, 244.98,  0.129, 279.39,  0.070, 183.27,  0.104, 226.95,  0.110, 275.19,  0.129, 281.66,  0.131, 278.32,  0.075, 286.99,  0.061, 338.90,  0.039, 140.19,  0.035, 289.98,  0.100, 273.43,  0.072, 352.78,  0.047, 263.93,-99.000, -99.00,-99.000, -99.00,-99.000, -99.00,-99.000, -99.00,
8/25/2006 08:30:00, 13.1,275.7,  0.7,  3.6, 18.929, 28.83,  0.0,  0.0,  0.082, 279.81,  0.093, 206.02,  0.051,  29.60,  0.040, 308.88,  0.048, 289.57,  0.063, 305.96,  0.033, 327.26,  0.096, 288.81,  0.010, 286.70,  0.047, 274.86,  0.044, 145.22,  0.052, 212.47,  0.082, 303.50,  0.146, 271.18,  0.056, 267.95,  0.097, 278.88,-99.000, -99.00,-99.000, -99.00,-99.000, -99.00,-99.000, -99.00,
8/25/2006 08:35:00, 13.1,275.6,  0.7,  3.6, 18.931, 28.83,  0.0,  0.0,  0.120, 221.28,  0.132, 190.46,  0.030,   7.59,  0.058, 341.88,  0.033, 275.19,  0.085,  45.00,  0.022,  35.84,  0.166, 314.27,  0.117, 307.36,  0.028, 317.86,  0.020, 177.14,  0.031,  39.81,  0.064,   9.90,  0.061,   0.94,  0.050,   0.00,  0.104, 234.78,-99.000, -99.00,-99.000, -99.00,-99.000, -99.00,-99.000, -99.00,
8/25/2006 08:40:00, 13.1,275.7,  0.7,  3.6, 18.926, 28.83,  0.0,  0.0,  0.113, 132.14,  0.056, 161.24,  0.057, 319.94,  0.085, 311.19,  0.050, 257.35,  0.110, 345.84,  0.066, 333.05,  0.057, 314.29,  0.072, 332.72,  0.095, 325.30,  0.035,  83.48,  0.082,  53.41,  0.188,  60.29,  0.168,  50.81,  0.180,  59.31,  0.122,  46.33,-99.000, -99.00,-99.000, -99.00,-99.000, -99.00,-99.000, -99.00,
8/25/2006 08:45:00, 13.1,275.7,  0.7,  3.6, 18.925, 28.83,  0.0,  0.0,  0.034,   5.04,  0.025,  16.26,  0.063,  24.52,  0.044, 356.10,  0.084, 253.50,  0.125, 334.46,  0.104, 289.13,  0.041,  72.90,  0.056, 272.05,  0.063, 226.93,  0.128, 290.56,  0.097, 325.98,  0.108, 346.61,  0.087, 331.97,  0.108, 325.57,  0.081, 266.47,-99.000, -99.00,-99.000, -99.00,-99.000, -99.00,-99.000, -99.00,
8/25/2006 08:50:00, 13.1,275.8,  0.7,  3.6, 18.931, 28.84,  0.0,  0.0,  0.086, 325.94,  0.062, 252.15,  0.037, 300.70,  0.016, 251.57,  0.069, 284.24,  0.011, 259.70,  0.050, 265.43,  0.114, 270.00,  0.062, 302.40,  0.121, 283.35,  0.072, 297.28,  0.058, 322.73,  0.009, 180.00,  0.015,  97.59,  0.057, 339.33,  0.068, 299.95,-99.000, -99.00,-99.000, -99.00,-99.000, -99.00,-99.000, -99.00,
8/25/2006 08:55:00, 13.1,275.7,  0.7,  3.6, 18.934, 28.84,  0.0,  0.0,  0.136, 252.50,  0.086, 299.83,  0.047, 263.93,  0.047, 282.26,  0.050, 298.61,  0.082, 338.46,  0.132, 327.99,  0.061, 359.06,  0.060, 304.76,  0.019, 218.66,  0.032, 290.14,  0.072, 320.09,  0.044, 352.23,  0.064,  46.89,  0.112,  20.38,  0.088, 268.05,-99.000, -99.00,-99.000, -99.00,-99.000, -99.00,-99.000, -99.00,
8/25/2006 09:00:00, 13.1,275.7,  0.6,  3.6, 18.937, 28.83,  0.0,  0.0,  0.095, 195.95,  0.083, 322.85,  0.049, 289.18,  0.045, 332.30,  0.028, 282.53,  0.096, 315.00,  0.100, 290.42,  0.070, 272.45,  0.040, 267.14,  0.069, 348.37,  0.015, 301.61,  0.059, 284.74,  0.037, 293.81,  0.027, 298.44,  0.094, 303.69,  0.148, 312.53,-99.000, -99.00,-99.000, -99.00,-99.000, -99.00,-99.000, -99.00,
8/25/2006 09:05:00, 13.1,275.8,  0.7,  3.6, 18.936, 28.83,  0.0,  0.0,  0.015, 328.39,  0.087, 354.09,  0.092, 276.27,  0.055,   4.16,  0.107, 346.48,  0.061, 279.46,  0.020, 345.26,  0.081, 317.49,  0.078, 337.38,  0.120, 350.85,  0.145, 336.44,  0.157, 334.25,  0.126, 334.05,  0.069, 271.66,  0.138, 286.86,  0.103, 253.14,-99.000, -99.00,-99.000, -99.00,-99.000, -99.00,-99.000, -99.00,
8/25/2006 09:10:00, 13.1,275.7,  0.6,  3.6, 18.947, 28.83,  0.0,  0.0,  0.123, 231.92,  0.137, 337.19,  0.084, 329.15,  0.107, 331.05,  0.024, 343.07,  0.023,   2.49,  0.062, 337.17,  0.092, 327.00,  0.054, 349.32,  0.065, 287.04,  0.054, 323.97,  0.054, 274.24,  0.074, 314.45,  0.195, 304.75,  0.156, 329.66,  0.084, 275.44,-99.000, -99.00,-99.000, -99.00,-99.000, -99.00,-99.000, -99.00,
8/25/2006 09:15:00, 13.1,275.8,  0.6,  3.6, 18.948, 28.84,  0.0,  0.0,  0.103, 356.67,  0.033, 345.96,  0.094, 293.28,  0.078, 322.84,  0.162, 349.66,  0.098, 322.07,  0.058, 295.68,  0.065, 289.83,  0.090, 349.81,  0.061,  12.23,  0.146, 320.85,  0.101, 348.02,  0.119, 306.49,  0.117, 305.99,  0.081, 272.83,  0.088, 268.05,-99.000, -99.00,-99.000, -99.00,-99.000, -99.00,-99.000, -99.00,
8/25/2006 09:20:00, 13.0,275.8,  0.7,  3.6, 18.936, 28.84,  0.0,  0.0,  0.091, 262.41,  0.074, 261.43,  0.104, 324.78,  0.123, 289.90,  0.101, 307.78,  0.024, 172.87,  0.024,  82.87,  0.124, 332.20,  0.157, 333.43,  0.085, 309.29,  0.114, 309.29,  0.071, 327.65,  0.099, 279.27,  0.050, 316.64,  0.041,  19.75,  0.074, 226.64,-99.000, -99.00,-99.000, -99.00,-99.000, -99.00,-99.000, -99.00,
8/25/2006 09:25:00, 13.0,275.7,  0.7,  3.6, 18.934, 28.84,  0.0,  0.0,  0.091, 241.74,  0.094, 312.85,  0.107, 298.95,  0.049, 355.33,  0.085,   0.00,  0.081, 316.49,  0.121, 331.31,  0.083, 316.94,  0.047, 341.57,  0.099, 282.78,  0.151, 299.28,  0.062, 324.25,  0.059, 327.38,  0.076, 315.00,  0.166, 307.15,  0.079, 212.08,-99.000, -99.00,-99.000, -99.00,-99.000, -99.00,-99.000, -99.00,
8/25/2006 09:30:00, 13.0,275.7,  0.7,  3.6, 18.939, 28.84,  0.0,  0.0,  0.082, 244.69,  0.087, 253.24,  0.049, 271.17,  0.121, 282.89,  0.049, 280.62,  0.075, 324.20,  0.096, 286.36,  0.054, 307.50,  0.049, 291.37,  0.053, 275.39,  0.117, 310.50,  0.162, 331.22,  0.133, 315.61,  0.143, 317.27,  0.183, 309.69,  0.032,  34.70,-99.000, -99.00,-99.000, -99.00,-99.000, -99.00,-99.000, -99.00,
8/25/2006 09:35:00, 13.0,275.7,  0.7,  3.6, 18.945, 28.84,  0.0,  0.0,  0.198, 285.87,  0.059,  18.74,  0.130, 331.07,  0.169, 304.16,  0.150, 270.76,  0.140, 288.69,  0.106, 285.87,  0.082, 292.83,  0.131, 315.93,  0.055, 323.13,  0.132, 286.24,  0.059, 285.68,  0.150, 355.81,  0.101, 345.14,  0.099, 354.81,  0.100, 285.00,-99.000, -99.00,-99.000, -99.00,-99.000, -99.00,-99.000, -99.00,
8/25/2006 09:40:00, 13.0,275.7,  0.6,  3.6, 18.941, 28.84,  0.0,  0.0,  0.175, 274.93,  0.079, 296.24,  0.060, 285.42,  0.122, 306.03,  0.117, 294.81,  0.133, 278.19,  0.117, 296.35,  0.189, 306.38,  0.120, 314.66,  0.080, 308.44,  0.102, 343.52,  0.147, 321.34,  0.072, 308.78,  0.065, 296.57,  0.075, 297.94,  0.162, 297.99,-99.000, -99.00,-99.000, -99.00,-99.000, -99.00,-99.000, -99.00,
8/25/2006 09:45:00, 13.0,275.8,  0.7,  3.6, 18.944, 28.84,  0.0,  0.0,  0.124, 255.52,  0.118, 277.79,  0.145, 292.32,  0.116, 304.10,  0.144, 315.00,  0.116, 295.02,  0.129, 340.58,  0.116, 323.03,  0.094, 309.81,  0.137, 349.51,  0.122, 325.01,  0.105, 297.30,  0.093, 337.85,  0.133, 313.17,  0.119, 300.22,  0.063, 308.52,-99.000, -99.00,-99.000, -99.00,-99.000, -99.00,-99.000, -99.00,
8/25/2006 09:50:00, 13.0,275.8,  0.6,  3.5, 18.941, 28.84,  0.0,  0.0,  0.136, 298.07,  0.022, 172.23,  0.119, 288.59,  0.045, 329.47,  0.188, 311.76,  0.175, 309.89,  0.182, 275.37,  0.114, 280.62,  0.117, 317.07,  0.182, 342.46,  0.168, 320.81,  0.124, 315.33,  0.141, 301.66,  0.114, 323.94,  0.164, 318.95,  0.100, 280.41,-99.000, -99.00,-99.000, -99.00,-99.000, -99.00,-99.000, -99.00,
8/25/2006 09:55:00, 13.0,275.7,  0.7,  3.6, 18.944, 28.84,  0.0,  0.0,  0.064, 335.04,  0.049, 310.86,  0.212, 328.71,  0.102, 326.62,  0.170, 273.37,  0.097, 288.06,  0.247, 317.13,  0.163, 307.01,  0.151, 278.78,  0.236, 305.51,  0.146, 305.22,  0.151, 303.37,  0.176, 305.50,  0.137, 299.38,  0.105, 311.13,  0.052, 251.92,-99.000, -99.00,-99.000, -99.00,-99.000, -99.00,-99.000, -99.00,
8/25/2006 10:00:00, 13.0,275.8,  0.6,  3.6, 18.951, 28.84,  0.0,  0.0,  0.196, 274.11,  0.181, 302.81,  0.095, 269.40,  0.121, 275.19,  0.065, 292.62,  0.146, 295.51,  0.162, 306.44,  0.212, 302.26,  0.205, 285.52,  0.195, 303.93,  0.128, 308.66,  0.155, 297.72,  0.135, 298.85,  0.157, 287.40,  0.281, 302.05,  0.171, 286.96,-99.000, -99.00,-99.000, -99.00,-99.000, -99.00,-99.000, -99.00,
8/25/2006 10:05:00, 13.0,275.8,  0.7,  3.6, 18.953, 28.84,  0.0,  0.0,  0.153, 315.79,  0.138, 340.51,  0.226, 329.69,  0.207, 349.72,  0.212, 335.49,  0.117, 314.65,  0.158, 312.69,  0.213, 309.29,  0.225, 301.36,  0.133, 301.78,  0.198, 312.55,  0.174, 296.27,  0.241, 305.73,  0.244, 293.63,  0.233, 277.40,  0.165, 279.41,-99.000, -99.00,-99.000, -99.00,-99.000, -99.00,-99.000, -99.00,
8/25/2006 10:10:00, 13.0,275.8,  0.7,  3.6, 18.938, 28.83,  0.0,  0.0,  0.194, 320.65,  0.133, 347.85,  0.123, 332.81,  0.219, 331.33,  0.214, 328.39,  0.224, 301.84,  0.155, 305.02,  0.166, 304.94,  0.202, 285.21,  0.209, 284.44,  0.219, 281.88,  0.279, 290.32,  0.207, 280.01,  0.160, 281.17,  0.147, 288.19,  0.143, 263.17,-99.000, -99.00,-99.000, -99.00,-99.000, -99.00,-99.000, -99.00,
8/25/2006 10:15:00, 13.0,275.6,  0.7,  3.5, 18.932, 28.83,  0.0,  0.0,  0.112, 340.10,  0.180, 333.29,  0.105, 313.08,  0.107, 341.40,  0.139, 336.75,  0.186, 299.59,  0.137, 316.77,  0.123, 310.70,  0.091, 296.00,  0.143, 286.66,  0.192, 255.24,  0.163, 273.86,  0.197, 262.41,  0.177, 269.03,  0.173, 276.30,  0.160, 264.61,-99.000, -99.00,-99.000, -99.00,-99.000, -99.00,-99.000, -99.00,
8/25/2006 10:20:00, 13.0,275.7,  0.7,  3.6, 18.943, 28.83,  0.0,  0.0,  0.129, 325.45,  0.189, 345.30,  0.164, 308.33,  0.170, 349.82,  0.143, 295.31,  0.201, 327.81,  0.135, 321.94,  0.151, 290.11,  0.189, 307.48,  0.201, 316.21,  0.153, 304.10,  0.175, 296.13,  0.221, 296.91,  0.190, 271.81,  0.131, 296.37,  0.168, 287.35,-99.000, -99.00,-99.000, -99.00,-99.000, -99.00,-99.000, -99.00,
8/25/2006 10:25:00, 13.0,275.8,  0.7,  3.6, 18.939, 28.83,  0.0,  0.0,  0.175, 328.76,  0.155,  11.89,  0.071, 324.74,  0.139, 317.92,  0.083, 355.18,  0.191, 323.07,  0.181, 317.68,  0.203, 307.38,  0.180, 324.02,  0.215, 317.64,  0.234, 304.71,  0.188, 302.59,  0.190, 289.67,  0.206, 290.72,  0.235, 303.01,  0.175, 311.52,-99.000, -99.00,-99.000, -99.00,-99.000, -99.00,-99.000, -99.00,
8/25/2006 10:30:00, 13.0,275.7,  0.6,  3.6, 18.941, 28.83,  0.0,  0.0,  0.183, 331.61,  0.111, 319.01,  0.199, 351.06,  0.244, 314.50,  0.136, 274.62,  0.196, 299.31,  0.162, 318.75,  0.124, 299.05,  0.177, 287.10,  0.175, 307.59,  0.171, 272.34,  0.239, 283.05,  0.181, 299.39,  0.179, 278.04,  0.191, 291.19,  0.166, 245.44,-99.000, -99.00,-99.000, -99.00,-99.000, -99.00,-99.000, -99.00,
8/25/2006 10:35:00, 13.0,275.7,  0.6,  3.6, 18.932, 28.84,  0.0,  0.0,  0.067, 277.77,  0.136, 325.49,  0.141, 345.67,  0.099, 349.49,  0.110, 297.03,  0.126, 340.99,  0.184, 321.19,  0.149, 310.64,  0.193, 307.23,  0.177, 295.11,  0.146, 290.92,  0.223, 279.80,  0.141, 283.15,  0.166, 271.38,  0.201, 284.38,  0.126, 233.04,-99.000, -99.00,-99.000, -99.00,-99.000, -99.00,-99.000, -99.00,
8/25/2006 10:40:00, 13.0,275.8,  0.7,  3.6, 18.941, 28.84,  0.0,  0.0,  0.235, 338.02,  0.153, 285.12,  0.164, 289.98,  0.169, 311.41,  0.164, 286.67,  0.163, 298.13,  0.160, 305.87,  0.358, 310.81,  0.145, 300.28,  0.150, 287.47,  0.214, 309.70,  0.207, 322.85,  0.123, 310.04,  0.185, 296.01,  0.255, 295.36,  0.215, 291.55,-99.000, -99.00,-99.000, -99.00,-99.000, -99.00,-99.000, -99.00,
8/25/2006 10:45:00, 13.0,275.8,  0.6,  3.6, 18.936, 28.85,  0.0,  0.0,  0.134, 291.96,  0.095, 278.47,  0.141, 289.08,  0.138, 321.47,  0.141, 293.47,  0.196, 302.31,  0.220, 305.93,  0.197, 298.52,  0.156, 301.66,  0.242, 287.84,  0.111, 288.43,  0.149, 280.86,  0.152, 297.41,  0.162, 292.46,  0.166, 279.35,  0.082, 244.06,-99.000, -99.00,-99.000, -99.00,-99.000, -99.00,-99.000, -99.00,
8/25/2006 10:50:00, 13.0,275.8,  0.6,  3.6, 18.936, 28.85,  0.0,  0.0,  0.212, 306.76,  0.120, 303.82,  0.083, 317.45,  0.179, 272.88,  0.118, 274.36,  0.155, 303.18,  0.083, 294.10,  0.156, 288.67,  0.176, 307.13,  0.126, 340.56,  0.164, 324.18,  0.140, 298.22,  0.221, 285.23,  0.154, 281.24,  0.183, 296.28,  0.103, 248.92,-99.000, -99.00,-99.000, -99.00,-99.000, -99.00,-99.000, -99.00,
8/25/2006 10:55:00, 13.0,275.8,  0.6,  3.5, 18.923, 28.84,  0.0,  0.0,  0.047, 321.91,  0.230, 305.62,  0.165, 278.72,  0.171, 307.87,  0.168, 303.31,  0.091, 307.38,  0.169, 290.79,  0.210, 283.77,  0.178, 312.73,  0.136, 317.98,  0.211, 307.09,  0.221, 308.01,  0.161, 285.85,  0.112, 268.98,  0.128, 301.96,  0.132, 255.96,-99.000, -99.00,-99.000, -99.00,-99.000, -99.00,-99.000, -99.00,
8/25/2006 11:00:00, 13.0,275.8,  0.7,  3.6, 18.922, 28.84,  0.0,  0.0,  0.171, 313.11,  0.149, 355.78,  0.151, 337.85,  0.234, 311.19,  0.192, 318.17,  0.193, 307.64,  0.203, 301.89,  0.164, 286.67,  0.078, 246.71,  0.170, 254.66,  0.189, 266.97,  0.150, 276.13,  0.182, 285.95,  0.196, 278.79,  0.190, 299.67,  0.091, 278.84,-99.000, -99.00,-99.000, -99.00,-99.000, -99.00,-99.000, -99.00,
8/25/2006 11:05:00, 13.0,275.8,  0.7,  3.6, 18.922, 28.84,  0.0,  0.0,  0.153, 308.37,  0.119, 331.93,  0.226, 311.95,  0.090, 345.81,  0.196, 305.64,  0.149, 290.38,  0.259, 300.62,  0.187, 284.26,  0.152, 265.86,  0.170, 285.02,  0.224, 276.40,  0.163, 274.21,  0.119, 308.51,  0.161, 315.25,  0.188, 302.42,  0.113, 307.48,-99.000, -99.00,-99.000, -99.00,-99.000, -99.00,-99.000, -99.00,
8/25/2006 11:10:00, 13.0,275.7,  0.6,  3.6, 18.917, 28.83,  0.0,  0.0,  0.136, 320.09,  0.122, 334.27,  0.073, 283.47,  0.104, 318.50,  0.064, 317.54,  0.096, 297.37,  0.143, 276.03,  0.157, 295.59,  0.214, 290.21,  0.189, 295.35,  0.225, 300.09,  0.189, 284.70,  0.190, 271.81,  0.202, 281.42,  0.213, 311.01,  0.078, 316.04,-99.000, -99.00,-99.000, -99.00,-99.000, -99.00,-99.000, -99.00,
8/25/2006 11:15:00, 13.0,275.8,  0.7,  3.6, 18.913, 28.83,  0.0,  0.0,  0.182, 318.34,  0.128, 297.36,  0.260, 299.23,  0.085, 276.04,  0.140, 267.14,  0.221, 283.09,  0.131, 290.50,  0.161, 283.69,  0.211, 275.71,  0.193, 298.82,  0.178, 290.78,  0.249, 275.07,  0.227, 285.88,  0.160, 278.28,  0.112, 323.33,  0.125, 260.31,-99.000, -99.00,-99.000, -99.00,-99.000, -99.00,-99.000, -99.00,
8/25/2006 11:20:00, 13.0,275.8,  0.7,  3.6, 18.905, 28.83,  0.0,  0.0,  0.126, 313.71,  0.151, 317.68,  0.105, 313.08,  0.216, 283.13,  0.117, 317.07,  0.135, 311.11,  0.238, 294.62,  0.215, 292.15,  0.109, 284.93,  0.160, 288.55,  0.144, 295.50,  0.159, 291.40,  0.116, 293.91,  0.183, 302.47,  0.143, 292.62,  0.061, 255.74,-99.000, -99.00,-99.000, -99.00,-99.000, -99.00,-99.000, -99.00,
8/25/2006 11:25:00, 13.0,275.8,  0.7,  3.6, 18.908, 28.83,  0.0,  0.0,  0.190, 300.34,  0.106, 298.74,  0.155, 299.88,  0.104, 293.13,  0.132, 306.70,  0.162, 277.08,  0.165, 278.03,  0.170, 262.20,  0.127, 260.02,  0.235, 274.89,  0.276, 285.15,  0.206, 286.06,  0.126, 266.82,  0.065, 281.48,  0.058, 338.75,  0.112, 248.01,-99.000, -99.00,-99.000, -99.00,-99.000, -99.00,-99.000, -99.00,
8/25/2006 11:30:00, 13.0,275.8,  0.7,  3.6, 18.902, 28.83,  0.0,  0.0,  0.085, 279.46,  0.172, 270.00,  0.055, 297.95,  0.197, 281.42,  0.141, 268.78,  0.135, 272.97,  0.180, 277.01,  0.161, 266.09,  0.176, 282.46,  0.237, 289.96,  0.227, 282.20,  0.128, 284.04,  0.168, 284.87,  0.225, 290.29,  0.169, 307.07,  0.148, 276.21,-99.000, -99.00,-99.000, -99.00,-99.000, -99.00,-99.000, -99.00,
8/25/2006 11:35:00, 13.0,275.8,  0.7,  3.6, 18.898, 28.83,  0.0,  0.0,  0.216, 289.78,  0.124, 314.02,  0.096, 274.17,  0.059, 303.15,  0.138, 278.31,  0.132, 247.71,  0.183, 284.57,  0.170, 267.64,  0.193, 285.62,  0.129, 282.09,  0.203, 276.78,  0.157, 291.67,  0.134, 282.90,  0.056, 219.94,  0.140, 291.42,  0.183, 292.09,-99.000, -99.00,-99.000, -99.00,-99.000, -99.00,-99.000, -99.00,
8/25/2006 11:40:00, 13.0,275.7,  0.6,  3.5, 18.903, 28.83,  0.0,  0.0,  0.174, 290.52,  0.105, 315.00,  0.137, 284.34,  0.104, 243.68,  0.204, 287.10,  0.201, 276.84,  0.255, 274.95,  0.194, 274.44,  0.141, 280.20,  0.237, 263.71,  0.122, 258.14,  0.169, 265.94,  0.195, 276.76,  0.158, 266.74,  0.135, 280.23,  0.088, 290.71,-99.000, -99.00,-99.000, -99.00,-99.000, -99.00,-99.000, -99.00,
8/25/2006 11:45:00, 13.0,275.7,  0.7,  3.5, 18.892, 28.83,  0.0,  0.0,  0.047, 323.62,  0.090, 234.02,  0.166, 304.46,  0.135, 289.91,  0.132, 266.10,  0.143, 282.96,  0.141, 261.01,  0.186, 288.82,  0.169, 270.68,  0.134, 270.00,  0.110, 294.70,  0.091, 233.51,  0.128, 246.04,  0.117, 257.63,  0.201, 259.70,  0.154, 263.66,-99.000, -99.00,-99.000, -99.00,-99.000, -99.00,-99.000, -99.00,
8/25/2006 11:50:00, 13.0,275.8,  0.7,  3.5, 18.889, 28.83,  0.0,  0.0,  0.198, 337.45,  0.091, 289.82,  0.132, 314.38,  0.207, 305.76,  0.140, 276.57,  0.107, 282.36,  0.132, 270.87,  0.229, 290.41,  0.238, 279.42,  0.179, 309.56,  0.346, 283.55,  0.217, 267.10,  0.234, 256.38,  0.246, 256.87,  0.259, 263.56,  0.163, 259.38,-99.000, -99.00,-99.000, -99.00,-99.000, -99.00,-99.000, -99.00,
8/25/2006 11:55:00, 13.0,275.8,  0.6,  3.6, 18.895, 28.83,  0.0,  0.0,  0.157, 342.60,  0.084, 317.41,  0.154, 312.90,  0.113, 294.07,  0.137, 271.25,  0.178, 297.14,  0.197, 294.23,  0.184, 271.56,  0.144, 280.38,  0.206, 271.95,  0.214, 286.83,  0.248, 261.90,  0.201, 257.96,  0.217, 244.86,  0.173, 267.35,  0.280, 255.32,-99.000, -99.00,-99.000, -99.00,-99.000, -99.00,-99.000, -99.00,
8/25/2006 12:00:00, 13.0,275.7,  0.7,  3.5, 18.881, 28.83,  0.0,  0.0,  0.076,   1.51,  0.155, 325.28,  0.120, 313.31,  0.106, 303.09,  0.165, 309.09,  0.227, 295.55,  0.172, 307.93,  0.161, 281.80,  0.199, 296.95,  0.145, 298.86,  0.109, 290.92,  0.159, 295.28,  0.144, 280.84,  0.233, 260.86,  0.209, 271.64,  0.113, 274.05,-99.000, -99.00,-99.000, -99.00,-99.000, -99.00,-99.000, -99.00,
8/25/2006 12:05:00, 13.0,275.9,  0.7,  3.6, 18.878, 28.83,  0.0,  0.0,  0.159,   1.44,  0.104, 350.63,  0.165, 337.49,  0.143, 344.99,  0.161, 318.78,  0.155, 298.88,  0.109, 285.44,  0.156, 306.14,  0.274, 303.98,  0.225, 284.96,  0.197, 276.98,  0.083, 254.62,  0.172, 245.22,  0.277, 260.84,  0.235, 267.56,  0.204, 219.63,-99.000, -99.00,-99.000, -99.00,-99.000, -99.00,-99.000, -99.00,
8/25/2006 12:10:00, 13.0,275.8,  0.6,  3.6, 18.867, 28.84,  0.0,  0.0,  0.135,  22.59,  0.140,  12.35,  0.147, 342.18,  0.140, 318.47,  0.121, 307.25,  0.186, 322.21,  0.233, 269.75,  0.187, 272.45,  0.139, 286.74,  0.173, 280.33,  0.140, 280.67,  0.131, 278.81,  0.127, 237.18,  0.163, 267.19,  0.205, 283.56,  0.107, 259.22,-99.000, -99.00,-99.000, -99.00,-99.000, -99.00,-99.000, -99.00,
8/25/2006 12:15:00, 13.0,275.9,  0.6,  3.6, 18.856, 28.87,  0.0,  0.0,  0.108, 358.94,  0.137, 313.23,  0.189, 319.30,  0.127, 313.73,  0.199, 301.46,  0.130, 287.88,  0.148, 277.75,  0.201, 286.81,  0.213, 275.39,  0.238, 270.24,  0.212, 257.47,  0.214, 271.07,  0.109, 277.39,  0.193, 262.54,  0.192, 273.87,  0.168, 254.15,-99.000, -99.00,-99.000, -99.00,-99.000, -99.00,-99.000, -99.00,
8/25/2006 12:20:00, 13.0,275.8,  0.6,  3.6, 18.851, 28.88,  0.0,  0.0,  0.025,  94.57,  0.109,  24.92,  0.192, 312.89,  0.120, 316.02,  0.128, 294.96,  0.199, 294.63,  0.137, 291.88,  0.210, 281.52,  0.175, 260.48,  0.175, 268.04,  0.192, 281.43,  0.213, 253.09,  0.217, 260.97,  0.273, 260.09,  0.185, 280.58,  0.178, 271.29,-99.000, -99.00,-99.000, -99.00,-99.000, -99.00,-99.000, -99.00,
8/25/2006 12:25:00, 13.0,275.8,  0.7,  3.6, 18.842, 28.90,  0.0,  0.0,  0.079, 328.54,  0.106, 335.38,  0.137, 343.42,  0.108, 289.44,  0.080, 321.12,  0.114, 279.05,  0.157, 287.86,  0.199, 291.80,  0.186, 291.17,  0.186, 285.31,  0.172, 274.32,  0.137, 270.00,  0.225, 262.34,  0.215, 244.39,  0.149, 257.18,  0.110, 270.00,-99.000, -99.00,-99.000, -99.00,-99.000, -99.00,-99.000, -99.00,
8/25/2006 12:30:00, 13.0,275.8,  0.7,  3.5, 18.838, 28.91,  0.0,  0.0,  0.120,  10.09,  0.134,  21.41,  0.086, 326.86,  0.185, 313.90,  0.098,   0.58,  0.136, 356.21,  0.147, 317.20,  0.134, 293.31,  0.055, 278.43,  0.105, 252.78,  0.178, 280.05,  0.171, 281.44,  0.121, 292.33,  0.205, 270.84,  0.104, 277.19,  0.064, 258.34,-99.000, -99.00,-99.000, -99.00,-99.000, -99.00,-99.000, -99.00,
8/25/2006 12:35:00, 13.0,275.8,  0.7,  3.5, 18.836, 28.92,  0.0,  0.0,  0.215, 233.87,  0.093, 285.52,  0.034,  28.07,  0.078, 328.15,  0.132, 292.69,  0.099, 293.20,  0.123, 288.43,  0.185, 276.82,  0.169, 309.72,  0.270, 286.56,  0.269, 278.34,  0.177, 262.19,  0.163, 257.24,  0.172, 276.34,  0.121, 286.79,  0.129, 240.86,-99.000, -99.00,-99.000, -99.00,-99.000, -99.00,-99.000, -99.00,
8/25/2006 12:40:00, 13.0,275.8,  0.7,  3.5, 18.844, 28.93,  0.0,  0.0,  0.104, 321.25,  0.122, 320.31,  0.088, 335.77,  0.110, 315.00,  0.099, 354.81,  0.188, 267.87,  0.127, 261.42,  0.136, 297.70,  0.235, 273.17,  0.138, 260.81,  0.096, 252.32,  0.121, 249.61,  0.088, 264.16,  0.099, 264.17,  0.114, 304.25,  0.100, 246.50,-99.000, -99.00,-99.000, -99.00,-99.000, -99.00,-99.000, -99.00,
8/25/2006 12:45:00, 13.0,275.9,  0.7,  3.6, 18.843, 28.94,  0.0,  0.0,  0.050, 316.64,  0.095, 315.86,  0.036, 277.91,  0.136, 330.99,  0.095, 299.00,  0.059, 267.09,  0.130, 277.94,  0.138, 250.91,  0.223, 247.58,  0.138, 236.54,  0.197, 272.33,  0.156, 264.84,  0.194, 284.97,  0.150, 277.27,  0.150, 274.57,  0.165, 269.31,-99.000, -99.00,-99.000, -99.00,-99.000, -99.00,-99.000, -99.00,
8/25/2006 12:50:00, 13.0,275.8,  0.6,  3.5, 18.841, 28.95,  0.0,  0.0,  0.068,  21.64,  0.047, 170.13,  0.075, 333.78,  0.161, 345.96,  0.103, 315.78,  0.097, 324.67,  0.087, 272.63,  0.150, 250.11,  0.053, 276.46,  0.094, 252.72,  0.129, 274.43,  0.125, 308.16,  0.123, 267.67,  0.070, 253.38,  0.139, 272.06,  0.107, 231.09,-99.000, -99.00,-99.000, -99.00,-99.000, -99.00,-99.000, -99.00,
8/25/2006 12:55:00, 13.0,275.7,  0.7,  3.6, 18.833, 28.96,  0.0,  0.0,  0.085, 324.07,  0.102, 300.09,  0.057, 256.70,  0.099, 298.89,  0.178, 292.40,  0.146, 299.89,  0.099, 322.78,  0.096, 317.12,  0.087, 276.63,  0.215, 274.01,  0.122, 248.90,  0.224, 270.51,  0.078, 258.11,  0.131, 273.49,  0.169, 266.95,  0.150, 218.24,-99.000, -99.00,-99.000, -99.00,-99.000, -99.00,-99.000, -99.00,
8/25/2006 13:00:00, 13.0,275.8,  0.7,  3.5, 18.824, 28.95,  0.0,  0.0,  0.141, 342.72,  0.093, 253.72,  0.036, 255.58,  0.118, 251.26,  0.050, 243.95,  0.094, 270.00,  0.089, 255.65,  0.067, 225.60,  0.091, 261.78,  0.149, 236.52,  0.161, 269.29,  0.079, 256.84,  0.090, 268.73,  0.168, 271.36,  0.144, 261.19,  0.219, 241.33,-99.000, -99.00,-99.000, -99.00,-99.000, -99.00,-99.000, -99.00,
8/25/2006 13:05:00, 13.0,275.8,  0.7,  3.6, 18.819, 28.96,  0.0,  0.0,  0.024,  94.76,  0.088,  34.41,  0.043, 268.67,  0.112, 265.41,  0.088, 239.93,  0.064, 246.22,  0.069, 227.95,  0.228, 255.23,  0.164, 203.29,  0.215, 236.38,  0.147, 261.37,  0.117, 270.00,  0.091, 215.61,  0.207, 269.17,  0.239, 289.04,  0.103, 282.95,-99.000, -99.00,-99.000, -99.00,-99.000, -99.00,-99.000, -99.00,
8/25/2006 13:10:00, 13.0,275.9,  0.7,  3.6, 18.817, 28.95,  0.0,  0.0,  0.159, 317.80,  0.062,  36.50,  0.046,  24.34,  0.064, 350.10,  0.113, 270.51,  0.103, 287.55,  0.096, 283.89,  0.157, 255.61,  0.106, 252.42,  0.137, 298.81,  0.156, 286.00,  0.131, 259.46,  0.183, 261.52,  0.152, 267.36,  0.043, 263.37,  0.216, 255.26,-99.000, -99.00,-99.000, -99.00,-99.000, -99.00,-99.000, -99.00,
8/25/2006 13:15:00, 13.0,275.8,  0.6,  3.6, 18.801, 28.95,  0.0,  0.0,  0.078,  56.51,  0.056, 352.87,  0.047,  25.46,  0.007, 236.31,  0.133, 278.19,  0.153, 220.76,  0.190, 246.41,  0.176, 245.91,  0.215, 252.41,  0.064, 255.53,  0.190, 270.00,  0.113, 282.31,  0.056, 294.27,  0.113, 256.21,  0.084, 274.09,  0.047, 253.89,-99.000, -99.00,-99.000, -99.00,-99.000, -99.00,-99.000, -99.00,
8/25/2006 13:20:00, 13.0,275.8,  0.7,  3.5, 18.798, 28.96,  0.0,  0.0,  0.045,  30.53,  0.098, 219.21,  0.013,   8.75,  0.073, 289.18,  0.108, 311.24,  0.051,   9.09,  0.038, 296.57,  0.119, 226.36,  0.092, 244.83,  0.185, 269.07,  0.159, 231.40,  0.137, 262.46,  0.242, 289.33,  0.125, 247.94,  0.074, 200.65,  0.094, 229.33,-99.000, -99.00,-99.000, -99.00,-99.000, -99.00,-99.000, -99.00,
8/25/2006 13:25:00, 13.0,275.7,  0.6,  3.6, 18.792, 28.97,  0.0,  0.0,  0.041, 138.95,  0.015,  31.61,  0.055, 141.67,  0.028,  96.12,  0.061, 288.14,  0.096, 271.79,  0.154, 257.59,  0.130, 255.32,  0.114, 262.44,  0.053, 262.48,  0.085, 272.69,  0.066, 160.46,  0.105, 255.03,  0.041, 258.69,  0.034, 239.62,  0.176, 244.75,-99.000, -99.00,-99.000, -99.00,-99.000, -99.00,-99.000, -99.00,
8/25/2006 13:30:00, 13.0,275.9,  0.7,  3.5, 18.786, 28.97,  0.0,  0.0,  0.075, 305.18,  0.051, 153.43,  0.093,  48.06,  0.037, 210.70,  0.058, 345.96,  0.070, 227.89,  0.119, 250.80,  0.084, 252.00,  0.093, 274.92,  0.035, 208.74,  0.038, 169.29,  0.065, 218.11,  0.108, 258.79,  0.164, 243.12,  0.137, 252.62,  0.153, 243.94,-99.000, -99.00,-99.000, -99.00,-99.000, -99.00,-99.000, -99.00,
8/25/2006 13:35:00, 13.0,275.9,  0.7,  3.5, 18.777, 28.97,  0.0,  0.0,  0.086,  97.37,  0.049, 284.32,  0.117, 343.58,  0.037, 321.58,  0.066, 308.25,  0.074, 323.29,  0.097, 242.38,  0.087, 192.60,  0.078, 227.08,  0.056, 224.27,  0.042, 304.44,  0.057, 240.75,  0.065, 251.29,  0.088, 275.84,  0.141, 298.94,  0.165, 308.61,-99.000, -99.00,-99.000, -99.00,-99.000, -99.00,-99.000, -99.00,
8/25/2006 13:40:00, 13.0,275.8,  0.7,  3.6, 18.776, 28.98,  0.0,  0.0,  0.008, 240.26,  0.063, 180.00,  0.072, 234.09,  0.020,  72.47,  0.079, 257.55,  0.115, 271.49,  0.047, 261.35,  0.081, 282.14,  0.069, 288.70,  0.077, 251.10,  0.035, 258.37,  0.072, 217.67,  0.081, 130.99,  0.149, 268.85,  0.071, 277.33,  0.167, 229.62,-99.000, -99.00,-99.000, -99.00,-99.000, -99.00,-99.000, -99.00,
8/25/2006 13:45:00, 13.0,275.7,  0.7,  3.6, 18.760, 28.98,  0.0,  0.0,  0.078, 321.23,  0.037, 150.64,  0.087, 298.93,  0.087, 117.45,  0.025, 319.90,  0.137, 287.90,  0.063, 270.00,  0.038, 213.27,  0.084, 221.12,  0.100, 276.91,  0.102, 285.95,  0.031,  31.61,  0.018, 303.69,  0.092, 283.88,  0.161, 283.26,  0.179, 226.13,-99.000, -99.00,-99.000, -99.00,-99.000, -99.00,-99.000, -99.00,
8/25/2006 13:50:00, 13.0,275.8,  0.6,  3.6, 18.758, 28.98,  0.0,  0.0,  0.083, 162.44,  0.067, 198.17,  0.076,  25.56,  0.047, 248.88,  0.076, 230.87,  0.049, 217.57,  0.047,  88.78,  0.136, 231.87,  0.050, 308.48,  0.004, 206.57,  0.060, 218.96,  0.123, 230.61,  0.081, 196.43,  0.096, 235.65,  0.121, 296.99,  0.155, 270.37,-99.000, -99.00,-99.000, -99.00,-99.000, -99.00,-99.000, -99.00,
8/25/2006 13:55:00, 13.0,275.8,  0.7,  3.6, 18.747, 28.98,  0.0,  0.0,  0.117, 190.35,  0.078, 234.89,  0.077, 217.61,  0.064, 131.86,  0.051, 172.18,  0.046, 259.92,  0.030, 222.27,  0.023,  37.87,  0.095, 142.28,  0.084, 169.76,  0.080, 118.50,  0.099,  77.22,  0.057, 178.99,  0.081, 207.82,  0.126, 263.16,  0.155, 242.28,-99.000, -99.00,-99.000, -99.00,-99.000, -99.00,-99.000, -99.00,
8/25/2006 14:00:00, 13.0,275.9,  0.7,  3.5, 18.747, 28.98,  0.0,  0.0,  0.130,  97.94,  0.020, 101.31,  0.050, 267.71,  0.107, 207.76,  0.026,  83.42,  0.098, 118.66,  0.068, 159.44,  0.120, 176.66,  0.051, 256.50,  0.067, 234.16,  0.041, 260.07,  0.031, 103.13,  0.078, 226.04,  0.103, 244.68,  0.065, 281.48,  0.082, 305.62,-99.000, -99.00,-99.000, -99.00,-99.000, -99.00,-99.000, -99.00,
8/25/2006 14:05:00, 13.0,275.7,  0.7,  3.5, 18.737, 28.99,  0.0,  0.0,  0.052, 255.43,  0.030, 207.41,  0.078, 127.75,  0.055, 191.51,  0.046, 206.00,  0.024, 167.74,  0.036, 254.05,  0.057, 275.01,  0.011, 206.57,  0.097, 328.43,  0.079, 269.27,  0.054, 261.42,  0.055, 233.13,  0.022, 277.77,  0.023, 336.80,  0.122, 277.07,-99.000, -99.00,-99.000, -99.00,-99.000, -99.00,-99.000, -99.00,
8/25/2006 14:10:00, 13.0,275.8,  0.7,  3.6, 18.743, 28.98,  0.0,  0.0,  0.069, 120.68,  0.167, 156.67,  0.140, 135.00,  0.075, 155.49,  0.084, 149.15,  0.034, 120.38,  0.058, 110.32,  0.142, 140.14,  0.030,  97.59,  0.054, 200.43,  0.051, 153.43,  0.056, 237.45,  0.040, 296.57,  0.138, 328.04,  0.210, 353.45,  0.201, 341.75,-99.000, -99.00,-99.000, -99.00,-99.000, -99.00,-99.000, -99.00,
8/25/2006 14:15:00, 13.0,275.7,  0.7,  3.6, 18.746, 28.94,  0.0,  0.0,  0.113, 196.99,  0.074, 156.19,  0.052,  83.42,  0.121, 159.61,  0.078,  84.87,  0.119, 143.90,  0.120, 160.96,  0.080, 104.56,  0.058,  68.75,  0.049, 124.99,  0.020, 270.00,  0.044, 323.39,  0.061, 212.91,  0.058, 269.01,  0.034, 305.54,  0.071, 269.19,-99.000, -99.00,-99.000, -99.00,-99.000, -99.00,-99.000, -99.00,
8/25/2006 14:20:00, 13.0,275.9,  0.7,  3.6, 18.751, 28.91,  0.0,  0.0,  0.024, 257.74,  0.065, 151.46,  0.093, 153.16,  0.063, 100.06,  0.118, 126.38,  0.131, 151.28,  0.054, 118.95,  0.039, 190.44,  0.031, 104.93,  0.024, 277.13,  0.060,  57.89,  0.038,  25.20,  0.026,  40.36,  0.109, 242.73,  0.072, 283.65,  0.109, 261.57,-99.000, -99.00,-99.000, -99.00,-99.000, -99.00,-99.000, -99.00,
8/25/2006 14:25:00, 13.0,275.8,  0.7,  3.6, 18.734, 28.89,  0.0,  0.0,  0.153, 152.26,  0.043, 141.55,  0.048, 102.01,  0.184, 165.21,  0.102, 177.19,  0.117, 128.43,  0.059, 149.53,  0.014, 111.04,  0.035, 106.39,  0.045,  41.42,  0.016, 140.19,  0.063, 167.07,  0.060, 108.43,  0.034, 229.76,  0.046, 307.87,  0.137, 278.37,-99.000, -99.00,-99.000, -99.00,-99.000, -99.00,-99.000, -99.00,
8/25/2006 14:30:00, 13.0,275.8,  0.7,  3.5, 18.739, 28.88,  0.0,  0.0,  0.138,  90.00,  0.080,  94.29,  0.156, 106.81,  0.138, 124.38,  0.090, 181.27,  0.065, 165.75,  0.100, 167.91,  0.062, 171.61,  0.032, 151.82,  0.086, 109.70,  0.052, 135.78,  0.048, 185.95,  0.052, 225.00,  0.001, 180.00,  0.068, 157.57,  0.111, 228.67,-99.000, -99.00,-99.000, -99.00,-99.000, -99.00,-99.000, -99.00,
8/25/2006 14:35:00, 13.0,275.9,  0.7,  3.6, 18.735, 28.86,  0.0,  0.0,  0.053, 137.29,  0.112, 148.16,  0.237, 123.62,  0.148, 142.13,  0.080, 175.00,  0.131, 154.22,  0.104, 146.00,  0.123, 177.21,  0.078, 135.52,  0.116, 111.71,  0.033,  40.03,  0.018, 343.61,  0.060, 134.33,  0.080, 268.57,  0.064, 279.02,  0.065, 298.54,-99.000, -99.00,-99.000, -99.00,-99.000, -99.00,-99.000, -99.00,
8/25/2006 14:40:00, 13.0,275.7,  0.7,  3.6, 18.723, 28.85,  0.0,  0.0,  0.135, 137.70,  0.291, 121.67,  0.146, 104.70,  0.183, 159.19,  0.186, 149.30,  0.153, 150.26,  0.184,  95.00,  0.103,  92.78,  0.080, 127.87,  0.059, 159.10,  0.083, 104.71,  0.063,  78.16,  0.025, 341.57,  0.061, 159.78,  0.017, 135.00,  0.124, 224.35,-99.000, -99.00,-99.000, -99.00,-99.000, -99.00,-99.000, -99.00,
8/25/2006 14:45:00, 13.0,275.8,  0.6,  3.6, 18.721, 28.84,  0.0,  0.0,  0.247, 132.54,  0.117, 142.64,  0.200, 108.07,  0.065, 145.58,  0.147, 140.79,  0.154, 128.43,  0.080,  61.50,  0.065,  99.75,  0.150,  98.83,  0.060,  94.76,  0.104,  49.28,  0.084, 338.33,  0.030, 354.29,  0.037, 304.11,  0.076, 330.72,  0.182, 226.56,-99.000, -99.00,-99.000, -99.00,-99.000, -99.00,-99.000, -99.00,
8/25/2006 14:50:00, 13.0,275.8,  0.7,  3.5, 18.717, 28.83,  0.0,  0.0,  0.142, 101.78,  0.208, 113.85,  0.091,  97.59,  0.175, 136.62,  0.059, 126.10,  0.139, 129.75,  0.168, 137.41,  0.115, 162.82,  0.070,  60.87,  0.025, 286.26,  0.076,  47.68,  0.091, 336.80,  0.034, 296.57,  0.036, 268.41,  0.022, 264.81,  0.106, 276.52,-99.000, -99.00,-99.000, -99.00,-99.000, -99.00,-99.000, -99.00,
8/25/2006 14:55:00, 13.0,275.8,  0.7,  3.5, 18.714, 28.82,  0.0,  0.0,  0.104, 137.73,  0.128, 124.81,  0.287, 131.19,  0.128, 131.19,  0.100, 105.71,  0.044,  55.22,  0.094,  35.04,  0.036, 133.88,  0.052,  95.49,  0.015, 156.80,  0.039, 215.71,  0.005,  53.13,  0.035,  88.36,  0.027, 241.56,  0.054, 265.76,  0.081, 277.83,-99.000, -99.00,-99.000, -99.00,-99.000, -99.00,-99.000, -99.00,
8/25/2006 15:00:00, 13.0,275.8,  0.7,  3.6, 18.704, 28.82,  0.0,  0.0,  0.234,  98.62,  0.181, 119.12,  0.228,  93.76,  0.155, 136.83,  0.148, 107.33,  0.065, 159.34,  0.092, 166.12,  0.060, 240.85,  0.067, 125.84,  0.036, 110.92,  0.023, 149.04,  0.017,  76.76,  0.059,   0.00,  0.006, 288.43,  0.028,  46.47,  0.067, 244.20,-99.000, -99.00,-99.000, -99.00,-99.000, -99.00,-99.000, -99.00,
8/25/2006 15:05:00, 12.9,275.8,  0.7,  3.5, 18.704, 28.82,  0.0,  0.0,  0.138, 121.04,  0.229,  90.50,  0.230,  85.01,  0.064,  23.78,  0.097, 130.41,  0.101, 114.54,  0.058, 144.12,  0.028,  55.18,  0.041, 180.00,  0.040, 139.09,  0.011, 270.00,  0.055, 294.70,  0.015,   7.59,  0.043, 262.06,  0.026, 184.40,  0.077, 198.90,-99.000, -99.00,-99.000, -99.00,-99.000, -99.00,-99.000, -99.00,
8/25/2006 15:10:00, 12.9,275.9,  0.6,  3.5, 18.695, 28.83,  0.0,  0.0,  0.190, 102.43,  0.235, 106.28,  0.173, 106.13,  0.104,  72.09,  0.174,  86.71,  0.111,  61.59,  0.061,  68.03,  0.119, 154.08,  0.044,  24.23,  0.030,  39.56,  0.097, 295.77,  0.105, 309.60,  0.073, 330.26,  0.097, 298.42,  0.109, 299.61,  0.124, 312.06,-99.000, -99.00,-99.000, -99.00,-99.000, -99.00,-99.000, -99.00,
8/25/2006 15:15:00, 12.9,275.7,  0.6,  3.6, 18.693, 28.84,  0.0,  0.0,  0.106, 153.68,  0.144, 134.15,  0.142,  83.13,  0.107, 116.57,  0.081, 104.21,  0.023, 225.00,  0.018, 270.00,  0.063, 182.73,  0.009,   0.00,  0.071,  90.00,  0.063, 174.56,  0.061, 259.61,  0.019,  98.97,  0.027, 197.10,  0.081, 298.78,  0.104, 320.05,-99.000, -99.00,-99.000, -99.00,-99.000, -99.00,-99.000, -99.00,
8/25/2006 15:20:00, 12.9,275.9,  0.7,  3.6, 18.696, 28.85,  0.0,  0.0,  0.116, 110.15,  0.193, 128.47,  0.213, 108.01,  0.097,  27.62,  0.173, 110.94,  0.089, 146.49,  0.109, 147.77,  0.051,  96.71,  0.045,  12.80,  0.108, 312.74,  0.029, 126.47,  0.018,  26.57,  0.059, 261.18,  0.077, 254.16,  0.058, 288.12,  0.098, 254.69,-99.000, -99.00,-99.000, -99.00,-99.000, -99.00,-99.000, -99.00,
8/25/2006 15:25:00, 12.9,275.9,  0.7,  3.6, 18.709, 28.85,  0.0,  0.0,  0.051,  96.71,  0.119, 111.62,  0.138,  84.17,  0.228, 127.17,  0.176, 124.59,  0.083,  94.13,  0.120, 107.98,  0.020, 162.47,  0.097, 231.71,  0.032, 288.43,  0.018, 282.53,  0.031, 142.77,  0.098, 301.26,  0.072, 298.35,  0.064, 352.87,  0.056, 265.91,-99.000, -99.00,-99.000, -99.00,-99.000, -99.00,-99.000, -99.00,
8/25/2006 15:30:00, 12.9,275.8,  0.7,  3.5, 18.701, 28.86,  0.0,  0.0,  0.216, 151.54,  0.137, 126.70,  0.107, 121.61,  0.074, 118.30,  0.120, 113.14,  0.177,  96.80,  0.112, 119.55,  0.025, 151.39,  0.043, 307.41,  0.049, 263.02,  0.039, 267.06,  0.072,  65.56,  0.114, 300.62,  0.011,  84.81,  0.075, 311.76,  0.162, 305.95,-99.000, -99.00,-99.000, -99.00,-99.000, -99.00,-99.000, -99.00,
8/25/2006 15:35:00, 12.9,275.7,  0.7,  3.6, 18.706, 28.85,  0.0,  0.0,  0.143, 161.18,  0.096, 134.16,  0.063, 138.22,  0.098, 107.15,  0.100, 145.20,  0.042, 115.35,  0.097,  36.63,  0.036, 165.58,  0.074, 270.00,  0.056, 217.07,  0.131, 276.15,  0.125, 291.63,  0.102, 325.38,  0.138, 289.49,  0.045, 326.66,  0.143, 276.03,-99.000, -99.00,-99.000, -99.00,-99.000, -99.00,-99.000, -99.00,
8/25/2006 15:40:00, 12.9,275.8,  0.7,  3.6, 18.703, 28.85,  0.0,  0.0,  0.155, 132.65,  0.039, 197.97,  0.122, 121.21,  0.114, 100.62,  0.104, 139.70,  0.044, 201.32,  0.044, 158.68,  0.085, 306.87,  0.087, 305.69,  0.056, 244.80,  0.084, 213.31,  0.105, 248.10,  0.120, 238.95,  0.042, 204.10,  0.065, 289.00,  0.109, 263.14,-99.000, -99.00,-99.000, -99.00,-99.000, -99.00,-99.000, -99.00,
8/25/2006 15:45:00, 12.9,275.7,  0.7,  3.6, 18.695, 28.84,  0.0,  0.0,  0.065, 206.57,  0.075, 156.50,  0.035, 165.17,  0.053, 180.00,  0.072, 158.05,  0.041, 322.00,  0.034, 341.03,  0.042, 276.79,  0.066, 262.12,  0.097, 238.12,  0.136, 249.84,  0.090, 280.93,  0.137, 339.98,  0.104, 287.39,  0.041, 288.43,  0.056, 265.91,-99.000, -99.00,-99.000, -99.00,-99.000, -99.00,-99.000, -99.00,
8/25/2006 15:50:00, 12.9,275.8,  0.7,  3.5, 18.688, 28.83,  0.0,  0.0,  0.081, 240.26,  0.018, 213.69,  0.062, 100.22,  0.036, 138.37,  0.056, 170.71,  0.017, 215.54,  0.023,  52.13,  0.046, 302.66,  0.147, 273.50,  0.089, 280.30,  0.091, 346.72,  0.060, 351.33,  0.032, 318.81,  0.144, 298.71,  0.034, 290.56,  0.073, 293.40,-99.000, -99.00,-99.000, -99.00,-99.000, -99.00,-99.000, -99.00,
8/25/2006 15:55:00, 12.9,275.8,  0.7,  3.6, 18.702, 28.82,  0.0,  0.0,  0.022, 305.84,  0.066, 151.88,  0.025, 303.69,  0.011, 164.74,  0.063, 359.09,  0.069, 263.39,  0.113, 297.47,  0.103, 318.55,  0.029, 273.95,  0.105, 334.65,  0.076,   3.01,  0.041, 198.43,  0.083, 324.78,  0.104, 318.50,  0.024, 345.38,  0.182, 287.94,-99.000, -99.00,-99.000, -99.00,-99.000, -99.00,-99.000, -99.00,
8/25/2006 16:00:00, 12.9,275.8,  0.7,  3.5, 18.695, 28.82,  0.0,  0.0,  0.067, 248.04,  0.124, 158.20,  0.094, 191.67,  0.026, 144.46,  0.128, 349.22,  0.142, 316.42,  0.154, 306.80,  0.104,  44.61,  0.066, 285.71,  0.167, 273.08,  0.128, 281.22,  0.108, 318.37,  0.153, 303.27,  0.153, 305.67,  0.150, 330.87,  0.005,   0.00,-99.000, -99.00,-99.000, -99.00,-99.000, -99.00,-99.000, -99.00,
8/25/2006 16:05:00, 12.9,275.8,  0.7,  3.5, 18.695, 28.82,  0.0,  0.0,  0.016,  68.20,  0.029, 139.18,  0.055, 206.10,  0.033, 171.38,  0.087, 323.39,  0.075, 329.69,  0.072, 342.32,  0.077, 290.56,  0.129, 311.23,  0.146, 303.80,  0.121, 325.12,  0.202, 316.60,  0.182, 308.07,  0.165, 325.63,  0.133, 351.32,  0.081, 348.55,-99.000, -99.00,-99.000, -99.00,-99.000, -99.00,-99.000, -99.00,
8/25/2006 16:10:00, 12.9,275.8,  0.6,  3.5, 18.696, 28.82,  0.0,  0.0,  0.078, 232.25,  0.060, 280.56,  0.077, 196.56,  0.007, 333.43,  0.140,  14.93,  0.118, 344.32,  0.017, 336.37,  0.035, 235.41,  0.029, 271.97,  0.165, 305.62,  0.127, 299.19,  0.090, 316.35,  0.053,   3.24,  0.116, 351.59,  0.089,   0.00,  0.068, 249.44,-99.000, -99.00,-99.000, -99.00,-99.000, -99.00,-99.000, -99.00,
8/25/2006 16:15:00, 12.9,275.8,  0.7,  3.6, 18.692, 28.82,  0.0,  0.0,  0.014, 155.22,  0.048, 324.32,  0.158,   6.90,  0.145, 342.69,  0.176, 352.83,  0.125, 326.06,  0.050,  22.44,  0.067, 270.00,  0.064, 296.97,  0.094, 306.75,  0.133, 329.18,  0.085, 320.71,  0.135, 315.90,  0.164, 333.59,  0.160, 324.42,  0.161, 286.19,-99.000, -99.00,-99.000, -99.00,-99.000, -99.00,-99.000, -99.00,
8/25/2006 16:20:00, 12.9,275.9,  0.7,  3.6, 18.692, 28.82,  0.0,  0.0,  0.038, 193.67,  0.092, 311.48,  0.001, 270.00,  0.068, 355.79,  0.138, 295.82,  0.069, 280.01,  0.082,   0.00,  0.037, 315.00,  0.105, 283.77,  0.058, 339.68,  0.115, 355.53,  0.096, 338.53,  0.175, 338.14,  0.128, 322.95,  0.109, 340.06,  0.078, 334.09,-99.000, -99.00,-99.000, -99.00,-99.000, -99.00,-99.000, -99.00,
8/25/2006 16:25:00, 12.9,275.8,  0.7,  3.5, 18.691, 28.82,  0.0,  0.0,  0.076,  47.12,  0.068, 351.51,  0.038,  32.01,  0.079, 301.46,  0.093, 315.00,  0.032, 311.19,  0.108, 265.76,  0.053, 289.80,  0.016, 307.57,  0.030, 252.76,  0.080, 173.50,  0.123, 183.72,  0.167, 169.30,  0.092, 235.62,  0.025,  43.36,  0.048,  81.53,-99.000, -99.00,-99.000, -99.00,-99.000, -99.00,-99.000, -99.00,
8/25/2006 16:30:00, 12.9,275.8,  0.7,  3.6, 18.687, 28.83,  0.0,  0.0,  0.094,  10.47,  0.098,  15.46,  0.159, 338.60,  0.125, 354.47,  0.109, 333.20,  0.145, 291.80,  0.159, 319.09,  0.103, 315.00,  0.138, 298.97,  0.138, 340.12,  0.172, 322.33,  0.150, 335.14,  0.146, 327.29,  0.080, 331.50,  0.110, 303.55,  0.115, 287.18,-99.000, -99.00,-99.000, -99.00,-99.000, -99.00,-99.000, -99.00,
8/25/2006 16:35:00, 12.9,275.7,  0.6,  3.5, 18.685, 28.84,  0.0,  0.0,  0.013, 302.47,  0.098, 300.76,  0.098, 295.51,  0.062, 324.78,  0.111,   8.79,  0.118, 337.12,  0.134, 308.66,  0.153, 299.42,  0.156, 287.16,  0.104, 325.55,  0.096, 321.34,  0.133, 299.85,  0.072, 296.21,  0.037,  11.00,  0.051,  34.62,  0.115,  78.50,-99.000, -99.00,-99.000, -99.00,-99.000, -99.00,-99.000, -99.00,
8/25/2006 16:40:00, 12.9,275.8,  0.6,  3.6, 18.681, 28.84,  0.0,  0.0,  0.114,   7.56,  0.044, 356.10,  0.086,  48.75,  0.120,  45.00,  0.126, 321.13,  0.101, 324.26,  0.048, 304.02,  0.111, 320.86,  0.065, 351.12,  0.164,   5.26,  0.086,   7.37,  0.051,  29.60,  0.076, 303.69,  0.099, 345.96,  0.086, 323.00,  0.094, 316.29,-99.000, -99.00,-99.000, -99.00,-99.000, -99.00,-99.000, -99.00,
8/25/2006 16:45:00, 12.9,275.8,  0.6,  3.6, 18.685, 28.84,  0.0,  0.0,  0.106, 336.59,  0.125, 316.95,  0.065,  21.80,  0.130,  10.19,  0.149, 324.28,  0.161, 307.94,  0.176, 339.71,  0.135, 351.03,  0.117, 303.83,  0.129, 315.00,  0.146, 315.28,  0.123, 327.99,  0.100, 304.80,  0.212, 297.53,  0.122,  19.18,  0.135, 343.18,-99.000, -99.00,-99.000, -99.00,-99.000, -99.00,-99.000, -99.00,
8/25/2006 16:50:00, 12.9,275.9,  0.6,  3.5, 18.687, 28.84,  0.0,  0.0,  0.080, 309.90,  0.058, 332.10,  0.080, 347.70,  0.063, 341.57,  0.110,   3.12,  0.128, 348.78,  0.112, 348.69,  0.094, 347.74,  0.078, 345.96,  0.115, 312.88,  0.127, 315.96,  0.049, 334.49,  0.094, 327.15,  0.094, 318.01,  0.147, 338.85,  0.235, 303.55,-99.000, -99.00,-99.000, -99.00,-99.000, -99.00,-99.000, -99.00,
8/25/2006 16:55:00, 12.9,275.8,  0.6,  3.6, 18.698, 28.84,  0.0,  0.0,  0.094, 311.13,  0.111,   3.61,  0.139, 350.47,  0.147,   5.09,  0.154, 354.40,  0.116, 330.56,  0.146, 315.83,  0.134, 336.69,  0.119, 323.51,  0.130, 318.11,  0.060, 335.56,  0.058, 344.05,  0.102, 331.93,  0.057, 293.86,  0.110, 299.36,  0.009, 116.57,-99.000, -99.00,-99.000, -99.00,-99.000, -99.00,-99.000, -99.00,
8/25/2006 17:00:00, 12.9,275.7,  0.7,  3.5, 18.703, 28.84,  0.0,  0.0,  0.050, 357.71,  0.131, 355.20,  0.080,   3.58,  0.063,   2.73,  0.092,  50.27,  0.108, 330.58,  0.107, 332.72,  0.177, 305.58,  0.114, 316.78,  0.098, 314.17,  0.120, 317.02,  0.151, 288.56,  0.072, 332.02,  0.119, 328.05,  0.045, 292.04,  0.093, 285.52,-99.000, -99.00,-99.000, -99.00,-99.000, -99.00,-99.000, -99.00,
8/25/2006 17:05:00, 12.9,275.7,  0.7,  3.5, 18.718, 28.84,  0.0,  0.0,  0.106, 336.59,  0.231,   2.48,  0.088,   2.60,  0.111, 335.05,  0.019,  62.10,  0.099, 353.60,  0.056, 358.98,  0.079, 309.34,  0.066, 295.02,  0.054, 288.43,  0.126, 301.67,  0.142, 310.43,  0.089, 334.01,  0.080, 294.33,  0.035, 313.83,  0.090, 242.30,-99.000, -99.00,-99.000, -99.00,-99.000, -99.00,-99.000, -99.00,
8/25/2006 17:10:00, 12.9,275.9,  0.6,  3.6, 18.726, 28.84,  0.0,  0.0,  0.058, 307.27,  0.159, 348.76,  0.085, 337.07,  0.085,   5.38,  0.156,   7.35,  0.080,   9.34,  0.036, 282.88,  0.080, 296.89,  0.062,  56.82,  0.105, 274.36,  0.103, 271.67,  0.049, 284.32,  0.081, 337.54,  0.156, 335.74,  0.113, 343.50,  0.076, 282.94,-99.000, -99.00,-99.000, -99.00,-99.000, -99.00,-99.000, -99.00,
8/25/2006 17:15:00, 12.9,275.7,  0.6,  3.5, 18.726, 28.84,  0.0,  0.0,  0.134, 343.47,  0.109,  52.08,  0.160,   4.67,  0.118, 326.71,  0.171, 346.13,  0.122, 320.68,  0.052,   0.00,  0.056, 331.14,  0.125, 326.44,  0.107,   4.81,  0.083, 357.93,  0.091, 343.36,  0.134, 329.62,  0.093, 339.81,  0.112, 347.58,  0.084, 338.96,-99.000, -99.00,-99.000, -99.00,-99.000, -99.00,-99.000, -99.00,
8/25/2006 17:20:00, 12.9,275.7,  0.6,  3.6, 18.730, 28.84,  0.0,  0.0,  0.145, 356.45,  0.034,  53.47,  0.044, 337.48,  0.120, 353.29,  0.175,   0.98,  0.052, 317.35,  0.045, 293.70,  0.078, 292.62,  0.160, 298.01,  0.080, 304.88,  0.047, 337.29,  0.078, 321.80,  0.041, 297.82,  0.079, 311.39,  0.030,  45.00,  0.033, 105.71,-99.000, -99.00,-99.000, -99.00,-99.000, -99.00,-99.000, -99.00,
8/25/2006 17:25:00, 12.9,275.9,  0.7,  3.5, 18.730, 28.84,  0.0,  0.0,  0.113, 304.95,  0.096, 344.22,  0.096,  41.19,  0.115,  47.12,  0.077,   0.00,  0.071, 333.07,  0.121, 303.56,  0.098, 318.70,  0.137, 322.13,  0.144, 303.69,  0.061, 322.37,  0.039,  75.26,  0.105, 263.42,  0.086, 308.87,  0.095, 306.03,  0.066, 244.98,-99.000, -99.00,-99.000, -99.00,-99.000, -99.00,-99.000, -99.00,
8/25/2006 17:30:00, 12.9,275.8,  0.6,  3.6, 18.733, 28.84,  0.0,  0.0,  0.208, 331.21,  0.110,   8.86,  0.048,  27.10,  0.112, 289.24,  0.173,   0.00,  0.106, 298.01,  0.042, 279.69,  0.060, 348.50,  0.081, 302.91,  0.049, 336.04,  0.087, 327.23,  0.118, 311.92,  0.075, 316.08,  0.161, 313.99,  0.189, 329.09,  0.165, 344.53,-99.000, -99.00,-99.000, -99.00,-99.000, -99.00,-99.000, -99.00,
8/25/2006 17:35:00, 12.9,275.8,  0.6,  3.6, 18.739, 28.84,  0.0,  0.0,  0.137, 337.19,  0.022,   7.77,  0.063, 310.50,  0.096, 343.64,  0.101, 357.17,  0.046, 301.61,  0.094, 338.88,  0.029, 345.96,  0.037, 271.55,  0.050, 287.35,  0.107, 289.11,  0.041, 270.00,  0.025, 311.82,  0.028,  46.47,  0.079,  60.52,  0.156,  26.73,-99.000, -99.00,-99.000, -99.00,-99.000, -99.00,-99.000, -99.00,
8/25/2006 17:40:00, 12.9,275.8,  0.6,  3.6, 18.739, 28.84,  0.0,  0.0,  0.102,  24.81,  0.072,  34.80,  0.137,  43.52,  0.113, 338.67,  0.050, 243.95,  0.071, 285.61,  0.007,  81.87,  0.076, 282.20,  0.060, 304.76,  0.090,  50.84,  0.065,  36.87,  0.028,  16.50,  0.008, 119.74,  0.042, 291.04,  0.039, 313.96,  0.146, 348.15,-99.000, -99.00,-99.000, -99.00,-99.000, -99.00,-99.000, -99.00,
8/25/2006 17:45:00, 12.9,275.8,  0.6,  3.5, 18.743, 28.85,  0.0,  0.0,  0.169, 342.42,  0.048,   0.00,  0.106, 333.19,  0.204, 341.39,  0.052, 320.48,  0.069, 293.96,  0.078, 317.08,  0.070, 272.45,  0.177, 286.39,  0.122, 305.65,  0.065,  16.19,  0.069,  33.69,  0.084, 350.43,  0.026, 276.58,  0.082, 296.88,  0.169, 322.45,-99.000, -99.00,-99.000, -99.00,-99.000, -99.00,-99.000, -99.00,
8/25/2006 17:50:00, 12.9,275.8,  0.6,  3.6, 18.731, 28.86,  0.0,  0.0,  0.018,  73.61,  0.075, 353.91,  0.089,  19.05,  0.044, 327.03,  0.138, 344.85,  0.085, 335.83,  0.091, 345.35,  0.075, 353.07,  0.084, 282.38,  0.178, 288.03,  0.119, 322.84,  0.061, 321.63,  0.050, 319.03,  0.052,  23.63,  0.066,  57.99,  0.193, 356.15,-99.000, -99.00,-99.000, -99.00,-99.000, -99.00,-99.000, -99.00,
8/25/2006 17:55:00, 12.9,275.7,  0.6,  3.6, 18.746, 28.88,  0.0,  0.0,  0.068, 318.58,  0.072,  14.42,  0.028, 289.09,  0.054, 260.36,  0.008, 293.20,  0.035, 306.87,  0.039, 336.04,  0.086, 266.01,  0.126, 251.42,  0.143, 303.91,  0.146, 303.80,  0.111, 329.04,  0.073,  42.22,  0.147, 307.81,  0.108,  18.94,  0.246, 357.90,-99.000, -99.00,-99.000, -99.00,-99.000, -99.00,-99.000, -99.00,
8/25/2006 18:00:00, 12.9,275.7,  0.7,  3.5, 18.756, 28.88,  0.0,  0.0,  0.030, 216.87,  0.055, 144.58,  0.050, 332.40,  0.071,  26.93,  0.022, 223.15,  0.041,  59.04,  0.039, 324.29,  0.164, 288.10,  0.091, 294.03,  0.120, 270.95,  0.004, 270.00,  0.104, 337.89,  0.116,   0.99,  0.065,  13.39,  0.046, 353.80,  0.122, 333.65,-99.000, -99.00,-99.000, -99.00,-99.000, -99.00,-99.000, -99.00,
8/25/2006 18:05:00, 12.9,275.8,  0.6,  3.6, 18.769, 28.88,  0.0,  0.0,  0.098, 189.37,  0.021,   5.44,  0.059,  26.13,  0.053, 321.84,  0.070, 275.71,  0.090, 335.71,  0.105, 287.74,  0.128, 279.90,  0.123, 263.92,  0.055, 297.03,  0.088, 291.92,  0.076,   4.51,  0.093,  12.99,  0.072,  16.93,  0.113,  10.71,  0.171,  18.01,-99.000, -99.00,-99.000, -99.00,-99.000, -99.00,-99.000, -99.00,
8/25/2006 18:10:00, 12.9,275.8,  0.7,  3.5, 18.771, 28.88,  0.0,  0.0,  0.134, 185.16,  0.047, 157.29,  0.071, 239.45,  0.038, 173.99,  0.094, 323.25,  0.035,   0.00,  0.055, 117.95,  0.090, 113.45,  0.072, 120.83,  0.048, 291.80,  0.031,  78.69,  0.061,  14.26,  0.106,  46.53,  0.042,  63.43,  0.066,  77.66,  0.125,  30.88,-99.000, -99.00,-99.000, -99.00,-99.000, -99.00,-99.000, -99.00,
8/25/2006 18:15:00, 12.9,275.8,  0.7,  3.5, 18.785, 28.90,  0.0,  0.0,  0.084, 231.77,  0.073,  61.33,  0.052,   0.00,  0.048, 320.04,  0.115,  51.73,  0.081,  20.22,  0.051,  10.20,  0.011, 280.30,  0.040, 261.47,  0.043, 284.68,  0.140, 309.49,  0.046, 293.20,  0.041, 258.69,  0.102, 321.78,  0.108, 327.49,  0.162, 329.95,-99.000, -99.00,-99.000, -99.00,-99.000, -99.00,-99.000, -99.00,
8/25/2006 18:20:00, 12.9,275.7,  0.7,  3.6, 18.786, 28.91,  0.0,  0.0,  0.089, 207.43,  0.070,  46.74,  0.046, 163.54,  0.022,  46.85,  0.017,  35.54,  0.024,  34.99,  0.055, 286.80,  0.102, 276.22,  0.090, 342.57,  0.096, 283.89,  0.052, 246.37,  0.039, 265.60,  0.153, 332.76,  0.066, 355.67,  0.087, 353.37,  0.125, 333.85,-99.000, -99.00,-99.000, -99.00,-99.000, -99.00,-99.000, -99.00,
8/25/2006 18:25:00, 12.9,275.8,  0.6,  3.6, 18.792, 28.91,  0.0,  0.0,  0.129, 138.14,  0.095, 107.10,  0.026, 349.11,  0.055,  18.10,  0.068, 287.10,  0.058,   2.96,  0.072,  15.40,  0.066,  15.71,  0.115, 313.59,  0.162, 289.44,  0.030,  13.57,  0.059, 323.90,  0.094,   0.00,  0.097,   2.36,  0.112, 358.98,  0.092,  11.31,-99.000, -99.00,-99.000, -99.00,-99.000, -99.00,-99.000, -99.00,
8/25/2006 18:30:00, 12.9,275.7,  0.7,  3.5, 18.789, 28.91,  0.0,  0.0,  0.123, 221.05,  0.093,  28.22,  0.103, 326.93,  0.063, 177.27,  0.074, 185.40,  0.040, 328.30,  0.079, 297.86,  0.053, 309.67,  0.078,  15.64,  0.075,   5.33,  0.126, 328.96,  0.010, 306.87,  0.040, 342.47,  0.085, 357.31,  0.030,  13.57,  0.135, 342.77,-99.000, -99.00,-99.000, -99.00,-99.000, -99.00,-99.000, -99.00,
8/25/2006 18:35:00, 12.9,275.8,  0.6,  3.6, 18.782, 28.90,  0.0,  0.0,  0.103, 137.35,  0.116,  32.32,  0.097, 305.33,  0.090, 286.21,  0.028, 242.53,  0.098, 347.09,  0.091, 337.96,  0.094, 335.35,  0.042, 298.39,  0.059, 302.62,  0.132, 280.46,  0.067, 290.06,  0.102, 291.80,  0.079,   0.00,  0.055, 339.93,  0.091,  41.42,-99.000, -99.00,-99.000, -99.00,-99.000, -99.00,-99.000, -99.00,
8/25/2006 18:40:00, 12.9,275.8,  0.6,  3.6, 18.778, 28.91,  0.0,  0.0,  0.097, 121.88,  0.108,  94.24,  0.053, 125.79,  0.099,  68.09,  0.006, 108.43,  0.092, 116.57,  0.041, 299.05,  0.102, 316.59,  0.113, 302.01,  0.126, 254.86,  0.136, 304.51,  0.122, 309.03,  0.095, 298.18,  0.137, 335.49,  0.075,   0.00,  0.113, 334.34,-99.000, -99.00,-99.000, -99.00,-99.000, -99.00,-99.000, -99.00,
8/25/2006 18:45:00, 12.9,275.8,  0.7,  3.5, 18.792, 28.90,  0.0,  0.0,  0.127, 209.80,  0.028, 130.60,  0.027, 270.00,  0.032, 180.00,  0.075, 327.59,  0.081, 312.51,  0.023, 287.65,  0.100, 266.57,  0.091, 248.78,  0.104, 249.12,  0.086, 260.65,  0.046, 307.87,  0.078, 307.75,  0.046, 346.26,  0.038, 333.43,  0.070,  53.13,-99.000, -99.00,-99.000, -99.00,-99.000, -99.00,-99.000, -99.00,
8/25/2006 18:50:00, 12.9,275.8,  0.7,  3.5, 18.797, 28.91,  0.0,  0.0,  0.089, 107.01,  0.144,   9.20,  0.052, 295.08,  0.082, 268.60,  0.108, 288.27,  0.102, 288.26,  0.123, 265.82,  0.123, 269.07,  0.135, 301.33,  0.145, 287.68,  0.087, 294.50,  0.134, 330.57,  0.091, 346.72,  0.124, 336.32,  0.110, 337.62,  0.088, 343.43,-99.000, -99.00,-99.000, -99.00,-99.000, -99.00,-99.000, -99.00,
8/25/2006 18:55:00, 12.9,275.8,  0.6,  3.6, 18.812, 28.91,  0.0,  0.0,  0.108, 139.51,  0.047,  56.31,  0.033,   8.62,  0.084, 206.26,  0.021, 345.96,  0.023, 285.26,  0.025, 281.77,  0.136, 290.16,  0.198, 295.79,  0.057, 314.29,  0.037, 287.45,  0.055, 338.59,  0.077, 320.76,  0.068, 307.21,  0.035, 346.76,  0.054, 334.86,-99.000, -99.00,-99.000, -99.00,-99.000, -99.00,-99.000, -99.00,
8/25/2006 19:00:00, 12.9,275.8,  0.7,  3.5, 18.824, 28.93,  0.0,  0.0,  0.083, 109.09,  0.089,   0.64,  0.033, 273.47,  0.118, 294.61,  0.042,  21.04,  0.135, 332.10,  0.095, 266.39,  0.006,  80.54,  0.048, 316.68,  0.092, 316.76,  0.118, 277.79,  0.059, 316.36,  0.054,  14.04,  0.082, 313.03,  0.106, 336.59,  0.135, 343.18,-99.000, -99.00,-99.000, -99.00,-99.000, -99.00,-99.000, -99.00,
8/25/2006 19:05:00, 12.9,275.8,  0.6,  3.6, 18.824, 28.94,  0.0,  0.0,  0.121, 105.30,  0.032, 128.66,  0.078,  42.92,  0.064,  20.97,  0.065, 329.49,  0.038,  15.12,  0.079, 293.96,  0.146, 291.29,  0.108, 315.37,  0.075, 296.22,  0.116, 325.21,  0.012, 318.37,  0.037, 295.87,  0.032,  33.69,  0.096, 346.11,  0.162, 352.92,-99.000, -99.00,-99.000, -99.00,-99.000, -99.00,-99.000, -99.00,
8/25/2006 19:10:00, 12.9,275.7,  0.6,  3.6, 18.833, 28.96,  0.0,  0.0,  0.072,  24.78,  0.047,  19.98,  0.020, 120.47,  0.082,  90.00,  0.052, 111.60,  0.034, 294.30,  0.109, 303.40,  0.069, 323.79,  0.055, 292.38,  0.096, 298.71,  0.088, 321.44,  0.119,   5.33,  0.089, 334.01,  0.080, 309.44,  0.055,  13.78,  0.121,   1.42,-99.000, -99.00,-99.000, -99.00,-99.000, -99.00,-99.000, -99.00,
8/25/2006 19:15:00, 12.9,275.8,  0.7,  3.5, 18.837, 28.97,  0.0,  0.0,  0.001, 180.00,  0.118,  93.39,  0.086, 133.58,  0.091,  95.65,  0.026,   8.75,  0.031, 262.65,  0.082, 129.54,  0.016, 194.04,  0.023,  55.62,  0.193, 106.27,  0.039, 169.56,  0.069, 154.18,  0.151, 146.63,  0.079, 159.95,  0.130, 133.75,  0.027, 197.10,-99.000, -99.00,-99.000, -99.00,-99.000, -99.00,-99.000, -99.00,
8/25/2006 19:20:00, 12.9,275.8,  0.7,  3.5, 18.828, 28.98,  0.0,  0.0,  0.023, 189.87,  0.016, 104.93,  0.116, 324.12,  0.116, 354.04,  0.027, 323.97,  0.035, 101.63,  0.009, 161.57,  0.004, 236.31,  0.038, 111.80,  0.059, 153.87,  0.021,  90.00,  0.040,  77.01,  0.064, 302.95,  0.031, 303.18,  0.064, 329.81,  0.101, 343.90,-99.000, -99.00,-99.000, -99.00,-99.000, -99.00,-99.000, -99.00,
8/25/2006 19:25:00, 12.9,275.8,  0.6,  3.6, 18.846, 28.99,  0.0,  0.0,  0.042, 135.97,  0.073,  93.92,  0.080, 357.85,  0.109, 335.56,  0.058, 223.60,  0.019, 216.25,  0.073, 233.91,  0.033, 174.81,  0.075, 170.04,  0.125, 148.72,  0.088, 228.69,  0.032, 270.00,  0.053, 317.29,  0.065,  90.88,  0.068, 352.35,  0.123,  12.23,-99.000, -99.00,-99.000, -99.00,-99.000, -99.00,-99.000, -99.00,
8/25/2006 19:30:00, 12.9,275.7,  0.6,  3.5, 18.854, 29.00,  0.0,  0.0,  0.092,  71.57,  0.031, 270.00,  0.065,  19.83,  0.043,  54.46,  0.033,  27.35,  0.068, 261.51,  0.105, 275.44,  0.034, 193.63,  0.099, 162.30,  0.029, 102.09,  0.030,  66.04,  0.019, 152.10,  0.083, 317.45,  0.052,  21.60,  0.060,   6.65,  0.073, 325.65,-99.000, -99.00,-99.000, -99.00,-99.000, -99.00,-99.000, -99.00,
8/25/2006 19:35:00, 12.9,275.7,  0.7,  3.6, 18.853, 29.01,  0.0,  0.0,  0.017, 246.37,  0.055,  76.22,  0.053,  38.83,  0.030,  93.81,  0.107, 255.96,  0.090, 284.19,  0.077, 241.45,  0.075, 260.79,  0.030, 158.55,  0.028,  90.00,  0.051, 335.92,  0.139, 279.12,  0.042, 304.44,  0.054, 273.18,  0.035,  10.01,  0.114,   4.51,-99.000, -99.00,-99.000, -99.00,-99.000, -99.00,-99.000, -99.00,
8/25/2006 19:40:00, 12.9,275.8,  0.7,  3.6, 18.861, 29.01,  0.0,  0.0,  0.086, 170.65,  0.061,  65.94,  0.101, 336.73,  0.016, 304.70,  0.036, 105.95,  0.107, 304.73,  0.079, 349.82,  0.032,  18.43,  0.068, 330.78,  0.058, 250.94,  0.114, 289.38,  0.044,  31.87,  0.108,   9.03,  0.098,  40.86,  0.070, 323.13,  0.134, 349.28,-99.000, -99.00,-99.000, -99.00,-99.000, -99.00,-99.000, -99.00,
8/25/2006 19:45:00, 12.9,275.8,  0.7,  3.5, 18.883, 29.01,  0.0,  0.0,  0.106,  24.62,  0.098, 345.26,  0.106, 354.61,  0.041,  45.00,  0.027, 259.51,  0.011,  90.00,  0.038, 127.48,  0.038,  40.76,  0.082, 342.90,  0.108, 294.66,  0.057, 348.89,  0.043, 246.97,  0.040, 124.88,  0.100, 344.29,  0.155, 327.64,  0.145,  30.28,-99.000, -99.00,-99.000, -99.00,-99.000, -99.00,-99.000, -99.00,
8/25/2006 19:50:00, 12.9,275.8,  0.7,  3.5, 18.878, 29.01,  0.0,  0.0,  0.021, 223.03,  0.017, 183.37,  0.046, 238.39,  0.071,  97.33,  0.040, 331.50,  0.021, 157.17,  0.087, 318.26,  0.062, 299.86,  0.033,   3.47,  0.125, 267.71,  0.028,  19.09,  0.053,  90.00,  0.063, 100.06,  0.075, 124.11,  0.037, 287.45,  0.162, 357.53,-99.000, -99.00,-99.000, -99.00,-99.000, -99.00,-99.000, -99.00,
8/25/2006 19:55:00, 12.9,275.8,  0.7,  3.5, 18.893, 29.01,  0.0,  0.0,  0.054, 135.00,  0.118,   0.00,  0.021,  50.91,  0.028, 310.60,  0.160, 337.27,  0.111, 327.17,  0.045, 327.72,  0.064, 249.86,  0.068, 278.49,  0.074, 242.74,  0.057, 286.22,  0.054, 270.00,  0.027, 333.43,  0.033,   8.62,  0.044, 354.81,  0.110,   2.60,-99.000, -99.00,-99.000, -99.00,-99.000, -99.00,-99.000, -99.00,
8/25/2006 20:00:00, 12.9,275.8,  0.6,  3.5, 18.897, 29.01,  0.0,  0.0,  0.022, 294.23,  0.069,  36.70,  0.049,  73.41,  0.034, 324.46,  0.069,  72.35,  0.052,   2.20,  0.118, 227.76,  0.010,  95.71,  0.056, 109.72,  0.025, 270.00,  0.047, 296.57,  0.070, 345.96,  0.040, 349.82,  0.016, 183.58,  0.051, 244.44,  0.055,   0.00,-99.000, -99.00,-99.000, -99.00,-99.000, -99.00,-99.000, -99.00,
8/25/2006 20:05:00, 12.9,275.8,  0.7,  3.5, 18.914, 29.01,  0.0,  0.0,  0.023, 329.04,  0.043,  32.57,  0.087, 292.42,  0.083,   4.82,  0.020, 237.09,  0.143, 317.27,  0.114, 328.26,  0.051, 340.50,  0.053, 303.39,  0.125,  18.73,  0.113,   9.71,  0.028,  77.47,  0.093, 289.41,  0.050, 290.96,  0.052, 343.30,  0.154, 309.47,-99.000, -99.00,-99.000, -99.00,-99.000, -99.00,-99.000, -99.00,
8/25/2006 20:10:00, 12.9,275.7,  0.6,  3.6, 18.911, 29.00,  0.0,  0.0,  0.060, 345.50,  0.130, 358.68,  0.085, 350.54,  0.161, 357.87,  0.067, 310.14,  0.014, 245.22,  0.104, 246.87,  0.043, 256.61,  0.072, 216.55,  0.021, 177.27,  0.073, 245.88,  0.047, 225.00,  0.072, 320.60,  0.023, 102.80,  0.040, 264.29,  0.001, 270.00,-99.000, -99.00,-99.000, -99.00,-99.000, -99.00,-99.000, -99.00,
8/25/2006 20:15:00, 12.9,275.8,  0.6,  3.6, 18.929, 29.00,  0.0,  0.0,  0.104,  39.17,  0.049, 353.02,  0.112, 357.95,  0.158, 320.15,  0.080,  22.73,  0.093, 321.53,  0.052, 315.78,  0.063, 316.93,  0.033,  10.62,  0.091, 271.26,  0.002,   0.00,  0.043, 310.31,  0.085, 296.57,  0.023, 347.20,  0.028,  22.93,  0.018, 247.62,-99.000, -99.00,-99.000, -99.00,-99.000, -99.00,-99.000, -99.00,
8/25/2006 20:20:00, 12.9,275.8,  0.7,  3.5, 18.935, 29.00,  0.0,  0.0,  0.073, 262.09,  0.028, 337.07,  0.021,   0.00,  0.064, 349.22,  0.039,   0.00,  0.125, 323.13,  0.102,  26.31,  0.029, 352.15,  0.060, 289.33,  0.034, 319.76,  0.107, 287.93,  0.078, 330.16,  0.046, 343.54,  0.070, 320.83,  0.068, 336.47,  0.077, 262.50,-99.000, -99.00,-99.000, -99.00,-99.000, -99.00,-99.000, -99.00,
8/25/2006 20:25:00, 12.9,275.8,  0.7,  3.6, 18.944, 29.00,  0.0,  0.0,  0.024,  92.39,  0.081, 318.01,  0.080, 244.72,  0.130, 231.89,  0.094, 338.09,  0.064, 344.67,  0.020, 270.00,  0.073, 275.48,  0.093, 311.07,  0.087, 302.77,  0.073, 273.92,  0.086, 257.25,  0.059, 277.85,  0.088, 257.54,  0.085, 273.37,  0.046, 290.41,-99.000, -99.00,-99.000, -99.00,-99.000, -99.00,-99.000, -99.00,
8/25/2006 20:30:00, 12.9,275.8,  0.7,  3.6, 18.943, 29.00,  0.0,  0.0,  0.041,  52.00,  0.168, 300.08,  0.140, 310.07,  0.059, 327.38,  0.135, 278.07,  0.098, 335.80,  0.113, 300.44,  0.083, 258.15,  0.022, 339.15,  0.106, 246.59,  0.053, 167.01,  0.064, 284.47,  0.096, 311.63,  0.116, 326.58,  0.037, 325.01,  0.096, 250.63,-99.000, -99.00,-99.000, -99.00,-99.000, -99.00,-99.000, -99.00,
8/25/2006 20:35:00, 12.9,275.7,  0.6,  3.5, 18.956, 29.00,  0.0,  0.0,  0.092,  55.62,  0.118, 322.94,  0.118, 321.19,  0.110, 264.81,  0.060, 308.21,  0.079, 317.58,  0.094, 318.47,  0.112, 283.42,  0.036, 328.50,  0.046,   7.43,  0.090, 256.58,  0.108, 292.29,  0.066, 269.13,  0.099, 272.89,  0.059, 280.74,  0.088, 183.90,-99.000, -99.00,-99.000, -99.00,-99.000, -99.00,-99.000, -99.00,
8/25/2006 20:40:00, 12.9,275.8,  0.6,  3.6, 18.946, 29.00,  0.0,  0.0,  0.071,   8.13,  0.100, 316.61,  0.079, 335.38,  0.102, 268.32,  0.082, 322.43,  0.075, 305.80,  0.131, 320.25,  0.112, 335.73,  0.067, 328.45,  0.101, 283.76,  0.131, 294.81,  0.113, 290.20,  0.074, 306.71,  0.072, 328.08,  0.079,  13.16,  0.094, 232.77,-99.000, -99.00,-99.000, -99.00,-99.000, -99.00,-99.000, -99.00,
8/25/2006 20:45:00, 12.9,275.8,  0.6,  3.5, 18.929, 29.00,  0.0,  0.0,  0.077, 261.03,  0.041,  41.05,  0.131, 336.17,  0.100, 305.27,  0.047, 306.38,  0.150, 331.39,  0.069, 333.43,  0.162, 319.74,  0.108, 295.14,  0.107, 302.35,  0.068, 327.01,  0.161, 273.20,  0.097, 287.32,  0.079, 328.91,  0.106, 345.83,  0.038, 217.48,-99.000, -99.00,-99.000, -99.00,-99.000, -99.00,-99.000, -99.00,
8/25/2006 20:50:00, 12.9,275.7,  0.7,  3.5, 18.938, 29.00,  0.0,  0.0,  0.056, 335.73,  0.128, 311.52,  0.090, 297.14,  0.064, 346.40,  0.051, 264.40,  0.025, 270.00,  0.021,  25.35,  0.039, 235.49,  0.026, 261.25,  0.124, 259.78,  0.164, 273.14,  0.071, 253.61,  0.019, 235.49,  0.023, 270.00,  0.090, 297.70,  0.067, 200.06,-99.000, -99.00,-99.000, -99.00,-99.000, -99.00,-99.000, -99.00,
8/25/2006 20:55:00, 12.9,275.7,  0.7,  3.6, 18.933, 28.99,  0.0,  0.0,  0.106, 291.50,  0.047, 311.53,  0.113, 317.86,  0.156,   0.00,  0.051, 297.07,  0.127, 342.57,  0.145, 311.93,  0.147, 274.28,  0.122, 296.77,  0.011, 243.43,  0.063, 298.61,  0.111, 272.06,  0.108, 248.89,  0.077, 324.03,  0.107, 328.39,  0.086, 289.07,-99.000, -99.00,-99.000, -99.00,-99.000, -99.00,-99.000, -99.00,
8/25/2006 21:00:00, 12.9,275.7,  0.7,  3.6, 18.947, 28.99,  0.0,  0.0,  0.123, 318.95,  0.113, 341.89,  0.119, 287.07,  0.051,   5.60,  0.040, 235.12,  0.080, 328.30,  0.095, 295.49,  0.053, 355.68,  0.103, 258.80,  0.131, 276.15,  0.149, 284.41,  0.148, 270.00,  0.157, 270.36,  0.124, 270.92,  0.036, 289.44,  0.093, 187.43,-99.000, -99.00,-99.000, -99.00,-99.000, -99.00,-99.000, -99.00,
8/25/2006 21:05:00, 12.9,275.8,  0.6,  3.6, 18.952, 28.98,  0.0,  0.0,  0.119,   8.20,  0.034,   0.00,  0.078, 356.33,  0.144, 307.67,  0.153, 311.29,  0.087, 331.97,  0.025,  64.44,  0.022, 103.39,  0.167, 284.95,  0.036, 328.50,  0.053, 293.20,  0.106, 293.91,  0.087, 292.42,  0.197, 290.56,  0.112, 333.43,  0.074, 257.47,-99.000, -99.00,-99.000, -99.00,-99.000, -99.00,-99.000, -99.00,
8/25/2006 21:10:00, 12.9,275.8,  0.7,  3.5, 18.943, 28.98,  0.0,  0.0,  0.028,  71.57,  0.100, 354.23,  0.045, 288.03,  0.088, 315.92,  0.038, 320.39,  0.122, 317.00,  0.034, 294.30,  0.062, 257.97,  0.069, 267.51,  0.038, 228.24,  0.066, 253.22,  0.097, 274.13,  0.110, 301.23,  0.066, 340.46,  0.117, 305.59,  0.070, 234.94,-99.000, -99.00,-99.000, -99.00,-99.000, -99.00,-99.000, -99.00,
8/25/2006 21:15:00, 12.9,275.8,  0.7,  3.6, 18.963, 28.98,  0.0,  0.0,  0.134,   2.56,  0.169, 350.09,  0.017,  49.76,  0.124,  13.03,  0.103, 315.78,  0.095, 346.55,  0.136,  12.71,  0.068, 327.01,  0.064, 324.57,  0.066, 326.07,  0.194, 291.14,  0.080, 302.69,  0.070, 326.08,  0.105, 304.90,  0.050, 331.39,  0.046, 200.41,-99.000, -99.00,-99.000, -99.00,-99.000, -99.00,-99.000, -99.00,
8/25/2006 21:20:00, 12.9,275.7,  0.7,  3.6, 18.980, 28.97,  0.0,  0.0,  0.059, 340.02,  0.095, 343.47,  0.092, 320.27,  0.072, 346.35,  0.195, 348.75,  0.094, 295.75,  0.085, 339.21,  0.057, 297.01,  0.086, 269.33,  0.093,  25.46,  0.069, 343.94,  0.102, 262.11,  0.042, 152.82,  0.015, 281.31,  0.074, 341.81,  0.119, 196.14,-99.000, -99.00,-99.000, -99.00,-99.000, -99.00,-99.000, -99.00,
8/25/2006 21:25:00, 12.9,275.7,  0.7,  3.5, 18.974, 28.97,  0.0,  0.0,  0.132, 298.89,  0.098, 328.74,  0.089, 310.88,  0.052,  16.70,  0.062, 318.90,  0.140, 342.99,  0.136, 326.08,  0.145, 294.08,  0.089, 295.99,  0.195, 306.05,  0.120, 298.92,  0.114, 281.60,  0.107, 256.48,  0.039, 258.11,  0.102, 277.33,  0.108, 199.44,-99.000, -99.00,-99.000, -99.00,-99.000, -99.00,-99.000, -99.00,
8/25/2006 21:30:00, 12.9,275.8,  0.6,  3.5, 18.967, 28.97,  0.0,  0.0,  0.152,   1.13,  0.108, 312.74,  0.142, 305.82,  0.183, 324.13,  0.071, 313.30,  0.141, 341.82,  0.036, 328.50,  0.044, 249.90,  0.113, 296.79,  0.132, 295.20,  0.070, 312.11,  0.167, 304.74,  0.081, 301.93,  0.039, 212.47,  0.088, 218.56,  0.133, 223.78,-99.000, -99.00,-99.000, -99.00,-99.000, -99.00,-99.000, -99.00,
8/25/2006 21:35:00, 12.9,275.7,  0.7,  3.6, 18.993, 28.97,  0.0,  0.0,  0.113, 327.30,  0.161, 341.57,  0.074, 357.68,  0.055, 341.90,  0.105, 313.45,  0.095, 305.54,  0.084, 325.18,  0.096, 299.23,  0.032, 275.36,  0.085, 256.45,  0.042, 227.91,  0.131, 287.33,  0.071, 297.65,  0.076, 333.43,  0.079, 346.14,  0.015, 151.70,-99.000, -99.00,-99.000, -99.00,-99.000, -99.00,-99.000, -99.00,
8/25/2006 21:40:00, 12.9,275.8,  0.6,  3.6, 18.991, 28.97,  0.0,  0.0,  0.079, 339.27,  0.138, 319.98,  0.089, 319.12,  0.036,  22.99,  0.050, 333.95,  0.100, 309.73,  0.032, 235.30,  0.112, 263.83,  0.111, 264.85,  0.172, 267.67,  0.106, 260.80,  0.138, 270.00,  0.069, 279.19,  0.074, 283.28,  0.131, 279.25,  0.135, 179.58,-99.000, -99.00,-99.000, -99.00,-99.000, -99.00,-99.000, -99.00,
8/25/2006 21:45:00, 12.9,275.8,  0.7,  3.5, 18.990, 28.96,  0.0,  0.0,  0.120, 287.98,  0.188, 314.57,  0.094, 344.64,  0.154, 329.10,  0.145,   7.91,  0.128, 307.05,  0.095, 337.75,  0.092, 313.24,  0.091, 319.47,  0.095, 307.72,  0.071, 253.61,  0.081, 301.93,  0.026, 349.11,  0.077, 261.76,  0.038, 330.07,  0.038, 193.67,-99.000, -99.00,-99.000, -99.00,-99.000, -99.00,-99.000, -99.00,
8/25/2006 21:50:00, 12.9,275.8,  0.6,  3.6, 18.990, 28.96,  0.0,  0.0,  0.174, 313.60,  0.098, 345.82,  0.074, 280.86,  0.038, 344.88,  0.126, 301.04,  0.110, 315.73,  0.128, 337.45,  0.057, 317.86,  0.156, 307.46,  0.057, 312.14,  0.058, 279.95,  0.072, 320.09,  0.150, 287.10,  0.144, 270.40,  0.089, 278.40,  0.089, 221.37,-99.000, -99.00,-99.000, -99.00,-99.000, -99.00,-99.000, -99.00,
8/25/2006 21:55:00, 12.8,275.7,  0.7,  3.5, 19.005, 28.96,  0.0,  0.0,  0.137, 278.84,  0.072, 332.02,  0.180, 332.86,  0.106,   0.54,  0.151, 323.36,  0.187, 289.41,  0.123, 277.47,  0.187, 284.85,  0.118, 301.80,  0.130, 292.21,  0.193, 274.17,  0.173, 286.45,  0.079, 316.55,  0.067, 288.17,  0.168, 317.66,  0.105, 259.01,-99.000, -99.00,-99.000, -99.00,-99.000, -99.00,-99.000, -99.00,
8/25/2006 22:00:00, 12.8,275.8,  0.7,  3.6, 18.993, 28.96,  0.0,  0.0,  0.136, 278.91,  0.140, 358.36,  0.092, 353.73,  0.081, 285.07,  0.157, 299.34,  0.159, 284.21,  0.178, 295.99,  0.153, 283.58,  0.179, 291.98,  0.059, 282.63,  0.096, 299.23,  0.164, 278.77,  0.146, 290.42,  0.107, 282.47,  0.035, 349.99,  0.101, 231.43,-99.000, -99.00,-99.000, -99.00,-99.000, -99.00,-99.000, -99.00,
8/25/2006 22:05:00, 12.8,275.7,  0.7,  3.5, 18.992, 28.96,  0.0,  0.0,  0.099, 332.92,  0.066, 307.04,  0.082, 329.39,  0.078, 265.60,  0.128, 281.75,  0.126, 283.27,  0.102, 287.19,  0.183, 281.68,  0.173, 308.19,  0.238, 291.49,  0.156, 297.55,  0.112, 271.02,  0.125, 255.63,  0.178, 268.07,  0.091, 284.04,  0.087, 193.24,-99.000, -99.00,-99.000, -99.00,-99.000, -99.00,-99.000, -99.00,
8/25/2006 22:10:00, 12.8,275.7,  0.6,  3.6, 18.996, 28.96,  0.0,  0.0,  0.060, 289.33,  0.071, 326.53,  0.112, 267.95,  0.059, 278.82,  0.066, 308.25,  0.124, 279.31,  0.138, 275.83,  0.167, 304.26,  0.116, 319.18,  0.066, 306.35,  0.094, 281.07,  0.076, 317.68,  0.107, 310.83,  0.002,  26.57,  0.052, 296.08,  0.126, 207.38,-99.000, -99.00,-99.000, -99.00,-99.000, -99.00,-99.000, -99.00,
8/25/2006 22:15:00, 12.8,275.7,  0.7,  3.6, 18.997, 28.96,  0.0,  0.0,  0.096, 329.96,  0.194, 304.92,  0.178, 327.65,  0.191, 305.19,  0.183, 300.91,  0.153, 256.42,  0.129, 280.27,  0.283, 279.56,  0.187, 270.31,  0.258, 301.23,  0.163, 287.10,  0.143, 271.20,  0.094, 298.47,  0.142, 281.39,  0.110, 331.81,  0.032, 118.18,-99.000, -99.00,-99.000, -99.00,-99.000, -99.00,-99.000, -99.00,
8/25/2006 22:20:00, 12.8,275.8,  0.7,  3.6, 18.988, 28.96,  0.0,  0.0,  0.153, 328.07,  0.194, 308.94,  0.201, 300.77,  0.156, 290.98,  0.117, 267.55,  0.036, 273.18,  0.147, 286.21,  0.209, 256.70,  0.102, 292.53,  0.173, 283.71,  0.248, 258.37,  0.190, 273.91,  0.111, 280.40,  0.111, 297.95,  0.077, 340.40,  0.074, 224.45,-99.000, -99.00,-99.000, -99.00,-99.000, -99.00,-99.000, -99.00,
8/25/2006 22:25:00, 12.8,275.8,  0.6,  3.6, 18.996, 28.96,  0.0,  0.0,  0.092, 310.13,  0.164,   5.26,  0.173, 289.27,  0.104, 329.23,  0.161, 305.17,  0.175, 289.06,  0.188, 280.41,  0.144, 288.69,  0.145, 288.06,  0.194, 292.08,  0.145, 281.93,  0.190, 284.62,  0.151, 278.40,  0.122, 258.14,  0.116, 302.32,  0.009,   0.00,-99.000, -99.00,-99.000, -99.00,-99.000, -99.00,-99.000, -99.00,
8/25/2006 22:30:00, 12.8,275.8,  0.7,  3.5, 18.996, 28.96,  0.0,  0.0,  0.136, 277.18,  0.047, 330.71,  0.162, 308.22,  0.115, 328.10,  0.077, 286.56,  0.221, 285.23,  0.148, 291.01,  0.198, 290.08,  0.193, 291.25,  0.209, 288.95,  0.197, 276.69,  0.124, 285.95,  0.109, 284.93,  0.143, 289.57,  0.034, 312.61,  0.063, 241.39,-99.000, -99.00,-99.000, -99.00,-99.000, -99.00,-99.000, -99.00,
8/25/2006 22:35:00, 12.8,275.8,  0.7,  3.5, 18.982, 28.96,  0.0,  0.0,  0.113, 317.15,  0.164, 311.05,  0.186, 294.50,  0.180, 303.69,  0.116, 295.02,  0.152, 289.15,  0.127, 300.81,  0.208, 300.63,  0.123, 294.06,  0.177, 267.74,  0.197, 306.52,  0.148, 291.01,  0.206, 275.57,  0.151, 276.47,  0.102, 297.57,  0.093, 233.75,-99.000, -99.00,-99.000, -99.00,-99.000, -99.00,-99.000, -99.00,
8/25/2006 22:40:00, 12.8,275.8,  0.6,  3.5, 18.982, 28.96,  0.0,  0.0,  0.118, 321.87,  0.144, 296.74,  0.034, 281.98,  0.159, 322.41,  0.151, 314.19,  0.123, 306.40,  0.079, 319.09,  0.151, 314.46,  0.180, 277.99,  0.138, 270.00,  0.150, 271.15,  0.115, 274.47,  0.128, 305.17,  0.130, 310.65,  0.158, 302.89,  0.083, 231.34,-99.000, -99.00,-99.000, -99.00,-99.000, -99.00,-99.000, -99.00,
8/25/2006 22:45:00, 12.8,275.7,  0.6,  3.6, 18.991, 28.96,  0.0,  0.0,  0.161, 349.60,  0.133, 303.33,  0.128, 320.71,  0.034, 305.54,  0.173, 305.81,  0.203, 308.62,  0.127, 285.57,  0.145, 294.97,  0.212, 273.24,  0.279, 266.72,  0.206, 295.94,  0.204, 278.72,  0.180, 279.25,  0.161, 260.71,  0.192, 272.39,  0.096, 216.51,-99.000, -99.00,-99.000, -99.00,-99.000, -99.00,-99.000, -99.00,
8/25/2006 22:50:00, 12.8,275.8,  0.7,  3.5, 18.994, 28.96,  0.0,  0.0,  0.127, 287.43,  0.125, 339.39,  0.091, 349.19,  0.226, 304.74,  0.165, 275.92,  0.274, 291.22,  0.109, 254.56,  0.148, 280.10,  0.124, 269.54,  0.124, 276.03,  0.219, 277.87,  0.151, 237.47,  0.248, 261.90,  0.176, 279.14,  0.102, 295.05,  0.081, 218.99,-99.000, -99.00,-99.000, -99.00,-99.000, -99.00,-99.000, -99.00,
8/25/2006 22:55:00, 12.8,275.8,  0.6,  3.5, 18.987, 28.96,  0.0,  0.0,  0.171, 321.39,  0.136, 306.62,  0.131, 300.29,  0.173, 328.70,  0.188, 309.38,  0.190, 334.11,  0.223, 322.67,  0.221, 315.73,  0.243, 299.10,  0.175, 299.79,  0.253, 306.64,  0.236, 297.22,  0.152, 282.12,  0.181, 280.81,  0.208, 289.91,  0.093, 243.71,-99.000, -99.00,-99.000, -99.00,-99.000, -99.00,-99.000, -99.00,
8/25/2006 23:00:00, 12.8,275.7,  0.7,  3.6, 18.995, 28.97,  0.0,  0.0,  0.195, 338.96,  0.089, 336.04,  0.158, 303.08,  0.151, 330.21,  0.170, 322.18,  0.190, 331.68,  0.162, 313.75,  0.143, 305.35,  0.181, 306.24,  0.193, 307.23,  0.231, 304.93,  0.168, 293.51,  0.166, 317.45,  0.144, 286.16,  0.157, 299.84,  0.078, 280.30,-99.000, -99.00,-99.000, -99.00,-99.000, -99.00,-99.000, -99.00,
8/25/2006 23:05:00, 12.8,275.7,  0.7,  3.6, 18.975, 28.97,  0.0,  0.0,  0.155, 315.78,  0.218, 332.96,  0.138, 357.10,  0.067, 294.66,  0.088, 333.73,  0.193, 302.95,  0.206, 312.84,  0.215, 303.62,  0.226, 320.03,  0.192, 301.12,  0.119, 347.37,  0.173, 306.54,  0.278, 306.38,  0.231, 304.24,  0.219, 307.76,  0.136, 301.47,-99.000, -99.00,-99.000, -99.00,-99.000, -99.00,-99.000, -99.00,
8/25/2006 23:10:00, 12.8,275.7,  0.7,  3.6, 18.981, 28.97,  0.0,  0.0,  0.093, 326.82,  0.051, 330.40,  0.098, 242.13,  0.147, 274.28,  0.134, 286.53,  0.200, 285.63,  0.226, 282.01,  0.198, 295.40,  0.292, 287.75,  0.202, 312.60,  0.152, 269.62,  0.192, 284.76,  0.182, 284.95,  0.092, 300.75,  0.115, 335.22,  0.156, 317.33,-99.000, -99.00,-99.000, -99.00,-99.000, -99.00,-99.000, -99.00,
8/25/2006 23:15:00, 12.8,275.8,  0.7,  3.5, 18.985, 28.97,  0.0,  0.0,  0.088, 329.37,  0.157, 317.58,  0.154, 310.52,  0.140, 280.67,  0.168, 321.77,  0.140, 317.89,  0.192, 335.43,  0.180, 294.58,  0.173, 285.08,  0.195, 286.95,  0.096, 289.37,  0.059, 250.35,  0.087, 341.15,  0.146, 288.31,  0.215, 286.49,  0.140, 298.58,-99.000, -99.00,-99.000, -99.00,-99.000, -99.00,-99.000, -99.00,
8/25/2006 23:20:00, 12.8,275.8,  0.6,  3.5, 18.969, 28.97,  0.0,  0.0,  0.239, 295.28,  0.163, 331.08,  0.206, 335.05,  0.158, 297.54,  0.150, 300.50,  0.114, 274.01,  0.159, 282.37,  0.134, 271.28,  0.193, 288.43,  0.228, 291.61,  0.107, 293.20,  0.196, 296.04,  0.178, 296.28,  0.176, 294.52,  0.229, 304.32,  0.224, 308.10,-99.000, -99.00,-99.000, -99.00,-99.000, -99.00,-99.000, -99.00,
8/25/2006 23:25:00, 12.8,275.8,  0.6,  3.6, 18.956, 28.97,  0.0,  0.0,  0.227, 304.25,  0.176, 320.98,  0.099, 303.05,  0.133, 288.02,  0.083, 326.31,  0.110, 294.70,  0.192, 283.89,  0.146, 298.14,  0.201, 287.08,  0.149, 285.15,  0.147, 313.35,  0.281, 275.10,  0.215, 264.93,  0.297, 283.85,  0.185, 316.31,  0.206, 313.62,-99.000, -99.00,-99.000, -99.00,-99.000, -99.00,-99.000, -99.00,
8/25/2006 23:30:00, 12.8,275.8,  0.6,  3.5, 18.955, 28.97,  0.0,  0.0,  0.230, 303.14,  0.201, 357.72,  0.171, 321.39,  0.187, 279.21,  0.123, 306.40,  0.232, 282.72,  0.199, 296.82,  0.180, 289.44,  0.183, 300.91,  0.219, 300.43,  0.258, 284.57,  0.195, 294.20,  0.252, 286.63,  0.280, 286.82,  0.233, 302.74,  0.127, 315.64,-99.000, -99.00,-99.000, -99.00,-99.000, -99.00,-99.000, -99.00,
8/25/2006 23:35:00, 12.8,275.7,  0.6,  3.6, 18.951, 28.97,  0.0,  0.0,  0.161, 272.13,  0.216, 313.69,  0.169, 317.16,  0.169, 306.60,  0.230, 282.04,  0.246, 282.68,  0.187, 301.23,  0.173, 294.64,  0.210, 296.32,  0.175, 289.06,  0.218, 299.16,  0.206, 317.16,  0.133, 286.66,  0.198, 303.05,  0.220, 309.47,  0.119, 321.49,-99.000, -99.00,-99.000, -99.00,-99.000, -99.00,-99.000, -99.00,
8/25/2006 23:40:00, 12.8,275.7,  0.7,  3.5, 18.953, 28.96,  0.0,  0.0,  0.188, 315.43,  0.132, 300.07,  0.154, 331.77,  0.118, 323.62,  0.156, 290.30,  0.155, 305.84,  0.088, 338.08,  0.107, 321.09,  0.202, 308.97,  0.151, 303.69,  0.174, 297.30,  0.183, 298.66,  0.170, 292.80,  0.202, 277.41,  0.110, 287.94,  0.088, 279.78,-99.000, -99.00,-99.000, -99.00,-99.000, -99.00,-99.000, -99.00,
8/25/2006 23:45:00, 12.8,275.8,  0.6,  3.6, 18.964, 28.95,  0.0,  0.0,  0.175,   2.29,  0.182, 324.83,  0.123, 316.32,  0.078, 296.57,  0.131, 301.87,  0.106, 324.96,  0.180, 316.35,  0.107, 342.58,  0.163, 283.87,  0.151, 298.09,  0.213, 298.85,  0.200, 315.20,  0.138, 315.88,  0.120, 302.36,  0.210, 299.74,  0.064, 320.08,-99.000, -99.00,-99.000, -99.00,-99.000, -99.00,-99.000, -99.00,
8/25/2006 23:50:00, 12.8,275.7,  0.7,  3.6, 18.969, 28.94,  0.0,  0.0,  0.172, 316.18,  0.194, 310.41,  0.211, 319.22,  0.185, 337.45,  0.121, 352.87,  0.149, 328.77,  0.129, 314.69,  0.146, 302.38,  0.166, 327.26,  0.184, 346.49,  0.140, 327.56,  0.220, 332.39,  0.211, 326.61,  0.162, 319.01,  0.106, 324.21,  0.066, 311.92,-99.000, -99.00,-99.000, -99.00,-99.000, -99.00,-99.000, -99.00,
8/25/2006 23:55:00, 12.8,275.9,  0.7,  3.6, 18.958, 28.94,  0.0,  0.0,  0.215, 296.57,  0.179, 305.46,  0.109, 295.62,  0.137, 259.92,  0.172, 317.12,  0.196, 290.93,  0.196, 302.47,  0.148, 287.33,  0.147, 277.03,  0.150, 276.89,  0.181, 270.00,  0.180, 277.32,  0.178, 276.13,  0.221, 278.86,  0.074, 305.63,  0.040, 244.72,-99.000, -99.00,-99.000, -99.00,-99.000, -99.00,-99.000, -99.00,
8/26/2006 00:00:00, 12.8,275.6,  0.6,  3.5, 18.941, 28.94,  0.0,  0.0,  0.233, 294.04,  0.256, 336.54,  0.147, 328.37,  0.210, 320.02,  0.130, 326.31,  0.184, 309.93,  0.111, 301.41,  0.072, 320.09,  0.125, 316.95,  0.097, 283.75,  0.033, 238.74,  0.100, 283.90,  0.097, 271.77,  0.108, 256.09,  0.074, 287.22,  0.117, 300.96,-99.000, -99.00,-99.000, -99.00,-99.000, -99.00,-99.000, -99.00,
8/26/2006 00:05:00, 12.8,275.8,  0.7,  3.5, 18.936, 28.94,  0.0,  0.0,  0.097, 301.07,  0.195, 303.93,  0.030, 306.87,  0.146, 315.00,  0.188, 319.53,  0.110, 271.56,  0.178, 317.73,  0.190, 314.79,  0.081, 293.39,  0.222, 288.11,  0.170, 283.95,  0.136, 278.43,  0.161, 260.01,  0.253, 271.36,  0.221, 294.83,  0.087, 313.60,-99.000, -99.00,-99.000, -99.00,-99.000, -99.00,-99.000, -99.00,
8/26/2006 00:10:00, 12.8,275.7,  0.7,  3.5, 18.931, 28.93,  0.0,  0.0,  0.109, 315.74,  0.090, 268.09,  0.102, 303.85,  0.137, 281.80,  0.127, 299.80,  0.140, 287.01,  0.147, 311.15,  0.137, 296.38,  0.178, 297.14,  0.174, 311.50,  0.157, 307.75,  0.096, 304.35,  0.118, 305.31,  0.133, 286.66,  0.120, 276.23,  0.166, 254.29,-99.000, -99.00,-99.000, -99.00,-99.000, -99.00,-99.000, -99.00,
8/26/2006 00:15:00, 12.8,275.8,  0.6,  3.6, 18.920, 28.92,  0.0,  0.0,  0.163, 310.53,  0.137, 348.61,  0.090, 352.95,  0.100,   1.72,  0.171,  18.01,  0.005, 323.13,  0.055, 309.81,  0.076, 330.07,  0.101, 285.55,  0.130, 306.87,  0.152, 297.07,  0.180, 291.45,  0.185, 285.39,  0.132, 271.74,  0.136, 284.44,  0.097, 249.51,-99.000, -99.00,-99.000, -99.00,-99.000, -99.00,-99.000, -99.00,
8/26/2006 00:20:00, 12.8,275.9,  0.7,  3.5, 18.923, 28.91,  0.0,  0.0,  0.151, 345.04,  0.216, 332.72,  0.146, 337.83,  0.072,  28.35,  0.083, 258.15,  0.117, 291.07,  0.154, 302.24,  0.140, 279.06,  0.109, 271.58,  0.110, 284.16,  0.125, 257.52,  0.137, 276.29,  0.237, 276.29,  0.167, 274.48,  0.178, 280.36,  0.094, 270.61,-99.000, -99.00,-99.000, -99.00,-99.000, -99.00,-99.000, -99.00,
8/26/2006 00:25:00, 12.8,275.7,  0.7,  3.5, 18.919, 28.91,  0.0,  0.0,  0.115, 294.57,  0.161, 297.84,  0.107, 323.34,  0.110, 300.52,  0.097, 340.82,  0.104, 317.73,  0.112, 334.58,  0.132, 322.09,  0.156, 313.19,  0.161, 305.37,  0.177, 279.78,  0.033, 302.74,  0.136, 270.84,  0.174, 258.04,  0.105, 266.73,  0.107, 296.09,-99.000, -99.00,-99.000, -99.00,-99.000, -99.00,-99.000, -99.00,
8/26/2006 00:30:00, 12.8,275.8,  0.7,  3.5, 18.911, 28.91,  0.0,  0.0,  0.107, 333.43,  0.118, 307.06,  0.043, 303.69,  0.077, 295.24,  0.190, 320.35,  0.176, 288.95,  0.098, 322.90,  0.085, 334.04,  0.168, 283.46,  0.105, 326.61,  0.178, 289.65,  0.155, 304.51,  0.090, 288.84,  0.140, 283.64,  0.130, 277.07,  0.078, 262.60,-99.000, -99.00,-99.000, -99.00,-99.000, -99.00,-99.000, -99.00,
8/26/2006 00:35:00, 12.8,275.8,  0.7,  3.5, 18.915, 28.91,  0.0,  0.0,  0.220, 328.41,  0.068, 337.57,  0.139, 309.43,  0.081, 305.46,  0.116, 286.08,  0.105, 312.68,  0.117, 319.50,  0.151, 301.48,  0.172, 280.39,  0.183, 312.78,  0.169, 288.97,  0.139, 299.34,  0.149, 276.17,  0.172, 277.00,  0.096, 285.78,  0.088, 269.35,-99.000, -99.00,-99.000, -99.00,-99.000, -99.00,-99.000, -99.00,
8/26/2006 00:40:00, 12.8,275.7,  0.7,  3.5, 18.909, 28.91,  0.0,  0.0,  0.116, 268.52,  0.139, 265.48,  0.103, 269.44,  0.143, 340.43,  0.122, 304.99,  0.145, 324.00,  0.134, 306.53,  0.143,   1.20,  0.175, 340.32,  0.169, 312.84,  0.149, 284.41,  0.141, 294.75,  0.140, 298.22,  0.129, 287.17,  0.080, 276.50,  0.185, 334.40,-99.000, -99.00,-99.000, -99.00,-99.000, -99.00,-99.000, -99.00,
8/26/2006 00:45:00, 12.8,275.8,  0.6,  3.6, 18.905, 28.90,  0.0,  0.0,  0.191, 323.73,  0.218, 326.60,  0.149, 314.73,  0.167, 315.49,  0.127, 314.68,  0.132, 312.54,  0.136, 316.19,  0.150, 345.69,  0.145, 319.74,  0.103, 290.56,  0.128, 289.56,  0.171, 298.66,  0.183, 291.10,  0.137, 276.29,  0.172, 270.00,  0.069, 235.62,-99.000, -99.00,-99.000, -99.00,-99.000, -99.00,-99.000, -99.00,
8/26/2006 00:50:00, 12.8,275.8,  0.6,  3.6, 18.882, 28.90,  0.0,  0.0,  0.052, 310.36,  0.132, 280.89,  0.089, 256.43,  0.071, 287.16,  0.129, 324.46,  0.125, 280.14,  0.090, 313.65,  0.119, 337.31,  0.068, 320.95,  0.084, 292.31,  0.128, 298.57,  0.113, 302.70,  0.105, 271.64,  0.112, 238.86,  0.121, 265.75,  0.130, 258.95,-99.000, -99.00,-99.000, -99.00,-99.000, -99.00,-99.000, -99.00,
8/26/2006 00:55:00, 12.8,275.7,  0.7,  3.6, 18.879, 28.90,  0.0,  0.0,  0.107, 355.19,  0.130, 341.57,  0.148,  21.87,  0.069, 259.18,  0.078, 323.86,  0.109, 349.93,  0.083, 319.40,  0.118, 300.47,  0.079, 346.14,  0.042, 274.09,  0.054, 306.03,  0.134, 254.82,  0.130, 254.78,  0.120, 229.40,  0.056, 240.26,  0.155, 273.69,-99.000, -99.00,-99.000, -99.00,-99.000, -99.00,-99.000, -99.00,
8/26/2006 01:00:00, 12.8,275.8,  0.7,  3.5, 18.883, 28.90,  0.0,  0.0,  0.036, 344.05,  0.121, 323.41,  0.068, 294.30,  0.070, 355.10,  0.079, 316.55,  0.140,   2.05,  0.074, 316.10,  0.017, 346.76,  0.094, 312.85,  0.012,  94.76,  0.124, 258.87,  0.130, 221.89,  0.114, 250.45,  0.119, 238.71,  0.039, 221.88,  0.082, 304.08,-99.000, -99.00,-99.000, -99.00,-99.000, -99.00,-99.000, -99.00,
8/26/2006 01:05:00, 12.8,275.7,  0.6,  3.6, 18.872, 28.90,  0.0,  0.0,  0.112, 311.38,  0.247, 333.02,  0.013, 302.47,  0.131, 293.43,  0.130, 289.83,  0.020, 323.13,  0.055,  36.87,  0.125, 315.32,  0.072, 317.83,  0.087, 344.05,  0.118, 248.02,  0.098, 258.80,  0.106, 278.13,  0.083, 265.87,  0.035, 259.99,  0.112, 336.87,-99.000, -99.00,-99.000, -99.00,-99.000, -99.00,-99.000, -99.00,
8/26/2006 01:10:00, 12.8,275.7,  0.6,  3.5, 18.861, 28.90,  0.0,  0.0,  0.131, 325.22,  0.149, 267.31,  0.057,   5.01,  0.070, 353.48,  0.051, 284.86,  0.043, 350.54,  0.040,   0.00,  0.022, 346.61,  0.142, 270.40,  0.140, 278.19,  0.050, 277.97,  0.079, 246.99,  0.148, 251.44,  0.096, 246.64,  0.024, 213.02,  0.099, 272.31,-99.000, -99.00,-99.000, -99.00,-99.000, -99.00,-99.000, -99.00,
8/26/2006 01:15:00, 12.8,275.7,  0.7,  3.6, 18.860, 28.90,  0.0,  0.0,  0.103, 282.29,  0.051, 349.80,  0.068, 257.20,  0.183, 328.39,  0.084, 216.33,  0.056, 337.07,  0.055, 350.54,  0.085, 256.45,  0.149, 269.23,  0.132, 244.80,  0.087, 219.89,  0.075, 238.64,  0.011, 315.00,  0.110, 251.40,  0.101, 254.45,  0.148, 241.70,-99.000, -99.00,-99.000, -99.00,-99.000, -99.00,-99.000, -99.00,
8/26/2006 01:20:00, 12.8,275.8,  0.7,  3.5, 18.858, 28.90,  0.0,  0.0,  0.109, 289.94,  0.057, 287.47,  0.033,  10.62,  0.066, 349.54,  0.055, 357.92,  0.076,  13.67,  0.052,  30.96,  0.047, 321.91,  0.049, 289.18,  0.037, 295.87,  0.068, 197.90,  0.070, 175.91,  0.133, 268.28,  0.080, 231.56,  0.142, 251.95,  0.065, 231.89,-99.000, -99.00,-99.000, -99.00,-99.000, -99.00,-99.000, -99.00,
8/26/2006 01:25:00, 12.8,275.7,  0.6,  3.6, 18.846, 28.90,  0.0,  0.0,  0.115, 318.53,  0.073,   9.46,  0.137, 276.29,  0.126, 292.48,  0.152, 311.79,  0.145, 312.49,  0.053, 239.59,  0.056, 346.46,  0.176, 326.58,  0.080, 291.14,  0.124, 255.52,  0.062, 252.15,  0.073, 264.52,  0.192, 263.43,  0.046, 237.34,  0.059, 271.94,-99.000, -99.00,-99.000, -99.00,-99.000, -99.00,-99.000, -99.00,
8/26/2006 01:30:00, 12.8,275.9,  0.7,  3.5, 18.844, 28.91,  0.0,  0.0,  0.060, 331.31,  0.108, 308.25,  0.063, 180.91,  0.108, 235.57,  0.065, 229.97,  0.116, 285.95,  0.051, 180.00,  0.069, 277.54,  0.082, 303.11,  0.051, 308.66,  0.139, 257.07,  0.183, 226.55,  0.165, 220.56,  0.088, 231.44,  0.090, 245.14,  0.023, 192.80,-99.000, -99.00,-99.000, -99.00,-99.000, -99.00,-99.000, -99.00,
8/26/2006 01:35:00, 12.8,275.7,  0.7,  3.6, 18.856, 28.91,  0.0,  0.0,  0.115, 287.65,  0.118,  12.74,  0.044,  11.82,  0.070, 274.90,  0.112, 315.73,  0.052,  59.04,  0.048,  59.66,  0.010, 191.31,  0.113, 235.05,  0.126, 234.04,  0.071, 247.75,  0.106, 252.94,  0.086, 259.99,  0.092, 245.66,  0.066, 243.82,  0.053, 200.81,-99.000, -99.00,-99.000, -99.00,-99.000, -99.00,-99.000, -99.00,
8/26/2006 01:40:00, 12.8,275.7,  0.7,  3.6, 18.851, 28.91,  0.0,  0.0,  0.104, 340.35,  0.017, 298.07,  0.018, 225.00,  0.018, 128.16,  0.036,  35.91,  0.063,  62.62,  0.099, 260.16,  0.080, 228.54,  0.087, 313.60,  0.109, 282.13,  0.121, 298.04,  0.001,  90.00,  0.049, 327.62,  0.057, 273.01,  0.019,  71.57,  0.069, 206.57,-99.000, -99.00,-99.000, -99.00,-99.000, -99.00,-99.000, -99.00,
8/26/2006 01:45:00, 12.8,275.8,  0.7,  3.5, 18.831, 28.91,  0.0,  0.0,  0.099, 265.38,  0.078, 275.86,  0.053, 234.21,  0.080, 240.88,  0.057, 188.13,  0.064, 272.68,  0.044, 290.10,  0.113, 263.38,  0.120, 248.55,  0.043, 183.99,  0.035, 216.87,  0.084, 214.82,  0.063, 209.41,  0.084, 253.50,  0.041, 294.68,  0.022, 254.05,-99.000, -99.00,-99.000, -99.00,-99.000, -99.00,-99.000, -99.00,
8/26/2006 01:50:00, 12.8,275.7,  0.7,  3.5, 18.816, 28.91,  0.0,  0.0,  0.053, 273.24,  0.022, 349.70,  0.072, 124.80,  0.071, 122.35,  0.045,  80.96,  0.021, 316.97,  0.062, 262.53,  0.057, 180.00,  0.084, 240.68,  0.089, 266.78,  0.068, 235.15,  0.118, 266.12,  0.073, 133.33,  0.044, 297.15,  0.090, 306.87,  0.038,  85.49,-99.000, -99.00,-99.000, -99.00,-99.000, -99.00,-99.000, -99.00,
8/26/2006 01:55:00, 12.8,275.8,  0.7,  3.6, 18.803, 28.91,  0.0,  0.0,  0.073, 289.92,  0.033, 255.96,  0.002, 333.43,  0.071, 297.65,  0.057, 283.07,  0.035,  47.29,  0.045, 272.54,  0.004, 180.00,  0.078, 271.47,  0.098, 277.05,  0.063, 213.94,  0.073, 185.48,  0.088, 248.08,  0.090, 272.54,  0.054, 323.34,  0.065, 214.42,-99.000, -99.00,-99.000, -99.00,-99.000, -99.00,-99.000, -99.00,
8/26/2006 02:00:00, 12.8,275.9,  0.6,  3.5, 18.808, 28.91,  0.0,  0.0,  0.009, 147.99,  0.061, 321.63,  0.102, 272.81,  0.049,  81.87,  0.041, 264.43,  0.021,  98.13,  0.075, 231.46,  0.118, 267.57,  0.073, 285.19,  0.043, 273.99,  0.124, 240.54,  0.127, 223.73,  0.102, 236.15,  0.097, 220.41,  0.012, 245.56,  0.049, 303.37,-99.000, -99.00,-99.000, -99.00,-99.000, -99.00,-99.000, -99.00,
8/26/2006 02:05:00, 12.8,275.8,  0.7,  3.5, 18.800, 28.91,  0.0,  0.0,  0.079, 207.22,  0.025, 281.77,  0.144, 229.79,  0.020, 122.91,  0.101, 114.54,  0.067, 151.53,  0.090, 157.14,  0.072, 162.32,  0.045, 129.64,  0.119, 202.25,  0.104, 239.51,  0.038, 180.00,  0.087, 184.60,  0.060, 224.33,  0.065, 247.38,  0.020, 239.53,-99.000, -99.00,-99.000, -99.00,-99.000, -99.00,-99.000, -99.00,
8/26/2006 02:10:00, 12.8,275.7,  0.7,  3.5, 18.812, 28.89,  0.0,  0.0,  0.068,  90.00,  0.093,  16.28,  0.071, 127.52,  0.092, 157.05,  0.083, 164.62,  0.076, 188.34,  0.037, 235.89,  0.060, 193.57,  0.021,  29.05,  0.080, 151.50,  0.095, 254.80,  0.011, 270.00,  0.086, 279.35,  0.043, 180.00,  0.025, 281.77,  0.059, 306.10,-99.000, -99.00,-99.000, -99.00,-99.000, -99.00,-99.000, -99.00,
8/26/2006 02:15:00, 12.8,275.8,  0.6,  3.5, 18.802, 28.87,  0.0,  0.0,  0.025, 251.57,  0.096, 239.44,  0.080, 154.72,  0.061, 187.59,  0.123, 189.39,  0.041, 158.46,  0.053, 244.40,  0.072, 192.88,  0.085, 212.01,  0.065, 184.40,  0.085, 208.66,  0.070, 223.26,  0.047, 160.02,  0.099, 183.47,  0.056, 219.94,  0.027, 304.29,-99.000, -99.00,-99.000, -99.00,-99.000, -99.00,-99.000, -99.00,
8/26/2006 02:20:00, 12.8,275.8,  0.6,  3.5, 18.797, 28.86,  0.0,  0.0,  0.095, 226.71,  0.088, 147.03,  0.083, 164.62,  0.089, 145.06,  0.078,  64.09,  0.060, 359.05,  0.033,   5.19,  0.031, 150.95,  0.104, 265.60,  0.064, 114.96,  0.061, 278.53,  0.078, 123.49,  0.036, 268.41,  0.029,  38.05,  0.067,  34.64,  0.066, 351.25,-99.000, -99.00,-99.000, -99.00,-99.000, -99.00,-99.000, -99.00,
8/26/2006 02:25:00, 12.8,275.7,  0.7,  3.5, 18.787, 28.84,  0.0,  0.0,  0.046, 351.16,  0.078, 126.14,  0.131, 105.95,  0.103, 188.91,  0.075,  98.46,  0.056, 152.53,  0.113, 140.39,  0.087,  56.31,  0.057,  78.89,  0.051, 164.05,  0.070, 176.73,  0.055, 138.72,  0.075, 266.19,  0.036, 271.59,  0.027,  96.34,  0.078,  46.04,-99.000, -99.00,-99.000, -99.00,-99.000, -99.00,-99.000, -99.00,
8/26/2006 02:30:00, 12.8,275.8,  0.6,  3.5, 18.794, 28.84,  0.0,  0.0,  0.112, 219.22,  0.101, 202.01,  0.069, 138.50,  0.138, 113.04,  0.036, 153.43,  0.095, 160.99,  0.129, 135.94,  0.113, 170.87,  0.084, 187.55,  0.075,  94.57,  0.063, 102.93,  0.067, 152.28,  0.076, 158.48,  0.005, 180.00,  0.035,  76.76,  0.050,  85.43,-99.000, -99.00,-99.000, -99.00,-99.000, -99.00,-99.000, -99.00,
8/26/2006 02:35:00, 12.8,275.8,  0.6,  3.6, 18.780, 28.83,  0.0,  0.0,  0.086, 160.30,  0.037, 197.45,  0.119, 120.88,  0.146, 101.46,  0.093, 113.52,  0.080, 144.13,  0.131, 139.97,  0.073, 175.30,  0.055, 115.64,  0.085,  90.00,  0.029, 316.40,  0.029,  15.95,  0.019, 295.20,  0.075, 254.48,  0.055, 244.36,  0.098, 244.74,-99.000, -99.00,-99.000, -99.00,-99.000, -99.00,-99.000, -99.00,
8/26/2006 02:40:00, 12.8,275.8,  0.6,  3.5, 18.772, 28.82,  0.0,  0.0,  0.105,  46.15,  0.103, 112.83,  0.074, 184.64,  0.169, 183.05,  0.152, 111.66,  0.086, 149.84,  0.124, 137.94,  0.121, 192.43,  0.073, 147.83,  0.057, 148.52,  0.110, 255.20,  0.043, 198.85,  0.094, 139.33,  0.109, 277.91,  0.032,  29.74,  0.097, 218.75,-99.000, -99.00,-99.000, -99.00,-99.000, -99.00,-99.000, -99.00,
8/26/2006 02:45:00, 12.8,275.8,  0.7,  3.6, 18.782, 28.82,  0.0,  0.0,  0.054, 142.50,  0.059, 135.00,  0.105, 142.36,  0.034, 108.97,  0.100, 135.81,  0.177, 118.30,  0.077, 138.67,  0.043, 139.69,  0.133, 155.56,  0.143, 130.17,  0.027, 321.01,  0.022, 149.93,  0.046,  11.31,  0.014,  65.22,  0.019, 143.75,  0.112, 214.82,-99.000, -99.00,-99.000, -99.00,-99.000, -99.00,-99.000, -99.00,
8/26/2006 02:50:00, 12.8,275.7,  0.7,  3.5, 18.777, 28.81,  0.0,  0.0,  0.063,  76.18,  0.110, 118.19,  0.129, 127.14,  0.168, 127.76,  0.171, 150.88,  0.115, 134.29,  0.027,  70.20,  0.064, 118.18,  0.158, 142.98,  0.116, 127.66,  0.105, 120.22,  0.098, 111.58,  0.013,  90.00,  0.069, 280.82,  0.031, 125.75,  0.037, 102.53,-99.000, -99.00,-99.000, -99.00,-99.000, -99.00,-99.000, -99.00,
8/26/2006 02:55:00, 12.8,275.7,  0.7,  3.5, 18.783, 28.81,  0.0,  0.0,  0.047,  45.00,  0.082, 139.93,  0.055,  95.19,  0.084, 132.09,  0.130, 116.57,  0.088, 142.35,  0.141, 156.53,  0.009, 159.44,  0.135, 128.40,  0.072, 181.59,  0.075, 128.54,  0.022, 195.95,  0.013, 251.57,  0.052, 286.70,  0.085, 122.57,  0.049, 106.59,-99.000, -99.00,-99.000, -99.00,-99.000, -99.00,-99.000, -99.00,
8/26/2006 03:00:00, 12.8,275.7,  0.7,  3.5, 18.785, 28.80,  0.0,  0.0,  0.110,  78.49,  0.210,  99.87,  0.080, 114.33,  0.118, 134.66,  0.089, 162.99,  0.102, 209.33,  0.160, 145.71,  0.165, 125.62,  0.151, 114.19,  0.091, 138.58,  0.150, 136.62,  0.063, 142.05,  0.028, 149.74,  0.048, 142.65,  0.065, 284.25,  0.045, 199.65,-99.000, -99.00,-99.000, -99.00,-99.000, -99.00,-99.000, -99.00,
8/26/2006 03:05:00, 12.8,275.7,  0.7,  3.5, 18.766, 28.80,  0.0,  0.0,  0.103, 109.84,  0.063,  43.07,  0.093,  91.85,  0.078, 128.20,  0.116, 121.22,  0.111, 115.64,  0.089, 111.68,  0.029,  69.68,  0.123, 101.77,  0.092, 135.88,  0.051, 153.43,  0.039, 246.04,  0.066, 134.38,  0.095,  82.72,  0.038, 248.20,  0.111, 220.60,-99.000, -99.00,-99.000, -99.00,-99.000, -99.00,-99.000, -99.00,
8/26/2006 03:10:00, 12.8,275.7,  0.7,  3.5, 18.739, 28.79,  0.0,  0.0,  0.110,  76.85,  0.199, 116.57,  0.087, 121.30,  0.098,  99.37,  0.079, 120.47,  0.112, 128.10,  0.069, 124.38,  0.067, 112.75,  0.039,  92.94,  0.117, 133.62,  0.115, 139.94,  0.102,  82.67,  0.035,  19.98,  0.007,  15.95,  0.042,   0.00,  0.132, 198.57,-99.000, -99.00,-99.000, -99.00,-99.000, -99.00,-99.000, -99.00,
8/26/2006 03:15:00, 12.8,275.7,  0.7,  3.6, 18.742, 28.79,  0.0,  0.0,  0.156, 109.13,  0.128, 109.14,  0.224, 126.82,  0.131, 138.40,  0.185, 134.34,  0.146, 134.44,  0.088, 105.14,  0.186, 104.34,  0.250, 114.31,  0.257,  88.66,  0.142, 109.71,  0.114, 135.36,  0.173, 157.58,  0.147, 140.79,  0.042,  83.21,  0.035, 236.77,-99.000, -99.00,-99.000, -99.00,-99.000, -99.00,-99.000, -99.00,
8/26/2006 03:20:00, 12.8,275.8,  0.7,  3.5, 18.735, 28.79,  0.0,  0.0,  0.185, 100.58,  0.135, 150.78,  0.091, 123.34,  0.105,  85.10,  0.091, 143.51,  0.158, 114.29,  0.087, 147.23,  0.090, 104.19,  0.111,  55.30,  0.073, 169.77,  0.146, 124.12,  0.053,  72.58,  0.095, 100.95,  0.081, 131.99,  0.145, 119.74,  0.116, 187.43,-99.000, -99.00,-99.000, -99.00,-99.000, -99.00,-99.000, -99.00,
8/26/2006 03:25:00, 12.8,275.7,  0.6,  3.5, 18.713, 28.79,  0.0,  0.0,  0.030,  90.00,  0.143, 121.58,  0.107, 139.17,  0.078, 106.35,  0.124, 130.10,  0.127,  98.58,  0.090,  57.19,  0.148, 103.28,  0.134,  87.86,  0.176,  92.28,  0.175,  70.32,  0.168,  86.59,  0.134,  91.28,  0.051,  48.18,  0.068,  84.12,  0.038, 206.57,-99.000, -99.00,-99.000, -99.00,-99.000, -99.00,-99.000, -99.00,
8/26/2006 03:30:00, 12.8,275.8,  0.7,  3.5, 18.726, 28.79,  0.0,  0.0,  0.162, 141.01,  0.146, 123.80,  0.095, 123.86,  0.051, 220.24,  0.136, 106.70,  0.078,  99.58,  0.147, 117.96,  0.192, 103.53,  0.192, 127.17,  0.151, 112.65,  0.152, 106.88,  0.153,  98.66,  0.099, 120.47,  0.116, 117.23,  0.006,  90.00,  0.077, 157.78,-99.000, -99.00,-99.000, -99.00,-99.000, -99.00,-99.000, -99.00,
8/26/2006 03:35:00, 12.8,275.7,  0.6,  3.5, 18.745, 28.79,  0.0,  0.0,  0.069, 183.32,  0.141, 150.15,  0.159, 107.18,  0.164, 122.82,  0.119, 180.00,  0.062, 129.81,  0.085, 180.00,  0.080, 125.87,  0.077, 173.25,  0.093, 123.18,  0.155, 115.57,  0.110, 110.25,  0.069,  85.86,  0.028,  49.40,  0.022, 329.93,  0.056, 204.27,-99.000, -99.00,-99.000, -99.00,-99.000, -99.00,-99.000, -99.00,
8/26/2006 03:40:00, 12.8,275.7,  0.6,  3.6, 18.753, 28.79,  0.0,  0.0,  0.101,  76.24,  0.059, 136.36,  0.016, 230.19,  0.124, 122.79,  0.087, 178.03,  0.039, 172.69,  0.115, 122.16,  0.098, 161.01,  0.134, 104.24,  0.209, 109.82,  0.108, 149.86,  0.066,  79.54,  0.097,  10.04,  0.047, 318.47,  0.045, 344.41,  0.004, 116.57,-99.000, -99.00,-99.000, -99.00,-99.000, -99.00,-99.000, -99.00,
8/26/2006 03:45:00, 12.8,275.8,  0.6,  3.6, 18.704, 28.80,  0.0,  0.0,  0.056, 138.62,  0.088, 194.51,  0.071, 171.07,  0.060, 135.67,  0.047, 189.87,  0.095, 113.04,  0.042, 109.29,  0.090, 125.46,  0.086, 112.67,  0.040, 268.57,  0.055, 340.91,  0.106, 355.15,  0.125,  15.26,  0.123, 331.76,  0.170, 322.18,  0.083,  30.26,-99.000, -99.00,-99.000, -99.00,-99.000, -99.00,-99.000, -99.00,
8/26/2006 03:50:00, 12.8,275.7,  0.6,  3.5, 18.720, 28.79,  0.0,  0.0,  0.085, 135.95,  0.075, 117.94,  0.060, 170.38,  0.072, 121.92,  0.088, 127.65,  0.056, 108.76,  0.034, 241.93,  0.024, 119.74,  0.021, 275.44,  0.071, 295.11,  0.043, 230.71,  0.051, 256.50,  0.022, 140.53,  0.010, 281.31,  0.032, 339.86,  0.117, 222.93,-99.000, -99.00,-99.000, -99.00,-99.000, -99.00,-99.000, -99.00,
8/26/2006 03:55:00, 12.8,275.8,  0.6,  3.5, 18.731, 28.79,  0.0,  0.0,  0.058, 122.32,  0.061,  91.88,  0.042, 146.69,  0.040, 143.13,  0.060, 152.15,  0.052, 214.90,  0.079, 106.84,  0.047, 143.62,  0.046,  97.43,  0.049,  12.91,  0.054,   4.24,  0.050, 303.69,  0.101, 325.52,  0.112, 349.70,  0.172, 314.29,  0.019, 308.66,-99.000, -99.00,-99.000, -99.00,-99.000, -99.00,-99.000, -99.00,
8/26/2006 04:00:00, 12.8,275.8,  0.6,  3.6, 18.721, 28.79,  0.0,  0.0,  0.040, 177.14,  0.033, 285.71,  0.020, 333.43,  0.041,  98.33,  0.085, 105.02,  0.040, 112.07,  0.085,  64.94,  0.125,  29.23,  0.041,   0.00,  0.126, 337.10,  0.116, 336.54,  0.121, 322.75,  0.148, 305.63,  0.131, 343.64,  0.190, 313.51,  0.050, 271.15,-99.000, -99.00,-99.000, -99.00,-99.000, -99.00,-99.000, -99.00,
8/26/2006 04:05:00, 12.8,275.8,  0.7,  3.6, 18.715, 28.79,  0.0,  0.0,  0.016, 270.00,  0.028,  64.36,  0.081, 211.93,  0.061, 302.91,  0.045, 212.28,  0.035, 235.41,  0.053, 274.32,  0.072,  16.93,  0.129, 333.24,  0.095, 357.59,  0.119, 326.98,  0.060, 296.57,  0.089, 314.09,  0.109, 342.90,  0.147, 322.19,  0.031, 315.00,-99.000, -99.00,-99.000, -99.00,-99.000, -99.00,-99.000, -99.00,
8/26/2006 04:10:00, 12.8,275.7,  0.7,  3.5, 18.727, 28.79,  0.0,  0.0,  0.094, 233.25,  0.013, 318.01,  0.043, 352.06,  0.145, 206.21,  0.025, 260.91,  0.025,   9.09,  0.106,  61.74,  0.080, 327.69,  0.026, 302.47,  0.039, 230.19,  0.104, 309.17,  0.132, 330.90,  0.195, 317.08,  0.162, 342.35,  0.170, 328.75,  0.013, 331.39,-99.000, -99.00,-99.000, -99.00,-99.000, -99.00,-99.000, -99.00,
8/26/2006 04:15:00, 12.8,275.8,  0.7,  3.5, 18.722, 28.79,  0.0,  0.0,  0.031, 187.35,  0.044, 301.18,  0.046, 342.35,  0.059, 352.15,  0.045, 212.28,  0.078, 299.84,  0.074, 323.29,  0.025, 315.00,  0.095, 333.71,  0.129, 308.73,  0.121, 327.49,  0.154, 331.77,  0.154, 320.00,  0.219, 312.22,  0.260, 314.07,  0.024, 265.24,-99.000, -99.00,-99.000, -99.00,-99.000, -99.00,-99.000, -99.00,
8/26/2006 04:20:00, 12.8,275.8,  0.6,  3.6, 18.718, 28.79,  0.0,  0.0,  0.061, 281.31,  0.040, 320.01,  0.057,  10.12,  0.073, 233.91,  0.031, 187.35,  0.023, 210.96,  0.042,   5.44,  0.046, 322.13,  0.066, 280.46,  0.161, 333.75,  0.218, 305.66,  0.148, 319.95,  0.184, 331.49,  0.199, 328.54,  0.179, 334.15,  0.097, 270.59,-99.000, -99.00,-99.000, -99.00,-99.000, -99.00,-99.000, -99.00,
8/26/2006 04:25:00, 12.8,275.7,  0.6,  3.6, 18.722, 28.79,  0.0,  0.0,  0.033, 311.35,  0.055, 248.59,  0.049, 319.14,  0.040, 293.39,  0.048, 318.37,  0.045, 318.58,  0.126, 325.30,  0.010,  84.29,  0.023, 315.00,  0.217, 311.46,  0.208, 323.41,  0.172, 342.73,  0.148, 325.77,  0.180, 347.20,  0.195, 319.37,  0.120, 306.20,-99.000, -99.00,-99.000, -99.00,-99.000, -99.00,-99.000, -99.00,
8/26/2006 04:30:00, 12.8,275.8,  0.7,  3.5, 18.726, 28.79,  0.0,  0.0,  0.101, 357.17,  0.140, 307.44,  0.030, 331.70,  0.080, 285.26,  0.072, 323.45,  0.082, 296.88,  0.080, 307.87,  0.144, 297.28,  0.123, 296.98,  0.176, 322.15,  0.089, 320.94,  0.184, 319.64,  0.140, 308.34,  0.210, 312.49,  0.272, 319.63,  0.138, 298.05,-99.000, -99.00,-99.000, -99.00,-99.000, -99.00,-99.000, -99.00,
8/26/2006 04:35:00, 12.8,275.8,  0.7,  3.5, 18.698, 28.79,  0.0,  0.0,  0.154,  24.23,  0.061, 330.49,  0.103, 284.57,  0.077, 352.50,  0.070, 342.60,  0.026,  13.50,  0.036, 292.99,  0.199, 297.85,  0.097, 303.69,  0.100, 272.29,  0.197, 301.51,  0.331, 317.69,  0.233, 334.54,  0.167, 331.44,  0.152, 318.21,  0.064, 270.00,-99.000, -99.00,-99.000, -99.00,-99.000, -99.00,-99.000, -99.00,
8/26/2006 04:40:00, 12.8,275.7,  0.6,  3.6, 18.702, 28.80,  0.0,  0.0,  0.141,   3.25,  0.101, 298.34,  0.071,  11.31,  0.027, 355.76,  0.062, 327.60,  0.131, 335.59,  0.170, 306.13,  0.225, 326.24,  0.178, 329.70,  0.230, 303.48,  0.195, 301.17,  0.179, 320.44,  0.196, 306.29,  0.250, 322.63,  0.269, 318.31,  0.128, 292.55,-99.000, -99.00,-99.000, -99.00,-99.000, -99.00,-99.000, -99.00,
8/26/2006 04:45:00, 12.8,275.8,  0.6,  3.5, 18.710, 28.80,  0.0,  0.0,  0.124, 318.60,  0.068, 341.03,  0.118, 343.72,  0.182, 299.94,  0.213, 320.71,  0.075, 307.94,  0.144, 291.58,  0.108, 283.39,  0.140, 308.02,  0.114, 297.24,  0.185, 327.60,  0.260, 312.35,  0.219, 322.03,  0.212, 313.09,  0.252, 300.85,  0.157, 306.21,-99.000, -99.00,-99.000, -99.00,-99.000, -99.00,-99.000, -99.00,
8/26/2006 04:50:00, 12.8,275.9,  0.6,  3.6, 18.711, 28.80,  0.0,  0.0,  0.042,  16.70,  0.147, 301.96,  0.125, 322.49,  0.161,  16.63,  0.171, 331.04,  0.155, 313.69,  0.140, 315.00,  0.230, 330.87,  0.213, 297.41,  0.214, 295.49,  0.202, 307.55,  0.238, 305.76,  0.282, 313.71,  0.227, 312.32,  0.232, 334.76,  0.170, 319.76,-99.000, -99.00,-99.000, -99.00,-99.000, -99.00,-99.000, -99.00,
8/26/2006 04:55:00, 12.8,275.8,  0.6,  3.5, 18.687, 28.80,  0.0,  0.0,  0.136, 336.64,  0.090, 310.95,  0.198, 316.23,  0.157, 337.52,  0.142, 343.61,  0.210, 311.91,  0.214, 301.61,  0.196, 306.69,  0.167, 319.84,  0.192, 330.37,  0.144, 339.68,  0.176, 333.73,  0.238, 324.24,  0.211, 321.93,  0.130, 330.09,  0.148, 319.95,-99.000, -99.00,-99.000, -99.00,-99.000, -99.00,-99.000, -99.00,
8/26/2006 05:00:00, 12.8,275.7,  0.6,  3.5, 18.707, 28.80,  0.0,  0.0,  0.069, 287.65,  0.118, 296.78,  0.117, 329.71,  0.198, 327.99,  0.209, 302.70,  0.137,   1.25,  0.181, 300.26,  0.129, 278.00,  0.155, 271.85,  0.084, 324.22,  0.139, 315.58,  0.218, 305.87,  0.243, 292.55,  0.235, 296.24,  0.218, 296.68,  0.197, 308.21,-99.000, -99.00,-99.000, -99.00,-99.000, -99.00,-99.000, -99.00,
8/26/2006 05:05:00, 12.8,275.7,  0.6,  3.5, 18.716, 28.80,  0.0,  0.0,  0.071,   9.73,  0.122, 316.33,  0.193,  11.66,  0.066, 347.66,  0.078, 266.33,  0.158, 277.62,  0.164, 280.90,  0.231, 275.71,  0.141, 270.41,  0.184, 301.18,  0.161, 295.30,  0.155, 291.25,  0.174, 291.25,  0.180, 311.40,  0.200, 323.76,  0.182, 305.61,-99.000, -99.00,-99.000, -99.00,-99.000, -99.00,-99.000, -99.00,
8/26/2006 05:10:00, 12.8,275.8,  0.6,  3.5, 18.716, 28.80,  0.0,  0.0,  0.117,  27.44,  0.109, 323.55,  0.064,  69.03,  0.083, 270.69,  0.179, 309.56,  0.168, 273.41,  0.203, 267.46,  0.254, 302.44,  0.356, 280.52,  0.181, 279.88,  0.273, 289.03,  0.229, 294.78,  0.214, 285.98,  0.232, 294.69,  0.239, 303.22,  0.259, 290.32,-99.000, -99.00,-99.000, -99.00,-99.000, -99.00,-99.000, -99.00,
8/26/2006 05:15:00, 12.8,275.7,  0.6,  3.5, 18.705, 28.80,  0.0,  0.0,  0.058,  33.69,  0.067, 329.62,  0.080, 285.95,  0.110, 232.40,  0.086, 332.24,  0.034, 288.97,  0.044, 232.35,  0.104,  26.81,  0.054, 225.00,  0.100, 208.61,  0.157, 248.33,  0.233, 278.37,  0.251, 288.80,  0.119, 303.69,  0.187, 303.69,  0.211, 290.24,-99.000, -99.00,-99.000, -99.00,-99.000, -99.00,-99.000, -99.00,
8/26/2006 05:20:00, 12.8,275.7,  0.7,  3.6, 18.716, 28.80,  0.0,  0.0,  0.054, 181.06,  0.124,  34.46,  0.102, 346.92,  0.060,  84.29,  0.072, 326.98,  0.069, 240.46,  0.030, 289.65,  0.121, 305.92,  0.083, 265.87,  0.159, 295.76,  0.038,   1.51,  0.186, 296.15,  0.187, 289.98,  0.286, 298.63,  0.239, 296.57,  0.186, 271.85,-99.000, -99.00,-99.000, -99.00,-99.000, -99.00,-99.000, -99.00,
8/26/2006 05:25:00, 12.8,275.7,  0.7,  3.6, 18.724, 28.80,  0.0,  0.0,  0.041,   9.93,  0.040,   4.29,  0.077,   6.75,  0.088, 349.58,  0.037, 355.36,  0.067, 273.42,  0.077, 318.67,  0.061, 250.97,  0.125, 286.26,  0.036, 266.82,  0.046, 321.15,  0.129, 317.52,  0.236, 315.69,  0.239, 298.50,  0.212, 303.24,  0.160, 299.61,-99.000, -99.00,-99.000, -99.00,-99.000, -99.00,-99.000, -99.00,
8/26/2006 05:30:00, 12.8,275.8,  0.7,  3.5, 18.725, 28.80,  0.0,  0.0,  0.134, 357.01,  0.048, 320.96,  0.186,   3.38,  0.137, 352.87,  0.173, 359.67,  0.060, 356.19,  0.084, 330.68,  0.123, 273.72,  0.062, 259.78,  0.077, 303.27,  0.087, 306.08,  0.079, 291.40,  0.236, 302.55,  0.207, 325.62,  0.143, 338.65,  0.170, 315.95,-99.000, -99.00,-99.000, -99.00,-99.000, -99.00,-99.000, -99.00,
8/26/2006 05:35:00, 12.8,275.8,  0.6,  3.5, 18.733, 28.80,  0.0,  0.0,  0.113, 317.15,  0.063,   9.16,  0.150, 336.35,  0.101,  36.98,  0.059, 312.93,  0.136, 294.69,  0.122,   0.47,  0.115, 342.82,  0.171, 295.22,  0.152, 286.88,  0.039, 268.53,  0.151, 267.72,  0.149, 256.06,  0.099, 178.26,  0.040, 298.50,  0.110, 347.98,-99.000, -99.00,-99.000, -99.00,-99.000, -99.00,-99.000, -99.00,
8/26/2006 05:40:00, 12.8,275.8,  0.6,  3.5, 18.740, 28.81,  0.0,  0.0,  0.146, 355.30,  0.045,  67.96,  0.118, 320.51,  0.149, 316.09,  0.066, 292.29,  0.032, 290.14,  0.093,  18.82,  0.101, 300.38,  0.069, 317.34,  0.050, 253.74,  0.116, 311.14,  0.085, 356.63,  0.013, 202.62,  0.054, 192.76,  0.020, 284.74,  0.126,   3.18,-99.000, -99.00,-99.000, -99.00,-99.000, -99.00,-99.000, -99.00,
8/26/2006 05:45:00, 12.7,275.7,  0.7,  3.6, 18.746, 28.81,  0.0,  0.0,  0.070,  24.38,  0.067, 313.19,  0.127, 321.41,  0.082, 317.96,  0.134, 294.66,  0.057, 305.07,  0.081, 335.32,  0.028, 343.50,  0.099, 293.73,  0.039, 165.26,  0.052, 320.48,  0.125, 343.30,  0.067, 342.65,  0.033, 316.22,  0.081, 317.01,  0.105, 313.08,-99.000, -99.00,-99.000, -99.00,-99.000, -99.00,-99.000, -99.00,
8/26/2006 05:50:00, 12.7,275.8,  0.6,  3.5, 18.752, 28.81,  0.0,  0.0,  0.109,  19.76,  0.065,  69.34,  0.042, 254.98,  0.066, 245.77,  0.128, 300.58,  0.106, 244.40,  0.128, 307.41,  0.051, 322.91,  0.065, 231.20,  0.123, 287.99,  0.033, 358.26,  0.069,   4.14,  0.079,   9.46,  0.098, 330.83,  0.057, 312.14,  0.096, 322.65,-99.000, -99.00,-99.000, -99.00,-99.000, -99.00,-99.000, -99.00,
8/26/2006 05:55:00, 12.7,275.8,  0.7,  3.5, 18.743, 28.81,  0.0,  0.0,  0.116, 298.33,  0.093, 326.82,  0.062, 315.66,  0.162, 313.75,  0.067, 307.72,  0.021, 259.22,  0.203, 313.60,  0.064, 334.23,  0.083, 340.25,  0.073, 327.83,  0.084, 320.81,  0.133, 270.86,  0.059, 234.69,  0.030, 158.55,  0.058, 307.27,  0.149, 291.73,-99.000, -99.00,-99.000, -99.00,-99.000, -99.00,-99.000, -99.00,
8/26/2006 06:00:00, 12.7,275.7,  0.7,  3.6, 18.734, 28.81,  0.0,  0.0,  0.080,  10.05,  0.051, 319.76,  0.124, 355.39,  0.086, 338.82,  0.110, 307.60,  0.111, 278.79,  0.115, 307.57,  0.110, 331.10,  0.048, 341.94,  0.059, 260.22,  0.069, 294.72,  0.132, 260.39,  0.117, 266.58,  0.136, 256.78,  0.157, 232.25,  0.125, 212.93,-99.000, -99.00,-99.000, -99.00,-99.000, -99.00,-99.000, -99.00,
8/26/2006 06:05:00, 12.7,275.7,  0.7,  3.6, 18.734, 28.81,  0.0,  0.0,  0.108, 312.38,  0.085, 307.82,  0.031,  47.60,  0.037, 349.00,  0.088, 118.61,  0.069, 314.41,  0.146, 315.00,  0.098, 277.05,  0.013, 274.40,  0.074, 311.70,  0.044,  10.54,  0.146, 213.58,  0.241, 213.82,  0.191, 220.96,  0.250, 208.21,  0.260, 218.59,-99.000, -99.00,-99.000, -99.00,-99.000, -99.00,-99.000, -99.00,
8/26/2006 06:10:00, 12.7,275.8,  0.7,  3.5, 18.751, 28.81,  0.0,  0.0,  0.062,   1.85,  0.078, 294.93,  0.067, 324.16,  0.119, 341.87,  0.157, 290.17,  0.039, 311.88,  0.061, 322.37,  0.115, 281.50,  0.079, 273.62,  0.010, 299.05,  0.091, 311.42,  0.041,   6.95,  0.045, 320.36,  0.005, 111.80,  0.036, 221.63,  0.024, 146.98,-99.000, -99.00,-99.000, -99.00,-99.000, -99.00,-99.000, -99.00,
8/26/2006 06:15:00, 12.7,275.8,  0.7,  3.6, 18.754, 28.81,  0.0,  0.0,  0.067, 354.88,  0.058, 267.04,  0.064, 341.85,  0.087, 289.48,  0.112, 312.83,  0.087, 285.95,  0.138, 272.49,  0.176, 324.69,  0.115, 323.13,  0.106, 350.18,  0.060, 352.28,  0.032,  48.81,  0.033, 340.46,  0.024, 260.54,  0.043, 283.39,  0.055, 219.81,-99.000, -99.00,-99.000, -99.00,-99.000, -99.00,-99.000, -99.00,
8/26/2006 06:20:00, 12.7,275.7,  0.6,  3.5, 18.764, 28.81,  0.0,  0.0,  0.178,   0.64,  0.111,  32.83,  0.170, 313.09,  0.084, 291.67,  0.194, 313.96,  0.059,   0.00,  0.056, 332.53,  0.099, 341.20,  0.054, 266.82,  0.065, 320.65,  0.089, 355.50,  0.063, 337.52,  0.040,  95.71,  0.041,   2.79,  0.051, 304.62,  0.056,  55.18,-99.000, -99.00,-99.000, -99.00,-99.000, -99.00,-99.000, -99.00,
8/26/2006 06:25:00, 12.7,275.7,  0.6,  3.5, 18.767, 28.81,  0.0,  0.0,  0.101, 307.78,  0.096, 318.37,  0.025, 315.00,  0.117, 326.17,  0.130, 332.45,  0.129, 302.95,  0.161, 307.16,  0.014, 197.10,  0.081, 296.25,  0.076,  25.89,  0.090, 315.45,  0.044,   1.30,  0.138, 307.04,  0.094, 273.65,  0.039, 286.56,  0.053, 198.78,-99.000, -99.00,-99.000, -99.00,-99.000, -99.00,-99.000, -99.00,
8/26/2006 06:30:00, 12.7,275.8,  0.7,  3.5, 18.787, 28.81,  0.0,  0.0,  0.129,   3.55,  0.055, 113.75,  0.131, 349.03,  0.115,   6.01,  0.218, 353.69,  0.090,  20.26,  0.114, 309.68,  0.112, 319.34,  0.206, 314.61,  0.108, 310.89,  0.061, 315.00,  0.141, 325.07,  0.128,   2.24,  0.128,  15.45,  0.091,  20.63,  0.017,   6.71,-99.000, -99.00,-99.000, -99.00,-99.000, -99.00,-99.000, -99.00,
8/26/2006 06:35:00, 12.7,275.7,  0.6,  3.5, 18.779, 28.81,  0.0,  0.0,  0.143,   2.40,  0.132, 340.05,  0.065, 337.38,  0.052,   7.67,  0.096, 344.22,  0.090,  18.84,  0.115, 316.41,  0.151, 345.41,  0.131, 334.61,  0.146, 343.68,  0.088,  19.87,  0.088,  70.74,  0.129, 102.53,  0.041, 117.82,  0.082,  80.19,  0.021, 135.00,-99.000, -99.00,-99.000, -99.00,-99.000, -99.00,-99.000, -99.00,
8/26/2006 06:40:00, 12.7,275.7,  0.6,  3.6, 18.778, 28.82,  0.0,  0.0,  0.208, 341.48,  0.129,  25.18,  0.120, 340.06,  0.114, 350.37,  0.111, 347.47,  0.149, 341.20,  0.201, 323.70,  0.173, 335.80,  0.135, 299.80,  0.133, 310.74,  0.111,   8.79,  0.051,  80.91,  0.065, 107.88,  0.022, 316.85,  0.072, 145.20,  0.050,  99.27,-99.000, -99.00,-99.000, -99.00,-99.000, -99.00,-99.000, -99.00,
8/26/2006 06:45:00, 12.7,275.7,  0.7,  3.6, 18.781, 28.83,  0.0,  0.0,  0.088,   3.25,  0.085, 248.57,  0.074, 338.63,  0.106, 350.80,  0.103, 319.34,  0.138, 336.96,  0.118, 350.22,  0.055,   3.12,  0.070, 353.48,  0.114,  19.55,  0.004, 194.04,  0.028, 160.91,  0.055, 154.36,  0.053, 174.61,  0.077, 158.75,  0.102, 114.81,-99.000, -99.00,-99.000, -99.00,-99.000, -99.00,-99.000, -99.00,
8/26/2006 06:50:00, 12.7,275.7,  0.7,  3.5, 18.785, 28.84,  0.0,  0.0,  0.149,  11.99,  0.067,   4.27,  0.135,   0.00,  0.096, 332.63,  0.118, 353.66,  0.104,   4.95,  0.100, 344.29,  0.190, 322.05,  0.100, 314.59,  0.052, 297.55,  0.052, 195.64,  0.040, 316.01,  0.008, 277.13,  0.056,   2.05,  0.085, 316.91,  0.040, 339.27,-99.000, -99.00,-99.000, -99.00,-99.000, -99.00,-99.000, -99.00,
8/26/2006 06:55:00, 12.7,275.7,  0.7,  3.5, 18.780, 28.85,  0.0,  0.0,  0.166, 343.96,  0.024, 306.38,  0.183,   6.89,  0.052, 354.51,  0.080, 329.90,  0.108, 317.62,  0.125,   4.57,  0.133, 347.01,  0.108, 314.63,  0.071,   2.42,  0.050, 347.35,  0.058, 345.00,  0.017,  57.26,  0.050, 193.76,  0.074, 137.20,  0.063, 260.84,-99.000, -99.00,-99.000, -99.00,-99.000, -99.00,-99.000, -99.00,
8/26/2006 07:00:00, 12.7,275.7,  0.7,  3.5, 18.782, 28.86,  0.0,  0.0,  0.178,   6.45,  0.043, 315.94,  0.132, 334.98,  0.044, 313.15,  0.167, 338.96,  0.044, 272.60,  0.067, 309.59,  0.050, 310.10,  0.088, 239.93,  0.085, 291.43,  0.126, 317.57,  0.077, 326.73,  0.050, 285.15,  0.045, 228.58,  0.047, 255.07,  0.056, 114.27,-99.000, -99.00,-99.000, -99.00,-99.000, -99.00,-99.000, -99.00,
8/26/2006 07:05:00, 12.7,275.7,  0.7,  3.5, 18.789, 28.86,  0.0,  0.0,  0.207, 343.75,  0.136, 337.02,  0.151, 350.48,  0.054, 352.61,  0.093, 312.81,  0.150, 339.76,  0.173, 322.53,  0.066, 309.47,  0.100, 282.09,  0.036, 285.95,  0.093, 303.18,  0.043, 293.03,  0.077, 140.76,  0.102, 111.28,  0.073, 119.36,  0.041, 155.32,-99.000, -99.00,-99.000, -99.00,-99.000, -99.00,-99.000, -99.00,
8/26/2006 07:10:00, 12.7,275.8,  0.7,  3.5, 18.803, 28.87,  0.0,  0.0,  0.079, 340.88,  0.089, 319.12,  0.067,  20.85,  0.096, 337.98,  0.133, 351.81,  0.110,   4.16,  0.134, 311.67,  0.100, 325.99,  0.122, 283.24,  0.070, 309.81,  0.116, 293.46,  0.025, 148.24,  0.024,  51.71,  0.038,  37.48,  0.046,  27.12,  0.103, 227.76,-99.000, -99.00,-99.000, -99.00,-99.000, -99.00,-99.000, -99.00,
8/26/2006 07:15:00, 12.7,275.7,  0.7,  3.5, 18.808, 28.86,  0.0,  0.0,  0.237,   1.21,  0.207, 335.42,  0.091,   7.59,  0.170, 322.18,  0.109, 309.40,  0.149, 355.40,  0.152, 334.62,  0.101, 310.17,  0.068, 285.26,  0.046, 250.77,  0.118, 310.18,  0.048, 352.87,  0.017, 319.76,  0.015, 105.95,  0.041, 120.96,  0.030, 302.62,-99.000, -99.00,-99.000, -99.00,-99.000, -99.00,-99.000, -99.00,
8/26/2006 07:20:00, 12.7,275.7,  0.7,  3.5, 18.814, 28.86,  0.0,  0.0,  0.065, 341.29,  0.069,  33.23,  0.031, 266.31,  0.103, 338.40,  0.142, 342.33,  0.160, 330.88,  0.049, 298.14,  0.066, 321.75,  0.062, 279.31,  0.036,   1.59,  0.024,  75.38,  0.032, 282.72,  0.028,  45.00,  0.083, 110.39,  0.113, 111.33,  0.121, 222.66,-99.000, -99.00,-99.000, -99.00,-99.000, -99.00,-99.000, -99.00,
8/26/2006 07:25:00, 12.7,275.8,  0.7,  3.5, 18.820, 28.86,  0.0,  0.0,  0.189, 345.30,  0.094,  82.04,  0.182, 341.37,  0.110, 335.30,  0.129, 317.52,  0.083, 346.13,  0.153,  18.32,  0.059,  17.82,  0.067, 281.14,  0.019, 227.12,  0.081, 177.88,  0.049, 165.68,  0.100, 107.53,  0.068,  70.23,  0.077,  67.78,  0.072, 167.12,-99.000, -99.00,-99.000, -99.00,-99.000, -99.00,-99.000, -99.00,
8/26/2006 07:30:00, 12.7,275.7,  0.6,  3.5, 18.817, 28.86,  0.0,  0.0,  0.152,   0.75,  0.085,  42.14,  0.156, 353.74,  0.140, 312.11,  0.103,   1.11,  0.108, 318.01,  0.084, 353.88,  0.113, 289.08,  0.181, 318.58,  0.091, 324.39,  0.057, 267.99,  0.027, 169.51,  0.061, 258.69,  0.049, 180.00,  0.053,  90.00,  0.005, 180.00,-99.000, -99.00,-99.000, -99.00,-99.000, -99.00,-99.000, -99.00,
8/26/2006 07:35:00, 12.7,275.7,  0.6,  3.5, 18.831, 28.86,  0.0,  0.0,  0.084,   3.41,  0.057,  18.43,  0.061,  62.59,  0.072,  38.78,  0.080, 336.33,  0.107, 317.65,  0.113, 355.95,  0.173, 312.43,  0.155, 289.26,  0.097, 291.04,  0.098, 268.25,  0.069, 327.46,  0.070, 345.96,  0.035,  27.30,  0.047, 126.38,  0.103, 213.54,-99.000, -99.00,-99.000, -99.00,-99.000, -99.00,-99.000, -99.00,
8/26/2006 07:40:00, 12.7,275.8,  0.6,  3.6, 18.842, 28.86,  0.0,  0.0,  0.187,   7.39,  0.112, 336.87,  0.123, 351.61,  0.044, 334.59,  0.126, 322.40,  0.091,  22.62,  0.097,  66.88,  0.108, 311.99,  0.167, 303.79,  0.076, 339.18,  0.103, 283.50,  0.047, 311.53,  0.003, 180.00,  0.037, 246.19,  0.026, 177.80,  0.079, 240.52,-99.000, -99.00,-99.000, -99.00,-99.000, -99.00,-99.000, -99.00,
8/26/2006 07:45:00, 12.7,275.8,  0.7,  3.5, 18.845, 28.86,  0.0,  0.0,  0.158, 332.46,  0.106, 355.15,  0.100, 340.11,  0.117, 348.21,  0.156, 311.88,  0.122, 317.00,  0.034, 285.26,  0.098, 292.13,  0.158, 325.60,  0.108, 286.75,  0.079, 248.60,  0.109, 285.44,  0.051, 119.60,  0.093, 100.58,  0.080, 116.89,  0.126, 197.57,-99.000, -99.00,-99.000, -99.00,-99.000, -99.00,-99.000, -99.00,
8/26/2006 07:50:00, 12.7,275.7,  0.7,  3.5, 18.848, 28.87,  0.0,  0.0,  0.145, 304.35,  0.136,  10.57,  0.115, 343.78,  0.087, 356.05,  0.095,  29.00,  0.120,   7.18,  0.139, 331.59,  0.103, 316.97,  0.085, 249.44,  0.054, 358.94,  0.083, 310.60,  0.048, 283.17,  0.061, 149.68,  0.020, 264.29,  0.014,  50.71,  0.077, 221.33,-99.000, -99.00,-99.000, -99.00,-99.000, -99.00,-99.000, -99.00,
8/26/2006 07:55:00, 12.7,275.6,  0.6,  3.5, 18.865, 28.87,  0.0,  0.0,  0.115, 310.06,  0.177,   8.45,  0.086, 356.01,  0.109, 320.60,  0.097,   9.46,  0.123,  48.64,  0.094, 354.53,  0.101, 323.47,  0.104, 343.30,  0.126, 308.23,  0.027, 338.20,  0.056, 282.31,  0.026, 299.48,  0.067, 113.88,  0.049,  94.67,  0.067, 172.23,-99.000, -99.00,-99.000, -99.00,-99.000, -99.00,-99.000, -99.00,
8/26/2006 08:00:00, 12.7,275.7,  0.7,  3.5, 18.863, 28.87,  0.0,  0.0,  0.128, 328.04,  0.183, 331.61,  0.165, 315.98,  0.074,   0.77,  0.078, 359.27,  0.073, 342.55,  0.123,  20.50,  0.158, 320.66,  0.162, 302.12,  0.062, 215.75,  0.113, 289.08,  0.033,  21.16,  0.058, 153.43,  0.054, 178.94,  0.096, 105.05,  0.119, 159.27,-99.000, -99.00,-99.000, -99.00,-99.000, -99.00,-99.000, -99.00,
8/26/2006 08:05:00, 12.7,275.6,  0.7,  3.5, 18.876, 28.87,  0.0,  0.0,  0.079, 300.47,  0.175, 334.31,  0.082, 330.00,  0.134, 309.53,  0.126, 347.18,  0.048,   1.19,  0.067, 322.28,  0.064, 267.32,  0.106, 323.02,  0.198, 318.27,  0.049, 298.14,  0.073, 209.74,  0.002, 333.43,  0.002, 333.43,  0.047, 189.87,  0.058, 125.88,-99.000, -99.00,-99.000, -99.00,-99.000, -99.00,-99.000, -99.00,
8/26/2006 08:10:00, 12.7,275.8,  0.7,  3.5, 18.877, 28.87,  0.0,  0.0,  0.007, 243.43,  0.158,  28.84,  0.096, 310.79,  0.096, 333.97,  0.102, 336.21,  0.127, 324.93,  0.118, 343.72,  0.074, 345.22,  0.097, 301.88,  0.114, 265.99,  0.044, 331.70,  0.093, 296.02,  0.021, 106.70,  0.011, 280.30,  0.007, 180.00,  0.145, 206.57,-99.000, -99.00,-99.000, -99.00,-99.000, -99.00,-99.000, -99.00,
8/26/2006 08:15:00, 12.7,275.7,  0.6,  3.5, 18.882, 28.87,  0.0,  0.0,  0.147,  13.75,  0.196, 339.99,  0.087, 316.40,  0.126, 332.01,  0.112, 339.15,  0.136, 334.37,  0.080, 351.36,  0.029,  30.96,  0.110, 300.52,  0.150, 311.22,  0.061, 295.30,  0.065, 313.75,  0.027,  38.99,  0.104, 277.74,  0.029, 141.95,  0.099, 210.47,-99.000, -99.00,-99.000, -99.00,-99.000, -99.00,-99.000, -99.00,
8/26/2006 08:20:00, 12.7,275.6,  0.7,  3.5, 18.886, 28.87,  0.0,  0.0,  0.123, 333.43,  0.151, 341.92,  0.115, 333.21,  0.095,  23.04,  0.046,  29.90,  0.087, 266.05,  0.074, 262.97,  0.117, 303.83,  0.021, 354.56,  0.079, 328.54,  0.029,   3.95,  0.105, 332.70,  0.119, 312.95,  0.007, 213.69,  0.010, 196.70,  0.078, 207.55,-99.000, -99.00,-99.000, -99.00,-99.000, -99.00,-99.000, -99.00,
8/26/2006 08:25:00, 12.7,275.7,  0.7,  3.5, 18.895, 28.86,  0.0,  0.0,  0.079, 343.86,  0.113, 348.79,  0.103, 324.92,  0.183, 339.48,  0.074,  52.67,  0.118, 322.94,  0.196, 321.61,  0.181, 304.66,  0.105, 302.18,  0.052, 252.26,  0.085, 295.67,  0.061, 307.63,  0.043, 332.24,  0.107,  69.19,  0.022,  57.72,  0.029, 333.43,-99.000, -99.00,-99.000, -99.00,-99.000, -99.00,-99.000, -99.00,
8/26/2006 08:30:00, 12.7,275.7,  0.7,  3.5, 18.895, 28.86,  0.0,  0.0,  0.006, 321.34,  0.176, 343.11,  0.071, 316.15,  0.113,   6.12,  0.110, 342.06,  0.093, 354.47,  0.172, 345.88,  0.055, 338.59,  0.125, 293.08,  0.134, 290.46,  0.086, 285.49,  0.087, 289.48,  0.025, 318.18,  0.087, 272.63,  0.087,  57.23,  0.053, 242.95,-99.000, -99.00,-99.000, -99.00,-99.000, -99.00,-99.000, -99.00,
8/26/2006 08:35:00, 12.7,275.8,  0.6,  3.5, 18.905, 28.86,  0.0,  0.0,  0.154,   2.97,  0.195, 345.11,  0.156, 350.06,  0.033, 317.49,  0.053,  14.30,  0.151, 320.10,  0.042,  16.70,  0.043, 330.42,  0.193, 305.92,  0.138, 304.04,  0.065, 324.36,  0.031, 284.93,  0.058, 250.94,  0.103, 270.00,  0.042,  19.29,  0.061, 184.69,-99.000, -99.00,-99.000, -99.00,-99.000, -99.00,-99.000, -99.00,
8/26/2006 08:40:00, 12.7,275.8,  0.6,  3.6, 18.905, 28.85,  0.0,  0.0,  0.186, 337.85,  0.187,   0.00,  0.163, 335.00,  0.163, 300.96,  0.126, 336.08,  0.115, 339.03,  0.114, 320.32,  0.101, 319.83,  0.075, 320.98,  0.077, 311.33,  0.130, 277.07,  0.121, 280.94,  0.120, 320.74,  0.059, 352.15,  0.066,  14.88,  0.091, 235.78,-99.000, -99.00,-99.000, -99.00,-99.000, -99.00,-99.000, -99.00,
8/26/2006 08:45:00, 12.7,275.7,  0.7,  3.5, 18.906, 28.85,  0.0,  0.0,  0.173, 315.00,  0.163,   9.17,  0.079, 316.02,  0.109, 353.14,  0.097, 324.19,  0.101, 333.43,  0.125, 286.26,  0.175, 279.19,  0.146, 303.80,  0.172, 317.59,  0.148, 302.83,  0.051, 294.54,  0.034, 333.43,  0.053, 248.81,  0.027, 228.01,  0.154, 210.39,-99.000, -99.00,-99.000, -99.00,-99.000, -99.00,-99.000, -99.00,
8/26/2006 08:50:00, 12.7,275.7,  0.6,  3.5, 18.911, 28.84,  0.0,  0.0,  0.163,  34.47,  0.079, 349.82,  0.112,  25.88,  0.158,  11.31,  0.172, 348.62,  0.122, 329.44,  0.133, 347.42,  0.108, 319.51,  0.154, 276.34,  0.065, 282.53,  0.165, 326.89,  0.110, 301.68,  0.159, 290.60,  0.082, 309.09,  0.129, 324.46,  0.097, 338.96,-99.000, -99.00,-99.000, -99.00,-99.000, -99.00,-99.000, -99.00,
8/26/2006 08:55:00, 12.7,275.7,  0.7,  3.5, 18.913, 28.84,  0.0,  0.0,  0.142, 356.78,  0.150, 351.98,  0.163, 330.60,  0.171, 317.14,  0.100,  16.81,  0.085, 323.13,  0.158, 319.87,  0.152, 308.07,  0.113, 302.70,  0.185, 276.20,  0.138, 294.34,  0.047, 206.57,  0.051, 299.05,  0.069,  10.01,  0.021, 286.70,  0.164, 227.96,-99.000, -99.00,-99.000, -99.00,-99.000, -99.00,-99.000, -99.00,
8/26/2006 09:00:00, 12.7,275.8,  0.6,  3.5, 18.921, 28.84,  0.0,  0.0,  0.149, 345.22,  0.116, 334.98,  0.195, 337.38,  0.192, 298.71,  0.196, 334.35,  0.161, 338.86,  0.196, 294.73,  0.180, 282.49,  0.171, 283.87,  0.129, 288.01,  0.133, 306.44,  0.078, 301.85,  0.051, 348.69,  0.022, 296.57,  0.056, 303.41,  0.113, 252.53,-99.000, -99.00,-99.000, -99.00,-99.000, -99.00,-99.000, -99.00,
8/26/2006 09:05:00, 12.7,275.6,  0.7,  3.5, 18.924, 28.84,  0.0,  0.0,  0.149, 355.78,  0.181, 327.63,  0.188, 324.96,  0.184, 352.18,  0.187, 320.00,  0.148, 318.56,  0.119, 301.95,  0.145, 298.33,  0.153, 282.04,  0.116, 316.40,  0.213, 292.10,  0.072, 324.55,  0.099, 331.11,  0.060, 319.09,  0.019, 306.25,  0.084, 296.26,-99.000, -99.00,-99.000, -99.00,-99.000, -99.00,-99.000, -99.00,
8/26/2006 09:10:00, 12.7,275.6,  0.6,  3.5, 18.939, 28.84,  0.0,  0.0,  0.095, 311.58,  0.182, 351.16,  0.157, 344.90,  0.122, 339.33,  0.185, 349.42,  0.159, 298.98,  0.125, 295.54,  0.141, 303.47,  0.147, 294.12,  0.091, 284.65,  0.103, 281.20,  0.094, 283.59,  0.126, 325.05,  0.091, 333.15,  0.054, 345.96,  0.093, 221.94,-99.000, -99.00,-99.000, -99.00,-99.000, -99.00,-99.000, -99.00,
8/26/2006 09:15:00, 12.7,275.7,  0.7,  3.5, 18.938, 28.84,  0.0,  0.0,  0.130, 313.13,  0.200, 312.16,  0.213, 322.81,  0.236, 340.18,  0.201, 295.67,  0.078, 336.71,  0.099, 292.66,  0.133, 255.23,  0.091, 285.26,  0.169, 288.97,  0.087, 288.85,  0.109, 281.10,  0.134, 316.81,  0.146, 311.67,  0.095, 296.83,  0.070, 214.59,-99.000, -99.00,-99.000, -99.00,-99.000, -99.00,-99.000, -99.00,
8/26/2006 09:20:00, 12.7,275.8,  0.6,  3.5, 18.936, 28.84,  0.0,  0.0,  0.131, 308.18,  0.196, 328.34,  0.121, 310.29,  0.150, 301.36,  0.174, 305.88,  0.218, 306.61,  0.148, 297.78,  0.190, 303.86,  0.158, 283.51,  0.185, 281.25,  0.179, 278.99,  0.112, 244.58,  0.090, 262.32,  0.052, 283.24,  0.114, 294.99,  0.072, 204.44,-99.000, -99.00,-99.000, -99.00,-99.000, -99.00,-99.000, -99.00,
8/26/2006 09:25:00, 12.7,275.7,  0.6,  3.5, 18.952, 28.84,  0.0,  0.0,  0.042, 278.13,  0.163, 333.75,  0.122, 312.68,  0.103, 313.81,  0.125, 335.48,  0.141, 308.98,  0.152, 294.04,  0.158, 274.73,  0.226, 289.96,  0.156, 283.68,  0.190, 313.94,  0.224, 310.10,  0.181, 303.08,  0.141, 304.03,  0.158, 331.16,  0.090, 326.84,-99.000, -99.00,-99.000, -99.00,-99.000, -99.00,-99.000, -99.00,
8/26/2006 09:30:00, 12.7,275.9,  0.7,  3.5, 18.969, 28.84,  0.0,  0.0,  0.112, 299.55,  0.182, 315.89,  0.089, 323.26,  0.088, 358.05,  0.184, 311.04,  0.150, 288.68,  0.156, 312.40,  0.200, 292.97,  0.210, 276.01,  0.157, 290.51,  0.065, 319.97,  0.076, 315.00,  0.120, 324.18,  0.141, 289.84,  0.104, 317.73,  0.133, 288.02,-99.000, -99.00,-99.000, -99.00,-99.000, -99.00,-99.000, -99.00,
8/26/2006 09:35:00, 12.7,275.7,  0.7,  3.5, 18.966, 28.84,  0.0,  0.0,  0.216, 316.87,  0.201, 340.84,  0.207, 294.58,  0.146, 339.08,  0.157, 301.15,  0.171, 317.61,  0.192, 326.06,  0.177, 324.42,  0.184, 325.19,  0.272, 322.16,  0.217, 326.82,  0.215, 311.04,  0.128, 294.56,  0.094, 271.83,  0.182, 286.64,  0.135, 261.51,-99.000, -99.00,-99.000, -99.00,-99.000, -99.00,-99.000, -99.00,
8/26/2006 09:40:00, 12.7,275.8,  0.6,  3.6, 18.955, 28.84,  0.0,  0.0,  0.158, 325.81,  0.148, 313.08,  0.191, 301.53,  0.202, 328.74,  0.210, 314.42,  0.068, 315.00,  0.190, 306.87,  0.207, 315.59,  0.197, 299.17,  0.184, 303.95,  0.223, 292.42,  0.232, 292.26,  0.183, 287.15,  0.171, 281.44,  0.151, 290.11,  0.170, 231.92,-99.000, -99.00,-99.000, -99.00,-99.000, -99.00,-99.000, -99.00,
8/26/2006 09:45:00, 12.7,275.7,  0.7,  3.5, 18.958, 28.84,  0.0,  0.0,  0.225, 338.91,  0.128, 353.71,  0.201, 322.67,  0.192, 328.63,  0.280, 323.58,  0.165, 340.58,  0.288, 320.78,  0.185, 326.22,  0.217, 301.42,  0.150, 280.34,  0.168, 299.62,  0.139, 292.34,  0.155, 283.77,  0.092, 299.90,  0.155, 294.41,  0.090, 194.19,-99.000, -99.00,-99.000, -99.00,-99.000, -99.00,-99.000, -99.00,
8/26/2006 09:50:00, 12.7,275.7,  0.6,  3.6, 18.960, 28.84,  0.0,  0.0,  0.130, 320.31,  0.206, 324.46,  0.123, 338.46,  0.278, 338.89,  0.199, 344.29,  0.199, 338.84,  0.200, 352.23,  0.175, 346.12,  0.216, 326.90,  0.191, 313.73,  0.178, 313.86,  0.201, 310.97,  0.179, 312.06,  0.235, 303.01,  0.184, 296.84,  0.106, 233.02,-99.000, -99.00,-99.000, -99.00,-99.000, -99.00,-99.000, -99.00,
8/26/2006 09:55:00, 12.7,275.8,  0.6,  3.5, 18.958, 28.85,  0.0,  0.0,  0.159, 339.74,  0.217, 346.67,  0.194, 302.13,  0.192, 306.09,  0.136, 326.66,  0.182, 341.47,  0.160, 333.60,  0.175, 299.79,  0.117, 296.35,  0.121, 301.86,  0.169, 315.24,  0.184, 276.55,  0.219, 285.12,  0.175, 291.44,  0.137, 330.62,  0.145, 276.34,-99.000, -99.00,-99.000, -99.00,-99.000, -99.00,-99.000, -99.00,
8/26/2006 10:00:00, 12.7,275.7,  0.6,  3.5, 18.967, 28.85,  0.0,  0.0,  0.242, 306.59,  0.167, 340.05,  0.089, 352.87,  0.128, 326.81,  0.106, 319.22,  0.204, 319.98,  0.216, 297.51,  0.083, 296.57,  0.154, 308.66,  0.169, 318.85,  0.149, 347.64,  0.270, 307.63,  0.277, 296.10,  0.205, 287.90,  0.270, 287.70,  0.170, 238.75,-99.000, -99.00,-99.000, -99.00,-99.000, -99.00,-99.000, -99.00,
8/26/2006 10:05:00, 12.7,275.8,  0.6,  3.5, 18.960, 28.85,  0.0,  0.0,  0.157, 292.48,  0.232, 315.35,  0.159, 298.18,  0.159, 283.86,  0.188, 317.38,  0.258, 295.47,  0.145, 289.31,  0.216, 300.37,  0.210, 304.52,  0.171, 307.87,  0.248, 303.50,  0.255, 295.26,  0.225, 282.31,  0.196, 272.05,  0.140, 279.06,  0.110, 238.05,-99.000, -99.00,-99.000, -99.00,-99.000, -99.00,-99.000, -99.00,
8/26/2006 10:10:00, 12.7,275.7,  0.6,  3.5, 18.956, 28.85,  0.0,  0.0,  0.171, 275.04,  0.242, 298.16,  0.195, 278.84,  0.207, 307.92,  0.181, 285.03,  0.134, 291.01,  0.220, 283.15,  0.140, 300.40,  0.141, 303.13,  0.180, 304.13,  0.184, 295.04,  0.142, 316.42,  0.213, 283.84,  0.239, 288.51,  0.218, 293.51,  0.059, 259.26,-99.000, -99.00,-99.000, -99.00,-99.000, -99.00,-99.000, -99.00,
8/26/2006 10:15:00, 12.7,275.7,  0.6,  3.5, 18.971, 28.85,  0.0,  0.0,  0.162, 306.73,  0.169, 296.72,  0.134, 291.41,  0.175, 306.15,  0.186, 334.82,  0.234, 332.56,  0.350, 302.74,  0.219, 324.86,  0.157, 320.43,  0.141, 310.12,  0.203, 282.25,  0.135, 308.06,  0.109, 284.93,  0.179, 276.41,  0.230, 293.33,  0.155, 242.77,-99.000, -99.00,-99.000, -99.00,-99.000, -99.00,-99.000, -99.00,
8/26/2006 10:20:00, 12.7,275.8,  0.6,  3.5, 18.972, 28.85,  0.0,  0.0,  0.077, 321.34,  0.129, 311.86,  0.218, 305.87,  0.107, 333.43,  0.222, 320.13,  0.116, 334.98,  0.156, 308.77,  0.131, 329.11,  0.167, 296.26,  0.082, 295.31,  0.264, 293.94,  0.216, 296.45,  0.254, 295.96,  0.209, 293.13,  0.250, 297.59,  0.164, 239.69,-99.000, -99.00,-99.000, -99.00,-99.000, -99.00,-99.000, -99.00,
8/26/2006 10:25:00, 12.7,275.8,  0.7,  3.5, 18.972, 28.85,  0.0,  0.0,  0.150, 303.06,  0.280, 333.89,  0.323, 322.67,  0.118, 328.87,  0.248, 310.10,  0.204, 325.38,  0.182, 322.82,  0.252, 293.92,  0.287, 315.85,  0.262, 303.63,  0.187, 313.49,  0.153, 311.82,  0.190, 300.76,  0.211, 305.57,  0.239, 322.31,  0.126, 250.99,-99.000, -99.00,-99.000, -99.00,-99.000, -99.00,-99.000, -99.00,
8/26/2006 10:30:00, 12.7,275.7,  0.7,  3.5, 18.974, 28.85,  0.0,  0.0,  0.212, 334.64,  0.231, 301.01,  0.196, 302.47,  0.143, 321.53,  0.146, 341.19,  0.181, 323.76,  0.177, 327.93,  0.234, 311.88,  0.235, 333.43,  0.215, 326.98,  0.227, 323.58,  0.194, 323.37,  0.302, 301.32,  0.181, 289.74,  0.190, 289.39,  0.142, 276.47,-99.000, -99.00,-99.000, -99.00,-99.000, -99.00,-99.000, -99.00,
8/26/2006 10:35:00, 12.7,275.8,  0.7,  3.5, 18.972, 28.85,  0.0,  0.0,  0.189, 321.86,  0.269, 311.69,  0.290, 308.29,  0.229, 305.22,  0.236, 317.24,  0.234, 311.88,  0.255, 314.21,  0.266, 299.45,  0.201, 311.16,  0.243, 302.06,  0.213, 298.37,  0.262, 291.96,  0.260, 287.46,  0.244, 286.95,  0.284, 297.29,  0.120, 263.77,-99.000, -99.00,-99.000, -99.00,-99.000, -99.00,-99.000, -99.00,
8/26/2006 10:40:00, 12.7,275.8,  0.7,  3.5, 18.975, 28.85,  0.0,  0.0,  0.223, 314.64,  0.174, 319.43,  0.202, 303.06,  0.185, 325.79,  0.225, 302.28,  0.245, 306.22,  0.262, 302.05,  0.245, 331.45,  0.257, 322.11,  0.261, 319.04,  0.229, 314.29,  0.230, 314.12,  0.213, 315.57,  0.192, 310.57,  0.267, 314.39,  0.163, 271.05,-99.000, -99.00,-99.000, -99.00,-99.000, -99.00,-99.000, -99.00,
8/26/2006 10:45:00, 12.7,275.8,  0.6,  3.5, 18.974, 28.85,  0.0,  0.0,  0.168, 296.57,  0.202, 323.24,  0.235, 303.01,  0.218, 325.65,  0.107, 328.39,  0.186, 311.51,  0.158, 327.42,  0.136, 302.05,  0.137, 296.00,  0.124, 300.49,  0.206, 297.81,  0.299, 308.21,  0.219, 297.15,  0.118, 270.00,  0.286, 298.90,  0.206, 274.46,-99.000, -99.00,-99.000, -99.00,-99.000, -99.00,-99.000, -99.00,
8/26/2006 10:50:00, 12.7,275.8,  0.6,  3.5, 18.978, 28.85,  0.0,  0.0,  0.205, 301.44,  0.285, 302.41,  0.245, 308.37,  0.144, 316.68,  0.228, 317.49,  0.219, 319.99,  0.190, 318.42,  0.171, 320.45,  0.219, 299.84,  0.328, 290.92,  0.259, 298.05,  0.164, 324.95,  0.199, 315.20,  0.243, 314.00,  0.231, 288.43,  0.273, 275.04,-99.000, -99.00,-99.000, -99.00,-99.000, -99.00,-99.000, -99.00,
8/26/2006 10:55:00, 12.7,275.8,  0.6,  3.5, 18.969, 28.85,  0.0,  0.0,  0.203, 330.53,  0.155, 340.40,  0.182, 321.68,  0.206, 339.80,  0.146, 314.17,  0.158, 318.85,  0.202, 303.06,  0.204, 305.64,  0.185, 306.87,  0.180, 313.88,  0.269, 318.01,  0.196, 318.73,  0.169, 326.12,  0.185, 306.87,  0.154, 286.56,  0.102, 287.72,-99.000, -99.00,-99.000, -99.00,-99.000, -99.00,-99.000, -99.00,
8/26/2006 11:00:00, 12.7,275.7,  0.7,  3.5, 18.952, 28.85,  0.0,  0.0,  0.175, 336.37,  0.191, 307.11,  0.211, 340.88,  0.156, 333.76,  0.202, 312.20,  0.209, 308.02,  0.287, 303.63,  0.305, 309.81,  0.227, 311.07,  0.194, 298.94,  0.191, 309.27,  0.159, 293.67,  0.214, 283.78,  0.193, 280.15,  0.133, 300.82,  0.150, 285.42,-99.000, -99.00,-99.000, -99.00,-99.000, -99.00,-99.000, -99.00,
8/26/2006 11:05:00, 12.7,275.7,  0.7,  3.5, 18.958, 28.85,  0.0,  0.0,  0.113, 341.40,  0.203, 319.40,  0.135, 341.03,  0.114,   0.50,  0.124, 325.54,  0.156, 326.21,  0.206, 312.05,  0.238, 311.59,  0.217, 310.14,  0.182, 329.63,  0.214, 306.07,  0.209, 309.56,  0.177, 307.65,  0.268, 287.62,  0.267, 285.65,  0.170, 289.18,-99.000, -99.00,-99.000, -99.00,-99.000, -99.00,-99.000, -99.00,
8/26/2006 11:10:00, 12.7,275.8,  0.6,  3.5, 18.952, 28.86,  0.0,  0.0,  0.197, 335.77,  0.258, 335.52,  0.165, 310.83,  0.030, 297.41,  0.255, 327.99,  0.203, 334.57,  0.205, 316.58,  0.148, 318.56,  0.195, 312.71,  0.193, 297.76,  0.191, 282.37,  0.178, 274.18,  0.166, 270.69,  0.220, 282.59,  0.160, 291.27,  0.059, 246.04,-99.000, -99.00,-99.000, -99.00,-99.000, -99.00,-99.000, -99.00,
8/26/2006 11:15:00, 12.7,275.8,  0.6,  3.5, 18.966, 28.86,  0.0,  0.0,  0.168, 304.82,  0.177, 321.19,  0.108, 322.92,  0.157, 346.76,  0.221, 331.35,  0.165, 323.13,  0.188, 322.58,  0.095, 326.14,  0.217, 317.99,  0.252, 307.60,  0.156, 309.81,  0.223, 301.98,  0.212, 309.46,  0.200, 269.14,  0.148, 278.95,  0.115, 297.90,-99.000, -99.00,-99.000, -99.00,-99.000, -99.00,-99.000, -99.00,
8/26/2006 11:20:00, 12.7,275.8,  0.6,  3.5, 18.957, 28.86,  0.0,  0.0,  0.137, 300.68,  0.214, 313.68,  0.202, 334.83,  0.138, 333.81,  0.179, 340.45,  0.232, 320.42,  0.241, 306.39,  0.213, 326.09,  0.241, 319.71,  0.156, 307.97,  0.173, 284.36,  0.224, 272.81,  0.238, 274.34,  0.268, 268.29,  0.220, 274.70,  0.118, 255.73,-99.000, -99.00,-99.000, -99.00,-99.000, -99.00,-99.000, -99.00,
8/26/2006 11:25:00, 12.7,275.8,  0.6,  3.5, 18.969, 28.87,  0.0,  0.0,  0.128, 338.45,  0.208, 349.77,  0.245, 316.82,  0.183, 293.49,  0.115, 330.32,  0.221, 298.65,  0.153, 349.86,  0.170, 301.08,  0.138, 289.49,  0.201, 282.37,  0.246, 284.38,  0.278, 275.16,  0.246, 266.03,  0.237, 256.84,  0.194, 267.05,  0.087, 209.50,-99.000, -99.00,-99.000, -99.00,-99.000, -99.00,-99.000, -99.00,
8/26/2006 11:30:00, 12.7,275.8,  0.6,  3.5, 18.954, 28.87,  0.0,  0.0,  0.071,   0.00,  0.117, 340.02,  0.218, 330.97,  0.293, 331.42,  0.182, 329.20,  0.150, 339.26,  0.186, 289.12,  0.133, 284.35,  0.159, 291.06,  0.190, 317.56,  0.097, 297.62,  0.090, 266.19,  0.312, 274.05,  0.380, 269.70,  0.166, 263.77,  0.137, 218.79,-99.000, -99.00,-99.000, -99.00,-99.000, -99.00,-99.000, -99.00,
8/26/2006 11:35:00, 12.7,275.8,  0.6,  3.5, 18.948, 28.87,  0.0,  0.0,  0.226, 320.75,  0.168, 346.21,  0.152, 320.87,  0.295, 309.63,  0.197, 316.65,  0.145, 286.81,  0.202, 296.44,  0.279, 332.24,  0.248, 318.92,  0.269, 304.10,  0.203, 276.78,  0.180, 266.19,  0.233, 281.12,  0.215, 289.53,  0.197, 286.78,  0.128, 252.27,-99.000, -99.00,-99.000, -99.00,-99.000, -99.00,-99.000, -99.00,
8/26/2006 11:40:00, 12.7,275.8,  0.6,  3.5, 18.947, 28.88,  0.0,  0.0,  0.153, 314.74,  0.191, 329.14,  0.193, 321.94,  0.204, 319.58,  0.218, 334.14,  0.205, 322.74,  0.180, 315.22,  0.229, 311.82,  0.218, 305.29,  0.214, 303.39,  0.160, 302.99,  0.210, 299.00,  0.229, 295.33,  0.183, 266.56,  0.256, 266.19,  0.197, 249.55,-99.000, -99.00,-99.000, -99.00,-99.000, -99.00,-99.000, -99.00,
8/26/2006 11:45:00, 12.7,275.9,  0.6,  3.5, 18.950, 28.88,  0.0,  0.0,  0.174, 321.29,  0.209, 328.28,  0.293, 327.83,  0.221, 329.26,  0.181,  20.74,  0.105, 319.64,  0.208, 327.99,  0.115, 310.76,  0.123, 334.90,  0.167, 300.55,  0.221, 272.33,  0.263, 275.45,  0.278, 282.89,  0.226, 262.87,  0.215, 272.66,  0.195, 258.46,-99.000, -99.00,-99.000, -99.00,-99.000, -99.00,-99.000, -99.00,
8/26/2006 11:50:00, 12.7,275.8,  0.6,  3.5, 18.950, 28.88,  0.0,  0.0,  0.180, 305.72,  0.267, 336.80,  0.227, 330.16,  0.249, 325.16,  0.228, 335.35,  0.158, 341.91,  0.227, 324.49,  0.183, 304.73,  0.208, 315.00,  0.226, 306.72,  0.188, 293.84,  0.210, 293.27,  0.194, 272.36,  0.246, 264.41,  0.217, 288.27,  0.133, 295.41,-99.000, -99.00,-99.000, -99.00,-99.000, -99.00,-99.000, -99.00,
8/26/2006 11:55:00, 12.7,275.8,  0.6,  3.5, 18.933, 28.89,  0.0,  0.0,  0.202, 308.17,  0.261, 297.84,  0.241, 311.30,  0.259, 329.07,  0.143, 315.00,  0.228, 291.85,  0.192, 352.21,  0.224, 331.72,  0.221, 312.99,  0.166, 316.71,  0.192, 310.15,  0.225, 296.68,  0.195, 260.54,  0.243, 250.30,  0.278, 257.11,  0.167, 270.34,-99.000, -99.00,-99.000, -99.00,-99.000, -99.00,-99.000, -99.00,
8/26/2006 12:00:00, 12.7,275.8,  0.6,  3.5, 18.916, 28.89,  0.0,  0.0,  0.122, 317.32,  0.213, 303.32,  0.178, 309.31,  0.049, 315.00,  0.127, 345.85,  0.238, 316.36,  0.206, 329.94,  0.158, 330.84,  0.214, 357.59,  0.155, 330.12,  0.137, 308.46,  0.268, 301.55,  0.155, 280.44,  0.190, 268.49,  0.223, 265.11,  0.226, 277.63,-99.000, -99.00,-99.000, -99.00,-99.000, -99.00,-99.000, -99.00,
8/26/2006 12:05:00, 12.7,275.7,  0.6,  3.5, 18.918, 28.89,  0.0,  0.0,  0.154, 289.38,  0.207, 293.34,  0.248, 292.02,  0.214, 292.25,  0.181, 304.22,  0.220, 325.95,  0.192, 317.32,  0.233, 312.74,  0.170, 309.76,  0.193, 299.89,  0.207, 294.58,  0.245, 292.58,  0.241, 268.81,  0.174, 253.33,  0.151, 288.91,  0.139, 264.21,-99.000, -99.00,-99.000, -99.00,-99.000, -99.00,-99.000, -99.00,
8/26/2006 12:10:00, 12.7,275.8,  0.6,  3.5, 18.939, 28.89,  0.0,  0.0,  0.201, 290.96,  0.215, 305.91,  0.143, 305.02,  0.111, 334.36,  0.275, 332.04,  0.233, 314.83,  0.130, 313.75,  0.164, 301.26,  0.167, 316.46,  0.176, 312.01,  0.187, 289.02,  0.153, 276.01,  0.185, 263.49,  0.184, 280.33,  0.236, 300.05,  0.080, 334.08,-99.000, -99.00,-99.000, -99.00,-99.000, -99.00,-99.000, -99.00,
8/26/2006 12:15:00, 12.7,275.8,  0.6,  3.5, 18.915, 28.89,  0.0,  0.0,  0.137, 264.54,  0.134, 294.66,  0.120, 317.02,  0.228, 303.90,  0.237, 301.34,  0.133, 311.02,  0.211, 338.90,  0.181, 321.74,  0.232, 306.23,  0.177, 309.72,  0.210, 305.51,  0.180, 287.83,  0.302, 282.24,  0.240, 287.23,  0.230, 297.46,  0.103, 318.92,-99.000, -99.00,-99.000, -99.00,-99.000, -99.00,-99.000, -99.00,
8/26/2006 12:20:00, 12.7,275.7,  0.6,  3.5, 18.913, 28.90,  0.0,  0.0,  0.104, 296.32,  0.156, 291.46,  0.148, 297.26,  0.091, 339.37,  0.122, 335.32,  0.103, 333.43,  0.117, 301.38,  0.220, 325.73,  0.165, 297.50,  0.118, 282.26,  0.141, 271.62,  0.191, 284.55,  0.251, 285.48,  0.215, 272.40,  0.247, 295.42,  0.159, 299.79,-99.000, -99.00,-99.000, -99.00,-99.000, -99.00,-99.000, -99.00,
8/26/2006 12:25:00, 12.7,275.8,  0.6,  3.5, 18.913, 28.90,  0.0,  0.0,  0.242, 295.72,  0.125, 301.91,  0.157, 300.96,  0.156, 305.62,  0.168, 270.34,  0.165, 337.62,  0.197, 293.96,  0.120, 295.71,  0.078, 285.64,  0.244, 290.89,  0.160, 283.34,  0.152, 290.47,  0.141, 247.44,  0.193, 254.38,  0.148, 275.83,  0.069, 313.23,-99.000, -99.00,-99.000, -99.00,-99.000, -99.00,-99.000, -99.00,
8/26/2006 12:30:00, 12.7,275.7,  0.6,  3.5, 18.909, 28.90,  0.0,  0.0,  0.130, 258.43,  0.155, 325.49,  0.129, 312.81,  0.142, 335.96,  0.211, 344.58,  0.196, 330.95,  0.254, 333.03,  0.165, 324.38,  0.102, 288.26,  0.124, 298.83,  0.194, 286.47,  0.193, 308.71,  0.256, 306.42,  0.172, 280.72,  0.213, 293.20,  0.116, 327.00,-99.000, -99.00,-99.000, -99.00,-99.000, -99.00,-99.000, -99.00,
8/26/2006 12:35:00, 12.7,275.8,  0.6,  3.5, 18.897, 28.90,  0.0,  0.0,  0.259, 262.68,  0.201, 344.45,  0.167, 283.12,  0.188, 293.84,  0.147, 321.89,  0.119, 317.05,  0.214, 295.73,  0.169, 283.71,  0.184, 290.01,  0.181, 277.95,  0.101, 247.25,  0.247, 263.97,  0.207, 264.45,  0.308, 264.42,  0.254, 280.65,  0.079, 275.06,-99.000, -99.00,-99.000, -99.00,-99.000, -99.00,-99.000, -99.00,
8/26/2006 12:40:00, 12.7,275.8,  0.7,  3.5, 18.893, 28.90,  0.0,  0.0,  0.179, 287.93,  0.093, 341.18,  0.201, 287.35,  0.235, 321.91,  0.119, 353.71,  0.140, 318.47,  0.087, 312.67,  0.084, 285.85,  0.060, 254.58,  0.097, 288.62,  0.137, 277.54,  0.142, 294.04,  0.188, 259.59,  0.136, 252.50,  0.154, 281.60,  0.100, 328.06,-99.000, -99.00,-99.000, -99.00,-99.000, -99.00,-99.000, -99.00,
8/26/2006 12:45:00, 12.7,275.8,  0.6,  3.5, 18.896, 28.90,  0.0,  0.0,  0.182, 286.94,  0.150, 302.21,  0.133, 317.44,  0.124, 319.25,  0.184, 308.81,  0.183, 317.43,  0.205, 300.82,  0.072, 316.12,  0.120, 280.09,  0.152, 276.05,  0.157, 281.02,  0.134, 291.01,  0.167, 272.74,  0.126, 262.26,  0.094, 281.07,  0.061, 247.67,-99.000, -99.00,-99.000, -99.00,-99.000, -99.00,-99.000, -99.00,
8/26/2006 12:50:00, 12.7,275.8,  0.6,  3.5, 18.891, 28.89,  0.0,  0.0,  0.135, 292.20,  0.132, 291.32,  0.155, 261.45,  0.200, 302.98,  0.124, 306.13,  0.110, 287.94,  0.184, 311.04,  0.150, 305.49,  0.153, 298.91,  0.129, 305.54,  0.199, 293.09,  0.157, 294.11,  0.100, 298.11,  0.022,  56.31,  0.048,   2.39,  0.059, 334.75,-99.000, -99.00,-99.000, -99.00,-99.000, -99.00,-99.000, -99.00,
8/26/2006 12:55:00, 12.7,275.8,  0.7,  3.5, 18.884, 28.89,  0.0,  0.0,  0.159, 298.18,  0.149, 315.27,  0.075, 332.06,  0.145, 302.05,  0.124, 343.61,  0.085, 328.92,  0.153, 279.40,  0.158, 307.02,  0.189, 292.08,  0.162, 302.91,  0.186, 300.01,  0.121, 290.22,  0.145, 284.80,  0.103, 267.22,  0.131, 293.43,  0.132, 298.51,-99.000, -99.00,-99.000, -99.00,-99.000, -99.00,-99.000, -99.00,
8/26/2006 13:00:00, 12.7,275.9,  0.6,  3.5, 18.882, 28.89,  0.0,  0.0,  0.148, 287.70,  0.251, 317.74,  0.165, 297.03,  0.124, 276.49,  0.098, 314.59,  0.125, 314.68,  0.213, 295.00,  0.124, 279.77,  0.114, 290.50,  0.085, 263.21,  0.196, 274.09,  0.151, 288.56,  0.150, 276.13,  0.164, 270.70,  0.120, 283.46,  0.033, 231.07,-99.000, -99.00,-99.000, -99.00,-99.000, -99.00,-99.000, -99.00,
8/26/2006 13:05:00, 12.7,275.8,  0.6,  3.5, 18.876, 28.89,  0.0,  0.0,  0.124, 272.31,  0.079, 318.07,  0.044, 277.77,  0.038, 307.48,  0.089, 290.48,  0.113, 267.47,  0.152, 273.76,  0.102, 298.84,  0.148, 273.87,  0.121, 321.04,  0.117, 289.98,  0.082, 330.95,  0.156, 325.70,  0.094, 297.93,  0.141, 292.56,  0.105, 252.78,-99.000, -99.00,-99.000, -99.00,-99.000, -99.00,-99.000, -99.00,
8/26/2006 13:10:00, 12.7,275.8,  0.7,  3.5, 18.864, 28.89,  0.0,  0.0,  0.144, 262.83,  0.177, 306.48,  0.270, 282.18,  0.243, 282.84,  0.120, 294.64,  0.073, 308.29,  0.168, 307.76,  0.096, 268.21,  0.197, 282.62,  0.241, 278.37,  0.225, 285.21,  0.144, 294.61,  0.182, 291.22,  0.191, 287.01,  0.155, 304.51,  0.086, 224.06,-99.000, -99.00,-99.000, -99.00,-99.000, -99.00,-99.000, -99.00,
8/26/2006 13:15:00, 12.7,275.9,  0.6,  3.5, 18.865, 28.89,  0.0,  0.0,  0.112, 274.09,  0.133, 302.74,  0.067, 254.52,  0.057, 280.12,  0.161, 325.12,  0.105, 347.29,  0.031,  19.03,  0.047, 334.54,  0.076, 324.64,  0.163, 325.53,  0.119, 333.00,  0.111, 319.73,  0.105, 333.43,  0.105, 306.11,  0.166, 305.70,  0.044, 292.52,-99.000, -99.00,-99.000, -99.00,-99.000, -99.00,-99.000, -99.00,
8/26/2006 13:20:00, 12.7,275.8,  0.6,  3.5, 18.858, 28.89,  0.0,  0.0,  0.103, 311.08,  0.193, 318.14,  0.058, 300.11,  0.109, 266.33,  0.134, 315.30,  0.063, 268.18,  0.105, 323.13,  0.121, 290.22,  0.142, 309.86,  0.096, 323.01,  0.159, 306.80,  0.109, 322.82,  0.023, 184.97,  0.090, 306.87,  0.146, 311.11,  0.108, 187.98,-99.000, -99.00,-99.000, -99.00,-99.000, -99.00,-99.000, -99.00,
8/26/2006 13:25:00, 12.7,275.9,  0.6,  3.5, 18.847, 28.89,  0.0,  0.0,  0.091, 252.16,  0.220, 309.27,  0.079, 318.07,  0.056, 321.50,  0.072, 298.35,  0.029, 270.00,  0.120, 309.93,  0.106, 288.09,  0.127, 295.76,  0.068, 302.99,  0.126, 294.33,  0.140, 272.45,  0.105, 288.95,  0.191, 291.47,  0.194, 307.46,  0.113, 278.13,-99.000, -99.00,-99.000, -99.00,-99.000, -99.00,-99.000, -99.00,
8/26/2006 13:30:00, 12.7,275.8,  0.7,  3.5, 18.851, 28.89,  0.0,  0.0,  0.107, 295.37,  0.104, 294.35,  0.115, 273.48,  0.091, 275.02,  0.033, 273.47,  0.141, 270.41,  0.134, 303.10,  0.184, 261.87,  0.145, 285.19,  0.201, 300.13,  0.216, 286.16,  0.141, 291.65,  0.177, 295.41,  0.148, 304.01,  0.064, 331.82,  0.065, 157.38,-99.000, -99.00,-99.000, -99.00,-99.000, -99.00,-99.000, -99.00,
8/26/2006 13:35:00, 12.7,275.9,  0.6,  3.5, 18.851, 28.89,  0.0,  0.0,  0.101, 320.63,  0.091, 278.84,  0.107, 280.26,  0.080, 241.50,  0.100, 326.47,  0.098, 289.73,  0.061, 277.59,  0.147, 288.68,  0.083, 309.63,  0.120, 297.85,  0.109, 307.92,  0.088, 303.87,  0.078, 335.74,  0.120, 320.07,  0.127, 313.09,  0.032, 271.79,-99.000, -99.00,-99.000, -99.00,-99.000, -99.00,-99.000, -99.00,
8/26/2006 13:40:00, 12.7,275.8,  0.6,  3.5, 18.844, 28.89,  0.0,  0.0,  0.040,  77.01,  0.150, 291.94,  0.068, 291.64,  0.091, 304.73,  0.071, 280.52,  0.129, 270.89,  0.151, 264.67,  0.197, 263.60,  0.134, 275.58,  0.122, 254.25,  0.037, 260.79,  0.111, 303.26,  0.108, 307.83,  0.174, 290.83,  0.105, 316.15,  0.044, 294.23,-99.000, -99.00,-99.000, -99.00,-99.000, -99.00,-99.000, -99.00,
8/26/2006 13:45:00, 12.7,275.9,  0.6,  3.5, 18.829, 28.89,  0.0,  0.0,  0.026, 100.89,  0.084, 253.30,  0.061, 251.86,  0.164, 308.33,  0.189, 300.23,  0.106, 284.69,  0.064, 267.32,  0.143, 285.01,  0.097, 296.83,  0.117, 263.61,  0.077, 289.86,  0.108, 292.99,  0.062, 289.90,  0.059, 233.90,  0.041, 271.40,  0.101, 244.71,-99.000, -99.00,-99.000, -99.00,-99.000, -99.00,-99.000, -99.00,
8/26/2006 13:50:00, 12.7,275.9,  0.6,  3.5, 18.824, 28.89,  0.0,  0.0,  0.176, 261.82,  0.033, 257.66,  0.127, 293.73,  0.079, 253.16,  0.027, 252.90,  0.157, 284.04,  0.037, 302.83,  0.027, 190.49,  0.074, 227.73,  0.038, 270.00,  0.061, 246.80,  0.132, 261.25,  0.125, 276.44,  0.006, 239.04,  0.054, 306.03,  0.105, 222.68,-99.000, -99.00,-99.000, -99.00,-99.000, -99.00,-99.000, -99.00,
8/26/2006 13:55:00, 12.7,275.8,  0.6,  3.5, 18.815, 28.88,  0.0,  0.0,  0.095, 249.66,  0.104, 255.56,  0.052, 271.10,  0.135, 324.66,  0.181, 322.18,  0.117, 276.88,  0.151, 256.24,  0.065, 261.12,  0.072, 288.69,  0.140, 273.27,  0.094, 293.84,  0.065, 236.31,  0.072, 301.92,  0.020, 327.09,  0.087, 308.45,  0.076, 268.49,-99.000, -99.00,-99.000, -99.00,-99.000, -99.00,-99.000, -99.00,
8/26/2006 14:00:00, 12.7,275.8,  0.7,  3.5, 18.808, 28.88,  0.0,  0.0,  0.053, 334.40,  0.148, 257.93,  0.077, 281.16,  0.142, 263.93,  0.154, 280.87,  0.096, 286.36,  0.121, 275.24,  0.051, 232.91,  0.076, 284.40,  0.114, 284.16,  0.083, 298.72,  0.057, 332.99,  0.032,  32.20,  0.033, 315.00,  0.079, 288.43,  0.055, 264.81,-99.000, -99.00,-99.000, -99.00,-99.000, -99.00,-99.000, -99.00,
8/26/2006 14:05:00, 12.7,275.9,  0.7,  3.5, 18.808, 28.87,  0.0,  0.0,  0.091, 253.36,  0.061, 266.25,  0.117, 210.29,  0.109, 243.20,  0.094, 200.56,  0.117, 305.99,  0.074,   1.55,  0.040, 304.88,  0.105, 273.81,  0.050, 222.58,  0.051, 203.05,  0.100, 256.10,  0.130, 283.39,  0.113, 290.20,  0.073, 249.08,  0.055, 182.08,-99.000, -99.00,-99.000, -99.00,-99.000, -99.00,-99.000, -99.00,
8/26/2006 14:10:00, 12.7,275.8,  0.7,  3.5, 18.805, 28.87,  0.0,  0.0,  0.066, 255.96,  0.038, 199.86,  0.024, 180.00,  0.077, 246.11,  0.102, 234.59,  0.055, 235.44,  0.090, 210.85,  0.120, 293.57,  0.059, 227.73,  0.040, 238.30,  0.040, 154.72,  0.047, 233.62,  0.073, 227.78,  0.052, 326.00,  0.068,  11.80,  0.063, 193.82,-99.000, -99.00,-99.000, -99.00,-99.000, -99.00,-99.000, -99.00,
8/26/2006 14:15:00, 12.7,275.8,  0.6,  3.6, 18.800, 28.87,  0.0,  0.0,  0.015, 301.61,  0.057, 342.53,  0.055, 275.19,  0.137, 246.80,  0.069, 215.54,  0.033, 142.43,  0.044, 238.13,  0.015, 348.69,  0.113, 283.79,  0.076, 209.28,  0.078, 252.95,  0.070, 251.57,  0.141, 267.56,  0.171, 238.17,  0.076, 258.54,  0.079, 293.96,-99.000, -99.00,-99.000, -99.00,-99.000, -99.00,-99.000, -99.00,
8/26/2006 14:20:00, 12.7,275.9,  0.6,  3.6, 18.785, 28.87,  0.0,  0.0,  0.081, 182.83,  0.059, 348.31,  0.044, 170.75,  0.086,  80.65,  0.047, 198.43,  0.046, 218.85,  0.045,  92.54,  0.021,  87.27,  0.038,  15.12,  0.019, 312.88,  0.046, 266.27,  0.046, 287.65,  0.138, 281.31,  0.054, 261.42,  0.090, 271.91,  0.105, 282.71,-99.000, -99.00,-99.000, -99.00,-99.000, -99.00,-99.000, -99.00,
8/26/2006 14:25:00, 12.7,275.8,  0.6,  3.5, 18.783, 28.87,  0.0,  0.0,  0.024, 117.65,  0.064, 226.89,  0.075, 262.30,  0.027, 304.29,  0.070, 248.96,  0.048, 207.10,  0.033, 318.65,  0.005, 306.87,  0.100, 291.16,  0.092, 289.61,  0.086,  79.22,  0.013, 237.53,  0.052, 238.47,  0.027, 306.03,  0.074, 298.30,  0.030, 277.59,-99.000, -99.00,-99.000, -99.00,-99.000, -99.00,-99.000, -99.00,
8/26/2006 14:30:00, 12.7,275.9,  0.6,  3.5, 18.771, 28.87,  0.0,  0.0,  0.038, 346.33,  0.145, 223.60,  0.042, 213.31,  0.017, 283.24,  0.065, 270.00,  0.101, 304.48,  0.025, 355.43,  0.035, 165.17,  0.065, 315.00,  0.037,  40.60,  0.069, 282.62,  0.025, 353.16,  0.099, 281.08,  0.073, 268.43,  0.043, 251.15,  0.029, 270.00,-99.000, -99.00,-99.000, -99.00,-99.000, -99.00,-99.000, -99.00,
8/26/2006 14:35:00, 12.7,275.8,  0.7,  3.5, 18.769, 28.87,  0.0,  0.0,  0.141, 142.80,  0.153, 230.58,  0.116, 198.12,  0.158, 147.42,  0.005,   0.00,  0.027, 206.57,  0.093, 238.19,  0.026, 272.20,  0.045, 212.28,  0.075, 206.22,  0.074, 243.43,  0.005, 126.87,  0.042, 312.09,  0.054, 288.43,  0.086, 286.96,  0.048, 220.73,-99.000, -99.00,-99.000, -99.00,-99.000, -99.00,-99.000, -99.00,
8/26/2006 14:40:00, 12.7,275.9,  0.6,  3.5, 18.769, 28.86,  0.0,  0.0,  0.096,  59.14,  0.118, 174.14,  0.005, 338.20,  0.113, 138.24,  0.005,  68.20,  0.021, 261.87,  0.123,  94.18,  0.067, 187.77,  0.016, 206.57,  0.091,  90.00,  0.025, 143.13,  0.039, 127.75,  0.041, 276.95,  0.058, 277.99,  0.051, 257.59,  0.099, 337.34,-99.000, -99.00,-99.000, -99.00,-99.000, -99.00,-99.000, -99.00,
8/26/2006 14:45:00, 12.7,275.8,  0.6,  3.5, 18.763, 28.85,  0.0,  0.0,  0.136, 192.71,  0.019, 176.99,  0.099, 124.33,  0.110, 153.67,  0.043, 220.31,  0.094, 210.65,  0.034, 168.02,  0.054, 191.73,  0.083, 184.13,  0.038, 203.20,  0.109,  74.56,  0.016, 165.07,  0.091, 277.59,  0.037, 173.83,  0.096, 287.50,  0.031, 247.52,-99.000, -99.00,-99.000, -99.00,-99.000, -99.00,-99.000, -99.00,
8/26/2006 14:50:00, 12.7,275.9,  0.7,  3.5, 18.771, 28.84,  0.0,  0.0,  0.090, 253.79,  0.110, 223.53,  0.065, 315.00,  0.123, 218.73,  0.086, 199.07,  0.043, 209.58,  0.098, 165.82,  0.059, 182.91,  0.059, 167.37,  0.042, 291.04,  0.082, 112.83,  0.121, 105.88,  0.022,  13.39,  0.059, 263.23,  0.087, 123.69,  0.061, 269.06,-99.000, -99.00,-99.000, -99.00,-99.000, -99.00,-99.000, -99.00,
8/26/2006 14:55:00, 12.7,275.8,  0.6,  3.5, 18.774, 28.83,  0.0,  0.0,  0.081,  21.80,  0.012, 138.37,  0.087, 176.05,  0.124, 168.87,  0.010,  84.29,  0.033,  68.84,  0.044, 112.52,  0.045, 311.42,  0.073,  93.14,  0.085,  79.88,  0.090, 160.56,  0.095, 193.45,  0.088, 204.82,  0.083, 225.97,  0.025, 206.57,  0.000,   0.00,-99.000, -99.00,-99.000, -99.00,-99.000, -99.00,-99.000, -99.00,
8/26/2006 15:00:00, 12.7,275.8,  0.7,  3.5, 18.787, 28.83,  0.0,  0.0,  0.045, 182.54,  0.070, 192.44,  0.062, 173.56,  0.123, 129.39,  0.074, 208.98,  0.152, 203.69,  0.133, 175.70,  0.104, 140.48,  0.099, 130.91,  0.055, 169.51,  0.091, 152.59,  0.066, 161.57,  0.104, 240.73,  0.022, 190.30,  0.036,  37.18,  0.059,  17.82,-99.000, -99.00,-99.000, -99.00,-99.000, -99.00,-99.000, -99.00,
8/26/2006 15:05:00, 12.7,275.8,  0.7,  3.5, 18.765, 28.82,  0.0,  0.0,  0.038,  96.01,  0.048, 176.42,  0.081, 151.22,  0.072, 117.98,  0.052, 180.00,  0.135, 149.25,  0.108, 164.93,  0.026, 229.64,  0.038, 222.88,  0.021, 234.78,  0.073, 104.23,  0.039,  58.78,  0.057, 120.62,  0.041,   4.18,  0.006, 180.00,  0.066, 273.47,-99.000, -99.00,-99.000, -99.00,-99.000, -99.00,-99.000, -99.00,
8/26/2006 15:10:00, 12.7,275.9,  0.6,  3.5, 18.755, 28.82,  0.0,  0.0,  0.059, 150.38,  0.135, 122.63,  0.076, 115.56,  0.134, 174.42,  0.068, 169.02,  0.150, 150.87,  0.021, 135.00,  0.070, 231.34,  0.086, 117.76,  0.108, 145.14,  0.053, 115.60,  0.018, 163.61,  0.028, 226.47,  0.068, 230.95,  0.058, 264.09,  0.075, 299.65,-99.000, -99.00,-99.000, -99.00,-99.000, -99.00,-99.000, -99.00,
8/26/2006 15:15:00, 12.7,275.8,  0.6,  3.5, 18.728, 28.82,  0.0,  0.0,  0.076, 119.93,  0.110, 135.37,  0.127, 132.76,  0.053,  97.52,  0.130, 117.94,  0.139, 128.60,  0.115, 164.88,  0.098, 156.57,  0.089, 165.65,  0.069, 183.32,  0.159, 191.24,  0.078, 141.23,  0.046, 208.81,  0.069, 144.46,  0.011, 217.87,  0.024, 311.63,-99.000, -99.00,-99.000, -99.00,-99.000, -99.00,-99.000, -99.00,
8/26/2006 15:20:00, 12.7,275.7,  0.6,  3.5, 18.725, 28.81,  0.0,  0.0,  0.199,  93.74,  0.222, 140.29,  0.131, 138.40,  0.115, 103.07,  0.154, 139.48,  0.205, 137.76,  0.133, 151.32,  0.144, 116.74,  0.105, 133.08,  0.138, 180.00,  0.146, 143.91,  0.090,  60.88,  0.055,  66.25,  0.072,  47.83,  0.080, 343.37,  0.078, 353.33,-99.000, -99.00,-99.000, -99.00,-99.000, -99.00,-99.000, -99.00,
8/26/2006 15:25:00, 12.7,275.8,  0.7,  3.5, 18.726, 28.81,  0.0,  0.0,  0.150, 107.47,  0.064, 195.33,  0.103, 145.23,  0.078,  92.94,  0.096, 127.35,  0.194, 141.06,  0.157, 162.95,  0.071, 155.96,  0.107, 149.59,  0.092, 107.06,  0.128, 142.32,  0.141, 146.53,  0.056, 172.87,  0.136, 265.79,  0.113, 292.93,  0.066, 322.96,-99.000, -99.00,-99.000, -99.00,-99.000, -99.00,-99.000, -99.00,
8/26/2006 15:30:00, 12.7,275.8,  0.6,  3.5, 18.714, 28.81,  0.0,  0.0,  0.085, 184.71,  0.118, 148.87,  0.121, 148.55,  0.151, 131.51,  0.179, 164.41,  0.153, 126.50,  0.123, 123.43,  0.103, 140.91,  0.101, 145.52,  0.125, 123.94,  0.152, 132.07,  0.099, 156.27,  0.085, 119.58,  0.067, 134.40,  0.021, 228.81,  0.087, 282.60,-99.000, -99.00,-99.000, -99.00,-99.000, -99.00,-99.000, -99.00,
8/26/2006 15:35:00, 12.6,275.8,  0.7,  3.5, 18.728, 28.81,  0.0,  0.0,  0.115,  88.01,  0.151, 137.96,  0.134, 114.27,  0.116, 146.58,  0.112, 112.66,  0.126, 136.93,  0.187, 130.67,  0.125, 134.03,  0.173, 136.17,  0.185, 126.87,  0.199, 124.97,  0.131, 132.21,  0.132, 129.47,  0.083, 164.62,  0.115,  98.97,  0.074,   6.17,-99.000, -99.00,-99.000, -99.00,-99.000, -99.00,-99.000, -99.00,
8/26/2006 15:40:00, 12.6,275.9,  0.6,  3.5, 18.726, 28.80,  0.0,  0.0,  0.224, 122.41,  0.069, 135.59,  0.175, 123.33,  0.202, 122.28,  0.082, 140.46,  0.126, 109.44,  0.101,  99.65,  0.144, 134.15,  0.154, 149.93,  0.164, 144.18,  0.064, 138.81,  0.106, 139.57,  0.109, 112.09,  0.053, 155.38,  0.020, 300.47,  0.088,  24.23,-99.000, -99.00,-99.000, -99.00,-99.000, -99.00,-99.000, -99.00,
8/26/2006 15:45:00, 12.6,275.8,  0.6,  3.5, 18.721, 28.80,  0.0,  0.0,  0.100,  96.91,  0.107, 111.31,  0.189, 117.79,  0.174, 125.88,  0.164, 129.31,  0.169,  90.34,  0.212, 100.30,  0.140, 110.51,  0.099, 159.92,  0.151, 137.68,  0.174, 136.86,  0.109, 116.10,  0.106, 108.78,  0.106, 123.84,  0.066, 103.19,  0.183, 349.61,-99.000, -99.00,-99.000, -99.00,-99.000, -99.00,-99.000, -99.00,
8/26/2006 15:50:00, 12.6,275.9,  0.7,  3.5, 18.730, 28.80,  0.0,  0.0,  0.085,  93.37,  0.177, 130.88,  0.123,  97.47,  0.146, 129.45,  0.128, 132.15,  0.179, 122.89,  0.123, 148.24,  0.071, 138.43,  0.181, 109.04,  0.154, 112.91,  0.165, 110.96,  0.200, 132.56,  0.209, 135.97,  0.208, 116.20,  0.098,  95.89,  0.108, 288.94,-99.000, -99.00,-99.000, -99.00,-99.000, -99.00,-99.000, -99.00,
8/26/2006 15:55:00, 12.6,275.8,  0.7,  3.5, 18.732, 28.80,  0.0,  0.0,  0.034, 157.25,  0.155, 107.62,  0.215,  98.85,  0.237, 121.88,  0.181, 105.73,  0.128, 123.19,  0.165, 117.03,  0.178, 133.40,  0.183, 115.30,  0.047, 129.81,  0.125,  98.71,  0.135,  91.70,  0.051, 116.57,  0.129, 120.13,  0.124, 117.39,  0.033,  23.43,-99.000, -99.00,-99.000, -99.00,-99.000, -99.00,-99.000, -99.00,
8/26/2006 16:00:00, 12.6,275.8,  0.7,  3.5, 18.722, 28.80,  0.0,  0.0,  0.059,  54.69,  0.143, 161.18,  0.192, 116.57,  0.102, 145.38,  0.159, 127.59,  0.176, 129.93,  0.161, 135.76,  0.192, 133.94,  0.206, 119.68,  0.181, 120.96,  0.185, 127.74,  0.157, 108.20,  0.241, 108.89,  0.218, 114.68,  0.131, 111.07,  0.014,  68.96,-99.000, -99.00,-99.000, -99.00,-99.000, -99.00,-99.000, -99.00,
8/26/2006 16:05:00, 12.6,275.8,  0.6,  3.5, 18.716, 28.80,  0.0,  0.0,  0.081, 143.56,  0.115, 118.57,  0.224, 129.02,  0.182, 131.66,  0.113, 139.67,  0.134, 145.95,  0.233, 124.51,  0.264, 130.39,  0.173, 128.66,  0.166, 137.19,  0.134, 140.14,  0.171, 115.22,  0.244, 104.21,  0.215,  83.34,  0.232, 102.96,  0.095,  54.81,-99.000, -99.00,-99.000, -99.00,-99.000, -99.00,-99.000, -99.00,
8/26/2006 16:10:00, 12.6,275.8,  0.6,  3.5, 18.717, 28.80,  0.0,  0.0,  0.123, 128.08,  0.224, 120.57,  0.157, 128.26,  0.226, 138.05,  0.129, 124.55,  0.191, 118.04,  0.195, 135.42,  0.151, 129.61,  0.187, 109.70,  0.195, 120.51,  0.141, 121.10,  0.212,  96.49,  0.099,  88.84,  0.066, 102.15,  0.087, 104.04,  0.134, 124.64,-99.000, -99.00,-99.000, -99.00,-99.000, -99.00,-99.000, -99.00,
8/26/2006 16:15:00, 12.6,275.8,  0.6,  3.5, 18.707, 28.80,  0.0,  0.0,  0.127,  85.05,  0.083, 154.98,  0.209, 140.83,  0.122, 143.32,  0.121, 115.93,  0.181, 134.55,  0.134, 122.50,  0.169, 123.41,  0.092, 129.73,  0.130,  91.32,  0.068,  46.19,  0.081,  76.48,  0.085,  66.45,  0.096,  57.80,  0.065, 354.73,  0.011,  45.00,-99.000, -99.00,-99.000, -99.00,-99.000, -99.00,-99.000, -99.00,
8/26/2006 16:20:00, 12.6,275.8,  0.6,  3.5, 18.711, 28.80,  0.0,  0.0,  0.018, 236.31,  0.140, 115.46,  0.098, 137.88,  0.201, 158.68,  0.171, 131.91,  0.146, 131.11,  0.044, 117.15,  0.112,  95.66,  0.179, 117.57,  0.115, 127.57,  0.160, 136.01,  0.150, 124.43,  0.062, 109.90,  0.080, 114.33,  0.021,  58.57,  0.038,  86.99,-99.000, -99.00,-99.000, -99.00,-99.000, -99.00,-99.000, -99.00,
8/26/2006 16:25:00, 12.6,275.8,  0.7,  3.5, 18.709, 28.80,  0.0,  0.0,  0.121, 224.66,  0.120, 159.44,  0.063, 130.50,  0.145, 139.18,  0.058, 129.43,  0.087, 164.69,  0.074, 104.04,  0.147, 132.51,  0.115, 152.10,  0.036, 107.93,  0.065, 124.92,  0.037, 147.17,  0.104,  91.10,  0.008,  90.00,  0.068,  71.03,  0.092,  49.87,-99.000, -99.00,-99.000, -99.00,-99.000, -99.00,-99.000, -99.00,
8/26/2006 16:30:00, 12.6,275.8,  0.6,  3.5, 18.714, 28.80,  0.0,  0.0,  0.037,   3.09,  0.110, 136.85,  0.101, 130.17,  0.117, 136.38,  0.120,  99.15,  0.149, 108.43,  0.141, 100.20,  0.072, 121.92,  0.073, 139.99,  0.026, 207.55,  0.075, 180.00,  0.060,  51.79,  0.065, 359.12,  0.095, 295.49,  0.075, 336.50,  0.011, 138.81,-99.000, -99.00,-99.000, -99.00,-99.000, -99.00,-99.000, -99.00,
8/26/2006 16:35:00, 12.6,275.8,  0.7,  3.5, 18.697, 28.81,  0.0,  0.0,  0.072, 180.80,  0.075, 116.91,  0.057, 160.62,  0.090, 215.98,  0.111, 170.71,  0.083, 106.04,  0.016,  68.20,  0.135,  93.39,  0.130,  93.52,  0.099,  81.87,  0.076,  91.51,  0.071,  90.81,  0.065, 357.36,  0.112, 350.20,  0.145, 327.95,  0.063, 289.59,-99.000, -99.00,-99.000, -99.00,-99.000, -99.00,-99.000, -99.00,
8/26/2006 16:40:00, 12.6,275.8,  0.6,  3.5, 18.696, 28.81,  0.0,  0.0,  0.081, 288.66,  0.076, 314.46,  0.046, 201.57,  0.062, 299.05,  0.080,  88.57,  0.103,  64.18,  0.026, 141.34,  0.096,  79.16,  0.055, 117.03,  0.028, 111.04,  0.085, 326.50,  0.069, 329.74,  0.110, 348.49,  0.080, 346.31,  0.121, 320.38,  0.093, 233.75,-99.000, -99.00,-99.000, -99.00,-99.000, -99.00,-99.000, -99.00,
8/26/2006 16:45:00, 12.6,275.8,  0.7,  3.5, 18.707, 28.81,  0.0,  0.0,  0.113, 335.93,  0.049,  91.17,  0.052, 210.96,  0.009, 130.60,  0.051, 119.60,  0.040, 141.12,  0.034, 176.63,  0.068, 107.90,  0.077, 177.77,  0.052, 356.70,  0.076,  67.50,  0.037,  55.01,  0.035,  94.90,  0.062, 309.09,  0.059, 317.07,  0.057, 209.25,-99.000, -99.00,-99.000, -99.00,-99.000, -99.00,-99.000, -99.00,
8/26/2006 16:50:00, 12.6,275.8,  0.7,  3.5, 18.717, 28.81,  0.0,  0.0,  0.108, 333.67,  0.009, 327.99,  0.120, 209.57,  0.060, 251.57,  0.065,  47.49,  0.081,  96.42,  0.049, 116.57,  0.056,  21.99,  0.026,  74.36,  0.030, 193.57,  0.003,  90.00,  0.062, 257.97,  0.079, 294.62,  0.144, 331.83,  0.077, 314.47,  0.084, 203.82,-99.000, -99.00,-99.000, -99.00,-99.000, -99.00,-99.000, -99.00,
8/26/2006 16:55:00, 12.6,275.8,  0.6,  3.5, 18.713, 28.82,  0.0,  0.0,  0.063,  83.66,  0.037,  77.47,  0.066,  68.84,  0.057, 178.99,  0.058, 154.32,  0.059, 123.15,  0.029,  24.78,  0.089, 266.14,  0.029, 308.05,  0.128, 264.16,  0.130, 246.97,  0.034, 329.62,  0.064, 329.04,  0.144, 335.75,  0.154, 315.00,  0.059, 213.96,-99.000, -99.00,-99.000, -99.00,-99.000, -99.00,-99.000, -99.00,
8/26/2006 17:00:00, 12.6,275.8,  0.7,  3.5, 18.715, 28.82,  0.0,  0.0,  0.027, 318.01,  0.078, 290.98,  0.085, 265.29,  0.059, 267.09,  0.044,  27.15,  0.026, 292.62,  0.048, 358.81,  0.060, 357.14,  0.074,  18.92,  0.057,   9.13,  0.123, 308.08,  0.034, 344.74,  0.154, 303.59,  0.103, 320.12,  0.040,   7.13,  0.089, 219.97,-99.000, -99.00,-99.000, -99.00,-99.000, -99.00,-99.000, -99.00,
8/26/2006 17:05:00, 12.6,275.8,  0.7,  3.5, 18.714, 28.82,  0.0,  0.0,  0.077, 272.23,  0.049, 290.28,  0.044, 294.23,  0.147, 318.30,  0.087, 299.50,  0.029, 178.03,  0.088, 326.13,  0.037, 313.92,  0.035, 284.83,  0.094, 289.98,  0.133, 302.74,  0.167, 286.37,  0.134, 290.46,  0.092, 321.15,  0.063,  27.38,  0.124, 217.15,-99.000, -99.00,-99.000, -99.00,-99.000, -99.00,-99.000, -99.00,
8/26/2006 17:10:00, 12.6,275.9,  0.7,  3.5, 18.718, 28.82,  0.0,  0.0,  0.085, 290.79,  0.081,  21.80,  0.155, 303.18,  0.168, 324.70,  0.155, 338.06,  0.135, 310.79,  0.129, 308.38,  0.157, 320.43,  0.102, 335.70,  0.108, 331.31,  0.085, 254.33,  0.091, 290.63,  0.151, 314.73,  0.098, 315.41,  0.098, 315.83,  0.106, 221.54,-99.000, -99.00,-99.000, -99.00,-99.000, -99.00,-99.000, -99.00,
8/26/2006 17:15:00, 12.6,275.8,  0.7,  3.5, 18.715, 28.82,  0.0,  0.0,  0.072, 299.05,  0.085,  22.93,  0.153, 337.78,  0.116,   0.00,  0.104, 339.83,  0.040,   7.13,  0.082, 326.89,  0.179, 296.85,  0.160, 303.29,  0.166, 319.40,  0.155, 301.03,  0.136, 321.87,  0.220, 308.17,  0.171, 346.13,  0.108, 332.49,  0.097, 185.30,-99.000, -99.00,-99.000, -99.00,-99.000, -99.00,-99.000, -99.00,
8/26/2006 17:20:00, 12.6,275.8,  0.6,  3.5, 18.712, 28.82,  0.0,  0.0,  0.099, 322.78,  0.116, 311.14,  0.085, 342.85,  0.147, 334.13,  0.086,   2.00,  0.162, 330.43,  0.128, 344.12,  0.082, 340.68,  0.138, 284.24,  0.101, 297.84,  0.150, 337.20,  0.181, 308.26,  0.085,   0.00,  0.094, 316.29,  0.184, 304.12,  0.140, 245.45,-99.000, -99.00,-99.000, -99.00,-99.000, -99.00,-99.000, -99.00,
8/26/2006 17:25:00, 12.6,275.8,  0.6,  3.5, 18.716, 28.82,  0.0,  0.0,  0.044, 272.60,  0.087, 339.90,  0.112,  34.11,  0.118,  30.47,  0.132,  15.41,  0.130,  12.43,  0.098, 346.39,  0.113, 307.07,  0.104, 298.79,  0.095, 301.69,  0.099, 309.66,  0.147, 289.05,  0.084, 318.37,  0.161, 316.01,  0.084,   7.55,  0.125, 201.04,-99.000, -99.00,-99.000, -99.00,-99.000, -99.00,-99.000, -99.00,
8/26/2006 17:30:00, 12.6,275.8,  0.6,  3.5, 18.722, 28.82,  0.0,  0.0,  0.079, 356.38,  0.104, 321.25,  0.077, 348.84,  0.073,  17.45,  0.041, 355.82,  0.094, 310.27,  0.079, 299.48,  0.064, 359.10,  0.101, 337.99,  0.132, 307.91,  0.097, 317.92,  0.139, 317.34,  0.183, 323.88,  0.167, 319.62,  0.212, 312.33,  0.062, 222.40,-99.000, -99.00,-99.000, -99.00,-99.000, -99.00,-99.000, -99.00,
8/26/2006 17:35:00, 12.6,275.9,  0.6,  3.5, 18.719, 28.81,  0.0,  0.0,  0.160, 339.86,  0.083,  91.38,  0.073, 304.35,  0.122, 344.25,  0.099, 353.02,  0.153, 338.48,  0.144,   0.40,  0.114, 332.31,  0.093, 283.74,  0.078, 306.14,  0.145, 297.10,  0.097, 349.96,  0.091,  17.24,  0.091, 355.60,  0.117, 327.26,  0.084, 227.91,-99.000, -99.00,-99.000, -99.00,-99.000, -99.00,-99.000, -99.00,
8/26/2006 17:40:00, 12.6,275.8,  0.6,  3.5, 18.716, 28.81,  0.0,  0.0,  0.181, 332.02,  0.136, 354.92,  0.091, 337.96,  0.174, 338.75,  0.142,   6.47,  0.156,   1.10,  0.184, 337.62,  0.133, 341.16,  0.162, 339.44,  0.213, 298.61,  0.101, 278.53,  0.095, 301.69,  0.153, 293.05,  0.109, 322.82,  0.090, 340.56,  0.058, 220.82,-99.000, -99.00,-99.000, -99.00,-99.000, -99.00,-99.000, -99.00,
8/26/2006 17:45:00, 12.6,275.8,  0.7,  3.5, 18.718, 28.81,  0.0,  0.0,  0.184, 289.72,  0.107, 311.59,  0.086, 289.70,  0.172,  58.81,  0.087,   8.60,  0.109, 350.45,  0.183, 324.13,  0.073, 321.71,  0.006, 288.43,  0.072, 294.78,  0.099, 291.37,  0.114, 320.71,  0.173, 327.78,  0.119, 348.41,  0.037, 353.83,  0.125, 241.39,-99.000, -99.00,-99.000, -99.00,-99.000, -99.00,-99.000, -99.00,
8/26/2006 17:50:00, 12.6,275.8,  0.6,  3.5, 18.725, 28.81,  0.0,  0.0,  0.170, 331.93,  0.112, 272.56,  0.007,   0.00,  0.010, 101.31,  0.138,  37.62,  0.183, 332.74,  0.160,   3.93,  0.093, 341.76,  0.127, 316.60,  0.180, 302.28,  0.128, 305.43,  0.126, 330.99,  0.159, 293.34,  0.139, 344.56,  0.106,   0.00,  0.057, 280.12,-99.000, -99.00,-99.000, -99.00,-99.000, -99.00,-99.000, -99.00,
8/26/2006 17:55:00, 12.6,275.8,  0.6,  3.5, 18.723, 28.81,  0.0,  0.0,  0.076, 288.43,  0.160, 341.00,  0.062,   7.47,  0.125, 359.54,  0.103, 344.74,  0.100, 349.59,  0.066, 345.96,  0.102, 294.81,  0.079, 310.36,  0.113, 343.50,  0.068, 325.84,  0.129, 328.28,  0.131, 330.69,  0.106, 351.34,  0.160, 345.53,  0.062, 256.87,-99.000, -99.00,-99.000, -99.00,-99.000, -99.00,-99.000, -99.00,
8/26/2006 18:00:00, 12.6,275.7,  0.6,  3.6, 18.727, 28.81,  0.0,  0.0,  0.066,  37.57,  0.055, 140.19,  0.019, 295.20,  0.105,   2.73,  0.056, 331.14,  0.106, 303.84,  0.034,  40.24,  0.103, 333.43,  0.157, 318.37,  0.166, 306.18,  0.110, 334.60,  0.075, 328.64,  0.097, 338.75,  0.133, 327.63,  0.123, 341.57,  0.081, 283.52,-99.000, -99.00,-99.000, -99.00,-99.000, -99.00,-99.000, -99.00,
8/26/2006 18:05:00, 12.6,275.8,  0.6,  3.5, 18.725, 28.81,  0.0,  0.0,  0.106, 328.85,  0.067, 356.58,  0.114, 352.44,  0.177,  19.15,  0.075,  13.11,  0.103,   7.82,  0.095, 339.09,  0.069, 307.37,  0.089, 313.18,  0.117, 288.43,  0.118, 327.12,  0.187, 332.20,  0.155, 335.59,  0.104, 357.25,  0.057, 348.89,  0.122, 199.18,-99.000, -99.00,-99.000, -99.00,-99.000, -99.00,-99.000, -99.00,
8/26/2006 18:10:00, 12.6,275.8,  0.7,  3.5, 18.739, 28.81,  0.0,  0.0,  0.079, 341.57,  0.065, 287.04,  0.061, 326.31,  0.103,  30.30,  0.098, 328.74,  0.087, 348.04,  0.131, 352.98,  0.226, 332.08,  0.066, 331.11,  0.040, 267.14,  0.123, 336.56,  0.108, 336.52,  0.087,  29.50,  0.070,  51.98,  0.109,   9.46,  0.012, 279.46,-99.000, -99.00,-99.000, -99.00,-99.000, -99.00,-99.000, -99.00,
8/26/2006 18:15:00, 12.6,275.8,  0.6,  3.5, 18.754, 28.81,  0.0,  0.0,  0.152, 315.80,  0.015, 328.39,  0.064, 323.84,  0.055,  48.72,  0.115,  33.97,  0.167,  17.03,  0.027, 344.93,  0.062, 315.66,  0.067, 351.38,  0.074, 307.33,  0.054, 314.26,  0.116, 357.53,  0.121, 349.53,  0.090, 332.30,  0.128, 301.96,  0.106, 213.84,-99.000, -99.00,-99.000, -99.00,-99.000, -99.00,-99.000, -99.00,
8/26/2006 18:20:00, 12.6,275.8,  0.7,  3.5, 18.762, 28.81,  0.0,  0.0,  0.073, 273.92,  0.118, 311.23,  0.080, 332.47,  0.145, 336.80,  0.117, 351.66,  0.106, 338.50,  0.130, 315.00,  0.116,   8.41,  0.056, 350.71,  0.104, 309.17,  0.091, 329.79,  0.100, 302.74,  0.172, 301.65,  0.120, 316.35,  0.162, 318.51,  0.031, 219.81,-99.000, -99.00,-99.000, -99.00,-99.000, -99.00,-99.000, -99.00,
8/26/2006 18:25:00, 12.6,275.8,  0.6,  3.5, 18.761, 28.81,  0.0,  0.0,  0.118, 335.39,  0.106, 330.52,  0.043, 319.69,  0.116, 333.43,  0.071,  42.71,  0.108, 352.02,  0.075, 345.41,  0.118, 313.97,  0.144, 306.79,  0.098, 311.30,  0.051, 353.29,  0.083, 322.31,  0.101, 302.91,  0.150, 350.79,  0.128, 318.48,  0.017, 162.65,-99.000, -99.00,-99.000, -99.00,-99.000, -99.00,-99.000, -99.00,
8/26/2006 18:30:00, 12.6,275.8,  0.7,  3.5, 18.763, 28.81,  0.0,  0.0,  0.142, 354.73,  0.081, 345.62,  0.082, 339.36,  0.055, 351.57,  0.145, 283.94,  0.031, 346.87,  0.111, 357.42,  0.099, 326.95,  0.087,  64.90,  0.076, 292.50,  0.039, 324.29,  0.096, 325.15,  0.088, 350.22,  0.143, 320.40,  0.061, 318.99,  0.054, 354.71,-99.000, -99.00,-99.000, -99.00,-99.000, -99.00,-99.000, -99.00,
8/26/2006 18:35:00, 12.6,275.8,  0.7,  3.5, 18.775, 28.81,  0.0,  0.0,  0.060, 304.76,  0.052, 300.02,  0.054, 299.88,  0.089, 341.57,  0.083, 315.00,  0.120, 342.47,  0.095,  39.04,  0.046, 302.66,  0.132,   8.25,  0.049,   8.30,  0.081, 286.43,  0.036, 311.63,  0.093, 322.02,  0.142, 318.70,  0.117, 316.74,  0.067, 253.47,-99.000, -99.00,-99.000, -99.00,-99.000, -99.00,-99.000, -99.00,
8/26/2006 18:40:00, 12.6,275.9,  0.6,  3.5, 18.773, 28.81,  0.0,  0.0,  0.102, 333.18,  0.090, 286.21,  0.123, 349.24,  0.078, 281.89,  0.106, 317.29,  0.078, 353.33,  0.096, 358.81,  0.069, 330.46,  0.074, 328.90,  0.085, 347.11,  0.048, 337.75,  0.080, 310.45,  0.077, 335.43,  0.105, 337.59,  0.122, 343.80,  0.049, 305.94,-99.000, -99.00,-99.000, -99.00,-99.000, -99.00,-99.000, -99.00,
8/26/2006 18:45:00, 12.6,275.7,  0.6,  3.5, 18.773, 28.81,  0.0,  0.0,  0.105,   0.00,  0.085, 281.58,  0.095, 302.52,  0.119, 301.29,  0.139, 322.88,  0.114, 283.67,  0.094, 291.91,  0.029,  54.69,  0.093, 333.71,  0.048,   0.00,  0.073, 299.36,  0.058, 325.49,  0.062, 323.50,  0.053, 335.38,  0.102, 339.25,  0.035, 100.01,-99.000, -99.00,-99.000, -99.00,-99.000, -99.00,-99.000, -99.00,
8/26/2006 18:50:00, 12.6,275.8,  0.6,  3.5, 18.778, 28.81,  0.0,  0.0,  0.048,  88.81,  0.093, 273.69,  0.038, 341.57,  0.082, 326.89,  0.107, 335.82,  0.054, 294.18,  0.108,  23.96,  0.118, 326.45,  0.032, 311.19,  0.101, 311.78,  0.017, 336.37,  0.055, 306.87,  0.126, 274.09,  0.069, 298.41,  0.085, 342.85,  0.014, 248.96,-99.000, -99.00,-99.000, -99.00,-99.000, -99.00,-99.000, -99.00,
8/26/2006 18:55:00, 12.6,275.8,  0.6,  3.5, 18.793, 28.81,  0.0,  0.0,  0.133, 334.20,  0.132, 331.49,  0.057, 302.01,  0.092,   4.97,  0.072, 359.20,  0.093, 303.18,  0.091, 315.44,  0.086, 345.80,  0.047, 337.29,  0.079,   9.46,  0.083, 308.12,  0.081, 274.94,  0.071, 270.81,  0.089,  14.35,  0.091, 349.19,  0.065, 341.00,-99.000, -99.00,-99.000, -99.00,-99.000, -99.00,-99.000, -99.00,
8/26/2006 19:00:00, 12.6,275.8,  0.6,  3.6, 18.793, 28.81,  0.0,  0.0,  0.108,   1.59,  0.104, 351.71,  0.104, 331.96,  0.089, 312.27,  0.146, 344.05,  0.105, 345.70,  0.064, 312.46,  0.112, 332.29,  0.082, 313.03,  0.088, 330.82,  0.121, 323.41,  0.061,   0.00,  0.153, 305.67,  0.134, 319.54,  0.140,   2.05,  0.051, 348.69,-99.000, -99.00,-99.000, -99.00,-99.000, -99.00,-99.000, -99.00,
8/26/2006 19:05:00, 12.6,275.7,  0.7,  3.5, 18.798, 28.81,  0.0,  0.0,  0.044, 280.54,  0.120, 321.79,  0.140,  42.69,  0.171,  14.20,  0.128, 322.95,  0.062, 357.23,  0.085, 334.04,  0.066, 289.54,  0.037, 271.55,  0.072, 359.20,  0.066, 294.23,  0.050, 268.85,  0.092, 293.77,  0.133, 321.41,  0.097, 317.09,  0.020,  90.00,-99.000, -99.00,-99.000, -99.00,-99.000, -99.00,-99.000, -99.00,
8/26/2006 19:10:00, 12.6,275.8,  0.6,  3.5, 18.803, 28.81,  0.0,  0.0,  0.062, 324.78,  0.151, 343.48,  0.092,  19.03,  0.030,  36.87,  0.100,  86.57,  0.147,  19.05,  0.033, 109.54,  0.069, 307.37,  0.143, 309.04,  0.045, 263.66,  0.034, 264.96,  0.062, 293.68,  0.084, 292.31,  0.052, 327.53,  0.068, 349.02,  0.022,  69.15,-99.000, -99.00,-99.000, -99.00,-99.000, -99.00,-99.000, -99.00,
8/26/2006 19:15:00, 12.6,275.8,  0.6,  3.5, 18.812, 28.81,  0.0,  0.0,  0.087,   5.91,  0.085, 315.00,  0.085, 355.29,  0.071,  38.16,  0.031,  86.31,  0.074,  19.65,  0.034, 244.18,  0.023, 270.00,  0.038, 243.43,  0.028,  12.53,  0.054, 328.67,  0.053, 250.20,  0.086, 238.35,  0.058, 239.04,  0.058, 276.88,  0.015, 118.30,-99.000, -99.00,-99.000, -99.00,-99.000, -99.00,-99.000, -99.00,
8/26/2006 19:20:00, 12.6,275.8,  0.6,  3.5, 18.807, 28.81,  0.0,  0.0,  0.058,  34.51,  0.089, 346.43,  0.109, 112.09,  0.158,  93.26,  0.114, 121.05,  0.075, 201.80,  0.136,  82.41,  0.097, 112.35,  0.100, 128.48,  0.069,  75.76,  0.080, 121.70,  0.132,  98.75,  0.182, 103.04,  0.146, 116.04,  0.193, 128.71,  0.189, 133.50,-99.000, -99.00,-99.000, -99.00,-99.000, -99.00,-99.000, -99.00,
8/26/2006 19:25:00, 12.6,275.8,  0.6,  3.5, 18.818, 28.81,  0.0,  0.0,  0.066, 318.08,  0.084, 327.63,  0.088,   1.30,  0.050,  73.74,  0.198,  86.82,  0.091, 110.63,  0.075,  96.93,  0.179,  90.64,  0.110, 145.01,  0.182, 167.95,  0.146, 143.91,  0.144, 137.81,  0.201, 141.25,  0.083, 133.06,  0.066, 146.79,  0.158, 137.05,-99.000, -99.00,-99.000, -99.00,-99.000, -99.00,-99.000, -99.00,
8/26/2006 19:30:00, 12.6,275.8,  0.7,  3.5, 18.829, 28.81,  0.0,  0.0,  0.085, 309.29,  0.090, 302.81,  0.050, 254.85,  0.073,  38.90,  0.060,  72.47,  0.117,  57.26,  0.047, 207.65,  0.131,  92.62,  0.084,  78.96,  0.203, 116.94,  0.099, 119.67,  0.115, 108.75,  0.159, 125.79,  0.196, 144.77,  0.188, 120.39,  0.129, 113.37,-99.000, -99.00,-99.000, -99.00,-99.000, -99.00,-99.000, -99.00,
8/26/2006 19:35:00, 12.6,275.8,  0.6,  3.5, 18.838, 28.81,  0.0,  0.0,  0.085, 335.83,  0.081, 308.00,  0.042,  26.57,  0.073,  94.70,  0.005, 168.69,  0.075, 328.64,  0.042, 236.69,  0.055,  12.53,  0.029, 277.85,  0.077, 169.56,  0.133, 154.20,  0.129, 138.77,  0.099, 117.60,  0.054, 135.00,  0.088,  95.84,  0.055, 198.10,-99.000, -99.00,-99.000, -99.00,-99.000, -99.00,-99.000, -99.00,
8/26/2006 19:40:00, 12.6,275.7,  0.6,  3.5, 18.844, 28.81,  0.0,  0.0,  0.049,  99.46,  0.098,   0.00,  0.087, 339.90,  0.104, 340.87,  0.073,  68.34,  0.022, 236.31,  0.105, 117.30,  0.014,  98.13,  0.088, 141.44,  0.084,  48.37,  0.038,  70.14,  0.087, 290.10,  0.138, 298.61,  0.180, 348.81,  0.246, 338.33,  0.168, 327.92,-99.000, -99.00,-99.000, -99.00,-99.000, -99.00,-99.000, -99.00,
8/26/2006 19:45:00, 12.6,275.7,  0.6,  3.5, 18.852, 28.81,  0.0,  0.0,  0.039,  97.31,  0.139, 339.73,  0.083,  79.63,  0.071,  45.57,  0.147,   0.39,  0.116, 293.46,  0.069,  22.11,  0.059,  31.80,  0.179, 329.15,  0.185, 331.22,  0.150, 335.14,  0.218, 340.73,  0.235, 322.25,  0.147, 317.75,  0.140, 304.82,  0.177,  28.74,-99.000, -99.00,-99.000, -99.00,-99.000, -99.00,-99.000, -99.00,
8/26/2006 19:50:00, 12.6,275.8,  0.6,  3.5, 18.852, 28.82,  0.0,  0.0,  0.048,   8.47,  0.115,  12.09,  0.101,  19.16,  0.104,  39.95,  0.076,   5.26,  0.056,  34.82,  0.067,  44.40,  0.154, 359.63,  0.107,   2.68,  0.094,  11.07,  0.096, 357.02,  0.212, 334.53,  0.135, 322.20,  0.133, 307.39,  0.054, 303.69,  0.035, 343.61,-99.000, -99.00,-99.000, -99.00,-99.000, -99.00,-99.000, -99.00,
8/26/2006 19:55:00, 12.6,275.7,  0.6,  3.5, 18.861, 28.83,  0.0,  0.0,  0.081, 274.24,  0.044,  79.46,  0.071, 286.39,  0.089, 354.23,  0.011,  15.26,  0.051,  36.19,  0.057, 339.33,  0.056, 327.45,  0.115, 317.46,  0.052, 345.43,  0.144, 337.90,  0.189, 301.59,  0.067, 320.41,  0.061, 344.83,  0.117, 316.74,  0.127, 315.64,-99.000, -99.00,-99.000, -99.00,-99.000, -99.00,-99.000, -99.00,
8/26/2006 20:00:00, 12.6,275.8,  0.6,  3.6, 18.864, 28.83,  0.0,  0.0,  0.047, 351.35,  0.087, 271.97,  0.094,  33.69,  0.047,  62.35,  0.044, 271.30,  0.108, 319.11,  0.191, 285.20,  0.037, 345.96,  0.123, 356.28,  0.142, 305.82,  0.112, 302.55,  0.043, 282.09,  0.173, 302.22,  0.171, 339.44,  0.162,   0.35,  0.098, 319.97,-99.000, -99.00,-99.000, -99.00,-99.000, -99.00,-99.000, -99.00,
8/26/2006 20:05:00, 12.6,275.8,  0.6,  3.5, 18.871, 28.84,  0.0,  0.0,  0.122,   7.53,  0.025, 148.24,  0.064, 327.80,  0.054,  28.95,  0.075,  31.36,  0.013, 138.01,  0.030, 299.98,  0.100, 215.60,  0.076, 185.26,  0.080, 227.53,  0.092, 299.36,  0.212, 291.60,  0.075, 297.94,  0.063, 307.23,  0.089, 336.04,  0.088, 311.31,-99.000, -99.00,-99.000, -99.00,-99.000, -99.00,-99.000, -99.00,
8/26/2006 20:10:00, 12.6,275.7,  0.6,  3.5, 18.873, 28.85,  0.0,  0.0,  0.188, 258.03,  0.009,   6.34,  0.085,   7.46,  0.105,  86.19,  0.087, 303.33,  0.050, 301.16,  0.116, 243.88,  0.086, 227.82,  0.118, 288.28,  0.040, 292.07,  0.096, 298.71,  0.100, 316.61,  0.021,  10.78,  0.089, 277.13,  0.035,  21.50,  0.070,  50.19,-99.000, -99.00,-99.000, -99.00,-99.000, -99.00,-99.000, -99.00,
8/26/2006 20:15:00, 12.6,275.8,  0.6,  3.5, 18.878, 28.85,  0.0,  0.0,  0.064, 354.64,  0.034, 296.57,  0.127, 312.76,  0.120, 358.57,  0.022,  39.47,  0.038, 315.00,  0.066, 261.25,  0.033, 282.34,  0.069, 335.28,  0.081, 339.78,  0.120, 293.57,  0.034, 271.68,  0.054, 315.74,  0.085, 347.76,  0.101, 334.20,  0.066, 345.12,-99.000, -99.00,-99.000, -99.00,-99.000, -99.00,-99.000, -99.00,
8/26/2006 20:20:00, 12.6,275.7,  0.6,  3.5, 18.882, 28.86,  0.0,  0.0,  0.082,  23.11,  0.099, 293.73,  0.057, 122.86,  0.053, 236.61,  0.026, 184.40,  0.099, 281.08,  0.077, 227.63,  0.060, 262.28,  0.038, 298.61,  0.100,  58.54,  0.056, 335.73,  0.085, 310.24,  0.078, 325.91,  0.123, 344.50,  0.145, 331.14,  0.081,  45.50,-99.000, -99.00,-99.000, -99.00,-99.000, -99.00,-99.000, -99.00,
8/26/2006 20:25:00, 12.6,275.7,  0.6,  3.5, 18.888, 28.87,  0.0,  0.0,  0.100, 285.71,  0.086, 350.65,  0.061, 357.18,  0.032, 286.19,  0.012, 284.04,  0.036, 243.43,  0.076, 321.93,  0.049, 260.54,  0.089, 274.50,  0.076, 296.57,  0.048, 300.34,  0.126, 333.03,  0.103, 322.13,  0.041, 329.04,  0.122,  22.58,  0.089, 335.45,-99.000, -99.00,-99.000, -99.00,-99.000, -99.00,-99.000, -99.00,
8/26/2006 20:30:00, 12.6,275.8,  0.6,  3.5, 18.893, 28.87,  0.0,  0.0,  0.061,  28.24,  0.011,   0.00,  0.084, 292.31,  0.167, 355.52,  0.081,   4.24,  0.058, 294.36,  0.046,   3.73,  0.066, 279.61,  0.044, 211.87,  0.086, 242.24,  0.040, 221.99,  0.094, 288.05,  0.063, 315.64,  0.064, 312.46,  0.146, 309.70,  0.040, 319.09,-99.000, -99.00,-99.000, -99.00,-99.000, -99.00,-99.000, -99.00,
8/26/2006 20:35:00, 12.6,275.8,  0.7,  3.5, 18.890, 28.87,  0.0,  0.0,  0.056, 312.83,  0.016, 119.74,  0.037, 316.08,  0.066, 225.00,  0.095, 137.56,  0.043,  51.55,  0.102,  25.05,  0.042,  15.02,  0.010,  95.71,  0.065, 228.73,  0.071, 291.50,  0.095, 315.00,  0.097, 313.75,  0.092,   6.27,  0.138, 338.28,  0.071, 341.82,-99.000, -99.00,-99.000, -99.00,-99.000, -99.00,-99.000, -99.00,
8/26/2006 20:40:00, 12.6,275.8,  0.6,  3.5, 18.898, 28.87,  0.0,  0.0,  0.090, 227.25,  0.101,  55.05,  0.133, 344.29,  0.101, 293.27,  0.201, 293.76,  0.057, 144.93,  0.094,   7.96,  0.133, 296.37,  0.072, 261.98,  0.029, 275.91,  0.016, 262.87,  0.064, 357.32,  0.080,   7.93,  0.006, 149.04,  0.079, 307.30,  0.038, 302.01,-99.000, -99.00,-99.000, -99.00,-99.000, -99.00,-99.000, -99.00,
8/26/2006 20:45:00, 12.6,275.8,  0.6,  3.5, 18.903, 28.87,  0.0,  0.0,  0.051, 307.09,  0.075, 358.47,  0.103, 355.01,  0.028,  10.12,  0.019, 270.00,  0.094, 327.15,  0.087, 328.70,  0.094,  39.81,  0.082, 318.95,  0.138, 280.01,  0.130, 287.46,  0.038, 227.12,  0.072,  11.15,  0.089, 331.13,  0.100, 330.61,  0.092, 306.12,-99.000, -99.00,-99.000, -99.00,-99.000, -99.00,-99.000, -99.00,
8/26/2006 20:50:00, 12.6,275.8,  0.6,  3.5, 18.897, 28.87,  0.0,  0.0,  0.094, 322.77,  0.151, 317.68,  0.035,  14.83,  0.161, 337.74,  0.168, 356.93,  0.221,   8.86,  0.082, 251.57,  0.028, 171.87,  0.093, 247.85,  0.047, 138.47,  0.057, 274.01,  0.149, 258.01,  0.061, 244.70,  0.045,  12.80,  0.086, 330.75,  0.054, 303.69,-99.000, -99.00,-99.000, -99.00,-99.000, -99.00,-99.000, -99.00,
8/26/2006 20:55:00, 12.6,275.7,  0.6,  3.5, 18.915, 28.87,  0.0,  0.0,  0.103,   6.16,  0.096, 320.50,  0.035, 303.23,  0.099, 310.10,  0.110, 285.30,  0.062, 282.03,  0.073, 323.91,  0.079, 263.42,  0.030,  11.69,  0.110, 279.38,  0.069, 276.61,  0.017,  64.98,  0.094, 319.33,  0.081, 282.84,  0.065, 337.38,  0.089,   9.67,-99.000, -99.00,-99.000, -99.00,-99.000, -99.00,-99.000, -99.00,
8/26/2006 21:00:00, 12.6,275.7,  0.6,  3.5, 18.929, 28.87,  0.0,  0.0,  0.097, 305.81,  0.021, 311.19,  0.177,  37.65,  0.034, 280.30,  0.063, 204.52,  0.012, 304.99,  0.076, 314.46,  0.087, 245.50,  0.112, 199.90,  0.080, 195.95,  0.120, 243.86,  0.085, 123.50,  0.058, 128.05,  0.032, 248.20,  0.063, 292.48,  0.037, 345.96,-99.000, -99.00,-99.000, -99.00,-99.000, -99.00,-99.000, -99.00,
8/26/2006 21:05:00, 12.6,275.8,  0.6,  3.5, 18.915, 28.87,  0.0,  0.0,  0.117, 330.80,  0.132, 351.25,  0.102, 323.81,  0.060,  64.29,  0.221, 342.63,  0.099, 331.11,  0.036,  52.82,  0.055, 273.12,  0.207, 274.16,  0.157, 262.69,  0.036, 237.65,  0.023, 214.38,  0.110, 308.01,  0.058, 337.83,  0.154, 305.24,  0.058, 339.68,-99.000, -99.00,-99.000, -99.00,-99.000, -99.00,-99.000, -99.00,
8/26/2006 21:10:00, 12.6,275.8,  0.6,  3.5, 18.918, 28.87,  0.0,  0.0,  0.073, 334.13,  0.084,   4.76,  0.118, 333.22,  0.093, 249.81,  0.064, 333.03,  0.099, 239.53,  0.028, 214.82,  0.113, 264.94,  0.105, 270.00,  0.045, 210.53,  0.064, 219.92,  0.123, 267.21,  0.117, 281.79,  0.052, 267.80,  0.094, 298.47,  0.060, 244.29,-99.000, -99.00,-99.000, -99.00,-99.000, -99.00,-99.000, -99.00,
8/26/2006 21:15:00, 12.6,275.7,  0.6,  3.5, 18.934, 28.87,  0.0,  0.0,  0.097,  22.35,  0.071,  80.27,  0.101, 325.52,  0.059, 314.31,  0.063, 341.57,  0.044, 270.00,  0.055,  19.09,  0.074, 270.77,  0.108, 254.93,  0.075, 338.91,  0.057, 228.53,  0.112, 272.05,  0.076, 234.64,  0.038,  35.36,  0.060,  50.44,  0.034, 295.82,-99.000, -99.00,-99.000, -99.00,-99.000, -99.00,-99.000, -99.00,
8/26/2006 21:20:00, 12.6,275.9,  0.6,  3.5, 18.940, 28.87,  0.0,  0.0,  0.074, 276.17,  0.125, 285.82,  0.056,  14.53,  0.106, 315.00,  0.132, 323.65,  0.040, 302.91,  0.034, 247.25,  0.071, 215.26,  0.028, 355.91,  0.184, 288.04,  0.056, 243.43,  0.035, 169.99,  0.098, 282.34,  0.077, 327.76,  0.096, 302.70,  0.019,  78.11,-99.000, -99.00,-99.000, -99.00,-99.000, -99.00,-99.000, -99.00,
8/26/2006 21:25:00, 12.6,275.7,  0.6,  3.5, 18.951, 28.87,  0.0,  0.0,  0.199, 329.83,  0.078, 348.11,  0.068, 331.93,  0.017,   0.00,  0.172, 274.68,  0.105, 307.64,  0.074, 311.70,  0.065, 261.12,  0.099, 279.84,  0.091, 236.66,  0.058, 229.18,  0.059, 276.77,  0.046, 214.38,  0.065, 200.66,  0.047, 294.94,  0.016, 349.38,-99.000, -99.00,-99.000, -99.00,-99.000, -99.00,-99.000, -99.00,
8/26/2006 21:30:00, 12.6,275.7,  0.7,  3.5, 18.961, 28.87,  0.0,  0.0,  0.059,  29.62,  0.102, 309.01,  0.080, 314.49,  0.092, 266.27,  0.090, 317.25,  0.085, 263.21,  0.127, 222.46,  0.084, 261.10,  0.148, 282.45,  0.165, 274.88,  0.073, 263.75,  0.090, 275.71,  0.086, 315.00,  0.083, 351.67,  0.071,   8.93,  0.061,  73.93,-99.000, -99.00,-99.000, -99.00,-99.000, -99.00,-99.000, -99.00,
8/26/2006 21:35:00, 12.6,275.8,  0.7,  3.5, 18.969, 28.87,  0.0,  0.0,  0.037,   7.70,  0.084, 323.27,  0.162,   0.00,  0.071, 327.65,  0.048, 320.96,  0.048, 219.04,  0.108, 286.75,  0.148, 303.69,  0.102, 271.68,  0.123, 241.76,  0.130, 278.88,  0.040, 249.78,  0.132, 247.31,  0.108, 253.91,  0.068, 227.39,  0.014,   0.00,-99.000, -99.00,-99.000, -99.00,-99.000, -99.00,-99.000, -99.00,
8/26/2006 21:40:00, 12.6,275.8,  0.6,  3.5, 18.963, 28.87,  0.0,  0.0,  0.161, 291.47,  0.018, 263.66,  0.067, 268.29,  0.099, 334.98,  0.058, 342.82,  0.045, 272.54,  0.109, 276.86,  0.109, 280.59,  0.155, 276.30,  0.055, 309.14,  0.123, 234.63,  0.157, 268.91,  0.110, 274.16,  0.091, 268.11,  0.026, 280.89,  0.009,  20.56,-99.000, -99.00,-99.000, -99.00,-99.000, -99.00,-99.000, -99.00,
8/26/2006 21:45:00, 12.6,275.7,  0.6,  3.5, 18.963, 28.87,  0.0,  0.0,  0.163, 293.11,  0.036, 266.82,  0.097, 343.24,  0.143, 263.57,  0.091, 241.19,  0.104, 348.37,  0.073, 334.13,  0.134, 270.00,  0.098, 298.66,  0.112, 231.18,  0.139, 253.66,  0.126, 280.06,  0.060, 271.91,  0.048, 248.20,  0.033, 156.57,  0.042, 235.56,-99.000, -99.00,-99.000, -99.00,-99.000, -99.00,-99.000, -99.00,
8/26/2006 21:50:00, 12.6,275.7,  0.6,  3.5, 18.970, 28.87,  0.0,  0.0,  0.069, 320.30,  0.105, 268.91,  0.058, 272.96,  0.091, 328.06,  0.057, 290.67,  0.120, 289.04,  0.121, 308.29,  0.060, 264.29,  0.013, 188.75,  0.061, 230.31,  0.178, 267.75,  0.096, 254.95,  0.145, 237.41,  0.174, 240.34,  0.120, 259.91,  0.049, 211.76,-99.000, -99.00,-99.000, -99.00,-99.000, -99.00,-99.000, -99.00,
8/26/2006 21:55:00, 12.6,275.8,  0.6,  3.5, 18.961, 28.87,  0.0,  0.0,  0.038, 291.80,  0.026, 180.00,  0.034, 322.13,  0.102, 283.08,  0.105, 327.82,  0.082, 272.10,  0.039, 338.75,  0.071, 285.61,  0.172, 283.07,  0.060, 277.72,  0.106, 255.83,  0.181, 260.49,  0.101, 257.47,  0.050, 258.47,  0.135, 287.23,  0.053, 239.59,-99.000, -99.00,-99.000, -99.00,-99.000, -99.00,-99.000, -99.00,
8/26/2006 22:00:00, 12.6,275.8,  0.6,  3.6, 18.965, 28.87,  0.0,  0.0,  0.130, 304.30,  0.088, 349.58,  0.131, 359.56,  0.046, 307.87,  0.216, 302.88,  0.119, 303.69,  0.151, 320.10,  0.083, 307.69,  0.115, 278.97,  0.229, 296.68,  0.070, 284.04,  0.038, 245.43,  0.077, 283.50,  0.145, 286.81,  0.038, 336.80,  0.070, 129.17,-99.000, -99.00,-99.000, -99.00,-99.000, -99.00,-99.000, -99.00,
8/26/2006 22:05:00, 12.6,275.8,  0.7,  3.5, 18.964, 28.87,  0.0,  0.0,  0.082, 309.09,  0.101, 281.98,  0.083, 351.67,  0.070, 346.76,  0.056, 314.27,  0.122, 298.87,  0.193, 268.52,  0.074, 318.81,  0.032,  20.14,  0.086, 302.22,  0.052, 254.36,  0.129, 261.05,  0.081, 260.77,  0.082, 255.11,  0.059, 311.55,  0.071, 205.84,-99.000, -99.00,-99.000, -99.00,-99.000, -99.00,-99.000, -99.00,
8/26/2006 22:10:00, 12.6,275.8,  0.6,  3.6, 18.965, 28.86,  0.0,  0.0,  0.084, 297.79,  0.105, 288.95,  0.105, 271.64,  0.150, 330.35,  0.160, 290.14,  0.105, 272.73,  0.084, 268.64,  0.166, 298.11,  0.159, 279.40,  0.152, 256.69,  0.145, 273.95,  0.099, 266.53,  0.113, 271.01,  0.076, 314.46,  0.067, 274.27,  0.074, 208.30,-99.000, -99.00,-99.000, -99.00,-99.000, -99.00,-99.000, -99.00,
8/26/2006 22:15:00, 12.6,275.7,  0.6,  3.5, 18.955, 28.86,  0.0,  0.0,  0.107, 274.28,  0.116, 311.51,  0.141, 320.45,  0.155, 298.55,  0.199, 296.95,  0.108, 311.99,  0.147, 279.01,  0.117, 279.87,  0.133, 282.99,  0.102, 284.72,  0.071, 305.26,  0.142, 249.78,  0.105, 271.64,  0.110, 297.73,  0.205, 310.06,  0.020, 264.29,-99.000, -99.00,-99.000, -99.00,-99.000, -99.00,-99.000, -99.00,
8/26/2006 22:20:00, 12.6,275.7,  0.6,  3.5, 18.973, 28.86,  0.0,  0.0,  0.122, 334.27,  0.087, 340.52,  0.107, 326.46,  0.057, 335.22,  0.112, 320.06,  0.127, 286.87,  0.095, 262.72,  0.087, 249.90,  0.120, 289.94,  0.082, 300.96,  0.127, 278.13,  0.193, 267.92,  0.082, 262.27,  0.176, 288.23,  0.172, 298.80,  0.051, 292.01,-99.000, -99.00,-99.000, -99.00,-99.000, -99.00,-99.000, -99.00,
8/26/2006 22:25:00, 12.6,275.8,  0.6,  3.5, 18.977, 28.86,  0.0,  0.0,  0.076, 305.36,  0.116, 300.54,  0.134, 283.83,  0.102, 334.95,  0.142, 324.74,  0.069, 280.82,  0.033,  68.84,  0.066, 310.70,  0.107, 302.06,  0.130, 298.54,  0.178, 282.63,  0.170, 270.34,  0.126, 276.39,  0.117, 262.15,  0.113, 250.28,  0.032,  75.53,-99.000, -99.00,-99.000, -99.00,-99.000, -99.00,-99.000, -99.00,
8/26/2006 22:30:00, 12.6,275.8,  0.6,  3.5, 18.976, 28.86,  0.0,  0.0,  0.087, 284.68,  0.014, 265.91,  0.158, 336.85,  0.165, 315.25,  0.125, 311.75,  0.111, 329.04,  0.181, 312.32,  0.062, 265.39,  0.051, 251.57,  0.038, 253.01,  0.086, 330.17,  0.154, 312.37,  0.088, 313.63,  0.097, 313.75,  0.136, 278.91,  0.047, 236.31,-99.000, -99.00,-99.000, -99.00,-99.000, -99.00,-99.000, -99.00,
8/26/2006 22:35:00, 12.6,275.8,  0.6,  3.5, 18.978, 28.86,  0.0,  0.0,  0.131, 337.55,  0.052, 346.76,  0.113, 300.18,  0.110, 271.04,  0.145, 284.42,  0.141, 336.16,  0.092, 283.13,  0.216, 289.78,  0.137, 299.74,  0.154, 268.14,  0.069, 276.61,  0.178, 265.48,  0.130, 256.18,  0.145, 273.55,  0.072, 304.80,  0.019, 261.03,-99.000, -99.00,-99.000, -99.00,-99.000, -99.00,-99.000, -99.00,
8/26/2006 22:40:00, 12.6,275.8,  0.6,  3.5, 18.979, 28.86,  0.0,  0.0,  0.032,   0.00,  0.129, 320.65,  0.090, 299.12,  0.149, 271.92,  0.143, 307.35,  0.161, 285.51,  0.166, 300.43,  0.107, 262.48,  0.087, 262.71,  0.066, 271.74,  0.024, 260.54,  0.121, 265.28,  0.129, 251.42,  0.144, 277.96,  0.182, 297.55,  0.052, 237.53,-99.000, -99.00,-99.000, -99.00,-99.000, -99.00,-99.000, -99.00,
8/26/2006 22:45:00, 12.6,275.8,  0.6,  3.5, 18.984, 28.86,  0.0,  0.0,  0.154, 349.93,  0.107, 293.20,  0.156, 317.08,  0.122, 306.30,  0.122, 270.47,  0.092, 245.66,  0.107, 253.76,  0.169, 261.15,  0.150, 253.37,  0.154, 256.50,  0.117, 265.60,  0.073, 306.09,  0.169, 303.41,  0.128, 266.87,  0.148, 272.32,  0.142, 226.42,-99.000, -99.00,-99.000, -99.00,-99.000, -99.00,-99.000, -99.00,
8/26/2006 22:50:00, 12.6,275.8,  0.6,  3.5, 18.976, 28.87,  0.0,  0.0,  0.155, 312.12,  0.080, 282.30,  0.190, 279.71,  0.197, 301.11,  0.134, 328.09,  0.181, 303.95,  0.142, 290.60,  0.089, 281.69,  0.192, 287.87,  0.131, 297.74,  0.140, 281.55,  0.153, 286.31,  0.158, 277.26,  0.175, 274.25,  0.144, 278.41,  0.054, 245.82,-99.000, -99.00,-99.000, -99.00,-99.000, -99.00,-99.000, -99.00,
8/26/2006 22:55:00, 12.6,275.8,  0.6,  3.5, 18.975, 28.87,  0.0,  0.0,  0.115, 298.57,  0.129, 297.76,  0.190, 315.21,  0.171, 326.22,  0.181, 294.86,  0.191, 312.03,  0.128, 321.97,  0.156, 311.36,  0.172, 283.07,  0.175, 280.22,  0.075, 273.05,  0.233, 272.46,  0.297, 273.28,  0.221, 280.14,  0.225, 279.46,  0.106, 282.59,-99.000, -99.00,-99.000, -99.00,-99.000, -99.00,-99.000, -99.00,
8/26/2006 23:00:00, 12.6,275.7,  0.6,  3.5, 18.978, 28.87,  0.0,  0.0,  0.052, 302.47,  0.053, 324.21,  0.206, 333.43,  0.092, 325.62,  0.068, 296.94,  0.153, 317.12,  0.151, 326.63,  0.152, 309.66,  0.141, 308.98,  0.026, 337.38,  0.059, 297.00,  0.078, 272.94,  0.207, 294.58,  0.170, 274.74,  0.212, 291.25,  0.137, 259.10,-99.000, -99.00,-99.000, -99.00,-99.000, -99.00,-99.000, -99.00,
8/26/2006 23:05:00, 12.6,275.8,  0.6,  3.5, 18.980, 28.87,  0.0,  0.0,  0.107, 289.62,  0.036, 313.88,  0.180, 308.91,  0.175, 288.64,  0.044, 285.95,  0.134, 260.96,  0.183, 275.65,  0.164, 289.21,  0.134, 294.66,  0.123, 287.55,  0.207, 288.87,  0.155, 290.77,  0.137, 290.56,  0.155, 270.74,  0.151, 283.02,  0.105, 284.30,-99.000, -99.00,-99.000, -99.00,-99.000, -99.00,-99.000, -99.00,
8/26/2006 23:10:00, 12.6,275.8,  0.7,  3.5, 18.976, 28.87,  0.0,  0.0,  0.100, 321.07,  0.105, 311.13,  0.190, 316.49,  0.182, 300.64,  0.161, 313.23,  0.150, 319.32,  0.139, 298.77,  0.041, 297.82,  0.081, 312.99,  0.063, 297.38,  0.189, 298.73,  0.178, 307.71,  0.099, 308.84,  0.176, 306.22,  0.176, 295.98,  0.120, 241.73,-99.000, -99.00,-99.000, -99.00,-99.000, -99.00,-99.000, -99.00,
8/26/2006 23:15:00, 12.6,275.8,  0.6,  3.5, 18.980, 28.87,  0.0,  0.0,  0.167, 299.32,  0.113, 299.05,  0.115, 290.97,  0.160, 303.29,  0.113, 325.05,  0.081, 345.79,  0.121, 284.84,  0.125, 313.38,  0.123, 318.64,  0.135, 289.91,  0.158, 300.78,  0.098, 286.03,  0.190, 291.02,  0.207, 279.74,  0.241, 292.73,  0.133, 283.93,-99.000, -99.00,-99.000, -99.00,-99.000, -99.00,-99.000, -99.00,
8/26/2006 23:20:00, 12.6,275.8,  0.6,  3.5, 18.981, 28.87,  0.0,  0.0,  0.186, 317.40,  0.075, 319.90,  0.204, 283.35,  0.130, 309.07,  0.204, 304.39,  0.085, 270.00,  0.115, 269.50,  0.102, 283.08,  0.141, 298.38,  0.203, 283.42,  0.067, 261.38,  0.168, 284.87,  0.183, 275.34,  0.146, 302.17,  0.121, 320.01,  0.096, 239.44,-99.000, -99.00,-99.000, -99.00,-99.000, -99.00,-99.000, -99.00,
8/26/2006 23:25:00, 12.6,275.8,  0.6,  3.5, 18.976, 28.86,  0.0,  0.0,  0.130, 282.86,  0.148, 291.37,  0.112, 292.66,  0.267, 297.14,  0.224, 296.22,  0.151, 288.08,  0.134, 326.90,  0.171, 292.67,  0.094, 268.17,  0.089, 260.33,  0.125, 286.26,  0.180, 297.85,  0.217, 285.26,  0.277, 294.07,  0.164, 296.41,  0.091, 272.52,-99.000, -99.00,-99.000, -99.00,-99.000, -99.00,-99.000, -99.00,
8/26/2006 23:30:00, 12.6,275.8,  0.6,  3.5, 18.978, 28.86,  0.0,  0.0,  0.058, 270.00,  0.130, 292.21,  0.142, 315.29,  0.207, 298.54,  0.195, 298.54,  0.212, 306.38,  0.245, 316.99,  0.161, 285.16,  0.206, 262.18,  0.173, 286.76,  0.175, 281.18,  0.082, 310.53,  0.083, 304.26,  0.041, 311.05,  0.167, 296.26,  0.092, 268.75,-99.000, -99.00,-99.000, -99.00,-99.000, -99.00,-99.000, -99.00,
8/26/2006 23:35:00, 12.6,275.8,  0.6,  3.6, 18.969, 28.85,  0.0,  0.0,  0.214, 302.20,  0.146, 305.22,  0.203, 306.98,  0.162, 320.51,  0.188, 294.52,  0.200, 320.67,  0.134, 320.74,  0.124, 315.65,  0.059, 328.20,  0.064, 294.96,  0.188, 293.56,  0.135, 296.38,  0.168, 319.10,  0.108, 292.78,  0.122, 312.34,  0.125, 265.43,-99.000, -99.00,-99.000, -99.00,-99.000, -99.00,-99.000, -99.00,
8/26/2006 23:40:00, 12.6,275.8,  0.6,  3.5, 18.964, 28.85,  0.0,  0.0,  0.083, 290.39,  0.203, 317.19,  0.145, 290.56,  0.126, 339.13,  0.076, 306.42,  0.087, 284.04,  0.138, 304.04,  0.123, 273.26,  0.199, 257.50,  0.110, 294.23,  0.209, 300.12,  0.217, 293.03,  0.114, 285.26,  0.216, 296.09,  0.274, 299.28,  0.063, 264.56,-99.000, -99.00,-99.000, -99.00,-99.000, -99.00,-99.000, -99.00,
8/26/2006 23:45:00, 12.6,275.8,  0.6,  3.5, 18.956, 28.85,  0.0,  0.0,  0.075, 342.05,  0.116, 305.19,  0.099, 297.60,  0.152, 270.38,  0.135, 297.90,  0.209, 288.69,  0.232, 279.67,  0.238, 290.95,  0.180, 267.14,  0.179, 270.32,  0.130, 251.57,  0.142, 265.97,  0.169, 261.82,  0.102, 266.63,  0.137, 290.95,  0.124, 286.39,-99.000, -99.00,-99.000, -99.00,-99.000, -99.00,-99.000, -99.00,
8/26/2006 23:50:00, 12.6,275.7,  0.6,  3.5, 18.962, 28.85,  0.0,  0.0,  0.176, 322.87,  0.132, 343.22,  0.148, 324.91,  0.182, 285.95,  0.135, 302.63,  0.145, 306.00,  0.165, 280.49,  0.208, 265.03,  0.250, 287.49,  0.257, 283.98,  0.131, 258.52,  0.263, 268.26,  0.273, 265.17,  0.204, 259.85,  0.243, 272.83,  0.085, 228.81,-99.000, -99.00,-99.000, -99.00,-99.000, -99.00,-99.000, -99.00,
8/26/2006 23:55:00, 12.6,275.8,  0.6,  3.5, 18.961, 28.85,  0.0,  0.0,  0.271, 298.17,  0.134, 309.53,  0.148, 298.30,  0.195, 288.81,  0.236, 313.45,  0.143, 282.09,  0.170, 281.91,  0.190, 295.22,  0.239, 297.64,  0.193, 272.67,  0.100, 264.86,  0.228, 280.12,  0.180, 287.43,  0.198, 281.93,  0.125, 317.60,  0.034, 312.61,-99.000, -99.00,-99.000, -99.00,-99.000, -99.00,-99.000, -99.00,
8/27/2006 00:00:00, 12.6,275.8,  0.6,  3.6, 18.951, 28.85,  0.0,  0.0,  0.211, 302.41,  0.143, 275.63,  0.149, 288.80,  0.137, 308.46,  0.152, 289.63,  0.103, 305.54,  0.072, 298.35,  0.100, 306.07,  0.125, 286.70,  0.167, 249.72,  0.108, 263.60,  0.061, 307.06,  0.153, 275.64,  0.215, 271.33,  0.224, 285.03,  0.045, 229.54,-99.000, -99.00,-99.000, -99.00,-99.000, -99.00,-99.000, -99.00,
8/27/2006 00:05:00, 12.6,275.7,  0.6,  3.6, 18.958, 28.85,  0.0,  0.0,  0.060, 294.44,  0.148, 300.37,  0.136, 296.75,  0.085, 295.06,  0.189, 326.90,  0.137, 307.29,  0.165, 307.84,  0.099, 265.38,  0.147, 277.80,  0.133, 286.66,  0.132, 290.91,  0.328, 280.01,  0.191, 267.60,  0.138, 260.81,  0.149, 296.22,  0.065, 242.65,-99.000, -99.00,-99.000, -99.00,-99.000, -99.00,-99.000, -99.00,
8/27/2006 00:10:00, 12.6,275.8,  0.6,  3.5, 18.957, 28.85,  0.0,  0.0,  0.160, 298.01,  0.058,  12.85,  0.213, 310.81,  0.252, 287.57,  0.154, 285.48,  0.168, 291.67,  0.169, 293.38,  0.127, 289.29,  0.168, 283.05,  0.161, 285.85,  0.183, 280.70,  0.258, 273.55,  0.213, 285.80,  0.130, 286.07,  0.109, 285.95,  0.068, 235.84,-99.000, -99.00,-99.000, -99.00,-99.000, -99.00,-99.000, -99.00,
8/27/2006 00:15:00, 12.6,275.7,  0.6,  3.6, 18.947, 28.86,  0.0,  0.0,  0.179, 292.69,  0.145, 334.32,  0.141, 295.66,  0.156, 272.57,  0.191, 268.20,  0.126, 292.90,  0.147, 281.77,  0.204, 247.57,  0.156, 263.74,  0.164, 256.64,  0.207, 270.00,  0.182, 275.99,  0.130, 267.36,  0.180, 269.36,  0.126, 285.14,  0.107, 239.13,-99.000, -99.00,-99.000, -99.00,-99.000, -99.00,-99.000, -99.00,
8/27/2006 00:20:00, 12.6,275.8,  0.6,  3.5, 18.930, 28.86,  0.0,  0.0,  0.125, 295.13,  0.165, 315.98,  0.130, 273.08,  0.098, 278.79,  0.146, 259.31,  0.219, 312.96,  0.153, 287.84,  0.164, 282.00,  0.273, 282.05,  0.213, 269.19,  0.139, 245.83,  0.158, 272.90,  0.231, 277.95,  0.181, 292.45,  0.169, 299.45,  0.077, 272.97,-99.000, -99.00,-99.000, -99.00,-99.000, -99.00,-99.000, -99.00,
8/27/2006 00:25:00, 12.6,275.7,  0.6,  3.5, 18.931, 28.86,  0.0,  0.0,  0.303, 309.10,  0.206, 301.68,  0.151, 275.71,  0.262, 306.78,  0.165, 285.47,  0.120, 296.78,  0.188, 300.65,  0.191, 315.00,  0.131, 300.29,  0.135, 325.25,  0.176, 294.09,  0.179, 281.94,  0.156, 287.51,  0.139, 275.79,  0.173, 294.64,  0.013, 302.47,-99.000, -99.00,-99.000, -99.00,-99.000, -99.00,-99.000, -99.00,
8/27/2006 00:30:00, 12.6,275.7,  0.6,  3.5, 18.922, 28.86,  0.0,  0.0,  0.255, 308.62,  0.178, 315.45,  0.045, 320.36,  0.143, 304.14,  0.190, 306.45,  0.125, 264.02,  0.164, 288.43,  0.232, 279.91,  0.196, 283.54,  0.198, 251.11,  0.100, 240.11,  0.139, 251.57,  0.145, 259.70,  0.156, 276.62,  0.123, 327.60,  0.040, 219.99,-99.000, -99.00,-99.000, -99.00,-99.000, -99.00,-99.000, -99.00,
8/27/2006 00:35:00, 12.6,275.7,  0.6,  3.5, 18.921, 28.86,  0.0,  0.0,  0.115, 308.27,  0.119, 291.62,  0.132, 298.89,  0.144, 308.54,  0.216, 287.26,  0.202, 293.65,  0.198, 272.60,  0.191, 252.32,  0.197, 281.14,  0.156, 266.70,  0.207, 275.55,  0.200, 265.69,  0.220, 258.18,  0.099, 271.74,  0.243, 290.75,  0.025, 281.77,-99.000, -99.00,-99.000, -99.00,-99.000, -99.00,-99.000, -99.00,
8/27/2006 00:40:00, 12.6,275.8,  0.6,  3.5, 18.910, 28.86,  0.0,  0.0,  0.107, 278.58,  0.202, 269.43,  0.137, 267.08,  0.026, 200.56,  0.186, 285.31,  0.201, 257.63,  0.198, 271.45,  0.188, 259.89,  0.183, 276.89,  0.244, 302.78,  0.192, 292.30,  0.259, 289.62,  0.250, 285.54,  0.152, 287.60,  0.095, 270.00,  0.039, 175.60,-99.000, -99.00,-99.000, -99.00,-99.000, -99.00,-99.000, -99.00,
8/27/2006 00:45:00, 12.6,275.7,  0.6,  3.5, 18.912, 28.86,  0.0,  0.0,  0.190, 283.09,  0.094, 332.89,  0.166, 326.31,  0.148, 309.81,  0.079, 290.05,  0.122, 296.77,  0.113, 274.05,  0.128, 273.58,  0.071, 331.26,  0.068, 293.53,  0.176, 273.90,  0.202, 280.86,  0.060, 277.72,  0.120, 294.21,  0.084, 307.28,  0.022,  82.23,-99.000, -99.00,-99.000, -99.00,-99.000, -99.00,-99.000, -99.00,
8/27/2006 00:50:00, 12.6,275.7,  0.6,  3.5, 18.901, 28.86,  0.0,  0.0,  0.156, 333.27,  0.128, 281.22,  0.099, 257.22,  0.096, 276.60,  0.163, 299.88,  0.164, 329.52,  0.118, 285.21,  0.176, 302.70,  0.257, 294.37,  0.185, 295.32,  0.172, 302.39,  0.173, 279.30,  0.184, 271.25,  0.056, 243.43,  0.057, 290.67,  0.034, 288.97,-99.000, -99.00,-99.000, -99.00,-99.000, -99.00,-99.000, -99.00,
8/27/2006 00:55:00, 12.6,275.9,  0.6,  3.6, 18.896, 28.86,  0.0,  0.0,  0.194, 300.00,  0.174, 285.63,  0.091, 317.22,  0.124, 333.64,  0.162, 304.18,  0.107, 283.52,  0.222, 270.52,  0.186, 279.92,  0.115, 286.22,  0.121, 269.53,  0.206, 280.06,  0.208, 307.97,  0.125, 313.38,  0.172, 277.70,  0.149, 312.56,  0.070, 312.11,-99.000, -99.00,-99.000, -99.00,-99.000, -99.00,-99.000, -99.00,
8/27/2006 01:00:00, 12.6,275.8,  0.6,  3.5, 18.884, 28.86,  0.0,  0.0,  0.220, 322.77,  0.159, 303.49,  0.164, 296.10,  0.236, 305.71,  0.241, 286.17,  0.105, 274.36,  0.167, 272.40,  0.134, 281.65,  0.268, 274.07,  0.159, 280.11,  0.111, 307.69,  0.165, 301.38,  0.072, 254.60,  0.122, 295.30,  0.111, 307.28,  0.039,   2.94,-99.000, -99.00,-99.000, -99.00,-99.000, -99.00,-99.000, -99.00,
8/27/2006 01:05:00, 12.6,275.8,  0.6,  3.5, 18.881, 28.85,  0.0,  0.0,  0.251, 296.26,  0.179, 281.94,  0.186, 275.56,  0.180, 277.01,  0.158, 275.10,  0.181, 272.85,  0.217, 247.22,  0.171, 257.83,  0.202, 258.30,  0.181, 263.35,  0.192, 275.68,  0.193, 294.17,  0.203, 294.79,  0.158, 289.24,  0.040, 310.91,  0.043, 276.63,-99.000, -99.00,-99.000, -99.00,-99.000, -99.00,-99.000, -99.00,
8/27/2006 01:10:00, 12.6,275.9,  0.6,  3.5, 18.872, 28.85,  0.0,  0.0,  0.177, 297.58,  0.103, 286.33,  0.099, 251.20,  0.125, 304.20,  0.130, 317.49,  0.081, 272.83,  0.073, 270.00,  0.184, 279.05,  0.254, 275.87,  0.194, 277.09,  0.137, 271.25,  0.130, 268.68,  0.137, 297.31,  0.160, 291.27,  0.131, 290.10,  0.075, 266.95,-99.000, -99.00,-99.000, -99.00,-99.000, -99.00,-99.000, -99.00,
8/27/2006 01:15:00, 12.6,275.8,  0.6,  3.5, 18.873, 28.84,  0.0,  0.0,  0.144, 310.21,  0.170, 307.61,  0.200, 289.25,  0.209, 268.63,  0.148, 256.72,  0.141, 245.25,  0.151, 251.81,  0.211, 253.79,  0.129, 255.21,  0.110, 257.36,  0.228, 278.06,  0.189, 256.85,  0.198, 265.36,  0.120, 253.99,  0.023, 267.51,  0.078, 334.09,-99.000, -99.00,-99.000, -99.00,-99.000, -99.00,-99.000, -99.00,
8/27/2006 01:20:00, 12.6,275.8,  0.6,  3.5, 18.872, 28.84,  0.0,  0.0,  0.084, 299.32,  0.112, 257.08,  0.007, 326.31,  0.135, 249.15,  0.135, 270.00,  0.176, 280.48,  0.100, 255.00,  0.184, 276.55,  0.208, 291.75,  0.183, 277.86,  0.181, 293.03,  0.174, 276.27,  0.171, 275.04,  0.140, 270.41,  0.105, 288.95,  0.075, 243.09,-99.000, -99.00,-99.000, -99.00,-99.000, -99.00,-99.000, -99.00,
8/27/2006 01:25:00, 12.6,275.8,  0.6,  3.6, 18.880, 28.83,  0.0,  0.0,  0.166, 270.35,  0.134, 256.17,  0.176, 264.78,  0.103, 260.54,  0.198, 255.68,  0.166, 253.86,  0.158, 250.42,  0.197, 281.71,  0.157, 274.37,  0.114, 266.49,  0.135, 264.46,  0.139, 281.63,  0.178, 264.19,  0.139, 276.61,  0.111, 286.16,  0.078, 233.86,-99.000, -99.00,-99.000, -99.00,-99.000, -99.00,-99.000, -99.00,
8/27/2006 01:30:00, 12.6,275.8,  0.6,  3.6, 18.861, 28.83,  0.0,  0.0,  0.163, 291.21,  0.124, 337.77,  0.105, 291.90,  0.156, 263.38,  0.138, 285.95,  0.178, 256.67,  0.110, 278.86,  0.148, 250.22,  0.154, 252.27,  0.136, 244.19,  0.167, 281.78,  0.173, 273.64,  0.193, 248.75,  0.179, 255.42,  0.060, 305.54,  0.046, 191.31,-99.000, -99.00,-99.000, -99.00,-99.000, -99.00,-99.000, -99.00,
8/27/2006 01:35:00, 12.6,275.7,  0.6,  3.5, 18.861, 28.82,  0.0,  0.0,  0.267, 315.76,  0.024, 236.98,  0.039, 193.32,  0.098, 208.14,  0.081, 294.68,  0.092, 265.65,  0.106, 256.88,  0.120, 269.52,  0.156, 256.32,  0.209, 300.87,  0.294, 280.58,  0.161, 291.14,  0.129, 274.43,  0.099, 273.47,  0.064, 306.16,  0.017, 205.02,-99.000, -99.00,-99.000, -99.00,-99.000, -99.00,-99.000, -99.00,
8/27/2006 01:40:00, 12.6,275.8,  0.6,  3.5, 18.856, 28.82,  0.0,  0.0,  0.198, 305.94,  0.144, 284.52,  0.126, 275.48,  0.080, 286.63,  0.117, 273.91,  0.176, 278.82,  0.159, 276.50,  0.139, 277.02,  0.217, 280.07,  0.092, 219.25,  0.073, 241.33,  0.102, 273.93,  0.145, 247.68,  0.150, 273.05,  0.159, 266.40,  0.121, 244.07,-99.000, -99.00,-99.000, -99.00,-99.000, -99.00,-99.000, -99.00,
8/27/2006 01:45:00, 12.6,275.9,  0.6,  3.5, 18.846, 28.81,  0.0,  0.0,  0.085, 295.67,  0.039, 284.74,  0.128, 300.58,  0.193, 256.83,  0.218, 288.43,  0.124, 269.08,  0.153, 268.88,  0.158, 257.55,  0.090, 250.56,  0.179, 278.04,  0.136, 275.92,  0.064, 249.86,  0.128, 272.24,  0.086, 224.06,  0.095, 250.99,  0.044, 110.10,-99.000, -99.00,-99.000, -99.00,-99.000, -99.00,-99.000, -99.00,
8/27/2006 01:50:00, 12.6,275.8,  0.6,  3.5, 18.837, 28.81,  0.0,  0.0,  0.133, 307.39,  0.141, 261.01,  0.206, 252.80,  0.147, 266.88,  0.177, 278.77,  0.198, 278.70,  0.137, 270.00,  0.165, 260.94,  0.174, 242.70,  0.113, 252.53,  0.137, 262.46,  0.023, 250.02,  0.125, 270.92,  0.105, 284.97,  0.054, 290.43,  0.101, 178.87,-99.000, -99.00,-99.000, -99.00,-99.000, -99.00,-99.000, -99.00,
8/27/2006 01:55:00, 12.6,275.8,  0.6,  3.5, 18.835, 28.81,  0.0,  0.0,  0.157, 263.78,  0.162, 259.32,  0.190, 243.71,  0.191, 276.31,  0.155, 284.22,  0.149, 272.31,  0.151, 286.52,  0.164, 277.34,  0.080, 318.54,  0.165, 292.83,  0.107, 274.81,  0.094, 244.80,  0.124, 256.52,  0.115, 262.01,  0.080, 282.30,  0.083, 192.53,-99.000, -99.00,-99.000, -99.00,-99.000, -99.00,-99.000, -99.00,
8/27/2006 02:00:00, 12.6,275.8,  0.6,  3.5, 18.833, 28.81,  0.0,  0.0,  0.205, 273.35,  0.139, 226.75,  0.239, 291.09,  0.208, 276.07,  0.139, 288.04,  0.161, 256.74,  0.083, 242.82,  0.077, 278.97,  0.141, 257.74,  0.112, 278.71,  0.116, 274.44,  0.047, 245.06,  0.149, 273.07,  0.062, 270.00,  0.111, 280.40,  0.022, 256.61,-99.000, -99.00,-99.000, -99.00,-99.000, -99.00,-99.000, -99.00,
8/27/2006 02:05:00, 12.6,275.8,  0.6,  3.5, 18.826, 28.80,  0.0,  0.0,  0.184, 289.03,  0.177, 265.13,  0.143, 232.97,  0.151, 263.16,  0.123, 285.62,  0.110, 295.40,  0.095, 276.67,  0.072, 260.41,  0.070, 233.13,  0.055, 282.53,  0.091, 275.65,  0.131, 257.66,  0.079, 278.75,  0.122, 283.24,  0.084, 272.73,  0.062, 207.80,-99.000, -99.00,-99.000, -99.00,-99.000, -99.00,-99.000, -99.00,
8/27/2006 02:10:00, 12.6,275.7,  0.6,  3.5, 18.814, 28.80,  0.0,  0.0,  0.107, 270.00,  0.153, 220.76,  0.178, 255.34,  0.123, 289.03,  0.153, 271.12,  0.169, 281.58,  0.103, 250.68,  0.087, 208.93,  0.036, 230.60,  0.127, 243.84,  0.204, 279.60,  0.080, 219.44,  0.075, 237.59,  0.105, 245.87,  0.082, 277.04,  0.076, 204.19,-99.000, -99.00,-99.000, -99.00,-99.000, -99.00,-99.000, -99.00,
8/27/2006 02:15:00, 12.6,275.8,  0.6,  3.5, 18.808, 28.80,  0.0,  0.0,  0.150, 224.46,  0.130, 278.38,  0.099, 274.04,  0.109, 299.61,  0.187, 277.70,  0.176, 269.67,  0.043, 302.57,  0.116, 282.96,  0.077, 273.72,  0.098, 265.33,  0.046, 245.66,  0.129, 244.23,  0.136, 259.85,  0.058, 269.01,  0.044, 307.65,  0.049, 302.38,-99.000, -99.00,-99.000, -99.00,-99.000, -99.00,-99.000, -99.00,
8/27/2006 02:20:00, 12.6,275.7,  0.6,  3.5, 18.793, 28.80,  0.0,  0.0,  0.108, 286.75,  0.108, 239.40,  0.107, 272.68,  0.130, 258.00,  0.044, 297.15,  0.126, 264.06,  0.149, 240.68,  0.128, 318.81,  0.140, 270.41,  0.137, 245.49,  0.158, 255.00,  0.043, 322.59,  0.169, 300.21,  0.048, 240.26,  0.101, 268.30,  0.035, 226.17,-99.000, -99.00,-99.000, -99.00,-99.000, -99.00,-99.000, -99.00,
8/27/2006 02:25:00, 12.6,275.8,  0.6,  3.5, 18.796, 28.79,  0.0,  0.0,  0.120, 289.94,  0.142, 267.18,  0.105, 256.23,  0.031, 284.93,  0.010,   5.71,  0.069, 242.32,  0.026,  30.58,  0.106, 305.04,  0.077, 275.93,  0.030, 145.78,  0.029, 243.43,  0.009, 116.57,  0.053,  97.52,  0.066, 323.65,  0.107, 326.46,  0.047, 312.44,-99.000, -99.00,-99.000, -99.00,-99.000, -99.00,-99.000, -99.00,
8/27/2006 02:30:00, 12.6,275.8,  0.6,  3.5, 18.787, 28.79,  0.0,  0.0,  0.163, 293.11,  0.120, 334.93,  0.081, 234.54,  0.074, 233.29,  0.070, 267.55,  0.084, 249.84,  0.041, 230.91,  0.073, 277.91,  0.100, 224.19,  0.098, 223.34,  0.065, 278.88,  0.069, 287.65,  0.125, 268.63,  0.041, 251.57,  0.032, 136.27,  0.089, 195.59,-99.000, -99.00,-99.000, -99.00,-99.000, -99.00,-99.000, -99.00,
8/27/2006 02:35:00, 12.6,275.8,  0.6,  3.5, 18.780, 28.79,  0.0,  0.0,  0.079, 299.48,  0.093, 273.69,  0.092, 260.03,  0.089, 251.57,  0.047, 292.71,  0.136, 267.89,  0.097, 253.24,  0.029, 345.96,  0.049, 235.01,  0.019, 231.34,  0.028,  49.40,  0.066, 309.47,  0.053, 290.81,  0.064, 264.64,  0.089, 304.05,  0.019, 261.03,-99.000, -99.00,-99.000, -99.00,-99.000, -99.00,-99.000, -99.00,
8/27/2006 02:40:00, 12.6,275.7,  0.6,  3.5, 18.771, 28.80,  0.0,  0.0,  0.090, 297.14,  0.062,  56.82,  0.089, 296.85,  0.130, 294.99,  0.093, 228.06,  0.070, 255.17,  0.108, 195.58,  0.092, 212.14,  0.100, 280.97,  0.052,  98.91,  0.031, 144.25,  0.124, 209.05,  0.050, 246.50,  0.094, 306.38,  0.089, 320.44,  0.092, 287.06,-99.000, -99.00,-99.000, -99.00,-99.000, -99.00,-99.000, -99.00,
8/27/2006 02:45:00, 12.6,275.8,  0.6,  3.5, 18.763, 28.80,  0.0,  0.0,  0.070, 296.20,  0.137, 257.38,  0.101, 199.16,  0.049, 203.96,  0.032, 180.00,  0.052, 284.57,  0.020, 191.31,  0.036, 218.16,  0.075, 188.46,  0.056, 195.52,  0.123, 204.06,  0.089, 242.00,  0.053, 258.06,  0.096, 274.76,  0.036, 282.88,  0.103, 251.39,-99.000, -99.00,-99.000, -99.00,-99.000, -99.00,-99.000, -99.00,
8/27/2006 02:50:00, 12.6,275.8,  0.6,  3.5, 18.776, 28.80,  0.0,  0.0,  0.051, 304.62,  0.087, 241.97,  0.053,  44.24,  0.056, 126.25,  0.037, 203.81,  0.045, 242.30,  0.094, 193.59,  0.148, 215.09,  0.114, 201.15,  0.096, 198.25,  0.060, 227.02,  0.027, 257.01,  0.077, 336.41,  0.028, 304.82,  0.028, 295.64,  0.111, 264.29,-99.000, -99.00,-99.000, -99.00,-99.000, -99.00,-99.000, -99.00,
8/27/2006 02:55:00, 12.6,275.8,  0.6,  3.6, 18.769, 28.80,  0.0,  0.0,  0.113, 296.79,  0.028, 289.09,  0.054, 232.50,  0.107, 132.35,  0.079,  84.94,  0.032, 194.47,  0.138, 217.37,  0.055, 337.62,  0.040, 270.00,  0.091, 255.35,  0.042, 206.57,  0.072, 270.00,  0.017, 244.98,  0.126, 282.38,  0.059, 290.90,  0.099, 206.31,-99.000, -99.00,-99.000, -99.00,-99.000, -99.00,-99.000, -99.00,
8/27/2006 03:00:00, 12.6,275.8,  0.6,  3.5, 18.766, 28.80,  0.0,  0.0,  0.105, 356.19,  0.049, 215.94,  0.034, 263.29,  0.158, 218.83,  0.091, 239.47,  0.113, 172.87,  0.028, 278.13,  0.036, 296.57,  0.059, 240.38,  0.050, 231.52,  0.025, 326.31,  0.052, 273.30,  0.035, 311.50,  0.045, 272.54,  0.113, 271.01,  0.098, 224.59,-99.000, -99.00,-99.000, -99.00,-99.000, -99.00,-99.000, -99.00,
8/27/2006 03:05:00, 12.6,275.8,  0.6,  3.6, 18.758, 28.81,  0.0,  0.0,  0.049, 159.72,  0.037,  34.99,  0.046, 268.75,  0.029, 180.00,  0.033, 295.02,  0.088, 263.44,  0.056, 273.07,  0.033, 188.62,  0.011, 243.43,  0.022, 201.80,  0.057, 254.74,  0.086, 319.25,  0.104, 340.87,  0.044, 344.05,  0.064, 294.96,  0.102, 262.11,-99.000, -99.00,-99.000, -99.00,-99.000, -99.00,-99.000, -99.00,
8/27/2006 03:10:00, 12.6,275.8,  0.6,  3.5, 18.756, 28.81,  0.0,  0.0,  0.029, 299.25,  0.009, 339.44,  0.088, 136.37,  0.034, 101.98,  0.068,  11.80,  0.052,  74.36,  0.062, 103.13,  0.028,  81.87,  0.005, 216.87,  0.007, 146.31,  0.065, 219.35,  0.071, 246.70,  0.012, 214.99,  0.036, 270.00,  0.031, 337.52,  0.072, 230.60,-99.000, -99.00,-99.000, -99.00,-99.000, -99.00,-99.000, -99.00,
8/27/2006 03:15:00, 12.6,275.8,  0.6,  3.5, 18.752, 28.81,  0.0,  0.0,  0.042, 305.22,  0.106, 150.52,  0.081, 218.00,  0.096, 112.57,  0.124, 110.77,  0.025, 111.37,  0.080, 102.30,  0.133,  81.81,  0.042, 348.96,  0.052, 178.90,  0.050, 138.27,  0.041, 348.69,  0.082, 348.00,  0.069, 309.70,  0.047, 330.71,  0.051, 232.91,-99.000, -99.00,-99.000, -99.00,-99.000, -99.00,-99.000, -99.00,
8/27/2006 03:20:00, 12.6,275.8,  0.6,  3.6, 18.734, 28.80,  0.0,  0.0,  0.060, 111.45,  0.247, 161.13,  0.112, 142.62,  0.094, 146.31,  0.050, 120.17,  0.086, 163.04,  0.031,  38.37,  0.056, 103.54,  0.077,  96.75,  0.067,  22.75,  0.041,  11.31,  0.055, 274.16,  0.042, 270.00,  0.034, 251.03,  0.022, 212.28,  0.034, 264.96,-99.000, -99.00,-99.000, -99.00,-99.000, -99.00,-99.000, -99.00,
8/27/2006 03:25:00, 12.6,275.8,  0.6,  3.5, 18.736, 28.80,  0.0,  0.0,  0.015, 336.80,  0.144, 167.12,  0.141, 124.59,  0.264, 140.39,  0.103, 152.94,  0.116, 153.43,  0.065,  77.47,  0.011,  41.19,  0.141,  98.99,  0.072,  75.58,  0.077, 336.11,  0.044, 118.30,  0.080,   0.00,  0.068, 348.20,  0.120, 289.94,  0.072, 279.59,-99.000, -99.00,-99.000, -99.00,-99.000, -99.00,-99.000, -99.00,
8/27/2006 03:30:00, 12.6,275.8,  0.6,  3.5, 18.726, 28.79,  0.0,  0.0,  0.033,  40.03,  0.180, 171.69,  0.173, 143.92,  0.110, 121.95,  0.095, 156.96,  0.155, 148.15,  0.109, 115.62,  0.142, 123.24,  0.063,  73.30,  0.095,  67.75,  0.071, 316.15,  0.019, 297.90,  0.078, 225.52,  0.049, 278.13,  0.064, 354.64,  0.100, 293.50,-99.000, -99.00,-99.000, -99.00,-99.000, -99.00,-99.000, -99.00,
8/27/2006 03:35:00, 12.6,275.8,  0.6,  3.5, 18.718, 28.79,  0.0,  0.0,  0.081, 356.47,  0.139, 166.26,  0.252, 146.50,  0.172, 111.49,  0.081, 159.11,  0.227, 114.19,  0.131, 139.02,  0.095, 109.78,  0.130, 123.08,  0.016,  37.57,  0.099,   3.47,  0.064, 352.87,  0.021,  52.59,  0.030, 316.33,  0.057, 340.62,  0.110, 307.60,-99.000, -99.00,-99.000, -99.00,-99.000, -99.00,-99.000, -99.00,
8/27/2006 03:40:00, 12.6,275.7,  0.6,  3.5, 18.711, 28.78,  0.0,  0.0,  0.093,  54.61,  0.186, 135.65,  0.162, 144.54,  0.208, 132.27,  0.176, 132.93,  0.123,  84.38,  0.157, 120.96,  0.152, 152.59,  0.069, 165.76,  0.060, 117.85,  0.057, 329.38,  0.049, 275.83,  0.030, 299.98,  0.022,   0.00,  0.072,  24.78,  0.097, 248.75,-99.000, -99.00,-99.000, -99.00,-99.000, -99.00,-99.000, -99.00,
8/27/2006 03:45:00, 12.6,275.7,  0.6,  3.5, 18.718, 28.77,  0.0,  0.0,  0.170, 112.49,  0.189, 127.05,  0.157, 132.94,  0.139, 113.25,  0.111, 168.59,  0.102, 126.65,  0.048, 104.62,  0.031, 121.61,  0.111,  89.48,  0.080, 102.99,  0.077,  87.03,  0.045, 337.96,  0.066,   2.60,  0.056, 350.71,  0.090, 355.55,  0.034, 331.93,-99.000, -99.00,-99.000, -99.00,-99.000, -99.00,-99.000, -99.00,
8/27/2006 03:50:00, 12.6,275.8,  0.6,  3.5, 18.711, 28.77,  0.0,  0.0,  0.090, 139.05,  0.177, 130.88,  0.099, 124.33,  0.152, 115.72,  0.178, 121.90,  0.037,  67.62,  0.121,  90.00,  0.133,  52.61,  0.053,  81.25,  0.086, 128.87,  0.124, 181.85,  0.065, 143.13,  0.086, 103.39,  0.027,  90.00,  0.074,  10.10,  0.059, 318.45,-99.000, -99.00,-99.000, -99.00,-99.000, -99.00,-99.000, -99.00,
8/27/2006 03:55:00, 12.6,275.8,  0.6,  3.5, 18.709, 28.77,  0.0,  0.0,  0.212, 112.70,  0.083, 148.80,  0.178, 134.09,  0.101,  78.58,  0.119,  97.72,  0.216, 126.71,  0.145, 147.08,  0.160, 110.93,  0.118, 130.18,  0.161, 131.22,  0.165, 130.56,  0.066, 131.92,  0.059,  90.00,  0.110, 105.80,  0.091, 113.20,  0.073, 228.89,-99.000, -99.00,-99.000, -99.00,-99.000, -99.00,-99.000, -99.00,
8/27/2006 04:00:00, 12.6,275.8,  0.6,  3.6, 18.708, 28.76,  0.0,  0.0,  0.229, 140.48,  0.182, 131.66,  0.201, 128.35,  0.138, 127.62,  0.150, 179.62,  0.068, 162.90,  0.135, 117.32,  0.161,  98.58,  0.110, 123.84,  0.110, 157.62,  0.101, 139.83,  0.090, 167.82,  0.174, 126.80,  0.162, 131.49,  0.126,  92.27,  0.017,  57.26,-99.000, -99.00,-99.000, -99.00,-99.000, -99.00,-99.000, -99.00,
8/27/2006 04:05:00, 12.6,275.7,  0.6,  3.5, 18.698, 28.76,  0.0,  0.0,  0.081, 155.32,  0.115, 149.64,  0.141, 133.56,  0.097, 154.23,  0.143, 121.24,  0.109, 108.10,  0.078, 135.00,  0.013, 151.39,  0.086, 116.86,  0.059,  46.36,  0.025, 291.37,  0.090,  98.94,  0.081,  96.34,  0.097, 128.29,  0.127, 124.07,  0.091, 176.86,-99.000, -99.00,-99.000, -99.00,-99.000, -99.00,-99.000, -99.00,
8/27/2006 04:10:00, 12.6,275.7,  0.6,  3.6, 18.702, 28.76,  0.0,  0.0,  0.133, 162.11,  0.110, 201.22,  0.118, 142.25,  0.112, 124.40,  0.092,  79.30,  0.165, 105.47,  0.069,  75.76,  0.116, 103.44,  0.144, 129.35,  0.138, 169.18,  0.113, 145.05,  0.141, 114.21,  0.067, 108.17,  0.083,  52.31,  0.101,  73.35,  0.030, 271.91,-99.000, -99.00,-99.000, -99.00,-99.000, -99.00,-99.000, -99.00,
8/27/2006 04:15:00, 12.6,275.8,  0.6,  3.5, 18.702, 28.76,  0.0,  0.0,  0.086, 100.01,  0.038, 230.39,  0.171, 113.42,  0.090, 119.98,  0.137, 134.41,  0.082, 146.89,  0.087, 185.25,  0.106, 100.35,  0.168, 108.43,  0.099,  84.81,  0.127, 117.17,  0.136, 127.21,  0.210, 117.54,  0.177,  90.00,  0.093,  46.31,  0.122, 330.49,-99.000, -99.00,-99.000, -99.00,-99.000, -99.00,-99.000, -99.00,
8/27/2006 04:20:00, 12.6,275.9,  0.6,  3.5, 18.701, 28.76,  0.0,  0.0,  0.145, 120.28,  0.042, 151.61,  0.060, 188.67,  0.022,  87.40,  0.038, 164.88,  0.054, 143.34,  0.163, 121.93,  0.088, 175.45,  0.115, 152.10,  0.120, 133.65,  0.101, 134.60,  0.047, 136.74,  0.050, 195.15,  0.014,  21.04,  0.048,  20.70,  0.064, 298.97,-99.000, -99.00,-99.000, -99.00,-99.000, -99.00,-99.000, -99.00,
8/27/2006 04:25:00, 12.6,275.7,  0.6,  3.5, 18.696, 28.76,  0.0,  0.0,  0.077,  93.72,  0.098, 192.91,  0.075, 169.29,  0.077, 130.28,  0.159, 128.38,  0.048, 146.98,  0.063, 156.68,  0.078, 162.03,  0.067, 139.21,  0.063, 127.23,  0.022, 236.31,  0.079,  76.84,  0.023,  48.58,  0.016, 180.00,  0.082,  63.12,  0.049, 347.09,-99.000, -99.00,-99.000, -99.00,-99.000, -99.00,-99.000, -99.00,
8/27/2006 04:30:00, 12.6,275.7,  0.7,  3.5, 18.695, 28.76,  0.0,  0.0,  0.057, 230.71,  0.032, 138.81,  0.081, 163.57,  0.081, 119.40,  0.166, 131.09,  0.041, 115.94,  0.094,  49.73,  0.044, 107.20,  0.011, 318.81,  0.033, 264.81,  0.045, 288.03,  0.069, 199.49,  0.092, 268.13,  0.058, 307.27,  0.213, 302.35,  0.145, 301.50,-99.000, -99.00,-99.000, -99.00,-99.000, -99.00,-99.000, -99.00,
8/27/2006 04:35:00, 12.6,275.7,  0.6,  3.6, 18.695, 28.75,  0.0,  0.0,  0.188, 235.63,  0.085, 174.62,  0.106, 165.17,  0.149, 144.28,  0.029, 114.78,  0.087, 105.31,  0.166, 135.24,  0.124, 166.52,  0.064, 165.53,  0.092, 269.38,  0.060,  96.65,  0.038, 118.61,  0.065,  95.27,  0.103,  29.81,  0.112, 351.29,  0.152, 321.40,-99.000, -99.00,-99.000, -99.00,-99.000, -99.00,-99.000, -99.00,
8/27/2006 04:40:00, 12.6,275.7,  0.6,  3.5, 18.690, 28.75,  0.0,  0.0,  0.017,  30.96,  0.036, 189.73,  0.065, 132.51,  0.041, 239.04,  0.103, 217.09,  0.066, 193.19,  0.061, 204.06,  0.084, 205.35,  0.087, 260.75,  0.026, 322.70,  0.099, 286.42,  0.094, 287.28,  0.128, 335.04,  0.181, 309.16,  0.195, 316.66,  0.085, 295.96,-99.000, -99.00,-99.000, -99.00,-99.000, -99.00,-99.000, -99.00,
8/27/2006 04:45:00, 12.6,275.8,  0.6,  3.6, 18.686, 28.75,  0.0,  0.0,  0.048, 311.63,  0.042, 245.90,  0.018, 180.00,  0.043, 110.56,  0.045, 186.34,  0.070, 173.48,  0.080, 285.26,  0.096, 244.77,  0.065, 195.10,  0.080, 292.07,  0.057, 345.72,  0.153, 322.16,  0.135, 336.47,  0.148, 343.15,  0.147, 339.35,  0.179, 301.73,-99.000, -99.00,-99.000, -99.00,-99.000, -99.00,-99.000, -99.00,
8/27/2006 04:50:00, 12.6,275.8,  0.6,  3.5, 18.689, 28.75,  0.0,  0.0,  0.096, 305.68,  0.071, 318.43,  0.052, 180.00,  0.022, 302.28,  0.077, 340.14,  0.131, 281.48,  0.127, 284.58,  0.097, 264.70,  0.082, 345.96,  0.031,  45.00,  0.143, 283.36,  0.101, 335.46,  0.149, 322.90,  0.120, 315.34,  0.096, 277.20,  0.152, 299.09,-99.000, -99.00,-99.000, -99.00,-99.000, -99.00,-99.000, -99.00,
8/27/2006 04:55:00, 12.6,275.8,  0.6,  3.5, 18.699, 28.75,  0.0,  0.0,  0.083, 322.85,  0.072, 330.95,  0.099, 324.06,  0.109, 286.45,  0.095, 292.25,  0.129, 292.79,  0.033, 238.74,  0.102, 318.97,  0.097, 318.76,  0.119, 319.09,  0.108, 322.50,  0.101, 346.24,  0.211, 322.32,  0.157, 324.59,  0.205, 317.97,  0.278, 320.54,-99.000, -99.00,-99.000, -99.00,-99.000, -99.00,-99.000, -99.00,
8/27/2006 05:00:00, 12.5,275.8,  0.6,  3.5, 18.694, 28.75,  0.0,  0.0,  0.126, 327.95,  0.174, 315.47,  0.118, 303.96,  0.122, 317.98,  0.179, 289.96,  0.167, 312.57,  0.078, 279.58,  0.183, 320.56,  0.214, 318.79,  0.284, 314.86,  0.210, 316.35,  0.243, 313.83,  0.286, 307.47,  0.233, 319.69,  0.174, 318.26,  0.216, 310.86,-99.000, -99.00,-99.000, -99.00,-99.000, -99.00,-99.000, -99.00,
8/27/2006 05:05:00, 12.5,275.7,  0.6,  3.5, 18.685, 28.74,  0.0,  0.0,  0.017, 173.29,  0.081, 279.93,  0.167, 281.38,  0.113, 325.05,  0.100,   5.71,  0.215, 314.62,  0.234, 328.62,  0.237, 324.97,  0.306, 316.72,  0.284, 309.57,  0.261, 324.18,  0.277, 314.27,  0.220, 314.82,  0.204, 320.77,  0.260, 341.63,  0.262, 332.46,-99.000, -99.00,-99.000, -99.00,-99.000, -99.00,-99.000, -99.00,
8/27/2006 05:10:00, 12.5,275.8,  0.6,  3.5, 18.671, 28.74,  0.0,  0.0,  0.134, 298.47,  0.142, 289.71,  0.091, 276.34,  0.159, 277.98,  0.247, 294.69,  0.198, 304.49,  0.162, 321.51,  0.162, 331.70,  0.180, 319.50,  0.257, 314.21,  0.237, 300.47,  0.207, 294.83,  0.347, 299.52,  0.273, 300.60,  0.316, 300.87,  0.325, 308.88,-99.000, -99.00,-99.000, -99.00,-99.000, -99.00,-99.000, -99.00,
8/27/2006 05:15:00, 12.5,275.7,  0.6,  3.5, 18.679, 28.74,  0.0,  0.0,  0.122, 299.51,  0.052, 270.00,  0.173, 331.36,  0.091, 315.00,  0.098, 312.94,  0.088, 327.58,  0.182, 306.30,  0.171, 320.92,  0.186, 350.08,  0.254, 327.88,  0.215, 327.34,  0.279, 308.02,  0.387, 297.36,  0.369, 290.94,  0.316, 289.81,  0.267, 289.45,-99.000, -99.00,-99.000, -99.00,-99.000, -99.00,-99.000, -99.00,
8/27/2006 05:20:00, 12.5,275.7,  0.6,  3.6, 18.675, 28.74,  0.0,  0.0,  0.111,  23.81,  0.051,  91.12,  0.073, 343.30,  0.078,  11.89,  0.092, 337.05,  0.124, 337.77,  0.068, 306.03,  0.171, 323.06,  0.166, 311.83,  0.094, 300.65,  0.113, 326.87,  0.234, 332.78,  0.311, 332.61,  0.345, 328.38,  0.346, 344.24,  0.408, 342.90,-99.000, -99.00,-99.000, -99.00,-99.000, -99.00,-99.000, -99.00,
8/27/2006 05:25:00, 12.5,275.8,  0.6,  3.5, 18.668, 28.75,  0.0,  0.0,  0.113, 332.08,  0.128, 322.95,  0.033, 332.65,  0.145, 325.11,  0.151, 319.03,  0.106, 289.80,  0.144, 326.64,  0.148, 340.71,  0.209, 348.69,  0.159, 331.02,  0.181, 304.22,  0.176, 325.68,  0.208, 328.37,  0.223, 346.52,  0.301, 353.89,  0.285, 352.13,-99.000, -99.00,-99.000, -99.00,-99.000, -99.00,-99.000, -99.00,
8/27/2006 05:30:00, 12.5,275.8,  0.6,  3.5, 18.671, 28.75,  0.0,  0.0,  0.084, 345.47,  0.102, 353.22,  0.076,  42.88,  0.134, 345.76,  0.155, 340.74,  0.139, 340.65,  0.198, 333.56,  0.191, 321.39,  0.196, 344.62,  0.188, 335.88,  0.105, 332.22,  0.105, 317.69,  0.153,  16.31,  0.123, 348.23,  0.128, 336.04,  0.192, 359.70,-99.000, -99.00,-99.000, -99.00,-99.000, -99.00,-99.000, -99.00,
8/27/2006 05:35:00, 12.5,275.8,  0.6,  3.5, 18.668, 28.75,  0.0,  0.0,  0.068, 349.02,  0.085, 333.43,  0.110, 308.01,  0.098, 296.57,  0.088, 335.77,  0.038, 341.57,  0.109, 358.42,  0.065, 354.73,  0.159, 324.21,  0.126, 345.30,  0.199, 314.19,  0.119, 333.43,  0.179, 321.79,  0.070, 340.79,  0.074,  18.92,  0.078, 294.93,-99.000, -99.00,-99.000, -99.00,-99.000, -99.00,-99.000, -99.00,
8/27/2006 05:40:00, 12.5,275.8,  0.6,  3.6, 18.686, 28.75,  0.0,  0.0,  0.111,  49.73,  0.116,   2.47,  0.051,  37.09,  0.118, 293.96,  0.211, 328.20,  0.156, 330.80,  0.191, 311.19,  0.160, 305.87,  0.175, 326.67,  0.186, 320.91,  0.125, 303.56,  0.072, 356.82,  0.102,  30.58,  0.193, 306.99,  0.123, 346.87,  0.198, 325.10,-99.000, -99.00,-99.000, -99.00,-99.000, -99.00,-99.000, -99.00,
8/27/2006 05:45:00, 12.5,275.7,  0.6,  3.5, 18.703, 28.75,  0.0,  0.0,  0.106, 271.08,  0.169, 342.42,  0.041, 281.31,  0.019,  34.51,  0.060,   5.71,  0.180, 324.72,  0.076, 348.69,  0.125, 353.10,  0.098,   0.58,  0.205, 335.19,  0.128, 326.81,  0.155,   0.00,  0.150, 336.50,  0.107, 334.63,  0.064,   1.79,  0.036, 348.69,-99.000, -99.00,-99.000, -99.00,-99.000, -99.00,-99.000, -99.00,
8/27/2006 05:50:00, 12.5,275.8,  0.6,  3.5, 18.701, 28.75,  0.0,  0.0,  0.019,  18.43,  0.087, 262.71,  0.090, 228.15,  0.059, 127.45,  0.029, 231.95,  0.100, 313.39,  0.018, 299.36,  0.174, 316.86,  0.112, 324.05,  0.114, 335.68,  0.063, 310.50,  0.121, 311.99,  0.183, 292.50,  0.024, 345.38,  0.048, 209.74,  0.043, 159.44,-99.000, -99.00,-99.000, -99.00,-99.000, -99.00,-99.000, -99.00,
8/27/2006 05:55:00, 12.5,275.8,  0.6,  3.5, 18.698, 28.76,  0.0,  0.0,  0.082, 315.00,  0.171,  20.87,  0.117,   4.89,  0.073, 307.18,  0.167, 333.74,  0.115, 335.43,  0.210, 335.87,  0.152, 314.73,  0.131, 319.97,  0.142, 323.29,  0.188, 313.28,  0.132, 300.44,  0.126, 301.67,  0.083, 326.31,  0.069, 333.43,  0.100, 261.95,-99.000, -99.00,-99.000, -99.00,-99.000, -99.00,-99.000, -99.00,
8/27/2006 06:00:00, 12.5,275.7,  0.6,  3.5, 18.698, 28.76,  0.0,  0.0,  0.096,  43.32,  0.088, 328.48,  0.118, 352.69,  0.157, 319.91,  0.025, 341.57,  0.169, 317.89,  0.077, 293.59,  0.162, 333.59,  0.153, 340.97,  0.126,   4.99,  0.120, 318.05,  0.102, 325.38,  0.169, 335.56,  0.134, 339.54,  0.124, 357.23,  0.112, 326.31,-99.000, -99.00,-99.000, -99.00,-99.000, -99.00,-99.000, -99.00,
8/27/2006 06:05:00, 12.5,275.8,  0.6,  3.5, 18.702, 28.76,  0.0,  0.0,  0.147,  15.36,  0.168, 357.27,  0.091, 340.18,  0.081, 358.59,  0.063, 334.65,  0.063, 316.93,  0.037, 304.99,  0.090, 293.45,  0.100, 337.77,  0.099, 291.91,  0.069, 318.50,  0.186, 326.65,  0.185, 345.89,  0.128, 334.63,  0.068, 311.42,  0.171, 266.99,-99.000, -99.00,-99.000, -99.00,-99.000, -99.00,-99.000, -99.00,
8/27/2006 06:10:00, 12.5,275.7,  0.6,  3.5, 18.703, 28.76,  0.0,  0.0,  0.083, 315.49,  0.087, 358.68,  0.099,   7.56,  0.077, 293.59,  0.127, 333.43,  0.073, 304.35,  0.171, 298.21,  0.135, 318.61,  0.164, 326.70,  0.135, 306.87,  0.116, 334.98,  0.145, 355.66,  0.123, 357.67,  0.094, 340.02,  0.074, 316.64,  0.139, 255.86,-99.000, -99.00,-99.000, -99.00,-99.000, -99.00,-99.000, -99.00,
8/27/2006 06:15:00, 12.5,275.8,  0.6,  3.6, 18.702, 28.76,  0.0,  0.0,  0.095, 337.75,  0.060, 319.71,  0.074,  14.78,  0.097,   1.18,  0.042,  21.04,  0.085, 320.28,  0.071, 338.50,  0.071, 330.55,  0.127, 324.93,  0.167, 299.02,  0.098, 323.71,  0.077, 326.73,  0.093, 358.15,  0.053, 320.33,  0.074, 318.30,  0.088, 314.54,-99.000, -99.00,-99.000, -99.00,-99.000, -99.00,-99.000, -99.00,
8/27/2006 06:20:00, 12.5,275.9,  0.6,  3.5, 18.710, 28.76,  0.0,  0.0,  0.065,   8.88,  0.098, 334.49,  0.145, 286.81,  0.068, 253.71,  0.088, 340.74,  0.106, 286.39,  0.099, 307.22,  0.099, 323.59,  0.093, 341.76,  0.027, 282.99,  0.088, 281.18,  0.091, 307.38,  0.135, 310.51,  0.109, 352.61,  0.151, 340.60,  0.138, 299.54,-99.000, -99.00,-99.000, -99.00,-99.000, -99.00,-99.000, -99.00,
8/27/2006 06:25:00, 12.5,275.8,  0.6,  3.6, 18.714, 28.76,  0.0,  0.0,  0.033, 271.74,  0.094,  21.91,  0.126, 332.01,  0.119,   0.00,  0.154, 313.42,  0.085, 334.33,  0.128, 324.20,  0.110, 331.10,  0.119, 306.49,  0.103, 327.70,  0.108, 331.31,  0.141,   4.90,  0.110, 340.42,  0.153, 336.46,  0.119,  25.48,  0.104, 234.01,-99.000, -99.00,-99.000, -99.00,-99.000, -99.00,-99.000, -99.00,
8/27/2006 06:30:00, 12.5,275.8,  0.6,  3.6, 18.718, 28.76,  0.0,  0.0,  0.026, 324.46,  0.037, 325.89,  0.075,  52.06,  0.207, 342.53,  0.110, 315.37,  0.137, 330.82,  0.113, 307.07,  0.088, 271.95,  0.112, 355.41,  0.133, 327.63,  0.149, 343.63,  0.104,   9.37,  0.081, 335.32,  0.074, 342.78,  0.080,   3.58,  0.122, 298.87,-99.000, -99.00,-99.000, -99.00,-99.000, -99.00,-99.000, -99.00,
8/27/2006 06:35:00, 12.5,275.8,  0.6,  3.5, 18.727, 28.76,  0.0,  0.0,  0.049, 347.09,  0.109, 353.14,  0.119,  22.69,  0.052, 300.02,  0.101, 300.38,  0.025, 206.57,  0.028,  12.53,  0.058, 305.88,  0.069, 316.17,  0.018, 160.56,  0.092, 290.99,  0.043, 305.54,  0.128, 342.27,  0.100,   6.91,  0.094, 332.89,  0.132, 278.75,-99.000, -99.00,-99.000, -99.00,-99.000, -99.00,-99.000, -99.00,
8/27/2006 06:40:00, 12.5,275.7,  0.6,  3.5, 18.736, 28.77,  0.0,  0.0,  0.061, 263.45,  0.117, 305.59,  0.082,  22.19,  0.102, 356.07,  0.100, 312.58,  0.132, 315.92,  0.100, 299.39,  0.072, 284.42,  0.087, 328.70,  0.104, 296.81,  0.126, 322.77,  0.155, 328.97,  0.118,  20.27,  0.074,   0.77,  0.077, 353.25,  0.079, 262.69,-99.000, -99.00,-99.000, -99.00,-99.000, -99.00,-99.000, -99.00,
8/27/2006 06:45:00, 12.5,275.9,  0.6,  3.5, 18.744, 28.77,  0.0,  0.0,  0.060, 240.85,  0.121, 276.65,  0.087, 327.23,  0.052,  30.96,  0.080, 304.29,  0.069, 291.34,  0.130, 310.65,  0.121, 322.37,  0.107, 285.72,  0.028, 139.40,  0.036, 335.56,  0.054, 327.20,  0.045,   0.00,  0.021, 324.78,  0.047, 318.47,  0.154, 257.59,-99.000, -99.00,-99.000, -99.00,-99.000, -99.00,-99.000, -99.00,
8/27/2006 06:50:00, 12.5,275.7,  0.6,  3.5, 18.739, 28.77,  0.0,  0.0,  0.038, 353.99,  0.076,  24.19,  0.140,  12.75,  0.038, 289.86,  0.078, 343.65,  0.087, 346.76,  0.143, 327.53,  0.098, 302.88,  0.112, 301.84,  0.029, 300.96,  0.081, 333.75,  0.085, 345.64,  0.118, 348.79,  0.083, 313.53,  0.081, 308.99,  0.119, 292.69,-99.000, -99.00,-99.000, -99.00,-99.000, -99.00,-99.000, -99.00,
8/27/2006 06:55:00, 12.5,275.8,  0.6,  3.6, 18.745, 28.77,  0.0,  0.0,  0.052, 228.92,  0.062, 345.07,  0.113, 330.95,  0.005,  78.69,  0.100, 326.47,  0.061, 299.51,  0.097, 338.96,  0.077, 338.75,  0.124,   1.39,  0.163, 334.22,  0.129, 314.69,  0.157, 306.21,  0.092, 320.75,  0.034, 296.57,  0.026, 103.50,  0.105, 216.87,-99.000, -99.00,-99.000, -99.00,-99.000, -99.00,-99.000, -99.00,
8/27/2006 07:00:00, 12.5,275.8,  0.6,  3.5, 18.746, 28.77,  0.0,  0.0,  0.039, 270.00,  0.060, 344.58,  0.119, 339.89,  0.062, 338.37,  0.075, 277.70,  0.127, 326.56,  0.119, 328.05,  0.079,   2.90,  0.060, 312.98,  0.041, 309.09,  0.092, 342.35,  0.106, 341.22,  0.095, 355.79,  0.087, 356.05,  0.080, 346.31,  0.143, 268.40,-99.000, -99.00,-99.000, -99.00,-99.000, -99.00,-99.000, -99.00,
8/27/2006 07:05:00, 12.5,275.8,  0.6,  3.5, 18.759, 28.77,  0.0,  0.0,  0.020, 270.00,  0.115,   9.54,  0.077, 331.45,  0.025, 334.44,  0.116,   9.95,  0.033, 248.84,  0.032, 308.66,  0.097, 292.35,  0.047, 283.45,  0.035, 358.36,  0.044, 159.90,  0.012, 325.01,  0.054, 315.74,  0.038, 308.66,  0.036,   7.91,  0.028, 304.82,-99.000, -99.00,-99.000, -99.00,-99.000, -99.00,-99.000, -99.00,
8/27/2006 07:10:00, 12.5,275.8,  0.6,  3.6, 18.766, 28.77,  0.0,  0.0,  0.040,  46.01,  0.171, 340.19,  0.090,  35.46,  0.076, 335.81,  0.135, 294.09,  0.095, 327.48,  0.093, 324.61,  0.087, 302.77,  0.039, 342.03,  0.031,  19.03,  0.081, 336.61,  0.013, 347.01,  0.123, 307.43,  0.070, 356.73,  0.060, 344.58,  0.082, 341.57,-99.000, -99.00,-99.000, -99.00,-99.000, -99.00,-99.000, -99.00,
8/27/2006 07:15:00, 12.5,275.8,  0.6,  3.5, 18.781, 28.78,  0.0,  0.0,  0.093,  13.74,  0.118, 342.79,  0.083, 350.31,  0.050, 347.35,  0.038, 305.36,  0.100, 283.34,  0.112, 277.70,  0.117, 301.38,  0.051, 322.22,  0.074, 341.08,  0.054, 352.61,  0.099, 324.87,  0.038, 270.00,  0.120, 298.27,  0.087,  12.60,  0.069,  22.11,-99.000, -99.00,-99.000, -99.00,-99.000, -99.00,-99.000, -99.00,
8/27/2006 07:20:00, 12.5,275.7,  0.6,  3.5, 18.772, 28.78,  0.0,  0.0,  0.008,  66.80,  0.162, 346.05,  0.085,   3.37,  0.046, 137.64,  0.042,   0.00,  0.089, 322.74,  0.141, 332.53,  0.103, 313.43,  0.128, 322.59,  0.125, 325.80,  0.072, 290.19,  0.083, 295.64,  0.107, 333.91,  0.046, 338.43,  0.108, 317.62,  0.100, 299.39,-99.000, -99.00,-99.000, -99.00,-99.000, -99.00,-99.000, -99.00,
8/27/2006 07:25:00, 12.5,275.7,  0.6,  3.5, 18.787, 28.78,  0.0,  0.0,  0.025, 315.00,  0.093, 347.01,  0.117, 267.55,  0.044, 297.15,  0.096, 306.99,  0.091, 307.38,  0.098, 323.71,  0.144, 323.21,  0.124, 349.78,  0.129, 327.05,  0.066, 289.54,  0.070, 275.71,  0.024, 355.24,  0.125, 298.61,  0.078, 337.38,  0.107, 242.24,-99.000, -99.00,-99.000, -99.00,-99.000, -99.00,-99.000, -99.00,
8/27/2006 07:30:00, 12.5,275.8,  0.6,  3.5, 18.786, 28.78,  0.0,  0.0,  0.075, 312.84,  0.153, 331.42,  0.108, 321.01,  0.105,   1.64,  0.064,  22.14,  0.039, 318.12,  0.069, 349.99,  0.120, 318.05,  0.105, 262.33,  0.076, 260.17,  0.051, 271.12,  0.105, 305.67,  0.071, 304.14,  0.125, 262.19,  0.062, 253.03,  0.144, 243.61,-99.000, -99.00,-99.000, -99.00,-99.000, -99.00,-99.000, -99.00,
8/27/2006 07:35:00, 12.5,275.8,  0.6,  3.6, 18.790, 28.78,  0.0,  0.0,  0.082, 320.91,  0.168, 341.24,  0.168, 334.96,  0.086, 322.07,  0.096, 317.97,  0.090, 292.86,  0.099, 330.33,  0.055,  12.53,  0.018,  86.82,  0.133, 309.20,  0.113, 351.87,  0.113, 329.82,  0.077, 347.23,  0.108, 334.15,  0.125,  28.21,  0.148,  89.23,-99.000, -99.00,-99.000, -99.00,-99.000, -99.00,-99.000, -99.00,
8/27/2006 07:40:00, 12.5,275.8,  0.6,  3.5, 18.792, 28.78,  0.0,  0.0,  0.126, 338.11,  0.187, 340.02,  0.156, 315.00,  0.068, 301.83,  0.112, 319.34,  0.141, 328.34,  0.162, 329.64,  0.074,  10.86,  0.055, 339.93,  0.096, 317.12,  0.139, 286.74,  0.170, 298.83,  0.124, 302.79,  0.112, 299.55,  0.070, 306.87,  0.106, 276.52,-99.000, -99.00,-99.000, -99.00,-99.000, -99.00,-99.000, -99.00,
8/27/2006 07:45:00, 12.5,275.8,  0.6,  3.5, 18.800, 28.78,  0.0,  0.0,  0.123, 333.85,  0.201, 323.70,  0.152, 355.08,  0.091, 297.41,  0.191, 329.55,  0.119, 315.68,  0.061, 321.63,  0.124, 305.48,  0.118, 317.76,  0.108, 283.39,  0.061, 325.01,  0.099, 315.82,  0.105, 324.65,  0.177, 293.24,  0.093, 344.48,  0.120, 242.80,-99.000, -99.00,-99.000, -99.00,-99.000, -99.00,-99.000, -99.00,
8/27/2006 07:50:00, 12.5,275.8,  0.6,  3.5, 18.798, 28.78,  0.0,  0.0,  0.125, 299.63,  0.141, 328.90,  0.053, 347.01,  0.050, 227.42,  0.016, 309.81,  0.042,   2.73,  0.148, 290.51,  0.044,   6.48,  0.064, 309.92,  0.109, 312.77,  0.073, 295.87,  0.132, 301.04,  0.154, 316.85,  0.075, 328.64,  0.104, 319.28,  0.075, 279.21,-99.000, -99.00,-99.000, -99.00,-99.000, -99.00,-99.000, -99.00,
8/27/2006 07:55:00, 12.5,275.7,  0.6,  3.5, 18.814, 28.78,  0.0,  0.0,  0.085,  82.54,  0.114, 328.69,  0.054, 349.32,  0.125, 306.87,  0.065,   8.88,  0.078, 332.45,  0.111, 356.39,  0.181, 320.84,  0.102, 327.88,  0.104, 338.61,  0.110,   6.28,  0.169, 313.80,  0.136, 302.05,  0.128, 321.34,  0.084, 343.30,  0.199, 292.44,-99.000, -99.00,-99.000, -99.00,-99.000, -99.00,-99.000, -99.00,
8/27/2006 08:00:00, 12.5,275.8,  0.6,  3.5, 18.813, 28.79,  0.0,  0.0,  0.017,  25.02,  0.062,   8.39,  0.097, 351.70,  0.063, 272.73,  0.069, 280.01,  0.094, 271.83,  0.096, 239.96,  0.099, 281.65,  0.105, 247.09,  0.133, 276.05,  0.078, 297.55,  0.101, 289.69,  0.065, 321.89,  0.136, 332.50,  0.111, 351.21,  0.057, 256.93,-99.000, -99.00,-99.000, -99.00,-99.000, -99.00,-99.000, -99.00,
8/27/2006 08:05:00, 12.5,275.7,  0.6,  3.5, 18.832, 28.79,  0.0,  0.0,  0.196, 352.08,  0.054, 358.94,  0.091,  16.03,  0.090,   3.18,  0.049, 350.54,  0.073,   4.70,  0.125, 312.40,  0.010,  95.71,  0.058, 282.85,  0.022, 267.40,  0.055, 301.68,  0.054, 284.04,  0.140, 310.96,  0.054, 278.58,  0.106, 322.27,  0.089, 267.43,-99.000, -99.00,-99.000, -99.00,-99.000, -99.00,-99.000, -99.00,
8/27/2006 08:10:00, 12.5,275.7,  0.6,  3.5, 18.829, 28.79,  0.0,  0.0,  0.115,   0.00,  0.109, 353.14,  0.050, 329.83,  0.056, 270.00,  0.107, 250.89,  0.110, 307.60,  0.137, 290.95,  0.094, 344.64,  0.159, 317.29,  0.088, 332.27,  0.054, 310.49,  0.109, 309.07,  0.039, 338.75,  0.025, 135.00,  0.082, 270.00,  0.072, 261.19,-99.000, -99.00,-99.000, -99.00,-99.000, -99.00,-99.000, -99.00,
8/27/2006 08:15:00, 12.5,275.7,  0.6,  3.6, 18.842, 28.79,  0.0,  0.0,  0.143,  21.73,  0.083, 341.78,  0.171, 333.29,  0.065, 289.00,  0.024, 297.65,  0.096, 347.41,  0.097,   1.18,  0.112, 328.16,  0.131, 309.41,  0.096, 325.15,  0.066,  25.02,  0.046,  38.85,  0.105, 299.00,  0.148, 281.69,  0.056, 307.07,  0.150, 264.63,-99.000, -99.00,-99.000, -99.00,-99.000, -99.00,-99.000, -99.00,
8/27/2006 08:20:00, 12.5,275.8,  0.6,  3.5, 18.843, 28.79,  0.0,  0.0,  0.120, 340.06,  0.107, 299.21,  0.064,  90.00,  0.027,  15.07,  0.138, 303.46,  0.044, 350.75,  0.075, 300.31,  0.013, 292.62,  0.033, 273.47,  0.065, 347.47,  0.109, 279.46,  0.089, 247.48,  0.106, 291.50,  0.061, 309.69,  0.023,   7.43,  0.127, 281.31,-99.000, -99.00,-99.000, -99.00,-99.000, -99.00,-99.000, -99.00,
8/27/2006 08:25:00, 12.5,275.7,  0.6,  3.5, 18.858, 28.79,  0.0,  0.0,  0.076, 301.61,  0.199, 334.98,  0.113, 334.80,  0.095,  19.78,  0.060, 354.29,  0.047, 268.78,  0.036, 282.88,  0.101, 247.99,  0.106, 283.64,  0.068, 292.43,  0.031, 345.07,  0.072,  50.60,  0.145, 306.00,  0.130, 338.77,  0.118, 343.25,  0.063, 195.57,-99.000, -99.00,-99.000, -99.00,-99.000, -99.00,-99.000, -99.00,
8/27/2006 08:30:00, 12.5,275.6,  0.6,  3.6, 18.863, 28.79,  0.0,  0.0,  0.160,  43.99,  0.092, 329.25,  0.081,  33.89,  0.102, 344.05,  0.075, 310.10,  0.145, 330.26,  0.080, 305.87,  0.073, 311.11,  0.109, 348.38,  0.024, 303.02,  0.097, 294.44,  0.069, 315.00,  0.049, 329.24,  0.129, 303.32,  0.100, 312.16,  0.126, 238.96,-99.000, -99.00,-99.000, -99.00,-99.000, -99.00,-99.000, -99.00,
8/27/2006 08:35:00, 12.5,275.7,  0.6,  3.5, 18.863, 28.79,  0.0,  0.0,  0.075,  17.95,  0.148, 319.40,  0.056,  29.74,  0.077, 333.77,  0.111, 357.94,  0.079, 359.27,  0.028, 341.57,  0.091, 343.97,  0.054, 267.88,  0.048, 332.90,  0.042, 332.82,  0.146, 333.96,  0.140, 334.71,  0.121, 343.66,  0.153, 333.27,  0.152, 281.38,-99.000, -99.00,-99.000, -99.00,-99.000, -99.00,-99.000, -99.00,
8/27/2006 08:40:00, 12.5,275.7,  0.6,  3.5, 18.865, 28.79,  0.0,  0.0,  0.092, 330.10,  0.089, 330.26,  0.148, 302.83,  0.063,   6.34,  0.065, 343.81,  0.065, 343.81,  0.095,   6.07,  0.160, 309.67,  0.143, 343.34,  0.097, 345.68,  0.099, 332.92,  0.158, 306.51,  0.077, 296.23,  0.061, 300.80,  0.159, 266.04,  0.111, 227.55,-99.000, -99.00,-99.000, -99.00,-99.000, -99.00,-99.000, -99.00,
8/27/2006 08:45:00, 12.5,275.7,  0.6,  3.6, 18.870, 28.80,  0.0,  0.0,  0.029, 255.96,  0.148, 322.98,  0.053, 292.20,  0.099,   5.83,  0.087,  28.03,  0.071, 334.89,  0.110, 316.85,  0.045,   0.00,  0.153, 315.79,  0.108, 305.60,  0.077, 282.04,  0.097, 313.75,  0.123, 302.40,  0.136, 320.09,  0.113, 328.43,  0.012,  14.04,-99.000, -99.00,-99.000, -99.00,-99.000, -99.00,-99.000, -99.00,
8/27/2006 08:50:00, 12.5,275.7,  0.6,  3.5, 18.878, 28.80,  0.0,  0.0,  0.063, 104.70,  0.132, 324.87,  0.041, 330.95,  0.145, 338.57,  0.098, 299.17,  0.059, 272.91,  0.042, 347.62,  0.109, 356.33,  0.131, 300.66,  0.097, 292.35,  0.077, 312.37,  0.121, 326.44,  0.163, 285.32,  0.199, 281.59,  0.113, 288.11,  0.134, 243.43,-99.000, -99.00,-99.000, -99.00,-99.000, -99.00,-99.000, -99.00,
8/27/2006 08:55:00, 12.5,275.7,  0.6,  3.5, 18.881, 28.80,  0.0,  0.0,  0.057, 121.48,  0.105, 345.70,  0.119, 309.19,  0.120, 320.74,  0.132, 322.70,  0.188, 335.20,  0.165, 325.63,  0.148, 329.63,  0.157, 330.66,  0.138, 307.04,  0.105, 296.08,  0.137, 308.20,  0.101, 272.83,  0.117, 291.07,  0.188, 286.99,  0.128, 261.49,-99.000, -99.00,-99.000, -99.00,-99.000, -99.00,-99.000, -99.00,
8/27/2006 09:00:00, 12.5,275.6,  0.6,  3.5, 18.889, 28.80,  0.0,  0.0,  0.110,  48.32,  0.074,   4.64,  0.060,   5.71,  0.028, 278.13,  0.049, 338.63,  0.088, 307.13,  0.101, 276.84,  0.134, 333.43,  0.133, 288.84,  0.074, 312.80,  0.077, 331.45,  0.141, 294.75,  0.129, 327.05,  0.164, 332.34,  0.163, 349.38,  0.084,   0.68,-99.000, -99.00,-99.000, -99.00,-99.000, -99.00,-99.000, -99.00,
8/27/2006 09:05:00, 12.5,275.7,  0.6,  3.5, 18.897, 28.80,  0.0,  0.0,  0.067, 348.86,  0.219,  19.18,  0.124, 306.13,  0.144, 298.71,  0.115, 319.94,  0.022,   0.00,  0.034,   0.00,  0.061, 278.53,  0.084, 259.76,  0.081, 290.89,  0.132, 288.57,  0.121, 322.75,  0.103, 304.77,  0.150, 287.47,  0.190, 289.67,  0.070, 227.89,-99.000, -99.00,-99.000, -99.00,-99.000, -99.00,-99.000, -99.00,
8/27/2006 09:10:00, 12.5,275.7,  0.6,  3.5, 18.908, 28.80,  0.0,  0.0,  0.036, 114.44,  0.089, 341.77,  0.104, 336.87,  0.069, 341.30,  0.125, 302.93,  0.088, 357.40,  0.161, 304.09,  0.096, 348.57,  0.058, 321.95,  0.079, 278.03,  0.115, 281.02,  0.119, 293.33,  0.101,  12.53,  0.123,  25.94,  0.156,  22.28,  0.140, 356.32,-99.000, -99.00,-99.000, -99.00,-99.000, -99.00,-99.000, -99.00,
8/27/2006 09:15:00, 12.5,275.7,  0.6,  3.5, 18.912, 28.81,  0.0,  0.0,  0.072, 304.80,  0.125, 294.52,  0.118,  37.45,  0.078, 357.06,  0.124, 299.46,  0.151, 354.67,  0.163,   6.69,  0.076, 294.19,  0.040, 309.99,  0.092, 346.87,  0.061, 352.41,  0.143, 299.25,  0.108, 272.65,  0.136, 288.03,  0.034, 280.30,  0.180, 262.01,-99.000, -99.00,-99.000, -99.00,-99.000, -99.00,-99.000, -99.00,
8/27/2006 09:20:00, 12.5,275.7,  0.6,  3.5, 18.921, 28.80,  0.0,  0.0,  0.077,   8.24,  0.126, 340.99,  0.151, 355.46,  0.111, 297.95,  0.107, 334.63,  0.120, 295.07,  0.063, 339.55,  0.014, 233.97,  0.005,   0.00,  0.093, 236.82,  0.143, 261.53,  0.166, 300.73,  0.158, 291.87,  0.141, 258.13,  0.118, 254.79,  0.075, 229.32,-99.000, -99.00,-99.000, -99.00,-99.000, -99.00,-99.000, -99.00,
8/27/2006 09:25:00, 12.5,275.7,  0.6,  3.5, 18.921, 28.80,  0.0,  0.0,  0.136,   5.08,  0.036,   0.00,  0.130, 332.45,  0.097, 320.88,  0.158, 340.76,  0.082, 347.32,  0.130, 306.87,  0.018, 247.62,  0.084, 340.48,  0.083, 353.05,  0.162, 328.85,  0.143, 322.41,  0.132, 328.96,  0.073, 336.60,  0.054,  84.71,  0.072, 219.91,-99.000, -99.00,-99.000, -99.00,-99.000, -99.00,-99.000, -99.00,
8/27/2006 09:30:00, 12.5,275.6,  0.6,  3.5, 18.928, 28.80,  0.0,  0.0,  0.103, 315.00,  0.163, 307.50,  0.240, 333.01,  0.150,   7.65,  0.087, 310.82,  0.054, 299.88,  0.120, 322.08,  0.099, 327.75,  0.114, 297.24,  0.179, 268.40,  0.092, 264.41,  0.082, 250.68,  0.103, 182.78,  0.102, 146.62,  0.101, 267.17,  0.167, 259.97,-99.000, -99.00,-99.000, -99.00,-99.000, -99.00,-99.000, -99.00,
8/27/2006 09:35:00, 12.5,275.8,  0.6,  3.6, 18.922, 28.80,  0.0,  0.0,  0.138, 322.38,  0.082, 279.12,  0.090, 308.26,  0.078, 335.07,  0.104, 309.95,  0.069, 350.81,  0.112, 327.45,  0.133, 327.26,  0.102, 343.52,  0.085, 320.28,  0.167, 315.49,  0.149, 298.98,  0.101, 295.80,  0.051, 288.43,  0.043,  92.66,  0.017, 197.35,-99.000, -99.00,-99.000, -99.00,-99.000, -99.00,-99.000, -99.00,
8/27/2006 09:40:00, 12.5,275.7,  0.6,  3.6, 18.937, 28.80,  0.0,  0.0,  0.158, 291.87,  0.134, 306.18,  0.168, 294.27,  0.105, 247.59,  0.086, 255.80,  0.128, 324.83,  0.101, 310.17,  0.127, 295.76,  0.066, 290.35,  0.049, 278.30,  0.021, 334.65,  0.087, 309.89,  0.128, 313.42,  0.044, 322.35,  0.113, 321.81,  0.077, 296.23,-99.000, -99.00,-99.000, -99.00,-99.000, -99.00,-99.000, -99.00,
8/27/2006 09:45:00, 12.5,275.8,  0.6,  3.6, 18.933, 28.80,  0.0,  0.0,  0.123, 307.43,  0.080, 302.69,  0.118, 346.79,  0.116, 311.51,  0.155, 294.75,  0.181, 320.15,  0.106, 299.95,  0.190, 275.74,  0.126, 299.01,  0.091, 284.04,  0.085, 281.58,  0.156, 286.35,  0.096, 261.62,  0.137, 258.61,  0.097, 281.89,  0.132, 235.47,-99.000, -99.00,-99.000, -99.00,-99.000, -99.00,-99.000, -99.00,
8/27/2006 09:50:00, 12.5,275.7,  0.6,  3.5, 18.937, 28.80,  0.0,  0.0,  0.078,   4.40,  0.113, 296.34,  0.076, 319.81,  0.033, 232.43,  0.046, 314.12,  0.118, 345.73,  0.102, 321.34,  0.123, 294.90,  0.251, 305.09,  0.180, 302.98,  0.095, 282.14,  0.120, 285.42,  0.126, 259.94,  0.126, 258.06,  0.060, 252.47,  0.145, 233.68,-99.000, -99.00,-99.000, -99.00,-99.000, -99.00,-99.000, -99.00,
8/27/2006 09:55:00, 12.5,275.7,  0.6,  3.5, 18.939, 28.80,  0.0,  0.0,  0.132, 319.92,  0.201, 281.20,  0.115, 288.28,  0.065, 313.75,  0.134, 340.89,  0.142, 302.91,  0.129, 284.79,  0.119, 329.78,  0.143, 327.31,  0.142, 307.84,  0.100, 319.46,  0.151, 323.36,  0.093, 324.61,  0.060, 264.29,  0.163, 291.21,  0.076, 258.69,-99.000, -99.00,-99.000, -99.00,-99.000, -99.00,-99.000, -99.00,
8/27/2006 10:00:00, 12.5,275.7,  0.6,  3.5, 18.955, 28.79,  0.0,  0.0,  0.179, 311.61,  0.158, 328.42,  0.199, 293.73,  0.187, 302.75,  0.121, 292.95,  0.101, 313.80,  0.128, 260.98,  0.147, 291.15,  0.215, 294.78,  0.162, 297.99,  0.120, 282.06,  0.156, 317.33,  0.126, 297.38,  0.106, 301.89,  0.122, 291.71,  0.176, 273.90,-99.000, -99.00,-99.000, -99.00,-99.000, -99.00,-99.000, -99.00,
8/27/2006 10:05:00, 12.5,275.6,  0.6,  3.6, 18.953, 28.80,  0.0,  0.0,  0.010,   5.71,  0.185, 325.79,  0.128, 324.57,  0.038, 349.29,  0.092, 300.75,  0.150, 283.85,  0.129, 305.54,  0.110, 276.80,  0.099, 300.17,  0.109, 267.90,  0.179, 272.88,  0.148, 279.72,  0.149, 302.41,  0.097, 276.54,  0.119, 298.07,  0.085, 263.96,-99.000, -99.00,-99.000, -99.00,-99.000, -99.00,-99.000, -99.00,
8/27/2006 10:10:00, 12.5,275.7,  0.6,  3.5, 18.969, 28.80,  0.0,  0.0,  0.132, 321.48,  0.147, 324.69,  0.109, 302.67,  0.267, 309.23,  0.170, 320.24,  0.153, 298.40,  0.112, 330.00,  0.172, 301.65,  0.183, 316.99,  0.141, 292.03,  0.147, 283.75,  0.198, 276.37,  0.114, 321.42,  0.168, 313.79,  0.086, 311.69,  0.117, 197.97,-99.000, -99.00,-99.000, -99.00,-99.000, -99.00,-99.000, -99.00,
8/27/2006 10:15:00, 12.5,275.8,  0.6,  3.6, 18.969, 28.80,  0.0,  0.0,  0.036, 271.59,  0.166, 315.73,  0.111, 290.07,  0.157, 330.16,  0.084, 305.78,  0.094, 309.81,  0.113, 303.83,  0.027, 235.71,  0.113, 284.90,  0.114, 277.06,  0.194, 283.75,  0.108, 286.75,  0.153, 288.67,  0.188, 274.59,  0.218, 313.14,  0.159, 288.66,-99.000, -99.00,-99.000, -99.00,-99.000, -99.00,-99.000, -99.00,
8/27/2006 10:20:00, 12.5,275.8,  0.7,  3.5, 18.972, 28.81,  0.0,  0.0,  0.194, 303.85,  0.283, 299.92,  0.185, 282.46,  0.091, 308.76,  0.154, 302.56,  0.144, 296.92,  0.159, 288.66,  0.150, 282.28,  0.152, 286.77,  0.205, 295.69,  0.161, 272.84,  0.168, 269.32,  0.131, 273.49,  0.198, 285.79,  0.155, 301.85,  0.105, 238.28,-99.000, -99.00,-99.000, -99.00,-99.000, -99.00,-99.000, -99.00,
8/27/2006 10:25:00, 12.5,275.8,  0.6,  3.5, 18.965, 28.81,  0.0,  0.0,  0.260, 303.38,  0.227, 302.57,  0.148, 297.26,  0.105, 311.13,  0.113, 335.93,  0.215, 299.78,  0.116, 308.35,  0.129, 300.13,  0.132, 305.74,  0.174, 299.21,  0.074, 317.73,  0.174, 296.27,  0.143, 294.41,  0.128, 291.97,  0.202, 289.33,  0.158, 261.61,-99.000, -99.00,-99.000, -99.00,-99.000, -99.00,-99.000, -99.00,
8/27/2006 10:30:00, 12.5,275.7,  0.6,  3.5, 18.969, 28.81,  0.0,  0.0,  0.219, 317.78,  0.188, 303.94,  0.184, 302.57,  0.177, 288.74,  0.211, 279.02,  0.149, 289.16,  0.144, 324.88,  0.171, 303.32,  0.164, 285.90,  0.148, 289.78,  0.200, 284.80,  0.198, 291.64,  0.155, 293.10,  0.211, 293.16,  0.167, 306.73,  0.104, 261.17,-99.000, -99.00,-99.000, -99.00,-99.000, -99.00,-99.000, -99.00,
8/27/2006 10:35:00, 12.5,275.8,  0.6,  3.5, 18.964, 28.81,  0.0,  0.0,  0.179, 295.13,  0.214, 278.89,  0.152, 281.38,  0.121, 298.04,  0.151, 273.79,  0.156, 282.61,  0.246, 293.44,  0.134, 272.14,  0.160, 266.78,  0.041, 284.04,  0.124, 280.22,  0.200, 286.26,  0.234, 288.43,  0.192, 276.57,  0.192, 291.75,  0.151, 240.72,-99.000, -99.00,-99.000, -99.00,-99.000, -99.00,-99.000, -99.00,
8/27/2006 10:40:00, 12.5,275.7,  0.6,  3.6, 18.977, 28.81,  0.0,  0.0,  0.165, 339.36,  0.120, 310.60,  0.192, 284.76,  0.104, 219.52,  0.134, 259.70,  0.206, 309.09,  0.083, 311.58,  0.133, 285.29,  0.131, 276.15,  0.240, 280.80,  0.193, 283.46,  0.166, 290.39,  0.154, 281.97,  0.115, 274.47,  0.117, 299.62,  0.098, 232.90,-99.000, -99.00,-99.000, -99.00,-99.000, -99.00,-99.000, -99.00,
8/27/2006 10:45:00, 12.5,275.7,  0.6,  3.6, 18.973, 28.81,  0.0,  0.0,  0.175, 314.08,  0.223, 281.92,  0.175, 284.59,  0.085, 276.04,  0.096, 267.61,  0.077, 293.59,  0.224, 275.63,  0.146, 269.22,  0.123, 276.55,  0.235, 290.90,  0.194, 287.97,  0.224, 266.93,  0.205, 277.30,  0.167, 282.12,  0.140, 282.35,  0.144, 261.59,-99.000, -99.00,-99.000, -99.00,-99.000, -99.00,-99.000, -99.00,
8/27/2006 10:50:00, 12.5,275.9,  0.6,  3.5, 18.981, 28.81,  0.0,  0.0,  0.281, 308.50,  0.085, 280.91,  0.148, 273.09,  0.206, 280.06,  0.112, 267.44,  0.171, 295.67,  0.131, 290.50,  0.166, 279.35,  0.160, 301.70,  0.201, 294.02,  0.165, 293.93,  0.211, 293.16,  0.099, 305.13,  0.179, 281.94,  0.179, 301.73,  0.085, 215.93,-99.000, -99.00,-99.000, -99.00,-99.000, -99.00,-99.000, -99.00,
8/27/2006 10:55:00, 12.5,275.7,  0.6,  3.6, 18.980, 28.80,  0.0,  0.0,  0.117, 311.88,  0.175, 290.71,  0.217, 298.34,  0.217, 284.93,  0.249, 273.69,  0.257, 264.87,  0.199, 256.66,  0.179, 271.92,  0.207, 296.44,  0.118, 289.36,  0.179, 282.95,  0.194, 286.47,  0.164, 288.10,  0.181, 285.34,  0.132, 291.32,  0.067, 237.26,-99.000, -99.00,-99.000, -99.00,-99.000, -99.00,-99.000, -99.00,
8/27/2006 11:00:00, 12.5,275.8,  0.6,  3.5, 18.986, 28.80,  0.0,  0.0,  0.221, 317.20,  0.060, 268.09,  0.166, 281.11,  0.211, 299.85,  0.225, 284.41,  0.230, 292.45,  0.196, 302.31,  0.196, 291.58,  0.084, 323.27,  0.164, 300.00,  0.158, 294.29,  0.214, 301.84,  0.121, 284.38,  0.193, 278.93,  0.195, 287.32,  0.141, 246.53,-99.000, -99.00,-99.000, -99.00,-99.000, -99.00,-99.000, -99.00,
8/27/2006 11:05:00, 12.5,275.8,  0.6,  3.6, 18.978, 28.79,  0.0,  0.0,  0.208, 289.91,  0.240, 289.49,  0.088, 276.56,  0.108, 307.08,  0.162, 300.36,  0.229, 299.59,  0.160, 331.19,  0.099, 272.31,  0.116, 271.48,  0.174, 283.96,  0.193, 276.54,  0.185, 275.90,  0.139, 288.82,  0.186, 290.09,  0.107, 327.65,  0.071, 222.71,-99.000, -99.00,-99.000, -99.00,-99.000, -99.00,-99.000, -99.00,
8/27/2006 11:10:00, 12.5,275.8,  0.6,  3.5, 18.990, 28.79,  0.0,  0.0,  0.203, 299.47,  0.219, 315.37,  0.286, 299.07,  0.171, 295.97,  0.200, 272.58,  0.186, 258.81,  0.188, 286.03,  0.055, 295.64,  0.209, 278.52,  0.161, 270.36,  0.245, 287.55,  0.252, 294.63,  0.156, 293.44,  0.104, 287.39,  0.191, 310.96,  0.120, 249.00,-99.000, -99.00,-99.000, -99.00,-99.000, -99.00,-99.000, -99.00,
8/27/2006 11:15:00, 12.5,275.8,  0.6,  3.5, 18.984, 28.79,  0.0,  0.0,  0.226, 275.08,  0.134, 292.75,  0.185, 280.58,  0.201, 264.01,  0.171, 294.17,  0.117, 259.65,  0.129, 273.99,  0.114, 272.01,  0.175, 281.18,  0.204, 281.31,  0.188, 272.13,  0.195, 297.09,  0.096, 315.84,  0.091,  34.22,  0.137, 338.12,  0.021, 264.56,-99.000, -99.00,-99.000, -99.00,-99.000, -99.00,-99.000, -99.00,
8/27/2006 11:20:00, 12.5,275.7,  0.6,  3.5, 18.989, 28.79,  0.0,  0.0,  0.120, 327.24,  0.117, 313.96,  0.211, 298.02,  0.235, 293.62,  0.175, 283.24,  0.197, 282.62,  0.149, 310.64,  0.120, 279.15,  0.098, 297.87,  0.200, 281.81,  0.198, 278.42,  0.234, 284.63,  0.194, 263.50,  0.197, 297.22,  0.232, 299.99,  0.099, 246.27,-99.000, -99.00,-99.000, -99.00,-99.000, -99.00,-99.000, -99.00,
8/27/2006 11:25:00, 12.5,275.8,  0.6,  3.5, 18.983, 28.79,  0.0,  0.0,  0.171, 300.91,  0.181, 283.42,  0.159, 293.34,  0.148, 285.26,  0.105, 317.32,  0.147, 295.87,  0.171, 290.24,  0.173, 271.32,  0.093, 279.87,  0.151, 293.35,  0.149, 279.27,  0.123, 289.47,  0.184, 312.36,  0.216, 317.07,  0.114, 325.75,  0.137, 234.80,-99.000, -99.00,-99.000, -99.00,-99.000, -99.00,-99.000, -99.00,
8/27/2006 11:30:00, 12.5,275.8,  0.6,  3.6, 18.993, 28.78,  0.0,  0.0,  0.205, 293.93,  0.228, 287.64,  0.202, 313.99,  0.236, 299.71,  0.141, 277.33,  0.132, 296.95,  0.076, 294.19,  0.106, 286.39,  0.221, 273.90,  0.134, 324.41,  0.138, 263.75,  0.174, 292.59,  0.155, 305.02,  0.113, 290.20,  0.036, 327.65,  0.068, 299.22,-99.000, -99.00,-99.000, -99.00,-99.000, -99.00,-99.000, -99.00,
8/27/2006 11:35:00, 12.5,275.8,  0.6,  3.5, 18.983, 28.79,  0.0,  0.0,  0.165, 299.36,  0.198, 294.49,  0.206, 289.58,  0.116, 295.02,  0.194, 291.80,  0.195, 285.18,  0.207, 289.75,  0.192, 297.23,  0.204, 299.08,  0.200, 285.98,  0.187, 280.17,  0.198, 290.08,  0.139, 301.18,  0.100, 317.84,  0.187, 299.44,  0.111, 259.60,-99.000, -99.00,-99.000, -99.00,-99.000, -99.00,-99.000, -99.00,
8/27/2006 11:40:00, 12.5,275.8,  0.6,  3.6, 18.975, 28.79,  0.0,  0.0,  0.204, 322.96,  0.142, 302.35,  0.149, 323.75,  0.226, 294.86,  0.143, 291.73,  0.128, 284.90,  0.202, 290.22,  0.225, 299.52,  0.208, 294.97,  0.182, 277.91,  0.216, 280.95,  0.182, 290.22,  0.204, 297.07,  0.146, 287.57,  0.174, 291.25,  0.131, 252.26,-99.000, -99.00,-99.000, -99.00,-99.000, -99.00,-99.000, -99.00,
8/27/2006 11:45:00, 12.5,275.9,  0.6,  3.6, 18.979, 28.80,  0.0,  0.0,  0.052, 304.00,  0.154, 297.06,  0.168, 292.44,  0.149, 287.22,  0.088, 315.00,  0.122, 301.21,  0.118, 268.54,  0.232, 294.46,  0.201, 290.96,  0.163, 248.79,  0.210, 267.82,  0.151, 277.22,  0.218, 270.53,  0.181, 291.33,  0.119, 296.35,  0.142, 265.57,-99.000, -99.00,-99.000, -99.00,-99.000, -99.00,-99.000, -99.00,
8/27/2006 11:50:00, 12.5,275.8,  0.6,  3.5, 18.976, 28.80,  0.0,  0.0,  0.166, 265.87,  0.175, 306.87,  0.243, 299.83,  0.154, 271.86,  0.162, 307.22,  0.166, 290.39,  0.242, 278.80,  0.157, 282.17,  0.271, 298.64,  0.249, 293.89,  0.190, 286.81,  0.162, 294.03,  0.231, 305.68,  0.197, 302.56,  0.128, 337.04,  0.122, 266.72,-99.000, -99.00,-99.000, -99.00,-99.000, -99.00,-99.000, -99.00,
8/27/2006 11:55:00, 12.5,275.8,  0.6,  3.5, 18.977, 28.81,  0.0,  0.0,  0.153, 292.71,  0.171, 290.56,  0.137, 287.38,  0.208, 287.30,  0.181, 305.79,  0.092, 332.88,  0.129, 284.36,  0.235, 280.06,  0.116, 269.01,  0.155, 294.75,  0.135, 300.17,  0.158, 291.87,  0.088, 274.55,  0.117, 308.43,  0.091, 328.93,  0.169, 231.23,-99.000, -99.00,-99.000, -99.00,-99.000, -99.00,-99.000, -99.00,
8/27/2006 12:00:00, 12.5,275.8,  0.6,  3.5, 18.980, 28.80,  0.0,  0.0,  0.190, 309.46,  0.157, 310.60,  0.107, 293.20,  0.091, 280.08,  0.144, 297.28,  0.077, 285.12,  0.173, 294.20,  0.182, 263.69,  0.200, 272.29,  0.233, 271.23,  0.189, 275.47,  0.076, 303.69,  0.214, 274.83,  0.295, 285.54,  0.205, 317.97,  0.091, 228.99,-99.000, -99.00,-99.000, -99.00,-99.000, -99.00,-99.000, -99.00,
8/27/2006 12:05:00, 12.5,275.9,  0.6,  3.5, 18.980, 28.79,  0.0,  0.0,  0.180, 323.58,  0.198, 292.55,  0.096, 254.95,  0.144, 280.84,  0.120, 311.95,  0.081, 318.01,  0.180, 295.71,  0.095, 290.91,  0.204, 279.05,  0.196, 260.59,  0.201, 291.32,  0.253, 281.18,  0.166, 295.02,  0.145, 309.96,  0.137, 299.74,  0.091, 287.84,-99.000, -99.00,-99.000, -99.00,-99.000, -99.00,-99.000, -99.00,
8/27/2006 12:10:00, 12.5,275.8,  0.6,  3.5, 18.980, 28.79,  0.0,  0.0,  0.205, 314.21,  0.222, 286.72,  0.196, 297.35,  0.242, 298.69,  0.200, 287.80,  0.112, 253.35,  0.190, 254.43,  0.233, 259.61,  0.251, 279.39,  0.183, 286.16,  0.208, 271.93,  0.168, 290.16,  0.219, 283.21,  0.189, 289.49,  0.137, 295.45,  0.098, 235.01,-99.000, -99.00,-99.000, -99.00,-99.000, -99.00,-99.000, -99.00,
8/27/2006 12:15:00, 12.5,275.9,  0.6,  3.5, 18.971, 28.79,  0.0,  0.0,  0.145, 287.31,  0.189, 284.40,  0.111, 330.90,  0.242, 286.34,  0.171, 280.78,  0.215, 295.37,  0.237, 271.69,  0.191, 274.51,  0.240, 270.72,  0.223, 259.95,  0.182, 280.45,  0.237, 281.45,  0.159, 319.09,  0.225, 292.46,  0.111, 303.26,  0.082, 244.06,-99.000, -99.00,-99.000, -99.00,-99.000, -99.00,-99.000, -99.00,
8/27/2006 12:20:00, 12.5,275.8,  0.6,  3.6, 18.965, 28.79,  0.0,  0.0,  0.164, 311.55,  0.191, 315.00,  0.143, 296.21,  0.130, 250.17,  0.199, 291.16,  0.169, 275.78,  0.258, 268.89,  0.204, 271.97,  0.177, 270.97,  0.158, 269.27,  0.186, 284.04,  0.139, 299.69,  0.108, 278.50,  0.204, 300.34,  0.214, 295.13,  0.190, 244.38,-99.000, -99.00,-99.000, -99.00,-99.000, -99.00,-99.000, -99.00,
8/27/2006 12:25:00, 12.5,275.8,  0.6,  3.5, 18.959, 28.79,  0.0,  0.0,  0.184, 296.43,  0.207, 312.07,  0.235, 279.54,  0.243, 277.56,  0.201, 275.14,  0.284, 272.82,  0.129, 257.91,  0.226, 283.85,  0.155, 262.60,  0.182, 283.04,  0.156, 300.52,  0.172, 310.53,  0.213, 284.10,  0.128, 295.96,  0.145, 300.28,  0.110, 239.93,-99.000, -99.00,-99.000, -99.00,-99.000, -99.00,-99.000, -99.00,
8/27/2006 12:30:00, 12.5,275.8,  0.6,  3.5, 18.952, 28.79,  0.0,  0.0,  0.146, 339.95,  0.248, 300.29,  0.149, 284.41,  0.149, 273.07,  0.232, 272.71,  0.144, 291.95,  0.253, 289.15,  0.257, 287.87,  0.196, 277.34,  0.149, 259.14,  0.139, 263.80,  0.151, 276.09,  0.191, 282.37,  0.147, 281.77,  0.162, 289.44,  0.097, 211.57,-99.000, -99.00,-99.000, -99.00,-99.000, -99.00,-99.000, -99.00,
8/27/2006 12:35:00, 12.5,275.9,  0.6,  3.5, 18.950, 28.79,  0.0,  0.0,  0.092, 302.14,  0.154, 274.09,  0.157, 285.54,  0.180, 248.44,  0.218, 257.81,  0.124, 290.34,  0.145, 272.37,  0.216, 279.85,  0.174, 274.27,  0.083, 288.22,  0.156, 269.63,  0.158, 272.90,  0.159, 274.32,  0.156, 282.25,  0.209, 287.57,  0.129, 293.20,-99.000, -99.00,-99.000, -99.00,-99.000, -99.00,-99.000, -99.00,
8/27/2006 12:40:00, 12.5,275.9,  0.6,  3.5, 18.940, 28.80,  0.0,  0.0,  0.156, 315.78,  0.099, 329.53,  0.296, 292.41,  0.215, 265.72,  0.207, 269.17,  0.235, 273.17,  0.211, 287.06,  0.190, 261.53,  0.181, 275.08,  0.177, 296.85,  0.116, 300.54,  0.114, 306.47,  0.235, 288.13,  0.176, 280.16,  0.142, 292.40,  0.129, 262.00,-99.000, -99.00,-99.000, -99.00,-99.000, -99.00,-99.000, -99.00,
8/27/2006 12:45:00, 12.5,275.9,  0.6,  3.5, 18.947, 28.82,  0.0,  0.0,  0.153, 295.06,  0.165, 306.87,  0.062, 269.08,  0.118, 267.57,  0.191, 276.90,  0.265, 278.04,  0.206, 264.70,  0.235, 279.78,  0.249, 280.41,  0.177, 281.76,  0.180, 274.79,  0.237, 287.67,  0.215, 274.28,  0.201, 276.84,  0.303, 282.20,  0.196, 290.01,-99.000, -99.00,-99.000, -99.00,-99.000, -99.00,-99.000, -99.00,
8/27/2006 12:50:00, 12.5,275.8,  0.6,  3.5, 18.946, 28.83,  0.0,  0.0,  0.157, 299.84,  0.183, 335.82,  0.042, 350.31,  0.092, 326.14,  0.142, 337.60,  0.171, 299.41,  0.116, 275.96,  0.233, 277.64,  0.141, 249.25,  0.191, 267.30,  0.208, 266.70,  0.193, 278.93,  0.166, 283.62,  0.233, 274.19,  0.098, 265.33,  0.069, 251.30,-99.000, -99.00,-99.000, -99.00,-99.000, -99.00,-99.000, -99.00,
8/27/2006 12:55:00, 12.5,275.9,  0.6,  3.6, 18.945, 28.84,  0.0,  0.0,  0.077, 324.46,  0.034, 283.63,  0.081, 290.22,  0.206, 252.45,  0.110, 258.49,  0.120, 283.46,  0.180, 270.00,  0.196, 294.73,  0.157, 263.42,  0.150, 278.02,  0.133, 276.91,  0.240, 282.76,  0.245, 266.50,  0.225, 253.50,  0.184, 271.87,  0.142, 252.33,-99.000, -99.00,-99.000, -99.00,-99.000, -99.00,-99.000, -99.00,
8/27/2006 13:00:00, 12.5,275.9,  0.6,  3.5, 18.937, 28.86,  0.0,  0.0,  0.183, 348.63,  0.100, 322.33,  0.102, 336.21,  0.068, 278.49,  0.159, 276.86,  0.128, 270.45,  0.220, 280.19,  0.141, 293.47,  0.219, 278.95,  0.254, 284.36,  0.199, 281.31,  0.169, 266.61,  0.183, 263.42,  0.224, 256.58,  0.179, 278.67,  0.122, 252.90,-99.000, -99.00,-99.000, -99.00,-99.000, -99.00,-99.000, -99.00,
8/27/2006 13:05:00, 12.5,275.7,  0.6,  3.5, 18.937, 28.86,  0.0,  0.0,  0.203, 301.11,  0.068, 309.05,  0.140, 287.40,  0.237, 267.83,  0.170, 251.46,  0.162, 280.34,  0.178, 284.66,  0.232, 276.42,  0.151, 271.14,  0.181, 264.29,  0.131, 270.00,  0.218, 269.47,  0.170, 283.95,  0.106, 279.20,  0.177, 299.91,  0.099, 270.00,-99.000, -99.00,-99.000, -99.00,-99.000, -99.00,-99.000, -99.00,
8/27/2006 13:10:00, 12.5,275.9,  0.6,  3.6, 18.936, 28.86,  0.0,  0.0,  0.025, 258.69,  0.194, 325.74,  0.069, 283.43,  0.087, 310.82,  0.099, 283.47,  0.090, 284.81,  0.161, 279.29,  0.115, 277.50,  0.078, 272.20,  0.233, 273.68,  0.238, 271.93,  0.146, 284.23,  0.208, 263.08,  0.131, 246.57,  0.159, 281.59,  0.182, 225.89,-99.000, -99.00,-99.000, -99.00,-99.000, -99.00,-99.000, -99.00,
8/27/2006 13:15:00, 12.5,275.9,  0.6,  3.5, 18.937, 28.87,  0.0,  0.0,  0.086, 264.03,  0.148, 309.51,  0.105, 255.03,  0.072, 270.00,  0.123, 287.55,  0.177, 299.46,  0.144, 271.19,  0.171, 276.71,  0.118, 247.12,  0.212, 260.49,  0.172, 269.00,  0.154, 247.92,  0.230, 261.23,  0.223, 255.96,  0.162, 296.41,  0.120, 245.99,-99.000, -99.00,-99.000, -99.00,-99.000, -99.00,-99.000, -99.00,
8/27/2006 13:20:00, 12.5,275.9,  0.6,  3.5, 18.923, 28.87,  0.0,  0.0,  0.171, 329.84,  0.057,   9.13,  0.107, 289.62,  0.172, 276.34,  0.151, 260.85,  0.137, 264.12,  0.097, 260.54,  0.229, 260.21,  0.241, 267.86,  0.193, 269.11,  0.115, 260.46,  0.171, 274.01,  0.141, 265.10,  0.153, 280.14,  0.166, 290.84,  0.097, 235.98,-99.000, -99.00,-99.000, -99.00,-99.000, -99.00,-99.000, -99.00,
8/27/2006 13:25:00, 12.5,275.9,  0.6,  3.5, 18.926, 28.88,  0.0,  0.0,  0.149, 305.72,  0.108, 284.42,  0.107, 243.91,  0.130, 207.55,  0.078, 255.07,  0.142, 286.39,  0.168, 260.03,  0.148, 273.48,  0.182, 276.31,  0.128, 289.56,  0.229, 273.75,  0.228, 273.51,  0.168, 248.77,  0.213, 258.64,  0.147, 282.61,  0.043, 246.45,-99.000, -99.00,-99.000, -99.00,-99.000, -99.00,-99.000, -99.00,
8/27/2006 13:30:00, 12.5,275.8,  0.6,  3.5, 18.912, 28.89,  0.0,  0.0,  0.156, 321.51,  0.128, 238.42,  0.066, 228.08,  0.086, 289.07,  0.177, 318.21,  0.171, 273.01,  0.139, 257.56,  0.151, 277.22,  0.157, 257.91,  0.216, 267.88,  0.212, 286.47,  0.191, 283.96,  0.212, 260.23,  0.168, 262.11,  0.181, 296.99,  0.092, 237.86,-99.000, -99.00,-99.000, -99.00,-99.000, -99.00,-99.000, -99.00,
8/27/2006 13:35:00, 12.5,275.9,  0.6,  3.5, 18.911, 28.89,  0.0,  0.0,  0.083, 308.66,  0.036, 342.07,  0.150, 285.05,  0.077, 305.97,  0.016, 304.70,  0.114, 284.28,  0.116, 257.52,  0.181, 267.15,  0.187, 258.93,  0.229, 257.66,  0.243, 262.44,  0.154, 251.10,  0.194, 259.91,  0.193, 258.05,  0.172, 281.05,  0.112, 247.34,-99.000, -99.00,-99.000, -99.00,-99.000, -99.00,-99.000, -99.00,
8/27/2006 13:40:00, 12.5,276.0,  0.6,  3.6, 18.902, 28.90,  0.0,  0.0,  0.011, 135.00,  0.134, 294.66,  0.143, 298.90,  0.052, 247.38,  0.140, 270.41,  0.127, 275.89,  0.163, 279.52,  0.090, 299.12,  0.124, 270.92,  0.216, 267.61,  0.163, 264.36,  0.133, 285.71,  0.222, 278.82,  0.157, 268.18,  0.162, 278.88,  0.169, 244.80,-99.000, -99.00,-99.000, -99.00,-99.000, -99.00,-99.000, -99.00,
8/27/2006 13:45:00, 12.5,275.8,  0.6,  3.5, 18.906, 28.90,  0.0,  0.0,  0.115, 306.87,  0.137, 287.38,  0.146, 280.69,  0.120, 297.20,  0.102, 261.00,  0.175, 285.54,  0.203, 263.22,  0.214, 266.26,  0.144, 263.22,  0.120, 252.47,  0.121, 246.18,  0.122, 247.42,  0.141, 249.63,  0.186, 251.47,  0.133, 295.41,  0.109, 252.40,-99.000, -99.00,-99.000, -99.00,-99.000, -99.00,-99.000, -99.00,
8/27/2006 13:50:00, 12.5,275.9,  0.6,  3.5, 18.898, 28.91,  0.0,  0.0,  0.105, 306.11,  0.074, 315.55,  0.144, 244.50,  0.167, 270.00,  0.096, 283.31,  0.180, 253.57,  0.098, 251.57,  0.110, 252.06,  0.164, 255.54,  0.066, 247.71,  0.221, 266.89,  0.224, 251.24,  0.156, 264.84,  0.206, 278.96,  0.105, 269.45,  0.131, 221.60,-99.000, -99.00,-99.000, -99.00,-99.000, -99.00,-99.000, -99.00,
8/27/2006 13:55:00, 12.5,275.9,  0.6,  3.5, 18.888, 28.91,  0.0,  0.0,  0.081, 308.00,  0.097, 321.25,  0.095, 342.14,  0.033, 318.65,  0.102, 303.38,  0.173, 265.70,  0.173, 240.62,  0.188, 262.65,  0.170, 265.96,  0.140, 263.03,  0.182, 245.27,  0.131, 255.43,  0.139, 257.07,  0.175, 250.32,  0.146, 267.65,  0.183, 243.01,-99.000, -99.00,-99.000, -99.00,-99.000, -99.00,-99.000, -99.00,
8/27/2006 14:00:00, 12.5,275.8,  0.6,  3.5, 18.880, 28.92,  0.0,  0.0,  0.132, 285.41,  0.132, 358.70,  0.130, 229.06,  0.143, 262.38,  0.106, 293.41,  0.146, 309.70,  0.096, 292.02,  0.106, 252.94,  0.173, 235.12,  0.142, 237.65,  0.222, 239.04,  0.192, 254.59,  0.153, 275.26,  0.153, 282.04,  0.085, 282.89,  0.213, 227.85,-99.000, -99.00,-99.000, -99.00,-99.000, -99.00,-99.000, -99.00,
8/27/2006 14:05:00, 12.5,275.9,  0.6,  3.5, 18.880, 28.92,  0.0,  0.0,  0.008,  60.26,  0.131, 324.00,  0.090, 270.64,  0.058, 304.51,  0.125, 252.29,  0.122, 253.35,  0.109, 256.73,  0.133, 281.73,  0.114, 268.99,  0.169, 262.16,  0.139, 272.06,  0.210, 255.10,  0.184, 266.27,  0.164, 275.95,  0.116, 259.08,  0.110, 223.89,-99.000, -99.00,-99.000, -99.00,-99.000, -99.00,-99.000, -99.00,
8/27/2006 14:10:00, 12.5,275.8,  0.6,  3.5, 18.867, 28.92,  0.0,  0.0,  0.030,  62.59,  0.069,   4.14,  0.054, 258.27,  0.096, 254.22,  0.089, 219.97,  0.057, 197.47,  0.134, 225.30,  0.121, 261.94,  0.148, 253.52,  0.198, 241.62,  0.238, 254.39,  0.278, 262.77,  0.246, 262.53,  0.179, 256.12,  0.133, 246.52,  0.138, 234.70,-99.000, -99.00,-99.000, -99.00,-99.000, -99.00,-99.000, -99.00,
8/27/2006 14:15:00, 12.5,275.9,  0.6,  3.6, 18.867, 28.92,  0.0,  0.0,  0.103,  83.29,  0.027,  51.01,  0.080,  90.00,  0.097, 167.54,  0.059, 260.22,  0.037, 139.40,  0.100, 270.00,  0.163, 259.73,  0.123, 245.10,  0.119, 280.18,  0.232, 276.18,  0.209, 255.90,  0.156, 270.37,  0.185, 271.24,  0.113, 265.95,  0.100, 240.11,-99.000, -99.00,-99.000, -99.00,-99.000, -99.00,-99.000, -99.00,
8/27/2006 14:20:00, 12.5,275.9,  0.6,  3.6, 18.860, 28.92,  0.0,  0.0,  0.132, 159.09,  0.130,   1.32,  0.025,   6.84,  0.049, 307.57,  0.136, 227.39,  0.150, 265.81,  0.094, 238.51,  0.155, 271.48,  0.170, 248.57,  0.101, 264.91,  0.169, 277.84,  0.151, 275.33,  0.130, 286.49,  0.142, 301.79,  0.170, 305.66,  0.135, 299.22,-99.000, -99.00,-99.000, -99.00,-99.000, -99.00,-99.000, -99.00,
8/27/2006 14:25:00, 12.5,275.9,  0.6,  3.5, 18.858, 28.93,  0.0,  0.0,  0.125, 141.48,  0.089,  36.36,  0.103, 292.83,  0.083, 325.74,  0.038, 291.80,  0.102, 289.50,  0.111, 270.52,  0.182, 275.37,  0.092, 248.20,  0.121, 267.16,  0.077, 251.10,  0.054, 296.57,  0.079, 301.46,  0.138, 265.44,  0.124, 287.41,  0.094, 295.20,-99.000, -99.00,-99.000, -99.00,-99.000, -99.00,-99.000, -99.00,
8/27/2006 14:30:00, 12.5,275.9,  0.6,  3.5, 18.850, 28.93,  0.0,  0.0,  0.099, 212.25,  0.104, 269.45,  0.088, 224.54,  0.067, 315.60,  0.104, 283.37,  0.116, 271.97,  0.148, 294.83,  0.150, 281.16,  0.172, 261.96,  0.140, 267.95,  0.151, 293.85,  0.087, 290.94,  0.109, 297.98,  0.075, 230.98,  0.111, 296.80,  0.055, 270.00,-99.000, -99.00,-99.000, -99.00,-99.000, -99.00,-99.000, -99.00,
8/27/2006 14:35:00, 12.5,275.8,  0.6,  3.5, 18.839, 28.93,  0.0,  0.0,  0.068, 281.80,  0.045,  30.53,  0.065, 293.43,  0.127, 287.00,  0.082, 269.30,  0.108, 281.73,  0.190, 250.61,  0.148, 265.36,  0.071, 266.78,  0.115, 271.99,  0.099, 278.70,  0.019, 231.34,  0.121, 273.31,  0.077, 312.37,  0.122, 295.30,  0.147, 258.61,-99.000, -99.00,-99.000, -99.00,-99.000, -99.00,-99.000, -99.00,
8/27/2006 14:40:00, 12.5,275.9,  0.6,  3.5, 18.844, 28.93,  0.0,  0.0,  0.100, 353.66,  0.080,  28.50,  0.078, 278.86,  0.100, 282.09,  0.154, 271.86,  0.039, 352.69,  0.087, 267.37,  0.054, 270.00,  0.060, 291.45,  0.029, 335.22,  0.040, 281.59,  0.055, 304.56,  0.068, 260.68,  0.027, 184.24,  0.027, 298.44,  0.195, 252.96,-99.000, -99.00,-99.000, -99.00,-99.000, -99.00,-99.000, -99.00,
8/27/2006 14:45:00, 12.5,275.8,  0.6,  3.5, 18.828, 28.94,  0.0,  0.0,  0.012, 304.99,  0.101, 288.43,  0.078, 164.36,  0.125, 254.74,  0.125, 245.48,  0.095, 281.55,  0.082, 258.69,  0.119, 219.56,  0.040, 301.70,  0.089, 304.94,  0.110, 276.80,  0.064, 246.22,  0.077, 282.77,  0.052, 287.74,  0.070, 262.57,  0.102, 199.50,-99.000, -99.00,-99.000, -99.00,-99.000, -99.00,-99.000, -99.00,
8/27/2006 14:50:00, 12.5,275.8,  0.6,  3.5, 18.831, 28.95,  0.0,  0.0,  0.069, 127.37,  0.109, 357.37,  0.034, 208.07,  0.091, 276.97,  0.049, 312.51,  0.069, 207.68,  0.101, 194.31,  0.100, 326.78,  0.078, 351.87,  0.049, 124.99,  0.050, 246.50,  0.020, 302.91,  0.059, 272.91,  0.014, 219.29,  0.103, 262.18,  0.153, 220.76,-99.000, -99.00,-99.000, -99.00,-99.000, -99.00,-99.000, -99.00,
8/27/2006 14:55:00, 12.5,275.9,  0.6,  3.5, 18.834, 28.96,  0.0,  0.0,  0.028, 180.00,  0.027, 336.25,  0.022, 262.23,  0.029, 284.04,  0.101, 278.53,  0.021, 225.00,  0.077, 185.93,  0.093, 193.74,  0.129, 286.61,  0.021, 219.09,  0.026, 259.11,  0.045, 270.00,  0.060, 346.43,  0.067, 348.86,  0.107, 304.29,  0.066, 267.40,-99.000, -99.00,-99.000, -99.00,-99.000, -99.00,-99.000, -99.00,
8/27/2006 15:00:00, 12.5,275.8,  0.6,  3.6, 18.825, 28.96,  0.0,  0.0,  0.029,  26.57,  0.040, 200.22,  0.036, 285.95,  0.094, 255.23,  0.029,  72.18,  0.032, 271.79,  0.083, 257.47,  0.055, 313.53,  0.055,  69.93,  0.035, 210.96,  0.094, 283.59,  0.047, 117.65,  0.044,  91.30,  0.050,  53.13,  0.037,  71.08,  0.138, 234.13,-99.000, -99.00,-99.000, -99.00,-99.000, -99.00,-99.000, -99.00,
8/27/2006 15:05:00, 12.5,275.9,  0.6,  3.6, 18.827, 28.92,  0.0,  0.0,  0.181, 189.51,  0.087, 203.63,  0.060, 161.57,  0.063, 191.84,  0.026, 173.42,  0.072, 228.96,  0.033, 188.62,  0.067, 277.77,  0.125, 251.27,  0.021, 240.95,  0.009, 347.47,  0.025,  25.56,  0.009, 251.57,  0.032, 194.47,  0.110, 325.01,  0.060, 220.91,-99.000, -99.00,-99.000, -99.00,-99.000, -99.00,-99.000, -99.00,
8/27/2006 15:10:00, 12.5,275.8,  0.6,  3.5, 18.826, 28.89,  0.0,  0.0,  0.142, 136.42,  0.063, 139.50,  0.047, 236.31,  0.089, 190.30,  0.099, 175.38,  0.023,  61.19,  0.142, 100.99,  0.049, 104.32,  0.072, 292.99,  0.072, 320.60,  0.049,  98.30,  0.078,  36.14,  0.054, 351.42,  0.025, 306.87,  0.103, 307.09,  0.099, 290.08,-99.000, -99.00,-99.000, -99.00,-99.000, -99.00,-99.000, -99.00,
8/27/2006 15:15:00, 12.5,275.8,  0.6,  3.5, 18.830, 28.87,  0.0,  0.0,  0.129, 168.86,  0.079, 173.42,  0.063, 169.94,  0.099, 156.80,  0.059,  80.22,  0.115, 135.00,  0.168, 128.71,  0.075, 229.32,  0.021, 142.59,  0.048, 181.19,  0.033, 194.04,  0.069, 308.53,  0.039, 168.11,  0.088, 249.29,  0.060, 311.63,  0.108, 257.76,-99.000, -99.00,-99.000, -99.00,-99.000, -99.00,-99.000, -99.00,
8/27/2006 15:20:00, 12.5,275.9,  0.6,  3.5, 18.813, 28.85,  0.0,  0.0,  0.136, 134.70,  0.016, 307.57,  0.142, 109.33,  0.115, 158.57,  0.112, 132.10,  0.079, 160.88,  0.080, 137.53,  0.041, 129.09,  0.057, 174.99,  0.090,  40.05,  0.082,  94.18,  0.023, 270.00,  0.020,   0.00,  0.063, 291.30,  0.090, 263.59,  0.114, 261.94,-99.000, -99.00,-99.000, -99.00,-99.000, -99.00,-99.000, -99.00,
8/27/2006 15:25:00, 12.5,275.8,  0.6,  3.5, 18.805, 28.84,  0.0,  0.0,  0.166, 122.74,  0.060,  82.28,  0.112, 152.29,  0.113, 161.89,  0.150, 166.52,  0.182, 167.64,  0.139, 156.21,  0.019, 227.12,  0.009, 347.47,  0.068, 176.63,  0.020,  84.29,  0.090, 160.56,  0.039, 181.47,  0.072, 298.35,  0.012, 300.96,  0.046, 276.20,-99.000, -99.00,-99.000, -99.00,-99.000, -99.00,-99.000, -99.00,
8/27/2006 15:30:00, 12.5,275.8,  0.6,  3.5, 18.805, 28.83,  0.0,  0.0,  0.160, 118.32,  0.088, 122.97,  0.125, 138.90,  0.033,  72.12,  0.110, 162.06,  0.149, 191.23,  0.051, 165.14,  0.149, 143.75,  0.037, 128.42,  0.098,  91.75,  0.016, 180.00,  0.038, 307.48,  0.090, 189.57,  0.105, 141.93,  0.080, 270.72,  0.056, 318.62,-99.000, -99.00,-99.000, -99.00,-99.000, -99.00,-99.000, -99.00,
8/27/2006 15:35:00, 12.5,275.8,  0.6,  3.6, 18.803, 28.82,  0.0,  0.0,  0.153, 108.32,  0.100,  50.27,  0.142, 135.29,  0.137, 132.33,  0.113, 123.83,  0.039, 166.68,  0.085,  90.00,  0.081, 109.56,  0.085, 143.13,  0.075,  92.29,  0.034,  24.30,  0.073,  99.46,  0.030, 164.58,  0.072, 248.79,  0.048, 123.02,  0.167, 201.48,-99.000, -99.00,-99.000, -99.00,-99.000, -99.00,-99.000, -99.00,
8/27/2006 15:40:00, 12.5,275.8,  0.6,  3.5, 18.795, 28.82,  0.0,  0.0,  0.067, 167.01,  0.068,  93.37,  0.149, 126.56,  0.081, 121.93,  0.070, 126.87,  0.151, 137.96,  0.049, 212.38,  0.108, 171.50,  0.148, 167.09,  0.071, 196.39,  0.042,  62.82,  0.120,  90.95,  0.030, 172.41,  0.032, 212.20,  0.016, 127.57,  0.135, 251.43,-99.000, -99.00,-99.000, -99.00,-99.000, -99.00,-99.000, -99.00,
8/27/2006 15:45:00, 12.5,275.9,  0.6,  3.5, 18.797, 28.81,  0.0,  0.0,  0.104, 144.01,  0.040, 197.53,  0.236, 137.92,  0.176, 132.01,  0.228, 128.58,  0.145, 133.04,  0.132, 151.11,  0.137, 168.20,  0.121, 169.06,  0.134, 183.42,  0.052, 187.67,  0.040, 286.14,  0.014,  98.13,  0.008,  23.20,  0.049, 326.63,  0.040, 281.59,-99.000, -99.00,-99.000, -99.00,-99.000, -99.00,-99.000, -99.00,
8/27/2006 15:50:00, 12.5,275.8,  0.6,  3.5, 18.791, 28.81,  0.0,  0.0,  0.099, 118.38,  0.102,  82.11,  0.160, 109.34,  0.157, 131.12,  0.064, 144.57,  0.118,  95.86,  0.096, 131.63,  0.167, 144.50,  0.156, 115.08,  0.073, 201.66,  0.132, 155.77,  0.045, 156.30,  0.089,  94.50,  0.033, 113.43,  0.025,   6.84,  0.095, 249.66,-99.000, -99.00,-99.000, -99.00,-99.000, -99.00,-99.000, -99.00,
8/27/2006 15:55:00, 12.5,275.9,  0.6,  3.6, 18.789, 28.80,  0.0,  0.0,  0.052, 117.55,  0.120, 135.34,  0.198, 126.99,  0.179, 141.14,  0.157, 106.25,  0.179, 119.15,  0.235, 126.53,  0.110, 152.97,  0.136, 123.92,  0.067, 155.34,  0.120, 156.86,  0.090, 188.31,  0.082, 267.90,  0.132, 240.52,  0.060, 161.57,  0.061, 200.22,-99.000, -99.00,-99.000, -99.00,-99.000, -99.00,-99.000, -99.00,
8/27/2006 16:00:00, 12.5,275.9,  0.6,  3.6, 18.781, 28.80,  0.0,  0.0,  0.160, 127.66,  0.084,  69.84,  0.143, 132.73,  0.120, 124.09,  0.191, 140.96,  0.189, 126.81,  0.159, 141.90,  0.105,  73.46,  0.070, 119.85,  0.059, 143.33,  0.063, 138.22,  0.080, 194.56,  0.045, 306.87,  0.044, 239.93,  0.014, 320.71,  0.149, 223.64,-99.000, -99.00,-99.000, -99.00,-99.000, -99.00,-99.000, -99.00,
8/27/2006 16:05:00, 12.5,275.9,  0.6,  3.5, 18.771, 28.80,  0.0,  0.0,  0.107,  57.20,  0.103,  59.70,  0.208, 102.50,  0.168, 115.35,  0.126, 104.26,  0.037, 299.36,  0.116, 116.12,  0.073, 154.13,  0.106, 158.50,  0.007, 236.31,  0.040, 223.99,  0.051, 155.92,  0.029, 176.05,  0.035, 113.63,  0.060, 126.87,  0.113, 236.59,-99.000, -99.00,-99.000, -99.00,-99.000, -99.00,-99.000, -99.00,
8/27/2006 16:10:00, 12.5,275.9,  0.6,  3.6, 18.779, 28.79,  0.0,  0.0,  0.172, 143.53,  0.055,  62.97,  0.140, 123.92,  0.129, 120.13,  0.142,  96.87,  0.147, 129.21,  0.103, 137.76,  0.045, 177.46,  0.113, 134.28,  0.081, 118.16,  0.094, 125.04,  0.050, 139.90,  0.073, 217.81,  0.085, 238.92,  0.096, 298.71,  0.129, 225.00,-99.000, -99.00,-99.000, -99.00,-99.000, -99.00,-99.000, -99.00,
8/27/2006 16:15:00, 12.5,275.9,  0.6,  3.5, 18.768, 28.80,  0.0,  0.0,  0.132, 108.57,  0.118,  32.88,  0.174,  82.38,  0.210,  93.81,  0.163, 108.21,  0.069, 106.86,  0.112, 189.80,  0.066, 256.81,  0.024,  92.39,  0.087, 126.61,  0.042, 173.21,  0.057, 180.00,  0.099, 194.60,  0.103, 233.69,  0.088, 338.68,  0.083, 303.69,-99.000, -99.00,-99.000, -99.00,-99.000, -99.00,-99.000, -99.00,
8/27/2006 16:20:00, 12.5,275.8,  0.6,  3.6, 18.758, 28.81,  0.0,  0.0,  0.158,  91.81,  0.194,  44.37,  0.100, 143.13,  0.034,  37.87,  0.118,  74.32,  0.083,  72.44,  0.061,  98.53,  0.068, 151.19,  0.033, 139.97,  0.046, 180.00,  0.057, 142.13,  0.038, 135.00,  0.015,  19.65,  0.049,  29.17,  0.042,  73.30,  0.036, 232.82,-99.000, -99.00,-99.000, -99.00,-99.000, -99.00,-99.000, -99.00,
8/27/2006 16:25:00, 12.5,275.8,  0.6,  3.6, 18.759, 28.82,  0.0,  0.0,  0.171, 103.22,  0.124,  53.87,  0.301,  99.37,  0.142, 121.45,  0.173, 104.76,  0.055,  95.19,  0.119,  87.59,  0.111, 112.18,  0.159, 138.81,  0.071, 142.48,  0.051,  46.59,  0.069,  86.68,  0.033, 113.43,  0.036, 152.02,  0.030, 338.55,  0.043,  10.78,-99.000, -99.00,-99.000, -99.00,-99.000, -99.00,-99.000, -99.00,
8/27/2006 16:30:00, 12.5,275.9,  0.6,  3.5, 18.762, 28.83,  0.0,  0.0,  0.171, 132.16,  0.160,  51.84,  0.148,  91.55,  0.169,  80.09,  0.142, 113.15,  0.140,  97.78,  0.107,  74.28,  0.031, 104.93,  0.067, 286.53,  0.018,  22.38,  0.032, 128.66,  0.015, 132.27,  0.055, 123.98,  0.047, 263.93,  0.030, 320.44,  0.068, 304.85,-99.000, -99.00,-99.000, -99.00,-99.000, -99.00,-99.000, -99.00,
8/27/2006 16:35:00, 12.5,275.9,  0.6,  3.5, 18.757, 28.84,  0.0,  0.0,  0.172, 118.50,  0.018,  38.16,  0.112, 108.76,  0.139, 107.65,  0.118, 111.98,  0.100, 148.84,  0.138, 149.89,  0.104, 136.17,  0.102, 217.43,  0.045, 183.81,  0.033, 199.54,  0.077, 157.78,  0.021, 215.22,  0.055, 326.02,  0.029, 337.83,  0.069, 305.54,-99.000, -99.00,-99.000, -99.00,-99.000, -99.00,-99.000, -99.00,
8/27/2006 16:40:00, 12.5,275.8,  0.6,  3.5, 18.760, 28.84,  0.0,  0.0,  0.094, 113.84,  0.159, 138.81,  0.112, 124.11,  0.134, 118.47,  0.080, 141.56,  0.038,  90.00,  0.056,  91.02,  0.112, 115.88,  0.042,  99.69,  0.082, 143.41,  0.040, 343.86,  0.089,  33.51,  0.076, 159.18,  0.044, 266.10,  0.026, 339.44,  0.080, 265.00,-99.000, -99.00,-99.000, -99.00,-99.000, -99.00,-99.000, -99.00,
8/27/2006 16:45:00, 12.5,275.9,  0.6,  3.5, 18.755, 28.83,  0.0,  0.0,  0.013, 308.66,  0.034,  67.25,  0.057,  67.46,  0.061,  99.46,  0.151, 152.42,  0.080, 207.53,  0.086, 147.78,  0.058, 177.04,  0.085,  99.46,  0.058, 231.34,  0.063,  71.57,  0.011, 228.81,  0.047, 208.22,  0.037, 159.62,  0.062, 293.68,  0.022,  20.85,-99.000, -99.00,-99.000, -99.00,-99.000, -99.00,-99.000, -99.00,
8/27/2006 16:50:00, 12.5,275.9,  0.6,  3.5, 18.754, 28.83,  0.0,  0.0,  0.102, 155.70,  0.055,  91.04,  0.008, 293.20,  0.016, 198.43,  0.084, 144.22,  0.093, 156.48,  0.045, 129.64,  0.105, 304.14,  0.058, 255.00,  0.025, 353.16,  0.055,  29.36,  0.020, 258.69,  0.032, 236.31,  0.096, 295.23,  0.122, 273.28,  0.187, 273.67,-99.000, -99.00,-99.000, -99.00,-99.000, -99.00,-99.000, -99.00,
8/27/2006 16:55:00, 12.5,275.7,  0.6,  3.5, 18.751, 28.82,  0.0,  0.0,  0.035,  96.52,  0.112, 129.94,  0.034, 105.26,  0.090,  82.32,  0.040,  71.11,  0.142,  80.67,  0.032, 163.81,  0.050, 189.27,  0.047, 162.72,  0.066, 154.98,  0.041, 248.46,  0.037, 227.20,  0.101, 229.83,  0.035, 261.87,  0.067, 342.65,  0.046, 314.12,-99.000, -99.00,-99.000, -99.00,-99.000, -99.00,-99.000, -99.00,
8/27/2006 17:00:00, 12.5,275.8,  0.6,  3.6, 18.757, 28.82,  0.0,  0.0,  0.035, 270.00,  0.106,  32.64,  0.025, 186.84,  0.032,  64.23,  0.045,  15.59,  0.036, 131.63,  0.038, 228.24,  0.050, 172.03,  0.022, 210.07,  0.114, 289.55,  0.065, 246.57,  0.039, 274.40,  0.057, 234.93,  0.086, 267.34,  0.052,  34.00,  0.087, 205.10,-99.000, -99.00,-99.000, -99.00,-99.000, -99.00,-99.000, -99.00,
8/27/2006 17:05:00, 12.5,275.8,  0.6,  3.6, 18.747, 28.82,  0.0,  0.0,  0.089, 117.43,  0.079,   9.46,  0.083, 336.53,  0.025, 328.24,  0.100, 350.26,  0.030, 331.70,  0.143, 311.04,  0.107, 320.67,  0.105, 338.81,  0.105, 334.65,  0.112, 302.98,  0.104, 314.61,  0.121, 318.01,  0.130, 354.25,  0.166,  31.68,  0.076, 264.74,-99.000, -99.00,-99.000, -99.00,-99.000, -99.00,-99.000, -99.00,
8/27/2006 17:10:00, 12.5,275.8,  0.6,  3.5, 18.751, 28.82,  0.0,  0.0,  0.107,  10.78,  0.046, 196.46,  0.107, 294.40,  0.149, 327.06,  0.182, 321.93,  0.074, 318.30,  0.078, 305.11,  0.094, 332.89,  0.158, 312.69,  0.112, 312.83,  0.042, 321.77,  0.093, 288.24,  0.084, 313.56,  0.210, 305.13,  0.132, 349.97,  0.085, 302.94,-99.000, -99.00,-99.000, -99.00,-99.000, -99.00,-99.000, -99.00,
8/27/2006 17:15:00, 12.5,275.9,  0.6,  3.6, 18.747, 28.82,  0.0,  0.0,  0.032, 278.88,  0.112, 315.36,  0.087, 308.45,  0.079, 328.54,  0.136, 343.82,  0.084, 342.65,  0.117,  17.97,  0.097, 335.56,  0.164, 330.00,  0.145, 330.60,  0.109, 312.03,  0.148, 300.03,  0.129, 322.86,  0.190, 331.41,  0.151, 327.47,  0.082, 272.79,-99.000, -99.00,-99.000, -99.00,-99.000, -99.00,-99.000, -99.00,
8/27/2006 17:20:00, 12.5,275.8,  0.6,  3.6, 18.746, 28.82,  0.0,  0.0,  0.040, 357.14,  0.146, 357.65,  0.177, 344.94,  0.139, 359.59,  0.076, 348.54,  0.088, 295.69,  0.090, 340.56,  0.083, 330.34,  0.098, 297.87,  0.078, 289.36,  0.143, 285.78,  0.122, 295.30,  0.126, 346.18,  0.130, 336.40,  0.163, 341.34,  0.196, 313.14,-99.000, -99.00,-99.000, -99.00,-99.000, -99.00,-99.000, -99.00,
8/27/2006 17:25:00, 12.5,275.9,  0.6,  3.5, 18.743, 28.82,  0.0,  0.0,  0.102, 323.81,  0.202, 324.26,  0.080, 309.44,  0.138, 327.12,  0.130, 328.88,  0.121, 301.86,  0.182, 297.13,  0.120, 292.51,  0.137, 286.98,  0.124, 314.02,  0.090, 347.20,  0.059, 321.19,  0.093, 339.81,  0.125, 358.63,  0.130, 327.29,  0.185, 266.60,-99.000, -99.00,-99.000, -99.00,-99.000, -99.00,-99.000, -99.00,
8/27/2006 17:30:00, 12.5,275.8,  0.6,  3.5, 18.745, 28.83,  0.0,  0.0,  0.077, 342.73,  0.190, 320.77,  0.134, 321.67,  0.102, 314.20,  0.090, 357.46,  0.156, 310.84,  0.128, 325.19,  0.195, 318.95,  0.109, 330.84,  0.091, 349.92,  0.145, 343.95,  0.120, 326.58,  0.144, 332.19,  0.150, 331.73,  0.119, 312.27,  0.135, 277.65,-99.000, -99.00,-99.000, -99.00,-99.000, -99.00,-99.000, -99.00,
8/27/2006 17:35:00, 12.5,275.8,  0.6,  3.5, 18.743, 28.83,  0.0,  0.0,  0.039, 340.64,  0.193, 340.63,  0.076, 359.25,  0.108, 348.79,  0.168, 324.22,  0.153, 324.85,  0.173, 325.12,  0.150, 312.84,  0.189, 321.43,  0.183, 326.57,  0.157, 341.45,  0.176, 342.49,  0.138, 353.34,  0.149, 345.59,  0.109, 355.28,  0.125, 305.59,-99.000, -99.00,-99.000, -99.00,-99.000, -99.00,-99.000, -99.00,
8/27/2006 17:40:00, 12.5,275.8,  0.6,  3.5, 18.743, 28.83,  0.0,  0.0,  0.159, 354.22,  0.118, 312.60,  0.262, 353.88,  0.190,   1.81,  0.178, 331.42,  0.185, 335.38,  0.173, 313.83,  0.156, 302.67,  0.152, 313.14,  0.180, 316.35,  0.170, 343.92,  0.121, 343.21,  0.160, 330.39,  0.174, 345.00,  0.206, 324.07,  0.166, 333.90,-99.000, -99.00,-99.000, -99.00,-99.000, -99.00,-99.000, -99.00,
8/27/2006 17:45:00, 12.5,275.8,  0.6,  3.6, 18.742, 28.83,  0.0,  0.0,  0.145, 321.16,  0.140,   4.93,  0.116, 358.52,  0.307, 342.98,  0.145, 358.42,  0.127, 339.29,  0.115, 347.91,  0.132, 320.86,  0.129, 312.81,  0.175, 315.46,  0.145, 338.20,  0.108, 313.13,  0.151, 339.04,  0.110, 326.45,  0.144, 309.09,  0.200, 344.64,-99.000, -99.00,-99.000, -99.00,-99.000, -99.00,-99.000, -99.00,
8/27/2006 17:50:00, 12.5,275.9,  0.6,  3.5, 18.750, 28.83,  0.0,  0.0,  0.149,  10.41,  0.144, 331.83,  0.123, 337.59,  0.135, 326.78,  0.148, 327.71,  0.086,   1.33,  0.143, 310.47,  0.173, 349.67,  0.148, 354.17,  0.121, 324.74,  0.108, 324.40,  0.150, 332.58,  0.195, 327.37,  0.179, 319.54,  0.177, 303.69,  0.104, 260.63,-99.000, -99.00,-99.000, -99.00,-99.000, -99.00,-99.000, -99.00,
8/27/2006 17:55:00, 12.5,275.8,  0.6,  3.5, 18.741, 28.82,  0.0,  0.0,  0.121,  26.99,  0.240, 351.36,  0.216, 323.29,  0.090, 289.44,  0.134, 314.70,  0.113, 326.87,  0.164, 295.31,  0.128, 345.10,  0.127, 346.84,  0.160, 354.97,  0.153,   4.11,  0.144, 341.82,  0.155, 301.03,  0.047, 278.65,  0.128, 319.74,  0.095, 282.14,-99.000, -99.00,-99.000, -99.00,-99.000, -99.00,-99.000, -99.00,
8/27/2006 18:00:00, 12.5,275.8,  0.6,  3.5, 18.753, 28.82,  0.0,  0.0,  0.211,  13.44,  0.137,  13.53,  0.069,  52.63,  0.129, 336.63,  0.170, 341.88,  0.118,   6.82,  0.198, 340.83,  0.141, 333.43,  0.128,   2.24,  0.144, 340.05,  0.144, 323.45,  0.168, 324.42,  0.142, 344.50,  0.132,  23.65,  0.179, 342.47,  0.075, 285.52,-99.000, -99.00,-99.000, -99.00,-99.000, -99.00,-99.000, -99.00,
8/27/2006 18:05:00, 12.5,275.8,  0.6,  3.5, 18.753, 28.82,  0.0,  0.0,  0.035,  14.83,  0.111, 310.27,  0.068,   8.49,  0.050, 357.71,  0.153, 321.63,  0.102, 335.19,  0.213, 321.09,  0.151, 326.10,  0.149, 340.84,  0.140,  26.75,  0.121, 337.23,  0.200, 355.40,  0.156, 358.53,  0.110, 334.60,  0.131, 351.68,  0.111, 249.93,-99.000, -99.00,-99.000, -99.00,-99.000, -99.00,-99.000, -99.00,
8/27/2006 18:10:00, 12.5,275.9,  0.6,  3.5, 18.750, 28.83,  0.0,  0.0,  0.166, 356.55,  0.168, 350.76,  0.213, 331.63,  0.215, 315.38,  0.151, 294.70,  0.144, 336.64,  0.185, 325.36,  0.133,  15.71,  0.077, 334.76,  0.145, 346.06,  0.130, 341.15,  0.069, 351.63,  0.136, 331.93,  0.163, 337.22,  0.155, 326.31,  0.148, 284.51,-99.000, -99.00,-99.000, -99.00,-99.000, -99.00,-99.000, -99.00,
8/27/2006 18:15:00, 12.5,275.8,  0.6,  3.6, 18.747, 28.83,  0.0,  0.0,  0.171,  33.78,  0.157, 311.63,  0.118, 354.14,  0.106, 344.13,  0.118, 345.26,  0.175, 338.26,  0.095, 345.96,  0.125, 305.22,  0.175, 329.77,  0.122, 317.66,  0.105, 345.03,  0.089, 327.93,  0.102, 309.01,  0.125,   0.00,  0.127, 347.72,  0.095, 220.73,-99.000, -99.00,-99.000, -99.00,-99.000, -99.00,-99.000, -99.00,
8/27/2006 18:20:00, 12.5,275.6,  0.6,  3.5, 18.752, 28.84,  0.0,  0.0,  0.033, 289.54,  0.118, 359.03,  0.126, 348.51,  0.130, 323.75,  0.090, 329.15,  0.165, 311.32,  0.131, 308.80,  0.153, 288.67,  0.136, 298.07,  0.073, 259.77,  0.057, 256.93,  0.104, 230.48,  0.081, 223.51,  0.083, 290.39,  0.117, 308.05,  0.034,   5.04,-99.000, -99.00,-99.000, -99.00,-99.000, -99.00,-99.000, -99.00,
8/27/2006 18:25:00, 12.5,275.8,  0.6,  3.6, 18.757, 28.84,  0.0,  0.0,  0.121, 338.11,  0.146, 345.77,  0.111, 354.85,  0.179, 350.70,  0.150, 333.95,  0.042, 346.29,  0.110,   2.60,  0.149, 328.97,  0.030, 268.09,  0.137, 265.83,  0.106, 263.48,  0.177, 273.56,  0.146, 263.70,  0.112, 289.24,  0.087, 328.70,  0.067, 315.60,-99.000, -99.00,-99.000, -99.00,-99.000, -99.00,-99.000, -99.00,
8/27/2006 18:30:00, 12.5,275.7,  0.6,  3.5, 18.756, 28.85,  0.0,  0.0,  0.091,   3.14,  0.197, 341.66,  0.138, 333.25,  0.142, 357.98,  0.113, 316.43,  0.165, 350.25,  0.138, 354.17,  0.225, 332.98,  0.121, 346.08,  0.126, 355.91,  0.092, 337.62,  0.138, 353.75,  0.132, 317.14,  0.109, 347.24,  0.089, 354.23,  0.049, 304.99,-99.000, -99.00,-99.000, -99.00,-99.000, -99.00,-99.000, -99.00,
8/27/2006 18:35:00, 12.5,275.8,  0.6,  3.5, 18.761, 28.86,  0.0,  0.0,  0.195, 358.53,  0.060,   0.00,  0.038,  42.88,  0.145, 340.19,  0.066, 315.00,  0.183, 339.48,  0.169, 329.79,  0.186, 320.91,  0.192, 332.37,  0.102, 318.97,  0.196, 343.41,  0.125, 358.63,  0.078,  44.48,  0.048,  35.68,  0.096, 340.63,  0.128, 299.58,-99.000, -99.00,-99.000, -99.00,-99.000, -99.00,-99.000, -99.00,
8/27/2006 18:40:00, 12.5,275.8,  0.6,  3.5, 18.774, 28.86,  0.0,  0.0,  0.118, 345.73,  0.152,  15.22,  0.124, 348.87,  0.107, 316.90,  0.139, 315.87,  0.093, 337.85,  0.121, 333.43,  0.142, 323.85,  0.125, 317.91,  0.017,   0.00,  0.098,  26.04,  0.112,  71.73,  0.036,   9.73,  0.074,  47.20,  0.121,   9.00,  0.016, 304.70,-99.000, -99.00,-99.000, -99.00,-99.000, -99.00,-99.000, -99.00,
8/27/2006 18:45:00, 12.5,275.8,  0.6,  3.6, 18.776, 28.85,  0.0,  0.0,  0.138, 341.43,  0.123, 350.15,  0.121,   8.53,  0.130,   5.75,  0.130, 327.53,  0.110, 357.40,  0.066,   1.74,  0.059, 307.45,  0.037, 308.42,  0.042, 275.44,  0.074,  51.58,  0.093, 109.41,  0.115,  71.72,  0.029,  46.40,  0.059,   5.81,  0.088, 270.00,-99.000, -99.00,-99.000, -99.00,-99.000, -99.00,-99.000, -99.00,
8/27/2006 18:50:00, 12.5,275.8,  0.6,  3.5, 18.781, 28.85,  0.0,  0.0,  0.128, 359.10,  0.123,  17.99,  0.176,  19.98,  0.166, 332.05,  0.078, 325.91,  0.157, 316.03,  0.130, 350.25,  0.101, 359.43,  0.150, 310.39,  0.084, 312.09,  0.097, 332.38,  0.158, 334.90,  0.103,  16.86,  0.052,  35.54,  0.089, 341.57,  0.080, 295.92,-99.000, -99.00,-99.000, -99.00,-99.000, -99.00,-99.000, -99.00,
8/27/2006 18:55:00, 12.5,275.9,  0.6,  3.6, 18.795, 28.85,  0.0,  0.0,  0.143, 335.59,  0.135, 335.52,  0.132, 328.59,  0.035, 358.36,  0.116,   3.45,  0.112,  12.92,  0.097, 358.82,  0.194, 337.27,  0.155, 336.90,  0.087,   8.60,  0.073, 339.08,  0.098,  34.99,  0.119, 345.85,  0.084,  26.26,  0.074, 349.90,  0.028, 248.96,-99.000, -99.00,-99.000, -99.00,-99.000, -99.00,-99.000, -99.00,
8/27/2006 19:00:00, 12.5,275.8,  0.6,  3.5, 18.793, 28.85,  0.0,  0.0,  0.102, 340.50,  0.047, 346.55,  0.063, 355.46,  0.090, 316.35,  0.088, 309.47,  0.135, 346.69,  0.127, 332.43,  0.107, 350.27,  0.066, 351.25,  0.109, 312.77,  0.147, 323.60,  0.119, 352.76,  0.183, 330.22,  0.169,   4.76,  0.087,  20.94,  0.053, 215.79,-99.000, -99.00,-99.000, -99.00,-99.000, -99.00,-99.000, -99.00,
8/27/2006 19:05:00, 12.5,275.8,  0.6,  3.5, 18.799, 28.85,  0.0,  0.0,  0.070, 356.73,  0.093, 324.61,  0.077, 298.91,  0.099,   2.89,  0.074,   9.33,  0.077, 337.09,  0.128, 314.68,  0.178, 322.55,  0.159, 324.71,  0.148, 305.40,  0.073, 346.53,  0.111,  27.95,  0.086, 323.00,  0.130, 299.53,  0.060,  29.15,  0.009, 130.60,-99.000, -99.00,-99.000, -99.00,-99.000, -99.00,-99.000, -99.00,
8/27/2006 19:10:00, 12.5,275.7,  0.6,  3.5, 18.802, 28.85,  0.0,  0.0,  0.120,   4.29,  0.125, 326.06,  0.187, 334.26,  0.071, 326.53,  0.079, 340.88,  0.061,  41.01,  0.170, 323.87,  0.127, 321.69,  0.170, 285.34,  0.115, 274.97,  0.081, 313.99,  0.096, 313.32,  0.146, 335.72,  0.089,   9.04,  0.077, 329.42,  0.097, 240.26,-99.000, -99.00,-99.000, -99.00,-99.000, -99.00,-99.000, -99.00,
8/27/2006 19:15:00, 12.5,275.8,  0.6,  3.5, 18.814, 28.86,  0.0,  0.0,  0.111,  16.80,  0.146,   7.85,  0.112, 344.97,  0.124, 332.20,  0.132,  30.07,  0.096, 337.98,  0.129,   3.11,  0.072, 301.92,  0.122,   0.47,  0.118, 316.71,  0.132, 306.09,  0.204, 305.24,  0.106, 315.76,  0.092, 327.86,  0.072, 338.05,  0.042, 174.56,-99.000, -99.00,-99.000, -99.00,-99.000, -99.00,-99.000, -99.00,
8/27/2006 19:20:00, 12.5,275.8,  0.6,  3.6, 18.804, 28.86,  0.0,  0.0,  0.140, 357.14,  0.142, 349.48,  0.083,  25.02,  0.181,  86.84,  0.132,  68.28,  0.057,  76.93,  0.160,  59.90,  0.115, 267.01,  0.104, 283.37,  0.048, 318.37,  0.098, 302.88,  0.029, 294.78,  0.008, 219.81,  0.039, 107.97,  0.109, 109.94,  0.088,  42.71,-99.000, -99.00,-99.000, -99.00,-99.000, -99.00,-99.000, -99.00,
8/27/2006 19:25:00, 12.5,275.8,  0.6,  3.5, 18.811, 28.86,  0.0,  0.0,  0.200,  12.72,  0.029,  91.97,  0.049, 126.63,  0.178,  82.23,  0.217,  92.37,  0.234, 122.94,  0.153, 129.71,  0.126,  99.16,  0.053,  93.24,  0.065, 107.88,  0.123, 358.60,  0.017, 100.01,  0.091, 173.66,  0.191, 123.27,  0.202, 115.17,  0.222, 115.64,-99.000, -99.00,-99.000, -99.00,-99.000, -99.00,-99.000, -99.00,
8/27/2006 19:30:00, 12.5,275.8,  0.6,  3.5, 18.809, 28.87,  0.0,  0.0,  0.154,   6.34,  0.049, 201.37,  0.004,   0.00,  0.109, 105.95,  0.160, 124.58,  0.123, 123.04,  0.082, 133.03,  0.138, 177.10,  0.106, 181.62,  0.204, 160.23,  0.177, 147.93,  0.144, 142.89,  0.184, 123.00,  0.127, 141.06,  0.197, 121.51,  0.273, 106.84,-99.000, -99.00,-99.000, -99.00,-99.000, -99.00,-99.000, -99.00,
8/27/2006 19:35:00, 12.5,275.9,  0.6,  3.6, 18.816, 28.87,  0.0,  0.0,  0.115,  56.73,  0.061,  77.77,  0.101, 332.93,  0.152,  29.09,  0.078,  75.07,  0.088, 135.92,  0.113, 100.21,  0.114, 137.49,  0.076,  97.59,  0.113,  98.63,  0.112, 121.14,  0.036, 167.12,  0.038, 161.57,  0.160, 136.01,  0.227, 108.51,  0.256,  89.55,-99.000, -99.00,-99.000, -99.00,-99.000, -99.00,-99.000, -99.00,
8/27/2006 19:40:00, 12.5,275.8,  0.6,  3.5, 18.816, 28.87,  0.0,  0.0,  0.083, 343.96,  0.156,  13.32,  0.145,  58.29,  0.165,  35.13,  0.010, 135.00,  0.044, 159.90,  0.065, 319.40,  0.098, 136.24,  0.069, 141.47,  0.118, 158.02,  0.133, 135.00,  0.142, 143.62,  0.137, 113.58,  0.159, 121.40,  0.246, 100.08,  0.165,  93.81,-99.000, -99.00,-99.000, -99.00,-99.000, -99.00,-99.000, -99.00,
8/27/2006 19:45:00, 12.5,275.9,  0.6,  3.5, 18.819, 28.88,  0.0,  0.0,  0.073,  20.92,  0.025, 118.61,  0.037,  18.92,  0.086, 354.69,  0.044,  61.70,  0.048,  39.04,  0.081, 170.77,  0.147, 300.23,  0.005, 281.31,  0.124, 159.23,  0.083, 163.96,  0.030, 131.01,  0.035, 115.11,  0.035,  47.29,  0.098,  65.27,  0.062,  98.39,-99.000, -99.00,-99.000, -99.00,-99.000, -99.00,-99.000, -99.00,
8/27/2006 19:50:00, 12.5,275.8,  0.6,  3.6, 18.821, 28.88,  0.0,  0.0,  0.080, 355.00,  0.108,  15.07,  0.136, 351.99,  0.083, 355.18,  0.015, 246.80,  0.076, 315.00,  0.074, 247.62,  0.048, 151.29,  0.016, 284.93,  0.037, 252.55,  0.019, 198.43,  0.112, 171.29,  0.064, 174.64,  0.064, 122.95,  0.040, 264.29,  0.041, 182.79,-99.000, -99.00,-99.000, -99.00,-99.000, -99.00,-99.000, -99.00,
8/27/2006 19:55:00, 12.5,275.7,  0.6,  3.5, 18.829, 28.90,  0.0,  0.0,  0.110, 328.05,  0.077, 342.51,  0.073, 349.77,  0.113, 335.93,  0.046, 355.03,  0.096, 300.56,  0.077,  15.84,  0.058, 198.12,  0.009, 173.66,  0.046, 206.00,  0.032, 339.86,  0.135,  10.23,  0.094, 330.71,  0.075,   8.46,  0.084,  15.20,  0.034, 149.62,-99.000, -99.00,-99.000, -99.00,-99.000, -99.00,-99.000, -99.00,
8/27/2006 20:00:00, 12.5,275.9,  0.6,  3.5, 18.829, 28.91,  0.0,  0.0,  0.095, 316.27,  0.061,  45.00,  0.085,  27.47,  0.123,  12.68,  0.029, 321.95,  0.006, 321.34,  0.101, 347.47,  0.078, 327.53,  0.017, 356.63,  0.144, 286.93,  0.100, 265.43,  0.052, 217.97,  0.062, 245.10,  0.058, 290.32,  0.014, 347.91,  0.100, 204.78,-99.000, -99.00,-99.000, -99.00,-99.000, -99.00,-99.000, -99.00,
8/27/2006 20:05:00, 12.5,275.8,  0.6,  3.5, 18.842, 28.92,  0.0,  0.0,  0.076, 242.42,  0.059,   7.85,  0.101,   3.96,  0.089, 298.00,  0.082, 350.19,  0.131, 299.69,  0.099, 259.49,  0.121, 326.84,  0.066, 333.82,  0.021, 332.24,  0.073, 331.33,  0.049,  16.59,  0.070,  59.04,  0.119, 349.35,  0.094,   3.65,  0.065, 193.39,-99.000, -99.00,-99.000, -99.00,-99.000, -99.00,-99.000, -99.00,
8/27/2006 20:10:00, 12.5,275.8,  0.6,  3.5, 18.852, 28.92,  0.0,  0.0,  0.122, 255.28,  0.095, 310.73,  0.152, 335.46,  0.151, 329.69,  0.114, 358.49,  0.049, 358.83,  0.066,   9.61,  0.084,   2.73,  0.101, 268.30,  0.069, 194.24,  0.038, 315.00,  0.029, 333.43,  0.061,  51.63,  0.065, 341.00,  0.089, 352.87,  0.065, 251.29,-99.000, -99.00,-99.000, -99.00,-99.000, -99.00,-99.000, -99.00,
8/27/2006 20:15:00, 12.5,275.8,  0.6,  3.6, 18.847, 28.90,  0.0,  0.0,  0.070,  63.80,  0.057, 302.86,  0.115, 347.91,  0.084, 307.28,  0.065,   9.75,  0.083, 343.10,  0.041, 250.25,  0.057, 324.34,  0.123, 302.01,  0.119, 295.28,  0.148, 308.96,  0.053, 356.76,  0.092, 351.25,  0.106, 311.95,  0.181, 340.96,  0.022, 288.43,-99.000, -99.00,-99.000, -99.00,-99.000, -99.00,-99.000, -99.00,
8/27/2006 20:20:00, 12.5,275.7,  0.6,  3.5, 18.858, 28.90,  0.0,  0.0,  0.067, 311.99,  0.160, 330.88,  0.116, 310.82,  0.063, 341.57,  0.034, 294.30,  0.096, 300.86,  0.075, 294.51,  0.059,  64.75,  0.082, 252.90,  0.041, 120.96,  0.102, 273.93,  0.048, 249.30,  0.174, 289.48,  0.123, 319.96,  0.097,   0.00,  0.007, 180.00,-99.000, -99.00,-99.000, -99.00,-99.000, -99.00,-99.000, -99.00,
8/27/2006 20:25:00, 12.5,275.8,  0.6,  3.6, 18.859, 28.90,  0.0,  0.0,  0.101, 310.97,  0.114,  16.84,  0.136, 329.11,  0.108, 355.24,  0.108, 314.63,  0.049, 278.30,  0.107, 276.99,  0.093, 304.03,  0.047, 355.14,  0.058, 334.32,  0.058, 295.68,  0.132, 319.92,  0.115, 317.83,  0.064, 335.04,  0.099, 326.95,  0.095, 287.86,-99.000, -99.00,-99.000, -99.00,-99.000, -99.00,-99.000, -99.00,
8/27/2006 20:30:00, 12.5,275.8,  0.6,  3.5, 18.855, 28.92,  0.0,  0.0,  0.089, 218.16,  0.019, 141.34,  0.072, 332.02,  0.018,  45.00,  0.063, 341.57,  0.081, 349.38,  0.071, 301.24,  0.091, 300.21,  0.100, 289.34,  0.049, 280.62,  0.068, 297.32,  0.097, 356.46,  0.058, 101.89,  0.051, 323.81,  0.030, 327.38,  0.102, 234.59,-99.000, -99.00,-99.000, -99.00,-99.000, -99.00,-99.000, -99.00,
8/27/2006 20:35:00, 12.5,275.8,  0.6,  3.5, 18.862, 28.93,  0.0,  0.0,  0.049,  52.43,  0.077,  72.51,  0.105, 261.25,  0.060, 270.95,  0.062, 272.77,  0.034,  15.26,  0.064,  44.37,  0.075,  77.64,  0.054, 356.82,  0.110, 299.36,  0.050, 336.50,  0.045,  34.05,  0.043, 307.41,  0.048, 326.98,  0.033, 100.62,  0.062, 117.80,-99.000, -99.00,-99.000, -99.00,-99.000, -99.00,-99.000, -99.00,
8/27/2006 20:40:00, 12.5,275.8,  0.6,  3.5, 18.871, 28.94,  0.0,  0.0,  0.095,  41.58,  0.071,  31.24,  0.086,  10.01,  0.020, 315.00,  0.081,   5.64,  0.140, 326.99,  0.030, 291.45,  0.019, 152.10,  0.059, 222.93,  0.085, 206.57,  0.084, 198.65,  0.046, 283.74,  0.044, 129.47,  0.075, 283.85,  0.084, 259.76,  0.016, 230.19,-99.000, -99.00,-99.000, -99.00,-99.000, -99.00,-99.000, -99.00,
8/27/2006 20:45:00, 12.5,275.7,  0.6,  3.5, 18.885, 28.95,  0.0,  0.0,  0.037, 122.83,  0.045,  90.00,  0.075, 356.95,  0.067, 275.96,  0.072, 339.54,  0.108,  15.07,  0.036, 345.58,  0.086, 330.75,  0.097, 308.29,  0.073, 300.43,  0.047, 215.39,  0.110, 283.15,  0.094, 327.15,  0.027,  15.07,  0.016,  37.57,  0.026, 234.46,-99.000, -99.00,-99.000, -99.00,-99.000, -99.00,-99.000, -99.00,
8/27/2006 20:50:00, 12.5,275.9,  0.6,  3.5, 18.884, 28.96,  0.0,  0.0,  0.105,   8.21,  0.075, 281.61,  0.008,   7.13,  0.034, 215.54,  0.016, 232.43,  0.044, 272.60,  0.046, 307.12,  0.184, 292.67,  0.084, 286.70,  0.082, 270.70,  0.119, 292.25,  0.074, 290.65,  0.083, 286.04,  0.028, 334.36,  0.039, 307.75,  0.045, 173.66,-99.000, -99.00,-99.000, -99.00,-99.000, -99.00,-99.000, -99.00,
8/27/2006 20:55:00, 12.5,275.9,  0.6,  3.6, 18.890, 28.97,  0.0,  0.0,  0.099, 350.73,  0.048, 304.02,  0.074, 332.74,  0.050, 148.84,  0.085,  24.17,  0.034, 349.70,  0.057,  83.99,  0.060,   6.65,  0.156, 333.76,  0.116, 289.06,  0.077, 290.56,  0.118, 291.80,  0.066, 311.92,  0.098, 285.46,  0.056, 288.76,  0.012, 155.56,-99.000, -99.00,-99.000, -99.00,-99.000, -99.00,-99.000, -99.00,
8/27/2006 21:00:00, 12.5,275.7,  0.6,  3.5, 18.898, 28.98,  0.0,  0.0,  0.047, 317.56,  0.058, 350.05,  0.096, 353.99,  0.084,  13.71,  0.049, 334.49,  0.061, 300.32,  0.078, 304.51,  0.103, 351.09,  0.119, 305.43,  0.076, 281.46,  0.183, 255.74,  0.111, 259.09,  0.076, 276.84,  0.136, 282.71,  0.057, 346.70,  0.094, 257.74,-99.000, -99.00,-99.000, -99.00,-99.000, -99.00,-99.000, -99.00,
8/27/2006 21:05:00, 12.5,275.8,  0.6,  3.5, 18.893, 28.98,  0.0,  0.0,  0.030, 225.00,  0.099, 351.87,  0.038, 338.20,  0.032, 356.42,  0.107, 346.48,  0.047,  85.14,  0.076, 278.34,  0.062, 340.10,  0.117,   8.82,  0.055, 306.87,  0.102, 333.94,  0.016, 320.19,  0.084, 333.74,  0.055, 312.06,  0.029, 342.18,  0.043, 232.59,-99.000, -99.00,-99.000, -99.00,-99.000, -99.00,-99.000, -99.00,
8/27/2006 21:10:00, 12.5,275.7,  0.6,  3.6, 18.901, 28.98,  0.0,  0.0,  0.047, 357.56,  0.090, 291.45,  0.098, 260.06,  0.066, 320.53,  0.090, 324.02,  0.089, 309.56,  0.073, 334.13,  0.050,  12.65,  0.052, 306.43,  0.146, 302.38,  0.102, 309.01,  0.106, 284.83,  0.072, 279.59,  0.040, 316.01,  0.143, 302.69,  0.076, 249.18,-99.000, -99.00,-99.000, -99.00,-99.000, -99.00,-99.000, -99.00,
8/27/2006 21:15:00, 12.5,275.7,  0.6,  3.5, 18.904, 28.98,  0.0,  0.0,  0.062, 311.71,  0.030, 264.29,  0.026, 329.42,  0.103, 348.25,  0.079,   5.78,  0.165, 331.72,  0.106, 341.22,  0.096, 329.14,  0.046, 332.88,  0.131, 332.65,  0.106, 328.85,  0.069, 304.38,  0.067, 278.62,  0.119, 288.13,  0.109, 308.66,  0.044, 259.46,-99.000, -99.00,-99.000, -99.00,-99.000, -99.00,-99.000, -99.00,
8/27/2006 21:20:00, 12.5,275.8,  0.6,  3.5, 18.907, 28.98,  0.0,  0.0,  0.084, 345.47,  0.101, 341.57,  0.078, 350.42,  0.087, 339.06,  0.052, 324.46,  0.065, 293.43,  0.065, 341.00,  0.025, 293.50,  0.033, 289.54,  0.078, 252.03,  0.058, 320.57,  0.025,   6.84,  0.040, 311.99,  0.018, 141.84,  0.043, 309.29,  0.018, 209.36,-99.000, -99.00,-99.000, -99.00,-99.000, -99.00,-99.000, -99.00,
8/27/2006 21:25:00, 12.5,275.8,  0.6,  3.5, 18.910, 28.98,  0.0,  0.0,  0.066,  23.09,  0.080, 295.92,  0.111,   0.00,  0.114, 359.50,  0.060, 272.86,  0.081, 332.18,  0.105, 323.13,  0.048, 325.98,  0.076, 332.76,  0.103, 340.68,  0.074,  13.28,  0.097, 352.29,  0.059, 336.04,  0.104, 302.47,  0.068, 286.29,  0.049, 255.68,-99.000, -99.00,-99.000, -99.00,-99.000, -99.00,-99.000, -99.00,
8/27/2006 21:30:00, 12.5,275.8,  0.6,  3.6, 18.914, 28.99,  0.0,  0.0,  0.076, 294.88,  0.096, 296.03,  0.031, 309.81,  0.079, 335.38,  0.028, 349.88,  0.042, 313.09,  0.045, 268.73,  0.064, 302.20,  0.031, 350.84,  0.056, 292.93,  0.100, 258.47,  0.127, 293.73,  0.092, 258.69,  0.133, 274.30,  0.099, 305.94,  0.064, 249.86,-99.000, -99.00,-99.000, -99.00,-99.000, -99.00,-99.000, -99.00,
8/27/2006 21:35:00, 12.5,275.8,  0.6,  3.6, 18.917, 28.98,  0.0,  0.0,  0.136,  21.10,  0.057, 344.74,  0.014, 135.00,  0.037, 329.30,  0.078, 329.80,  0.045, 308.66,  0.080, 355.71,  0.151, 304.74,  0.085, 285.67,  0.139, 333.99,  0.144, 301.37,  0.116, 312.21,  0.123, 293.01,  0.072, 294.78,  0.112, 301.14,  0.107, 241.52,-99.000, -99.00,-99.000, -99.00,-99.000, -99.00,-99.000, -99.00,
8/27/2006 21:40:00, 12.5,275.8,  0.6,  3.5, 18.930, 28.98,  0.0,  0.0,  0.034, 186.71,  0.084, 305.78,  0.059, 317.07,  0.025, 288.43,  0.088, 317.77,  0.122, 299.92,  0.107, 287.42,  0.112, 301.84,  0.056, 308.50,  0.070, 321.34,  0.041, 327.85,  0.027, 318.01,  0.049, 240.83,  0.093, 265.08,  0.141, 300.75,  0.083, 232.85,-99.000, -99.00,-99.000, -99.00,-99.000, -99.00,-99.000, -99.00,
8/27/2006 21:45:00, 12.5,275.7,  0.6,  3.5, 18.926, 28.97,  0.0,  0.0,  0.085, 344.33,  0.067, 319.86,  0.084, 328.21,  0.141, 308.66,  0.095, 266.39,  0.048, 319.27,  0.128, 289.56,  0.084, 287.35,  0.100, 278.62,  0.179, 303.16,  0.128, 294.56,  0.167, 273.08,  0.083, 315.00,  0.084, 347.62,  0.069,  54.46,  0.063, 297.38,-99.000, -99.00,-99.000, -99.00,-99.000, -99.00,-99.000, -99.00,
8/27/2006 21:50:00, 12.5,275.7,  0.6,  3.6, 18.936, 28.97,  0.0,  0.0,  0.099, 340.46,  0.047, 303.69,  0.132, 308.52,  0.094, 318.47,  0.034,  18.97,  0.125, 307.51,  0.098, 268.25,  0.115, 316.76,  0.100, 264.86,  0.104, 259.99,  0.096, 293.36,  0.097, 291.80,  0.143, 303.02,  0.080, 307.87,  0.039, 252.03,  0.039, 190.44,-99.000, -99.00,-99.000, -99.00,-99.000, -99.00,-99.000, -99.00,
8/27/2006 21:55:00, 12.5,275.8,  0.6,  3.6, 18.938, 28.96,  0.0,  0.0,  0.144, 277.96,  0.197, 293.31,  0.062, 255.96,  0.017, 270.00,  0.044,  43.15,  0.105, 293.63,  0.061, 254.83,  0.065, 274.40,  0.005, 258.69,  0.076, 302.64,  0.128, 305.17,  0.072, 292.99,  0.128, 294.56,  0.070, 277.43,  0.047, 309.81,  0.036, 242.02,-99.000, -99.00,-99.000, -99.00,-99.000, -99.00,-99.000, -99.00,
8/27/2006 22:00:00, 12.5,275.8,  0.6,  3.6, 18.934, 28.95,  0.0,  0.0,  0.076, 304.32,  0.100, 249.58,  0.072, 328.08,  0.083, 330.34,  0.067,  69.94,  0.088, 203.37,  0.147, 261.76,  0.133, 260.47,  0.064, 261.87,  0.047, 334.54,  0.074, 283.28,  0.168, 282.71,  0.191, 276.90,  0.097, 280.15,  0.034, 287.35,  0.111, 212.83,-99.000, -99.00,-99.000, -99.00,-99.000, -99.00,-99.000, -99.00,
8/27/2006 22:05:00, 12.5,275.8,  0.6,  3.5, 18.936, 28.95,  0.0,  0.0,  0.115, 234.23,  0.143, 282.96,  0.045, 315.00,  0.061, 302.91,  0.089,  26.85,  0.114, 278.06,  0.053, 338.81,  0.099, 317.45,  0.117, 310.50,  0.164, 285.56,  0.078, 317.08,  0.119, 297.00,  0.079, 217.30,  0.042, 252.00,  0.100, 280.41,  0.096, 202.57,-99.000, -99.00,-99.000, -99.00,-99.000, -99.00,-99.000, -99.00,
8/27/2006 22:10:00, 12.5,275.7,  0.6,  3.5, 18.942, 28.95,  0.0,  0.0,  0.153, 339.79,  0.136,   3.37,  0.085, 280.91,  0.119, 355.67,  0.092, 321.15,  0.176, 300.07,  0.060, 265.24,  0.077, 273.72,  0.078, 264.14,  0.180, 304.57,  0.142, 308.72,  0.188, 317.15,  0.114, 320.32,  0.117, 300.29,  0.109, 307.18,  0.112, 241.14,-99.000, -99.00,-99.000, -99.00,-99.000, -99.00,-99.000, -99.00,
8/27/2006 22:15:00, 12.5,275.7,  0.6,  3.5, 18.939, 28.95,  0.0,  0.0,  0.110, 308.74,  0.087, 158.44,  0.041, 285.38,  0.132, 261.75,  0.160, 323.63,  0.055, 316.47,  0.142, 294.04,  0.114, 292.74,  0.155, 306.35,  0.130, 294.99,  0.121, 276.65,  0.146, 277.08,  0.082, 284.04,  0.087, 270.00,  0.137, 283.12,  0.056, 217.07,-99.000, -99.00,-99.000, -99.00,-99.000, -99.00,-99.000, -99.00,
8/27/2006 22:20:00, 12.5,275.6,  0.6,  3.6, 18.941, 28.94,  0.0,  0.0,  0.123, 318.64,  0.137, 270.84,  0.078, 305.11,  0.043, 300.74,  0.110, 264.24,  0.157, 298.03,  0.168, 277.17,  0.054, 302.80,  0.086, 312.63,  0.097, 296.30,  0.067, 339.15,  0.096, 303.52,  0.090, 278.31,  0.135, 299.22,  0.108, 332.96,  0.127, 235.56,-99.000, -99.00,-99.000, -99.00,-99.000, -99.00,-99.000, -99.00,
8/27/2006 22:25:00, 12.5,275.8,  0.6,  3.5, 18.940, 28.94,  0.0,  0.0,  0.079, 270.73,  0.087, 270.00,  0.077, 324.03,  0.120, 308.59,  0.099, 313.36,  0.110, 308.33,  0.076, 343.95,  0.131, 338.93,  0.077, 344.88,  0.113, 325.47,  0.052, 306.43,  0.122, 304.99,  0.098, 298.14,  0.069, 303.23,  0.080, 301.70,  0.095, 258.45,-99.000, -99.00,-99.000, -99.00,-99.000, -99.00,-99.000, -99.00,
8/27/2006 22:30:00, 12.5,275.8,  0.6,  3.5, 18.944, 28.94,  0.0,  0.0,  0.080,  50.56,  0.093, 281.19,  0.021, 264.56,  0.168, 283.79,  0.083, 319.40,  0.124, 286.39,  0.052, 305.54,  0.081, 283.52,  0.102, 288.79,  0.086, 323.00,  0.123, 342.45,  0.080,  24.33,  0.111, 275.71,  0.195, 255.47,  0.143, 268.80,  0.096, 242.63,-99.000, -99.00,-99.000, -99.00,-99.000, -99.00,-99.000, -99.00,
8/27/2006 22:35:00, 12.5,275.8,  0.6,  3.5, 18.942, 28.94,  0.0,  0.0,  0.096, 306.99,  0.048, 267.61,  0.154, 294.23,  0.198, 302.40,  0.087, 327.23,  0.107, 302.06,  0.105, 316.15,  0.104, 298.79,  0.179, 302.72,  0.115, 251.25,  0.141, 266.35,  0.130, 272.20,  0.172, 289.38,  0.134, 277.28,  0.032, 167.28,  0.158, 213.39,-99.000, -99.00,-99.000, -99.00,-99.000, -99.00,-99.000, -99.00,
8/27/2006 22:40:00, 12.5,275.8,  0.6,  3.5, 18.949, 28.94,  0.0,  0.0,  0.079, 325.30,  0.072, 245.22,  0.032, 299.74,  0.050, 343.74,  0.235, 303.22,  0.191, 296.70,  0.092, 335.66,  0.072, 309.91,  0.066, 306.35,  0.136, 318.58,  0.097, 335.56,  0.145, 294.80,  0.171, 279.41,  0.112, 283.91,  0.117, 304.91,  0.067, 223.19,-99.000, -99.00,-99.000, -99.00,-99.000, -99.00,-99.000, -99.00,
8/27/2006 22:45:00, 12.5,275.7,  0.6,  3.5, 18.952, 28.94,  0.0,  0.0,  0.162, 310.99,  0.140, 311.22,  0.092, 333.43,  0.154, 295.40,  0.061, 309.69,  0.106, 287.58,  0.034,  96.71,  0.108, 273.71,  0.071, 293.30,  0.096, 300.04,  0.156, 298.70,  0.182, 292.91,  0.138, 279.19,  0.125, 276.90,  0.125, 305.22,  0.066, 203.09,-99.000, -99.00,-99.000, -99.00,-99.000, -99.00,-99.000, -99.00,
8/27/2006 22:50:00, 12.5,275.8,  0.6,  3.5, 18.955, 28.94,  0.0,  0.0,  0.095, 329.66,  0.070, 317.89,  0.062, 299.05,  0.108, 284.42,  0.129, 329.87,  0.071,   1.61,  0.163, 283.52,  0.138, 293.96,  0.168, 263.17,  0.092, 281.31,  0.243, 290.97,  0.161, 286.63,  0.152, 300.96,  0.116, 300.11,  0.108, 292.78,  0.094, 264.53,-99.000, -99.00,-99.000, -99.00,-99.000, -99.00,-99.000, -99.00,
8/27/2006 22:55:00, 12.5,275.8,  0.6,  3.5, 18.951, 28.94,  0.0,  0.0,  0.135, 310.51,  0.035, 261.87,  0.107, 304.73,  0.081, 281.45,  0.044, 295.41,  0.067, 321.07,  0.114, 334.56,  0.146, 317.78,  0.184, 308.61,  0.081, 352.87,  0.141, 325.41,  0.165, 305.13,  0.121, 298.04,  0.172, 293.59,  0.076, 288.43,  0.109, 237.33,-99.000, -99.00,-99.000, -99.00,-99.000, -99.00,-99.000, -99.00,
8/27/2006 23:00:00, 12.5,275.8,  0.6,  3.5, 18.960, 28.95,  0.0,  0.0,  0.133, 337.48,  0.086, 311.69,  0.079, 288.43,  0.076, 311.26,  0.189, 324.88,  0.149, 331.88,  0.047,   6.07,  0.085, 272.69,  0.119, 270.00,  0.116, 265.56,  0.139, 276.20,  0.115, 271.00,  0.180, 273.50,  0.176, 297.00,  0.087, 290.10,  0.078, 224.48,-99.000, -99.00,-99.000, -99.00,-99.000, -99.00,-99.000, -99.00,
8/27/2006 23:05:00, 12.5,275.7,  0.6,  3.5, 18.959, 28.95,  0.0,  0.0,  0.148, 358.07,  0.122, 320.97,  0.135, 312.30,  0.130, 308.45,  0.154, 327.44,  0.142, 304.70,  0.089, 313.18,  0.071, 347.74,  0.129, 310.60,  0.073, 307.18,  0.085, 323.13,  0.113, 312.85,  0.106, 298.01,  0.200, 271.15,  0.190, 302.10,  0.008, 150.26,-99.000, -99.00,-99.000, -99.00,-99.000, -99.00,-99.000, -99.00,
8/27/2006 23:10:00, 12.5,275.8,  0.6,  3.5, 18.956, 28.95,  0.0,  0.0,  0.119,  28.73,  0.038, 204.57,  0.134, 298.10,  0.163, 280.97,  0.126, 302.05,  0.149, 280.41,  0.189, 297.38,  0.153, 285.95,  0.061, 332.59,  0.134, 300.01,  0.062, 284.93,  0.152, 260.17,  0.142, 280.99,  0.228, 280.12,  0.207, 289.13,  0.094, 239.88,-99.000, -99.00,-99.000, -99.00,-99.000, -99.00,-99.000, -99.00,
8/27/2006 23:15:00, 12.5,275.8,  0.6,  3.5, 18.956, 28.96,  0.0,  0.0,  0.110, 276.28,  0.157, 339.15,  0.112, 323.33,  0.160, 306.87,  0.029, 352.15,  0.095, 309.88,  0.094, 291.12,  0.182, 281.74,  0.106, 297.05,  0.152, 306.19,  0.132, 284.88,  0.212, 274.88,  0.164, 302.82,  0.148, 321.04,  0.124, 302.79,  0.159, 246.33,-99.000, -99.00,-99.000, -99.00,-99.000, -99.00,-99.000, -99.00,
8/27/2006 23:20:00, 12.5,275.7,  0.6,  3.6, 18.952, 28.96,  0.0,  0.0,  0.117, 321.95,  0.115, 351.03,  0.124, 323.87,  0.199, 344.29,  0.158, 297.54,  0.080, 325.71,  0.121, 336.18,  0.113, 317.86,  0.064, 318.81,  0.141, 308.09,  0.188, 289.59,  0.223, 284.78,  0.218, 268.95,  0.117, 268.53,  0.111, 309.87,  0.079, 257.55,-99.000, -99.00,-99.000, -99.00,-99.000, -99.00,-99.000, -99.00,
8/27/2006 23:25:00, 12.5,275.7,  0.6,  3.6, 18.947, 28.96,  0.0,  0.0,  0.165, 324.87,  0.086, 272.66,  0.107, 315.00,  0.165, 322.64,  0.132, 304.17,  0.068, 330.78,  0.229, 311.28,  0.120, 348.97,  0.124, 293.26,  0.252, 300.03,  0.223, 293.47,  0.204, 300.58,  0.225, 288.11,  0.194, 313.96,  0.146, 352.53,  0.114, 242.99,-99.000, -99.00,-99.000, -99.00,-99.000, -99.00,-99.000, -99.00,
8/27/2006 23:30:00, 12.5,275.8,  0.6,  3.5, 18.949, 28.96,  0.0,  0.0,  0.140, 355.07,  0.155, 327.13,  0.088, 312.23,  0.170, 323.87,  0.192, 328.63,  0.154, 331.27,  0.185, 314.34,  0.212, 321.51,  0.138, 303.46,  0.185, 307.55,  0.221, 316.10,  0.268, 288.03,  0.212, 285.02,  0.213, 294.40,  0.154, 312.37,  0.055, 249.93,-99.000, -99.00,-99.000, -99.00,-99.000, -99.00,-99.000, -99.00,
8/27/2006 23:35:00, 12.5,275.7,  0.6,  3.5, 18.941, 28.96,  0.0,  0.0,  0.164, 329.52,  0.150, 296.91,  0.143,   6.83,  0.059, 276.77,  0.133, 296.76,  0.127, 303.44,  0.128, 279.90,  0.231, 285.30,  0.180, 277.99,  0.217, 286.60,  0.211, 292.56,  0.288, 287.99,  0.276, 277.49,  0.192, 294.69,  0.222, 286.72,  0.052, 206.08,-99.000, -99.00,-99.000, -99.00,-99.000, -99.00,-99.000, -99.00,
8/27/2006 23:40:00, 12.5,275.8,  0.6,  3.5, 18.940, 28.96,  0.0,  0.0,  0.135, 351.51,  0.029,  38.05,  0.117, 308.05,  0.226, 318.41,  0.198, 302.01,  0.100, 301.46,  0.182, 324.39,  0.121, 313.33,  0.166, 304.46,  0.105, 296.08,  0.149, 267.31,  0.174, 277.94,  0.213, 308.32,  0.157, 323.79,  0.162, 309.99,  0.122, 228.99,-99.000, -99.00,-99.000, -99.00,-99.000, -99.00,-99.000, -99.00,
8/27/2006 23:45:00, 12.5,275.7,  0.6,  3.5, 18.936, 28.96,  0.0,  0.0,  0.242, 295.72,  0.082, 295.31,  0.178, 305.39,  0.166, 297.95,  0.121, 309.62,  0.150, 303.58,  0.167, 284.20,  0.209, 305.28,  0.168, 309.46,  0.138, 320.30,  0.218, 301.50,  0.214, 285.72,  0.240, 286.70,  0.187, 296.29,  0.161, 297.04,  0.092, 265.65,-99.000, -99.00,-99.000, -99.00,-99.000, -99.00,-99.000, -99.00,
8/27/2006 23:50:00, 12.5,275.8,  0.6,  3.5, 18.950, 28.96,  0.0,  0.0,  0.155, 329.80,  0.151, 316.61,  0.148, 347.55,  0.201, 314.60,  0.207, 325.85,  0.152, 323.58,  0.128, 323.58,  0.216, 303.47,  0.143, 322.41,  0.251, 314.19,  0.246, 308.08,  0.283, 304.36,  0.179, 321.14,  0.268, 315.76,  0.193, 318.14,  0.100, 334.46,-99.000, -99.00,-99.000, -99.00,-99.000, -99.00,-99.000, -99.00,
8/27/2006 23:55:00, 12.5,275.7,  0.6,  3.5, 18.937, 28.96,  0.0,  0.0,  0.187, 337.97,  0.127, 311.82,  0.227, 309.45,  0.205, 284.72,  0.124, 315.65,  0.125, 307.87,  0.157, 294.78,  0.179, 304.31,  0.221, 315.18,  0.262, 290.30,  0.228, 302.09,  0.334, 301.41,  0.209, 303.46,  0.229, 287.25,  0.222, 293.10,  0.082, 292.83,-99.000, -99.00,-99.000, -99.00,-99.000, -99.00,-99.000, -99.00,
8/28/2006 00:00:00, 12.5,275.7,  0.6,  3.5, 18.936, 28.96,  0.0,  0.0,  0.164, 295.63,  0.046, 325.62,  0.181, 349.81,  0.216, 318.56,  0.172, 308.87,  0.160, 319.83,  0.234, 325.97,  0.185, 318.29,  0.213, 306.60,  0.195, 297.09,  0.157, 312.42,  0.230, 306.87,  0.285, 297.10,  0.142, 306.15,  0.186, 294.78,  0.156, 255.87,-99.000, -99.00,-99.000, -99.00,-99.000, -99.00,-99.000, -99.00,
8/28/2006 00:05:00, 12.5,275.7,  0.6,  3.5, 18.930, 28.97,  0.0,  0.0,  0.157, 324.08,  0.171, 285.26,  0.201, 294.14,  0.153, 261.34,  0.175, 266.08,  0.148, 286.85,  0.150, 298.27,  0.202, 298.34,  0.147, 284.98,  0.219, 273.40,  0.227, 303.34,  0.222, 279.84,  0.196, 266.50,  0.239, 272.64,  0.151, 308.54,  0.073, 308.90,-99.000, -99.00,-99.000, -99.00,-99.000, -99.00,-99.000, -99.00,
8/28/2006 00:10:00, 12.5,275.7,  0.6,  3.5, 18.929, 28.97,  0.0,  0.0,  0.256, 309.60,  0.178, 343.39,  0.137, 317.36,  0.094, 295.75,  0.205, 312.63,  0.195, 270.29,  0.248, 306.64,  0.194, 300.41,  0.294, 308.93,  0.299, 308.75,  0.218, 301.87,  0.206, 301.53,  0.197, 312.12,  0.170, 281.18,  0.192, 286.64,  0.101, 237.09,-99.000, -99.00,-99.000, -99.00,-99.000, -99.00,-99.000, -99.00,
8/28/2006 00:15:00, 12.5,275.8,  0.6,  3.6, 18.922, 28.97,  0.0,  0.0,  0.114, 277.06,  0.092, 285.09,  0.207, 298.92,  0.260, 284.95,  0.110, 297.03,  0.137, 290.56,  0.119, 326.31,  0.238, 291.71,  0.179, 307.96,  0.210, 293.02,  0.134, 289.65,  0.118, 287.82,  0.259, 291.31,  0.180, 289.85,  0.186, 291.46,  0.208, 241.21,-99.000, -99.00,-99.000, -99.00,-99.000, -99.00,-99.000, -99.00,
8/28/2006 00:20:00, 12.5,275.7,  0.6,  3.5, 18.925, 28.96,  0.0,  0.0,  0.074, 298.30,  0.167, 273.77,  0.105, 321.93,  0.140, 293.09,  0.165, 307.84,  0.174, 280.92,  0.156, 307.46,  0.204, 302.36,  0.215, 301.69,  0.170, 295.06,  0.207, 284.84,  0.206, 291.96,  0.154, 288.20,  0.200, 277.48,  0.202, 281.98,  0.125, 237.07,-99.000, -99.00,-99.000, -99.00,-99.000, -99.00,-99.000, -99.00,
8/28/2006 00:25:00, 12.5,275.8,  0.6,  3.5, 18.928, 28.96,  0.0,  0.0,  0.139, 321.15,  0.081, 328.07,  0.180, 291.86,  0.178, 286.61,  0.144, 296.92,  0.226, 279.42,  0.187, 281.07,  0.135, 328.31,  0.186, 283.36,  0.111, 268.45,  0.131, 292.05,  0.078, 294.26,  0.157, 285.90,  0.105, 291.70,  0.182, 298.54,  0.189, 255.30,-99.000, -99.00,-99.000, -99.00,-99.000, -99.00,-99.000, -99.00,
8/28/2006 00:30:00, 12.5,275.7,  0.6,  3.5, 18.929, 28.95,  0.0,  0.0,  0.173, 301.02,  0.116, 311.14,  0.102, 285.40,  0.147, 311.41,  0.132, 308.52,  0.198, 304.73,  0.180, 292.16,  0.226, 296.57,  0.202, 299.74,  0.213, 293.80,  0.161, 293.39,  0.216, 299.42,  0.153, 284.40,  0.134, 290.06,  0.198, 317.05,  0.130, 262.93,-99.000, -99.00,-99.000, -99.00,-99.000, -99.00,-99.000, -99.00,
8/28/2006 00:35:00, 12.5,275.7,  0.6,  3.6, 18.926, 28.95,  0.0,  0.0,  0.126, 315.00,  0.222, 336.33,  0.120, 313.98,  0.217, 316.31,  0.128, 305.43,  0.134, 341.29,  0.211, 313.46,  0.204, 305.02,  0.201, 300.77,  0.165, 301.38,  0.188, 298.88,  0.193, 285.33,  0.115, 285.60,  0.219, 279.72,  0.163, 282.76,  0.103, 223.43,-99.000, -99.00,-99.000, -99.00,-99.000, -99.00,-99.000, -99.00,
8/28/2006 00:40:00, 12.5,275.7,  0.6,  3.6, 18.927, 28.95,  0.0,  0.0,  0.188, 300.39,  0.151, 308.54,  0.180, 291.45,  0.061, 293.20,  0.090, 294.86,  0.141, 272.84,  0.152, 287.60,  0.139, 296.93,  0.118, 279.30,  0.140, 270.00,  0.175, 276.88,  0.221, 290.98,  0.212, 283.91,  0.153, 266.26,  0.160, 290.14,  0.142, 264.73,-99.000, -99.00,-99.000, -99.00,-99.000, -99.00,-99.000, -99.00,
8/28/2006 00:45:00, 12.5,275.7,  0.6,  3.5, 18.924, 28.95,  0.0,  0.0,  0.155, 319.96,  0.127, 318.52,  0.089, 346.43,  0.133, 318.98,  0.135, 313.50,  0.101, 311.78,  0.148, 314.18,  0.184, 286.46,  0.172, 293.29,  0.198, 283.41,  0.174, 279.95,  0.168, 256.95,  0.162, 270.00,  0.195, 289.18,  0.264, 293.17,  0.161, 244.70,-99.000, -99.00,-99.000, -99.00,-99.000, -99.00,-99.000, -99.00,
8/28/2006 00:50:00, 12.5,275.9,  0.6,  3.5, 18.919, 28.95,  0.0,  0.0,  0.214, 282.15,  0.150, 325.35,  0.183, 318.11,  0.143, 273.60,  0.154, 307.61,  0.197, 293.96,  0.127, 269.55,  0.165, 290.96,  0.145, 304.02,  0.192, 269.70,  0.112, 274.59,  0.145, 280.30,  0.241, 278.10,  0.211, 292.91,  0.195, 285.74,  0.183, 250.58,-99.000, -99.00,-99.000, -99.00,-99.000, -99.00,-99.000, -99.00,
8/28/2006 00:55:00, 12.5,275.8,  0.6,  3.5, 18.915, 28.96,  0.0,  0.0,  0.156, 340.17,  0.213, 342.25,  0.234, 281.84,  0.165, 319.44,  0.242, 323.22,  0.233, 298.77,  0.169, 297.02,  0.258, 295.77,  0.175, 297.88,  0.179, 272.56,  0.206, 290.20,  0.217, 298.57,  0.198, 273.18,  0.180, 248.85,  0.094, 297.93,  0.099, 267.11,-99.000, -99.00,-99.000, -99.00,-99.000, -99.00,-99.000, -99.00,
8/28/2006 01:00:00, 12.5,275.8,  0.6,  3.5, 18.909, 28.96,  0.0,  0.0,  0.205, 294.56,  0.174, 294.06,  0.206, 305.93,  0.219, 312.05,  0.182, 307.87,  0.215, 298.95,  0.107, 305.48,  0.237, 287.90,  0.185, 296.98,  0.233, 306.28,  0.208, 295.33,  0.130, 304.67,  0.210, 289.73,  0.078, 242.45,  0.116, 261.59,  0.160, 235.42,-99.000, -99.00,-99.000, -99.00,-99.000, -99.00,-99.000, -99.00,
8/28/2006 01:05:00, 12.5,275.8,  0.6,  3.5, 18.899, 28.96,  0.0,  0.0,  0.146, 305.54,  0.148, 290.15,  0.169, 295.65,  0.154, 284.67,  0.111, 287.29,  0.123, 276.08,  0.121, 308.96,  0.140, 262.62,  0.138, 271.66,  0.160, 295.92,  0.156, 331.62,  0.120, 321.79,  0.125, 263.10,  0.207, 266.96,  0.201, 279.18,  0.130, 241.07,-99.000, -99.00,-99.000, -99.00,-99.000, -99.00,-99.000, -99.00,
8/28/2006 01:10:00, 12.5,275.7,  0.6,  3.5, 18.893, 28.96,  0.0,  0.0,  0.213, 291.75,  0.124, 276.49,  0.047, 270.00,  0.162, 292.13,  0.181, 288.33,  0.151, 300.12,  0.210, 284.37,  0.081, 241.22,  0.128, 279.02,  0.184, 272.80,  0.173, 302.22,  0.123, 329.28,  0.185, 301.28,  0.130, 291.23,  0.060, 309.56,  0.132, 265.24,-99.000, -99.00,-99.000, -99.00,-99.000, -99.00,-99.000, -99.00,
8/28/2006 01:15:00, 12.5,275.8,  0.6,  3.6, 18.885, 28.96,  0.0,  0.0,  0.122, 318.99,  0.110, 308.01,  0.110, 290.25,  0.086, 287.59,  0.111, 281.92,  0.132, 284.46,  0.053, 257.01,  0.154, 276.71,  0.192, 273.87,  0.117, 295.91,  0.206, 288.70,  0.180, 295.29,  0.079, 312.95,  0.153, 276.75,  0.080, 270.00,  0.104, 247.38,-99.000, -99.00,-99.000, -99.00,-99.000, -99.00,-99.000, -99.00,
8/28/2006 01:20:00, 12.5,275.9,  0.6,  3.6, 18.886, 28.96,  0.0,  0.0,  0.147, 289.42,  0.233, 302.74,  0.134, 298.10,  0.208, 303.23,  0.228, 326.10,  0.230, 302.03,  0.085, 291.43,  0.100, 294.78,  0.103, 330.46,  0.203, 300.09,  0.120, 290.56,  0.102, 286.48,  0.133, 289.39,  0.128, 267.76,  0.099, 286.98,  0.144, 246.28,-99.000, -99.00,-99.000, -99.00,-99.000, -99.00,-99.000, -99.00,
8/28/2006 01:25:00, 12.5,275.8,  0.6,  3.5, 18.876, 28.95,  0.0,  0.0,  0.170, 290.36,  0.231, 296.79,  0.097, 334.23,  0.120, 268.57,  0.054, 314.26,  0.100, 306.87,  0.135, 291.25,  0.144, 301.92,  0.110, 298.90,  0.059, 244.75,  0.119, 270.96,  0.160, 307.87,  0.111, 288.43,  0.165, 292.51,  0.143, 309.04,  0.118, 250.18,-99.000, -99.00,-99.000, -99.00,-99.000, -99.00,-99.000, -99.00,
8/28/2006 01:30:00, 12.5,275.8,  0.6,  3.5, 18.878, 28.95,  0.0,  0.0,  0.078, 301.85,  0.087, 338.44,  0.138, 319.98,  0.117, 259.17,  0.081, 301.93,  0.122, 303.30,  0.230, 312.36,  0.207, 308.92,  0.224, 288.52,  0.098, 270.58,  0.083, 256.13,  0.101, 271.70,  0.123, 282.23,  0.179, 289.24,  0.119, 296.57,  0.126, 214.32,-99.000, -99.00,-99.000, -99.00,-99.000, -99.00,-99.000, -99.00,
8/28/2006 01:35:00, 12.5,275.8,  0.6,  3.5, 18.865, 28.95,  0.0,  0.0,  0.106, 337.80,  0.166, 320.37,  0.157, 308.26,  0.166, 288.65,  0.162, 309.99,  0.131, 319.64,  0.163, 312.51,  0.134, 261.38,  0.126, 285.14,  0.189, 289.10,  0.113, 303.41,  0.089, 287.01,  0.109, 269.47,  0.053, 308.16,  0.123, 305.75,  0.088, 270.65,-99.000, -99.00,-99.000, -99.00,-99.000, -99.00,-99.000, -99.00,
8/28/2006 01:40:00, 12.5,275.8,  0.6,  3.5, 18.856, 28.95,  0.0,  0.0,  0.093, 339.23,  0.142, 296.38,  0.218, 283.01,  0.206, 273.06,  0.137, 286.06,  0.161, 265.35,  0.149, 245.49,  0.101, 289.69,  0.131, 277.88,  0.102, 276.22,  0.120, 266.19,  0.173, 290.32,  0.192, 286.36,  0.163, 269.65,  0.146, 279.46,  0.119, 251.87,-99.000, -99.00,-99.000, -99.00,-99.000, -99.00,-99.000, -99.00,
8/28/2006 01:45:00, 12.5,275.7,  0.6,  3.5, 18.845, 28.95,  0.0,  0.0,  0.045, 260.96,  0.159, 290.26,  0.152, 297.07,  0.091, 289.23,  0.076, 341.57,  0.235, 287.05,  0.162, 270.00,  0.152, 295.72,  0.107, 289.62,  0.128, 297.97,  0.008,  97.13,  0.103, 247.17,  0.099, 209.67,  0.078, 262.60,  0.142, 291.50,  0.071, 261.07,-99.000, -99.00,-99.000, -99.00,-99.000, -99.00,-99.000, -99.00,
8/28/2006 01:50:00, 12.5,275.7,  0.6,  3.5, 18.849, 28.95,  0.0,  0.0,  0.121, 278.53,  0.083, 314.03,  0.045, 320.36,  0.206, 349.35,  0.141, 353.88,  0.101, 313.80,  0.153, 294.72,  0.139, 304.72,  0.251, 306.73,  0.129, 298.15,  0.116, 283.92,  0.070, 276.52,  0.124, 260.23,  0.085, 249.44,  0.126, 282.82,  0.077, 302.87,-99.000, -99.00,-99.000, -99.00,-99.000, -99.00,-99.000, -99.00,
8/28/2006 01:55:00, 12.5,275.8,  0.6,  3.6, 18.839, 28.95,  0.0,  0.0,  0.156, 268.53,  0.086, 314.06,  0.106, 303.09,  0.030, 352.41,  0.166, 317.19,  0.270, 322.54,  0.166, 319.89,  0.170, 310.24,  0.235, 287.05,  0.189, 306.81,  0.208, 275.79,  0.180, 272.54,  0.144, 259.62,  0.094, 252.72,  0.098, 281.20,  0.065, 236.31,-99.000, -99.00,-99.000, -99.00,-99.000, -99.00,-99.000, -99.00,
8/28/2006 02:00:00, 12.5,275.8,  0.6,  3.5, 18.839, 28.95,  0.0,  0.0,  0.087, 305.15,  0.166, 278.67,  0.143, 305.91,  0.134, 290.46,  0.207, 311.47,  0.121, 290.39,  0.133, 240.74,  0.151, 290.96,  0.189, 310.50,  0.177, 308.36,  0.219, 288.10,  0.216, 290.03,  0.264, 265.87,  0.197, 252.30,  0.168, 264.53,  0.131, 269.13,-99.000, -99.00,-99.000, -99.00,-99.000, -99.00,-99.000, -99.00,
8/28/2006 02:05:00, 12.5,275.7,  0.6,  3.6, 18.835, 28.95,  0.0,  0.0,  0.117, 329.04,  0.099, 325.67,  0.132, 319.92,  0.084,  40.67,  0.124, 299.05,  0.179, 331.29,  0.115,   6.51,  0.173, 304.42,  0.085, 299.58,  0.110, 274.16,  0.159, 276.14,  0.132, 263.04,  0.091, 289.82,  0.209, 269.73,  0.198, 281.65,  0.100, 231.52,-99.000, -99.00,-99.000, -99.00,-99.000, -99.00,-99.000, -99.00,
8/28/2006 02:10:00, 12.5,275.8,  0.6,  3.6, 18.824, 28.95,  0.0,  0.0,  0.118, 322.25,  0.115, 294.78,  0.086, 332.24,  0.094, 279.16,  0.090, 293.70,  0.138, 307.95,  0.233, 294.04,  0.131, 270.87,  0.106, 270.54,  0.067, 279.46,  0.150, 260.79,  0.157, 263.06,  0.137, 286.98,  0.156, 270.73,  0.094, 264.53,  0.077, 276.75,-99.000, -99.00,-99.000, -99.00,-99.000, -99.00,-99.000, -99.00,
8/28/2006 02:15:00, 12.5,275.9,  0.6,  3.6, 18.819, 28.94,  0.0,  0.0,  0.125, 309.16,  0.080, 348.41,  0.105, 326.61,  0.133, 311.02,  0.208, 301.25,  0.072, 336.28,  0.113, 300.44,  0.079, 274.34,  0.112, 287.14,  0.250, 308.98,  0.141, 299.29,  0.138, 282.12,  0.152, 287.24,  0.088, 273.25,  0.129, 262.00,  0.107, 229.17,-99.000, -99.00,-99.000, -99.00,-99.000, -99.00,-99.000, -99.00,
8/28/2006 02:20:00, 12.5,275.8,  0.6,  3.5, 18.821, 28.94,  0.0,  0.0,  0.074, 281.77,  0.112, 297.02,  0.095, 302.52,  0.150, 291.09,  0.078, 288.67,  0.092, 299.90,  0.138, 264.99,  0.086, 294.78,  0.079, 299.48,  0.150, 303.06,  0.189, 285.95,  0.217, 274.24,  0.183, 260.90,  0.129, 273.11,  0.119, 256.90,  0.079, 249.27,-99.000, -99.00,-99.000, -99.00,-99.000, -99.00,-99.000, -99.00,
8/28/2006 02:25:00, 12.5,275.7,  0.6,  3.6, 18.817, 28.94,  0.0,  0.0,  0.103, 324.92,  0.060, 337.31,  0.095, 300.34,  0.095, 310.73,  0.096, 303.52,  0.117, 349.17,  0.123, 308.08,  0.128, 296.97,  0.159, 291.73,  0.105, 311.91,  0.182, 275.37,  0.076, 292.50,  0.156, 281.81,  0.070, 240.87,  0.127, 267.75,  0.115, 241.87,-99.000, -99.00,-99.000, -99.00,-99.000, -99.00,-99.000, -99.00,
8/28/2006 02:30:00, 12.5,275.6,  0.6,  3.5, 18.814, 28.94,  0.0,  0.0,  0.030, 258.31,  0.007, 278.13,  0.059, 284.74,  0.123, 252.45,  0.019, 338.75,  0.117, 271.47,  0.099, 292.66,  0.085, 286.31,  0.080, 259.25,  0.042, 213.31,  0.054, 271.06,  0.054, 286.09,  0.081, 242.18,  0.083, 173.81,  0.025, 263.16,  0.083, 283.20,-99.000, -99.00,-99.000, -99.00,-99.000, -99.00,-99.000, -99.00,
8/28/2006 02:35:00, 12.5,275.7,  0.6,  3.5, 18.809, 28.93,  0.0,  0.0,  0.053, 271.08,  0.077, 307.61,  0.019,  36.25,  0.088, 242.27,  0.042, 323.67,  0.058, 324.12,  0.092, 316.76,  0.170, 281.91,  0.103, 251.92,  0.106, 270.54,  0.023, 208.81,  0.144, 277.17,  0.159, 277.98,  0.038, 289.86,  0.042, 271.36,  0.043, 253.69,-99.000, -99.00,-99.000, -99.00,-99.000, -99.00,-99.000, -99.00,
8/28/2006 02:40:00, 12.5,275.8,  0.6,  3.5, 18.808, 28.93,  0.0,  0.0,  0.073, 334.13,  0.085, 321.65,  0.183, 302.04,  0.113, 261.37,  0.089, 257.68,  0.115, 280.04,  0.055, 328.32,  0.169, 305.10,  0.203, 302.12,  0.136, 296.19,  0.150, 265.43,  0.169, 253.17,  0.046, 290.41,  0.064,   4.47,  0.065, 311.27,  0.066, 220.70,-99.000, -99.00,-99.000, -99.00,-99.000, -99.00,-99.000, -99.00,
8/28/2006 02:45:00, 12.5,275.7,  0.6,  3.5, 18.798, 28.93,  0.0,  0.0,  0.023,   7.43,  0.087, 233.92,  0.083, 260.99,  0.113, 295.66,  0.087, 353.37,  0.076, 335.12,  0.114, 297.24,  0.096, 276.01,  0.129, 317.52,  0.141, 297.83,  0.158, 289.58,  0.126, 292.90,  0.077, 254.16,  0.069, 258.37,  0.074, 311.19,  0.072, 259.62,-99.000, -99.00,-99.000, -99.00,-99.000, -99.00,-99.000, -99.00,
8/28/2006 02:50:00, 12.5,275.7,  0.6,  3.5, 18.799, 28.93,  0.0,  0.0,  0.078, 215.11,  0.111, 282.53,  0.058, 292.17,  0.123, 265.35,  0.104, 265.60,  0.123, 291.97,  0.066, 326.07,  0.077, 324.03,  0.108, 285.07,  0.058, 294.36,  0.105, 294.13,  0.094, 323.25,  0.134, 293.70,  0.095, 303.02,  0.035, 280.01,  0.143, 211.58,-99.000, -99.00,-99.000, -99.00,-99.000, -99.00,-99.000, -99.00,
8/28/2006 02:55:00, 12.4,276.0,  0.6,  3.5, 18.790, 28.93,  0.0,  0.0,  0.058, 337.83,  0.057, 238.52,  0.176, 217.13,  0.109, 234.71,  0.077, 269.26,  0.180, 318.60,  0.076, 323.58,  0.078, 259.70,  0.054, 251.57,  0.065, 279.75,  0.130, 277.94,  0.121, 295.93,  0.121, 279.07,  0.097, 289.93,  0.109, 298.44,  0.113, 240.26,-99.000, -99.00,-99.000, -99.00,-99.000, -99.00,-99.000, -99.00,
8/28/2006 03:00:00, 12.4,275.8,  0.6,  3.5, 18.786, 28.92,  0.0,  0.0,  0.037, 202.38,  0.084, 220.16,  0.111, 305.12,  0.136, 289.77,  0.123, 281.77,  0.117, 320.88,  0.140, 301.53,  0.131, 321.20,  0.127, 297.57,  0.187, 275.83,  0.121, 279.00,  0.094, 298.47,  0.126, 296.36,  0.106, 299.48,  0.115, 272.99,  0.122, 252.31,-99.000, -99.00,-99.000, -99.00,-99.000, -99.00,-99.000, -99.00,
8/28/2006 03:05:00, 12.5,275.7,  0.6,  3.5, 18.783, 28.92,  0.0,  0.0,  0.086, 222.18,  0.075, 262.30,  0.087, 289.48,  0.106, 286.39,  0.143, 302.13,  0.060, 304.22,  0.114, 287.32,  0.141, 270.00,  0.112, 324.05,  0.138, 339.20,  0.126, 316.29,  0.144, 304.24,  0.111, 312.45,  0.150, 310.93,  0.167, 298.25,  0.121, 289.33,-99.000, -99.00,-99.000, -99.00,-99.000, -99.00,-99.000, -99.00,
8/28/2006 03:10:00, 12.4,275.8,  0.6,  3.5, 18.774, 28.92,  0.0,  0.0,  0.078,  62.45,  0.059, 288.74,  0.041, 264.43,  0.050, 287.35,  0.174, 297.01,  0.118, 296.13,  0.107, 321.09,  0.098, 342.12,  0.129, 293.20,  0.025, 281.77,  0.087, 292.42,  0.142, 311.00,  0.125, 310.80,  0.036, 254.05,  0.087, 275.91,  0.093, 258.21,-99.000, -99.00,-99.000, -99.00,-99.000, -99.00,-99.000, -99.00,
8/28/2006 03:15:00, 12.4,275.8,  0.6,  3.5, 18.775, 28.91,  0.0,  0.0,  0.045, 237.72,  0.076, 261.66,  0.046, 267.51,  0.106, 319.99,  0.120, 320.07,  0.143, 287.55,  0.059,  47.73,  0.074, 316.64,  0.095, 307.72,  0.078, 348.98,  0.149, 303.80,  0.145, 266.84,  0.165, 269.65,  0.208, 283.04,  0.149, 312.82,  0.052, 289.13,-99.000, -99.00,-99.000, -99.00,-99.000, -99.00,-99.000, -99.00,
8/28/2006 03:20:00, 12.4,275.7,  0.6,  3.6, 18.765, 28.91,  0.0,  0.0,  0.057, 270.00,  0.049, 307.57,  0.086, 299.83,  0.077, 195.84,  0.113, 317.52,  0.066, 309.47,  0.028, 142.31,  0.048, 292.25,  0.114, 240.51,  0.057, 317.12,  0.034, 341.03,  0.070, 277.43,  0.110, 278.35,  0.101, 270.00,  0.127, 310.21,  0.090, 318.15,-99.000, -99.00,-99.000, -99.00,-99.000, -99.00,-99.000, -99.00,
8/28/2006 03:25:00, 12.4,275.8,  0.6,  3.5, 18.764, 28.91,  0.0,  0.0,  0.086, 134.06,  0.045, 191.56,  0.113, 253.50,  0.053, 307.30,  0.097, 270.00,  0.034, 193.63,  0.082, 267.90,  0.130, 281.05,  0.073, 348.07,  0.117, 347.63,  0.096,   4.76,  0.126, 327.95,  0.113, 345.59,  0.142, 316.42,  0.162, 305.46,  0.071, 274.83,-99.000, -99.00,-99.000, -99.00,-99.000, -99.00,-99.000, -99.00,
8/28/2006 03:30:00, 12.4,275.6,  0.6,  3.5, 18.764, 28.91,  0.0,  0.0,  0.073, 321.10,  0.097, 264.70,  0.077, 206.23,  0.089, 301.73,  0.039, 309.81,  0.118, 287.21,  0.017, 349.99,  0.151, 313.12,  0.120, 250.96,  0.057, 290.67,  0.099, 322.78,  0.130, 300.51,  0.115, 310.76,  0.138, 291.19,  0.076, 349.43,  0.047, 303.69,-99.000, -99.00,-99.000, -99.00,-99.000, -99.00,-99.000, -99.00,
8/28/2006 03:35:00, 12.4,275.7,  0.6,  3.5, 18.751, 28.90,  0.0,  0.0,  0.148, 107.70,  0.146, 172.53,  0.103, 174.45,  0.050, 103.76,  0.020, 156.04,  0.117, 190.83,  0.107, 219.33,  0.093, 236.82,  0.069, 274.14,  0.044, 187.77,  0.066, 344.29,  0.114, 290.50,  0.102, 276.22,  0.118, 322.94,  0.091, 353.03,  0.131, 249.50,-99.000, -99.00,-99.000, -99.00,-99.000, -99.00,-99.000, -99.00,
8/28/2006 03:40:00, 12.4,275.7,  0.6,  3.6, 18.750, 28.89,  0.0,  0.0,  0.052, 154.92,  0.085, 150.42,  0.041,  96.95,  0.034, 241.93,  0.034,  45.00,  0.080, 330.88,  0.022, 326.31,  0.037, 180.00,  0.124, 263.05,  0.079, 264.94,  0.184, 290.30,  0.184, 333.57,  0.151, 329.88,  0.179, 299.86,  0.130, 303.69,  0.064, 313.11,-99.000, -99.00,-99.000, -99.00,-99.000, -99.00,-99.000, -99.00,
8/28/2006 03:45:00, 12.4,275.8,  0.6,  3.5, 18.744, 28.87,  0.0,  0.0,  0.096, 147.30,  0.032, 167.28,  0.144,  97.96,  0.023,   4.97,  0.108, 246.04,  0.013, 206.57,  0.088, 186.56,  0.048, 165.38,  0.100, 141.87,  0.009,  63.43,  0.045, 282.80,  0.062, 309.09,  0.147, 319.69,  0.174, 332.99,  0.176, 324.24,  0.072, 321.22,-99.000, -99.00,-99.000, -99.00,-99.000, -99.00,-99.000, -99.00,
8/28/2006 03:50:00, 12.4,275.8,  0.6,  3.5, 18.744, 28.86,  0.0,  0.0,  0.120, 126.20,  0.072, 201.21,  0.033, 266.53,  0.109, 155.08,  0.082, 185.57,  0.053, 265.68,  0.019, 251.57,  0.082, 230.46,  0.063, 272.73,  0.092, 283.88,  0.143, 339.91,  0.145, 340.69,  0.115, 351.52,  0.150, 343.74,  0.201, 330.75,  0.148, 310.89,-99.000, -99.00,-99.000, -99.00,-99.000, -99.00,-99.000, -99.00,
8/28/2006 03:55:00, 12.4,275.8,  0.6,  3.5, 18.729, 28.85,  0.0,  0.0,  0.172, 212.39,  0.130, 166.18,  0.067, 185.12,  0.123, 171.15,  0.115, 195.60,  0.073, 195.95,  0.133, 273.01,  0.108, 212.51,  0.019, 117.90,  0.035,  39.17,  0.070, 343.38,  0.093, 320.67,  0.103, 313.03,  0.123, 313.68,  0.130, 327.29,  0.050, 254.85,-99.000, -99.00,-99.000, -99.00,-99.000, -99.00,-99.000, -99.00,
8/28/2006 04:00:00, 12.4,275.7,  0.6,  3.6, 18.735, 28.84,  0.0,  0.0,  0.065, 155.41,  0.099, 148.24,  0.056, 142.93,  0.074, 131.70,  0.033, 185.19,  0.057, 147.99,  0.082, 279.12,  0.055, 303.98,  0.042, 111.04,  0.048, 326.98,  0.034,  25.82,  0.059, 334.75,  0.105, 337.09,  0.222, 318.47,  0.149, 326.20,  0.086, 291.80,-99.000, -99.00,-99.000, -99.00,-99.000, -99.00,-99.000, -99.00,
8/28/2006 04:05:00, 12.4,275.8,  0.6,  3.5, 18.730, 28.84,  0.0,  0.0,  0.090, 119.12,  0.064, 216.69,  0.084, 205.35,  0.125, 188.26,  0.100,  85.43,  0.041,  12.68,  0.010, 336.04,  0.011, 248.20,  0.026,  52.70,  0.077,  15.12,  0.003, 251.57,  0.088, 285.14,  0.147, 330.64,  0.161, 355.74,  0.142, 324.74,  0.062, 299.86,-99.000, -99.00,-99.000, -99.00,-99.000, -99.00,-99.000, -99.00,
8/28/2006 04:10:00, 12.4,275.7,  0.6,  3.5, 18.727, 28.83,  0.0,  0.0,  0.112, 142.62,  0.041, 180.00,  0.075, 185.33,  0.157, 173.78,  0.084, 177.95,  0.020,  92.86,  0.025, 180.00,  0.047, 205.46,  0.043, 217.41,  0.037, 235.89,  0.119, 301.54,  0.158, 293.82,  0.121, 316.67,  0.212, 309.46,  0.246, 305.24,  0.025, 341.57,-99.000, -99.00,-99.000, -99.00,-99.000, -99.00,-99.000, -99.00,
8/28/2006 04:15:00, 12.4,275.7,  0.6,  3.5, 18.721, 28.83,  0.0,  0.0,  0.083, 107.56,  0.103, 161.39,  0.058,  97.99,  0.023, 115.46,  0.086, 134.06,  0.096, 152.10,  0.089,  90.00,  0.023, 133.26,  0.063, 200.45,  0.064,  90.00,  0.081,  80.77,  0.038, 309.61,  0.129, 291.39,  0.115, 304.38,  0.107, 310.08,  0.068,  15.26,-99.000, -99.00,-99.000, -99.00,-99.000, -99.00,-99.000, -99.00,
8/28/2006 04:20:00, 12.4,275.6,  0.6,  3.5, 18.735, 28.83,  0.0,  0.0,  0.099,  98.70,  0.124, 184.61,  0.124, 180.00,  0.100, 105.00,  0.110,  75.20,  0.107, 207.76,  0.045, 156.30,  0.035, 169.99,  0.032, 104.47,  0.089,  28.87,  0.041,  24.68,  0.035,  73.61,  0.087, 337.83,  0.091, 315.00,  0.047, 326.31,  0.029, 358.03,-99.000, -99.00,-99.000, -99.00,-99.000, -99.00,-99.000, -99.00,
8/28/2006 04:25:00, 12.4,275.8,  0.6,  3.5, 18.721, 28.83,  0.0,  0.0,  0.150, 160.96,  0.086, 158.82,  0.086, 161.77,  0.124, 218.80,  0.021, 223.03,  0.114, 184.01,  0.148, 115.70,  0.069, 203.20,  0.053, 188.75,  0.124,  87.23,  0.034, 124.16,  0.073, 297.61,  0.092, 277.51,  0.076, 348.69,  0.148, 335.17,  0.086, 340.93,-99.000, -99.00,-99.000, -99.00,-99.000, -99.00,-99.000, -99.00,
8/28/2006 04:30:00, 12.4,275.8,  0.6,  3.5, 18.722, 28.82,  0.0,  0.0,  0.153, 156.46,  0.145, 158.20,  0.145, 161.06,  0.023, 232.13,  0.042, 175.91,  0.032, 104.47,  0.055, 183.12,  0.090, 180.00,  0.074, 156.19,  0.044,  91.30,  0.093,  72.54,  0.072, 294.78,  0.073, 290.92,  0.105, 308.40,  0.089,   4.50,  0.099, 312.55,-99.000, -99.00,-99.000, -99.00,-99.000, -99.00,-99.000, -99.00,
8/28/2006 04:35:00, 12.4,275.8,  0.6,  3.5, 18.720, 28.82,  0.0,  0.0,  0.124, 134.02,  0.059, 199.98,  0.073,  29.74,  0.141, 165.17,  0.117,  87.55,  0.083, 172.36,  0.069, 126.21,  0.076, 122.64,  0.034,  64.18,  0.047, 153.43,  0.054, 153.43,  0.045, 213.34,  0.078, 275.86,  0.090, 313.65,  0.082, 349.51,  0.094, 324.11,-99.000, -99.00,-99.000, -99.00,-99.000, -99.00,-99.000, -99.00,
8/28/2006 04:40:00, 12.4,275.7,  0.6,  3.5, 18.715, 28.82,  0.0,  0.0,  0.128, 155.04,  0.104, 159.12,  0.080, 113.67,  0.068, 170.68,  0.043, 113.55,  0.085, 177.31,  0.051, 122.12,  0.045,  55.95,  0.059,  72.18,  0.038, 246.80,  0.070,  32.09,  0.094, 302.01,  0.059, 312.27,  0.082, 309.09,  0.184, 325.19,  0.101, 310.60,-99.000, -99.00,-99.000, -99.00,-99.000, -99.00,-99.000, -99.00,
8/28/2006 04:45:00, 12.4,275.7,  0.6,  3.5, 18.710, 28.82,  0.0,  0.0,  0.050, 113.50,  0.105, 154.65,  0.111, 103.03,  0.153, 154.10,  0.097, 113.12,  0.075, 145.89,  0.048, 184.76,  0.040, 148.30,  0.030, 197.24,  0.063, 202.48,  0.028, 186.12,  0.035, 319.57,  0.057, 346.70,  0.072, 337.01,  0.086,  42.63,  0.065, 344.90,-99.000, -99.00,-99.000, -99.00,-99.000, -99.00,-99.000, -99.00,
8/28/2006 04:50:00, 12.4,275.6,  0.6,  3.6, 18.709, 28.82,  0.0,  0.0,  0.096, 132.03,  0.048, 194.62,  0.043, 103.39,  0.078, 124.51,  0.128, 182.68,  0.047, 186.07,  0.099, 264.81,  0.052, 229.64,  0.046, 150.10,  0.045, 191.56,  0.056, 140.06,  0.095,  91.81,  0.043,   0.00,  0.033, 270.00,  0.007, 206.57,  0.063, 101.84,-99.000, -99.00,-99.000, -99.00,-99.000, -99.00,-99.000, -99.00,
8/28/2006 04:55:00, 12.4,275.6,  0.6,  3.6, 18.704, 28.82,  0.0,  0.0,  0.226, 140.19,  0.089, 166.28,  0.110, 195.80,  0.084, 164.80,  0.049, 181.17,  0.042, 121.43,  0.067, 125.84,  0.075, 127.94,  0.013, 243.43,  0.101, 288.43,  0.059, 248.20,  0.063, 293.32,  0.023, 270.00,  0.081,  97.83,  0.031,  75.07,  0.032,  29.74,-99.000, -99.00,-99.000, -99.00,-99.000, -99.00,-99.000, -99.00,
8/28/2006 05:00:00, 12.4,275.8,  0.6,  3.5, 18.696, 28.82,  0.0,  0.0,  0.224, 120.00,  0.120, 116.78,  0.092, 140.27,  0.062, 229.60,  0.065,  19.00,  0.027, 107.10,  0.011, 201.80,  0.026,   0.00,  0.106, 303.09,  0.046,  86.27,  0.093, 166.26,  0.043, 295.97,  0.054,   2.12,  0.089,  12.32,  0.061,   9.46,  0.103, 327.23,-99.000, -99.00,-99.000, -99.00,-99.000, -99.00,-99.000, -99.00,
8/28/2006 05:05:00, 12.4,275.7,  0.6,  3.5, 18.703, 28.82,  0.0,  0.0,  0.211, 138.46,  0.118, 136.71,  0.161, 116.09,  0.178,  94.18,  0.117,  57.26,  0.121, 134.66,  0.032, 270.00,  0.040, 233.13,  0.057, 220.06,  0.074, 223.90,  0.104, 223.05,  0.025, 326.31,  0.031, 305.75,  0.031, 315.00,  0.046, 114.34,  0.016, 270.00,-99.000, -99.00,-99.000, -99.00,-99.000, -99.00,-99.000, -99.00,
8/28/2006 05:10:00, 12.4,275.8,  0.6,  3.5, 18.701, 28.82,  0.0,  0.0,  0.203, 161.03,  0.084, 189.57,  0.065, 138.73,  0.027, 175.76,  0.121, 156.18,  0.103, 164.74,  0.121, 190.47,  0.047, 216.38,  0.060, 241.31,  0.066, 244.98,  0.139, 296.93,  0.139, 287.65,  0.085, 250.71,  0.108, 246.04,  0.146, 271.96,  0.038, 243.43,-99.000, -99.00,-99.000, -99.00,-99.000, -99.00,-99.000, -99.00,
8/28/2006 05:15:00, 12.4,275.7,  0.6,  3.5, 18.704, 28.82,  0.0,  0.0,  0.138, 141.47,  0.068, 124.16,  0.070, 150.87,  0.133, 170.89,  0.106, 162.94,  0.078, 138.12,  0.079, 146.31,  0.178, 109.35,  0.054, 117.51,  0.118, 147.79,  0.147, 148.90,  0.034, 307.87,  0.017, 349.99,  0.036, 311.63,  0.034,  25.82,  0.067, 354.04,-99.000, -99.00,-99.000, -99.00,-99.000, -99.00,-99.000, -99.00,
8/28/2006 05:20:00, 12.4,275.7,  0.6,  3.5, 18.706, 28.82,  0.0,  0.0,  0.152, 158.83,  0.137, 174.12,  0.140, 153.62,  0.091, 181.26,  0.137, 134.41,  0.079, 128.32,  0.101, 163.35,  0.096, 152.63,  0.061, 108.14,  0.067, 143.47,  0.078, 143.86,  0.045, 161.97,  0.099, 335.51,  0.139, 329.18,  0.171, 328.63,  0.242, 305.40,-99.000, -99.00,-99.000, -99.00,-99.000, -99.00,-99.000, -99.00,
8/28/2006 05:25:00, 12.4,275.7,  0.6,  3.6, 18.704, 28.82,  0.0,  0.0,  0.140, 190.67,  0.054, 127.50,  0.138, 109.49,  0.113, 114.07,  0.123, 114.90,  0.066, 129.47,  0.092, 121.61,  0.149, 107.58,  0.148, 103.66,  0.153, 157.29,  0.158, 137.05,  0.123, 125.37,  0.134, 320.14,  0.111, 292.18,  0.187, 291.63,  0.168, 325.18,-99.000, -99.00,-99.000, -99.00,-99.000, -99.00,-99.000, -99.00,
8/28/2006 05:30:00, 12.4,275.8,  0.6,  3.5, 18.694, 28.82,  0.0,  0.0,  0.224, 134.10,  0.081, 260.07,  0.007, 171.87,  0.111, 139.40,  0.106, 115.84,  0.100, 126.07,  0.080, 190.75,  0.092, 123.52,  0.070, 118.02,  0.165, 107.23,  0.023,  80.13,  0.072, 111.95,  0.023, 118.81,  0.052, 121.53,  0.069, 355.03,  0.069, 346.57,-99.000, -99.00,-99.000, -99.00,-99.000, -99.00,-99.000, -99.00,
8/28/2006 05:35:00, 12.4,275.7,  0.6,  3.5, 18.695, 28.82,  0.0,  0.0,  0.097, 158.75,  0.060, 165.50,  0.148, 138.56,  0.087, 118.93,  0.075, 179.24,  0.094, 131.99,  0.155, 159.23,  0.128,  90.90,  0.040, 104.38,  0.044, 165.65,  0.056,  66.67,  0.021, 320.91,  0.072, 296.21,  0.087,  43.60,  0.119,  36.77,  0.092,  27.12,-99.000, -99.00,-99.000, -99.00,-99.000, -99.00,-99.000, -99.00,
8/28/2006 05:40:00, 12.4,275.7,  0.6,  3.5, 18.697, 28.82,  0.0,  0.0,  0.092, 129.25,  0.151, 163.01,  0.060, 155.16,  0.072, 168.85,  0.034, 153.43,  0.119, 102.16,  0.005, 338.20,  0.087, 155.50,  0.081, 207.82,  0.061, 193.35,  0.090, 163.79,  0.109, 176.85,  0.027, 270.00,  0.019, 285.52,  0.034,  53.47,  0.060,   7.72,-99.000, -99.00,-99.000, -99.00,-99.000, -99.00,-99.000, -99.00,
8/28/2006 05:45:00, 12.4,275.8,  0.6,  3.5, 18.700, 28.82,  0.0,  0.0,  0.093, 251.18,  0.064, 175.53,  0.075, 145.26,  0.042, 211.43,  0.044, 332.85,  0.037, 233.75,  0.032, 122.20,  0.050,  88.85,  0.083, 161.78,  0.054, 220.49,  0.130, 121.49,  0.116, 124.10,  0.116, 130.82,  0.047, 231.91,  0.031, 157.52,  0.047,  16.11,-99.000, -99.00,-99.000, -99.00,-99.000, -99.00,-99.000, -99.00,
8/28/2006 05:50:00, 12.4,275.8,  0.6,  3.5, 18.703, 28.82,  0.0,  0.0,  0.082, 219.09,  0.117, 227.43,  0.069, 211.39,  0.101, 234.26,  0.104, 180.55,  0.088, 138.69,  0.064, 155.04,  0.102, 123.85,  0.054, 117.51,  0.086, 166.61,  0.006, 218.66,  0.056, 155.73,  0.089, 116.85,  0.100, 174.86,  0.081, 125.46,  0.053, 167.01,-99.000, -99.00,-99.000, -99.00,-99.000, -99.00,-99.000, -99.00,
8/28/2006 05:55:00, 12.4,275.5,  0.6,  3.5, 18.703, 28.82,  0.0,  0.0,  0.067, 152.28,  0.096, 308.66,  0.031,  75.07,  0.085, 151.01,  0.034, 139.76,  0.081, 270.00,  0.076, 289.15,  0.089, 268.71,  0.114, 279.05,  0.053, 236.61,  0.082, 225.99,  0.049,  42.51,  0.035, 111.50,  0.067, 288.17,  0.156, 294.60,  0.103, 268.89,-99.000, -99.00,-99.000, -99.00,-99.000, -99.00,-99.000, -99.00,
8/28/2006 06:00:00, 12.4,275.8,  0.6,  3.5, 18.705, 28.82,  0.0,  0.0,  0.041, 142.00,  0.070, 218.66,  0.047, 154.54,  0.023,  50.19,  0.044, 120.07,  0.083,  34.65,  0.092,  58.72,  0.078,  14.93,  0.024, 152.35,  0.106, 106.39,  0.072, 158.05,  0.078, 172.60,  0.040, 228.01,  0.056, 111.04,  0.075, 215.18,  0.059, 198.74,-99.000, -99.00,-99.000, -99.00,-99.000, -99.00,-99.000, -99.00,
8/28/2006 06:05:00, 12.4,275.7,  0.6,  3.5, 18.712, 28.82,  0.0,  0.0,  0.081, 265.76,  0.045, 277.59,  0.022, 272.60,  0.059, 259.26,  0.025, 313.36,  0.076, 290.82,  0.096, 256.11,  0.040, 270.00,  0.076, 321.93,  0.056, 341.24,  0.079, 272.90,  0.079, 324.29,  0.103, 299.05,  0.084, 288.00,  0.063, 309.23,  0.052, 222.65,-99.000, -99.00,-99.000, -99.00,-99.000, -99.00,-99.000, -99.00,
8/28/2006 06:10:00, 12.4,275.6,  0.6,  3.5, 18.715, 28.82,  0.0,  0.0,  0.082, 205.94,  0.130, 257.14,  0.090, 290.85,  0.071, 270.00,  0.046, 341.18,  0.038, 250.14,  0.034, 286.86,  0.121, 252.76,  0.079, 326.31,  0.103, 307.87,  0.016, 317.49,  0.079, 332.78,  0.159, 297.69,  0.083, 292.57,  0.158, 318.85,  0.054, 315.74,-99.000, -99.00,-99.000, -99.00,-99.000, -99.00,-99.000, -99.00,
8/28/2006 06:15:00, 12.4,275.7,  0.6,  3.6, 18.714, 28.82,  0.0,  0.0,  0.115, 322.43,  0.118, 319.82,  0.076,  16.77,  0.128,   1.34,  0.109, 284.93,  0.138, 311.19,  0.112, 328.16,  0.165, 303.11,  0.136, 318.58,  0.102, 339.97,  0.047, 347.74,  0.061, 322.94,  0.080,   3.58,  0.097,  40.41,  0.078, 315.52,  0.052, 216.43,-99.000, -99.00,-99.000, -99.00,-99.000, -99.00,-99.000, -99.00,
8/28/2006 06:20:00, 12.4,275.7,  0.6,  3.5, 18.713, 28.82,  0.0,  0.0,  0.049, 205.51,  0.217, 281.98,  0.090, 290.04,  0.082, 319.47,  0.098,  27.87,  0.076, 294.88,  0.110, 328.32,  0.122, 295.73,  0.077, 327.76,  0.088, 315.46,  0.098, 333.43,  0.119,  18.59,  0.113, 300.18,  0.076, 320.87,  0.020, 327.09,  0.030, 216.87,-99.000, -99.00,-99.000, -99.00,-99.000, -99.00,-99.000, -99.00,
8/28/2006 06:25:00, 12.4,275.7,  0.6,  3.5, 18.722, 28.82,  0.0,  0.0,  0.106, 247.80,  0.078, 343.65,  0.103, 313.03,  0.100, 292.97,  0.118, 338.02,  0.123, 329.68,  0.123, 295.10,  0.033,  84.81,  0.082, 258.00,  0.095, 319.27,  0.127, 323.67,  0.190, 340.33,  0.163, 323.97,  0.047, 287.28,  0.053, 213.39,  0.068, 244.57,-99.000, -99.00,-99.000, -99.00,-99.000, -99.00,-99.000, -99.00,
8/28/2006 06:30:00, 12.4,275.8,  0.6,  3.5, 18.725, 28.82,  0.0,  0.0,  0.003, 251.57,  0.085, 352.54,  0.121, 308.29,  0.110, 242.97,  0.094, 288.05,  0.058,  43.60,  0.093, 327.67,  0.122, 320.31,  0.136, 302.99,  0.097, 321.71,  0.093, 321.53,  0.142,  16.39,  0.129,  17.17,  0.112,   0.00,  0.119,   2.89,  0.072, 252.32,-99.000, -99.00,-99.000, -99.00,-99.000, -99.00,-99.000, -99.00,
8/28/2006 06:35:00, 12.4,275.7,  0.6,  3.5, 18.727, 28.82,  0.0,  0.0,  0.028, 117.47,  0.095, 337.20,  0.041, 341.57,  0.086, 302.22,  0.142, 347.43,  0.171, 310.49,  0.099, 308.84,  0.080, 357.14,  0.126, 353.16,  0.132, 351.25,  0.060,  39.56,  0.150, 335.14,  0.117, 349.17,  0.108,  18.27,  0.059,  32.62,  0.057,  75.72,-99.000, -99.00,-99.000, -99.00,-99.000, -99.00,-99.000, -99.00,
8/28/2006 06:40:00, 12.4,275.6,  0.6,  3.5, 18.736, 28.82,  0.0,  0.0,  0.136, 332.87,  0.082, 289.98,  0.129, 330.26,  0.035, 326.77,  0.077,   9.71,  0.151, 302.85,  0.119, 319.09,  0.153, 337.78,  0.114, 286.84,  0.078, 321.80,  0.134, 291.41,  0.169, 314.28,  0.122, 318.99,  0.104, 358.90,  0.107,  10.78,  0.004, 194.04,-99.000, -99.00,-99.000, -99.00,-99.000, -99.00,-99.000, -99.00,
8/28/2006 06:45:00, 12.4,275.6,  0.6,  3.5, 18.735, 28.82,  0.0,  0.0,  0.049, 329.24,  0.045, 292.04,  0.051, 160.50,  0.159, 318.07,  0.087, 273.95,  0.113, 294.07,  0.120, 347.47,  0.050, 302.74,  0.102, 324.14,  0.119, 273.85,  0.126, 349.05,  0.123,  13.13,  0.072,  43.88,  0.105,  31.72,  0.094, 341.95,  0.049, 268.83,-99.000, -99.00,-99.000, -99.00,-99.000, -99.00,-99.000, -99.00,
8/28/2006 06:50:00, 12.4,275.7,  0.6,  3.5, 18.739, 28.82,  0.0,  0.0,  0.074, 350.67,  0.050, 343.74,  0.033, 225.00,  0.054, 314.26,  0.098, 297.87,  0.132,  17.61,  0.095, 324.46,  0.110, 290.25,  0.146, 327.29,  0.138, 325.96,  0.166, 327.26,  0.104, 344.89,  0.119, 343.86,  0.110, 349.51,  0.091, 321.24,  0.052, 210.96,-99.000, -99.00,-99.000, -99.00,-99.000, -99.00,-99.000, -99.00,
8/28/2006 06:55:00, 12.4,275.8,  0.6,  3.5, 18.732, 28.82,  0.0,  0.0,  0.108,  51.01,  0.112, 336.87,  0.099, 350.16,  0.076,  20.11,  0.073,  15.95,  0.129, 323.48,  0.060, 290.56,  0.050, 312.58,  0.013,  12.99,  0.114, 313.22,  0.194, 315.84,  0.120, 355.71,  0.091, 358.11,  0.042, 350.31,  0.062, 335.10,  0.019, 207.90,-99.000, -99.00,-99.000, -99.00,-99.000, -99.00,-99.000, -99.00,
8/28/2006 07:00:00, 12.4,275.7,  0.6,  3.5, 18.731, 28.83,  0.0,  0.0,  0.047, 120.96,  0.027, 102.99,  0.062,  90.92,  0.109, 323.55,  0.106, 331.26,  0.150, 328.32,  0.125, 306.23,  0.120, 311.63,  0.133, 356.56,  0.083, 316.94,  0.053,  48.81,  0.132, 334.41,  0.130, 348.00,  0.129, 330.86,  0.044, 331.70,  0.032, 147.80,-99.000, -99.00,-99.000, -99.00,-99.000, -99.00,-99.000, -99.00,
8/28/2006 07:05:00, 12.4,275.7,  0.6,  3.5, 18.738, 28.83,  0.0,  0.0,  0.126,  25.35,  0.128,  27.97,  0.010,  23.96,  0.062, 299.86,  0.082, 313.03,  0.145, 325.43,  0.137, 323.63,  0.068, 319.76,  0.061, 321.63,  0.039,   8.75,  0.129, 315.94,  0.089, 311.37,  0.081, 293.39,  0.155, 340.74,  0.168, 347.29,  0.099, 249.38,-99.000, -99.00,-99.000, -99.00,-99.000, -99.00,-99.000, -99.00,
8/28/2006 07:10:00, 12.4,275.7,  0.6,  3.5, 18.744, 28.83,  0.0,  0.0,  0.079, 351.97,  0.183,   8.79,  0.084,  55.18,  0.060,  49.09,  0.132, 349.11,  0.155, 312.12,  0.126, 293.92,  0.120, 306.87,  0.181, 293.45,  0.152, 298.76,  0.107, 342.07,  0.134, 344.41,  0.126, 352.26,  0.185, 294.21,  0.122, 306.03,  0.084, 211.43,-99.000, -99.00,-99.000, -99.00,-99.000, -99.00,-99.000, -99.00,
8/28/2006 07:15:00, 12.4,275.7,  0.6,  3.5, 18.749, 28.83,  0.0,  0.0,  0.044, 148.13,  0.021, 299.05,  0.067, 316.81,  0.180, 331.44,  0.085,  12.24,  0.079,   1.45,  0.123, 342.01,  0.060, 291.45,  0.085, 312.14,  0.095, 309.88,  0.139, 313.25,  0.180, 340.15,  0.185, 330.52,  0.123, 319.30,  0.083,  24.10,  0.130, 225.00,-99.000, -99.00,-99.000, -99.00,-99.000, -99.00,-99.000, -99.00,
8/28/2006 07:20:00, 12.4,275.8,  0.6,  3.5, 18.748, 28.83,  0.0,  0.0,  0.087,  16.76,  0.020, 162.47,  0.134,   4.69,  0.085, 309.29,  0.144, 352.43,  0.074, 303.48,  0.113,  21.80,  0.079, 342.26,  0.156, 335.74,  0.155, 330.12,  0.118, 348.79,  0.142,   0.81,  0.200, 296.69,  0.150, 300.50,  0.053, 266.76,  0.179, 197.53,-99.000, -99.00,-99.000, -99.00,-99.000, -99.00,-99.000, -99.00,
8/28/2006 07:25:00, 12.4,275.8,  0.6,  3.5, 18.755, 28.83,  0.0,  0.0,  0.063,   0.00,  0.047, 305.39,  0.107, 313.86,  0.058, 300.11,  0.077, 334.76,  0.108, 294.66,  0.126, 279.16,  0.042, 162.00,  0.046, 154.00,  0.162, 328.85,  0.102, 311.82,  0.080, 357.14,  0.152, 340.37,  0.165, 315.49,  0.084,  15.85,  0.147, 217.26,-99.000, -99.00,-99.000, -99.00,-99.000, -99.00,-99.000, -99.00,
8/28/2006 07:30:00, 12.4,275.7,  0.6,  3.5, 18.767, 28.84,  0.0,  0.0,  0.190, 327.23,  0.070, 359.18,  0.102, 336.95,  0.028, 325.18,  0.062, 273.69,  0.024, 323.62,  0.079, 298.84,  0.097, 326.80,  0.107, 300.41,  0.082, 326.89,  0.156, 324.38,  0.144, 332.72,  0.074,  10.86,  0.091, 317.68,  0.086, 354.69,  0.056, 198.76,-99.000, -99.00,-99.000, -99.00,-99.000, -99.00,-99.000, -99.00,
8/28/2006 07:35:00, 12.4,275.7,  0.6,  3.5, 18.772, 28.84,  0.0,  0.0,  0.033,  42.51,  0.102, 289.50,  0.106, 336.09,  0.061, 351.47,  0.129, 332.24,  0.023, 254.74,  0.051, 353.29,  0.024, 343.07,  0.042, 292.31,  0.078, 294.26,  0.028, 334.36,  0.102, 290.75,  0.121, 313.33,  0.083, 350.31,  0.121, 343.21,  0.056, 240.26,-99.000, -99.00,-99.000, -99.00,-99.000, -99.00,-99.000, -99.00,
8/28/2006 07:40:00, 12.4,275.7,  0.6,  3.5, 18.777, 28.84,  0.0,  0.0,  0.032, 316.27,  0.085,  27.47,  0.125, 354.47,  0.083, 325.74,  0.146, 344.92,  0.093, 296.29,  0.089, 309.56,  0.055, 300.78,  0.062, 336.32,  0.068, 327.01,  0.072, 326.31,  0.057,   3.01,  0.023,   4.97,  0.161, 304.88,  0.110, 317.59,  0.116, 247.65,-99.000, -99.00,-99.000, -99.00,-99.000, -99.00,-99.000, -99.00,
8/28/2006 07:45:00, 12.4,275.6,  0.6,  3.5, 18.779, 28.84,  0.0,  0.0,  0.074,  45.00,  0.208, 356.70,  0.062, 350.69,  0.137, 300.68,  0.057, 317.12,  0.150, 325.35,  0.070, 329.04,  0.029, 356.05,  0.044, 279.25,  0.077,  13.50,  0.116, 331.67,  0.103, 304.31,  0.074, 345.96,  0.110, 336.94,  0.052,  21.60,  0.142, 224.14,-99.000, -99.00,-99.000, -99.00,-99.000, -99.00,-99.000, -99.00,
8/28/2006 07:50:00, 12.4,275.8,  0.6,  3.5, 18.783, 28.84,  0.0,  0.0,  0.130, 319.06,  0.148, 339.49,  0.066, 291.48,  0.104, 292.62,  0.102, 341.21,  0.134, 325.01,  0.031, 345.07,  0.129, 297.16,  0.006, 270.00,  0.126, 292.31,  0.092, 314.12,  0.101, 319.40,  0.146, 284.23,  0.160, 285.60,  0.086, 309.81,  0.070, 227.89,-99.000, -99.00,-99.000, -99.00,-99.000, -99.00,-99.000, -99.00,
8/28/2006 07:55:00, 12.4,275.8,  0.6,  3.5, 18.789, 28.83,  0.0,  0.0,  0.132,  13.61,  0.111, 311.33,  0.104, 357.25,  0.100, 354.29,  0.076, 293.20,  0.037, 257.47,  0.073, 277.13,  0.108, 303.69,  0.123, 310.70,  0.070, 312.11,  0.147, 312.25,  0.146, 310.56,  0.130, 335.41,  0.143, 350.74,  0.105, 337.59,  0.034, 210.38,-99.000, -99.00,-99.000, -99.00,-99.000, -99.00,-99.000, -99.00,
8/28/2006 08:00:00, 12.4,275.7,  0.6,  3.5, 18.807, 28.83,  0.0,  0.0,  0.091,   1.26,  0.100, 353.09,  0.136, 311.42,  0.153, 304.10,  0.056, 296.57,  0.114, 337.26,  0.132, 329.56,  0.046, 347.47,  0.055, 352.75,  0.102, 302.12,  0.074, 334.47,  0.036, 326.31,  0.060,  24.44,  0.117,   0.00,  0.067,   0.00,  0.071, 288.95,-99.000, -99.00,-99.000, -99.00,-99.000, -99.00,-99.000, -99.00,
8/28/2006 08:05:00, 12.4,275.7,  0.6,  3.5, 18.812, 28.83,  0.0,  0.0,  0.126,  33.06,  0.106, 345.31,  0.033, 338.84,  0.088, 326.13,  0.127, 323.67,  0.162, 333.28,  0.095, 290.91,  0.058, 329.04,  0.094, 320.58,  0.191, 330.89,  0.117, 351.18,  0.087, 336.97,  0.112, 335.73,  0.090,  43.65,  0.094,   4.26,  0.128, 272.68,-99.000, -99.00,-99.000, -99.00,-99.000, -99.00,-99.000, -99.00,
8/28/2006 08:10:00, 12.4,275.6,  0.6,  3.5, 18.810, 28.84,  0.0,  0.0,  0.088, 350.86,  0.137, 339.98,  0.031, 104.93,  0.036, 339.08,  0.098, 341.57,  0.133, 352.66,  0.106, 299.48,  0.084, 281.71,  0.137, 314.41,  0.049, 351.87,  0.060, 357.14,  0.115, 312.17,  0.151, 315.00,  0.102, 351.00,  0.101, 342.10,  0.067, 220.14,-99.000, -99.00,-99.000, -99.00,-99.000, -99.00,-99.000, -99.00,
8/28/2006 08:15:00, 12.4,275.7,  0.6,  3.5, 18.819, 28.84,  0.0,  0.0,  0.084,  36.33,  0.058,  20.32,  0.138, 341.83,  0.069,   8.37,  0.157, 336.37,  0.120, 310.60,  0.121, 351.94,  0.187, 349.83,  0.082,   2.10,  0.142, 346.55,  0.140, 311.80,  0.159, 305.79,  0.153, 322.68,  0.116, 325.21,  0.121, 346.08,  0.097, 222.91,-99.000, -99.00,-99.000, -99.00,-99.000, -99.00,-99.000, -99.00,
8/28/2006 08:20:00, 12.4,275.8,  0.6,  3.5, 18.816, 28.84,  0.0,  0.0,  0.030, 315.00,  0.069, 317.34,  0.068,   4.21,  0.164, 357.21,  0.069,  36.21,  0.089,  25.99,  0.126, 354.06,  0.068,  15.26,  0.121, 351.94,  0.123, 324.25,  0.063, 310.50,  0.092, 279.36,  0.187, 309.57,  0.153, 318.18,  0.083, 315.00,  0.076, 223.94,-99.000, -99.00,-99.000, -99.00,-99.000, -99.00,-99.000, -99.00,
8/28/2006 08:25:00, 12.4,275.8,  0.6,  3.5, 18.824, 28.84,  0.0,  0.0,  0.072,  79.62,  0.161, 352.87,  0.165,   7.64,  0.131, 325.22,  0.116, 311.14,  0.141, 313.85,  0.064, 306.69,  0.098, 345.82,  0.095, 326.14,  0.056, 347.69,  0.098, 339.17,  0.080, 307.87,  0.226, 289.96,  0.113, 304.53,  0.197, 316.85,  0.166, 261.67,-99.000, -99.00,-99.000, -99.00,-99.000, -99.00,-99.000, -99.00,
8/28/2006 08:30:00, 12.4,275.7,  0.6,  3.5, 18.829, 28.84,  0.0,  0.0,  0.076, 337.50,  0.114, 307.87,  0.130, 303.69,  0.128,  17.30,  0.147,  26.74,  0.120, 331.08,  0.082, 339.36,  0.107, 353.54,  0.151, 334.11,  0.161, 333.75,  0.126, 329.58,  0.099, 315.00,  0.171, 328.17,  0.152, 313.14,  0.070, 315.58,  0.080, 146.71,-99.000, -99.00,-99.000, -99.00,-99.000, -99.00,-99.000, -99.00,
8/28/2006 08:35:00, 12.4,275.8,  0.6,  3.5, 18.836, 28.84,  0.0,  0.0,  0.098, 336.57,  0.113, 307.79,  0.068, 280.98,  0.155,   0.74,  0.058, 331.23,  0.142,   1.61,  0.155, 330.12,  0.129, 340.02,  0.169, 307.07,  0.098, 307.10,  0.172, 318.53,  0.133, 357.85,  0.158, 322.48,  0.080, 307.87,  0.145, 335.20,  0.132, 234.26,-99.000, -99.00,-99.000, -99.00,-99.000, -99.00,-99.000, -99.00,
8/28/2006 08:40:00, 12.4,275.8,  0.6,  3.5, 18.847, 28.84,  0.0,  0.0,  0.070, 316.74,  0.168,   5.81,  0.172, 359.67,  0.154,   8.60,  0.105,  32.18,  0.082, 334.06,  0.124, 334.68,  0.040, 352.87,  0.063, 292.48,  0.116, 351.59,  0.138, 351.69,  0.078, 330.16,  0.114, 318.20,  0.150, 326.94,  0.120, 316.69,  0.118, 221.55,-99.000, -99.00,-99.000, -99.00,-99.000, -99.00,-99.000, -99.00,
8/28/2006 08:45:00, 12.4,275.8,  0.6,  3.5, 18.850, 28.84,  0.0,  0.0,  0.023, 195.26,  0.046,  29.90,  0.095, 353.33,  0.106, 311.54,  0.063,  51.48,  0.100, 356.57,  0.134, 346.59,  0.086,   0.00,  0.068,   1.68,  0.056, 281.31,  0.050,  77.35,  0.035, 222.71,  0.053, 324.21,  0.079, 332.78,  0.014, 282.09,  0.145, 270.79,-99.000, -99.00,-99.000, -99.00,-99.000, -99.00,-99.000, -99.00,
8/28/2006 08:50:00, 12.4,275.7,  0.6,  3.5, 18.867, 28.84,  0.0,  0.0,  0.072,  10.38,  0.135,   9.81,  0.121, 353.35,  0.073, 355.30,  0.077, 288.90,  0.137, 325.73,  0.122, 344.83,  0.151, 350.10,  0.110,  13.15,  0.115, 320.64,  0.142, 321.28,  0.123, 308.08,  0.110, 316.47,  0.115, 296.79,  0.166, 317.94,  0.057, 277.00,-99.000, -99.00,-99.000, -99.00,-99.000, -99.00,-99.000, -99.00,
8/28/2006 08:55:00, 12.4,275.8,  0.6,  3.5, 18.867, 28.85,  0.0,  0.0,  0.167,  64.51,  0.083, 310.60,  0.122, 337.85,  0.058, 334.32,  0.098, 325.01,  0.119,  17.67,  0.129,   0.00,  0.112, 349.70,  0.104, 339.83,  0.089, 327.38,  0.036, 350.27,  0.094, 309.81,  0.102, 315.00,  0.074,  14.04,  0.132, 327.99,  0.068, 259.02,-99.000, -99.00,-99.000, -99.00,-99.000, -99.00,-99.000, -99.00,
8/28/2006 09:00:00, 12.4,275.7,  0.6,  3.5, 18.879, 28.85,  0.0,  0.0,  0.138,  34.38,  0.093, 317.19,  0.150, 352.73,  0.172, 337.46,  0.160, 332.47,  0.066, 326.79,  0.103, 305.54,  0.131, 327.16,  0.093, 296.02,  0.080,   2.15,  0.104, 336.15,  0.135, 332.10,  0.156, 311.88,  0.155, 296.40,  0.142, 273.63,  0.109, 272.10,-99.000, -99.00,-99.000, -99.00,-99.000, -99.00,-99.000, -99.00,
8/28/2006 09:05:00, 12.4,275.7,  0.6,  3.5, 18.875, 28.86,  0.0,  0.0,  0.092, 355.65,  0.098, 356.50,  0.071,   8.13,  0.086,  15.49,  0.109, 309.40,  0.129, 316.89,  0.096, 338.53,  0.107, 310.83,  0.083, 350.31,  0.140, 325.18,  0.082, 346.64,  0.127, 332.43,  0.094, 278.56,  0.117, 293.71,  0.118, 302.88,  0.045, 237.72,-99.000, -99.00,-99.000, -99.00,-99.000, -99.00,-99.000, -99.00,
8/28/2006 09:10:00, 12.4,275.7,  0.6,  3.5, 18.885, 28.86,  0.0,  0.0,  0.096, 304.35,  0.083,  38.12,  0.156, 339.36,  0.186, 317.40,  0.086, 325.39,  0.059, 342.18,  0.141, 312.99,  0.125, 324.78,  0.171, 328.63,  0.076, 337.50,  0.149, 315.27,  0.093, 340.59,  0.150, 305.80,  0.089, 287.62,  0.124, 274.15,  0.108, 261.50,-99.000, -99.00,-99.000, -99.00,-99.000, -99.00,-99.000, -99.00,
8/28/2006 09:15:00, 12.4,275.6,  0.6,  3.5, 18.885, 28.86,  0.0,  0.0,  0.079,  43.98,  0.094,   7.96,  0.073, 349.77,  0.142, 288.95,  0.139, 298.41,  0.071, 329.45,  0.141, 343.50,  0.081, 335.97,  0.097, 282.46,  0.140, 325.74,  0.108, 324.83,  0.219, 319.99,  0.267, 323.39,  0.186, 319.13,  0.214, 314.81,  0.218, 315.37,-99.000, -99.00,-99.000, -99.00,-99.000, -99.00,-99.000, -99.00,
8/28/2006 09:20:00, 12.4,275.8,  0.6,  3.5, 18.891, 28.87,  0.0,  0.0,  0.057, 103.30,  0.145, 324.23,  0.089, 331.70,  0.154, 331.77,  0.194, 309.35,  0.139, 341.57,  0.101, 358.87,  0.130, 341.15,  0.121, 347.11,  0.041, 300.96,  0.170, 293.24,  0.146, 296.92,  0.196, 303.77,  0.206, 311.26,  0.110, 331.81,  0.122, 286.20,-99.000, -99.00,-99.000, -99.00,-99.000, -99.00,-99.000, -99.00,
8/28/2006 09:25:00, 12.4,275.7,  0.6,  3.5, 18.898, 28.87,  0.0,  0.0,  0.083,  13.87,  0.158, 330.84,  0.128,  14.47,  0.099, 358.84,  0.206, 336.55,  0.156, 318.64,  0.162, 327.09,  0.172, 345.88,  0.158, 324.80,  0.101, 311.40,  0.114, 328.26,  0.213, 325.34,  0.217, 309.57,  0.129, 324.46,  0.152, 309.13,  0.049, 350.54,-99.000, -99.00,-99.000, -99.00,-99.000, -99.00,-99.000, -99.00,
8/28/2006 09:30:00, 12.4,275.7,  0.6,  3.5, 18.907, 28.87,  0.0,  0.0,  0.106,   0.00,  0.075, 357.71,  0.175, 335.34,  0.140, 313.84,  0.095,   2.41,  0.115, 330.75,  0.173, 303.69,  0.173, 304.15,  0.119, 342.33,  0.103, 346.50,  0.103, 325.23,  0.117, 314.65,  0.110, 302.39,  0.112, 291.52,  0.185, 292.95,  0.095, 262.13,-99.000, -99.00,-99.000, -99.00,-99.000, -99.00,-99.000, -99.00,
8/28/2006 09:35:00, 12.4,275.8,  0.6,  3.5, 18.911, 28.88,  0.0,  0.0,  0.037,  55.89,  0.192, 341.75,  0.196, 342.21,  0.109, 345.07,  0.181, 320.15,  0.116,   0.00,  0.171, 341.25,  0.114, 320.71,  0.132, 303.57,  0.179, 296.57,  0.168, 298.39,  0.112, 318.62,  0.093, 325.11,  0.053, 278.75,  0.059, 313.64,  0.088, 147.58,-99.000, -99.00,-99.000, -99.00,-99.000, -99.00,-99.000, -99.00,
8/28/2006 09:40:00, 12.4,275.7,  0.6,  3.5, 18.914, 28.88,  0.0,  0.0,  0.118, 349.74,  0.119, 323.90,  0.138, 331.03,  0.144, 356.82,  0.185, 337.05,  0.068, 328.17,  0.179, 332.43,  0.116, 314.30,  0.114, 334.11,  0.101, 344.45,  0.142,   1.21,  0.147, 332.04,  0.169, 321.02,  0.152, 306.19,  0.206, 312.05,  0.144, 277.96,-99.000, -99.00,-99.000, -99.00,-99.000, -99.00,-99.000, -99.00,
8/28/2006 09:45:00, 12.4,275.8,  0.6,  3.5, 18.924, 28.89,  0.0,  0.0,  0.091,   7.59,  0.203, 326.47,  0.132, 303.57,  0.230, 338.34,  0.176, 331.55,  0.181, 329.47,  0.061, 273.75,  0.074, 292.38,  0.042, 270.00,  0.049,  53.37,  0.103, 315.40,  0.087,  33.33,  0.085,  41.19,  0.090, 352.32,  0.107, 341.40,  0.095, 204.15,-99.000, -99.00,-99.000, -99.00,-99.000, -99.00,-99.000, -99.00,
8/28/2006 09:50:00, 12.4,275.8,  0.6,  3.5, 18.923, 28.90,  0.0,  0.0,  0.094,  18.05,  0.201, 339.94,  0.107, 337.50,  0.147, 340.08,  0.179, 347.75,  0.147, 336.39,  0.161, 332.32,  0.181, 330.18,  0.174, 319.90,  0.202, 300.38,  0.201, 278.57,  0.126, 288.43,  0.175, 281.57,  0.158, 277.62,  0.185, 285.39,  0.089, 273.86,-99.000, -99.00,-99.000, -99.00,-99.000, -99.00,-99.000, -99.00,
8/28/2006 09:55:00, 12.4,275.7,  0.6,  3.5, 18.931, 28.91,  0.0,  0.0,  0.068, 301.11,  0.156, 328.66,  0.172, 355.32,  0.206, 336.55,  0.159, 343.96,  0.116, 337.19,  0.202, 338.78,  0.158, 334.57,  0.137, 313.82,  0.138, 301.04,  0.158, 295.92,  0.175, 297.88,  0.246, 295.21,  0.219, 287.53,  0.256, 297.66,  0.157, 249.83,-99.000, -99.00,-99.000, -99.00,-99.000, -99.00,-99.000, -99.00,
8/28/2006 10:00:00, 12.4,275.6,  0.6,  3.5, 18.936, 28.91,  0.0,  0.0,  0.163, 358.95,  0.247,   0.00,  0.241, 313.32,  0.300, 336.25,  0.158, 333.76,  0.139, 323.79,  0.223, 341.73,  0.238, 321.49,  0.104, 355.60,  0.186, 315.65,  0.163, 307.01,  0.208, 295.95,  0.156, 281.45,  0.220, 277.84,  0.212, 292.70,  0.164, 263.35,-99.000, -99.00,-99.000, -99.00,-99.000, -99.00,-99.000, -99.00,
8/28/2006 10:05:00, 12.4,275.8,  0.6,  3.5, 18.943, 28.91,  0.0,  0.0,  0.121, 302.91,  0.138, 331.39,  0.213, 343.35,  0.181, 353.66,  0.163, 347.93,  0.170, 336.00,  0.192, 332.37,  0.188, 319.96,  0.146, 329.91,  0.159, 343.16,  0.162, 292.46,  0.172, 296.27,  0.252, 296.87,  0.203, 281.37,  0.177, 281.44,  0.164, 269.30,-99.000, -99.00,-99.000, -99.00,-99.000, -99.00,-99.000, -99.00,
8/28/2006 10:10:00, 12.4,275.7,  0.6,  3.5, 18.947, 28.92,  0.0,  0.0,  0.108, 325.14,  0.221, 339.35,  0.119, 323.90,  0.214, 330.32,  0.248, 317.12,  0.223, 315.18,  0.195, 302.22,  0.255, 307.18,  0.165, 311.81,  0.186, 300.70,  0.222, 302.11,  0.168, 299.15,  0.170, 298.53,  0.268, 286.27,  0.230, 306.17,  0.182, 272.83,-99.000, -99.00,-99.000, -99.00,-99.000, -99.00,-99.000, -99.00,
8/28/2006 10:15:00, 12.4,275.6,  0.6,  3.5, 18.955, 28.92,  0.0,  0.0,  0.073,  38.29,  0.137, 337.19,  0.249, 339.52,  0.153, 351.34,  0.189, 337.64,  0.179, 339.44,  0.248, 328.68,  0.226, 329.12,  0.207, 325.62,  0.080, 301.70,  0.155, 316.31,  0.287, 309.35,  0.226, 300.88,  0.231, 283.25,  0.154, 288.20,  0.118, 234.97,-99.000, -99.00,-99.000, -99.00,-99.000, -99.00,-99.000, -99.00,
8/28/2006 10:20:00, 12.4,275.7,  0.6,  3.5, 18.962, 28.92,  0.0,  0.0,  0.199, 296.57,  0.152, 320.34,  0.195, 327.12,  0.227, 345.72,  0.150, 335.14,  0.230, 337.78,  0.164, 317.96,  0.210, 312.29,  0.193, 323.84,  0.144, 323.45,  0.237, 294.72,  0.212, 289.03,  0.205, 278.68,  0.240, 281.31,  0.291, 295.42,  0.210, 240.63,-99.000, -99.00,-99.000, -99.00,-99.000, -99.00,-99.000, -99.00,
8/28/2006 10:25:00, 12.4,275.8,  0.6,  3.5, 18.965, 28.92,  0.0,  0.0,  0.067, 319.86,  0.256, 328.23,  0.158, 287.29,  0.225, 334.69,  0.163, 328.07,  0.278, 342.22,  0.192, 342.13,  0.164, 321.18,  0.219, 313.33,  0.183, 309.69,  0.228, 308.23,  0.202, 309.77,  0.230, 291.20,  0.212, 286.13,  0.184, 286.76,  0.156, 231.23,-99.000, -99.00,-99.000, -99.00,-99.000, -99.00,-99.000, -99.00,
8/28/2006 10:30:00, 12.4,275.7,  0.6,  3.5, 18.963, 28.92,  0.0,  0.0,  0.184, 321.63,  0.223, 338.39,  0.225, 322.77,  0.212, 304.81,  0.158, 307.52,  0.179, 286.21,  0.114, 299.93,  0.239, 300.64,  0.123, 310.04,  0.174, 305.88,  0.254, 284.36,  0.201, 292.49,  0.298, 288.37,  0.249, 278.07,  0.230, 292.54,  0.089, 243.15,-99.000, -99.00,-99.000, -99.00,-99.000, -99.00,-99.000, -99.00,
8/28/2006 10:35:00, 12.4,275.7,  0.6,  3.5, 18.969, 28.92,  0.0,  0.0,  0.144,   3.97,  0.186, 318.93,  0.218, 347.81,  0.230, 331.65,  0.185, 316.97,  0.235, 314.14,  0.246, 305.75,  0.267, 314.70,  0.326, 324.36,  0.268, 318.03,  0.220, 304.27,  0.143, 287.04,  0.225, 280.76,  0.149, 281.99,  0.238, 280.65,  0.214, 254.86,-99.000, -99.00,-99.000, -99.00,-99.000, -99.00,-99.000, -99.00,
8/28/2006 10:40:00, 12.4,275.7,  0.6,  3.5, 18.975, 28.92,  0.0,  0.0,  0.151, 358.48,  0.251, 333.74,  0.136,   9.32,  0.173, 324.19,  0.205,   1.12,  0.187, 351.39,  0.178, 324.35,  0.249, 315.00,  0.200, 307.27,  0.153, 303.27,  0.189, 313.50,  0.224, 295.08,  0.227, 267.48,  0.220, 274.70,  0.296, 279.53,  0.169, 228.59,-99.000, -99.00,-99.000, -99.00,-99.000, -99.00,-99.000, -99.00,
8/28/2006 10:45:00, 12.4,275.7,  0.6,  3.5, 18.972, 28.92,  0.0,  0.0,  0.211, 355.37,  0.232, 318.84,  0.135, 326.19,  0.208, 327.38,  0.190, 331.41,  0.219, 318.89,  0.226, 337.87,  0.084, 331.61,  0.089, 339.52,  0.209, 279.91,  0.247, 299.05,  0.165, 275.57,  0.127, 275.89,  0.200, 289.89,  0.240, 281.31,  0.161, 245.03,-99.000, -99.00,-99.000, -99.00,-99.000, -99.00,-99.000, -99.00,
8/28/2006 10:50:00, 12.4,275.7,  0.6,  3.5, 18.989, 28.92,  0.0,  0.0,  0.086, 321.13,  0.181, 326.75,  0.092, 308.85,  0.048, 332.90,  0.186, 280.22,  0.193, 304.85,  0.200, 286.26,  0.186, 289.80,  0.121, 300.39,  0.308, 289.55,  0.197, 274.06,  0.211, 269.73,  0.270, 281.10,  0.225, 267.46,  0.249, 280.63,  0.140, 251.69,-99.000, -99.00,-99.000, -99.00,-99.000, -99.00,-99.000, -99.00,
8/28/2006 10:55:00, 12.4,275.8,  0.6,  3.5, 18.992, 28.92,  0.0,  0.0,  0.119, 330.85,  0.156, 342.84,  0.111,   1.03,  0.123, 335.94,  0.130, 310.31,  0.167, 323.27,  0.247, 338.41,  0.199, 315.61,  0.169, 290.04,  0.246, 315.33,  0.241, 296.88,  0.205, 282.13,  0.243, 281.40,  0.216, 269.20,  0.214, 292.50,  0.047, 207.65,-99.000, -99.00,-99.000, -99.00,-99.000, -99.00,-99.000, -99.00,
8/28/2006 11:00:00, 12.4,275.8,  0.6,  3.5, 18.993, 28.92,  0.0,  0.0,  0.172, 286.22,  0.185, 308.85,  0.130, 302.10,  0.164, 301.56,  0.179, 290.97,  0.063, 333.43,  0.145, 298.33,  0.133, 296.76,  0.137, 293.75,  0.180, 274.79,  0.151, 307.17,  0.184, 289.32,  0.217, 277.94,  0.234, 276.88,  0.270, 287.90,  0.255, 253.84,-99.000, -99.00,-99.000, -99.00,-99.000, -99.00,-99.000, -99.00,
8/28/2006 11:05:00, 12.4,275.8,  0.6,  3.5, 18.995, 28.92,  0.0,  0.0,  0.208, 301.86,  0.225, 309.41,  0.162, 301.15,  0.317, 328.01,  0.261, 312.05,  0.202, 319.83,  0.210, 313.65,  0.183, 309.00,  0.241, 286.17,  0.239, 290.11,  0.212, 304.81,  0.156, 297.06,  0.198, 294.11,  0.274, 281.60,  0.184, 270.31,  0.235, 244.53,-99.000, -99.00,-99.000, -99.00,-99.000, -99.00,-99.000, -99.00,
8/28/2006 11:10:00, 12.4,275.7,  0.6,  3.5, 19.003, 28.92,  0.0,  0.0,  0.169, 281.98,  0.065, 286.19,  0.112, 336.87,  0.258, 320.19,  0.198, 339.92,  0.195, 338.69,  0.124, 343.61,  0.149, 334.12,  0.214, 300.04,  0.176, 293.80,  0.173, 285.40,  0.305, 286.77,  0.167, 303.50,  0.182, 315.22,  0.116, 322.34,  0.115, 222.54,-99.000, -99.00,-99.000, -99.00,-99.000, -99.00,-99.000, -99.00,
8/28/2006 11:15:00, 12.4,275.7,  0.6,  3.5, 19.005, 28.92,  0.0,  0.0,  0.171, 336.89,  0.089, 310.46,  0.147, 315.55,  0.168, 302.37,  0.201, 298.86,  0.156, 290.30,  0.217, 260.45,  0.182, 280.75,  0.165, 287.23,  0.256, 287.73,  0.186, 294.09,  0.286, 288.37,  0.193, 266.74,  0.251, 268.40,  0.266, 279.29,  0.237, 265.88,-99.000, -99.00,-99.000, -99.00,-99.000, -99.00,-99.000, -99.00,
8/28/2006 11:20:00, 12.4,275.8,  0.6,  3.5, 19.002, 28.92,  0.0,  0.0,  0.129, 291.39,  0.203, 309.19,  0.128, 303.19,  0.141, 296.57,  0.192, 273.28,  0.227, 281.16,  0.225, 305.03,  0.188, 299.97,  0.114, 298.81,  0.167, 267.94,  0.190, 288.72,  0.153, 300.58,  0.171, 317.14,  0.211, 309.81,  0.253, 312.44,  0.088, 270.65,-99.000, -99.00,-99.000, -99.00,-99.000, -99.00,-99.000, -99.00,
8/28/2006 11:25:00, 12.4,275.7,  0.6,  3.5, 18.994, 28.93,  0.0,  0.0,  0.232, 295.24,  0.186, 336.60,  0.155, 313.17,  0.216, 310.31,  0.153, 298.91,  0.160, 308.66,  0.204, 326.78,  0.156, 301.34,  0.124, 321.56,  0.163, 306.03,  0.151, 301.48,  0.171, 280.12,  0.117, 266.09,  0.204, 284.44,  0.286, 287.10,  0.178, 249.22,-99.000, -99.00,-99.000, -99.00,-99.000, -99.00,-99.000, -99.00,
8/28/2006 11:30:00, 12.4,275.8,  0.6,  3.5, 18.995, 28.93,  0.0,  0.0,  0.120, 289.04,  0.138, 332.88,  0.115, 337.46,  0.049,   8.13,  0.093, 312.81,  0.134, 290.61,  0.143, 289.20,  0.130, 266.48,  0.110, 299.36,  0.155, 290.43,  0.203, 288.97,  0.203, 287.81,  0.315, 283.42,  0.252, 273.41,  0.111, 268.97,  0.164, 213.59,-99.000, -99.00,-99.000, -99.00,-99.000, -99.00,-99.000, -99.00,
8/28/2006 11:35:00, 12.4,275.8,  0.6,  3.5, 18.999, 28.93,  0.0,  0.0,  0.079, 296.24,  0.100, 330.61,  0.066, 315.62,  0.218, 312.03,  0.217, 304.86,  0.098, 304.99,  0.200, 281.25,  0.147, 285.84,  0.158, 309.34,  0.226, 286.19,  0.153, 280.57,  0.177, 271.94,  0.222, 268.19,  0.215, 277.22,  0.244, 288.14,  0.175, 261.13,-99.000, -99.00,-99.000, -99.00,-99.000, -99.00,-99.000, -99.00,
8/28/2006 11:40:00, 12.4,275.8,  0.6,  3.5, 19.002, 28.94,  0.0,  0.0,  0.125, 285.26,  0.122, 354.85,  0.159, 312.20,  0.124, 301.12,  0.142, 327.65,  0.117, 340.02,  0.189, 310.70,  0.179, 327.28,  0.196, 305.88,  0.125, 311.10,  0.150, 305.80,  0.131, 286.36,  0.179, 273.84,  0.192, 281.43,  0.183, 301.34,  0.176, 260.86,-99.000, -99.00,-99.000, -99.00,-99.000, -99.00,-99.000, -99.00,
8/28/2006 11:45:00, 12.4,275.7,  0.6,  3.5, 19.002, 28.94,  0.0,  0.0,  0.150, 301.88,  0.131, 301.26,  0.122, 346.76,  0.228, 311.09,  0.107,   8.05,  0.116, 318.86,  0.119, 272.41,  0.114, 287.80,  0.183, 302.04,  0.114, 295.89,  0.155, 284.93,  0.123, 263.92,  0.147, 259.38,  0.220, 257.10,  0.139, 270.00,  0.189, 273.63,-99.000, -99.00,-99.000, -99.00,-99.000, -99.00,-99.000, -99.00,
8/28/2006 11:50:00, 12.4,275.8,  0.6,  3.6, 19.000, 28.94,  0.0,  0.0,  0.134, 270.00,  0.118, 319.82,  0.154, 317.63,  0.130, 296.96,  0.138, 310.29,  0.060, 291.45,  0.142, 287.67,  0.150, 293.65,  0.211, 292.91,  0.132, 275.67,  0.221, 277.54,  0.213, 295.84,  0.303, 278.75,  0.248, 280.45,  0.207, 293.60,  0.098, 243.43,-99.000, -99.00,-99.000, -99.00,-99.000, -99.00,-99.000, -99.00,
8/28/2006 11:55:00, 12.4,275.8,  0.6,  3.5, 18.994, 28.94,  0.0,  0.0,  0.159, 310.91,  0.136, 306.03,  0.156, 329.98,  0.216, 321.38,  0.182, 270.63,  0.164, 288.88,  0.191, 297.37,  0.145, 301.50,  0.138, 292.11,  0.143, 288.82,  0.122, 310.35,  0.175, 282.21,  0.168, 274.45,  0.240, 257.01,  0.235, 277.34,  0.126, 230.14,-99.000, -99.00,-99.000, -99.00,-99.000, -99.00,-99.000, -99.00,
8/28/2006 12:00:00, 12.4,275.9,  0.6,  3.5, 19.000, 28.94,  0.0,  0.0,  0.108, 324.40,  0.194, 329.34,  0.127, 332.43,  0.122, 303.30,  0.139, 293.25,  0.132, 322.70,  0.075, 300.31,  0.173, 275.64,  0.161, 313.23,  0.086, 266.67,  0.192, 271.19,  0.168, 273.07,  0.215, 264.40,  0.252, 264.54,  0.180, 251.16,  0.191, 214.77,-99.000, -99.00,-99.000, -99.00,-99.000, -99.00,-99.000, -99.00,
8/28/2006 12:05:00, 12.4,275.7,  0.6,  3.5, 18.999, 28.95,  0.0,  0.0,  0.083, 305.22,  0.127, 298.18,  0.096, 313.32,  0.148, 307.02,  0.138, 281.72,  0.153, 321.11,  0.122, 275.66,  0.105, 267.82,  0.172, 270.00,  0.167, 272.40,  0.284, 280.76,  0.216, 265.74,  0.265, 263.71,  0.257, 277.82,  0.304, 285.87,  0.187, 254.77,-99.000, -99.00,-99.000, -99.00,-99.000, -99.00,-99.000, -99.00,
8/28/2006 12:10:00, 12.4,275.8,  0.6,  3.5, 18.991, 28.95,  0.0,  0.0,  0.080, 295.92,  0.189, 333.57,  0.202, 347.13,  0.086, 336.10,  0.184, 306.62,  0.176, 266.75,  0.220, 276.80,  0.207, 283.10,  0.279, 265.68,  0.141, 247.44,  0.204, 256.37,  0.227, 267.48,  0.237, 269.03,  0.269, 264.25,  0.246, 278.89,  0.188, 239.35,-99.000, -99.00,-99.000, -99.00,-99.000, -99.00,-99.000, -99.00,
8/28/2006 12:15:00, 12.4,275.9,  0.6,  3.5, 18.996, 28.95,  0.0,  0.0,  0.074, 342.78,  0.184, 324.75,  0.161, 302.80,  0.114, 285.74,  0.178, 297.86,  0.153, 271.50,  0.254, 277.01,  0.203, 291.12,  0.207, 281.69,  0.248, 286.39,  0.254, 283.87,  0.224, 280.01,  0.233, 277.64,  0.232, 273.70,  0.241, 286.40,  0.200, 291.70,-99.000, -99.00,-99.000, -99.00,-99.000, -99.00,-99.000, -99.00,
8/28/2006 12:20:00, 12.4,275.7,  0.6,  3.5, 19.002, 28.96,  0.0,  0.0,  0.135, 324.07,  0.179, 287.53,  0.124, 339.23,  0.171, 293.11,  0.135, 303.81,  0.217, 302.59,  0.207, 304.00,  0.233, 296.46,  0.123, 301.76,  0.190, 265.46,  0.232, 258.84,  0.278, 268.56,  0.268, 276.22,  0.214, 264.37,  0.179, 276.41,  0.147, 239.44,-99.000, -99.00,-99.000, -99.00,-99.000, -99.00,-99.000, -99.00,
8/28/2006 12:25:00, 12.4,275.7,  0.6,  3.5, 19.005, 28.96,  0.0,  0.0,  0.226, 325.47,  0.160, 296.73,  0.165, 303.40,  0.188, 339.73,  0.056, 317.17,  0.161, 276.77,  0.195, 280.04,  0.166, 282.19,  0.207, 271.94,  0.232, 276.70,  0.267, 272.36,  0.262, 277.02,  0.323, 271.95,  0.301, 271.52,  0.183, 283.28,  0.232, 241.67,-99.000, -99.00,-99.000, -99.00,-99.000, -99.00,-99.000, -99.00,
8/28/2006 12:30:00, 12.4,275.8,  0.6,  3.5, 19.004, 28.96,  0.0,  0.0,  0.141, 310.69,  0.078, 299.20,  0.127, 257.72,  0.128, 338.03,  0.129, 336.63,  0.076, 294.88,  0.157, 284.04,  0.201, 288.52,  0.171, 263.62,  0.300, 271.34,  0.207, 277.23,  0.213, 281.63,  0.255, 279.24,  0.165, 276.61,  0.243, 283.35,  0.176, 251.05,-99.000, -99.00,-99.000, -99.00,-99.000, -99.00,-99.000, -99.00,
8/28/2006 12:35:00, 12.4,275.9,  0.6,  3.5, 19.004, 28.97,  0.0,  0.0,  0.047, 209.29,  0.070, 207.30,  0.080, 326.71,  0.137, 293.20,  0.188, 311.33,  0.144, 295.50,  0.111, 283.54,  0.211, 287.66,  0.196, 261.79,  0.197, 282.91,  0.168, 264.19,  0.208, 267.25,  0.246, 272.33,  0.242, 277.83,  0.172, 294.03,  0.233, 312.04,-99.000, -99.00,-99.000, -99.00,-99.000, -99.00,-99.000, -99.00,
8/28/2006 12:40:00, 12.4,275.9,  0.6,  3.5, 19.001, 28.97,  0.0,  0.0,  0.116, 317.79,  0.151, 270.38,  0.087, 277.29,  0.082, 294.39,  0.048, 264.05,  0.074, 266.91,  0.111, 260.11,  0.176, 268.70,  0.163, 282.41,  0.214, 279.95,  0.131, 266.07,  0.164, 297.66,  0.195, 277.96,  0.215, 270.00,  0.141, 289.08,  0.262, 229.18,-99.000, -99.00,-99.000, -99.00,-99.000, -99.00,-99.000, -99.00,
8/28/2006 12:45:00, 12.4,275.7,  0.6,  3.5, 19.000, 28.97,  0.0,  0.0,  0.099, 276.40,  0.072, 299.05,  0.158, 308.83,  0.118, 313.97,  0.215, 275.07,  0.161, 292.59,  0.220, 281.26,  0.148, 274.25,  0.142, 276.07,  0.244, 269.53,  0.243, 283.81,  0.242, 286.56,  0.223, 273.34,  0.217, 263.10,  0.219, 285.12,  0.186, 237.77,-99.000, -99.00,-99.000, -99.00,-99.000, -99.00,-99.000, -99.00,
8/28/2006 12:50:00, 12.4,275.8,  0.6,  3.5, 18.994, 28.97,  0.0,  0.0,  0.179, 306.81,  0.108, 295.85,  0.051, 285.95,  0.114, 322.83,  0.147, 248.49,  0.091, 308.76,  0.181, 290.04,  0.131, 278.81,  0.162, 271.41,  0.182, 283.04,  0.181, 284.73,  0.224, 290.95,  0.192, 285.41,  0.252, 266.82,  0.260, 275.51,  0.223, 259.14,-99.000, -99.00,-99.000, -99.00,-99.000, -99.00,-99.000, -99.00,
8/28/2006 12:55:00, 12.4,275.7,  0.6,  3.5, 18.995, 28.97,  0.0,  0.0,  0.088, 302.42,  0.095, 302.52,  0.202, 277.97,  0.167, 282.79,  0.165, 295.48,  0.194, 289.28,  0.171, 281.84,  0.149, 241.88,  0.151, 294.70,  0.117, 295.25,  0.248, 277.41,  0.148, 275.05,  0.178, 279.04,  0.234, 269.51,  0.236, 278.27,  0.215, 259.84,-99.000, -99.00,-99.000, -99.00,-99.000, -99.00,-99.000, -99.00,
8/28/2006 13:00:00, 12.4,276.0,  0.6,  3.6, 18.996, 28.97,  0.0,  0.0,  0.108, 280.68,  0.112, 283.42,  0.197, 252.58,  0.148, 278.95,  0.134, 266.58,  0.142, 281.39,  0.201, 290.06,  0.238, 292.25,  0.230, 280.28,  0.236, 276.31,  0.154, 274.86,  0.211, 268.10,  0.250, 271.60,  0.336, 270.00,  0.301, 278.21,  0.194, 252.59,-99.000, -99.00,-99.000, -99.00,-99.000, -99.00,-99.000, -99.00,
8/28/2006 13:05:00, 12.4,275.7,  0.6,  3.6, 18.989, 28.97,  0.0,  0.0,  0.064, 302.20,  0.101, 273.40,  0.079, 289.12,  0.135, 305.34,  0.110, 273.12,  0.168, 301.61,  0.107, 303.99,  0.081, 272.12,  0.132, 264.33,  0.129, 316.26,  0.149, 272.69,  0.171, 291.61,  0.258, 303.44,  0.242, 291.58,  0.204, 299.95,  0.173, 266.36,-99.000, -99.00,-99.000, -99.00,-99.000, -99.00,-99.000, -99.00,
8/28/2006 13:10:00, 12.4,275.8,  0.6,  3.5, 18.988, 28.98,  0.0,  0.0,  0.164, 291.09,  0.096, 329.44,  0.160, 333.60,  0.169, 303.41,  0.187, 257.30,  0.159, 286.04,  0.199, 298.89,  0.131, 272.19,  0.076, 276.01,  0.178, 297.86,  0.150, 279.21,  0.160, 292.73,  0.230, 271.99,  0.293, 277.25,  0.266, 288.64,  0.219, 264.76,-99.000, -99.00,-99.000, -99.00,-99.000, -99.00,-99.000, -99.00,
8/28/2006 13:15:00, 12.4,275.8,  0.6,  3.5, 18.983, 28.98,  0.0,  0.0,  0.114, 335.68,  0.058, 324.12,  0.106, 274.32,  0.123, 272.79,  0.132, 314.69,  0.182, 306.30,  0.137, 277.95,  0.097, 281.31,  0.152, 270.00,  0.171, 270.67,  0.172, 291.49,  0.165, 294.39,  0.157, 286.25,  0.216, 282.82,  0.197, 300.86,  0.214, 255.96,-99.000, -99.00,-99.000, -99.00,-99.000, -99.00,-99.000, -99.00,
8/28/2006 13:20:00, 12.4,275.8,  0.6,  3.5, 18.974, 28.98,  0.0,  0.0,  0.218, 303.03,  0.129, 351.05,  0.007,  56.31,  0.078, 308.77,  0.169, 268.98,  0.077, 282.77,  0.124, 310.10,  0.202, 284.66,  0.219, 300.78,  0.203, 315.20,  0.251, 315.16,  0.241, 336.30,  0.274, 340.37,  0.305, 332.26,  0.306, 331.67,  0.230, 331.77,-99.000, -99.00,-99.000, -99.00,-99.000, -99.00,-99.000, -99.00,
8/28/2006 13:25:00, 12.4,275.7,  0.6,  3.5, 18.963, 28.98,  0.0,  0.0,  0.219, 336.60,  0.139, 315.87,  0.201, 312.98,  0.186, 286.58,  0.148, 291.01,  0.163, 287.10,  0.162, 291.67,  0.158, 284.30,  0.109, 284.29,  0.113, 289.72,  0.157, 288.20,  0.207, 281.69,  0.148, 307.02,  0.115, 288.75,  0.211, 275.71,  0.201, 228.63,-99.000, -99.00,-99.000, -99.00,-99.000, -99.00,-99.000, -99.00,
8/28/2006 13:30:00, 12.4,275.8,  0.6,  3.5, 18.958, 28.99,  0.0,  0.0,  0.131, 322.78,  0.088, 307.13,  0.130, 325.94,  0.088, 316.37,  0.118, 284.27,  0.182, 284.34,  0.243, 299.31,  0.104, 309.17,  0.157, 287.40,  0.151, 283.02,  0.135, 303.81,  0.162, 287.21,  0.240, 279.34,  0.127, 261.42,  0.120, 256.54,  0.148, 213.69,-99.000, -99.00,-99.000, -99.00,-99.000, -99.00,-99.000, -99.00,
8/28/2006 13:35:00, 12.4,275.7,  0.6,  3.5, 18.960, 28.99,  0.0,  0.0,  0.224, 301.84,  0.157, 294.44,  0.127, 293.14,  0.173, 315.47,  0.202, 305.11,  0.227, 284.83,  0.169, 301.72,  0.212, 282.53,  0.185, 288.24,  0.177, 304.41,  0.193, 302.95,  0.222, 290.80,  0.221, 280.95,  0.204, 293.68,  0.175, 301.41,  0.160, 243.27,-99.000, -99.00,-99.000, -99.00,-99.000, -99.00,-99.000, -99.00,
8/28/2006 13:40:00, 12.4,275.8,  0.6,  3.5, 18.961, 29.00,  0.0,  0.0,  0.117, 349.17,  0.170, 316.43,  0.113, 291.80,  0.148, 271.93,  0.210, 290.68,  0.220, 294.47,  0.139, 302.66,  0.193, 294.17,  0.202, 285.48,  0.206, 289.58,  0.183, 283.58,  0.148, 291.37,  0.206, 263.01,  0.296, 259.11,  0.268, 289.86,  0.097, 266.46,-99.000, -99.00,-99.000, -99.00,-99.000, -99.00,-99.000, -99.00,
8/28/2006 13:45:00, 12.4,275.7,  0.6,  3.5, 18.959, 29.00,  0.0,  0.0,  0.083, 292.57,  0.088, 275.19,  0.080, 295.28,  0.148, 312.53,  0.199, 299.53,  0.168, 287.68,  0.248, 293.56,  0.160, 282.99,  0.236, 283.51,  0.181, 285.73,  0.155, 279.28,  0.207, 284.24,  0.240, 273.34,  0.151, 271.14,  0.117, 250.48,  0.069, 204.72,-99.000, -99.00,-99.000, -99.00,-99.000, -99.00,-99.000, -99.00,
8/28/2006 13:50:00, 12.4,275.9,  0.6,  3.5, 18.962, 29.00,  0.0,  0.0,  0.139, 298.41,  0.133, 291.56,  0.110, 323.13,  0.098, 301.26,  0.196, 297.61,  0.165, 297.03,  0.230, 281.02,  0.084, 292.31,  0.127, 280.87,  0.171, 281.84,  0.184, 296.43,  0.156, 300.52,  0.241, 271.19,  0.202, 273.40,  0.235, 293.29,  0.175, 272.29,-99.000, -99.00,-99.000, -99.00,-99.000, -99.00,-99.000, -99.00,
8/28/2006 13:55:00, 12.4,275.8,  0.6,  3.5, 18.950, 29.00,  0.0,  0.0,  0.107, 307.41,  0.145, 329.72,  0.113, 333.66,  0.226, 315.54,  0.150, 325.89,  0.246, 295.21,  0.210, 285.16,  0.230, 294.67,  0.231, 286.63,  0.270, 297.61,  0.250, 281.98,  0.283, 288.31,  0.123, 271.40,  0.238, 279.66,  0.177, 285.77,  0.131, 245.59,-99.000, -99.00,-99.000, -99.00,-99.000, -99.00,-99.000, -99.00,
8/28/2006 14:00:00, 12.4,275.8,  0.6,  3.5, 18.942, 29.01,  0.0,  0.0,  0.153, 339.66,  0.223, 311.91,  0.122, 314.33,  0.212, 313.09,  0.187, 347.01,  0.085, 336.45,  0.129, 305.54,  0.205, 296.32,  0.164, 314.01,  0.181, 315.45,  0.142, 323.29,  0.089, 334.59,  0.036,   9.73,  0.098, 304.99,  0.123, 325.92,  0.016,  37.57,-99.000, -99.00,-99.000, -99.00,-99.000, -99.00,-99.000, -99.00,
8/28/2006 14:05:00, 12.4,275.9,  0.6,  3.5, 18.941, 29.01,  0.0,  0.0,  0.067, 254.52,  0.116, 265.56,  0.127, 310.21,  0.171, 295.97,  0.221, 311.33,  0.154, 308.14,  0.226, 304.89,  0.145, 319.18,  0.205, 281.26,  0.205, 268.32,  0.178, 286.61,  0.188, 280.71,  0.194, 261.70,  0.076, 251.57,  0.048, 304.02,  0.121, 231.04,-99.000, -99.00,-99.000, -99.00,-99.000, -99.00,-99.000, -99.00,
8/28/2006 14:10:00, 12.4,275.8,  0.6,  3.5, 18.933, 29.01,  0.0,  0.0,  0.125, 326.44,  0.069, 284.24,  0.060, 222.98,  0.183, 312.34,  0.131, 277.88,  0.137, 317.36,  0.143, 280.45,  0.191, 296.70,  0.184, 289.72,  0.105, 301.72,  0.177, 304.41,  0.191, 332.23,  0.277, 310.60,  0.185, 315.22,  0.211, 314.43,  0.050, 263.16,-99.000, -99.00,-99.000, -99.00,-99.000, -99.00,-99.000, -99.00,
8/28/2006 14:15:00, 12.4,275.9,  0.6,  3.5, 18.935, 29.01,  0.0,  0.0,  0.136, 299.59,  0.095, 284.04,  0.026,  57.53,  0.215, 302.66,  0.229, 319.07,  0.192, 316.90,  0.117, 318.81,  0.253, 285.57,  0.226, 291.24,  0.225, 289.24,  0.207, 280.60,  0.273, 265.38,  0.150, 306.34,  0.240, 307.39,  0.284, 298.82,  0.151, 245.30,-99.000, -99.00,-99.000, -99.00,-99.000, -99.00,-99.000, -99.00,
8/28/2006 14:20:00, 12.4,275.6,  0.6,  3.5, 18.928, 29.01,  0.0,  0.0,  0.159, 335.05,  0.120, 345.04,  0.142, 276.07,  0.044, 241.70,  0.163, 278.83,  0.200, 276.88,  0.222, 281.41,  0.254, 281.35,  0.221, 277.80,  0.195, 292.89,  0.147, 285.84,  0.119, 275.81,  0.201, 279.74,  0.173, 271.99,  0.222, 283.54,  0.133, 225.61,-99.000, -99.00,-99.000, -99.00,-99.000, -99.00,-99.000, -99.00,
8/28/2006 14:25:00, 12.4,275.8,  0.6,  3.5, 18.931, 29.02,  0.0,  0.0,  0.127, 304.07,  0.130, 308.45,  0.098, 317.06,  0.161, 331.84,  0.160, 281.87,  0.196, 282.40,  0.164, 252.67,  0.106, 272.70,  0.172, 257.91,  0.152, 293.69,  0.302, 291.13,  0.264, 308.08,  0.207, 335.78,  0.175, 314.77,  0.236, 313.11,  0.098, 324.53,-99.000, -99.00,-99.000, -99.00,-99.000, -99.00,-99.000, -99.00,
8/28/2006 14:30:00, 12.4,275.9,  0.6,  3.5, 18.925, 29.02,  0.0,  0.0,  0.188,   4.28,  0.243, 301.21,  0.035, 268.36,  0.135, 311.39,  0.183, 272.19,  0.097, 309.12,  0.064, 298.97,  0.133, 285.29,  0.109, 281.62,  0.120, 269.52,  0.177, 280.42,  0.149, 274.60,  0.108, 350.36,  0.249, 351.67,  0.334,   2.23,  0.336, 346.05,-99.000, -99.00,-99.000, -99.00,-99.000, -99.00,-99.000, -99.00,
8/28/2006 14:35:00, 12.4,275.9,  0.6,  3.5, 18.916, 29.02,  0.0,  0.0,  0.114, 335.01,  0.153, 283.22,  0.094, 331.53,  0.155, 277.03,  0.175, 278.22,  0.117, 257.63,  0.099, 235.67,  0.082, 320.46,  0.210, 282.91,  0.201, 261.71,  0.238, 260.34,  0.193, 270.59,  0.203, 267.74,  0.166, 271.04,  0.282, 286.25,  0.210, 262.06,-99.000, -99.00,-99.000, -99.00,-99.000, -99.00,-99.000, -99.00,
8/28/2006 14:40:00, 12.4,275.7,  0.6,  3.5, 18.910, 29.02,  0.0,  0.0,  0.100, 242.67,  0.083, 353.05,  0.148, 271.55,  0.105, 278.75,  0.102, 310.24,  0.108, 299.42,  0.104, 262.26,  0.113, 276.62,  0.162, 246.76,  0.173, 246.10,  0.190, 256.62,  0.157, 261.92,  0.181, 283.73,  0.183, 275.34,  0.207, 288.00,  0.091, 241.19,-99.000, -99.00,-99.000, -99.00,-99.000, -99.00,-99.000, -99.00,
8/28/2006 14:45:00, 12.4,275.8,  0.6,  3.5, 18.907, 29.02,  0.0,  0.0,  0.010, 209.05,  0.153, 321.11,  0.054, 315.00,  0.101, 342.65,  0.140, 266.32,  0.146, 280.69,  0.114, 272.51,  0.112, 256.09,  0.097, 264.05,  0.093, 262.57,  0.181, 268.42,  0.162, 272.12,  0.179, 272.88,  0.130, 268.24,  0.197, 295.26,  0.188, 294.24,-99.000, -99.00,-99.000, -99.00,-99.000, -99.00,-99.000, -99.00,
8/28/2006 14:50:00, 12.4,275.8,  0.6,  3.5, 18.897, 29.03,  0.0,  0.0,  0.182, 316.33,  0.144, 326.31,  0.161, 307.94,  0.098, 319.97,  0.136, 303.57,  0.120, 261.40,  0.212, 248.75,  0.192, 270.30,  0.137, 292.27,  0.194, 276.80,  0.171, 277.37,  0.146, 271.96,  0.143, 253.72,  0.190, 263.36,  0.180, 280.87,  0.128, 258.25,-99.000, -99.00,-99.000, -99.00,-99.000, -99.00,-99.000, -99.00,
8/28/2006 14:55:00, 12.4,275.8,  0.6,  3.5, 18.896, 29.03,  0.0,  0.0,  0.103, 206.57,  0.044, 358.70,  0.053,  25.60,  0.041, 297.82,  0.095, 273.01,  0.069, 328.61,  0.085, 329.50,  0.117, 289.98,  0.105, 266.73,  0.084, 292.31,  0.226, 292.13,  0.220, 285.55,  0.154, 281.60,  0.198, 264.49,  0.191, 265.79,  0.178, 232.29,-99.000, -99.00,-99.000, -99.00,-99.000, -99.00,-99.000, -99.00,
8/28/2006 15:00:00, 12.4,275.8,  0.6,  3.5, 18.894, 29.03,  0.0,  0.0,  0.047, 277.28,  0.222, 337.72,  0.100,  54.73,  0.110, 343.70,  0.107, 333.43,  0.067, 324.16,  0.109, 277.91,  0.111, 206.10,  0.082, 278.43,  0.150, 284.69,  0.230, 271.49,  0.140, 261.81,  0.152, 267.74,  0.126, 256.73,  0.172, 258.95,  0.149, 249.98,-99.000, -99.00,-99.000, -99.00,-99.000, -99.00,-99.000, -99.00,
8/28/2006 15:05:00, 12.4,275.9,  0.6,  3.5, 18.892, 29.03,  0.0,  0.0,  0.101, 318.22,  0.150, 277.27,  0.068, 276.71,  0.078, 241.80,  0.075, 208.61,  0.085, 263.96,  0.121, 245.56,  0.122, 226.33,  0.104, 191.09,  0.124, 251.71,  0.131, 254.90,  0.134, 239.99,  0.134, 262.29,  0.075, 283.85,  0.141, 109.84,  0.089, 191.69,-99.000, -99.00,-99.000, -99.00,-99.000, -99.00,-99.000, -99.00,
8/28/2006 15:10:00, 12.4,275.7,  0.6,  3.5, 18.881, 29.03,  0.0,  0.0,  0.182, 319.67,  0.162, 271.06,  0.064, 249.86,  0.125, 216.87,  0.108, 256.09,  0.059, 284.74,  0.079, 278.03,  0.090, 248.55,  0.173, 250.41,  0.155, 252.73,  0.104, 247.38,  0.073, 210.43,  0.011, 185.19,  0.041, 329.04,  0.140, 208.58,  0.176, 151.10,-99.000, -99.00,-99.000, -99.00,-99.000, -99.00,-99.000, -99.00,
8/28/2006 15:15:00, 12.4,275.9,  0.6,  3.5, 18.882, 29.03,  0.0,  0.0,  0.061,  52.37,  0.065, 229.40,  0.028, 291.04,  0.075, 340.60,  0.050, 207.60,  0.101, 264.91,  0.094, 284.18,  0.145, 282.79,  0.137, 297.31,  0.162, 266.47,  0.132, 241.88,  0.105, 245.15,  0.139, 259.66,  0.186, 255.96,  0.174, 242.70,  0.273, 220.69,-99.000, -99.00,-99.000, -99.00,-99.000, -99.00,-99.000, -99.00,
8/28/2006 15:20:00, 12.4,275.8,  0.6,  3.5, 18.871, 29.04,  0.0,  0.0,  0.038,  12.20,  0.051, 289.50,  0.045, 267.46,  0.043, 234.46,  0.074, 219.51,  0.067, 209.64,  0.064, 288.15,  0.072, 275.55,  0.123, 192.23,  0.048, 238.63,  0.094, 307.23,  0.236,  11.98,  0.264,  24.82,  0.243,  45.17,  0.063,  25.35,  0.015, 254.05,-99.000, -99.00,-99.000, -99.00,-99.000, -99.00,-99.000, -99.00,
8/28/2006 15:25:00, 12.4,275.5,  0.6,  3.5, 18.862, 29.04,  0.0,  0.0,  0.082,   2.79,  0.047, 284.93,  0.082, 323.41,  0.128, 247.04,  0.161, 254.15,  0.083, 210.26,  0.100, 279.74,  0.038, 340.14,  0.045, 310.46,  0.111, 243.20,  0.111, 245.05,  0.118, 274.36,  0.064, 256.40,  0.075, 242.06,  0.117, 276.88,  0.144, 271.59,-99.000, -99.00,-99.000, -99.00,-99.000, -99.00,-99.000, -99.00,
8/28/2006 15:30:00, 12.4,275.8,  0.6,  3.5, 18.851, 29.04,  0.0,  0.0,  0.085, 307.82,  0.058, 290.32,  0.063, 203.32,  0.141, 269.59,  0.081, 221.52,  0.073, 193.47,  0.157, 223.97,  0.071, 204.04,  0.089, 238.82,  0.073, 261.31,  0.095, 262.72,  0.077, 247.09,  0.087, 239.60,  0.128, 222.15,  0.131, 259.46,  0.163, 232.50,-99.000, -99.00,-99.000, -99.00,-99.000, -99.00,-99.000, -99.00,
8/28/2006 15:35:00, 12.4,275.6,  0.6,  3.5, 18.844, 29.05,  0.0,  0.0,  0.134,  80.54,  0.063, 241.39,  0.079, 223.98,  0.035, 230.83,  0.058, 261.03,  0.059, 343.39,  0.091, 282.05,  0.044, 182.60,  0.088, 191.82,  0.208, 232.41,  0.135, 189.81,  0.072, 230.60,  0.095, 216.87,  0.022, 161.57,  0.055, 198.10,  0.116, 153.43,-99.000, -99.00,-99.000, -99.00,-99.000, -99.00,-99.000, -99.00,
8/28/2006 15:40:00, 12.4,275.9,  0.6,  3.5, 18.835, 29.05,  0.0,  0.0,  0.048, 268.81,  0.092, 233.88,  0.039, 299.20,  0.138, 249.59,  0.120, 226.35,  0.064, 254.67,  0.130, 237.90,  0.127, 232.05,  0.175, 244.31,  0.083, 236.31,  0.078, 204.26,  0.155, 214.51,  0.060, 218.21,  0.123, 276.55,  0.070, 270.00,  0.132, 212.60,-99.000, -99.00,-99.000, -99.00,-99.000, -99.00,-99.000, -99.00,
8/28/2006 15:45:00, 12.4,275.8,  0.6,  3.5, 18.834, 29.05,  0.0,  0.0,  0.042,  46.91,  0.052, 268.90,  0.042, 312.09,  0.132, 199.54,  0.048, 180.00,  0.113, 208.61,  0.086, 176.01,  0.184, 174.07,  0.434, 118.63,  0.395, 109.81,  0.455,  98.34,  0.328,  98.23,  0.186,  81.96,  0.076,  73.23,  0.017,  64.98,  0.147, 225.00,-99.000, -99.00,-99.000, -99.00,-99.000, -99.00,-99.000, -99.00,
8/28/2006 15:50:00, 12.4,275.9,  0.6,  3.5, 18.834, 29.05,  0.0,  0.0,  0.124, 238.88,  0.061, 184.69,  0.170, 199.18,  0.109, 236.60,  0.107, 242.72,  0.052, 171.09,  0.106, 165.17,  0.039, 175.60,  0.146, 254.05,  0.046, 241.19,  0.051, 225.00,  0.190, 280.60,  0.052, 217.97,  0.067, 215.34,  0.076, 200.82,  0.135, 230.41,-99.000, -99.00,-99.000, -99.00,-99.000, -99.00,-99.000, -99.00,
8/28/2006 15:55:00, 12.4,275.7,  0.6,  3.5, 18.831, 29.04,  0.0,  0.0,  0.083, 307.15,  0.078, 206.57,  0.058, 179.01,  0.062, 215.75,  0.046, 222.36,  0.103, 221.45,  0.058, 195.95,  0.041, 143.97,  0.038, 231.34,  0.035, 201.50,  0.062, 219.09,  0.038, 156.80,  0.064, 186.24,  0.045, 234.90,  0.090,   5.08,  0.125, 305.22,-99.000, -99.00,-99.000, -99.00,-99.000, -99.00,-99.000, -99.00,
8/28/2006 16:00:00, 12.4,275.7,  0.6,  3.5, 18.827, 29.04,  0.0,  0.0,  0.125, 114.52,  0.076, 189.09,  0.136, 174.50,  0.117, 198.90,  0.039, 202.62,  0.070, 177.55,  0.074, 251.08,  0.051, 210.58,  0.093, 214.54,  0.116, 241.67,  0.096, 166.69,  0.056, 219.94,  0.089, 153.15,  0.038, 220.76,  0.030, 219.56,  0.128, 242.03,-99.000, -99.00,-99.000, -99.00,-99.000, -99.00,-99.000, -99.00,
8/28/2006 16:05:00, 12.4,275.7,  0.6,  3.5, 18.825, 29.04,  0.0,  0.0,  0.027,  55.71,  0.102, 193.63,  0.084, 124.82,  0.096, 145.65,  0.108, 148.67,  0.037, 122.83,  0.065, 154.61,  0.053, 180.00,  0.061, 297.41,  0.096, 138.37,  0.078, 240.16,  0.080, 220.45,  0.100, 222.58,  0.126, 282.82,  0.058,   7.99,  0.155, 222.65,-99.000, -99.00,-99.000, -99.00,-99.000, -99.00,-99.000, -99.00,
8/28/2006 16:10:00, 12.4,275.7,  0.6,  3.5, 18.825, 29.04,  0.0,  0.0,  0.045, 185.08,  0.038, 217.48,  0.026, 209.48,  0.105, 120.22,  0.165, 216.10,  0.132, 196.78,  0.113, 202.27,  0.112, 192.92,  0.064, 163.56,  0.078, 213.49,  0.098, 174.75,  0.045, 124.05,  0.064, 244.23,  0.044, 105.95,  0.089, 348.31,  0.141, 319.88,-99.000, -99.00,-99.000, -99.00,-99.000, -99.00,-99.000, -99.00,
8/28/2006 16:15:00, 12.4,275.9,  0.6,  3.5, 18.823, 29.04,  0.0,  0.0,  0.034, 249.44,  0.058, 178.03,  0.033, 185.19,  0.107, 167.53,  0.176, 168.50,  0.087, 108.85,  0.047, 109.98,  0.036, 167.12,  0.056, 218.50,  0.088, 190.42,  0.077, 213.27,  0.074, 167.47,  0.085, 173.21,  0.119, 233.23,  0.092, 281.92,  0.073, 276.25,-99.000, -99.00,-99.000, -99.00,-99.000, -99.00,-99.000, -99.00,
8/28/2006 16:20:00, 12.4,275.8,  0.6,  3.5, 18.820, 29.04,  0.0,  0.0,  0.077, 114.57,  0.034,  78.02,  0.041, 124.08,  0.142, 155.96,  0.104, 151.96,  0.062, 163.03,  0.093, 152.33,  0.075, 222.84,  0.079, 152.78,  0.034, 127.87,  0.060, 160.67,  0.068, 208.81,  0.065, 172.98,  0.051, 194.86,  0.085, 260.54,  0.103, 217.87,-99.000, -99.00,-99.000, -99.00,-99.000, -99.00,-99.000, -99.00,
8/28/2006 16:25:00, 12.4,275.8,  0.6,  3.5, 18.820, 29.04,  0.0,  0.0,  0.136, 102.30,  0.062, 127.79,  0.114, 137.49,  0.064, 154.23,  0.064, 155.04,  0.139, 178.76,  0.116, 144.12,  0.096, 159.30,  0.113, 165.10,  0.035, 203.63,  0.075, 217.94,  0.104, 191.63,  0.072, 203.72,  0.079, 201.67,  0.058, 100.92,  0.083, 231.88,-99.000, -99.00,-99.000, -99.00,-99.000, -99.00,-99.000, -99.00,
8/28/2006 16:30:00, 12.4,275.8,  0.6,  3.5, 18.816, 29.04,  0.0,  0.0,  0.125, 107.27,  0.124, 158.20,  0.047,  68.88,  0.080, 177.14,  0.111, 150.19,  0.079, 128.32,  0.054, 104.04,  0.099, 148.24,  0.109, 165.71,  0.058, 199.06,  0.054, 185.29,  0.113, 153.21,  0.125, 184.12,  0.105, 175.64,  0.028, 327.99,  0.071, 215.26,-99.000, -99.00,-99.000, -99.00,-99.000, -99.00,-99.000, -99.00,
8/28/2006 16:35:00, 12.4,275.8,  0.6,  3.5, 18.807, 29.04,  0.0,  0.0,  0.090, 138.15,  0.025, 139.90,  0.107, 131.59,  0.084, 158.96,  0.102, 136.59,  0.142, 136.99,  0.055, 141.67,  0.083, 154.98,  0.042, 170.31,  0.047, 156.16,  0.004, 213.69,  0.060, 219.56,  0.117, 179.51,  0.060, 231.79,  0.010, 119.05,  0.066, 212.01,-99.000, -99.00,-99.000, -99.00,-99.000, -99.00,-99.000, -99.00,
8/28/2006 16:40:00, 12.4,275.9,  0.6,  3.5, 18.803, 29.04,  0.0,  0.0,  0.077, 132.37,  0.109, 161.23,  0.105, 160.53,  0.028, 157.07,  0.058, 136.40,  0.094, 128.95,  0.072, 189.59,  0.094, 161.37,  0.003, 161.57,  0.062, 162.15,  0.097, 187.71,  0.094, 203.84,  0.118, 216.38,  0.053, 180.00,  0.038, 171.03,  0.079, 194.74,-99.000, -99.00,-99.000, -99.00,-99.000, -99.00,-99.000, -99.00,
8/28/2006 16:45:00, 12.4,275.8,  0.6,  3.5, 18.799, 29.04,  0.0,  0.0,  0.064, 104.47,  0.169, 180.68,  0.093, 178.15,  0.116, 160.94,  0.079, 148.91,  0.161, 149.46,  0.090, 157.14,  0.097, 168.11,  0.095, 141.43,  0.112, 175.91,  0.125, 154.87,  0.176, 179.67,  0.163, 176.49,  0.146, 197.57,  0.120, 225.67,  0.139, 182.88,-99.000, -99.00,-99.000, -99.00,-99.000, -99.00,-99.000, -99.00,
8/28/2006 16:50:00, 12.4,275.8,  0.6,  3.5, 18.801, 29.03,  0.0,  0.0,  0.119, 102.63,  0.225, 114.97,  0.133, 124.29,  0.195, 112.62,  0.128, 125.17,  0.129,  81.05,  0.062, 115.74,  0.083, 116.57,  0.061, 141.63,  0.055, 164.20,  0.071, 185.63,  0.038, 169.29,  0.074, 180.00,  0.057, 169.88,  0.092, 209.90,  0.106, 193.12,-99.000, -99.00,-99.000, -99.00,-99.000, -99.00,-99.000, -99.00,
8/28/2006 16:55:00, 12.4,275.8,  0.6,  3.5, 18.793, 28.99,  0.0,  0.0,  0.157, 149.35,  0.166, 108.22,  0.114, 154.11,  0.155,  92.95,  0.087, 120.40,  0.093, 189.87,  0.141, 111.27,  0.175, 149.04,  0.083, 128.12,  0.052, 156.37,  0.120, 207.85,  0.102, 148.17,  0.077, 164.88,  0.080, 157.93,  0.032, 124.70,  0.126, 282.38,-99.000, -99.00,-99.000, -99.00,-99.000, -99.00,-99.000, -99.00,
8/28/2006 17:00:00, 12.4,275.7,  0.6,  3.5, 18.784, 28.96,  0.0,  0.0,  0.141, 124.93,  0.062, 140.91,  0.120, 158.55,  0.149, 157.05,  0.134, 148.09,  0.085, 155.83,  0.091, 127.87,  0.083, 112.57,  0.140, 144.27,  0.063, 153.43,  0.083, 120.26,  0.120,  96.71,  0.051, 114.54,  0.071, 149.45,  0.083, 178.62,  0.133, 223.78,-99.000, -99.00,-99.000, -99.00,-99.000, -99.00,-99.000, -99.00,
8/28/2006 17:05:00, 12.4,275.8,  0.6,  3.5, 18.785, 28.95,  0.0,  0.0,  0.147, 145.55,  0.111,  98.79,  0.105, 133.85,  0.054, 109.44,  0.189, 107.28,  0.084, 100.24,  0.114, 140.71,  0.109, 116.80,  0.087, 121.87,  0.143, 121.24,  0.104, 160.35,  0.115, 144.52,  0.071, 168.69,  0.104, 152.45,  0.096, 134.16,  0.101, 183.96,-99.000, -99.00,-99.000, -99.00,-99.000, -99.00,-99.000, -99.00,
8/28/2006 17:10:00, 12.4,275.9,  0.6,  3.5, 18.785, 28.93,  0.0,  0.0,  0.176, 152.27,  0.081, 142.99,  0.107, 169.74,  0.043, 161.15,  0.192, 108.81,  0.124,  99.77,  0.107,  70.89,  0.068,  80.68,  0.134, 100.72,  0.068, 106.29,  0.153, 121.09,  0.069, 180.83,  0.102, 214.16,  0.077, 165.78,  0.088, 321.95,  0.165, 275.57,-99.000, -99.00,-99.000, -99.00,-99.000, -99.00,-99.000, -99.00,
8/28/2006 17:15:00, 12.4,275.7,  0.6,  3.5, 18.782, 28.93,  0.0,  0.0,  0.093, 109.41,  0.108,  67.71,  0.098, 124.99,  0.124, 124.84,  0.081, 140.01,  0.164, 109.98,  0.106,  95.98,  0.187,  93.06,  0.123,  69.50,  0.124, 115.74,  0.081, 119.74,  0.098, 107.88,  0.042,  65.90,  0.097,  82.29,  0.093,  63.16,  0.129, 267.34,-99.000, -99.00,-99.000, -99.00,-99.000, -99.00,-99.000, -99.00,
8/28/2006 17:20:00, 12.4,275.9,  0.6,  3.5, 18.782, 28.93,  0.0,  0.0,  0.106, 145.41,  0.175, 133.84,  0.116, 130.12,  0.119, 114.40,  0.167, 146.21,  0.168, 168.36,  0.196, 133.55,  0.167, 185.85,  0.137, 166.88,  0.143, 160.80,  0.077, 151.09,  0.102, 169.24,  0.118, 207.87,  0.087, 181.97,  0.032, 236.31,  0.100, 304.80,-99.000, -99.00,-99.000, -99.00,-99.000, -99.00,-99.000, -99.00,
8/28/2006 17:25:00, 12.4,275.8,  0.6,  3.5, 18.778, 28.93,  0.0,  0.0,  0.074, 151.70,  0.100, 117.33,  0.146, 146.42,  0.185, 116.70,  0.204, 169.57,  0.162, 127.72,  0.118,  96.82,  0.149, 122.94,  0.132, 131.92,  0.066, 116.95,  0.170, 116.11,  0.079, 142.70,  0.062, 150.95,  0.048, 170.34,  0.083, 133.06,  0.049, 167.09,-99.000, -99.00,-99.000, -99.00,-99.000, -99.00,-99.000, -99.00,
8/28/2006 17:30:00, 12.4,275.8,  0.6,  3.5, 18.768, 28.94,  0.0,  0.0,  0.056, 152.53,  0.049,  44.17,  0.083, 160.91,  0.094, 172.65,  0.068, 143.97,  0.114, 180.00,  0.109, 155.08,  0.082, 154.69,  0.097, 133.75,  0.061, 164.83,  0.100, 160.11,  0.163, 168.69,  0.116, 178.52,  0.134, 160.35,  0.055, 251.90,  0.024, 250.82,-99.000, -99.00,-99.000, -99.00,-99.000, -99.00,-99.000, -99.00,
8/28/2006 17:35:00, 12.4,275.7,  0.6,  3.5, 18.778, 28.95,  0.0,  0.0,  0.100, 215.27,  0.027, 118.44,  0.148,  94.25,  0.083,  16.90,  0.064, 133.11,  0.099,  89.42,  0.139, 160.65,  0.013, 180.00,  0.042, 295.35,  0.042,  99.69,  0.080, 127.87,  0.103, 163.14,  0.101, 171.47,  0.085, 180.67,  0.061, 208.24,  0.102, 214.62,-99.000, -99.00,-99.000, -99.00,-99.000, -99.00,-99.000, -99.00,
8/28/2006 17:40:00, 12.4,275.7,  0.6,  3.5, 18.767, 28.96,  0.0,  0.0,  0.060, 261.33,  0.025, 274.57,  0.113, 133.57,  0.120, 135.34,  0.145,  76.44,  0.107, 134.25,  0.056, 217.07,  0.059, 167.37,  0.064, 176.42,  0.024, 187.13,  0.066, 347.85,  0.014,  65.22,  0.016,  55.30,  0.047, 113.84,  0.002, 333.43,  0.059, 188.82,-99.000, -99.00,-99.000, -99.00,-99.000, -99.00,-99.000, -99.00,
8/28/2006 17:45:00, 12.4,275.9,  0.6,  3.5, 18.766, 28.97,  0.0,  0.0,  0.071, 154.89,  0.056, 146.59,  0.083, 192.53,  0.048, 294.44,  0.058, 235.49,  0.023,  99.87,  0.085, 274.71,  0.041, 282.68,  0.039, 345.26,  0.036, 189.73,  0.089, 260.33,  0.079, 216.29,  0.054, 200.43,  0.063, 261.74,  0.064, 294.15,  0.100, 260.26,-99.000, -99.00,-99.000, -99.00,-99.000, -99.00,-99.000, -99.00,
8/28/2006 17:50:00, 12.4,275.8,  0.6,  3.5, 18.765, 28.97,  0.0,  0.0,  0.034, 127.87,  0.009, 153.43,  0.106, 193.64,  0.096, 226.68,  0.030, 115.71,  0.041, 225.00,  0.015, 105.95,  0.110, 258.49,  0.066, 256.81,  0.079, 261.25,  0.067, 304.64,  0.089, 282.32,  0.081, 278.53,  0.130, 271.76,  0.021, 196.70,  0.105, 242.22,-99.000, -99.00,-99.000, -99.00,-99.000, -99.00,-99.000, -99.00,
8/28/2006 17:55:00, 12.4,275.7,  0.6,  3.6, 18.769, 28.98,  0.0,  0.0,  0.121, 224.66,  0.011, 291.80,  0.119, 159.89,  0.026, 218.66,  0.024,  22.25,  0.096, 234.32,  0.111, 272.58,  0.127, 287.43,  0.110, 259.51,  0.168, 257.29,  0.130, 254.78,  0.096, 289.57,  0.117, 304.91,  0.160, 289.34,  0.113, 312.14,  0.085, 265.29,-99.000, -99.00,-99.000, -99.00,-99.000, -99.00,-99.000, -99.00,
8/28/2006 18:00:00, 12.4,275.7,  0.6,  3.5, 18.762, 28.98,  0.0,  0.0,  0.018, 247.62,  0.019, 278.97,  0.009, 290.56,  0.088, 303.87,  0.146, 296.92,  0.102, 277.33,  0.032, 326.31,  0.127, 301.43,  0.088, 311.31,  0.085, 281.58,  0.076, 288.43,  0.172, 297.76,  0.085, 292.05,  0.128, 298.57,  0.133, 313.78,  0.127, 232.68,-99.000, -99.00,-99.000, -99.00,-99.000, -99.00,-99.000, -99.00,
8/28/2006 18:05:00, 12.4,275.7,  0.6,  3.5, 18.768, 28.97,  0.0,  0.0,  0.022, 164.05,  0.106, 293.91,  0.060, 310.91,  0.179, 338.73,  0.098, 277.05,  0.174, 302.32,  0.112, 283.91,  0.090, 294.29,  0.200, 298.61,  0.109, 312.77,  0.198, 302.01,  0.186, 320.91,  0.243, 327.09,  0.173, 331.36,  0.156, 340.17,  0.067, 268.29,-99.000, -99.00,-99.000, -99.00,-99.000, -99.00,-99.000, -99.00,
8/28/2006 18:10:00, 12.4,275.6,  0.6,  3.5, 18.770, 28.97,  0.0,  0.0,  0.077, 336.41,  0.121, 275.71,  0.137, 282.21,  0.128, 324.57,  0.071, 308.16,  0.087, 305.15,  0.129, 296.17,  0.162, 287.65,  0.153, 287.49,  0.056, 284.53,  0.043, 309.29,  0.126, 301.67,  0.156, 297.55,  0.130, 319.69,  0.119, 317.05,  0.174, 280.92,-99.000, -99.00,-99.000, -99.00,-99.000, -99.00,-99.000, -99.00,
8/28/2006 18:15:00, 12.4,275.8,  0.6,  3.5, 18.771, 28.96,  0.0,  0.0,  0.115, 245.89,  0.098, 307.93,  0.104, 305.99,  0.165, 303.88,  0.156, 289.13,  0.111, 299.81,  0.084, 309.19,  0.099,  12.78,  0.225, 331.96,  0.107, 292.50,  0.118, 321.87,  0.131, 341.29,  0.170, 345.31,  0.215, 348.48,  0.199, 326.71,  0.115, 252.35,-99.000, -99.00,-99.000, -99.00,-99.000, -99.00,-99.000, -99.00,
8/28/2006 18:20:00, 12.4,275.8,  0.6,  3.5, 18.766, 28.96,  0.0,  0.0,  0.125, 305.22,  0.091, 307.87,  0.101, 311.40,  0.137, 298.24,  0.050, 310.97,  0.087, 273.95,  0.128, 337.04,  0.133, 316.22,  0.181, 326.05,  0.163, 325.24,  0.203, 324.82,  0.146, 337.47,  0.191, 329.81,  0.177, 309.97,  0.087,  15.31,  0.049, 328.24,-99.000, -99.00,-99.000, -99.00,-99.000, -99.00,-99.000, -99.00,
8/28/2006 18:25:00, 12.4,275.7,  0.6,  3.5, 18.760, 28.96,  0.0,  0.0,  0.054, 345.96,  0.056, 330.26,  0.130, 342.96,  0.168, 299.91,  0.127, 348.16,  0.144, 318.10,  0.141, 316.15,  0.160, 311.96,  0.153, 300.58,  0.166, 310.11,  0.256, 321.65,  0.208, 326.16,  0.203, 330.15,  0.155, 329.29,  0.136, 315.60,  0.130, 282.43,-99.000, -99.00,-99.000, -99.00,-99.000, -99.00,-99.000, -99.00,
8/28/2006 18:30:00, 12.4,275.7,  0.6,  3.5, 18.758, 28.96,  0.0,  0.0,  0.083,  22.57,  0.077, 298.91,  0.160, 337.27,  0.246, 321.59,  0.172, 332.69,  0.109, 355.80,  0.084, 334.65,  0.091,   3.14,  0.168, 314.52,  0.141, 325.07,  0.138, 327.46,  0.217, 323.24,  0.198, 329.28,  0.161, 357.87,  0.181, 336.26,  0.069, 329.32,-99.000, -99.00,-99.000, -99.00,-99.000, -99.00,-99.000, -99.00,
8/28/2006 18:35:00, 12.4,275.8,  0.6,  3.5, 18.755, 28.96,  0.0,  0.0,  0.123, 320.61,  0.087, 318.26,  0.146, 323.91,  0.237, 342.79,  0.139, 338.43,  0.162, 325.82,  0.225, 311.40,  0.250, 314.68,  0.233, 313.78,  0.176, 310.85,  0.119, 321.12,  0.124, 340.69,  0.126, 342.86,  0.101, 322.67,  0.102, 346.92,  0.080, 269.28,-99.000, -99.00,-99.000, -99.00,-99.000, -99.00,-99.000, -99.00,
8/28/2006 18:40:00, 12.4,275.7,  0.6,  3.5, 18.749, 28.95,  0.0,  0.0,  0.074, 254.27,  0.227, 337.50,  0.144,  26.03,  0.165, 336.07,  0.193, 350.73,  0.154, 338.61,  0.160, 319.55,  0.201, 321.87,  0.168, 325.93,  0.190, 313.29,  0.156, 317.60,  0.174, 307.07,  0.124, 333.64,  0.181, 340.26,  0.173,   0.00,  0.114, 295.89,-99.000, -99.00,-99.000, -99.00,-99.000, -99.00,-99.000, -99.00,
8/28/2006 18:45:00, 12.4,275.7,  0.6,  3.5, 18.755, 28.95,  0.0,  0.0,  0.076, 296.57,  0.156, 312.40,  0.153, 328.59,  0.150, 317.70,  0.151, 324.42,  0.159, 348.06,  0.284, 333.62,  0.223, 335.05,  0.140, 346.76,  0.164, 315.99,  0.195, 317.90,  0.174, 348.37,  0.115, 352.01,  0.159, 331.50,  0.190, 329.24,  0.189, 278.22,-99.000, -99.00,-99.000, -99.00,-99.000, -99.00,-99.000, -99.00,
8/28/2006 18:50:00, 12.4,275.7,  0.6,  3.5, 18.758, 28.94,  0.0,  0.0,  0.115, 314.65,  0.117, 336.93,  0.123, 344.50,  0.202, 338.25,  0.189, 322.95,  0.118, 303.96,  0.131, 315.93,  0.179, 329.15,  0.141, 285.22,  0.185, 314.56,  0.173, 323.92,  0.186, 308.90,  0.163, 301.93,  0.259, 302.52,  0.218, 320.97,  0.061, 298.24,-99.000, -99.00,-99.000, -99.00,-99.000, -99.00,-99.000, -99.00,
8/28/2006 18:55:00, 12.4,275.8,  0.6,  3.5, 18.764, 28.94,  0.0,  0.0,  0.116, 352.57,  0.152, 315.27,  0.190, 332.76,  0.147, 301.63,  0.164, 332.03,  0.155, 328.47,  0.243, 329.85,  0.101,   7.41,  0.172, 329.26,  0.187, 336.32,  0.127, 301.43,  0.168, 322.51,  0.156, 323.86,  0.142, 333.25,  0.204, 320.37,  0.162, 282.49,-99.000, -99.00,-99.000, -99.00,-99.000, -99.00,-99.000, -99.00,
8/28/2006 19:00:00, 12.4,275.7,  0.6,  3.5, 18.772, 28.94,  0.0,  0.0,  0.106, 334.89,  0.096, 341.19,  0.134, 348.77,  0.140, 339.49,  0.066, 306.35,  0.179, 335.58,  0.218, 321.34,  0.148, 296.91,  0.145, 294.97,  0.084, 299.91,  0.121, 322.37,  0.175, 308.97,  0.159, 326.31,  0.184, 336.92,  0.145, 331.48,  0.098, 241.34,-99.000, -99.00,-99.000, -99.00,-99.000, -99.00,-99.000, -99.00,
8/28/2006 19:05:00, 12.4,275.7,  0.6,  3.5, 18.779, 28.94,  0.0,  0.0,  0.116,  15.00,  0.163, 349.03,  0.167, 311.61,  0.146, 298.67,  0.114, 342.04,  0.159, 326.01,  0.153, 314.47,  0.188, 312.85,  0.072, 294.78,  0.143, 305.35,  0.107, 303.99,  0.101, 292.01,  0.072, 320.60,  0.134,   2.14,  0.154, 342.27,  0.118, 239.53,-99.000, -99.00,-99.000, -99.00,-99.000, -99.00,-99.000, -99.00,
8/28/2006 19:10:00, 12.4,275.7,  0.6,  3.6, 18.786, 28.94,  0.0,  0.0,  0.123, 352.07,  0.171, 318.78,  0.163, 341.79,  0.130, 307.49,  0.144, 308.54,  0.071, 307.52,  0.117, 331.47,  0.081, 308.99,  0.185, 310.84,  0.185, 309.73,  0.129, 278.00,  0.083, 303.69,  0.148, 310.05,  0.077, 336.11,  0.110, 317.59,  0.120, 295.07,-99.000, -99.00,-99.000, -99.00,-99.000, -99.00,-99.000, -99.00,
8/28/2006 19:15:00, 12.4,275.7,  0.6,  3.5, 18.775, 28.95,  0.0,  0.0,  0.097, 308.29,  0.144, 312.46,  0.067, 330.36,  0.106, 314.24,  0.094,   4.26,  0.172, 341.67,  0.117, 317.43,  0.167, 319.14,  0.139, 315.58,  0.171, 295.22,  0.121, 318.01,  0.139, 326.42,  0.101,  19.16,  0.073, 328.50,  0.158, 305.50,  0.097, 264.70,-99.000, -99.00,-99.000, -99.00,-99.000, -99.00,-99.000, -99.00,
8/28/2006 19:20:00, 12.4,275.7,  0.6,  3.5, 18.783, 28.96,  0.0,  0.0,  0.112,  45.36,  0.104,  61.96,  0.204,  57.64,  0.157,  75.26,  0.132,  32.01,  0.094,   9.76,  0.053, 336.80,  0.058, 168.11,  0.009,  96.34,  0.031, 258.69,  0.098, 147.12,  0.020, 212.91,  0.066, 168.69,  0.145, 117.45,  0.168, 127.49,  0.239, 120.64,-99.000, -99.00,-99.000, -99.00,-99.000, -99.00,-99.000, -99.00,
8/28/2006 19:25:00, 12.4,275.6,  0.6,  3.5, 18.775, 28.98,  0.0,  0.0,  0.143,   0.80,  0.084,  96.12,  0.078, 357.06,  0.107,  43.86,  0.094, 102.26,  0.072,  90.00,  0.106, 129.25,  0.159,  95.06,  0.156,  86.70,  0.201, 117.20,  0.131, 106.36,  0.153, 130.76,  0.198, 126.58,  0.162, 141.78,  0.193, 110.59,  0.189,  95.77,-99.000, -99.00,-99.000, -99.00,-99.000, -99.00,-99.000, -99.00,
8/28/2006 19:30:00, 12.4,275.7,  0.6,  3.5, 18.781, 28.99,  0.0,  0.0,  0.138,  19.88,  0.122, 320.31,  0.073,  47.78,  0.074, 351.43,  0.034,  71.03,  0.213, 115.24,  0.181, 113.03,  0.242, 110.08,  0.137, 133.23,  0.172, 111.18,  0.189, 119.82,  0.083,  90.69,  0.162, 122.42,  0.250, 134.19,  0.265, 117.92,  0.064,  98.13,-99.000, -99.00,-99.000, -99.00,-99.000, -99.00,-99.000, -99.00,
8/28/2006 19:35:00, 12.4,275.6,  0.6,  3.5, 18.776, 29.00,  0.0,  0.0,  0.103,  76.50,  0.133,  25.41,  0.062, 318.90,  0.038, 358.49,  0.075,   1.53,  0.087,  26.57,  0.073,  88.43,  0.179, 107.53,  0.089, 105.59,  0.224, 121.84,  0.293, 113.51,  0.207, 125.76,  0.171, 139.98,  0.356, 131.70,  0.287, 133.16,  0.082, 165.11,-99.000, -99.00,-99.000, -99.00,-99.000, -99.00,-99.000, -99.00,
8/28/2006 19:40:00, 12.4,275.8,  0.6,  3.5, 18.786, 29.01,  0.0,  0.0,  0.050, 237.26,  0.063, 204.52,  0.135,  80.19,  0.028, 198.43,  0.054, 176.82,  0.083, 157.43,  0.113, 125.24,  0.208, 133.44,  0.129, 118.75,  0.172,  90.67,  0.128,  97.62,  0.267, 117.62,  0.185, 130.16,  0.224, 133.37,  0.220, 118.78,  0.106, 147.36,-99.000, -99.00,-99.000, -99.00,-99.000, -99.00,-99.000, -99.00,
8/28/2006 19:45:00, 12.4,275.7,  0.6,  3.5, 18.789, 29.01,  0.0,  0.0,  0.089, 244.87,  0.081,  38.00,  0.099,  70.46,  0.026, 290.56,  0.042, 357.27,  0.039, 211.22,  0.024,  65.56,  0.019, 173.99,  0.062,  29.05,  0.085, 137.86,  0.038, 152.10,  0.060,  61.31,  0.059,  89.03,  0.092, 133.24,  0.080, 122.31,  0.045, 229.54,-99.000, -99.00,-99.000, -99.00,-99.000, -99.00,-99.000, -99.00,
8/28/2006 19:50:00, 12.4,275.8,  0.6,  3.5, 18.788, 29.02,  0.0,  0.0,  0.086, 278.04,  0.139, 340.26,  0.010, 119.05,  0.089, 230.44,  0.052, 242.45,  0.091, 305.61,  0.041, 318.95,  0.014, 140.71,  0.030, 170.54,  0.016, 248.20,  0.077, 185.93,  0.057, 227.12,  0.137, 160.37,  0.138, 171.69,  0.063, 103.82,  0.073, 197.45,-99.000, -99.00,-99.000, -99.00,-99.000, -99.00,-99.000, -99.00,
8/28/2006 19:55:00, 12.4,275.7,  0.6,  3.5, 18.791, 29.02,  0.0,  0.0,  0.048, 320.96,  0.085,  61.34,  0.017, 327.26,  0.063,  50.77,  0.063,  23.32,  0.007,   8.13,  0.051, 176.63,  0.007, 206.57,  0.019, 235.49,  0.027,  19.80,  0.016, 309.81,  0.022, 316.85,  0.061, 114.06,  0.084,  53.67,  0.071,  12.26,  0.055,   3.12,-99.000, -99.00,-99.000, -99.00,-99.000, -99.00,-99.000, -99.00,
8/28/2006 20:00:00, 12.4,275.7,  0.6,  3.5, 18.797, 29.03,  0.0,  0.0,  0.060, 270.95,  0.011,   0.00,  0.018, 353.66,  0.050, 292.44,  0.077, 202.22,  0.060, 281.50,  0.070, 163.38,  0.031, 149.35,  0.062, 184.61,  0.062, 127.79,  0.045, 109.65,  0.054,  45.74,  0.020, 110.22,  0.103,  65.92,  0.028, 108.43,  0.009,   0.00,-99.000, -99.00,-99.000, -99.00,-99.000, -99.00,-99.000, -99.00,
8/28/2006 20:05:00, 12.4,275.8,  0.6,  3.5, 18.799, 29.04,  0.0,  0.0,  0.120, 325.91,  0.031,  54.25,  0.036, 219.40,  0.081, 212.91,  0.100, 172.52,  0.078,  96.67,  0.074, 154.47,  0.117, 162.65,  0.114, 235.34,  0.115, 201.89,  0.150, 132.84,  0.083, 172.36,  0.084, 166.29,  0.161, 132.49,  0.169, 112.31,  0.048,  69.30,-99.000, -99.00,-99.000, -99.00,-99.000, -99.00,-99.000, -99.00,
8/28/2006 20:10:00, 12.4,275.7,  0.6,  3.5, 18.815, 29.04,  0.0,  0.0,  0.084,  11.71,  0.124,   6.95,  0.065,   0.88,  0.048, 230.04,  0.080,  87.85,  0.048, 351.53,  0.063, 146.06,  0.037, 209.36,  0.078, 270.73,  0.079, 283.86,  0.038, 302.01,  0.123, 116.15,  0.069, 137.34,  0.046, 173.80,  0.028, 214.82,  0.104, 140.48,-99.000, -99.00,-99.000, -99.00,-99.000, -99.00,-99.000, -99.00,
8/28/2006 20:15:00, 12.4,275.7,  0.6,  3.5, 18.818, 29.04,  0.0,  0.0,  0.029, 164.05,  0.014, 175.91,  0.038,   6.01,  0.086,  69.68,  0.050,  19.89,  0.037, 124.99,  0.043,  52.59,  0.014, 171.87,  0.071, 162.84,  0.085, 294.17,  0.004, 194.04,  0.013, 302.47,  0.009, 122.01,  0.019, 216.25,  0.042, 260.31,  0.045, 313.21,-99.000, -99.00,-99.000, -99.00,-99.000, -99.00,-99.000, -99.00,
8/28/2006 20:20:00, 12.4,275.8,  0.6,  3.5, 18.820, 29.04,  0.0,  0.0,  0.024, 255.38,  0.078, 322.84,  0.081, 299.40,  0.056, 338.01,  0.037,  29.36,  0.039, 172.69,  0.089, 224.09,  0.096, 259.75,  0.063, 146.06,  0.041, 181.40,  0.052, 235.10,  0.071, 161.05,  0.083, 163.96,  0.021, 182.73,  0.103,  57.23,  0.048, 140.04,-99.000, -99.00,-99.000, -99.00,-99.000, -99.00,-99.000, -99.00,
8/28/2006 20:25:00, 12.4,275.9,  0.6,  3.5, 18.825, 29.04,  0.0,  0.0,  0.139,  99.94,  0.023, 272.49,  0.054,  91.06,  0.064, 217.41,  0.110, 286.30,  0.015,  58.39,  0.034, 240.46,  0.052, 227.35,  0.063, 180.00,  0.033, 148.74,  0.069, 136.77,  0.055, 227.94,  0.034, 169.70,  0.040,  64.72,  0.112,  28.16,  0.005, 338.20,-99.000, -99.00,-99.000, -99.00,-99.000, -99.00,-99.000, -99.00,
8/28/2006 20:30:00, 12.4,275.6,  0.6,  3.5, 18.827, 29.04,  0.0,  0.0,  0.050, 252.65,  0.055, 332.05,  0.118,  20.27,  0.038,  57.99,  0.038, 230.39,  0.085, 197.80,  0.104, 191.09,  0.050, 191.53,  0.089, 207.43,  0.069, 202.87,  0.084, 220.16,  0.027, 105.07,  0.037, 279.21,  0.057, 168.89,  0.089, 108.23,  0.024, 117.65,-99.000, -99.00,-99.000, -99.00,-99.000, -99.00,-99.000, -99.00,
8/28/2006 20:35:00, 12.4,275.8,  0.6,  3.5, 18.826, 29.04,  0.0,  0.0,  0.021, 320.91,  0.065, 319.97,  0.074, 189.33,  0.039, 201.25,  0.080, 296.89,  0.125, 246.50,  0.089, 148.27,  0.050, 263.16,  0.010, 225.00,  0.045, 157.96,  0.064, 245.85,  0.018, 167.47,  0.028,   0.00,  0.032, 208.18,  0.040, 150.26,  0.022,  15.95,-99.000, -99.00,-99.000, -99.00,-99.000, -99.00,-99.000, -99.00,
8/28/2006 20:40:00, 12.4,275.8,  0.6,  3.5, 18.827, 29.04,  0.0,  0.0,  0.005, 168.69,  0.032, 343.81,  0.056,  12.31,  0.093, 265.08,  0.079, 306.29,  0.076, 297.24,  0.014, 102.09,  0.069, 327.46,  0.015,  19.65,  0.009, 276.34,  0.100,  71.93,  0.045,   5.08,  0.046,  81.16,  0.079, 113.01,  0.019, 306.25,  0.014, 180.00,-99.000, -99.00,-99.000, -99.00,-99.000, -99.00,-99.000, -99.00,
8/28/2006 20:45:00, 12.4,275.8,  0.6,  3.5, 18.826, 29.04,  0.0,  0.0,  0.075, 154.80,  0.076, 307.02,  0.031, 328.39,  0.014, 143.97,  0.150, 255.31,  0.110, 252.06,  0.047, 183.65,  0.087, 204.50,  0.044, 117.15,  0.142, 106.39,  0.061, 149.20,  0.025,  80.91,  0.040,  98.53,  0.051, 242.93,  0.012,  41.63,  0.017,  59.04,-99.000, -99.00,-99.000, -99.00,-99.000, -99.00,-99.000, -99.00,
8/28/2006 20:50:00, 12.4,275.7,  0.6,  3.5, 18.833, 29.04,  0.0,  0.0,  0.093, 189.26,  0.087, 344.69,  0.043,  52.59,  0.111, 358.97,  0.031, 296.57,  0.035, 233.13,  0.028, 212.01,  0.049, 287.70,  0.057, 299.25,  0.069, 148.61,  0.023, 172.57,  0.072, 282.09,  0.030, 228.99,  0.050, 272.29,  0.050, 151.39,  0.042, 144.78,-99.000, -99.00,-99.000, -99.00,-99.000, -99.00,-99.000, -99.00,
8/28/2006 20:55:00, 12.4,275.7,  0.6,  3.5, 18.842, 29.04,  0.0,  0.0,  0.078, 203.29,  0.068, 291.64,  0.065, 188.88,  0.088, 297.15,  0.036, 320.60,  0.075,  81.54,  0.002, 206.57,  0.131, 274.37,  0.077, 357.03,  0.014, 309.29,  0.008, 203.20,  0.056, 335.73,  0.100, 301.16,  0.026, 239.42,  0.006,   0.00,  0.023,   0.00,-99.000, -99.00,-99.000, -99.00,-99.000, -99.00,-99.000, -99.00,
8/28/2006 21:00:00, 12.4,275.7,  0.6,  3.5, 18.843, 29.04,  0.0,  0.0,  0.045, 216.87,  0.067, 294.66,  0.076, 260.17,  0.089, 304.05,  0.050, 304.33,  0.053, 278.75,  0.079, 286.84,  0.101, 273.96,  0.029, 141.95,  0.104, 270.00,  0.011, 206.57,  0.073, 250.82,  0.040, 319.09,  0.025, 334.44,  0.025,  48.18,  0.034, 220.24,-99.000, -99.00,-99.000, -99.00,-99.000, -99.00,-99.000, -99.00,
8/28/2006 21:05:00, 12.4,275.7,  0.6,  3.5, 18.843, 29.03,  0.0,  0.0,  0.127, 233.31,  0.025,   6.84,  0.125, 250.84,  0.164,  98.43,  0.069, 236.77,  0.105, 257.94,  0.085, 260.54,  0.098, 297.87,  0.096, 310.79,  0.052, 221.08,  0.144, 286.55,  0.069, 280.01,  0.071, 285.61,  0.022,  35.84,  0.076, 356.99,  0.025,  99.09,-99.000, -99.00,-99.000, -99.00,-99.000, -99.00,-99.000, -99.00,
8/28/2006 21:10:00, 12.4,275.8,  0.6,  3.5, 18.852, 29.03,  0.0,  0.0,  0.094, 181.22,  0.031, 256.87,  0.055, 236.02,  0.137, 213.11,  0.058, 214.51,  0.041,  62.18,  0.036, 223.88,  0.027,  55.71,  0.085, 355.96,  0.037, 277.70,  0.042, 235.56,  0.048, 286.93,  0.066, 257.85,  0.041,  57.85,  0.074, 312.80,  0.150, 231.76,-99.000, -99.00,-99.000, -99.00,-99.000, -99.00,-99.000, -99.00,
8/28/2006 21:15:00, 12.4,275.7,  0.6,  3.5, 18.851, 29.03,  0.0,  0.0,  0.042, 144.78,  0.016,  29.74,  0.018,  40.60,  0.062, 263.56,  0.039, 216.57,  0.077, 241.45,  0.130, 280.19,  0.021, 230.91,  0.031, 141.63,  0.105, 353.42,  0.074,  48.30,  0.049, 292.89,  0.075, 284.59,  0.052, 304.90,  0.009, 270.00,  0.117, 195.34,-99.000, -99.00,-99.000, -99.00,-99.000, -99.00,-99.000, -99.00,
8/28/2006 21:20:00, 12.4,275.6,  0.6,  3.5, 18.845, 29.03,  0.0,  0.0,  0.031, 289.03,  0.062, 262.53,  0.038, 237.99,  0.188, 298.20,  0.075, 324.82,  0.040, 296.57,  0.017,  49.76,  0.040, 306.87,  0.057, 300.62,  0.053, 172.48,  0.039, 292.62,  0.046, 322.88,  0.026,  67.38,  0.027,  19.80,  0.068, 331.93,  0.115, 205.23,-99.000, -99.00,-99.000, -99.00,-99.000, -99.00,-99.000, -99.00,
8/28/2006 21:25:00, 12.4,275.8,  0.6,  3.5, 18.854, 29.03,  0.0,  0.0,  0.017, 103.24,  0.062, 306.50,  0.073,  22.68,  0.040, 278.53,  0.145, 316.96,  0.086, 270.67,  0.027, 325.71,  0.061,  24.06,  0.109, 200.92,  0.017, 334.98,  0.045, 258.44,  0.053, 244.40,  0.045, 257.20,  0.047, 150.71,  0.009, 347.47,  0.050, 187.97,-99.000, -99.00,-99.000, -99.00,-99.000, -99.00,-99.000, -99.00,
8/28/2006 21:30:00, 12.4,275.7,  0.6,  3.5, 18.857, 29.02,  0.0,  0.0,  0.082, 214.08,  0.054, 199.44,  0.022,  24.23,  0.026, 287.74,  0.126, 340.99,  0.051, 283.50,  0.048,  86.42,  0.026,  29.48,  0.028, 338.96,  0.087, 259.46,  0.081, 316.01,  0.030,   0.00,  0.061, 249.78,  0.031, 178.15,  0.020, 126.87,  0.158, 218.32,-99.000, -99.00,-99.000, -99.00,-99.000, -99.00,-99.000, -99.00,
8/28/2006 21:35:00, 12.4,275.8,  0.6,  3.5, 18.868, 29.02,  0.0,  0.0,  0.058, 162.82,  0.083, 325.74,  0.073, 104.23,  0.009, 339.44,  0.065,  27.35,  0.028, 250.91,  0.089, 343.61,  0.086, 250.30,  0.070, 203.63,  0.037,  69.62,  0.054, 221.99,  0.084, 261.10,  0.083, 275.51,  0.028, 313.53,  0.094, 274.86,  0.123, 199.90,-99.000, -99.00,-99.000, -99.00,-99.000, -99.00,-99.000, -99.00,
8/28/2006 21:40:00, 12.4,275.7,  0.6,  3.5, 18.869, 29.02,  0.0,  0.0,  0.111, 191.41,  0.060, 137.02,  0.048, 262.87,  0.004, 255.96,  0.004, 255.96,  0.048, 116.03,  0.063, 133.07,  0.097, 225.42,  0.024, 231.71,  0.033, 165.96,  0.091, 194.65,  0.017, 246.37,  0.075, 253.74,  0.050, 200.96,  0.020, 104.74,  0.161, 230.79,-99.000, -99.00,-99.000, -99.00,-99.000, -99.00,-99.000, -99.00,
8/28/2006 21:45:00, 12.4,275.8,  0.6,  3.5, 18.883, 29.02,  0.0,  0.0,  0.019, 291.25,  0.065, 215.64,  0.014, 300.26,  0.110,  35.72,  0.044,   0.00,  0.084, 243.74,  0.031, 202.48,  0.085, 281.58,  0.073, 281.93,  0.071, 243.07,  0.117, 211.38,  0.104, 227.73,  0.062, 203.68,  0.073, 271.57,  0.020, 284.74,  0.105, 186.58,-99.000, -99.00,-99.000, -99.00,-99.000, -99.00,-99.000, -99.00,
8/28/2006 21:50:00, 12.4,275.8,  0.6,  3.5, 18.878, 29.02,  0.0,  0.0,  0.032, 226.27,  0.058, 269.01,  0.076, 150.72,  0.089, 295.99,  0.041, 302.15,  0.063, 242.62,  0.050, 137.42,  0.053, 239.59,  0.077, 347.96,  0.055, 165.20,  0.025, 253.74,  0.066, 262.12,  0.062, 245.10,  0.089, 242.00,  0.036, 218.16,  0.106, 175.68,-99.000, -99.00,-99.000, -99.00,-99.000, -99.00,-99.000, -99.00,
8/28/2006 21:55:00, 12.4,275.7,  0.6,  3.5, 18.889, 29.02,  0.0,  0.0,  0.056, 245.73,  0.051, 327.88,  0.054, 357.88,  0.035, 154.89,  0.012, 104.04,  0.018,  16.39,  0.030, 111.45,  0.064, 242.24,  0.039, 239.53,  0.087,   5.91,  0.037,  72.55,  0.063, 169.05,  0.031, 165.07,  0.103,  41.86,  0.092, 341.57,  0.069, 205.82,-99.000, -99.00,-99.000, -99.00,-99.000, -99.00,-99.000, -99.00,
8/28/2006 22:00:00, 12.4,275.7,  0.6,  3.5, 18.891, 29.02,  0.0,  0.0,  0.035, 242.70,  0.090,  20.04,  0.016, 284.04,  0.022, 129.47,  0.046, 111.57,  0.051, 164.05,  0.086, 192.75,  0.105, 259.55,  0.100, 288.62,  0.048, 184.76,  0.011, 111.80,  0.062, 255.07,  0.079, 197.74,  0.062, 144.25,  0.005, 348.69,  0.048, 251.94,-99.000, -99.00,-99.000, -99.00,-99.000, -99.00,-99.000, -99.00,
8/28/2006 22:05:00, 12.4,275.9,  0.6,  3.5, 18.899, 29.02,  0.0,  0.0,  0.002, 153.43,  0.020, 174.29,  0.056, 355.91,  0.090,  22.28,  0.012, 265.24,  0.089, 256.28,  0.048, 219.96,  0.036, 266.82,  0.027, 257.01,  0.094, 275.47,  0.068, 244.93,  0.048,  88.81,  0.027,  15.07,  0.074, 257.47,  0.014, 204.78,  0.020, 194.74,-99.000, -99.00,-99.000, -99.00,-99.000, -99.00,-99.000, -99.00,
8/28/2006 22:10:00, 12.4,275.7,  0.6,  3.5, 18.895, 29.02,  0.0,  0.0,  0.055,  84.81,  0.004, 123.69,  0.005, 233.13,  0.042,   9.69,  0.045, 213.34,  0.044, 348.18,  0.044, 297.15,  0.026,  24.62,  0.021, 289.29,  0.097, 184.13,  0.055, 244.36,  0.116, 275.96,  0.048, 285.78,  0.055, 248.59,  0.037,   7.70,  0.005,  53.13,-99.000, -99.00,-99.000, -99.00,-99.000, -99.00,-99.000, -99.00,
8/28/2006 22:15:00, 12.4,275.6,  0.6,  3.5, 18.899, 29.02,  0.0,  0.0,  0.053,  37.30,  0.039, 104.74,  0.027, 282.99,  0.032, 304.70,  0.070,  43.26,  0.057, 243.89,  0.035, 331.26,  0.057, 184.01,  0.078, 185.13,  0.062, 203.68,  0.051, 205.56,  0.084, 200.16,  0.019,   6.01,  0.027, 158.20,  0.059, 215.31,  0.038,  86.99,-99.000, -99.00,-99.000, -99.00,-99.000, -99.00,-99.000, -99.00,
8/28/2006 22:20:00, 12.4,275.7,  0.6,  3.5, 18.896, 29.02,  0.0,  0.0,  0.033, 178.26,  0.074, 273.09,  0.030, 352.41,  0.033,  21.16,  0.082, 320.91,  0.092, 330.64,  0.008, 240.26,  0.026, 110.56,  0.061, 211.61,  0.006, 218.66,  0.070, 292.56,  0.074, 265.36,  0.093, 239.04,  0.084, 243.74,  0.023, 246.80,  0.071, 207.65,-99.000, -99.00,-99.000, -99.00,-99.000, -99.00,-99.000, -99.00,
8/28/2006 22:25:00, 12.4,275.8,  0.6,  3.5, 18.897, 29.02,  0.0,  0.0,  0.030, 277.59,  0.061, 263.45,  0.040, 313.99,  0.046, 232.88,  0.029, 243.43,  0.036, 110.92,  0.012, 294.44,  0.046, 142.88,  0.080, 196.63,  0.016, 161.57,  0.040,  67.93,  0.048, 343.07,  0.025, 341.57,  0.060, 331.31,  0.085, 309.72,  0.029, 240.75,-99.000, -99.00,-99.000, -99.00,-99.000, -99.00,-99.000, -99.00,
8/28/2006 22:30:00, 12.4,275.7,  0.6,  3.5, 18.901, 29.02,  0.0,  0.0,  0.042, 324.78,  0.028, 325.18,  0.042, 300.26,  0.060,  17.53,  0.054, 275.29,  0.084, 265.91,  0.072, 242.72,  0.044, 263.52,  0.040, 253.86,  0.036, 239.86,  0.088, 233.78,  0.028, 270.00,  0.082, 334.69,  0.110, 297.49,  0.045, 312.27,  0.072, 143.45,-99.000, -99.00,-99.000, -99.00,-99.000, -99.00,-99.000, -99.00,
8/28/2006 22:35:00, 12.4,275.8,  0.6,  3.5, 18.904, 29.02,  0.0,  0.0,  0.080,  20.47,  0.046, 319.40,  0.065, 319.40,  0.094, 345.82,  0.026, 329.42,  0.074, 331.02,  0.095, 265.19,  0.013,   4.40,  0.012, 284.04,  0.088, 240.82,  0.051, 153.43,  0.064, 163.56,  0.066, 234.87,  0.036, 309.40,  0.021,  43.03,  0.011, 326.31,-99.000, -99.00,-99.000, -99.00,-99.000, -99.00,-99.000, -99.00,
8/28/2006 22:40:00, 12.4,275.8,  0.6,  3.5, 18.905, 29.01,  0.0,  0.0,  0.174, 300.85,  0.092, 238.72,  0.040, 272.86,  0.089, 272.57,  0.074, 334.47,  0.048, 140.04,  0.068, 334.57,  0.042, 325.56,  0.035,  98.13,  0.023,  72.35,  0.036,  54.09,  0.065, 255.75,  0.020, 293.96,  0.014, 175.91,  0.014, 329.74,  0.062,  80.69,-99.000, -99.00,-99.000, -99.00,-99.000, -99.00,-99.000, -99.00,
8/28/2006 22:45:00, 12.4,275.6,  0.6,  3.5, 18.905, 29.01,  0.0,  0.0,  0.090, 286.82,  0.051,  14.86,  0.095,  65.06,  0.026,   0.00,  0.057,  12.09,  0.040, 323.13,  0.095, 259.05,  0.033, 315.00,  0.096,  32.20,  0.054,  56.31,  0.057,  72.53,  0.039,  98.75,  0.032, 133.73,  0.044,  30.07,  0.105,  81.25,  0.021, 117.76,-99.000, -99.00,-99.000, -99.00,-99.000, -99.00,-99.000, -99.00,
8/28/2006 22:50:00, 12.4,275.7,  0.6,  3.6, 18.912, 29.01,  0.0,  0.0,  0.033,  64.98,  0.104, 252.61,  0.078, 228.12,  0.004, 270.00,  0.017,  93.37,  0.053, 210.41,  0.104, 220.72,  0.071, 148.76,  0.024, 123.02,  0.043,  39.29,  0.079, 108.43,  0.049, 180.00,  0.025, 173.16,  0.108, 133.13,  0.055,  91.04,  0.021, 100.78,-99.000, -99.00,-99.000, -99.00,-99.000, -99.00,-99.000, -99.00,
8/28/2006 22:55:00, 12.4,275.6,  0.6,  3.5, 18.902, 29.01,  0.0,  0.0,  0.078, 242.45,  0.053, 335.38,  0.067, 350.54,  0.051, 300.58,  0.119, 288.13,  0.017, 241.93,  0.107, 315.38,  0.024,  67.75,  0.027,  70.20,  0.073, 349.00,  0.039, 328.78,  0.074, 281.77,  0.066, 291.16,  0.033, 263.09,  0.049, 135.00,  0.033, 194.04,-99.000, -99.00,-99.000, -99.00,-99.000, -99.00,-99.000, -99.00,
8/28/2006 23:00:00, 12.4,275.7,  0.6,  3.5, 18.904, 29.01,  0.0,  0.0,  0.175,  56.67,  0.072, 270.00,  0.005,   0.00,  0.071, 351.87,  0.016, 266.42,  0.121,  55.78,  0.053,  42.71,  0.015, 301.61,  0.041, 210.96,  0.029, 284.04,  0.078, 351.87,  0.089,  70.35,  0.054,  99.64,  0.064, 120.96,  0.065, 177.36,  0.078, 157.38,-99.000, -99.00,-99.000, -99.00,-99.000, -99.00,-99.000, -99.00,
8/28/2006 23:05:00, 12.4,275.7,  0.6,  3.5, 18.904, 29.01,  0.0,  0.0,  0.035, 194.83,  0.068, 302.99,  0.011, 221.19,  0.030, 162.76,  0.050,  25.02,  0.061,  18.14,  0.054, 335.82,  0.060, 299.15,  0.034, 328.17,  0.025,  33.69,  0.103, 350.54,  0.094, 340.80,  0.083,   0.69,  0.036,  46.12,  0.037, 117.26,  0.054, 220.49,-99.000, -99.00,-99.000, -99.00,-99.000, -99.00,-99.000, -99.00,
8/28/2006 23:10:00, 12.4,275.7,  0.6,  3.5, 18.912, 29.01,  0.0,  0.0,  0.041,   1.40,  0.039, 309.81,  0.031,  20.77,  0.093,  20.77,  0.099, 323.59,  0.036, 333.43,  0.062,   0.92,  0.038, 253.01,  0.016,  29.74,  0.085,  10.91,  0.043, 276.63,  0.018, 286.39,  0.047, 152.35,  0.110, 165.20,  0.082, 162.90,  0.108, 201.80,-99.000, -99.00,-99.000, -99.00,-99.000, -99.00,-99.000, -99.00,
8/28/2006 23:15:00, 12.4,275.7,  0.6,  3.5, 18.914, 29.01,  0.0,  0.0,  0.128, 347.81,  0.024, 257.74,  0.043, 336.97,  0.062,  15.82,  0.037, 260.79,  0.078, 290.30,  0.043, 135.94,  0.044, 341.57,  0.141, 287.28,  0.031, 240.95,  0.013, 135.00,  0.020,  49.09,  0.084, 111.04,  0.103, 131.08,  0.045, 128.66,  0.127, 160.13,-99.000, -99.00,-99.000, -99.00,-99.000, -99.00,-99.000, -99.00,
8/28/2006 23:20:00, 12.4,275.8,  0.6,  3.5, 18.924, 29.01,  0.0,  0.0,  0.016, 291.80,  0.078, 315.00,  0.056, 311.38,  0.113, 354.94,  0.023, 257.20,  0.086, 270.67,  0.118, 291.80,  0.071, 310.43,  0.062, 286.97,  0.018, 296.57,  0.043, 156.45,  0.037, 212.83,  0.021, 165.96,  0.099, 118.38,  0.089,  75.03,  0.045,  42.27,-99.000, -99.00,-99.000, -99.00,-99.000, -99.00,-99.000, -99.00,
8/28/2006 23:25:00, 12.4,275.7,  0.6,  3.5, 18.920, 29.01,  0.0,  0.0,  0.068, 290.56,  0.064, 340.71,  0.089, 319.54,  0.099, 285.87,  0.020,   0.00,  0.014, 287.10,  0.081, 270.00,  0.086, 311.25,  0.021,   2.73,  0.059,  93.88,  0.113, 114.07,  0.099,  77.22,  0.137,  77.79,  0.104,  82.81,  0.164, 104.46,  0.050, 153.95,-99.000, -99.00,-99.000, -99.00,-99.000, -99.00,-99.000, -99.00,
8/28/2006 23:30:00, 12.4,275.7,  0.6,  3.5, 18.914, 29.01,  0.0,  0.0,  0.052, 332.45,  0.122, 324.35,  0.104, 298.04,  0.050, 349.59,  0.119, 319.76,  0.135, 315.90,  0.065,  38.11,  0.074, 304.55,  0.087, 267.37,  0.111, 292.18,  0.055, 278.43,  0.086, 278.04,  0.036, 211.50,  0.065,  98.88,  0.073,  74.05,  0.059,  90.00,-99.000, -99.00,-99.000, -99.00,-99.000, -99.00,-99.000, -99.00,
8/28/2006 23:35:00, 12.4,275.7,  0.6,  3.5, 18.909, 29.01,  0.0,  0.0,  0.088, 356.75,  0.077, 254.88,  0.175, 304.51,  0.135, 296.95,  0.001, 225.00,  0.094, 335.35,  0.082,   6.26,  0.101,  11.98,  0.030,  48.99,  0.036,  12.88,  0.034, 333.43,  0.081,  34.47,  0.074,  23.10,  0.041,   5.57,  0.084, 306.33,  0.048,  27.10,-99.000, -99.00,-99.000, -99.00,-99.000, -99.00,-99.000, -99.00,
8/28/2006 23:40:00, 12.4,275.8,  0.6,  3.5, 18.911, 29.02,  0.0,  0.0,  0.102, 263.78,  0.003, 225.00,  0.035, 343.61,  0.064, 352.87,  0.049, 206.57,  0.054, 181.06,  0.129, 261.05,  0.052, 289.13,  0.031, 159.23,  0.028, 173.88,  0.077,  97.50,  0.028, 291.04,  0.053, 245.38,  0.136, 168.94,  0.074, 138.81,  0.023, 241.19,-99.000, -99.00,-99.000, -99.00,-99.000, -99.00,-99.000, -99.00,
8/28/2006 23:45:00, 12.4,275.7,  0.6,  3.5, 18.910, 29.02,  0.0,  0.0,  0.116, 336.54,  0.076, 289.15,  0.095, 265.79,  0.101, 310.60,  0.070, 330.15,  0.031, 303.18,  0.119, 325.64,  0.119,   1.44,  0.029, 229.18,  0.086, 240.75,  0.049, 266.50,  0.011, 185.19,  0.055,  87.92,  0.013, 333.43,  0.054, 122.80,  0.004, 135.00,-99.000, -99.00,-99.000, -99.00,-99.000, -99.00,-99.000, -99.00,
8/28/2006 23:50:00, 12.4,275.8,  0.6,  3.5, 18.904, 29.02,  0.0,  0.0,  0.047, 248.88,  0.066, 300.82,  0.094,  48.47,  0.094, 310.67,  0.025,  11.77,  0.099, 281.08,  0.046, 291.57,  0.094, 344.64,  0.064,   0.00,  0.037,  55.01,  0.070,  51.98,  0.047, 107.28,  0.030, 241.70,  0.036, 189.46,  0.073,  75.02,  0.047, 289.98,-99.000, -99.00,-99.000, -99.00,-99.000, -99.00,-99.000, -99.00,
8/28/2006 23:55:00, 12.4,275.7,  0.6,  3.5, 18.902, 29.02,  0.0,  0.0,  0.043, 286.31,  0.053, 218.16,  0.085, 331.01,  0.094, 272.44,  0.066, 289.54,  0.094, 320.58,  0.058, 338.75,  0.118, 278.75,  0.044, 309.47,  0.070, 324.27,  0.154, 314.47,  0.107, 332.72,  0.026, 278.75,  0.067, 232.28,  0.076, 135.54,  0.021,  81.87,-99.000, -99.00,-99.000, -99.00,-99.000, -99.00,-99.000, -99.00,
8/29/2006 00:00:00, 12.4,275.8,  0.6,  3.5, 18.895, 29.02,  0.0,  0.0,  0.093, 212.66,  0.068, 269.16,  0.098, 341.01,  0.144, 307.11,  0.112, 297.71,  0.121, 300.80,  0.039,  19.36,  0.046, 319.40,  0.115, 313.95,  0.124, 323.87,  0.107, 313.86,  0.031,  70.97,  0.064, 318.81,  0.111, 284.04,  0.067, 165.34,  0.097, 185.30,-99.000, -99.00,-99.000, -99.00,-99.000, -99.00,-99.000, -99.00,
8/29/2006 00:05:00, 12.4,275.7,  0.6,  3.5, 18.900, 29.02,  0.0,  0.0,  0.034,  30.38,  0.106, 206.32,  0.133, 329.77,  0.011, 213.69,  0.101, 277.41,  0.101, 297.84,  0.173, 271.32,  0.068, 256.37,  0.018, 273.18,  0.124, 280.22,  0.065,  13.39,  0.056,  27.47,  0.080, 355.00,  0.007, 296.57,  0.047, 333.43,  0.013, 180.00,-99.000, -99.00,-99.000, -99.00,-99.000, -99.00,-99.000, -99.00,
8/29/2006 00:10:00, 12.4,275.8,  0.6,  3.5, 18.901, 29.02,  0.0,  0.0,  0.050, 318.27,  0.064, 306.16,  0.169, 271.36,  0.090, 293.70,  0.090, 301.40,  0.096, 293.36,  0.091, 265.60,  0.110, 254.70,  0.076, 294.88,  0.034, 145.84,  0.055, 245.30,  0.065, 323.13,  0.041,   9.93,  0.085, 321.23,  0.086, 305.54,  0.058, 141.34,-99.000, -99.00,-99.000, -99.00,-99.000, -99.00,-99.000, -99.00,
8/29/2006 00:15:00, 12.4,275.7,  0.6,  3.5, 18.900, 29.01,  0.0,  0.0,  0.135, 356.61,  0.078, 270.00,  0.134, 265.31,  0.090, 311.85,  0.157, 288.55,  0.068, 262.35,  0.108, 296.33,  0.093, 313.69,  0.018, 340.56,  0.066, 293.09,  0.087, 324.31,  0.145, 313.04,  0.052, 351.09,  0.086, 323.00,  0.168, 321.29,  0.028, 329.74,-99.000, -99.00,-99.000, -99.00,-99.000, -99.00,-99.000, -99.00,
8/29/2006 00:20:00, 12.4,275.8,  0.6,  3.5, 18.895, 29.01,  0.0,  0.0,  0.118, 336.04,  0.095, 323.13,  0.165, 276.26,  0.083, 322.31,  0.033, 302.74,  0.080, 251.79,  0.061, 240.49,  0.123, 259.24,  0.041, 288.43,  0.035, 223.83,  0.120, 262.82,  0.074, 316.64,  0.154, 308.66,  0.110, 299.36,  0.127, 291.30,  0.120, 332.15,-99.000, -99.00,-99.000, -99.00,-99.000, -99.00,-99.000, -99.00,
8/29/2006 00:25:00, 12.3,275.7,  0.6,  3.5, 18.895, 29.01,  0.0,  0.0,  0.073, 301.50,  0.014,  17.10,  0.078, 261.87,  0.108, 299.42,  0.074, 262.20,  0.080, 267.14,  0.060, 289.33,  0.056, 307.07,  0.027, 276.34,  0.028, 270.00,  0.032, 278.88,  0.033, 160.46,  0.017,  54.46,  0.095, 278.47,  0.075, 301.36,  0.058, 329.89,-99.000, -99.00,-99.000, -99.00,-99.000, -99.00,-99.000, -99.00,
8/29/2006 00:30:00, 12.4,275.7,  0.6,  3.5, 18.900, 29.01,  0.0,  0.0,  0.051, 326.93,  0.138, 281.72,  0.119, 270.00,  0.117, 279.38,  0.120, 331.08,  0.097, 303.69,  0.113, 324.34,  0.108, 266.29,  0.151, 286.99,  0.151, 277.97,  0.039, 340.64,  0.051, 340.50,  0.035, 346.76,  0.078, 304.51,  0.118, 327.12,  0.070, 291.04,-99.000, -99.00,-99.000, -99.00,-99.000, -99.00,-99.000, -99.00,
8/29/2006 00:35:00, 12.4,275.7,  0.6,  3.5, 18.893, 29.01,  0.0,  0.0,  0.084, 296.87,  0.013,  22.62,  0.119, 290.73,  0.196, 284.82,  0.128, 302.20,  0.132, 324.87,  0.178, 289.05,  0.106, 253.61,  0.115, 293.66,  0.120, 286.93,  0.024, 250.82,  0.117, 306.28,  0.048, 352.87,  0.071, 305.26,  0.100, 291.16,  0.049, 285.46,-99.000, -99.00,-99.000, -99.00,-99.000, -99.00,-99.000, -99.00,
8/29/2006 00:40:00, 12.4,275.7,  0.6,  3.6, 18.886, 29.01,  0.0,  0.0,  0.130, 302.10,  0.046, 356.27,  0.110, 289.09,  0.215, 306.28,  0.080, 254.74,  0.092, 320.27,  0.167, 302.55,  0.137, 265.83,  0.101, 277.97,  0.234, 300.29,  0.162, 302.12,  0.109, 333.20,  0.055, 326.89,  0.032, 259.05,  0.069, 281.63,  0.043, 321.55,-99.000, -99.00,-99.000, -99.00,-99.000, -99.00,-99.000, -99.00,
8/29/2006 00:45:00, 12.3,275.7,  0.6,  3.5, 18.884, 29.01,  0.0,  0.0,  0.162, 247.54,  0.120, 265.24,  0.056, 271.02,  0.060, 321.79,  0.078, 299.20,  0.026, 232.70,  0.124, 282.13,  0.121, 284.38,  0.097, 267.64,  0.121, 314.66,  0.110, 332.51,  0.150, 336.85,  0.123, 303.43,  0.069, 308.53,  0.106, 310.43,  0.038,  15.12,-99.000, -99.00,-99.000, -99.00,-99.000, -99.00,-99.000, -99.00,
8/29/2006 00:50:00, 12.3,275.7,  0.6,  3.5, 18.879, 29.00,  0.0,  0.0,  0.022,  90.00,  0.013, 243.43,  0.144, 271.59,  0.085, 259.88,  0.141, 283.15,  0.204, 274.51,  0.055, 246.25,  0.130, 275.75,  0.166, 293.47,  0.081, 276.42,  0.092, 239.25,  0.046, 240.10,  0.131, 297.15,  0.142, 314.14,  0.134, 294.66,  0.020, 200.22,-99.000, -99.00,-99.000, -99.00,-99.000, -99.00,-99.000, -99.00,
8/29/2006 00:55:00, 12.3,275.6,  0.6,  3.5, 18.873, 29.00,  0.0,  0.0,  0.076, 341.57,  0.117, 305.59,  0.109, 325.44,  0.158, 298.84,  0.044, 292.52,  0.097, 313.75,  0.066, 302.01,  0.121, 296.99,  0.095, 318.42,  0.070, 285.83,  0.064, 265.53,  0.079, 359.27,  0.047, 329.04,  0.103, 297.06,  0.056,  11.31,  0.029,  26.57,-99.000, -99.00,-99.000, -99.00,-99.000, -99.00,-99.000, -99.00,
8/29/2006 01:00:00, 12.3,275.6,  0.6,  3.5, 18.863, 29.00,  0.0,  0.0,  0.129, 257.04,  0.122, 287.69,  0.112, 285.52,  0.090, 288.03,  0.120, 280.09,  0.134, 289.65,  0.109, 309.81,  0.118, 298.30,  0.136, 288.03,  0.141, 254.78,  0.086, 280.66,  0.091, 256.72,  0.104, 291.39,  0.147, 290.78,  0.093, 328.19,  0.032, 277.13,-99.000, -99.00,-99.000, -99.00,-99.000, -99.00,-99.000, -99.00,
8/29/2006 01:05:00, 12.3,275.7,  0.6,  3.5, 18.865, 29.00,  0.0,  0.0,  0.084, 286.50,  0.063, 329.35,  0.180, 340.56,  0.058, 303.69,  0.032, 253.81,  0.043, 302.57,  0.095, 293.59,  0.111, 318.28,  0.106, 277.59,  0.200, 276.02,  0.117, 291.53,  0.181, 287.03,  0.115, 294.11,  0.062, 318.90,  0.037, 349.00,  0.026, 169.11,-99.000, -99.00,-99.000, -99.00,-99.000, -99.00,-99.000, -99.00,
8/29/2006 01:10:00, 12.3,275.7,  0.6,  3.5, 18.862, 29.00,  0.0,  0.0,  0.143, 319.83,  0.138, 267.92,  0.078, 245.74,  0.154, 272.23,  0.172, 279.02,  0.095, 274.21,  0.135, 329.25,  0.117, 300.71,  0.085, 251.57,  0.097, 245.56,  0.102, 283.08,  0.115, 293.00,  0.130, 283.39,  0.112, 279.80,  0.105, 280.45,  0.024, 184.76,-99.000, -99.00,-99.000, -99.00,-99.000, -99.00,-99.000, -99.00,
8/29/2006 01:15:00, 12.3,275.7,  0.6,  3.5, 18.860, 29.00,  0.0,  0.0,  0.212, 292.20,  0.105, 295.35,  0.128, 297.36,  0.048, 304.02,  0.105, 274.36,  0.165, 295.16,  0.066, 333.82,  0.062, 234.78,  0.121, 302.51,  0.080, 273.58,  0.124, 277.87,  0.112, 279.21,  0.152, 321.40,  0.110, 313.53,  0.096, 288.25,  0.055, 223.53,-99.000, -99.00,-99.000, -99.00,-99.000, -99.00,-99.000, -99.00,
8/29/2006 01:20:00, 12.3,275.7,  0.6,  3.5, 18.857, 28.99,  0.0,  0.0,  0.121, 312.66,  0.076,  16.77,  0.155, 316.31,  0.067, 302.28,  0.100, 301.46,  0.128, 310.55,  0.179, 306.36,  0.075, 309.02,  0.086, 255.15,  0.110, 267.92,  0.053, 274.32,  0.086, 279.35,  0.018, 299.36,  0.100, 282.65,  0.076, 335.12,  0.007, 270.00,-99.000, -99.00,-99.000, -99.00,-99.000, -99.00,-99.000, -99.00,
8/29/2006 01:25:00, 12.3,275.7,  0.6,  3.5, 18.847, 28.99,  0.0,  0.0,  0.163, 325.73,  0.120, 261.40,  0.073,   0.00,  0.168, 320.33,  0.090, 312.75,  0.111, 303.98,  0.175, 335.34,  0.148, 299.17,  0.079, 274.34,  0.103, 276.16,  0.130, 315.62,  0.089, 280.30,  0.085, 259.88,  0.170, 289.93,  0.119, 288.59,  0.014, 335.22,-99.000, -99.00,-99.000, -99.00,-99.000, -99.00,-99.000, -99.00,
8/29/2006 01:30:00, 12.3,275.8,  0.6,  3.5, 18.841, 28.99,  0.0,  0.0,  0.083, 304.26,  0.049, 314.17,  0.140, 334.54,  0.064,   0.00,  0.095,  12.72,  0.141, 309.55,  0.117, 300.29,  0.171, 314.53,  0.152, 288.79,  0.137, 305.20,  0.216, 303.84,  0.096, 288.81,  0.163, 285.99,  0.220, 292.14,  0.166, 313.29,  0.041, 306.03,-99.000, -99.00,-99.000, -99.00,-99.000, -99.00,-99.000, -99.00,
8/29/2006 01:35:00, 12.3,275.7,  0.6,  3.5, 18.841, 28.99,  0.0,  0.0,  0.197, 302.80,  0.131, 323.39,  0.157, 282.53,  0.128, 304.81,  0.102, 333.94,  0.068, 284.44,  0.062,  26.98,  0.108, 305.17,  0.021, 242.24,  0.128, 280.34,  0.089, 293.11,  0.119, 298.73,  0.112, 272.05,  0.062, 287.85,  0.107, 332.24,  0.115,   9.54,-99.000, -99.00,-99.000, -99.00,-99.000, -99.00,-99.000, -99.00,
8/29/2006 01:40:00, 12.3,275.7,  0.6,  3.5, 18.839, 28.99,  0.0,  0.0,  0.268, 322.87,  0.221, 308.01,  0.062, 304.46,  0.153, 280.57,  0.025, 306.87,  0.037, 306.25,  0.158, 325.60,  0.197, 297.22,  0.115, 303.97,  0.137, 271.25,  0.114, 274.51,  0.124, 276.03,  0.101, 297.84,  0.207, 289.13,  0.110, 293.06,  0.010, 185.71,-99.000, -99.00,-99.000, -99.00,-99.000, -99.00,-99.000, -99.00,
8/29/2006 01:45:00, 12.3,275.6,  0.6,  3.5, 18.837, 28.99,  0.0,  0.0,  0.127, 287.86,  0.131, 276.58,  0.081, 343.57,  0.149, 332.92,  0.115, 326.73,  0.135, 244.96,  0.122, 282.78,  0.098, 304.99,  0.184, 309.49,  0.107, 288.60,  0.098, 270.58,  0.212, 279.77,  0.145, 297.45,  0.120, 321.79,  0.183, 285.56,  0.014, 197.10,-99.000, -99.00,-99.000, -99.00,-99.000, -99.00,-99.000, -99.00,
8/29/2006 01:50:00, 12.3,275.8,  0.6,  3.5, 18.834, 28.99,  0.0,  0.0,  0.144, 313.88,  0.068, 334.93,  0.085, 274.71,  0.132, 302.01,  0.077, 334.76,  0.098, 275.89,  0.195, 311.88,  0.073, 297.61,  0.174, 301.59,  0.094, 271.83,  0.143, 256.64,  0.144, 292.83,  0.155, 282.69,  0.148, 289.78,  0.171, 285.26,  0.004,  33.69,-99.000, -99.00,-99.000, -99.00,-99.000, -99.00,-99.000, -99.00,
8/29/2006 01:55:00, 12.3,275.6,  0.6,  3.6, 18.833, 28.99,  0.0,  0.0,  0.085, 320.28,  0.125, 304.58,  0.102, 325.38,  0.068, 287.10,  0.055, 358.96,  0.152, 261.28,  0.139, 291.57,  0.057, 307.87,  0.115, 294.78,  0.189, 315.64,  0.064, 306.16,  0.189, 281.61,  0.096, 282.01,  0.111, 296.80,  0.056, 272.05,  0.085, 234.62,-99.000, -99.00,-99.000, -99.00,-99.000, -99.00,-99.000, -99.00,
8/29/2006 02:00:00, 12.3,275.6,  0.6,  3.5, 18.833, 28.99,  0.0,  0.0,  0.167, 299.49,  0.062, 291.63,  0.144, 284.52,  0.155, 322.61,  0.112, 349.70,  0.147, 293.61,  0.119, 288.59,  0.083, 355.18,  0.152, 326.52,  0.175, 297.88,  0.083, 277.64,  0.076, 241.75,  0.114, 297.01,  0.156, 313.70,  0.121, 325.78,  0.051,  72.98,-99.000, -99.00,-99.000, -99.00,-99.000, -99.00,-99.000, -99.00,
8/29/2006 02:05:00, 12.3,275.5,  0.6,  3.5, 18.823, 28.98,  0.0,  0.0,  0.134, 304.99,  0.126, 281.40,  0.130, 330.47,  0.107, 340.89,  0.130, 348.43,  0.103, 354.45,  0.091, 284.65,  0.104, 320.05,  0.115, 306.87,  0.157, 341.45,  0.155, 320.76,  0.169, 294.44,  0.226, 301.22,  0.133, 292.12,  0.143, 291.73,  0.047,  59.04,-99.000, -99.00,-99.000, -99.00,-99.000, -99.00,-99.000, -99.00,
8/29/2006 02:10:00, 12.3,275.6,  0.6,  3.5, 18.810, 28.98,  0.0,  0.0,  0.197, 291.10,  0.072, 356.82,  0.155, 307.39,  0.163, 300.96,  0.077, 244.76,  0.121, 300.15,  0.158, 313.47,  0.153, 295.90,  0.102, 297.57,  0.131, 299.31,  0.182, 324.83,  0.141, 326.87,  0.114, 337.26,  0.081, 313.99,  0.176, 309.93,  0.052, 217.97,-99.000, -99.00,-99.000, -99.00,-99.000, -99.00,-99.000, -99.00,
8/29/2006 02:15:00, 12.3,275.7,  0.6,  3.5, 18.807, 28.98,  0.0,  0.0,  0.166, 311.58,  0.193, 310.38,  0.151, 295.55,  0.073, 240.26,  0.118, 280.74,  0.056,   8.28,  0.147, 316.65,  0.064, 333.03,  0.139, 339.35,  0.147, 313.90,  0.247, 296.67,  0.113, 333.21,  0.203, 323.81,  0.178, 325.06,  0.137, 327.82,  0.007,  26.57,-99.000, -99.00,-99.000, -99.00,-99.000, -99.00,-99.000, -99.00,
8/29/2006 02:20:00, 12.3,275.7,  0.6,  3.5, 18.811, 28.97,  0.0,  0.0,  0.179, 291.27,  0.136, 278.43,  0.156, 266.33,  0.039, 268.53,  0.104, 278.29,  0.120, 279.62,  0.113, 281.71,  0.087, 290.94,  0.122, 288.14,  0.175, 284.59,  0.087, 320.62,  0.114, 286.84,  0.154, 284.31,  0.054, 312.77,  0.157, 307.75,  0.044, 350.75,-99.000, -99.00,-99.000, -99.00,-99.000, -99.00,-99.000, -99.00,
8/29/2006 02:25:00, 12.3,275.7,  0.6,  3.5, 18.797, 28.97,  0.0,  0.0,  0.162, 258.97,  0.155, 292.42,  0.143, 318.96,  0.054, 296.57,  0.178, 296.71,  0.167, 301.32,  0.137, 254.74,  0.070, 258.53,  0.105, 243.43,  0.104, 263.90,  0.079, 293.96,  0.091, 287.84,  0.077, 285.12,  0.114, 321.03,  0.138, 343.54,  0.016,  14.04,-99.000, -99.00,-99.000, -99.00,-99.000, -99.00,-99.000, -99.00,
8/29/2006 02:30:00, 12.3,275.7,  0.6,  3.5, 18.794, 28.97,  0.0,  0.0,  0.139, 309.17,  0.193, 282.59,  0.117, 241.90,  0.080, 295.28,  0.132, 317.14,  0.076, 278.34,  0.060, 288.43,  0.075,  85.43,  0.054, 357.88,  0.135, 314.10,  0.155, 308.72,  0.169, 300.21,  0.231, 312.72,  0.204, 311.03,  0.175, 318.48,  0.043,  33.69,-99.000, -99.00,-99.000, -99.00,-99.000, -99.00,-99.000, -99.00,
8/29/2006 02:35:00, 12.3,275.7,  0.6,  3.5, 18.786, 28.96,  0.0,  0.0,  0.162, 295.62,  0.248, 303.82,  0.169, 314.28,  0.050, 279.27,  0.071, 292.25,  0.119, 327.38,  0.146, 279.07,  0.176, 297.73,  0.158, 317.31,  0.161, 311.99,  0.152, 286.41,  0.102, 304.16,  0.095, 321.43,  0.181, 328.77,  0.206, 330.32,  0.054,  69.57,-99.000, -99.00,-99.000, -99.00,-99.000, -99.00,-99.000, -99.00,
8/29/2006 02:40:00, 12.3,275.7,  0.6,  3.5, 18.783, 28.96,  0.0,  0.0,  0.107, 272.68,  0.121, 291.27,  0.159, 277.57,  0.217, 266.83,  0.121, 267.63,  0.110, 298.90,  0.143, 302.69,  0.164, 302.04,  0.079, 340.88,  0.119, 298.73,  0.208, 297.80,  0.172, 321.13,  0.162, 319.74,  0.095, 325.30,  0.073,  11.00,  0.046, 288.82,-99.000, -99.00,-99.000, -99.00,-99.000, -99.00,-99.000, -99.00,
8/29/2006 02:45:00, 12.3,275.7,  0.6,  3.5, 18.777, 28.96,  0.0,  0.0,  0.064, 292.96,  0.248, 274.40,  0.167, 250.05,  0.145, 270.40,  0.120, 259.91,  0.167, 270.69,  0.156, 272.94,  0.150, 306.34,  0.136, 283.22,  0.093, 258.21,  0.175, 275.25,  0.132, 291.72,  0.141, 317.59,  0.114, 323.94,  0.136, 320.09,  0.013, 321.34,-99.000, -99.00,-99.000, -99.00,-99.000, -99.00,-99.000, -99.00,
8/29/2006 02:50:00, 12.3,275.8,  0.6,  3.5, 18.777, 28.96,  0.0,  0.0,  0.147, 267.66,  0.142, 278.53,  0.082, 250.02,  0.065, 259.38,  0.074, 284.04,  0.087, 310.82,  0.203, 304.95,  0.096, 315.84,  0.134, 260.54,  0.045, 224.09,  0.110, 316.11,  0.184, 321.39,  0.117, 313.26,  0.102, 324.14,  0.121, 316.01,  0.036,  94.76,-99.000, -99.00,-99.000, -99.00,-99.000, -99.00,-99.000, -99.00,
8/29/2006 02:55:00, 12.3,275.7,  0.6,  3.5, 18.775, 28.96,  0.0,  0.0,  0.163, 261.17,  0.033, 278.62,  0.100, 266.57,  0.066, 280.46,  0.116, 301.64,  0.120, 295.07,  0.037, 345.96,  0.051, 282.41,  0.104, 290.88,  0.122, 296.77,  0.098, 295.51,  0.158, 321.17,  0.091, 335.97,  0.145, 322.58,  0.131, 319.02,  0.046,  83.80,-99.000, -99.00,-99.000, -99.00,-99.000, -99.00,-99.000, -99.00,
8/29/2006 03:00:00, 12.3,275.7,  0.6,  3.5, 18.772, 28.97,  0.0,  0.0,  0.083, 295.64,  0.137, 280.08,  0.138, 255.26,  0.069, 249.73,  0.083, 254.62,  0.174, 270.00,  0.151, 272.65,  0.163, 278.83,  0.125, 287.27,  0.078, 292.62,  0.145, 286.81,  0.172, 286.86,  0.206, 295.57,  0.239, 293.67,  0.230, 283.55,  0.059, 318.45,-99.000, -99.00,-99.000, -99.00,-99.000, -99.00,-99.000, -99.00,
8/29/2006 03:05:00, 12.3,275.7,  0.6,  3.5, 18.759, 28.97,  0.0,  0.0,  0.082, 285.56,  0.135, 303.81,  0.113, 247.73,  0.168, 259.70,  0.164, 277.34,  0.135, 268.73,  0.140, 252.99,  0.133, 266.13,  0.114, 287.80,  0.098, 308.39,  0.054, 330.12,  0.064, 233.84,  0.064, 235.81,  0.074, 306.25,  0.153, 307.55,  0.035,  10.01,-99.000, -99.00,-99.000, -99.00,-99.000, -99.00,-99.000, -99.00,
8/29/2006 03:10:00, 12.3,275.8,  0.6,  3.5, 18.754, 28.97,  0.0,  0.0,  0.143, 305.91,  0.117, 270.98,  0.128, 307.05,  0.112, 258.69,  0.022, 206.57,  0.044, 276.48,  0.027, 351.57,  0.112, 265.41,  0.114, 339.97,  0.173, 317.57,  0.060, 297.85,  0.149, 303.26,  0.161, 312.49,  0.098, 344.54,  0.109, 315.00,  0.042,  11.04,-99.000, -99.00,-99.000, -99.00,-99.000, -99.00,-99.000, -99.00,
8/29/2006 03:15:00, 12.3,275.7,  0.6,  3.5, 18.752, 28.97,  0.0,  0.0,  0.052, 275.49,  0.107, 270.00,  0.070, 280.67,  0.063, 247.52,  0.119, 255.85,  0.200, 297.97,  0.129, 305.54,  0.126, 298.39,  0.085, 334.94,  0.185, 316.31,  0.077,  16.56,  0.025, 186.84,  0.101, 289.16,  0.111, 323.03,  0.096, 329.96,  0.066,  12.34,-99.000, -99.00,-99.000, -99.00,-99.000, -99.00,-99.000, -99.00,
8/29/2006 03:20:00, 12.3,275.7,  0.6,  3.5, 18.754, 28.97,  0.0,  0.0,  0.040, 213.69,  0.122, 302.65,  0.075, 304.11,  0.105, 236.31,  0.047, 175.14,  0.151, 253.01,  0.108, 231.01,  0.156, 260.06,  0.042, 264.56,  0.062, 257.97,  0.126, 284.70,  0.156, 333.27,  0.149, 291.59,  0.119, 342.93,  0.163, 317.49,  0.055, 289.09,-99.000, -99.00,-99.000, -99.00,-99.000, -99.00,-99.000, -99.00,
8/29/2006 03:25:00, 12.3,275.6,  0.6,  3.5, 18.744, 28.97,  0.0,  0.0,  0.126, 309.86,  0.135, 311.70,  0.107, 281.31,  0.182, 270.00,  0.153, 303.27,  0.124, 244.68,  0.073, 266.08,  0.084, 259.76,  0.096, 286.36,  0.120, 300.64,  0.085, 302.94,  0.190, 291.58,  0.146, 277.47,  0.136, 290.70,  0.105, 297.78,  0.120, 293.14,-99.000, -99.00,-99.000, -99.00,-99.000, -99.00,-99.000, -99.00,
8/29/2006 03:30:00, 12.3,275.7,  0.6,  3.5, 18.738, 28.97,  0.0,  0.0,  0.030, 330.02,  0.126,  13.82,  0.103, 300.30,  0.074, 273.87,  0.034, 278.37,  0.107, 330.32,  0.121, 350.46,  0.165, 359.31,  0.167, 313.54,  0.082, 281.31,  0.154, 291.39,  0.157, 312.94,  0.126, 298.39,  0.230, 302.59,  0.192, 312.89,  0.138, 289.49,-99.000, -99.00,-99.000, -99.00,-99.000, -99.00,-99.000, -99.00,
8/29/2006 03:35:00, 12.3,275.8,  0.6,  3.5, 18.732, 28.98,  0.0,  0.0,  0.045, 343.18,  0.085, 335.83,  0.083, 322.31,  0.100, 257.35,  0.135,   5.12,  0.170, 307.61,  0.120, 318.05,  0.146, 337.47,  0.113, 338.67,  0.132, 352.18,  0.127, 334.44,  0.103, 289.84,  0.140, 275.34,  0.091, 289.23,  0.153, 301.41,  0.114, 342.04,-99.000, -99.00,-99.000, -99.00,-99.000, -99.00,-99.000, -99.00,
8/29/2006 03:40:00, 12.3,275.7,  0.6,  3.5, 18.724, 28.98,  0.0,  0.0,  0.097,  86.46,  0.057, 356.99,  0.101,  36.98,  0.128,  29.58,  0.076, 341.57,  0.120, 288.89,  0.130, 310.65,  0.174, 327.68,  0.059, 267.09,  0.144, 291.21,  0.112, 321.50,  0.085, 298.99,  0.107, 333.91,  0.174, 303.78,  0.041, 341.57,  0.054, 275.29,-99.000, -99.00,-99.000, -99.00,-99.000, -99.00,-99.000, -99.00,
8/29/2006 03:45:00, 12.3,275.7,  0.6,  3.5, 18.727, 28.98,  0.0,  0.0,  0.057, 302.01,  0.083, 343.96,  0.121, 329.85,  0.165, 300.13,  0.106, 310.01,  0.113, 311.04,  0.210, 315.58,  0.140, 301.88,  0.094, 358.17,  0.149, 316.90,  0.084, 309.19,  0.093, 258.81,  0.202, 277.41,  0.148, 291.87,  0.092, 327.86,  0.036, 122.35,-99.000, -99.00,-99.000, -99.00,-99.000, -99.00,-99.000, -99.00,
8/29/2006 03:50:00, 12.3,275.7,  0.6,  3.5, 18.720, 28.98,  0.0,  0.0,  0.106, 337.30,  0.106, 323.02,  0.113, 343.01,  0.124,  23.68,  0.145,   0.40,  0.095, 328.83,  0.080, 277.21,  0.055, 286.80,  0.118, 276.82,  0.062, 270.92,  0.104, 296.81,  0.047, 331.78,  0.023, 300.96,  0.123, 298.65,  0.070, 295.46,  0.072, 318.96,-99.000, -99.00,-99.000, -99.00,-99.000, -99.00,-99.000, -99.00,
8/29/2006 03:55:00, 12.3,275.7,  0.6,  3.5, 18.722, 28.98,  0.0,  0.0,  0.070, 315.58,  0.049, 337.11,  0.060, 319.71,  0.068,   0.00,  0.108,  36.34,  0.069, 343.94,  0.087, 351.40,  0.090, 326.84,  0.064, 284.47,  0.047, 357.56,  0.084, 302.37,  0.173, 298.35,  0.186, 314.35,  0.141, 316.44,  0.069, 299.54,  0.062, 243.02,-99.000, -99.00,-99.000, -99.00,-99.000, -99.00,-99.000, -99.00,
8/29/2006 04:00:00, 12.3,275.7,  0.6,  3.5, 18.711, 28.98,  0.0,  0.0,  0.037,   7.70,  0.093, 339.81,  0.128,   9.02,  0.049, 331.86,  0.080,  31.70,  0.082, 322.43,  0.071,  49.57,  0.072, 351.19,  0.046,  91.25,  0.111, 298.65,  0.149, 333.78,  0.148, 319.40,  0.232, 311.33,  0.139, 317.34,  0.086,  14.85,  0.068, 322.79,-99.000, -99.00,-99.000, -99.00,-99.000, -99.00,-99.000, -99.00,
8/29/2006 04:05:00, 12.3,275.7,  0.6,  3.5, 18.700, 28.98,  0.0,  0.0,  0.086,  37.93,  0.102, 309.81,  0.090,  48.15,  0.009,   6.34,  0.033,  10.62,  0.131,  70.32,  0.068, 183.37,  0.048, 270.00,  0.027,  66.25,  0.069, 263.39,  0.135, 261.93,  0.112,   0.00,  0.120,  22.07,  0.051, 318.18,  0.091, 318.58,  0.079, 319.64,-99.000, -99.00,-99.000, -99.00,-99.000, -99.00,-99.000, -99.00,
8/29/2006 04:10:00, 12.3,275.7,  0.6,  3.5, 18.711, 28.98,  0.0,  0.0,  0.035,  47.29,  0.099, 355.38,  0.124, 316.30,  0.121, 289.78,  0.030,  43.67,  0.063,   6.34,  0.061,  90.00,  0.039, 127.75,  0.079,  79.11,  0.084,  21.67,  0.093, 303.18,  0.114, 284.77,  0.076, 355.49,  0.102,  28.84,  0.069, 349.99,  0.029, 335.22,-99.000, -99.00,-99.000, -99.00,-99.000, -99.00,-99.000, -99.00,
8/29/2006 04:15:00, 12.3,275.7,  0.6,  3.5, 18.700, 28.98,  0.0,  0.0,  0.041, 279.93,  0.057, 185.01,  0.040, 185.71,  0.088, 277.85,  0.040,  40.91,  0.062,  43.03,  0.078, 288.67,  0.046,  96.20,  0.057,   0.00,  0.060, 270.00,  0.090, 342.57,  0.136, 319.76,  0.099, 310.48,  0.072, 318.37,  0.101, 346.24,  0.095, 300.34,-99.000, -99.00,-99.000, -99.00,-99.000, -99.00,-99.000, -99.00,
8/29/2006 04:20:00, 12.3,275.7,  0.6,  3.5, 18.700, 28.99,  0.0,  0.0,  0.026, 249.44,  0.051, 277.82,  0.052, 242.45,  0.080, 294.33,  0.057,  32.86,  0.104,  37.97,  0.064, 330.26,  0.119,   1.44,  0.129, 309.35,  0.128, 315.32,  0.077, 336.11,  0.072,  12.88,  0.084, 353.13,  0.078, 308.77,  0.077, 303.90,  0.066,   2.60,-99.000, -99.00,-99.000, -99.00,-99.000, -99.00,-99.000, -99.00,
8/29/2006 04:25:00, 12.3,275.7,  0.6,  3.5, 18.692, 28.99,  0.0,  0.0,  0.125, 173.56,  0.078, 168.98,  0.050, 173.16,  0.062,  96.44,  0.014,  85.91,  0.071,  70.29,  0.029, 153.43,  0.092,  35.25,  0.127,   5.44,  0.176, 337.96,  0.090, 335.14,  0.117, 324.41,  0.097, 270.59,  0.041, 232.85,  0.067, 294.66,  0.072, 261.98,-99.000, -99.00,-99.000, -99.00,-99.000, -99.00,-99.000, -99.00,
8/29/2006 04:30:00, 12.3,275.7,  0.6,  3.5, 18.692, 28.99,  0.0,  0.0,  0.122, 102.78,  0.096, 132.88,  0.060, 208.69,  0.061, 214.99,  0.072, 144.09,  0.106,  83.48,  0.070, 128.66,  0.030,  27.41,  0.025,  48.18,  0.032,  57.80,  0.055,  70.91,  0.012,  94.76,  0.061, 236.31,  0.091, 272.52,  0.050, 286.26,  0.019, 276.01,-99.000, -99.00,-99.000, -99.00,-99.000, -99.00,-99.000, -99.00,
8/29/2006 04:35:00, 12.3,275.7,  0.6,  3.5, 18.697, 28.99,  0.0,  0.0,  0.017, 130.24,  0.029, 292.17,  0.048,  46.68,  0.073,  52.19,  0.100, 100.41,  0.004,  14.04,  0.117,  84.58,  0.015,  58.39,  0.058,  59.04,  0.112,   0.00,  0.059,   0.97,  0.101, 338.51,  0.063, 358.18,  0.075, 283.85,  0.141, 287.79,  0.087, 287.39,-99.000, -99.00,-99.000, -99.00,-99.000, -99.00,-99.000, -99.00,
8/29/2006 04:40:00, 12.3,275.7,  0.6,  3.5, 18.693, 28.99,  0.0,  0.0,  0.106, 209.48,  0.017, 270.00,  0.070, 321.34,  0.088, 271.95,  0.051,   9.09,  0.027, 353.66,  0.018, 153.43,  0.103, 202.32,  0.109, 233.97,  0.032, 303.69,  0.074, 337.62,  0.076, 299.28,  0.069, 303.69,  0.050, 342.65,  0.090, 314.55,  0.049, 299.17,-99.000, -99.00,-99.000, -99.00,-99.000, -99.00,-99.000, -99.00,
8/29/2006 04:45:00, 12.3,275.8,  0.6,  3.5, 18.690, 28.99,  0.0,  0.0,  0.094, 186.75,  0.066, 298.12,  0.084,  13.71,  0.057, 335.22,  0.099, 207.60,  0.049, 340.82,  0.064, 212.95,  0.115, 155.43,  0.038, 237.99,  0.081, 143.56,  0.038, 180.00,  0.038, 229.24,  0.017, 203.63,  0.018, 250.56,  0.037, 316.08,  0.071, 309.29,-99.000, -99.00,-99.000, -99.00,-99.000, -99.00,-99.000, -99.00,
8/29/2006 04:50:00, 12.3,275.7,  0.6,  3.5, 18.686, 28.99,  0.0,  0.0,  0.055, 160.91,  0.083, 295.64,  0.040, 336.61,  0.065, 223.75,  0.022, 125.84,  0.104, 214.00,  0.063, 266.37,  0.031,   1.85,  0.072, 354.45,  0.044, 295.41,  0.017,   0.00,  0.060, 204.84,  0.040, 268.57,  0.046,  20.41,  0.015, 148.39,  0.033, 135.00,-99.000, -99.00,-99.000, -99.00,-99.000, -99.00,-99.000, -99.00,
8/29/2006 04:55:00, 12.3,275.8,  0.6,  3.5, 18.687, 28.99,  0.0,  0.0,  0.014, 201.04,  0.020, 287.53,  0.085, 230.71,  0.076, 242.76,  0.059, 236.04,  0.062, 229.60,  0.019, 261.03,  0.052, 178.90,  0.031,  31.61,  0.108, 173.60,  0.090, 204.86,  0.005, 191.31,  0.066, 133.15,  0.031, 104.93,  0.017,  90.00,  0.045,  99.04,-99.000, -99.00,-99.000, -99.00,-99.000, -99.00,-99.000, -99.00,
8/29/2006 05:00:00, 12.3,275.7,  0.6,  3.5, 18.681, 28.99,  0.0,  0.0,  0.071, 263.57,  0.102, 351.00,  0.092, 224.12,  0.169, 241.31,  0.027, 171.57,  0.037, 124.11,  0.079, 228.07,  0.113, 185.61,  0.121, 139.04,  0.043, 186.63,  0.085, 181.35,  0.082, 103.36,  0.024,  90.00,  0.025, 233.13,  0.013, 141.34,  0.040,  58.30,-99.000, -99.00,-99.000, -99.00,-99.000, -99.00,-99.000, -99.00,
8/29/2006 05:05:00, 12.3,275.7,  0.6,  3.5, 18.678, 28.99,  0.0,  0.0,  0.051, 209.60,  0.095, 330.48,  0.123, 339.50,  0.092, 309.73,  0.103, 279.46,  0.056, 303.41,  0.107, 265.72,  0.076, 253.95,  0.036, 200.92,  0.060, 182.86,  0.014, 129.29,  0.056, 232.93,  0.114, 189.05,  0.123, 220.40,  0.125, 223.38,  0.095, 209.00,-99.000, -99.00,-99.000, -99.00,-99.000, -99.00,-99.000, -99.00,
8/29/2006 05:10:00, 12.3,275.7,  0.6,  3.5, 18.672, 28.99,  0.0,  0.0,  0.048, 241.29,  0.027, 267.88,  0.077, 212.87,  0.071, 249.25,  0.114, 252.04,  0.139, 206.93,  0.092, 209.36,  0.140, 211.88,  0.075, 219.02,  0.094, 216.38,  0.068, 244.57,  0.149, 276.17,  0.120, 263.29,  0.099, 244.98,  0.145, 235.11,  0.159, 238.11,-99.000, -99.00,-99.000, -99.00,-99.000, -99.00,-99.000, -99.00,
8/29/2006 05:15:00, 12.3,275.7,  0.6,  3.5, 18.673, 28.99,  0.0,  0.0,  0.099, 310.48,  0.042, 303.31,  0.131, 261.68,  0.054, 254.93,  0.042, 258.96,  0.111, 270.00,  0.103, 287.55,  0.017, 190.01,  0.021, 284.04,  0.029, 294.78,  0.135,  87.88,  0.029,  12.09,  0.082, 291.54,  0.165, 292.83,  0.212, 306.38,  0.189, 305.12,-99.000, -99.00,-99.000, -99.00,-99.000, -99.00,-99.000, -99.00,
8/29/2006 05:20:00, 12.3,275.7,  0.6,  3.5, 18.666, 28.98,  0.0,  0.0,  0.099, 346.53,  0.107, 289.11,  0.106, 307.30,  0.149, 246.19,  0.056, 222.83,  0.028,   6.12,  0.082, 257.32,  0.076, 173.99,  0.084, 208.39,  0.049, 134.17,  0.018, 317.29,  0.074, 331.02,  0.257, 323.22,  0.310, 324.72,  0.235, 326.45,  0.282, 331.89,-99.000, -99.00,-99.000, -99.00,-99.000, -99.00,-99.000, -99.00,
8/29/2006 05:25:00, 12.3,275.7,  0.6,  3.5, 18.659, 28.98,  0.0,  0.0,  0.024, 318.37,  0.110, 335.30,  0.041, 320.91,  0.050, 357.71,  0.019, 235.49,  0.063, 225.64,  0.026, 237.53,  0.069, 336.80,  0.048,   8.47,  0.076, 335.81,  0.070, 302.78,  0.047, 299.29,  0.086, 277.37,  0.146, 302.71,  0.135, 328.89,  0.223, 358.72,-99.000, -99.00,-99.000, -99.00,-99.000, -99.00,-99.000, -99.00,
8/29/2006 05:30:00, 12.3,275.7,  0.6,  3.5, 18.663, 28.98,  0.0,  0.0,  0.036, 356.82,  0.150, 321.76,  0.092, 296.57,  0.170, 307.82,  0.086, 283.39,  0.132, 295.59,  0.081, 300.36,  0.014, 257.91,  0.026, 240.52,  0.114, 264.44,  0.033, 342.12,  0.120, 331.73,  0.279,   1.44,  0.416,   5.79,  0.229, 351.98,  0.085, 308.77,-99.000, -99.00,-99.000, -99.00,-99.000, -99.00,-99.000, -99.00,
8/29/2006 05:35:00, 12.3,275.8,  0.6,  3.5, 18.668, 28.98,  0.0,  0.0,  0.110, 276.28,  0.035, 295.11,  0.148, 255.12,  0.142, 311.30,  0.035,   0.00,  0.077, 352.50,  0.030,  45.00,  0.086, 232.07,  0.114, 219.68,  0.172, 256.53,  0.163, 262.27,  0.079, 270.00,  0.170, 286.08,  0.110, 295.87,  0.165, 324.38,  0.105, 325.86,-99.000, -99.00,-99.000, -99.00,-99.000, -99.00,-99.000, -99.00,
8/29/2006 05:40:00, 12.3,275.7,  0.6,  3.5, 18.659, 28.98,  0.0,  0.0,  0.099,  52.78,  0.049, 348.23,  0.081, 350.77,  0.100,  32.74,  0.070, 271.64,  0.086, 255.15,  0.092, 234.25,  0.031, 277.35,  0.089, 299.74,  0.081, 219.99,  0.086, 246.71,  0.092, 276.89,  0.167, 304.26,  0.084, 285.20,  0.094, 291.12,  0.054, 257.24,-99.000, -99.00,-99.000, -99.00,-99.000, -99.00,-99.000, -99.00,
8/29/2006 05:45:00, 12.3,275.7,  0.6,  3.5, 18.661, 28.98,  0.0,  0.0,  0.075, 279.21,  0.103, 322.13,  0.108, 328.67,  0.119, 311.59,  0.104, 321.25,  0.065, 339.34,  0.107, 284.55,  0.172, 286.22,  0.103, 356.11,  0.014, 278.13,  0.030, 268.09,  0.038, 326.73,  0.023, 307.87,  0.075, 320.39,  0.052,  17.74,  0.059, 301.80,-99.000, -99.00,-99.000, -99.00,-99.000, -99.00,-99.000, -99.00,
8/29/2006 05:50:00, 12.3,275.7,  0.6,  3.5, 18.653, 28.98,  0.0,  0.0,  0.117, 204.81,  0.070, 332.70,  0.051, 256.50,  0.120, 331.73,  0.082,   1.40,  0.113, 300.18,  0.085, 332.84,  0.090,   1.27,  0.054,  19.44,  0.064, 281.66,  0.048, 309.04,  0.052, 267.80,  0.079, 297.22,  0.046, 251.18,  0.090, 247.72,  0.077, 252.73,-99.000, -99.00,-99.000, -99.00,-99.000, -99.00,-99.000, -99.00,
8/29/2006 05:55:00, 12.3,275.7,  0.6,  3.5, 18.662, 28.98,  0.0,  0.0,  0.084, 327.63,  0.078, 357.80,  0.197, 338.90,  0.101, 357.17,  0.205, 323.91,  0.166, 342.44,  0.296, 321.31,  0.243, 324.54,  0.212, 309.84,  0.057, 317.86,  0.155, 288.43,  0.085, 320.71,  0.082, 276.26,  0.062, 258.87,  0.116, 285.00,  0.134, 295.22,-99.000, -99.00,-99.000, -99.00,-99.000, -99.00,-99.000, -99.00,
8/29/2006 06:00:00, 12.3,275.9,  0.6,  3.5, 18.660, 28.99,  0.0,  0.0,  0.091, 197.84,  0.046, 306.12,  0.052, 327.53,  0.076, 305.36,  0.048, 347.99,  0.133, 319.86,  0.133, 348.27,  0.053,   0.00,  0.074, 356.13,  0.044, 287.20,  0.060, 292.69,  0.025,  99.09,  0.081, 257.86,  0.092, 261.87,  0.031,  37.23,  0.017, 287.35,-99.000, -99.00,-99.000, -99.00,-99.000, -99.00,-99.000, -99.00,
8/29/2006 06:05:00, 12.3,275.6,  0.6,  3.5, 18.666, 28.99,  0.0,  0.0,  0.041,  14.04,  0.112, 329.30,  0.140, 358.36,  0.124, 359.08,  0.024,   4.76,  0.040, 354.29,  0.045, 286.82,  0.051, 344.05,  0.118, 310.18,  0.108, 276.93,  0.025, 310.10,  0.044, 342.80,  0.070, 314.42,  0.045, 316.79,  0.084, 276.87,  0.046, 168.69,-99.000, -99.00,-99.000, -99.00,-99.000, -99.00,-99.000, -99.00,
8/29/2006 06:10:00, 12.3,275.7,  0.6,  3.5, 18.665, 28.99,  0.0,  0.0,  0.055, 318.72,  0.161, 321.56,  0.147, 305.86,  0.093,  20.19,  0.082, 345.96,  0.014,  17.10,  0.069, 355.03,  0.089, 325.06,  0.045, 309.64,  0.076, 332.76,  0.072, 311.04,  0.086, 303.14,  0.002, 153.43,  0.074, 282.53,  0.032, 302.20,  0.005, 158.20,-99.000, -99.00,-99.000, -99.00,-99.000, -99.00,-99.000, -99.00,
8/29/2006 06:15:00, 12.3,275.7,  0.6,  3.5, 18.660, 28.99,  0.0,  0.0,  0.132, 348.60,  0.116, 336.54,  0.087, 329.04,  0.133, 313.17,  0.119, 300.22,  0.098, 328.74,  0.085, 350.54,  0.080,   2.15,  0.128, 356.87,  0.056, 332.53,  0.021, 188.13,  0.076, 271.51,  0.088, 296.27,  0.130, 343.51,  0.055, 308.33,  0.038, 205.20,-99.000, -99.00,-99.000, -99.00,-99.000, -99.00,-99.000, -99.00,
8/29/2006 06:20:00, 12.3,275.7,  0.6,  3.5, 18.662, 29.00,  0.0,  0.0,  0.082, 325.92,  0.104,  13.37,  0.049,   1.17,  0.118, 340.18,  0.041, 330.95,  0.158, 342.37,  0.061,  68.03,  0.061, 347.77,  0.061,   0.00,  0.101, 300.38,  0.133, 296.76,  0.112, 293.13,  0.109, 304.13,  0.092, 309.73,  0.061, 267.18,  0.042, 263.21,-99.000, -99.00,-99.000, -99.00,-99.000, -99.00,-99.000, -99.00,
8/29/2006 06:25:00, 12.3,275.9,  0.6,  3.5, 18.666, 28.99,  0.0,  0.0,  0.088, 333.73,  0.111, 356.91,  0.100, 306.87,  0.057,   1.01,  0.142,   9.33,  0.213, 339.95,  0.060, 337.31,  0.128, 346.40,  0.036, 350.54,  0.038,  25.20,  0.084, 340.48,  0.102, 341.21,  0.007,  26.57,  0.039, 207.22,  0.037, 225.00,  0.052, 205.08,-99.000, -99.00,-99.000, -99.00,-99.000, -99.00,-99.000, -99.00,
8/29/2006 06:30:00, 12.3,275.7,  0.6,  3.5, 18.662, 28.99,  0.0,  0.0,  0.050, 300.17,  0.011, 236.31,  0.140, 349.73,  0.086,  24.78,  0.142, 330.55,  0.110, 334.13,  0.051, 316.59,  0.051, 335.46,  0.044, 291.32,  0.050, 323.13,  0.083, 270.69,  0.035, 258.37,  0.116, 293.26,  0.099, 303.05,  0.022, 219.47,  0.039, 180.00,-99.000, -99.00,-99.000, -99.00,-99.000, -99.00,-99.000, -99.00,
8/29/2006 06:35:00, 12.3,275.8,  0.6,  3.5, 18.661, 28.99,  0.0,  0.0,  0.101, 325.05,  0.266, 325.71,  0.076, 320.87,  0.089,   7.77,  0.123,   0.47,  0.088,   5.84,  0.065, 335.41,  0.109,  41.28,  0.074, 308.42,  0.119, 317.73,  0.067,   4.27,  0.032, 268.21,  0.091,  84.35,  0.053, 160.20,  0.112, 172.81,  0.072, 115.50,-99.000, -99.00,-99.000, -99.00,-99.000, -99.00,-99.000, -99.00,
8/29/2006 06:40:00, 12.3,275.8,  0.6,  3.5, 18.665, 28.98,  0.0,  0.0,  0.140, 322.23,  0.128, 332.03,  0.073, 306.09,  0.157, 319.40,  0.110,   7.84,  0.063, 321.48,  0.087, 336.37,  0.065,   1.76,  0.109,  59.22,  0.055, 341.90,  0.147, 279.01,  0.065, 262.98,  0.085, 254.33,  0.087, 300.40,  0.055, 301.68,  0.033,   3.47,-99.000, -99.00,-99.000, -99.00,-99.000, -99.00,-99.000, -99.00,
8/29/2006 06:45:00, 12.3,275.7,  0.6,  3.5, 18.672, 28.98,  0.0,  0.0,  0.132, 308.25,  0.046, 343.54,  0.095, 323.97,  0.144, 310.77,  0.142, 315.86,  0.125, 352.19,  0.089, 340.95,  0.137, 329.68,  0.127, 298.79,  0.030, 311.01,  0.091, 313.21,  0.018, 310.60,  0.071, 329.45,  0.042, 331.61,  0.062, 264.47,  0.023, 300.96,-99.000, -99.00,-99.000, -99.00,-99.000, -99.00,-99.000, -99.00,
8/29/2006 06:50:00, 12.3,275.8,  0.6,  3.5, 18.682, 28.98,  0.0,  0.0,  0.134, 336.30,  0.021, 250.71,  0.220, 297.38,  0.146, 344.92,  0.149, 290.02,  0.121, 309.99,  0.033, 331.11,  0.131, 323.04,  0.126, 328.96,  0.145,   0.79,  0.052, 325.10,  0.066, 246.91,  0.065, 281.48,  0.071, 297.65,  0.016,  79.38,  0.049, 282.91,-99.000, -99.00,-99.000, -99.00,-99.000, -99.00,-99.000, -99.00,
8/29/2006 06:55:00, 12.3,275.6,  0.6,  3.5, 18.677, 28.98,  0.0,  0.0,  0.071, 276.43,  0.057, 333.89,  0.122,   0.00,  0.107, 339.70,  0.081,   6.42,  0.123,  15.05,  0.097, 355.87,  0.039, 337.38,  0.110, 290.25,  0.110, 286.30,  0.093, 294.90,  0.052, 326.00,  0.047, 295.46,  0.124, 280.22,  0.060, 279.62,  0.032, 358.21,-99.000, -99.00,-99.000, -99.00,-99.000, -99.00,-99.000, -99.00,
8/29/2006 07:00:00, 12.3,275.7,  0.6,  3.5, 18.682, 28.98,  0.0,  0.0,  0.146, 267.65,  0.103, 337.17,  0.147, 356.50,  0.106, 324.96,  0.046, 331.19,  0.090, 339.96,  0.088, 337.23,  0.020, 252.47,  0.041, 315.00,  0.051, 325.38,  0.053,  16.39,  0.098, 324.53,  0.109, 353.14,  0.101, 352.03,  0.000,   0.00,  0.012,   4.76,-99.000, -99.00,-99.000, -99.00,-99.000, -99.00,-99.000, -99.00,
8/29/2006 07:05:00, 12.3,275.7,  0.6,  3.5, 18.687, 28.98,  0.0,  0.0,  0.078, 341.33,  0.150, 330.02,  0.009, 319.40,  0.101,   7.41,  0.087, 302.77,  0.069,  30.68,  0.045, 332.30,  0.105, 324.33,  0.069, 321.47,  0.143, 281.31,  0.049, 324.06,  0.070, 347.56,  0.128, 273.13,  0.080, 254.05,  0.070, 284.83,  0.054, 244.86,-99.000, -99.00,-99.000, -99.00,-99.000, -99.00,-99.000, -99.00,
8/29/2006 07:10:00, 12.3,275.6,  0.6,  3.5, 18.695, 28.98,  0.0,  0.0,  0.064, 295.77,  0.074, 320.49,  0.052, 312.65,  0.084, 318.88,  0.078, 355.60,  0.125,  14.37,  0.083,  19.75,  0.053, 349.11,  0.012, 175.24,  0.123, 282.23,  0.051, 288.43,  0.085, 327.06,  0.128, 315.32,  0.061,   0.00,  0.060, 285.42,  0.082, 213.50,-99.000, -99.00,-99.000, -99.00,-99.000, -99.00,-99.000, -99.00,
8/29/2006 07:15:00, 12.3,275.7,  0.6,  3.5, 18.687, 28.98,  0.0,  0.0,  0.043,   0.00,  0.135, 340.09,  0.047, 313.26,  0.146, 326.20,  0.086, 297.76,  0.049, 355.33,  0.097,   7.13,  0.103, 352.74,  0.178, 316.82,  0.091, 335.40,  0.147, 315.55,  0.097, 334.23,  0.049, 224.17,  0.126, 270.45,  0.140, 213.01,  0.071, 184.03,-99.000, -99.00,-99.000, -99.00,-99.000, -99.00,-99.000, -99.00,
8/29/2006 07:20:00, 12.3,275.7,  0.6,  3.5, 18.692, 28.98,  0.0,  0.0,  0.013,  26.57,  0.120,   5.28,  0.123, 312.37,  0.093,  48.06,  0.052,  11.09,  0.057,   1.01,  0.055,  13.78,  0.060, 288.43,  0.069,  33.69,  0.053, 304.29,  0.098, 300.76,  0.067, 310.79,  0.080, 270.00,  0.124, 252.59,  0.054, 262.61,  0.101, 306.98,-99.000, -99.00,-99.000, -99.00,-99.000, -99.00,-99.000, -99.00,
8/29/2006 07:25:00, 12.3,275.6,  0.6,  3.5, 18.705, 28.98,  0.0,  0.0,  0.069,  22.11,  0.187, 322.39,  0.081, 339.78,  0.056,  12.31,  0.089, 338.32,  0.031,  14.93,  0.028, 347.47,  0.061, 333.85,  0.066, 351.25,  0.091, 318.58,  0.049, 350.54,  0.146, 321.95,  0.123, 315.00,  0.102, 246.21,  0.087, 290.94,  0.048, 324.32,-99.000, -99.00,-99.000, -99.00,-99.000, -99.00,-99.000, -99.00,
8/29/2006 07:30:00, 12.3,275.7,  0.6,  3.5, 18.707, 28.98,  0.0,  0.0,  0.079, 293.96,  0.147, 349.83,  0.143,   0.00,  0.087,  30.96,  0.115, 346.45,  0.089, 348.94,  0.118, 352.69,  0.084, 345.47,  0.041, 307.15,  0.051,  28.07,  0.071, 359.19,  0.128, 288.72,  0.085, 294.44,  0.064, 335.04,  0.015, 285.95,  0.049, 150.83,-99.000, -99.00,-99.000, -99.00,-99.000, -99.00,-99.000, -99.00,
8/29/2006 07:35:00, 12.3,275.6,  0.6,  3.5, 18.711, 28.98,  0.0,  0.0,  0.075,  12.36,  0.053, 344.65,  0.114, 303.55,  0.108,  12.24,  0.097, 340.07,  0.107, 299.21,  0.050, 358.85,  0.114, 306.06,  0.155, 315.26,  0.084, 281.71,  0.102, 323.35,  0.139, 301.18,  0.006, 251.57,  0.009, 180.00,  0.096, 113.90,  0.046, 163.54,-99.000, -99.00,-99.000, -99.00,-99.000, -99.00,-99.000, -99.00,
8/29/2006 07:40:00, 12.3,275.6,  0.6,  3.5, 18.716, 28.99,  0.0,  0.0,  0.133, 344.71,  0.137, 354.54,  0.203, 358.03,  0.165, 350.25,  0.129, 343.81,  0.047, 333.43,  0.110,   0.00,  0.074, 347.47,  0.037, 271.55,  0.006, 321.34,  0.048, 223.32,  0.098, 255.26,  0.056,  58.86,  0.105,  71.74,  0.032,  41.19,  0.079, 345.26,-99.000, -99.00,-99.000, -99.00,-99.000, -99.00,-99.000, -99.00,
8/29/2006 07:45:00, 12.3,275.6,  0.6,  3.5, 18.721, 28.99,  0.0,  0.0,  0.080,  20.47,  0.233, 338.61,  0.122,  10.85,  0.136, 356.21,  0.157, 335.07,  0.069, 341.30,  0.094,  16.11,  0.075,   3.05,  0.097, 316.25,  0.057, 342.53,  0.129, 313.11,  0.149, 312.82,  0.127, 338.28,  0.109, 292.09,  0.082, 184.18,  0.044, 157.48,-99.000, -99.00,-99.000, -99.00,-99.000, -99.00,-99.000, -99.00,
8/29/2006 07:50:00, 12.3,275.7,  0.6,  3.5, 18.723, 28.99,  0.0,  0.0,  0.123,   5.11,  0.205, 331.43,  0.107, 357.32,  0.147,   5.87,  0.141, 347.74,  0.104,   1.10,  0.125, 323.13,  0.105, 328.57,  0.181, 330.61,  0.094, 352.65,  0.126, 316.93,  0.073, 285.95,  0.088, 268.05,  0.064,   2.68,  0.053, 299.48,  0.036,  31.50,-99.000, -99.00,-99.000, -99.00,-99.000, -99.00,-99.000, -99.00,
8/29/2006 07:55:00, 12.3,275.7,  0.6,  3.5, 18.739, 28.99,  0.0,  0.0,  0.149, 342.42,  0.212, 326.76,  0.111, 339.93,  0.053, 348.06,  0.094, 331.24,  0.129,   6.24,  0.114, 307.87,  0.081, 326.11,  0.089, 333.15,  0.105, 304.14,  0.183, 321.00,  0.082,  14.04,  0.025, 251.57,  0.046, 274.97,  0.029, 264.09,  0.080,  18.89,-99.000, -99.00,-99.000, -99.00,-99.000, -99.00,-99.000, -99.00,
8/29/2006 08:00:00, 12.3,275.6,  0.6,  3.5, 18.742, 29.00,  0.0,  0.0,  0.170, 334.64,  0.183, 338.90,  0.092, 351.87,  0.132,  44.08,  0.146, 357.26,  0.044, 337.48,  0.074, 298.98,  0.020, 293.96,  0.056, 326.59,  0.064, 307.41,  0.125, 323.77,  0.118, 326.04,  0.037,   1.55,  0.048,  24.44,  0.147, 120.56,  0.076, 200.82,-99.000, -99.00,-99.000, -99.00,-99.000, -99.00,-99.000, -99.00,
8/29/2006 08:05:00, 12.3,275.6,  0.6,  3.5, 18.747, 29.01,  0.0,  0.0,  0.084,  12.38,  0.299, 350.95,  0.230, 349.72,  0.119,   0.00,  0.116, 321.65,  0.097,   0.00,  0.106, 324.21,  0.121, 359.05,  0.139, 337.66,  0.135, 328.89,  0.128, 336.45,  0.095, 266.39,  0.071, 274.03,  0.051, 117.07,  0.069, 139.13,  0.053, 172.48,-99.000, -99.00,-99.000, -99.00,-99.000, -99.00,-99.000, -99.00,
8/29/2006 08:10:00, 12.3,275.7,  0.6,  3.5, 18.752, 29.02,  0.0,  0.0,  0.144,  17.81,  0.228, 336.80,  0.146, 340.45,  0.121, 329.85,  0.059,   0.97,  0.125, 290.61,  0.066, 305.13,  0.070, 313.26,  0.086, 332.24,  0.098,  12.34,  0.087, 310.82,  0.080, 262.79,  0.062, 299.86,  0.042,  11.04,  0.047, 117.65,  0.039, 207.22,-99.000, -99.00,-99.000, -99.00,-99.000, -99.00,-99.000, -99.00,
8/29/2006 08:15:00, 12.3,275.7,  0.6,  3.5, 18.756, 29.02,  0.0,  0.0,  0.046, 287.65,  0.299, 325.62,  0.192, 333.43,  0.027, 105.07,  0.087, 334.90,  0.041, 289.75,  0.040,   0.00,  0.146, 326.42,  0.045,   7.59,  0.119,   2.89,  0.093, 313.69,  0.045, 304.05,  0.031, 127.23,  0.053, 169.11,  0.060,  96.65,  0.038, 203.20,-99.000, -99.00,-99.000, -99.00,-99.000, -99.00,-99.000, -99.00,
8/29/2006 08:20:00, 12.3,275.7,  0.6,  3.5, 18.754, 29.02,  0.0,  0.0,  0.050,  69.04,  0.181, 342.27,  0.142, 322.73,  0.159, 336.99,  0.127, 335.85,  0.097, 326.31,  0.133, 344.71,  0.072, 330.95,  0.019, 344.48,  0.164, 330.47,  0.089, 334.01,  0.045, 323.13,  0.099, 201.91,  0.042, 160.71,  0.007, 254.05,  0.009, 282.53,-99.000, -99.00,-99.000, -99.00,-99.000, -99.00,-99.000, -99.00,
8/29/2006 08:25:00, 12.3,275.6,  0.6,  3.5, 18.765, 29.03,  0.0,  0.0,  0.090,  29.43,  0.120, 327.89,  0.063,  13.82,  0.071,   9.73,  0.104, 343.83,  0.128, 340.86,  0.065, 352.98,  0.089,   5.77,  0.101,   6.28,  0.141,  12.66,  0.237,  39.00,  0.254,  39.57,  0.169,  18.65,  0.210,  54.11,  0.174,  64.47,  0.158,  39.85,-99.000, -99.00,-99.000, -99.00,-99.000, -99.00,-99.000, -99.00,
8/29/2006 08:30:00, 12.3,275.5,  0.6,  3.5, 18.764, 29.03,  0.0,  0.0,  0.116, 281.99,  0.197, 340.74,  0.021, 284.04,  0.074,   4.64,  0.116, 359.51,  0.111, 314.64,  0.115, 307.96,  0.055, 334.36,  0.087, 331.07,  0.134, 356.16,  0.127, 335.26,  0.023, 113.20,  0.034, 157.25,  0.047, 125.39,  0.108, 134.63,  0.036,  41.63,-99.000, -99.00,-99.000, -99.00,-99.000, -99.00,-99.000, -99.00,
8/29/2006 08:35:00, 12.3,275.6,  0.6,  3.5, 18.771, 29.02,  0.0,  0.0,  0.086, 216.47,  0.154, 325.59,  0.185, 337.74,  0.130, 319.69,  0.149, 332.06,  0.177, 329.09,  0.106, 330.52,  0.049, 340.82,  0.073,  27.61,  0.096,   9.56,  0.064,  29.74,  0.009, 212.01,  0.019, 222.88,  0.038,  18.43,  0.129, 120.13,  0.042, 164.98,-99.000, -99.00,-99.000, -99.00,-99.000, -99.00,-99.000, -99.00,
8/29/2006 08:40:00, 12.3,275.7,  0.6,  3.5, 18.786, 29.02,  0.0,  0.0,  0.062,  68.37,  0.181, 343.66,  0.083, 357.93,  0.065, 320.65,  0.092, 334.83,  0.143, 328.76,  0.081, 345.62,  0.198, 355.07,  0.154,  10.87,  0.111, 349.09,  0.069, 287.65,  0.054, 311.99,  0.028,  25.64,  0.004,   0.00,  0.083, 111.29,  0.024, 150.26,-99.000, -99.00,-99.000, -99.00,-99.000, -99.00,-99.000, -99.00,
8/29/2006 08:45:00, 12.3,275.7,  0.6,  3.5, 18.794, 29.02,  0.0,  0.0,  0.034, 163.14,  0.070, 285.83,  0.167, 354.84,  0.132, 289.54,  0.052, 323.57,  0.075, 348.39,  0.109, 354.76,  0.114, 339.50,  0.032, 338.20,  0.078, 356.33,  0.037,  83.83,  0.028, 165.47,  0.067, 186.81,  0.084, 129.19,  0.134, 124.64,  0.058, 177.04,-99.000, -99.00,-99.000, -99.00,-99.000, -99.00,-99.000, -99.00,
8/29/2006 08:50:00, 12.3,275.6,  0.6,  3.5, 18.795, 29.02,  0.0,  0.0,  0.095,   7.28,  0.189, 343.39,  0.084, 347.62,  0.023, 239.04,  0.062, 277.47,  0.097, 324.67,  0.112, 351.29,  0.057, 310.71,  0.098, 307.57,  0.022,   5.19,  0.079, 303.69,  0.102, 342.98,  0.134,  96.43,  0.120, 119.33,  0.050, 117.60,  0.061, 190.39,-99.000, -99.00,-99.000, -99.00,-99.000, -99.00,-99.000, -99.00,
8/29/2006 08:55:00, 12.3,275.7,  0.6,  3.5, 18.813, 29.03,  0.0,  0.0,  0.113, 312.85,  0.164, 327.18,  0.118, 326.45,  0.090, 333.72,  0.120, 312.63,  0.102, 320.19,  0.093, 309.33,  0.125, 273.66,  0.137, 296.00,  0.084, 285.20,  0.121, 306.59,  0.097, 305.81,  0.044,  67.48,  0.025, 191.77,  0.082, 126.59,  0.017, 339.44,-99.000, -99.00,-99.000, -99.00,-99.000, -99.00,-99.000, -99.00,
8/29/2006 09:00:00, 12.3,275.7,  0.6,  3.5, 18.809, 29.03,  0.0,  0.0,  0.111,  26.10,  0.242, 326.97,  0.090, 354.92,  0.103,  12.95,  0.144, 317.81,  0.034, 270.00,  0.048, 261.53,  0.051, 342.98,  0.056, 295.20,  0.080, 310.45,  0.038, 262.50,  0.106, 213.09,  0.049, 113.96,  0.042, 124.44,  0.029, 107.82,  0.065, 223.75,-99.000, -99.00,-99.000, -99.00,-99.000, -99.00,-99.000, -99.00,
8/29/2006 09:05:00, 12.3,275.7,  0.6,  3.5, 18.815, 29.03,  0.0,  0.0,  0.054, 142.50,  0.157, 342.14,  0.216, 332.49,  0.054, 159.57,  0.076, 337.50,  0.050, 325.67,  0.087, 310.31,  0.095, 240.48,  0.052, 289.13,  0.076, 302.64,  0.065, 293.43,  0.086, 234.46,  0.021,  95.44,  0.069, 103.43,  0.077, 130.28,  0.014,  68.96,-99.000, -99.00,-99.000, -99.00,-99.000, -99.00,-99.000, -99.00,
8/29/2006 09:10:00, 12.3,275.7,  0.6,  3.5, 18.820, 29.02,  0.0,  0.0,  0.156,  22.28,  0.219, 336.84,  0.165, 353.05,  0.026, 300.58,  0.146, 358.82,  0.113,  15.88,  0.100, 336.50,  0.130, 317.82,  0.085, 322.18,  0.054, 357.88,  0.049, 285.46,  0.032, 268.21,  0.128, 291.13,  0.025, 118.61,  0.100, 121.16,  0.053, 219.67,-99.000, -99.00,-99.000, -99.00,-99.000, -99.00,-99.000, -99.00,
8/29/2006 09:15:00, 12.3,275.6,  0.6,  3.5, 18.830, 29.02,  0.0,  0.0,  0.159, 352.43,  0.208, 280.50,  0.245,   4.45,  0.093, 335.91,  0.071, 342.84,  0.043,  52.59,  0.079, 310.36,  0.051, 280.20,  0.016, 266.42,  0.009,   0.00,  0.053, 263.54,  0.067, 193.83,  0.050, 116.05,  0.028, 276.12,  0.004,  90.00,  0.063, 185.44,-99.000, -99.00,-99.000, -99.00,-99.000, -99.00,-99.000, -99.00,
8/29/2006 09:20:00, 12.3,275.6,  0.6,  3.5, 18.841, 29.02,  0.0,  0.0,  0.168, 338.77,  0.226, 335.70,  0.158, 358.55,  0.061,  11.31,  0.151, 305.05,  0.086, 336.71,  0.194, 323.37,  0.112, 289.90,  0.072, 288.69,  0.090, 305.10,  0.102, 284.72,  0.013, 221.99,  0.040,  63.43,  0.072,  65.56,  0.111, 104.04,  0.062, 163.03,-99.000, -99.00,-99.000, -99.00,-99.000, -99.00,-99.000, -99.00,
8/29/2006 09:25:00, 12.3,275.6,  0.6,  3.5, 18.850, 29.02,  0.0,  0.0,  0.328, 355.28,  0.149, 291.59,  0.171, 351.25,  0.062, 333.02,  0.130,   1.76,  0.140, 301.88,  0.128, 276.29,  0.048, 289.57,  0.141, 292.56,  0.087, 339.06,  0.068, 235.84,  0.054, 234.83,  0.069, 129.70,  0.062, 233.50,  0.045,  82.41,  0.103, 232.47,-99.000, -99.00,-99.000, -99.00,-99.000, -99.00,-99.000, -99.00,
8/29/2006 09:30:00, 12.3,275.5,  0.6,  3.5, 18.863, 29.02,  0.0,  0.0,  0.175, 337.53,  0.221, 343.20,  0.136, 339.30,  0.018,  47.29,  0.050,   0.00,  0.044, 305.84,  0.124, 293.87,  0.161, 298.64,  0.078, 253.65,  0.142, 289.33,  0.041,   8.33,  0.089, 121.18,  0.044, 210.07,  0.087, 146.67,  0.060,  80.38,  0.073, 170.54,-99.000, -99.00,-99.000, -99.00,-99.000, -99.00,-99.000, -99.00,
8/29/2006 09:35:00, 12.3,275.7,  0.6,  3.5, 18.860, 29.02,  0.0,  0.0,  0.175, 340.63,  0.127, 339.71,  0.202,  12.87,  0.144, 353.62,  0.121, 303.16,  0.150, 310.68,  0.148, 308.42,  0.075, 304.74,  0.030, 287.24,  0.047,  77.74,  0.103, 276.16,  0.049, 194.04,  0.101, 119.60,  0.099,  95.83,  0.075,  55.26,  0.034, 319.76,-99.000, -99.00,-99.000, -99.00,-99.000, -99.00,-99.000, -99.00,
8/29/2006 09:40:00, 12.3,275.6,  0.6,  3.5, 18.868, 29.02,  0.0,  0.0,  0.143, 351.13,  0.157, 333.60,  0.190, 341.57,  0.104, 345.56,  0.097, 287.32,  0.176, 305.31,  0.160, 303.29,  0.059, 301.80,  0.059, 293.07,  0.023, 293.20,  0.024, 135.00,  0.024,  90.00,  0.054, 340.56,  0.076, 122.64,  0.124, 105.95,  0.132, 160.46,-99.000, -99.00,-99.000, -99.00,-99.000, -99.00,-99.000, -99.00,
8/29/2006 09:45:00, 12.3,275.7,  0.6,  3.5, 18.879, 29.02,  0.0,  0.0,  0.225, 342.69,  0.135,   1.27,  0.106, 336.59,  0.125, 299.63,  0.215, 322.76,  0.130, 332.06,  0.152, 308.31,  0.054, 306.03,  0.056, 304.82,  0.035,  49.57,  0.069, 323.30,  0.072,  21.21,  0.071,  78.69,  0.079,  90.73,  0.054, 104.04,  0.078, 240.16,-99.000, -99.00,-99.000, -99.00,-99.000, -99.00,-99.000, -99.00,
8/29/2006 09:50:00, 12.3,275.6,  0.6,  3.5, 18.878, 29.02,  0.0,  0.0,  0.229, 338.24,  0.173, 308.19,  0.133, 359.57,  0.034, 176.63,  0.090,  11.56,  0.135, 328.31,  0.148, 299.17,  0.109, 306.76,  0.069, 276.61,  0.008, 315.00,  0.015,  31.61,  0.067, 339.94,  0.058, 313.60,  0.055, 262.75,  0.032, 131.19,  0.121, 237.49,-99.000, -99.00,-99.000, -99.00,-99.000, -99.00,-99.000, -99.00,
8/29/2006 09:55:00, 12.3,275.7,  0.6,  3.5, 18.879, 29.01,  0.0,  0.0,  0.096, 315.84,  0.140, 331.98,  0.146, 346.15,  0.133, 334.20,  0.126, 327.32,  0.112, 327.72,  0.136, 310.83,  0.110, 312.06,  0.051,  26.57,  0.020, 351.47,  0.054, 327.20,  0.052,  19.13,  0.063, 311.78,  0.057,  70.62,  0.096,  85.83,  0.129, 184.87,-99.000, -99.00,-99.000, -99.00,-99.000, -99.00,-99.000, -99.00,
8/29/2006 10:00:00, 12.3,275.6,  0.6,  3.5, 18.892, 29.01,  0.0,  0.0,  0.147, 347.01,  0.089, 329.70,  0.100, 354.29,  0.153, 328.59,  0.172, 342.09,  0.069, 274.14,  0.123, 302.01,  0.057, 347.91,  0.099, 338.09,  0.080, 270.00,  0.061, 320.31,  0.071,  13.06,  0.057, 333.89,  0.016, 330.26,  0.093, 105.52,  0.015, 246.80,-99.000, -99.00,-99.000, -99.00,-99.000, -99.00,-99.000, -99.00,
8/29/2006 10:05:00, 12.3,275.7,  0.6,  3.5, 18.896, 29.01,  0.0,  0.0,  0.090, 336.30,  0.221, 328.10,  0.184,   6.55,  0.155, 338.75,  0.110,  11.51,  0.081, 344.25,  0.074, 291.37,  0.042, 328.57,  0.052, 285.64,  0.047,   8.65,  0.063, 355.46,  0.024,  62.35,  0.052, 339.83,  0.064,  65.04,  0.039,  16.56,  0.049,   5.83,-99.000, -99.00,-99.000, -99.00,-99.000, -99.00,-99.000, -99.00,
8/29/2006 10:10:00, 12.3,275.6,  0.6,  3.5, 18.896, 29.01,  0.0,  0.0,  0.252, 351.10,  0.149, 327.91,  0.171,   2.01,  0.030, 350.54,  0.105, 318.87,  0.122, 340.82,  0.132, 347.33,  0.164, 312.04,  0.115, 318.53,  0.130, 325.94,  0.095, 336.41,  0.114,   4.51,  0.147,   3.12,  0.066, 294.23,  0.013, 151.39,  0.034, 168.02,-99.000, -99.00,-99.000, -99.00,-99.000, -99.00,-99.000, -99.00,
8/29/2006 10:15:00, 12.3,275.7,  0.6,  3.5, 18.912, 29.01,  0.0,  0.0,  0.049, 299.17,  0.073, 327.83,  0.122, 348.69,  0.160, 333.60,  0.135, 331.73,  0.093, 343.12,  0.094, 293.28,  0.098, 274.67,  0.156, 269.63,  0.142, 283.84,  0.060, 319.09,  0.149, 312.02,  0.083, 298.72,  0.068, 342.90,  0.028,   6.12,  0.021,  98.13,-99.000, -99.00,-99.000, -99.00,-99.000, -99.00,-99.000, -99.00,
8/29/2006 10:20:00, 12.3,275.7,  0.6,  3.5, 18.919, 29.01,  0.0,  0.0,  0.018, 340.56,  0.122, 308.66,  0.097, 337.65,  0.096,   7.79,  0.097, 355.29,  0.100, 317.84,  0.106, 319.57,  0.146, 337.83,  0.086, 326.86,  0.070,   0.00,  0.038, 282.20,  0.039, 272.94,  0.056, 334.80,  0.052, 305.54,  0.078, 324.89,  0.014, 306.03,-99.000, -99.00,-99.000, -99.00,-99.000, -99.00,-99.000, -99.00,
8/29/2006 10:25:00, 12.3,275.7,  0.6,  3.5, 18.919, 29.02,  0.0,  0.0,  0.171, 322.59,  0.171, 322.59,  0.095, 326.65,  0.104, 302.47,  0.127, 316.27,  0.161, 316.01,  0.111,   0.00,  0.113, 323.64,  0.091, 331.19,  0.224, 334.01,  0.067, 344.52,  0.023, 221.42,  0.127, 328.57,  0.088, 330.82,  0.070, 274.09,  0.069, 252.35,-99.000, -99.00,-99.000, -99.00,-99.000, -99.00,-99.000, -99.00,
8/29/2006 10:30:00, 12.3,275.8,  0.6,  3.5, 18.922, 29.02,  0.0,  0.0,  0.175, 350.11,  0.013,  67.38,  0.149, 328.44,  0.082, 336.25,  0.098, 343.97,  0.112, 340.76,  0.052, 309.52,  0.113, 295.20,  0.056, 293.33,  0.134, 289.11,  0.143, 264.77,  0.088, 277.21,  0.097, 277.13,  0.103, 303.07,  0.119, 323.90,  0.119, 278.20,-99.000, -99.00,-99.000, -99.00,-99.000, -99.00,-99.000, -99.00,
8/29/2006 10:35:00, 12.3,275.7,  0.6,  3.5, 18.940, 29.02,  0.0,  0.0,  0.059, 315.69,  0.089, 136.82,  0.091, 303.34,  0.128, 346.40,  0.127, 338.70,  0.172, 306.47,  0.184, 288.04,  0.211, 293.77,  0.185, 307.30,  0.114, 253.16,  0.227, 301.09,  0.098, 305.47,  0.181, 309.40,  0.201, 305.67,  0.196, 325.82,  0.098, 332.13,-99.000, -99.00,-99.000, -99.00,-99.000, -99.00,-99.000, -99.00,
8/29/2006 10:40:00, 12.3,275.7,  0.6,  3.5, 18.935, 29.02,  0.0,  0.0,  0.040, 341.11,  0.018, 310.60,  0.172, 328.52,  0.191, 296.43,  0.187, 347.97,  0.182, 324.83,  0.235, 341.64,  0.185, 308.42,  0.135, 321.94,  0.103, 312.24,  0.113, 318.24,  0.101, 310.97,  0.110, 295.40,  0.102, 320.99,  0.200, 317.84,  0.166, 317.45,-99.000, -99.00,-99.000, -99.00,-99.000, -99.00,-99.000, -99.00,
8/29/2006 10:45:00, 12.3,275.6,  0.6,  3.5, 18.946, 29.02,  0.0,  0.0,  0.145, 327.95,  0.136, 327.95,  0.098, 351.21,  0.202, 310.39,  0.141, 318.16,  0.123, 310.40,  0.176, 278.82,  0.186, 301.39,  0.197, 308.61,  0.176, 275.55,  0.133, 282.99,  0.149, 307.10,  0.200, 285.63,  0.081, 276.34,  0.104, 276.65,  0.099, 217.22,-99.000, -99.00,-99.000, -99.00,-99.000, -99.00,-99.000, -99.00,
8/29/2006 10:50:00, 12.3,275.8,  0.6,  3.5, 18.946, 29.02,  0.0,  0.0,  0.066,  18.43,  0.042, 225.00,  0.128, 335.04,  0.077, 315.53,  0.130, 283.39,  0.121, 293.39,  0.100, 325.20,  0.150, 312.30,  0.159, 277.98,  0.102, 261.55,  0.190, 261.53,  0.155, 266.31,  0.137, 258.20,  0.127, 287.43,  0.040,  56.31,  0.073, 222.22,-99.000, -99.00,-99.000, -99.00,-99.000, -99.00,-99.000, -99.00,
8/29/2006 10:55:00, 12.3,275.6,  0.6,  3.5, 18.934, 29.02,  0.0,  0.0,  0.209, 290.43,  0.137, 307.87,  0.136, 334.37,  0.109, 289.94,  0.148, 307.02,  0.135, 310.79,  0.114, 287.80,  0.128, 299.58,  0.212, 322.10,  0.094, 298.76,  0.153, 296.06,  0.090, 290.85,  0.098, 287.15,  0.089, 247.48,  0.134, 308.33,  0.029, 347.91,-99.000, -99.00,-99.000, -99.00,-99.000, -99.00,-99.000, -99.00,
8/29/2006 11:00:00, 12.3,275.7,  0.6,  3.5, 18.943, 29.02,  0.0,  0.0,  0.177, 345.57,  0.051, 344.05,  0.242, 340.97,  0.199, 358.27,  0.186, 357.23,  0.209, 336.62,  0.186, 324.43,  0.150, 349.22,  0.234, 330.26,  0.267, 333.72,  0.103, 339.44,  0.122, 347.22,  0.181, 327.63,  0.201,   0.57,  0.225, 344.30,  0.075, 301.36,-99.000, -99.00,-99.000, -99.00,-99.000, -99.00,-99.000, -99.00,
8/29/2006 11:05:00, 12.3,275.7,  0.6,  3.5, 18.944, 29.02,  0.0,  0.0,  0.222, 332.40,  0.212, 338.40,  0.267, 342.58,  0.176, 323.78,  0.146, 315.28,  0.136, 315.30,  0.089, 329.70,  0.092, 283.88,  0.114, 306.77,  0.052, 324.46,  0.100, 290.42,  0.181, 320.84,  0.105, 303.69,  0.169, 288.33,  0.175, 296.13,  0.078, 239.16,-99.000, -99.00,-99.000, -99.00,-99.000, -99.00,-99.000, -99.00,
8/29/2006 11:10:00, 12.3,275.7,  0.6,  3.5, 18.953, 29.02,  0.0,  0.0,  0.207, 346.30,  0.118, 324.97,  0.240, 315.00,  0.199, 337.18,  0.133, 315.00,  0.126, 346.18,  0.117, 305.99,  0.068, 313.81,  0.118, 333.22,  0.225, 301.57,  0.148, 280.93,  0.090, 244.29,  0.117, 262.63,  0.168, 281.64,  0.125, 298.21,  0.113, 239.56,-99.000, -99.00,-99.000, -99.00,-99.000, -99.00,-99.000, -99.00,
8/29/2006 11:15:00, 12.3,275.7,  0.6,  3.5, 18.960, 29.02,  0.0,  0.0,  0.097, 320.88,  0.150, 306.03,  0.161, 333.43,  0.222, 294.25,  0.134, 315.91,  0.165, 310.34,  0.163, 291.21,  0.145, 295.33,  0.173, 280.66,  0.182, 307.18,  0.211, 296.81,  0.195, 287.04,  0.204, 291.54,  0.197, 293.70,  0.228, 307.17,  0.076, 303.69,-99.000, -99.00,-99.000, -99.00,-99.000, -99.00,-99.000, -99.00,
8/29/2006 11:20:00, 12.3,275.7,  0.6,  3.5, 18.959, 29.02,  0.0,  0.0,  0.213, 348.06,  0.177, 311.79,  0.175, 307.33,  0.193, 298.82,  0.214, 297.28,  0.219, 278.13,  0.227, 277.09,  0.188, 293.56,  0.283, 276.70,  0.157, 276.58,  0.131, 264.29,  0.233, 290.07,  0.215, 288.18,  0.166, 298.11,  0.154, 311.85,  0.102, 241.43,-99.000, -99.00,-99.000, -99.00,-99.000, -99.00,-99.000, -99.00,
8/29/2006 11:25:00, 12.3,275.7,  0.6,  3.5, 18.969, 29.02,  0.0,  0.0,  0.272, 329.47,  0.298, 314.59,  0.212, 312.89,  0.171, 317.37,  0.216, 316.12,  0.184, 309.49,  0.238, 313.98,  0.197, 307.16,  0.195, 289.83,  0.174, 288.75,  0.201, 280.30,  0.182, 290.92,  0.221, 288.76,  0.166, 292.25,  0.161, 302.61,  0.074, 277.03,-99.000, -99.00,-99.000, -99.00,-99.000, -99.00,-99.000, -99.00,
8/29/2006 11:30:00, 12.3,275.8,  0.6,  3.5, 18.974, 29.03,  0.0,  0.0,  0.184, 319.64,  0.152, 303.48,  0.173, 306.54,  0.278, 325.11,  0.234, 302.81,  0.182, 290.92,  0.235, 289.67,  0.195, 314.17,  0.220, 306.87,  0.225, 308.14,  0.093, 282.99,  0.154, 242.10,  0.134, 257.52,  0.069, 249.73,  0.079, 197.74,  0.066, 192.34,-99.000, -99.00,-99.000, -99.00,-99.000, -99.00,-99.000, -99.00,
8/29/2006 11:35:00, 12.3,275.7,  0.6,  3.5, 18.989, 29.03,  0.0,  0.0,  0.172, 312.88,  0.123, 286.07,  0.219, 307.97,  0.234, 312.41,  0.225, 302.49,  0.173, 313.36,  0.262, 302.54,  0.181, 295.57,  0.167, 288.54,  0.273, 303.52,  0.302, 277.03,  0.209, 279.37,  0.228, 274.78,  0.211, 279.02,  0.217, 283.33,  0.136, 203.92,-99.000, -99.00,-99.000, -99.00,-99.000, -99.00,-99.000, -99.00,
8/29/2006 11:40:00, 12.3,275.8,  0.6,  3.5, 18.987, 29.03,  0.0,  0.0,  0.300, 323.13,  0.209, 313.64,  0.247, 332.30,  0.228, 324.29,  0.177, 317.29,  0.315, 327.32,  0.300, 325.20,  0.194, 323.37,  0.252, 315.32,  0.262, 303.33,  0.262, 293.43,  0.264, 288.78,  0.235, 275.13,  0.214, 272.14,  0.126, 305.96,  0.137, 225.00,-99.000, -99.00,-99.000, -99.00,-99.000, -99.00,-99.000, -99.00,
8/29/2006 11:45:00, 12.3,275.7,  0.6,  3.5, 18.991, 29.03,  0.0,  0.0,  0.261, 328.02,  0.153, 290.34,  0.234, 315.87,  0.228, 323.73,  0.324, 321.26,  0.231, 314.47,  0.246, 301.68,  0.289, 305.12,  0.291, 289.68,  0.238, 306.29,  0.262, 281.22,  0.251, 275.03,  0.302, 287.72,  0.210, 295.96,  0.169, 316.68,  0.130, 270.44,-99.000, -99.00,-99.000, -99.00,-99.000, -99.00,-99.000, -99.00,
8/29/2006 11:50:00, 12.3,275.7,  0.6,  3.5, 18.990, 29.03,  0.0,  0.0,  0.202, 313.59,  0.213, 324.37,  0.259, 305.41,  0.180, 317.70,  0.181, 308.96,  0.239, 298.71,  0.231, 305.48,  0.215, 289.28,  0.220, 279.16,  0.246, 295.52,  0.242, 285.59,  0.293, 282.61,  0.165, 298.28,  0.252, 307.60,  0.317, 301.74,  0.113, 253.01,-99.000, -99.00,-99.000, -99.00,-99.000, -99.00,-99.000, -99.00,
8/29/2006 11:55:00, 12.3,275.8,  0.6,  3.5, 19.000, 29.03,  0.0,  0.0,  0.305, 315.00,  0.232, 317.44,  0.224, 313.55,  0.191, 296.70,  0.220, 320.73,  0.229, 304.87,  0.211, 315.77,  0.192, 308.01,  0.243, 287.47,  0.293, 285.22,  0.266, 274.10,  0.228, 273.01,  0.312, 281.27,  0.295, 280.17,  0.216, 301.92,  0.094, 341.95,-99.000, -99.00,-99.000, -99.00,-99.000, -99.00,-99.000, -99.00,
8/29/2006 12:00:00, 12.3,275.7,  0.6,  3.5, 18.997, 29.03,  0.0,  0.0,  0.222, 311.72,  0.211, 312.31,  0.253, 317.73,  0.199, 324.63,  0.193, 307.23,  0.206, 310.48,  0.242, 306.59,  0.293, 302.17,  0.277, 283.99,  0.266, 307.82,  0.309, 310.40,  0.340, 294.68,  0.257, 308.21,  0.238, 311.59,  0.271, 308.10,  0.143, 287.04,-99.000, -99.00,-99.000, -99.00,-99.000, -99.00,-99.000, -99.00,
8/29/2006 12:05:00, 12.3,275.7,  0.6,  3.5, 18.999, 29.03,  0.0,  0.0,  0.203, 335.21,  0.268, 303.57,  0.179, 297.28,  0.298, 308.45,  0.223, 294.04,  0.266, 323.09,  0.245, 285.17,  0.238, 310.39,  0.181, 295.86,  0.153, 295.22,  0.186, 308.66,  0.252, 287.79,  0.266, 295.60,  0.193, 322.36,  0.233, 319.88,  0.139, 272.06,-99.000, -99.00,-99.000, -99.00,-99.000, -99.00,-99.000, -99.00,
8/29/2006 12:10:00, 12.3,275.7,  0.6,  3.5, 18.999, 29.03,  0.0,  0.0,  0.168, 334.65,  0.229, 291.76,  0.213, 301.98,  0.227, 284.83,  0.284, 304.53,  0.240, 296.99,  0.137, 308.20,  0.142, 275.27,  0.121, 294.87,  0.142, 303.24,  0.223, 284.29,  0.255, 290.42,  0.190, 300.76,  0.238, 282.11,  0.207, 281.69,  0.084, 272.73,-99.000, -99.00,-99.000, -99.00,-99.000, -99.00,-99.000, -99.00,
8/29/2006 12:15:00, 12.3,275.8,  0.6,  3.5, 19.003, 29.04,  0.0,  0.0,  0.184, 311.92,  0.146, 259.31,  0.061, 257.77,  0.133, 283.51,  0.261, 273.29,  0.176, 272.28,  0.169, 302.19,  0.274, 277.54,  0.274, 283.28,  0.265, 280.00,  0.247, 288.43,  0.194, 278.30,  0.222, 274.40,  0.233, 279.14,  0.208, 278.01,  0.141, 248.73,-99.000, -99.00,-99.000, -99.00,-99.000, -99.00,-99.000, -99.00,
8/29/2006 12:20:00, 12.3,275.8,  0.6,  3.5, 18.999, 29.04,  0.0,  0.0,  0.295, 330.57,  0.210, 334.90,  0.153, 335.28,  0.169, 327.81,  0.218, 322.66,  0.257, 328.85,  0.220, 309.27,  0.203, 319.80,  0.218, 328.50,  0.266, 308.29,  0.312, 289.89,  0.228, 277.31,  0.242, 265.49,  0.243, 288.96,  0.223, 306.25,  0.164, 262.66,-99.000, -99.00,-99.000, -99.00,-99.000, -99.00,-99.000, -99.00,
8/29/2006 12:25:00, 12.3,275.7,  0.6,  3.5, 18.995, 29.04,  0.0,  0.0,  0.142, 333.62,  0.262, 312.99,  0.236, 311.05,  0.258, 328.16,  0.239, 293.67,  0.187, 283.59,  0.215, 291.31,  0.140, 275.75,  0.213, 287.50,  0.175, 281.57,  0.221, 285.48,  0.190, 283.67,  0.166, 283.62,  0.183, 274.40,  0.145, 291.80,  0.097, 261.70,-99.000, -99.00,-99.000, -99.00,-99.000, -99.00,-99.000, -99.00,
8/29/2006 12:30:00, 12.3,275.8,  0.6,  3.5, 18.999, 29.04,  0.0,  0.0,  0.211, 339.16,  0.185, 328.45,  0.210, 343.72,  0.260, 343.93,  0.195, 329.49,  0.229, 333.88,  0.229, 316.95,  0.296, 318.98,  0.206, 297.19,  0.212, 280.30,  0.248, 288.07,  0.250, 288.22,  0.287, 278.41,  0.232, 263.82,  0.184, 253.93,  0.074, 220.60,-99.000, -99.00,-99.000, -99.00,-99.000, -99.00,-99.000, -99.00,
8/29/2006 12:35:00, 12.3,275.7,  0.6,  3.5, 18.998, 29.04,  0.0,  0.0,  0.183, 345.74,  0.177, 340.54,  0.312, 332.12,  0.178, 319.78,  0.206, 325.30,  0.243, 321.01,  0.195, 313.34,  0.185, 316.10,  0.248, 302.99,  0.215, 296.21,  0.254, 293.94,  0.175, 279.52,  0.223, 271.03,  0.237, 284.68,  0.212, 280.89,  0.216, 273.44,-99.000, -99.00,-99.000, -99.00,-99.000, -99.00,-99.000, -99.00,
8/29/2006 12:40:00, 12.3,275.7,  0.6,  3.5, 18.999, 29.05,  0.0,  0.0,  0.212, 359.46,  0.231, 306.37,  0.194, 313.96,  0.135, 327.14,  0.158, 333.27,  0.212, 335.49,  0.188, 336.44,  0.286, 320.96,  0.227, 331.07,  0.225, 302.28,  0.266, 284.35,  0.280, 291.99,  0.284, 292.14,  0.259, 276.44,  0.221, 262.46,  0.138, 227.06,-99.000, -99.00,-99.000, -99.00,-99.000, -99.00,-99.000, -99.00,
8/29/2006 12:45:00, 12.3,275.8,  0.6,  3.5, 18.997, 29.05,  0.0,  0.0,  0.311, 356.87,  0.220, 345.52,  0.223, 341.97,  0.196, 345.82,  0.255, 320.25,  0.228, 327.91,  0.119, 297.42,  0.252, 302.05,  0.245, 299.08,  0.241, 301.25,  0.259, 283.87,  0.204, 295.19,  0.169, 276.12,  0.186, 277.43,  0.262, 281.91,  0.164, 228.22,-99.000, -99.00,-99.000, -99.00,-99.000, -99.00,-99.000, -99.00,
8/29/2006 12:50:00, 12.3,275.7,  0.6,  3.5, 19.004, 29.05,  0.0,  0.0,  0.212, 332.83,  0.211, 306.71,  0.243, 299.63,  0.180, 336.01,  0.225, 325.89,  0.150, 341.32,  0.226, 323.64,  0.202, 317.80,  0.165, 300.13,  0.280, 295.38,  0.222, 299.46,  0.265, 291.72,  0.300, 275.54,  0.321, 268.22,  0.221, 270.00,  0.121, 263.35,-99.000, -99.00,-99.000, -99.00,-99.000, -99.00,-99.000, -99.00,
8/29/2006 12:55:00, 12.3,275.7,  0.6,  3.5, 18.999, 29.05,  0.0,  0.0,  0.251, 320.02,  0.205, 350.17,  0.211, 314.62,  0.229, 330.41,  0.244, 329.24,  0.225, 331.27,  0.218, 319.66,  0.297, 333.87,  0.262, 326.07,  0.268, 321.81,  0.232, 330.01,  0.258, 310.91,  0.261, 295.88,  0.241, 272.85,  0.181, 282.12,  0.116, 270.99,-99.000, -99.00,-99.000, -99.00,-99.000, -99.00,-99.000, -99.00,
8/29/2006 13:00:00, 12.3,275.8,  0.6,  3.5, 19.002, 29.06,  0.0,  0.0,  0.275, 322.67,  0.231, 325.21,  0.181, 319.71,  0.204, 314.80,  0.096, 328.63,  0.217, 326.46,  0.219, 316.67,  0.140, 306.30,  0.128, 306.42,  0.178, 324.61,  0.195, 297.09,  0.243, 293.29,  0.172, 295.08,  0.172, 292.98,  0.231, 288.20,  0.210, 232.53,-99.000, -99.00,-99.000, -99.00,-99.000, -99.00,-99.000, -99.00,
8/29/2006 13:05:00, 12.3,275.8,  0.6,  3.5, 18.997, 29.06,  0.0,  0.0,  0.234, 316.90,  0.216, 321.75,  0.209, 326.54,  0.235, 324.89,  0.233, 321.26,  0.132, 317.46,  0.229, 308.07,  0.187, 318.90,  0.224, 312.65,  0.187, 312.83,  0.252, 305.96,  0.212, 303.47,  0.184, 289.72,  0.206, 283.16,  0.238, 290.64,  0.073, 266.08,-99.000, -99.00,-99.000, -99.00,-99.000, -99.00,-99.000, -99.00,
8/29/2006 13:10:00, 12.3,275.7,  0.6,  3.5, 19.000, 29.06,  0.0,  0.0,  0.185, 325.79,  0.194, 300.41,  0.213, 310.05,  0.305, 304.73,  0.242, 312.66,  0.209, 302.47,  0.134, 319.54,  0.183, 281.99,  0.235, 301.59,  0.220, 310.57,  0.236, 300.80,  0.209, 305.28,  0.219, 298.90,  0.312, 282.97,  0.228, 283.43,  0.159, 258.41,-99.000, -99.00,-99.000, -99.00,-99.000, -99.00,-99.000, -99.00,
8/29/2006 13:15:00, 12.3,275.7,  0.6,  3.5, 18.988, 29.07,  0.0,  0.0,  0.280, 334.44,  0.183, 290.52,  0.181, 308.71,  0.213, 315.95,  0.110, 312.06,  0.159, 321.62,  0.198, 319.09,  0.168, 306.53,  0.195, 314.17,  0.220, 323.49,  0.179, 306.36,  0.208, 283.90,  0.160, 279.70,  0.236, 273.64,  0.236, 283.21,  0.082, 284.04,-99.000, -99.00,-99.000, -99.00,-99.000, -99.00,-99.000, -99.00,
8/29/2006 13:20:00, 12.3,275.8,  0.6,  3.5, 18.997, 29.07,  0.0,  0.0,  0.209, 302.09,  0.228, 301.39,  0.144, 321.78,  0.145, 311.93,  0.184, 304.38,  0.244, 282.05,  0.208, 301.86,  0.162, 313.75,  0.149, 312.27,  0.272, 312.02,  0.215, 320.67,  0.192, 329.96,  0.200, 307.27,  0.243, 287.47,  0.152, 305.89,  0.127, 260.02,-99.000, -99.00,-99.000, -99.00,-99.000, -99.00,-99.000, -99.00,
8/29/2006 13:25:00, 12.3,275.8,  0.6,  3.5, 18.991, 29.06,  0.0,  0.0,  0.311, 320.74,  0.303, 319.69,  0.274, 317.52,  0.198, 313.77,  0.185, 282.83,  0.154, 308.66,  0.190, 313.29,  0.106, 310.01,  0.250, 305.72,  0.159, 305.29,  0.208, 300.02,  0.199, 309.29,  0.251, 312.41,  0.267, 283.67,  0.279, 273.70,  0.165, 254.20,-99.000, -99.00,-99.000, -99.00,-99.000, -99.00,-99.000, -99.00,
8/29/2006 13:30:00, 12.3,275.8,  0.6,  3.5, 19.001, 29.06,  0.0,  0.0,  0.188, 312.62,  0.247, 315.16,  0.231, 334.32,  0.227, 329.60,  0.217, 332.61,  0.198, 326.31,  0.155, 313.69,  0.230, 318.35,  0.222, 313.18,  0.210, 304.90,  0.182, 290.22,  0.312, 292.04,  0.259, 308.11,  0.215, 289.03,  0.208, 309.13,  0.173, 322.53,-99.000, -99.00,-99.000, -99.00,-99.000, -99.00,-99.000, -99.00,
8/29/2006 13:35:00, 12.3,275.7,  0.6,  3.5, 18.998, 29.06,  0.0,  0.0,  0.223, 326.17,  0.308, 318.69,  0.250, 313.71,  0.223, 349.40,  0.186, 312.17,  0.195, 314.58,  0.156, 318.12,  0.171, 307.41,  0.215, 312.36,  0.260, 304.49,  0.263, 313.15,  0.252, 290.24,  0.193, 282.59,  0.248, 275.09,  0.254, 290.50,  0.067, 261.38,-99.000, -99.00,-99.000, -99.00,-99.000, -99.00,-99.000, -99.00,
8/29/2006 13:40:00, 12.3,275.8,  0.6,  3.5, 18.989, 29.06,  0.0,  0.0,  0.165, 314.02,  0.209, 319.84,  0.184, 319.64,  0.177, 343.61,  0.228, 308.58,  0.219, 318.52,  0.216, 314.06,  0.209, 292.16,  0.175, 312.91,  0.302, 302.95,  0.141, 282.66,  0.307, 275.60,  0.259, 278.22,  0.225, 270.51,  0.176, 281.12,  0.074, 234.37,-99.000, -99.00,-99.000, -99.00,-99.000, -99.00,-99.000, -99.00,
8/29/2006 13:45:00, 12.3,275.8,  0.6,  3.5, 18.989, 29.07,  0.0,  0.0,  0.202, 313.80,  0.172, 295.82,  0.233, 300.75,  0.135, 333.05,  0.170, 309.76,  0.235, 306.53,  0.203, 304.78,  0.141, 328.34,  0.161, 314.50,  0.280, 285.13,  0.227, 281.16,  0.227, 275.56,  0.292, 279.66,  0.304, 285.87,  0.236, 305.17,  0.103, 295.32,-99.000, -99.00,-99.000, -99.00,-99.000, -99.00,-99.000, -99.00,
8/29/2006 13:50:00, 12.3,275.7,  0.6,  3.5, 18.987, 29.07,  0.0,  0.0,  0.207, 315.98,  0.195, 311.88,  0.156, 309.29,  0.145, 324.55,  0.254, 330.81,  0.212, 356.49,  0.217, 358.42,  0.168, 328.39,  0.190, 314.79,  0.168, 315.24,  0.151, 313.93,  0.189, 288.82,  0.173, 301.02,  0.164, 286.33,  0.149, 289.65,  0.102, 253.52,-99.000, -99.00,-99.000, -99.00,-99.000, -99.00,-99.000, -99.00,
8/29/2006 13:55:00, 12.3,275.8,  0.6,  3.5, 18.987, 29.07,  0.0,  0.0,  0.301, 301.84,  0.205, 318.55,  0.119, 309.56,  0.204, 327.01,  0.125, 315.32,  0.283, 298.92,  0.231, 297.34,  0.132, 294.62,  0.169, 292.93,  0.115, 297.90,  0.174, 299.95,  0.193, 285.62,  0.146, 320.85,  0.154, 278.97,  0.163, 304.27,  0.092, 300.75,-99.000, -99.00,-99.000, -99.00,-99.000, -99.00,-99.000, -99.00,
8/29/2006 14:00:00, 12.3,275.8,  0.6,  3.5, 18.983, 29.07,  0.0,  0.0,  0.160, 310.17,  0.166, 321.34,  0.166, 303.98,  0.189, 311.13,  0.207, 302.39,  0.240, 287.98,  0.208, 281.96,  0.210, 283.51,  0.256, 273.81,  0.210, 268.64,  0.253, 276.12,  0.247, 278.62,  0.256, 275.15,  0.273, 282.46,  0.251, 300.96,  0.135, 326.19,-99.000, -99.00,-99.000, -99.00,-99.000, -99.00,-99.000, -99.00,
8/29/2006 14:05:00, 12.3,275.8,  0.6,  3.5, 18.978, 29.08,  0.0,  0.0,  0.213, 320.33,  0.171, 327.89,  0.171, 311.69,  0.131, 315.31,  0.162, 328.37,  0.124, 283.48,  0.167, 274.11,  0.241, 280.28,  0.239, 276.50,  0.239, 269.52,  0.215, 297.99,  0.179, 285.59,  0.210, 257.62,  0.207, 255.76,  0.252, 288.72,  0.109, 263.66,-99.000, -99.00,-99.000, -99.00,-99.000, -99.00,-99.000, -99.00,
8/29/2006 14:10:00, 12.3,275.7,  0.6,  3.5, 18.976, 29.09,  0.0,  0.0,  0.234, 326.51,  0.168, 313.31,  0.173, 302.50,  0.100, 305.27,  0.199, 298.89,  0.153, 302.76,  0.132, 281.82,  0.121, 287.24,  0.192, 281.13,  0.220, 271.04,  0.248, 271.16,  0.204, 267.19,  0.211, 264.29,  0.187, 295.61,  0.151, 320.10,  0.112, 330.70,-99.000, -99.00,-99.000, -99.00,-99.000, -99.00,-99.000, -99.00,
8/29/2006 14:15:00, 12.3,275.8,  0.6,  3.5, 18.977, 29.10,  0.0,  0.0,  0.174, 311.03,  0.197, 308.61,  0.206, 299.68,  0.141, 266.75,  0.088, 283.88,  0.162, 287.99,  0.110, 277.84,  0.166, 295.33,  0.192, 273.28,  0.205, 282.68,  0.281, 274.29,  0.165, 252.33,  0.191, 287.39,  0.221, 272.59,  0.136, 289.77,  0.135, 348.86,-99.000, -99.00,-99.000, -99.00,-99.000, -99.00,-99.000, -99.00,
8/29/2006 14:20:00, 12.3,275.9,  0.6,  3.5, 18.973, 29.10,  0.0,  0.0,  0.280, 315.29,  0.205, 324.53,  0.151, 298.94,  0.170, 321.92,  0.146, 315.00,  0.092, 323.38,  0.191, 305.61,  0.210, 288.00,  0.216, 299.42,  0.114, 290.03,  0.151, 301.16,  0.225, 282.56,  0.212, 275.41,  0.129, 255.64,  0.212, 286.98,  0.154, 342.98,-99.000, -99.00,-99.000, -99.00,-99.000, -99.00,-99.000, -99.00,
8/29/2006 14:25:00, 12.3,275.7,  0.6,  3.5, 18.951, 29.10,  0.0,  0.0,  0.195, 324.19,  0.109, 339.08,  0.116, 322.73,  0.181, 302.37,  0.151, 282.20,  0.175, 312.45,  0.166, 308.88,  0.225, 305.60,  0.213, 289.20,  0.178, 291.08,  0.181, 290.74,  0.206, 276.68,  0.171, 278.41,  0.199, 277.52,  0.178, 295.56,  0.099, 310.48,-99.000, -99.00,-99.000, -99.00,-99.000, -99.00,-99.000, -99.00,
8/29/2006 14:30:00, 12.3,275.8,  0.6,  3.5, 18.949, 29.11,  0.0,  0.0,  0.210, 323.13,  0.151, 301.48,  0.131, 329.71,  0.118, 270.00,  0.121, 331.31,  0.116, 324.12,  0.161, 320.29,  0.114, 297.24,  0.248, 293.99,  0.167, 258.29,  0.172, 267.67,  0.103, 272.78,  0.182, 303.78,  0.153, 301.93,  0.106, 331.74,  0.071,   4.03,-99.000, -99.00,-99.000, -99.00,-99.000, -99.00,-99.000, -99.00,
8/29/2006 14:35:00, 12.3,275.8,  0.6,  3.5, 18.941, 29.11,  0.0,  0.0,  0.116, 297.67,  0.182, 326.40,  0.216, 288.94,  0.232, 273.70,  0.177, 278.13,  0.168, 286.27,  0.162, 292.92,  0.161, 283.69,  0.167, 273.43,  0.180, 286.43,  0.103, 248.40,  0.157, 245.07,  0.161, 254.49,  0.175, 270.98,  0.225, 282.56,  0.089, 332.00,-99.000, -99.00,-99.000, -99.00,-99.000, -99.00,-99.000, -99.00,
8/29/2006 14:40:00, 12.3,275.8,  0.6,  3.5, 18.948, 29.11,  0.0,  0.0,  0.233, 321.26,  0.208, 315.78,  0.097, 294.98,  0.183, 302.47,  0.178, 314.55,  0.100, 329.33,  0.154, 286.20,  0.182, 287.24,  0.196, 283.26,  0.177, 280.10,  0.151, 290.11,  0.031, 309.81,  0.130, 259.81,  0.133, 271.29,  0.205, 298.57,  0.129, 347.04,-99.000, -99.00,-99.000, -99.00,-99.000, -99.00,-99.000, -99.00,
8/29/2006 14:45:00, 12.3,275.8,  0.6,  3.5, 18.941, 29.11,  0.0,  0.0,  0.206, 337.79,  0.137, 305.20,  0.152, 283.67,  0.138, 254.45,  0.103, 251.39,  0.156, 267.80,  0.138, 292.65,  0.107, 271.61,  0.123, 278.39,  0.159, 291.40,  0.183, 270.63,  0.245, 287.55,  0.142, 290.60,  0.116, 314.30,  0.193, 296.43,  0.120, 294.21,-99.000, -99.00,-99.000, -99.00,-99.000, -99.00,-99.000, -99.00,
8/29/2006 14:50:00, 12.3,275.8,  0.6,  3.5, 18.939, 29.12,  0.0,  0.0,  0.251, 323.59,  0.202, 326.31,  0.139, 341.04,  0.172, 338.51,  0.145, 307.42,  0.142,   2.02,  0.151, 309.90,  0.126, 342.00,  0.089, 322.74,  0.153, 329.74,  0.135, 301.33,  0.161, 301.02,  0.176, 311.09,  0.101, 327.09,  0.149, 301.23,  0.094, 321.91,-99.000, -99.00,-99.000, -99.00,-99.000, -99.00,-99.000, -99.00,
8/29/2006 14:55:00, 12.3,275.7,  0.6,  3.5, 18.936, 29.11,  0.0,  0.0,  0.143, 320.09,  0.116, 242.77,  0.170, 293.55,  0.167, 270.34,  0.142, 258.22,  0.191, 269.40,  0.145, 291.43,  0.144, 282.01,  0.092, 324.25,  0.120, 333.22,  0.186, 308.90,  0.126, 318.22,  0.115, 320.64,  0.243, 311.16,  0.140, 322.23,  0.120, 353.29,-99.000, -99.00,-99.000, -99.00,-99.000, -99.00,-99.000, -99.00,
8/29/2006 15:00:00, 12.3,275.7,  0.6,  3.5, 18.927, 29.09,  0.0,  0.0,  0.209, 290.43,  0.223, 280.05,  0.159, 262.02,  0.204, 300.34,  0.124, 240.95,  0.208, 262.26,  0.105, 277.13,  0.103, 280.11,  0.135, 258.44,  0.163, 288.21,  0.106, 285.35,  0.140, 276.57,  0.138, 291.19,  0.051, 325.38,  0.114, 339.50,  0.130, 338.77,-99.000, -99.00,-99.000, -99.00,-99.000, -99.00,-99.000, -99.00,
8/29/2006 15:05:00, 12.3,275.7,  0.6,  3.5, 18.932, 29.07,  0.0,  0.0,  0.175, 287.61,  0.145, 282.32,  0.108, 277.98,  0.118, 266.61,  0.107, 293.20,  0.135, 281.98,  0.102, 286.48,  0.116, 293.26,  0.115, 284.64,  0.090, 272.54,  0.144, 274.37,  0.118, 312.24,  0.149, 306.56,  0.037, 282.53,  0.103, 304.77,  0.070, 343.38,-99.000, -99.00,-99.000, -99.00,-99.000, -99.00,-99.000, -99.00,
8/29/2006 15:10:00, 12.3,275.7,  0.6,  3.5, 18.923, 29.05,  0.0,  0.0,  0.103, 282.29,  0.190, 272.41,  0.152, 256.33,  0.181, 292.45,  0.117, 302.06,  0.143, 273.20,  0.149, 280.03,  0.088, 305.31,  0.183, 288.14,  0.135, 283.31,  0.065, 332.65,  0.076, 293.20,  0.143, 300.14,  0.176, 301.08,  0.094, 316.29,  0.117, 239.29,-99.000, -99.00,-99.000, -99.00,-99.000, -99.00,-99.000, -99.00,
8/29/2006 15:15:00, 12.3,275.7,  0.6,  3.5, 18.923, 29.04,  0.0,  0.0,  0.236, 262.69,  0.189, 248.59,  0.134, 262.72,  0.131, 260.75,  0.059, 296.13,  0.151, 283.39,  0.090, 280.19,  0.048, 291.80,  0.123, 269.07,  0.187, 263.56,  0.148, 278.57,  0.180, 275.43,  0.172, 286.22,  0.128, 309.92,  0.159, 300.59,  0.100, 333.95,-99.000, -99.00,-99.000, -99.00,-99.000, -99.00,-99.000, -99.00,
8/29/2006 15:20:00, 12.3,275.8,  0.6,  3.5, 18.924, 29.04,  0.0,  0.0,  0.202, 263.19,  0.113, 251.89,  0.149, 207.94,  0.105, 260.72,  0.148, 289.78,  0.133, 305.84,  0.064, 309.92,  0.145, 257.68,  0.113, 226.43,  0.123, 260.61,  0.141, 252.72,  0.161, 264.64,  0.075, 265.43,  0.121, 292.33,  0.018, 347.47,  0.070, 231.98,-99.000, -99.00,-99.000, -99.00,-99.000, -99.00,-99.000, -99.00,
8/29/2006 15:25:00, 12.3,275.7,  0.6,  3.5, 18.926, 29.03,  0.0,  0.0,  0.147, 286.96,  0.112, 261.80,  0.144, 238.63,  0.169, 257.03,  0.108, 285.58,  0.158, 257.55,  0.113, 272.03,  0.096, 298.71,  0.048, 325.98,  0.084, 253.30,  0.106, 284.17,  0.128, 267.76,  0.126, 260.84,  0.072, 266.03,  0.138, 349.58,  0.135, 341.83,-99.000, -99.00,-99.000, -99.00,-99.000, -99.00,-99.000, -99.00,
8/29/2006 15:30:00, 12.3,275.8,  0.6,  3.5, 18.925, 29.03,  0.0,  0.0,  0.149, 259.59,  0.159, 250.88,  0.177, 262.55,  0.186, 280.53,  0.104, 264.51,  0.062,  35.22,  0.100, 347.35,  0.078, 307.75,  0.109, 283.27,  0.070, 301.66,  0.114, 318.91,  0.163, 286.77,  0.106, 280.35,  0.109, 304.13,  0.093, 290.19,  0.067, 299.64,-99.000, -99.00,-99.000, -99.00,-99.000, -99.00,-99.000, -99.00,
8/29/2006 15:35:00, 12.3,275.7,  0.6,  3.5, 18.909, 29.04,  0.0,  0.0,  0.098, 276.47,  0.173, 251.46,  0.138, 260.81,  0.129, 253.81,  0.061, 295.30,  0.155, 262.60,  0.036, 350.27,  0.080, 299.12,  0.079, 348.26,  0.077, 255.78,  0.143, 246.12,  0.146, 255.30,  0.145, 294.97,  0.149, 308.18,  0.102, 315.80,  0.048, 313.32,-99.000, -99.00,-99.000, -99.00,-99.000, -99.00,-99.000, -99.00,
8/29/2006 15:40:00, 12.3,275.7,  0.6,  3.5, 18.908, 29.04,  0.0,  0.0,  0.101, 227.80,  0.136, 262.82,  0.126, 270.45,  0.087, 288.85,  0.085, 278.13,  0.132, 262.18,  0.119, 284.62,  0.082, 281.31,  0.111, 275.71,  0.135, 257.61,  0.140, 289.60,  0.109, 336.73,  0.104,   2.75,  0.165,  45.49,  0.250,  64.46,  0.241,  75.85,-99.000, -99.00,-99.000, -99.00,-99.000, -99.00,-99.000, -99.00,
8/29/2006 15:45:00, 12.3,275.8,  0.6,  3.5, 18.895, 29.04,  0.0,  0.0,  0.083, 248.07,  0.120, 278.13,  0.125, 233.13,  0.137, 237.24,  0.115, 237.84,  0.092, 220.60,  0.082, 252.90,  0.163, 265.79,  0.049, 324.06,  0.155, 306.05,  0.036, 260.27,  0.055, 265.84,  0.121, 288.29,  0.122, 317.66,  0.132, 314.69,  0.140,   5.34,-99.000, -99.00,-99.000, -99.00,-99.000, -99.00,-99.000, -99.00,
8/29/2006 15:50:00, 12.3,275.7,  0.6,  3.5, 18.888, 29.04,  0.0,  0.0,  0.140, 345.07,  0.006, 321.34,  0.165, 236.60,  0.069, 146.31,  0.031, 219.81,  0.117, 297.44,  0.156, 282.97,  0.069, 279.19,  0.073, 280.23,  0.128, 259.66,  0.099, 260.16,  0.119, 233.23,  0.133, 270.86,  0.053, 301.89,  0.109, 353.66,  0.091, 311.89,-99.000, -99.00,-99.000, -99.00,-99.000, -99.00,-99.000, -99.00,
8/29/2006 15:55:00, 12.3,275.8,  0.6,  3.5, 18.889, 29.04,  0.0,  0.0,  0.158, 251.57,  0.089, 286.39,  0.143, 256.26,  0.136, 241.93,  0.103, 280.11,  0.065, 225.00,  0.067, 262.23,  0.097, 286.76,  0.052, 295.08,  0.112, 252.37,  0.049, 266.50,  0.053, 280.89,  0.064,  13.60,  0.078,  18.67,  0.089, 310.88,  0.078, 315.52,-99.000, -99.00,-99.000, -99.00,-99.000, -99.00,-99.000, -99.00,
8/29/2006 16:00:00, 12.3,275.7,  0.6,  3.5, 18.876, 29.04,  0.0,  0.0,  0.119, 268.07,  0.083, 300.26,  0.067, 214.64,  0.056, 282.31,  0.105, 147.82,  0.060, 255.50,  0.127, 219.57,  0.082, 208.44,  0.136, 275.08,  0.104, 280.55,  0.046, 283.74,  0.036, 290.92,  0.064, 287.30,  0.070, 294.38,  0.125, 280.14,  0.128, 303.81,-99.000, -99.00,-99.000, -99.00,-99.000, -99.00,-99.000, -99.00,
8/29/2006 16:05:00, 12.3,275.7,  0.6,  3.5, 18.870, 29.03,  0.0,  0.0,  0.028, 122.01,  0.049, 252.30,  0.158, 243.27,  0.077, 208.55,  0.109, 209.16,  0.077, 250.14,  0.107, 186.99,  0.121, 226.67,  0.069, 212.54,  0.061, 270.00,  0.028, 340.91,  0.040, 296.57,  0.072, 114.78,  0.103,  70.16,  0.114,  70.45,  0.183,  16.85,-99.000, -99.00,-99.000, -99.00,-99.000, -99.00,-99.000, -99.00,
8/29/2006 16:10:00, 12.3,275.7,  0.6,  3.5, 18.863, 29.03,  0.0,  0.0,  0.025, 338.63,  0.084, 250.48,  0.046, 132.36,  0.021, 295.35,  0.073, 239.57,  0.053, 231.84,  0.096, 269.40,  0.064, 261.87,  0.074, 266.91,  0.060, 310.91,  0.069, 281.63,  0.104, 298.79,  0.153, 295.06,  0.085, 262.54,  0.079, 275.78,  0.058, 225.00,-99.000, -99.00,-99.000, -99.00,-99.000, -99.00,-99.000, -99.00,
8/29/2006 16:15:00, 12.3,275.7,  0.6,  3.5, 18.865, 29.02,  0.0,  0.0,  0.077, 122.24,  0.110,  36.14,  0.097, 186.54,  0.045, 222.27,  0.086, 245.22,  0.078, 199.36,  0.019, 270.00,  0.088, 238.48,  0.053, 265.68,  0.048, 273.58,  0.014, 248.96,  0.054, 331.05,  0.008, 119.74,  0.086, 273.99,  0.063, 350.84,  0.107, 305.91,-99.000, -99.00,-99.000, -99.00,-99.000, -99.00,-99.000, -99.00,
8/29/2006 16:20:00, 12.3,275.7,  0.6,  3.5, 18.859, 29.02,  0.0,  0.0,  0.033, 218.93,  0.082, 203.75,  0.060, 128.21,  0.016, 172.87,  0.097, 145.98,  0.071, 184.03,  0.093, 269.38,  0.027, 153.43,  0.143, 274.00,  0.056, 233.75,  0.043, 298.93,  0.097, 345.11,  0.042, 306.33,  0.082, 291.54,  0.028, 316.47,  0.092, 240.10,-99.000, -99.00,-99.000, -99.00,-99.000, -99.00,-99.000, -99.00,
8/29/2006 16:25:00, 12.3,275.8,  0.6,  3.5, 18.854, 29.01,  0.0,  0.0,  0.012, 294.44,  0.038, 327.99,  0.035, 208.74,  0.090, 169.81,  0.092, 117.12,  0.071, 225.57,  0.121, 124.61,  0.033, 231.07,  0.063, 180.91,  0.095, 192.72,  0.086, 178.00,  0.088, 273.25,  0.094, 282.86,  0.076, 287.72,  0.039, 351.25,  0.073, 290.92,-99.000, -99.00,-99.000, -99.00,-99.000, -99.00,-99.000, -99.00,
8/29/2006 16:30:00, 12.3,275.6,  0.6,  3.5, 18.853, 29.01,  0.0,  0.0,  0.047, 102.26,  0.093, 225.44,  0.040, 162.47,  0.051, 195.95,  0.044, 148.82,  0.062, 217.79,  0.019, 201.25,  0.008, 203.20,  0.033, 244.98,  0.092, 229.87,  0.104, 175.05,  0.069, 162.35,  0.094, 238.51,  0.032, 248.20,  0.038,  77.80,  0.049,  25.51,-99.000, -99.00,-99.000, -99.00,-99.000, -99.00,-99.000, -99.00,
8/29/2006 16:35:00, 12.3,275.7,  0.6,  3.5, 18.856, 29.00,  0.0,  0.0,  0.027,   4.24,  0.115,  50.64,  0.081, 165.79,  0.039, 144.29,  0.089, 185.77,  0.108, 210.60,  0.169, 195.11,  0.107, 180.00,  0.047,  98.65,  0.041,  39.09,  0.057, 241.63,  0.059, 253.39,  0.036, 277.91,  0.057, 335.22,  0.026, 308.66,  0.099, 331.11,-99.000, -99.00,-99.000, -99.00,-99.000, -99.00,-99.000, -99.00,
8/29/2006 16:40:00, 12.3,275.9,  0.6,  3.5, 18.860, 29.00,  0.0,  0.0,  0.060, 196.34,  0.125, 112.06,  0.070, 148.34,  0.114, 148.26,  0.064, 204.15,  0.036, 147.65,  0.126, 154.05,  0.079, 211.09,  0.041, 237.85,  0.074, 198.19,  0.066, 184.33,  0.017,  66.37,  0.037, 329.30,  0.098, 321.61,  0.033, 312.51,  0.041, 270.00,-99.000, -99.00,-99.000, -99.00,-99.000, -99.00,-99.000, -99.00,
8/29/2006 16:45:00, 12.3,275.9,  0.6,  3.5, 18.848, 29.00,  0.0,  0.0,  0.031, 187.35,  0.023, 214.38,  0.056, 193.54,  0.112, 173.83,  0.060, 180.00,  0.078, 164.36,  0.132, 144.26,  0.137, 142.13,  0.086, 133.58,  0.049, 149.24,  0.070, 195.83,  0.021, 215.22,  0.017, 295.02,  0.023, 115.46,  0.090, 347.82,  0.094, 318.01,-99.000, -99.00,-99.000, -99.00,-99.000, -99.00,-99.000, -99.00,
8/29/2006 16:50:00, 12.3,275.8,  0.6,  3.5, 18.853, 28.99,  0.0,  0.0,  0.120, 209.98,  0.099, 177.69,  0.062, 164.18,  0.059, 118.30,  0.090, 169.81,  0.086, 165.15,  0.123, 173.45,  0.035, 188.13,  0.042, 134.03,  0.008, 180.00,  0.043, 140.71,  0.088,  79.58,  0.062,  90.00,  0.032,  18.43,  0.081, 308.00,  0.092, 270.00,-99.000, -99.00,-99.000, -99.00,-99.000, -99.00,-99.000, -99.00,
8/29/2006 16:55:00, 12.3,275.8,  0.6,  3.5, 18.847, 28.99,  0.0,  0.0,  0.069,  82.46,  0.158, 138.85,  0.070, 155.62,  0.059, 116.13,  0.117, 136.74,  0.067, 219.59,  0.047, 187.28,  0.054, 127.50,  0.129, 136.57,  0.061, 191.31,  0.129, 123.94,  0.082,  99.12,  0.071, 140.71,  0.062, 129.81,  0.024, 318.37,  0.091, 229.47,-99.000, -99.00,-99.000, -99.00,-99.000, -99.00,-99.000, -99.00,
8/29/2006 17:00:00, 12.3,275.8,  0.6,  3.5, 18.836, 28.99,  0.0,  0.0,  0.101, 150.40,  0.033, 178.26,  0.039, 142.25,  0.084, 109.52,  0.095, 146.14,  0.050, 180.00,  0.096, 148.63,  0.129, 131.23,  0.023, 105.26,  0.122, 121.21,  0.017, 166.76,  0.075, 123.06,  0.115, 114.11,  0.035,  23.63,  0.045,  12.80,  0.110, 213.55,-99.000, -99.00,-99.000, -99.00,-99.000, -99.00,-99.000, -99.00,
8/29/2006 17:05:00, 12.3,275.8,  0.6,  3.5, 18.835, 28.98,  0.0,  0.0,  0.094, 115.75,  0.084, 124.82,  0.094, 122.85,  0.154, 142.39,  0.059, 176.12,  0.159, 144.71,  0.056, 156.67,  0.075, 176.19,  0.082, 162.90,  0.137, 103.53,  0.094,  88.78,  0.133,  77.85,  0.120,  64.29,  0.067,  51.07,  0.049, 330.83,  0.092, 238.39,-99.000, -99.00,-99.000, -99.00,-99.000, -99.00,-99.000, -99.00,
8/29/2006 17:10:00, 12.3,275.7,  0.6,  3.5, 18.834, 28.98,  0.0,  0.0,  0.080,  25.28,  0.088, 105.14,  0.071,  90.00,  0.130, 158.77,  0.125, 127.87,  0.141, 121.66,  0.101, 193.76,  0.133, 211.18,  0.128, 161.85,  0.027, 282.99,  0.061, 114.06,  0.057, 120.62,  0.090, 129.16,  0.056, 158.01,  0.033, 107.88,  0.074, 172.97,-99.000, -99.00,-99.000, -99.00,-99.000, -99.00,-99.000, -99.00,
8/29/2006 17:15:00, 12.3,275.7,  0.6,  3.5, 18.828, 28.98,  0.0,  0.0,  0.038, 113.20,  0.110, 135.73,  0.155, 116.90,  0.120,  96.71,  0.093, 133.69,  0.094, 125.89,  0.126, 140.49,  0.115, 123.27,  0.071, 139.57,  0.086, 149.26,  0.104, 165.56,  0.086, 179.33,  0.034, 130.24,  0.051,  90.00,  0.029,  20.32,  0.053, 190.89,-99.000, -99.00,-99.000, -99.00,-99.000, -99.00,-99.000, -99.00,
8/29/2006 17:20:00, 12.3,275.8,  0.6,  3.5, 18.822, 28.98,  0.0,  0.0,  0.047, 120.96,  0.092,  93.11,  0.082,  96.26,  0.204, 125.64,  0.165, 109.09,  0.110, 144.28,  0.106, 142.70,  0.143, 143.53,  0.063, 165.30,  0.087, 140.62,  0.048, 116.03,  0.118, 103.68,  0.095, 109.78,  0.070, 156.37,  0.090, 179.36,  0.103, 188.37,-99.000, -99.00,-99.000, -99.00,-99.000, -99.00,-99.000, -99.00,
8/29/2006 17:25:00, 12.3,275.7,  0.6,  3.5, 18.811, 28.97,  0.0,  0.0,  0.124, 106.83,  0.105, 102.06,  0.045, 163.18,  0.065,  98.88,  0.103, 132.24,  0.069, 153.43,  0.070, 145.41,  0.100, 180.57,  0.159, 159.40,  0.085, 128.77,  0.032, 161.57,  0.160, 160.32,  0.153, 154.44,  0.100, 162.47,  0.033, 133.78,  0.092, 332.88,-99.000, -99.00,-99.000, -99.00,-99.000, -99.00,-99.000, -99.00,
8/29/2006 17:30:00, 12.3,275.8,  0.6,  3.5, 18.807, 28.97,  0.0,  0.0,  0.105,  27.30,  0.142, 115.84,  0.152, 138.46,  0.059, 122.62,  0.174, 128.25,  0.119, 166.43,  0.163, 155.32,  0.140, 162.08,  0.163, 172.61,  0.053, 177.84,  0.043, 180.00,  0.095, 161.57,  0.104, 133.05,  0.071, 161.05,  0.065, 147.53,  0.052,   0.00,-99.000, -99.00,-99.000, -99.00,-99.000, -99.00,-99.000, -99.00,
8/29/2006 17:35:00, 12.3,275.7,  0.6,  3.5, 18.805, 28.97,  0.0,  0.0,  0.135,  56.19,  0.148, 109.29,  0.081, 117.20,  0.185, 112.26,  0.179, 151.57,  0.177, 131.79,  0.120, 133.31,  0.144, 126.55,  0.083, 180.00,  0.154, 140.53,  0.080, 126.87,  0.082, 168.00,  0.093, 144.61,  0.221, 133.90,  0.094, 106.11,  0.065, 327.53,-99.000, -99.00,-99.000, -99.00,-99.000, -99.00,-99.000, -99.00,
8/29/2006 17:40:00, 12.3,275.8,  0.6,  3.5, 18.806, 28.96,  0.0,  0.0,  0.100,  80.26,  0.201, 102.37,  0.197, 129.66,  0.155, 148.47,  0.077, 107.27,  0.173, 106.13,  0.137, 126.37,  0.157, 107.05,  0.162, 112.46,  0.124, 130.75,  0.104, 163.30,  0.144, 138.10,  0.052, 122.47,  0.149, 101.61,  0.044,  88.70,  0.034, 285.26,-99.000, -99.00,-99.000, -99.00,-99.000, -99.00,-99.000, -99.00,
8/29/2006 17:45:00, 12.3,275.8,  0.6,  3.5, 18.800, 28.96,  0.0,  0.0,  0.085,  93.37,  0.182, 130.33,  0.189, 137.79,  0.201,  92.85,  0.253, 116.06,  0.211,  97.36,  0.145, 129.40,  0.121, 157.67,  0.178, 145.33,  0.133, 138.04,  0.078, 145.49,  0.120, 131.28,  0.055, 125.42,  0.104, 156.15,  0.085, 190.12,  0.031, 352.65,-99.000, -99.00,-99.000, -99.00,-99.000, -99.00,-99.000, -99.00,
8/29/2006 17:50:00, 12.3,275.7,  0.6,  3.5, 18.804, 28.96,  0.0,  0.0,  0.109, 112.09,  0.234, 117.77,  0.180, 138.60,  0.253, 120.11,  0.278, 124.60,  0.221, 118.65,  0.198,  86.82,  0.238, 129.71,  0.162, 165.36,  0.167, 154.05,  0.155, 166.95,  0.132, 163.22,  0.170, 136.43,  0.124, 147.85,  0.025,  31.76,  0.055, 291.41,-99.000, -99.00,-99.000, -99.00,-99.000, -99.00,-99.000, -99.00,
8/29/2006 17:55:00, 12.3,275.7,  0.6,  3.5, 18.799, 28.96,  0.0,  0.0,  0.070, 133.26,  0.250, 106.26,  0.122, 123.30,  0.177,  86.77,  0.268, 109.38,  0.164, 110.31,  0.185,  89.07,  0.174, 114.50,  0.193, 122.70,  0.104, 107.91,  0.093, 108.82,  0.077, 107.27,  0.026, 212.47,  0.088, 227.29,  0.025, 272.29,  0.053,  51.17,-99.000, -99.00,-99.000, -99.00,-99.000, -99.00,-99.000, -99.00,
8/29/2006 18:00:00, 12.3,275.7,  0.6,  3.5, 18.796, 28.96,  0.0,  0.0,  0.148, 116.57,  0.175, 144.04,  0.139, 112.87,  0.184, 102.90,  0.153, 107.84,  0.159, 112.20,  0.163,  86.84,  0.215,  88.67,  0.174, 100.92,  0.156, 101.09,  0.153, 116.06,  0.087, 113.63,  0.072, 156.28,  0.033, 180.00,  0.076, 251.57,  0.062, 292.83,-99.000, -99.00,-99.000, -99.00,-99.000, -99.00,-99.000, -99.00,
8/29/2006 18:05:00, 12.3,275.8,  0.6,  3.5, 18.797, 28.96,  0.0,  0.0,  0.131,  63.82,  0.135, 128.06,  0.171, 110.13,  0.147,  97.41,  0.097, 109.18,  0.099, 111.91,  0.109, 102.13,  0.209, 111.04,  0.168, 111.23,  0.252, 108.29,  0.245, 110.58,  0.078, 107.05,  0.142, 120.89,  0.080, 231.12,  0.028,  73.50,  0.053, 114.62,-99.000, -99.00,-99.000, -99.00,-99.000, -99.00,-99.000, -99.00,
8/29/2006 18:10:00, 12.3,275.8,  0.6,  3.5, 18.791, 28.96,  0.0,  0.0,  0.098,  60.04,  0.179, 141.14,  0.109,  89.47,  0.085, 115.06,  0.117, 123.83,  0.121,  95.24,  0.153, 138.18,  0.179, 116.85,  0.168, 107.68,  0.106,  93.78,  0.103, 113.57,  0.137,  94.17,  0.080,  85.71,  0.055,  68.59,  0.031, 250.97,  0.025, 260.91,-99.000, -99.00,-99.000, -99.00,-99.000, -99.00,-99.000, -99.00,
8/29/2006 18:15:00, 12.3,275.7,  0.6,  3.5, 18.794, 28.96,  0.0,  0.0,  0.059, 159.10,  0.133, 164.71,  0.091, 100.81,  0.066, 105.71,  0.090, 131.85,  0.063, 147.32,  0.078, 105.64,  0.103, 144.46,  0.144, 116.74,  0.172, 101.05,  0.155, 104.57,  0.139,  88.76,  0.034,  42.61,  0.025,  11.31,  0.079, 313.98,  0.024, 343.07,-99.000, -99.00,-99.000, -99.00,-99.000, -99.00,-99.000, -99.00,
8/29/2006 18:20:00, 12.3,275.7,  0.6,  3.5, 18.788, 28.95,  0.0,  0.0,  0.066, 141.75,  0.077, 144.03,  0.088, 147.58,  0.072, 123.02,  0.103, 140.12,  0.203, 128.00,  0.150, 148.32,  0.105, 109.47,  0.155, 126.05,  0.053, 131.19,  0.098, 143.71,  0.062, 157.17,  0.028,  52.31,  0.048, 358.81,  0.106, 327.36,  0.060, 220.91,-99.000, -99.00,-99.000, -99.00,-99.000, -99.00,-99.000, -99.00,
8/29/2006 18:25:00, 12.3,275.7,  0.6,  3.5, 18.789, 28.95,  0.0,  0.0,  0.064, 166.40,  0.125, 183.21,  0.121, 177.63,  0.027, 121.33,  0.065, 141.20,  0.152, 140.34,  0.085, 140.28,  0.141, 123.47,  0.168, 117.33,  0.119, 128.51,  0.029, 136.40,  0.012, 260.54,  0.035,  90.00,  0.038,  65.43,  0.055, 298.44,  0.059, 254.32,-99.000, -99.00,-99.000, -99.00,-99.000, -99.00,-99.000, -99.00,
8/29/2006 18:30:00, 12.3,275.7,  0.6,  3.5, 18.786, 28.95,  0.0,  0.0,  0.037,  72.55,  0.117, 135.00,  0.065, 168.52,  0.134, 128.33,  0.115, 148.52,  0.122, 126.30,  0.047, 144.61,  0.049, 238.24,  0.089, 165.65,  0.083, 121.20,  0.022,  32.28,  0.050,  49.03,  0.109, 297.27,  0.084, 349.76,  0.107, 350.89,  0.020, 296.57,-99.000, -99.00,-99.000, -99.00,-99.000, -99.00,-99.000, -99.00,
8/29/2006 18:35:00, 12.3,275.7,  0.6,  3.5, 18.786, 28.95,  0.0,  0.0,  0.040, 115.28,  0.104, 171.71,  0.040, 151.50,  0.054, 119.88,  0.144, 119.05,  0.098, 132.51,  0.107,  93.21,  0.075, 129.02,  0.016, 169.38,  0.104,  28.04,  0.093, 316.31,  0.096, 315.00,  0.101, 350.91,  0.116, 326.58,  0.060, 315.67,  0.040, 290.22,-99.000, -99.00,-99.000, -99.00,-99.000, -99.00,-99.000, -99.00,
8/29/2006 18:40:00, 12.3,275.7,  0.6,  3.5, 18.784, 28.95,  0.0,  0.0,  0.034, 206.57,  0.062, 123.18,  0.068, 231.60,  0.044, 238.82,  0.082,  84.43,  0.051, 100.20,  0.056, 180.00,  0.011, 236.31,  0.026, 259.11,  0.070,  17.40,  0.151, 349.29,  0.094, 345.82,  0.168, 330.85,  0.127, 358.65,  0.171, 338.39,  0.069,  16.06,-99.000, -99.00,-99.000, -99.00,-99.000, -99.00,-99.000, -99.00,
8/29/2006 18:45:00, 12.3,275.6,  0.6,  3.5, 18.785, 28.95,  0.0,  0.0,  0.076, 152.42,  0.144, 143.45,  0.016, 222.51,  0.029, 223.60,  0.075, 340.60,  0.065,  59.49,  0.070, 302.78,  0.000,   0.00,  0.051,  29.60,  0.071, 307.52,  0.066, 331.88,  0.091, 315.90,  0.081, 345.62,  0.063, 315.64,  0.171, 304.06,  0.029, 333.43,-99.000, -99.00,-99.000, -99.00,-99.000, -99.00,-99.000, -99.00,
8/29/2006 18:50:00, 12.3,275.8,  0.6,  3.5, 18.778, 28.95,  0.0,  0.0,  0.013, 135.00,  0.133, 124.29,  0.088,  95.84,  0.194,  84.38,  0.024, 272.39,  0.017, 173.29,  0.065,  82.00,  0.059, 326.85,  0.133, 337.88,  0.114, 358.99,  0.112, 354.90,  0.076,  12.20,  0.104, 327.99,  0.078,  19.36,  0.083, 331.28,  0.044, 328.13,-99.000, -99.00,-99.000, -99.00,-99.000, -99.00,-99.000, -99.00,
8/29/2006 18:55:00, 12.3,275.7,  0.6,  3.5, 18.778, 28.95,  0.0,  0.0,  0.027, 231.01,  0.036,  85.24,  0.095,  34.70,  0.072,  33.69,  0.064, 277.13,  0.070, 313.26,  0.176,   9.14,  0.115,  47.46,  0.095,   1.21,  0.137, 358.33,  0.117, 341.10,  0.136, 344.63,  0.139,  15.44,  0.149, 327.91,  0.109, 345.07,  0.077, 320.76,-99.000, -99.00,-99.000, -99.00,-99.000, -99.00,-99.000, -99.00,
8/29/2006 19:00:00, 12.3,275.7,  0.6,  3.5, 18.781, 28.95,  0.0,  0.0,  0.032, 104.47,  0.075, 158.20,  0.072, 330.95,  0.132,  25.59,  0.045, 305.10,  0.028, 291.04,  0.126, 313.71,  0.095,  14.62,  0.127,   1.80,  0.100, 351.95,  0.100, 332.67,  0.063,   3.63,  0.084, 328.57,  0.058, 300.96,  0.092, 354.41,  0.071,  55.86,-99.000, -99.00,-99.000, -99.00,-99.000, -99.00,-99.000, -99.00,
8/29/2006 19:05:00, 12.3,275.7,  0.6,  3.5, 18.783, 28.94,  0.0,  0.0,  0.094, 186.75,  0.030, 230.44,  0.043, 107.59,  0.112, 353.32,  0.078,  27.55,  0.111, 352.23,  0.072, 326.31,  0.138,  10.82,  0.070,  16.62,  0.108, 331.31,  0.088, 322.87,  0.109, 319.46,  0.139, 328.26,  0.162, 316.25,  0.145, 311.07,  0.062,  49.60,-99.000, -99.00,-99.000, -99.00,-99.000, -99.00,-99.000, -99.00,
8/29/2006 19:10:00, 12.3,275.7,  0.6,  3.5, 18.777, 28.94,  0.0,  0.0,  0.126,  10.95,  0.023, 260.13,  0.009, 212.01,  0.064,  82.76,  0.027, 306.03,  0.100, 335.22,  0.104, 329.98,  0.093,  22.71,  0.121,   5.71,  0.136, 330.41,  0.121, 321.04,  0.108, 316.87,  0.147, 334.65,  0.109, 332.02,  0.109, 301.50,  0.117, 330.38,-99.000, -99.00,-99.000, -99.00,-99.000, -99.00,-99.000, -99.00,
8/29/2006 19:15:00, 12.3,275.8,  0.6,  3.5, 18.785, 28.94,  0.0,  0.0,  0.157, 298.20,  0.026, 297.55,  0.105, 352.87,  0.090, 352.32,  0.021,  37.41,  0.115,  26.34,  0.116,   0.99,  0.122, 340.82,  0.162, 358.59,  0.160,  15.26,  0.172, 335.22,  0.125, 314.03,  0.106,   7.06,  0.081, 329.64,  0.042, 286.70,  0.060, 281.50,-99.000, -99.00,-99.000, -99.00,-99.000, -99.00,-99.000, -99.00,
8/29/2006 19:20:00, 12.3,275.7,  0.6,  3.5, 18.792, 28.94,  0.0,  0.0,  0.034, 209.54,  0.060,  35.54,  0.092,  90.62,  0.105,  24.85,  0.072,  10.38,  0.120,  95.28,  0.153,  34.32,  0.129,  89.11,  0.121,  96.65,  0.196, 113.43,  0.161, 108.89,  0.156,  74.71,  0.129,  96.24,  0.172, 108.65,  0.181,  96.03,  0.072,  81.19,-99.000, -99.00,-99.000, -99.00,-99.000, -99.00,-99.000, -99.00,
8/29/2006 19:25:00, 12.3,275.7,  0.6,  3.5, 18.787, 28.94,  0.0,  0.0,  0.051,  27.07,  0.084, 323.67,  0.124, 359.08,  0.120, 352.82,  0.164, 342.23,  0.113,   3.54,  0.140, 341.31,  0.077,  60.44,  0.111,  99.89,  0.199,  98.66,  0.091, 114.60,  0.179, 136.13,  0.252, 117.89,  0.198, 104.04,  0.244, 113.41,  0.168, 111.99,-99.000, -99.00,-99.000, -99.00,-99.000, -99.00,-99.000, -99.00,
8/29/2006 19:30:00, 12.3,275.7,  0.6,  3.5, 18.797, 28.94,  0.0,  0.0,  0.127, 313.40,  0.207, 348.85,  0.151, 309.37,  0.042, 265.91,  0.053,  60.52,  0.233, 109.06,  0.206, 122.54,  0.093, 147.67,  0.224, 122.06,  0.255, 106.16,  0.111, 139.40,  0.091, 138.11,  0.139, 143.21,  0.157, 141.74,  0.162, 138.51,  0.112,  69.15,-99.000, -99.00,-99.000, -99.00,-99.000, -99.00,-99.000, -99.00,
8/29/2006 19:35:00, 12.3,275.7,  0.6,  3.5, 18.787, 28.94,  0.0,  0.0,  0.184, 327.00,  0.254, 304.25,  0.192, 313.74,  0.062,  43.70,  0.130, 340.73,  0.078, 287.05,  0.058,  85.07,  0.096,  71.19,  0.061, 127.06,  0.032, 110.14,  0.138, 122.31,  0.137, 136.18,  0.131, 126.00,  0.195, 121.97,  0.212, 136.53,  0.175, 135.46,-99.000, -99.00,-99.000, -99.00,-99.000, -99.00,-99.000, -99.00,
8/29/2006 19:40:00, 12.3,275.8,  0.6,  3.5, 18.790, 28.93,  0.0,  0.0,  0.192, 295.63,  0.116, 332.77,  0.074, 326.52,  0.104, 324.01,  0.130,  18.43,  0.054,  28.95,  0.115, 261.52,  0.149, 103.20,  0.143, 107.93,  0.164, 109.65,  0.172, 109.70,  0.125, 108.73,  0.117, 141.95,  0.129, 143.22,  0.156, 130.32,  0.090, 119.43,-99.000, -99.00,-99.000, -99.00,-99.000, -99.00,-99.000, -99.00,
8/29/2006 19:45:00, 12.3,275.7,  0.6,  3.5, 18.788, 28.93,  0.0,  0.0,  0.104, 337.38,  0.128, 330.03,  0.146, 339.58,  0.141, 355.10,  0.090, 345.19,  0.072, 342.32,  0.063, 119.41,  0.121, 127.63,  0.122, 167.68,  0.089, 176.14,  0.063,  71.57,  0.099, 144.87,  0.231, 129.74,  0.196, 160.92,  0.236, 152.24,  0.172, 113.59,-99.000, -99.00,-99.000, -99.00,-99.000, -99.00,-99.000, -99.00,
8/29/2006 19:50:00, 12.3,275.8,  0.6,  3.5, 18.788, 28.93,  0.0,  0.0,  0.208, 322.03,  0.138, 311.19,  0.129,  19.42,  0.058,  21.25,  0.157,  15.90,  0.126,  18.00,  0.117,  29.20,  0.124,  41.40,  0.122,  83.40,  0.165, 107.67,  0.070, 139.04,  0.018,  99.46,  0.073, 111.66,  0.108, 148.67,  0.087, 154.03,  0.125,  97.81,-99.000, -99.00,-99.000, -99.00,-99.000, -99.00,-99.000, -99.00,
8/29/2006 19:55:00, 12.3,275.8,  0.6,  3.5, 18.789, 28.93,  0.0,  0.0,  0.090, 325.43,  0.019,  90.00,  0.163,   2.11,  0.215,   9.37,  0.096, 342.32,  0.070,  63.80,  0.085,  30.50,  0.024, 345.38,  0.070, 321.34,  0.020,  59.53,  0.058, 101.89,  0.105, 329.78,  0.037,  99.21,  0.120,  99.62,  0.137,  86.24,  0.101,  78.58,-99.000, -99.00,-99.000, -99.00,-99.000, -99.00,-99.000, -99.00,
8/29/2006 20:00:00, 12.3,275.8,  0.6,  3.5, 18.792, 28.93,  0.0,  0.0,  0.122, 318.33,  0.095, 353.93,  0.118, 353.18,  0.079,  18.43,  0.071, 359.19,  0.060,  26.57,  0.097,  18.62,  0.060,  39.56,  0.050, 353.16,  0.069, 324.46,  0.089, 251.77,  0.041, 115.94,  0.120, 126.20,  0.122, 134.33,  0.128, 134.05,  0.072,  74.60,-99.000, -99.00,-99.000, -99.00,-99.000, -99.00,-99.000, -99.00,
8/29/2006 20:05:00, 12.3,275.7,  0.6,  3.5, 18.798, 28.93,  0.0,  0.0,  0.171, 358.99,  0.126, 344.31,  0.158, 356.02,  0.097,  16.76,  0.141,  12.66,  0.120, 345.04,  0.093,  55.46,  0.066, 333.05,  0.019, 334.80,  0.055, 346.22,  0.020,   8.53,  0.034, 114.30,  0.106, 133.47,  0.104, 125.99,  0.079, 141.68,  0.120,  91.43,-99.000, -99.00,-99.000, -99.00,-99.000, -99.00,-99.000, -99.00,
8/29/2006 20:10:00, 12.3,275.8,  0.6,  3.5, 18.794, 28.93,  0.0,  0.0,  0.159, 312.71,  0.093,  11.79,  0.109,  17.60,  0.121,   0.00,  0.111, 323.44,  0.097, 352.29,  0.065,  28.54,  0.099, 343.02,  0.060, 118.69,  0.040, 223.99,  0.039, 207.22,  0.029,  54.69,  0.106,  27.53,  0.135,  42.90,  0.124,  66.13,  0.098,  84.11,-99.000, -99.00,-99.000, -99.00,-99.000, -99.00,-99.000, -99.00,
8/29/2006 20:15:00, 12.3,275.8,  0.6,  3.5, 18.797, 28.93,  0.0,  0.0,  0.190,   5.14,  0.041,  30.96,  0.064, 350.98,  0.051,  38.66,  0.096,  48.81,  0.100,  51.87,  0.069,  26.57,  0.095,   9.66,  0.015, 331.70,  0.027,  79.51,  0.072,   2.39,  0.024,  38.29,  0.034, 164.74,  0.044,  52.35,  0.110,  46.85,  0.098,  73.41,-99.000, -99.00,-99.000, -99.00,-99.000, -99.00,-99.000, -99.00,
8/29/2006 20:20:00, 12.3,275.7,  0.6,  3.5, 18.794, 28.94,  0.0,  0.0,  0.128, 341.85,  0.085, 358.65,  0.091,   1.89,  0.072, 355.24,  0.077, 344.88,  0.063, 333.43,  0.044,  83.52,  0.076,  52.52,  0.011,  33.69,  0.071, 294.04,  0.072, 126.55,  0.080,  71.11,  0.096,  92.39,  0.202, 121.26,  0.124, 137.94,  0.014,  17.10,-99.000, -99.00,-99.000, -99.00,-99.000, -99.00,-99.000, -99.00,
8/29/2006 20:25:00, 12.3,275.7,  0.6,  3.5, 18.800, 28.94,  0.0,  0.0,  0.129,   5.36,  0.040, 214.88,  0.149, 357.31,  0.111, 339.44,  0.130,   2.64,  0.063, 330.59,  0.109, 354.18,  0.048,  30.34,  0.071,  97.33,  0.158, 132.18,  0.049,  78.23,  0.048,  37.35,  0.061,  81.47,  0.137, 133.23,  0.089, 103.57,  0.029,  88.03,-99.000, -99.00,-99.000, -99.00,-99.000, -99.00,-99.000, -99.00,
8/29/2006 20:30:00, 12.3,275.7,  0.6,  3.5, 18.808, 28.94,  0.0,  0.0,  0.154, 332.94,  0.064, 344.67,  0.106, 300.69,  0.149,  57.91,  0.060, 350.38,  0.108, 337.71,  0.085,   4.71,  0.122, 359.06,  0.079,  15.45,  0.112,  83.83,  0.042,  45.00,  0.048, 349.16,  0.099, 319.52,  0.025, 229.90,  0.143,  99.26,  0.096,  69.86,-99.000, -99.00,-99.000, -99.00,-99.000, -99.00,-99.000, -99.00,
8/29/2006 20:35:00, 12.3,275.7,  0.6,  3.5, 18.807, 28.94,  0.0,  0.0,  0.111, 281.41,  0.013, 171.25,  0.082,  80.88,  0.089, 356.14,  0.025,  53.13,  0.112,   5.10,  0.105, 314.62,  0.037, 244.13,  0.062, 302.40,  0.028, 223.53,  0.029,   0.00,  0.043,  79.22,  0.076, 106.05,  0.078,  98.86,  0.037,  96.17,  0.056,  48.62,-99.000, -99.00,-99.000, -99.00,-99.000, -99.00,-99.000, -99.00,
8/29/2006 20:40:00, 12.3,275.7,  0.6,  3.5, 18.812, 28.94,  0.0,  0.0,  0.120,   6.23,  0.030,  57.38,  0.091, 324.39,  0.177,   5.52,  0.097, 344.38,  0.103, 316.57,  0.063,   2.73,  0.015, 293.20,  0.028,  55.18,  0.026,  98.75,  0.086, 240.75,  0.091, 293.20,  0.018, 330.64,  0.071,  18.18,  0.036,   4.76,  0.050,  66.50,-99.000, -99.00,-99.000, -99.00,-99.000, -99.00,-99.000, -99.00,
8/29/2006 20:45:00, 12.3,275.9,  0.6,  3.5, 18.812, 28.94,  0.0,  0.0,  0.181,   0.00,  0.012,  90.00,  0.075,   1.53,  0.097,  59.74,  0.064, 322.59,  0.050, 298.61,  0.069, 359.17,  0.064, 265.53,  0.016, 325.30,  0.010, 143.13,  0.016, 214.70,  0.066, 258.69,  0.056, 197.78,  0.035, 259.99,  0.070, 163.38,  0.029, 319.18,-99.000, -99.00,-99.000, -99.00,-99.000, -99.00,-99.000, -99.00,
8/29/2006 20:50:00, 12.3,275.7,  0.6,  3.5, 18.824, 28.94,  0.0,  0.0,  0.112, 300.70,  0.132,   0.43,  0.105, 357.82,  0.049, 282.91,  0.075,  15.52,  0.098, 337.87,  0.025, 221.82,  0.026, 267.80,  0.020, 206.57,  0.152, 285.69,  0.102, 312.61,  0.045, 294.86,  0.020, 191.31,  0.072, 243.79,  0.021, 247.17,  0.068,  18.97,-99.000, -99.00,-99.000, -99.00,-99.000, -99.00,-99.000, -99.00,
8/29/2006 20:55:00, 12.3,275.7,  0.6,  3.5, 18.823, 28.95,  0.0,  0.0,  0.106, 345.31,  0.065, 345.75,  0.120, 306.87,  0.087, 265.40,  0.079, 342.26,  0.031, 191.31,  0.081, 314.50,  0.081, 292.46,  0.047, 288.43,  0.061, 311.01,  0.037,  57.17,  0.086, 277.37,  0.061, 185.62,  0.131, 247.15,  0.015,   0.00,  0.016,   3.58,-99.000, -99.00,-99.000, -99.00,-99.000, -99.00,-99.000, -99.00,
8/29/2006 21:00:00, 12.3,275.7,  0.6,  3.5, 18.822, 28.95,  0.0,  0.0,  0.067, 304.64,  0.064,   4.47,  0.117,   6.88,  0.128,   4.47,  0.090, 349.81,  0.117, 315.00,  0.132, 328.36,  0.077, 327.13,  0.092, 277.51,  0.029, 210.96,  0.025, 186.84,  0.063, 158.70,  0.015, 137.73,  0.064,  88.21,  0.031, 312.40,  0.046, 322.88,-99.000, -99.00,-99.000, -99.00,-99.000, -99.00,-99.000, -99.00,
8/29/2006 21:05:00, 12.3,275.8,  0.6,  3.5, 18.820, 28.96,  0.0,  0.0,  0.085, 285.02,  0.031, 330.95,  0.155,   0.00,  0.108,   1.06,  0.034, 356.63,  0.098,  12.91,  0.076,   1.51,  0.025, 228.18,  0.045, 288.03,  0.039, 304.51,  0.058, 305.88,  0.080,  22.07,  0.052, 307.97,  0.052, 295.08,  0.094, 270.00,  0.018,  56.31,-99.000, -99.00,-99.000, -99.00,-99.000, -99.00,-99.000, -99.00,
8/29/2006 21:10:00, 12.3,275.7,  0.6,  3.5, 18.825, 28.96,  0.0,  0.0,  0.142, 342.84,  0.086, 313.12,  0.091, 304.22,  0.174, 300.68,  0.032, 311.19,  0.039, 311.88,  0.064, 270.00,  0.029, 209.25,  0.039, 264.14,  0.074, 281.77,  0.085, 266.63,  0.071, 179.19,  0.057, 227.86,  0.043, 232.59,  0.004, 146.31,  0.023,  39.81,-99.000, -99.00,-99.000, -99.00,-99.000, -99.00,-99.000, -99.00,
8/29/2006 21:15:00, 12.2,275.7,  0.6,  3.5, 18.829, 28.97,  0.0,  0.0,  0.084, 341.35,  0.061, 352.41,  0.061,  25.30,  0.087, 293.63,  0.073, 310.01,  0.026, 240.52,  0.042, 224.03,  0.061, 241.76,  0.026, 330.52,  0.072, 270.00,  0.100, 277.48,  0.024, 294.44,  0.042, 310.16,  0.020, 315.00,  0.017, 241.93,  0.074, 332.74,-99.000, -99.00,-99.000, -99.00,-99.000, -99.00,-99.000, -99.00,
8/29/2006 21:20:00, 12.3,275.7,  0.6,  3.5, 18.828, 28.98,  0.0,  0.0,  0.189, 304.20,  0.117, 327.94,  0.061, 358.12,  0.048, 356.42,  0.045, 180.00,  0.064, 280.78,  0.023, 316.74,  0.127,  15.57,  0.099, 319.90,  0.056,  32.55,  0.041, 306.03,  0.038, 356.99,  0.012,   0.00,  0.074,  16.48,  0.083, 350.31,  0.031, 345.07,-99.000, -99.00,-99.000, -99.00,-99.000, -99.00,-99.000, -99.00,
8/29/2006 21:25:00, 12.2,275.7,  0.6,  3.5, 18.832, 28.99,  0.0,  0.0,  0.084, 330.68,  0.099, 319.09,  0.104, 357.80,  0.064, 327.80,  0.125, 322.49,  0.046,  37.87,  0.005,  68.20,  0.022, 144.16,  0.060, 259.44,  0.068, 282.80,  0.074, 318.30,  0.016, 341.57,  0.055, 118.44,  0.051, 249.44,  0.020, 281.31,  0.066, 314.38,-99.000, -99.00,-99.000, -99.00,-99.000, -99.00,-99.000, -99.00,
8/29/2006 21:30:00, 12.2,275.7,  0.6,  3.5, 18.826, 29.00,  0.0,  0.0,  0.143, 301.58,  0.115,   1.00,  0.141,  46.15,  0.039,  87.06,  0.114,  23.20,  0.095, 321.81,  0.018,   9.46,  0.075,  11.61,  0.059, 279.78,  0.122, 307.34,  0.103, 324.46,  0.097, 355.87,  0.014, 225.00,  0.040, 249.27,  0.135, 295.43,  0.022, 320.53,-99.000, -99.00,-99.000, -99.00,-99.000, -99.00,-99.000, -99.00,
8/29/2006 21:35:00, 12.2,275.7,  0.6,  3.5, 18.835, 29.00,  0.0,  0.0,  0.038, 296.57,  0.090, 310.05,  0.044,  62.85,  0.087,  49.18,  0.132, 342.39,  0.094, 320.19,  0.028, 270.00,  0.125, 283.92,  0.027, 169.51,  0.072, 177.61,  0.066, 345.12,  0.052, 297.55,  0.039,  57.53,  0.012,  19.98,  0.093, 345.66,  0.050, 318.27,-99.000, -99.00,-99.000, -99.00,-99.000, -99.00,-99.000, -99.00,
8/29/2006 21:40:00, 12.2,275.8,  0.6,  3.5, 18.836, 29.01,  0.0,  0.0,  0.036, 274.76,  0.118, 302.88,  0.074, 337.62,  0.018,  33.69,  0.095, 186.07,  0.033, 178.26,  0.043, 193.39,  0.071, 224.43,  0.090, 204.86,  0.152, 231.40,  0.064,  62.24,  0.088,  40.39,  0.055,  42.06,  0.092, 323.88,  0.064, 318.81,  0.051, 322.22,-99.000, -99.00,-99.000, -99.00,-99.000, -99.00,-99.000, -99.00,
8/29/2006 21:45:00, 12.2,275.8,  0.6,  3.5, 18.850, 29.01,  0.0,  0.0,  0.128, 338.45,  0.045, 279.04,  0.036,  74.05,  0.065, 275.27,  0.074, 317.73,  0.052, 283.24,  0.008, 203.20,  0.077, 224.47,  0.164, 275.61,  0.039, 280.44,  0.021,  43.03,  0.094,  38.09,  0.062, 349.78,  0.093, 329.04,  0.089, 331.13,  0.047, 302.01,-99.000, -99.00,-99.000, -99.00,-99.000, -99.00,-99.000, -99.00,
8/29/2006 21:50:00, 12.2,275.8,  0.6,  3.5, 18.842, 29.02,  0.0,  0.0,  0.103, 304.31,  0.006, 135.00,  0.091, 286.64,  0.122, 291.10,  0.041, 275.57,  0.052,  36.43,  0.054,  19.44,  0.037,  99.21,  0.018, 270.00,  0.085,  45.95,  0.073, 330.64,  0.083, 332.82,  0.066, 344.05,  0.088, 280.42,  0.060, 271.91,  0.049, 337.11,-99.000, -99.00,-99.000, -99.00,-99.000, -99.00,-99.000, -99.00,
8/29/2006 21:55:00, 12.2,275.7,  0.6,  3.5, 18.853, 29.02,  0.0,  0.0,  0.052,  15.64,  0.087,  57.23,  0.060, 315.67,  0.061, 343.93,  0.093,  13.74,  0.015, 176.19,  0.081, 261.47,  0.045, 196.82,  0.115, 258.98,  0.053, 298.01,  0.035, 276.52,  0.060, 299.15,  0.067, 330.36,  0.144, 324.88,  0.141, 298.94,  0.061, 344.83,-99.000, -99.00,-99.000, -99.00,-99.000, -99.00,-99.000, -99.00,
8/29/2006 22:00:00, 12.2,275.7,  0.6,  3.5, 18.861, 29.02,  0.0,  0.0,  0.110, 333.67,  0.038, 268.49,  0.003, 180.00,  0.023, 270.00,  0.089, 327.93,  0.036, 345.58,  0.110, 286.30,  0.079, 158.33,  0.035, 188.13,  0.055,  91.04,  0.011, 296.57,  0.056, 183.07,  0.043,  30.74,  0.089, 306.36,  0.073, 302.17,  0.080, 264.29,-99.000, -99.00,-99.000, -99.00,-99.000, -99.00,-99.000, -99.00,
8/29/2006 22:05:00, 12.2,275.7,  0.6,  3.5, 18.855, 29.02,  0.0,  0.0,  0.068, 319.76,  0.074, 328.24,  0.054, 302.80,  0.133, 290.20,  0.146, 270.39,  0.083, 322.31,  0.053, 289.80,  0.143, 314.43,  0.062, 318.29,  0.072,  27.28,  0.033, 318.65,  0.087, 253.24,  0.064, 283.60,  0.097, 334.23,  0.141, 309.23,  0.043, 283.39,-99.000, -99.00,-99.000, -99.00,-99.000, -99.00,-99.000, -99.00,
8/29/2006 22:10:00, 12.2,275.7,  0.6,  3.5, 18.860, 29.02,  0.0,  0.0,  0.106, 337.80,  0.018, 231.84,  0.077,  19.60,  0.030, 289.65,  0.043, 268.67,  0.056,   9.29,  0.057, 351.87,  0.061, 325.01,  0.110, 122.39,  0.069, 264.21,  0.119, 275.33,  0.034, 315.00,  0.101, 276.84,  0.061, 279.46,  0.036, 320.60,  0.079, 309.34,-99.000, -99.00,-99.000, -99.00,-99.000, -99.00,-99.000, -99.00,
8/29/2006 22:15:00, 12.2,275.8,  0.6,  3.5, 18.848, 29.02,  0.0,  0.0,  0.123,   2.79,  0.081, 287.31,  0.030, 332.59,  0.076, 264.74,  0.060, 297.85,  0.020, 255.26,  0.064, 353.76,  0.034,  13.63,  0.029,  17.82,  0.081, 276.42,  0.091, 350.54,  0.104,   0.00,  0.092, 294.34,  0.110, 290.25,  0.154, 301.73,  0.057, 280.12,-99.000, -99.00,-99.000, -99.00,-99.000, -99.00,-99.000, -99.00,
8/29/2006 22:20:00, 12.2,275.7,  0.6,  3.5, 18.860, 29.02,  0.0,  0.0,  0.211, 326.99,  0.059, 303.15,  0.053, 309.67,  0.094, 288.05,  0.112, 325.89,  0.202, 303.93,  0.046, 322.88,  0.063, 357.27,  0.085, 292.05,  0.095, 352.13,  0.076, 327.36,  0.106, 292.20,  0.090, 293.70,  0.098, 316.66,  0.088, 314.54,  0.033, 297.35,-99.000, -99.00,-99.000, -99.00,-99.000, -99.00,-99.000, -99.00,
8/29/2006 22:25:00, 12.2,275.7,  0.6,  3.5, 18.860, 29.02,  0.0,  0.0,  0.194, 332.64,  0.207, 317.93,  0.063, 327.32,  0.063, 359.09,  0.083, 285.38,  0.045, 282.80,  0.093, 227.60,  0.068,  47.39,  0.065,  12.53,  0.060,   2.86,  0.033,  17.88,  0.076, 294.19,  0.131, 283.72,  0.026, 292.62,  0.018, 137.29,  0.053, 270.00,-99.000, -99.00,-99.000, -99.00,-99.000, -99.00,-99.000, -99.00,
8/29/2006 22:30:00, 12.2,275.7,  0.6,  3.5, 18.869, 29.02,  0.0,  0.0,  0.233, 315.17,  0.089, 287.62,  0.118, 228.77,  0.108, 290.12,  0.112, 263.83,  0.043, 232.59,  0.061, 291.10,  0.105, 188.75,  0.052, 175.60,  0.060,  31.29,  0.076,  22.50,  0.083, 310.60,  0.065, 202.62,  0.070, 212.09,  0.030, 297.41,  0.072, 309.91,-99.000, -99.00,-99.000, -99.00,-99.000, -99.00,-99.000, -99.00,
8/29/2006 22:35:00, 12.2,275.8,  0.6,  3.5, 18.868, 29.02,  0.0,  0.0,  0.232, 343.44,  0.136, 305.44,  0.118, 315.34,  0.090, 305.10,  0.026, 344.36,  0.083, 279.69,  0.012, 189.46,  0.138, 295.27,  0.042, 218.23,  0.063, 292.48,  0.086, 340.93,  0.004, 213.69,  0.055, 292.38,  0.056, 348.69,  0.150, 306.87,  0.058,   3.95,-99.000, -99.00,-99.000, -99.00,-99.000, -99.00,-99.000, -99.00,
8/29/2006 22:40:00, 12.2,275.7,  0.6,  3.5, 18.873, 29.02,  0.0,  0.0,  0.247, 331.98,  0.131, 285.10,  0.032, 200.14,  0.099, 275.83,  0.072, 240.95,  0.067, 226.81,  0.073, 300.43,  0.033, 264.81,  0.051, 335.92,  0.053, 238.11,  0.069,  28.41,  0.040, 271.43,  0.016, 325.30,  0.079, 297.86,  0.107, 300.87,  0.027, 280.49,-99.000, -99.00,-99.000, -99.00,-99.000, -99.00,-99.000, -99.00,
8/29/2006 22:45:00, 12.2,275.7,  0.6,  3.5, 18.870, 29.02,  0.0,  0.0,  0.254, 337.57,  0.076, 301.61,  0.096, 227.12,  0.049,   6.98,  0.113, 309.61,  0.077, 261.76,  0.117, 351.18,  0.076, 303.69,  0.077, 290.56,  0.118, 284.27,  0.038, 282.20,  0.107, 263.54,  0.062, 335.10,  0.070, 342.60,  0.058, 292.17,  0.083, 260.99,-99.000, -99.00,-99.000, -99.00,-99.000, -99.00,-99.000, -99.00,
8/29/2006 22:50:00, 12.2,275.8,  0.6,  3.5, 18.862, 29.02,  0.0,  0.0,  0.082, 339.36,  0.010,   0.00,  0.082, 239.39,  0.099, 241.62,  0.109, 225.00,  0.140, 244.17,  0.066, 273.47,  0.042, 298.39,  0.030, 207.41,  0.042, 325.56,  0.116, 283.44,  0.147, 273.89,  0.091, 266.23,  0.023, 331.19,  0.038, 308.66,  0.026, 285.64,-99.000, -99.00,-99.000, -99.00,-99.000, -99.00,-99.000, -99.00,
8/29/2006 22:55:00, 12.2,275.7,  0.6,  3.5, 18.871, 29.03,  0.0,  0.0,  0.198, 342.66,  0.049, 327.62,  0.110,  21.41,  0.043,  35.54,  0.117,  82.15,  0.034, 241.93,  0.087, 236.31,  0.111, 263.26,  0.070, 324.94,  0.053,   0.00,  0.103, 349.35,  0.045, 336.30,  0.091, 252.76,  0.037, 273.09,  0.003, 198.43,  0.076, 273.76,-99.000, -99.00,-99.000, -99.00,-99.000, -99.00,-99.000, -99.00,
8/29/2006 23:00:00, 12.2,275.8,  0.6,  3.5, 18.865, 29.03,  0.0,  0.0,  0.039, 262.69,  0.140, 347.65,  0.092,  69.59,  0.103, 328.47,  0.046,  15.26,  0.050, 231.52,  0.075, 262.30,  0.053, 284.30,  0.066, 309.47,  0.051, 242.93,  0.049, 328.24,  0.087, 321.03,  0.116, 334.54,  0.049,  14.32,  0.008,   7.13,  0.049, 358.83,-99.000, -99.00,-99.000, -99.00,-99.000, -99.00,-99.000, -99.00,
8/29/2006 23:05:00, 12.2,275.7,  0.6,  3.5, 18.870, 29.03,  0.0,  0.0,  0.236, 325.03,  0.069,  17.65,  0.100, 255.55,  0.106, 274.32,  0.077, 237.13,  0.072, 230.09,  0.098, 281.20,  0.052, 261.09,  0.030, 260.54,  0.055, 268.96,  0.046, 274.97,  0.080, 340.20,  0.071,   0.00,  0.107, 303.54,  0.031, 294.90,  0.072, 296.57,-99.000, -99.00,-99.000, -99.00,-99.000, -99.00,-99.000, -99.00,
8/29/2006 23:10:00, 12.2,275.8,  0.6,  3.5, 18.866, 29.03,  0.0,  0.0,  0.045,  18.03,  0.081, 322.99,  0.040, 345.62,  0.089, 318.63,  0.084, 213.31,  0.071, 292.25,  0.107, 256.48,  0.118, 255.26,  0.056, 252.22,  0.019, 231.34,  0.018, 253.61,  0.054, 292.78,  0.027,   0.00,  0.014, 342.90,  0.048, 310.73,  0.018, 315.00,-99.000, -99.00,-99.000, -99.00,-99.000, -99.00,-99.000, -99.00,
8/29/2006 23:15:00, 12.2,275.7,  0.6,  3.5, 18.876, 29.03,  0.0,  0.0,  0.111, 318.28,  0.090, 339.74,  0.022, 236.31,  0.024, 141.71,  0.050, 206.05,  0.089, 315.00,  0.074, 169.90,  0.166, 225.73,  0.021, 177.27,  0.075, 243.09,  0.116, 263.06,  0.072, 356.82,  0.033, 310.03,  0.025, 220.10,  0.030, 258.31,  0.048, 349.16,-99.000, -99.00,-99.000, -99.00,-99.000, -99.00,-99.000, -99.00,
8/29/2006 23:20:00, 12.2,275.6,  0.6,  3.5, 18.886, 29.03,  0.0,  0.0,  0.069, 266.68,  0.047, 347.74,  0.006,   0.00,  0.063, 286.70,  0.062, 237.60,  0.110, 278.35,  0.107, 280.78,  0.097, 261.12,  0.121, 274.72,  0.050, 252.65,  0.084, 272.05,  0.068, 271.68,  0.123, 285.62,  0.022, 243.43,  0.116, 295.02,  0.062, 307.79,-99.000, -99.00,-99.000, -99.00,-99.000, -99.00,-99.000, -99.00,
8/29/2006 23:25:00, 12.2,275.7,  0.6,  3.5, 18.883, 29.03,  0.0,  0.0,  0.118, 328.20,  0.164, 348.00,  0.069,  10.82,  0.100, 287.53,  0.062, 301.12,  0.094, 270.00,  0.072, 325.20,  0.124, 284.93,  0.148, 263.02,  0.172, 277.70,  0.123, 289.47,  0.147, 289.05,  0.149, 301.56,  0.078, 268.53,  0.125, 320.84,  0.050, 321.52,-99.000, -99.00,-99.000, -99.00,-99.000, -99.00,-99.000, -99.00,
8/29/2006 23:30:00, 12.2,275.7,  0.6,  3.5, 18.891, 29.03,  0.0,  0.0,  0.106, 345.31,  0.125, 334.87,  0.108, 283.91,  0.062, 314.34,  0.082, 278.43,  0.110, 299.36,  0.071, 264.37,  0.046, 290.41,  0.095, 211.17,  0.121, 279.54,  0.105, 282.06,  0.163, 270.00,  0.025, 253.74,  0.070, 308.66,  0.038, 311.76,  0.064, 353.76,-99.000, -99.00,-99.000, -99.00,-99.000, -99.00,-99.000, -99.00,
8/29/2006 23:35:00, 12.2,275.7,  0.6,  3.5, 18.896, 29.03,  0.0,  0.0,  0.160, 311.96,  0.106, 279.82,  0.110, 308.01,  0.032, 304.70,  0.083, 270.00,  0.036, 302.35,  0.090, 305.46,  0.129, 226.57,  0.103, 255.96,  0.129, 285.33,  0.014, 300.26,  0.022,  63.43,  0.040,   0.00,  0.041,   5.57,  0.037, 325.01,  0.049, 312.51,-99.000, -99.00,-99.000, -99.00,-99.000, -99.00,-99.000, -99.00,
8/29/2006 23:40:00, 12.2,275.7,  0.6,  3.5, 18.895, 29.04,  0.0,  0.0,  0.147, 347.39,  0.114, 339.50,  0.039,  16.56,  0.088, 315.46,  0.185, 317.19,  0.141, 295.11,  0.161, 288.10,  0.108, 271.59,  0.155, 261.09,  0.103, 254.21,  0.149, 275.40,  0.112, 306.67,  0.182, 299.67,  0.104, 281.09,  0.027, 293.75,  0.048, 288.06,-99.000, -99.00,-99.000, -99.00,-99.000, -99.00,-99.000, -99.00,
8/29/2006 23:45:00, 12.2,275.8,  0.6,  3.5, 18.884, 29.04,  0.0,  0.0,  0.214, 320.50,  0.155, 313.17,  0.210, 328.66,  0.130,   0.00,  0.107,   0.54,  0.114, 321.42,  0.055, 349.51,  0.132, 349.97,  0.055, 303.11,  0.051, 276.71,  0.055, 271.04,  0.103, 303.07,  0.088, 288.64,  0.108, 318.37,  0.095, 356.39,  0.079, 291.40,-99.000, -99.00,-99.000, -99.00,-99.000, -99.00,-99.000, -99.00,
8/29/2006 23:50:00, 12.2,275.7,  0.6,  3.5, 18.888, 29.04,  0.0,  0.0,  0.148, 338.13,  0.126, 336.68,  0.148, 343.52,  0.057, 335.22,  0.112, 323.33,  0.105, 253.46,  0.149, 273.46,  0.210, 259.28,  0.188, 293.16,  0.162, 311.49,  0.113, 312.48,  0.130, 307.49,  0.141, 294.21,  0.161, 293.06,  0.123, 311.36,  0.104, 313.83,-99.000, -99.00,-99.000, -99.00,-99.000, -99.00,-99.000, -99.00,
8/29/2006 23:55:00, 12.2,275.7,  0.6,  3.5, 18.883, 29.04,  0.0,  0.0,  0.129, 321.27,  0.157, 319.91,  0.068, 351.51,  0.163, 306.52,  0.101, 264.35,  0.081, 315.00,  0.112, 290.85,  0.140, 279.06,  0.150, 261.54,  0.130, 261.12,  0.158, 293.82,  0.170, 289.29,  0.176, 287.92,  0.186, 289.51,  0.070, 270.82,  0.069, 263.39,-99.000, -99.00,-99.000, -99.00,-99.000, -99.00,-99.000, -99.00,
8/30/2006 00:00:00, 12.2,275.7,  0.6,  3.5, 18.889, 29.04,  0.0,  0.0,  0.198, 342.94,  0.037, 349.00,  0.076,  20.82,  0.156, 316.30,  0.143, 348.69,  0.138, 325.62,  0.134, 309.86,  0.119, 287.67,  0.066, 241.88,  0.108, 288.43,  0.050,  11.53,  0.121, 280.94,  0.173, 286.76,  0.135, 295.43,  0.101, 290.96,  0.109, 257.24,-99.000, -99.00,-99.000, -99.00,-99.000, -99.00,-99.000, -99.00,
8/30/2006 00:05:00, 12.2,275.6,  0.6,  3.5, 18.882, 29.04,  0.0,  0.0,  0.203, 350.07,  0.133, 336.12,  0.027,   0.00,  0.046, 357.51,  0.064, 339.86,  0.131, 285.95,  0.170, 281.91,  0.131, 309.75,  0.070, 309.81,  0.103, 269.44,  0.121, 277.13,  0.170, 274.04,  0.132, 255.12,  0.096, 277.20,  0.033, 284.04,  0.049, 320.79,-99.000, -99.00,-99.000, -99.00,-99.000, -99.00,-99.000, -99.00,
8/30/2006 00:10:00, 12.2,275.6,  0.6,  3.5, 18.891, 29.04,  0.0,  0.0,  0.118, 342.18,  0.096,  30.86,  0.070, 321.98,  0.139, 247.51,  0.033, 311.35,  0.100, 298.11,  0.092, 278.75,  0.087, 297.45,  0.142, 283.06,  0.093, 303.18,  0.167, 317.91,  0.195, 277.67,  0.089, 260.96,  0.132, 270.43,  0.054, 254.93,  0.069, 278.37,-99.000, -99.00,-99.000, -99.00,-99.000, -99.00,-99.000, -99.00,
8/30/2006 00:15:00, 12.2,275.8,  0.6,  3.5, 18.888, 29.04,  0.0,  0.0,  0.167, 330.98,  0.050, 280.41,  0.078, 292.62,  0.067, 318.01,  0.087, 285.31,  0.077, 276.75,  0.134, 306.53,  0.187, 281.73,  0.122, 282.78,  0.070, 282.44,  0.102, 304.62,  0.145, 277.13,  0.119, 280.65,  0.109, 263.66,  0.083, 264.49,  0.106, 296.32,-99.000, -99.00,-99.000, -99.00,-99.000, -99.00,-99.000, -99.00,
8/30/2006 00:20:00, 12.2,275.7,  0.6,  3.5, 18.879, 29.04,  0.0,  0.0,  0.226, 340.12,  0.111,   3.61,  0.130, 331.07,  0.021,  10.78,  0.166, 294.56,  0.117, 311.88,  0.185, 304.21,  0.080, 288.21,  0.130, 270.44,  0.199, 260.44,  0.114, 277.56,  0.163, 283.44,  0.108, 285.58,  0.205, 276.16,  0.187, 283.96,  0.057, 277.00,-99.000, -99.00,-99.000, -99.00,-99.000, -99.00,-99.000, -99.00,
8/30/2006 00:25:00, 12.2,275.7,  0.6,  3.5, 18.876, 29.04,  0.0,  0.0,  0.044, 302.97,  0.049, 357.66,  0.131, 306.61,  0.161, 333.43,  0.159, 258.41,  0.140, 278.65,  0.163, 261.52,  0.091, 297.41,  0.128, 291.97,  0.174, 280.28,  0.144, 271.59,  0.095, 292.80,  0.142, 286.78,  0.138, 276.25,  0.173, 285.08,  0.069, 324.46,-99.000, -99.00,-99.000, -99.00,-99.000, -99.00,-99.000, -99.00,
8/30/2006 00:30:00, 12.2,275.7,  0.6,  3.5, 18.864, 29.04,  0.0,  0.0,  0.142, 345.28,  0.118, 316.71,  0.144, 300.49,  0.154, 326.62,  0.111, 287.29,  0.112, 250.10,  0.140, 303.92,  0.173, 294.64,  0.183, 286.16,  0.089, 277.13,  0.210, 297.17,  0.158, 277.62,  0.032, 268.21,  0.066, 286.78,  0.132, 288.16,  0.072, 264.45,-99.000, -99.00,-99.000, -99.00,-99.000, -99.00,-99.000, -99.00,
8/30/2006 00:35:00, 12.2,275.8,  0.6,  3.5, 18.857, 29.04,  0.0,  0.0,  0.178, 295.56,  0.081, 305.46,  0.073, 337.32,  0.077, 278.24,  0.144, 307.11,  0.164, 289.98,  0.117, 312.93,  0.133, 296.76,  0.150, 322.59,  0.121, 298.69,  0.048, 324.32,  0.134, 254.00,  0.151, 262.03,  0.151, 308.84,  0.151, 322.83,  0.060, 254.58,-99.000, -99.00,-99.000, -99.00,-99.000, -99.00,-99.000, -99.00,
8/30/2006 00:40:00, 12.2,275.8,  0.6,  3.5, 18.856, 29.04,  0.0,  0.0,  0.198, 342.94,  0.160, 357.49,  0.117, 304.91,  0.169, 320.76,  0.102, 307.43,  0.134, 315.60,  0.116, 310.44,  0.053, 278.75,  0.026, 229.64,  0.142, 270.81,  0.170, 268.99,  0.166, 271.38,  0.147, 286.21,  0.137, 285.66,  0.131, 285.95,  0.116, 242.33,-99.000, -99.00,-99.000, -99.00,-99.000, -99.00,-99.000, -99.00,
8/30/2006 00:45:00, 12.2,275.7,  0.6,  3.5, 18.857, 29.04,  0.0,  0.0,  0.084,   0.00,  0.095, 283.45,  0.045, 296.57,  0.075, 282.36,  0.145, 298.52,  0.134, 286.00,  0.124, 278.33,  0.104, 298.04,  0.163, 258.35,  0.075, 248.91,  0.174, 272.63,  0.131, 252.26,  0.076, 268.49,  0.102, 315.00,  0.222, 285.66,  0.073, 262.87,-99.000, -99.00,-99.000, -99.00,-99.000, -99.00,-99.000, -99.00,
8/30/2006 00:50:00, 12.2,275.7,  0.6,  3.5, 18.870, 29.04,  0.0,  0.0,  0.103,  16.33,  0.071, 261.07,  0.068, 327.01,  0.122, 301.21,  0.146, 299.55,  0.052, 281.09,  0.087, 325.76,  0.131, 302.84,  0.144, 294.25,  0.177, 299.02,  0.108, 301.78,  0.135, 302.86,  0.144, 295.86,  0.144, 322.33,  0.147, 323.83,  0.028, 310.60,-99.000, -99.00,-99.000, -99.00,-99.000, -99.00,-99.000, -99.00,
8/30/2006 00:55:00, 12.2,275.8,  0.6,  3.5, 18.870, 29.04,  0.0,  0.0,  0.128, 328.04,  0.109, 304.56,  0.100, 311.35,  0.138, 271.66,  0.013, 141.34,  0.075, 264.67,  0.120, 258.97,  0.138, 245.66,  0.130, 270.88,  0.102, 309.81,  0.093, 287.46,  0.034, 281.98,  0.142, 280.52,  0.112, 294.27,  0.101, 327.57,  0.039, 267.06,-99.000, -99.00,-99.000, -99.00,-99.000, -99.00,-99.000, -99.00,
8/30/2006 01:00:00, 12.2,275.8,  0.6,  3.5, 18.872, 29.04,  0.0,  0.0,  0.133, 327.26,  0.135, 322.20,  0.056, 307.07,  0.075, 295.20,  0.124, 285.38,  0.132, 272.60,  0.102, 304.16,  0.120, 264.24,  0.200, 259.93,  0.055, 339.93,  0.104, 266.70,  0.095, 293.04,  0.110, 294.70,  0.149, 295.36,  0.099, 308.03,  0.095, 262.72,-99.000, -99.00,-99.000, -99.00,-99.000, -99.00,-99.000, -99.00,
8/30/2006 01:05:00, 12.2,275.7,  0.6,  3.5, 18.868, 29.04,  0.0,  0.0,  0.118, 327.79,  0.154, 306.27,  0.076, 329.04,  0.159,  27.69,  0.092, 327.86,  0.053,  41.19,  0.071, 315.57,  0.188, 326.73,  0.157, 285.54,  0.127, 328.57,  0.173, 332.40,  0.198, 305.94,  0.087, 292.42,  0.130, 282.86,  0.161, 304.88,  0.018, 276.34,-99.000, -99.00,-99.000, -99.00,-99.000, -99.00,-99.000, -99.00,
8/30/2006 01:10:00, 12.2,275.7,  0.6,  3.5, 18.867, 29.04,  0.0,  0.0,  0.087, 338.44,  0.111, 321.58,  0.086,   0.00,  0.050,   7.97,  0.051, 296.57,  0.074, 277.80,  0.135, 283.73,  0.070, 267.55,  0.074, 246.19,  0.068, 265.79,  0.058, 237.68,  0.106, 277.06,  0.174, 290.83,  0.126, 266.37,  0.115, 269.50,  0.025, 248.63,-99.000, -99.00,-99.000, -99.00,-99.000, -99.00,-99.000, -99.00,
8/30/2006 01:15:00, 12.2,275.7,  0.6,  3.5, 18.863, 29.04,  0.0,  0.0,  0.161, 301.82,  0.191, 319.04,  0.114, 310.38,  0.110, 337.62,  0.157, 339.49,  0.109, 359.47,  0.099, 312.55,  0.213, 312.53,  0.160, 324.42,  0.239, 285.78,  0.171, 291.61,  0.103, 296.57,  0.152, 267.74,  0.127, 252.57,  0.148, 304.01,  0.055, 141.67,-99.000, -99.00,-99.000, -99.00,-99.000, -99.00,-99.000, -99.00,
8/30/2006 01:20:00, 12.2,275.8,  0.6,  3.5, 18.858, 29.04,  0.0,  0.0,  0.096, 315.00,  0.042,  56.69,  0.081, 316.01,  0.175, 322.67,  0.145, 316.96,  0.099, 296.31,  0.078, 285.64,  0.061, 279.46,  0.146, 279.46,  0.201, 282.04,  0.183, 280.70,  0.154, 278.60,  0.140, 284.93,  0.174, 294.80,  0.144, 293.36,  0.045, 210.53,-99.000, -99.00,-99.000, -99.00,-99.000, -99.00,-99.000, -99.00,
8/30/2006 01:25:00, 12.2,275.7,  0.6,  3.5, 18.854, 29.04,  0.0,  0.0,  0.184, 303.69,  0.182, 310.53,  0.136, 313.21,  0.120, 271.43,  0.039, 252.03,  0.088, 336.63,  0.094, 302.01,  0.144, 315.28,  0.176, 317.53,  0.106, 288.09,  0.135, 303.22,  0.136, 302.99,  0.145, 292.32,  0.182, 306.05,  0.189, 303.35,  0.035, 258.37,-99.000, -99.00,-99.000, -99.00,-99.000, -99.00,-99.000, -99.00,
8/30/2006 01:30:00, 12.2,275.8,  0.6,  3.5, 18.853, 29.04,  0.0,  0.0,  0.100, 230.27,  0.100, 301.16,  0.102, 301.35,  0.101, 287.90,  0.161, 310.72,  0.231, 291.57,  0.080, 314.49,  0.093, 268.77,  0.166, 309.14,  0.141, 300.75,  0.078, 307.75,  0.123, 296.98,  0.082, 278.43,  0.080, 259.25,  0.078, 279.58,  0.081, 258.55,-99.000, -99.00,-99.000, -99.00,-99.000, -99.00,-99.000, -99.00,
8/30/2006 01:35:00, 12.2,275.7,  0.6,  3.5, 18.847, 29.04,  0.0,  0.0,  0.202, 310.79,  0.098, 295.26,  0.171, 324.27,  0.116, 329.89,  0.114, 328.26,  0.209, 331.72,  0.183, 315.22,  0.075, 313.92,  0.086, 294.78,  0.169, 301.43,  0.191, 317.97,  0.196, 308.57,  0.208, 310.72,  0.215, 303.02,  0.152, 306.42,  0.084, 281.71,-99.000, -99.00,-99.000, -99.00,-99.000, -99.00,-99.000, -99.00,
8/30/2006 01:40:00, 12.2,275.8,  0.6,  3.5, 18.847, 29.04,  0.0,  0.0,  0.153, 290.34,  0.162, 279.93,  0.135, 280.65,  0.143, 299.79,  0.125, 324.14,  0.097, 287.32,  0.045, 276.34,  0.079, 221.93,  0.114, 289.38,  0.142, 283.45,  0.114, 271.01,  0.090, 257.20,  0.125, 275.53,  0.115, 288.75,  0.183, 287.45,  0.103, 294.58,-99.000, -99.00,-99.000, -99.00,-99.000, -99.00,-99.000, -99.00,
8/30/2006 01:45:00, 12.2,275.8,  0.6,  3.5, 18.831, 29.04,  0.0,  0.0,  0.130, 293.60,  0.123, 335.52,  0.074, 325.45,  0.148,   7.36,  0.121, 319.71,  0.109, 354.18,  0.094, 337.52,  0.138, 327.46,  0.117, 287.97,  0.185, 310.16,  0.111, 288.43,  0.144, 289.06,  0.193, 272.67,  0.138, 297.68,  0.132, 315.31,  0.041, 318.95,-99.000, -99.00,-99.000, -99.00,-99.000, -99.00,-99.000, -99.00,
8/30/2006 01:50:00, 12.2,275.8,  0.6,  3.5, 18.841, 29.04,  0.0,  0.0,  0.154, 329.61,  0.039, 313.96,  0.061, 322.37,  0.086,  37.00,  0.062, 283.13,  0.116, 269.51,  0.159, 271.44,  0.203, 282.53,  0.144, 272.78,  0.199, 250.93,  0.140, 261.35,  0.089, 296.85,  0.128, 277.18,  0.127, 274.50,  0.180, 284.11,  0.068, 229.76,-99.000, -99.00,-99.000, -99.00,-99.000, -99.00,-99.000, -99.00,
8/30/2006 01:55:00, 12.2,275.8,  0.6,  3.5, 18.825, 29.04,  0.0,  0.0,  0.224, 303.69,  0.196, 295.39,  0.153, 280.94,  0.216, 303.10,  0.126, 289.44,  0.119, 336.23,  0.134, 335.73,  0.179, 341.46,  0.196, 298.40,  0.185, 293.24,  0.111, 293.33,  0.135, 309.59,  0.153, 309.42,  0.227, 307.83,  0.167, 332.51,  0.107, 292.00,-99.000, -99.00,-99.000, -99.00,-99.000, -99.00,-99.000, -99.00,
8/30/2006 02:00:00, 12.2,275.7,  0.6,  3.5, 18.823, 29.04,  0.0,  0.0,  0.132, 283.61,  0.156, 289.48,  0.121, 340.67,  0.165, 301.38,  0.143, 327.31,  0.132, 307.30,  0.050, 286.26,  0.168, 275.13,  0.100, 279.74,  0.062, 313.70,  0.133, 325.71,  0.107, 351.95,  0.198, 310.70,  0.099, 296.31,  0.135, 294.09,  0.123, 279.39,-99.000, -99.00,-99.000, -99.00,-99.000, -99.00,-99.000, -99.00,
8/30/2006 02:05:00, 12.2,275.8,  0.6,  3.5, 18.824, 29.04,  0.0,  0.0,  0.042, 272.73,  0.103, 262.18,  0.111, 283.54,  0.217, 299.88,  0.154, 303.07,  0.153, 291.52,  0.111, 293.33,  0.000,   0.00,  0.102, 284.17,  0.139, 306.21,  0.166, 305.22,  0.091, 272.52,  0.122, 279.93,  0.082, 320.91,  0.209, 305.28,  0.102, 272.81,-99.000, -99.00,-99.000, -99.00,-99.000, -99.00,-99.000, -99.00,
8/30/2006 02:10:00, 12.2,275.7,  0.6,  3.5, 18.820, 29.04,  0.0,  0.0,  0.137, 315.59,  0.093, 278.04,  0.048, 239.66,  0.081, 294.97,  0.193, 334.23,  0.178, 320.48,  0.008,   7.13,  0.123, 266.28,  0.099, 274.04,  0.073, 325.65,  0.153, 296.06,  0.118, 302.88,  0.195, 292.35,  0.128, 277.18,  0.127, 287.00,  0.059, 257.37,-99.000, -99.00,-99.000, -99.00,-99.000, -99.00,-99.000, -99.00,
8/30/2006 02:15:00, 12.2,275.7,  0.6,  3.5, 18.820, 29.04,  0.0,  0.0,  0.154, 308.43,  0.118, 328.20,  0.192, 307.82,  0.116, 342.50,  0.161, 323.06,  0.073, 349.00,  0.148, 323.52,  0.178, 317.05,  0.133, 297.72,  0.132, 287.20,  0.147, 304.45,  0.193, 304.43,  0.104, 319.28,  0.062, 359.08,  0.116, 313.60,  0.086, 299.83,-99.000, -99.00,-99.000, -99.00,-99.000, -99.00,-99.000, -99.00,
8/30/2006 02:20:00, 12.2,275.7,  0.6,  3.5, 18.812, 29.04,  0.0,  0.0,  0.157, 320.94,  0.146, 308.90,  0.135, 296.38,  0.193, 325.57,  0.153, 314.21,  0.099, 301.76,  0.155, 306.87,  0.105, 315.38,  0.050, 281.53,  0.086, 312.63,  0.140, 302.44,  0.181, 286.73,  0.166, 279.01,  0.167, 292.12,  0.151, 313.12,  0.104, 306.43,-99.000, -99.00,-99.000, -99.00,-99.000, -99.00,-99.000, -99.00,
8/30/2006 02:25:00, 12.2,275.7,  0.6,  3.5, 18.814, 29.04,  0.0,  0.0,  0.118, 267.09,  0.215, 296.57,  0.151, 311.51,  0.182, 325.52,  0.139, 314.42,  0.119, 301.95,  0.087, 320.62,  0.129, 352.87,  0.208, 352.53,  0.169,   2.71,  0.105,  36.87,  0.152, 301.29,  0.167, 305.50,  0.203, 311.21,  0.148, 327.17,  0.082, 282.68,-99.000, -99.00,-99.000, -99.00,-99.000, -99.00,-99.000, -99.00,
8/30/2006 02:30:00, 12.2,275.9,  0.6,  3.5, 18.808, 29.04,  0.0,  0.0,  0.188, 318.24,  0.155, 307.91,  0.120,   2.86,  0.060, 289.33,  0.120, 319.40,  0.092,   0.62,  0.063, 356.37,  0.168, 295.35,  0.180, 285.12,  0.047,   0.00,  0.157, 323.28,  0.169, 317.16,  0.183, 297.26,  0.139, 317.04,  0.264, 314.23,  0.081, 308.99,-99.000, -99.00,-99.000, -99.00,-99.000, -99.00,-99.000, -99.00,
8/30/2006 02:35:00, 12.2,275.7,  0.6,  3.5, 18.800, 29.03,  0.0,  0.0,  0.148, 331.70,  0.141, 296.02,  0.165, 312.79,  0.179, 321.14,  0.165, 289.86,  0.139, 322.31,  0.190, 301.69,  0.177, 290.90,  0.143, 312.17,  0.094, 285.36,  0.155, 287.27,  0.132, 310.70,  0.026, 254.36,  0.121, 284.38,  0.070, 330.87,  0.013, 202.62,-99.000, -99.00,-99.000, -99.00,-99.000, -99.00,-99.000, -99.00,
8/30/2006 02:40:00, 12.2,275.7,  0.6,  3.5, 18.795, 29.03,  0.0,  0.0,  0.065, 332.65,  0.155, 338.40,  0.125, 320.19,  0.120, 282.53,  0.086, 306.47,  0.114, 321.03,  0.109, 323.97,  0.132, 307.91,  0.144, 278.41,  0.098, 304.66,  0.073, 259.00,  0.074, 266.13,  0.136, 288.43,  0.185, 306.87,  0.151, 303.37,  0.084, 281.04,-99.000, -99.00,-99.000, -99.00,-99.000, -99.00,-99.000, -99.00,
8/30/2006 02:45:00, 12.2,275.8,  0.6,  3.5, 18.797, 29.03,  0.0,  0.0,  0.062, 327.60,  0.183,   3.13,  0.100, 310.54,  0.061, 342.76,  0.168, 330.09,  0.133, 311.96,  0.114, 292.08,  0.135, 312.30,  0.151, 307.17,  0.106, 305.04,  0.099, 301.76,  0.098, 317.88,  0.084, 291.67,  0.161, 321.28,  0.070, 324.27,  0.076, 281.31,-99.000, -99.00,-99.000, -99.00,-99.000, -99.00,-99.000, -99.00,
8/30/2006 02:50:00, 12.2,275.8,  0.6,  3.5, 18.799, 29.03,  0.0,  0.0,  0.106, 326.16,  0.149, 332.40,  0.073, 327.83,  0.066, 339.65,  0.076, 289.15,  0.188, 287.37,  0.107, 293.20,  0.115, 251.72,  0.141, 286.00,  0.118, 300.05,  0.159, 276.14,  0.122, 276.13,  0.151, 306.95,  0.190, 299.93,  0.183, 311.45,  0.083, 275.51,-99.000, -99.00,-99.000, -99.00,-99.000, -99.00,-99.000, -99.00,
8/30/2006 02:55:00, 12.2,275.7,  0.6,  3.5, 18.785, 29.03,  0.0,  0.0,  0.099, 334.98,  0.176, 331.55,  0.066, 302.01,  0.148, 299.17,  0.050, 316.64,  0.123, 355.35,  0.170, 316.66,  0.069, 333.43,  0.091, 322.13,  0.167, 309.89,  0.158, 346.84,  0.133, 322.01,  0.135, 315.30,  0.103, 311.86,  0.109, 290.92,  0.087, 275.25,-99.000, -99.00,-99.000, -99.00,-99.000, -99.00,-99.000, -99.00,
8/30/2006 03:00:00, 12.2,275.7,  0.6,  3.5, 18.789, 29.04,  0.0,  0.0,  0.102,  32.12,  0.161, 336.61,  0.153, 324.03,  0.100, 271.15,  0.096,  15.78,  0.038, 330.07,  0.129, 320.99,  0.156, 279.94,  0.130, 268.24,  0.070, 305.06,  0.213, 301.15,  0.127, 324.93,  0.160, 314.49,  0.183, 275.34,  0.173, 275.31,  0.052, 272.20,-99.000, -99.00,-99.000, -99.00,-99.000, -99.00,-99.000, -99.00,
8/30/2006 03:05:00, 12.2,275.7,  0.6,  3.5, 18.777, 29.04,  0.0,  0.0,  0.091, 272.52,  0.113, 308.19,  0.136, 283.63,  0.087, 324.85,  0.120, 269.52,  0.114, 239.38,  0.113, 268.48,  0.171, 290.24,  0.083, 292.57,  0.043, 280.78,  0.149, 308.48,  0.136, 278.01,  0.166, 313.53,  0.194, 332.38,  0.220, 315.55,  0.109, 300.33,-99.000, -99.00,-99.000, -99.00,-99.000, -99.00,-99.000, -99.00,
8/30/2006 03:10:00, 12.2,275.8,  0.6,  3.5, 18.780, 29.04,  0.0,  0.0,  0.115, 282.58,  0.102, 281.31,  0.092, 319.87,  0.072, 304.80,  0.085, 351.87,  0.067, 311.99,  0.076, 260.91,  0.085, 285.02,  0.124, 282.58,  0.046, 334.00,  0.072, 311.04,  0.148, 296.57,  0.197, 308.21,  0.172, 319.94,  0.166, 313.78,  0.035,  13.24,-99.000, -99.00,-99.000, -99.00,-99.000, -99.00,-99.000, -99.00,
8/30/2006 03:15:00, 12.2,275.9,  0.6,  3.5, 18.766, 29.04,  0.0,  0.0,  0.047, 271.22,  0.115, 318.53,  0.136, 321.27,  0.082, 298.44,  0.056, 306.25,  0.122, 313.34,  0.104, 298.04,  0.084, 300.85,  0.172, 319.72,  0.156, 316.04,  0.154, 300.39,  0.197, 299.82,  0.211, 292.56,  0.195, 309.58,  0.214, 309.70,  0.096, 333.43,-99.000, -99.00,-99.000, -99.00,-99.000, -99.00,-99.000, -99.00,
8/30/2006 03:20:00, 12.2,275.7,  0.6,  3.5, 18.761, 29.04,  0.0,  0.0,  0.086,   7.37,  0.170, 318.34,  0.060, 348.50,  0.016, 356.42,  0.102,  27.32,  0.092, 310.60,  0.092, 289.61,  0.104, 342.09,  0.160, 285.95,  0.182, 292.62,  0.137, 343.42,  0.126, 306.60,  0.171, 293.42,  0.177, 315.00,  0.169, 324.90,  0.049, 328.24,-99.000, -99.00,-99.000, -99.00,-99.000, -99.00,-99.000, -99.00,
8/30/2006 03:25:00, 12.2,275.8,  0.6,  3.5, 18.762, 29.03,  0.0,  0.0,  0.124, 326.18,  0.179, 312.51,  0.055,   0.00,  0.070, 355.91,  0.139, 326.42,  0.136, 286.70,  0.133, 294.05,  0.152, 337.50,  0.245, 292.06,  0.237, 300.13,  0.079, 295.59,  0.135, 296.38,  0.146, 309.70,  0.141, 327.44,  0.180, 332.58,  0.114, 338.39,-99.000, -99.00,-99.000, -99.00,-99.000, -99.00,-99.000, -99.00,
8/30/2006 03:30:00, 12.2,275.8,  0.6,  3.5, 18.752, 29.03,  0.0,  0.0,  0.068, 307.87,  0.047, 305.39,  0.151, 313.12,  0.079, 311.39,  0.066, 291.48,  0.076, 295.56,  0.085, 245.56,  0.115, 299.68,  0.098, 301.26,  0.164, 308.82,  0.136, 297.70,  0.123, 293.44,  0.183, 304.56,  0.195, 304.75,  0.144, 316.12,  0.130, 292.21,-99.000, -99.00,-99.000, -99.00,-99.000, -99.00,-99.000, -99.00,
8/30/2006 03:35:00, 12.2,275.6,  0.6,  3.5, 18.752, 29.03,  0.0,  0.0,  0.059,  11.69,  0.105, 315.38,  0.091, 345.35,  0.024,  90.00,  0.060, 270.00,  0.104, 319.70,  0.127, 336.86,  0.049, 334.49,  0.028,  16.50,  0.048, 332.90,  0.130, 302.10,  0.144, 328.08,  0.105, 297.78,  0.208, 305.99,  0.219, 312.59,  0.166, 321.12,-99.000, -99.00,-99.000, -99.00,-99.000, -99.00,-99.000, -99.00,
8/30/2006 03:40:00, 12.2,275.7,  0.6,  3.5, 18.751, 29.03,  0.0,  0.0,  0.118,  49.82,  0.065,  20.66,  0.114, 328.95,  0.076, 247.50,  0.080, 288.89,  0.070, 340.02,  0.058,   5.91,  0.149, 298.79,  0.105, 326.31,  0.148, 289.29,  0.096, 285.05,  0.121, 291.27,  0.128, 293.55,  0.124, 293.68,  0.092, 287.65,  0.144, 271.99,-99.000, -99.00,-99.000, -99.00,-99.000, -99.00,-99.000, -99.00,
8/30/2006 03:45:00, 12.2,275.8,  0.6,  3.5, 18.752, 29.03,  0.0,  0.0,  0.173,  11.31,  0.023,  34.38,  0.091,  15.26,  0.049, 331.86,  0.087, 321.55,  0.090, 317.25,  0.023, 252.35,  0.077, 200.56,  0.060, 263.35,  0.085, 246.45,  0.097, 271.18,  0.169, 301.72,  0.091, 312.32,  0.146, 293.04,  0.137, 296.38,  0.064, 281.66,-99.000, -99.00,-99.000, -99.00,-99.000, -99.00,-99.000, -99.00,
8/30/2006 03:50:00, 12.2,275.7,  0.6,  3.5, 18.747, 29.03,  0.0,  0.0,  0.103, 332.19,  0.103, 355.01,  0.114, 339.97,  0.173,  15.08,  0.122, 350.07,  0.140, 299.49,  0.124, 356.31,  0.102, 333.69,  0.072, 320.60,  0.098, 322.07,  0.090, 300.85,  0.114, 295.44,  0.109, 274.20,  0.091, 317.68,  0.189, 319.30,  0.172, 301.93,-99.000, -99.00,-99.000, -99.00,-99.000, -99.00,-99.000, -99.00,
8/30/2006 03:55:00, 12.2,275.8,  0.6,  3.5, 18.738, 29.03,  0.0,  0.0,  0.071, 326.53,  0.087, 328.70,  0.048, 296.03,  0.120, 341.57,  0.072,   1.59,  0.101, 327.09,  0.161, 313.23,  0.201, 329.48,  0.081,   0.00,  0.089, 315.91,  0.128, 316.58,  0.108, 337.01,  0.100, 345.00,  0.079, 353.42,  0.140, 339.49,  0.100, 319.46,-99.000, -99.00,-99.000, -99.00,-99.000, -99.00,-99.000, -99.00,
8/30/2006 04:00:00, 12.2,275.7,  0.6,  3.5, 18.732, 29.03,  0.0,  0.0,  0.162, 336.76,  0.059, 270.97,  0.067, 298.47,  0.081,   6.34,  0.154, 325.07,  0.053, 293.20,  0.027, 351.57,  0.131, 308.18,  0.030, 336.04,  0.038, 115.20,  0.083, 305.22,  0.203, 295.05,  0.111, 318.67,  0.140, 308.92,  0.182, 312.55,  0.130, 307.49,-99.000, -99.00,-99.000, -99.00,-99.000, -99.00,-99.000, -99.00,
8/30/2006 04:05:00, 12.2,275.7,  0.6,  3.5, 18.722, 29.04,  0.0,  0.0,  0.043,  48.81,  0.100, 299.89,  0.134, 346.17,  0.079,  20.73,  0.068, 298.81,  0.045, 222.27,  0.136, 268.74,  0.098, 303.37,  0.064, 327.05,  0.165, 314.02,  0.188, 309.61,  0.126, 305.96,  0.130, 305.64,  0.099, 345.40,  0.179, 322.04,  0.167, 334.51,-99.000, -99.00,-99.000, -99.00,-99.000, -99.00,-99.000, -99.00,
8/30/2006 04:10:00, 12.2,275.8,  0.6,  3.5, 18.717, 29.04,  0.0,  0.0,  0.077,   5.19,  0.009, 243.43,  0.036,  38.16,  0.080, 283.69,  0.041, 248.46,  0.096, 302.70,  0.069, 322.63,  0.067, 286.53,  0.111, 333.20,  0.120, 337.93,  0.147, 328.04,  0.189, 319.92,  0.123, 330.72,  0.165, 307.63,  0.203, 301.50,  0.128, 322.59,-99.000, -99.00,-99.000, -99.00,-99.000, -99.00,-99.000, -99.00,
8/30/2006 04:15:00, 12.2,275.7,  0.6,  3.5, 18.704, 29.04,  0.0,  0.0,  0.094, 310.27,  0.066, 239.93,  0.104, 215.99,  0.092, 200.99,  0.130, 327.29,  0.067, 340.75,  0.126,  14.26,  0.068, 309.05,  0.045, 344.41,  0.040, 212.91,  0.081, 291.80,  0.108, 303.25,  0.113, 275.06,  0.104, 284.44,  0.115, 293.00,  0.051, 296.57,-99.000, -99.00,-99.000, -99.00,-99.000, -99.00,-99.000, -99.00,
8/30/2006 04:20:00, 12.2,275.7,  0.6,  3.5, 18.710, 29.04,  0.0,  0.0,  0.063,  24.52,  0.094, 278.56,  0.073, 345.77,  0.060, 303.42,  0.085, 295.67,  0.105, 316.15,  0.065, 280.62,  0.094, 321.91,  0.134, 352.29,  0.136, 347.70,  0.108, 347.12,  0.126, 301.04,  0.066, 310.70,  0.106, 334.40,  0.138, 327.46,  0.133, 320.19,-99.000, -99.00,-99.000, -99.00,-99.000, -99.00,-99.000, -99.00,
8/30/2006 04:25:00, 12.2,275.8,  0.6,  3.5, 18.710, 29.04,  0.0,  0.0,  0.098,   4.67,  0.052,  21.60,  0.071,  57.65,  0.084,   4.76,  0.083, 345.29,  0.120,  11.50,  0.111,  20.07,  0.095, 339.09,  0.003, 315.00,  0.032,  34.70,  0.078, 358.53,  0.119, 312.95,  0.173, 298.35,  0.117, 310.50,  0.094, 300.12,  0.128, 322.95,-99.000, -99.00,-99.000, -99.00,-99.000, -99.00,-99.000, -99.00,
8/30/2006 04:30:00, 12.2,275.8,  0.6,  3.5, 18.706, 29.04,  0.0,  0.0,  0.109, 254.56,  0.038, 319.24,  0.166,   9.01,  0.067, 280.30,  0.081,  12.84,  0.080,  22.07,  0.069, 282.62,  0.067, 130.14,  0.048,  81.53,  0.082, 246.25,  0.128, 331.43,  0.108, 288.94,  0.004, 206.57,  0.158, 304.40,  0.110, 313.89,  0.134, 325.01,-99.000, -99.00,-99.000, -99.00,-99.000, -99.00,-99.000, -99.00,
8/30/2006 04:35:00, 12.2,275.8,  0.6,  3.5, 18.703, 29.04,  0.0,  0.0,  0.079,  73.86,  0.059, 222.27,  0.016, 129.81,  0.066, 260.39,  0.045, 182.54,  0.068, 103.63,  0.093, 348.81,  0.149, 326.52,  0.143, 349.55,  0.183,   2.82,  0.042, 358.64,  0.069, 346.57,  0.098,   8.79,  0.121, 298.69,  0.206, 288.08,  0.123, 309.39,-99.000, -99.00,-99.000, -99.00,-99.000, -99.00,-99.000, -99.00,
8/30/2006 04:40:00, 12.2,275.7,  0.6,  3.5, 18.705, 29.04,  0.0,  0.0,  0.073, 321.10,  0.097, 331.06,  0.060, 252.47,  0.106, 280.89,  0.033, 315.00,  0.075,  39.61,  0.128, 349.66,  0.038, 315.00,  0.038,  29.93,  0.096, 350.44,  0.059,  27.00,  0.072, 318.96,  0.033, 332.65,  0.097, 318.76,  0.080, 298.50,  0.075, 339.62,-99.000, -99.00,-99.000, -99.00,-99.000, -99.00,-99.000, -99.00,
8/30/2006 04:45:00, 12.2,275.7,  0.6,  3.5, 18.698, 29.03,  0.0,  0.0,  0.074, 296.57,  0.048, 296.03,  0.081, 311.99,  0.104, 320.05,  0.045, 294.86,  0.082, 296.88,  0.137, 327.82,  0.130, 306.87,  0.158, 347.55,  0.099, 337.34,  0.084, 355.91,  0.091, 343.97,  0.154, 328.27,  0.152, 337.50,  0.153, 325.38,  0.167, 291.48,-99.000, -99.00,-99.000, -99.00,-99.000, -99.00,-99.000, -99.00,
8/30/2006 04:50:00, 12.2,275.7,  0.6,  3.5, 18.697, 29.02,  0.0,  0.0,  0.116, 132.90,  0.061, 180.00,  0.108, 180.53,  0.117, 111.53,  0.070, 166.76,  0.031, 232.77,  0.059, 330.38,  0.087, 329.60,  0.166, 287.89,  0.153, 282.49,  0.164, 265.09,  0.089, 304.05,  0.097, 248.20,  0.074, 255.22,  0.131, 300.29,  0.118, 310.18,-99.000, -99.00,-99.000, -99.00,-99.000, -99.00,-99.000, -99.00,
8/30/2006 04:55:00, 12.2,275.7,  0.6,  3.5, 18.699, 28.99,  0.0,  0.0,  0.206, 139.52,  0.078, 118.20,  0.127, 104.58,  0.002,  90.00,  0.105, 271.64,  0.015, 238.39,  0.042, 295.35,  0.019, 180.00,  0.008, 270.00,  0.086, 270.00,  0.107, 289.62,  0.085, 294.17,  0.043, 156.45,  0.070, 281.47,  0.085, 316.91,  0.152, 326.00,-99.000, -99.00,-99.000, -99.00,-99.000, -99.00,-99.000, -99.00,
8/30/2006 05:00:00, 12.2,275.7,  0.6,  3.5, 18.695, 28.97,  0.0,  0.0,  0.147,  76.63,  0.130,  95.75,  0.119, 165.38,  0.030, 187.59,  0.129, 108.58,  0.072, 254.60,  0.114, 283.67,  0.054, 276.34,  0.069, 258.37,  0.070, 280.67,  0.157, 285.90,  0.112, 286.65,  0.118, 311.92,  0.070, 302.09,  0.108, 271.06,  0.108, 292.78,-99.000, -99.00,-99.000, -99.00,-99.000, -99.00,-99.000, -99.00,
8/30/2006 05:05:00, 12.2,275.7,  0.6,  3.5, 18.694, 28.95,  0.0,  0.0,  0.151, 155.81,  0.040, 169.82,  0.180, 132.30,  0.096, 123.52,  0.097, 221.24,  0.031, 270.00,  0.072, 266.03,  0.009,  18.43,  0.034, 322.13,  0.086, 240.75,  0.121, 195.88,  0.050, 147.26,  0.099, 285.87,  0.065, 298.54,  0.166, 301.20,  0.208, 289.65,-99.000, -99.00,-99.000, -99.00,-99.000, -99.00,-99.000, -99.00,
8/30/2006 05:10:00, 12.2,275.7,  0.6,  3.5, 18.693, 28.93,  0.0,  0.0,  0.194, 101.31,  0.149,  84.60,  0.147, 108.19,  0.147, 164.64,  0.062, 133.70,  0.041, 174.43,  0.003, 270.00,  0.084, 151.61,  0.074, 136.10,  0.126, 310.16,  0.178, 296.28,  0.148, 277.36,  0.229, 276.01,  0.276, 284.69,  0.260, 296.27,  0.206, 293.20,-99.000, -99.00,-99.000, -99.00,-99.000, -99.00,-99.000, -99.00,
8/30/2006 05:15:00, 12.2,275.8,  0.6,  3.5, 18.694, 28.92,  0.0,  0.0,  0.135, 138.61,  0.087, 158.44,  0.103, 121.06,  0.086, 123.14,  0.168, 102.71,  0.159, 131.93,  0.087,  94.60,  0.113, 131.04,  0.056,  90.00,  0.112,   2.05,  0.127, 354.11,  0.167, 346.88,  0.187, 334.67,  0.194, 341.94,  0.287, 335.04,  0.228, 336.47,-99.000, -99.00,-99.000, -99.00,-99.000, -99.00,-99.000, -99.00,
8/30/2006 05:20:00, 12.2,275.7,  0.6,  3.5, 18.694, 28.91,  0.0,  0.0,  0.099, 105.87,  0.080, 151.50,  0.161, 133.49,  0.095, 165.38,  0.092, 115.73,  0.143,  94.40,  0.168, 107.35,  0.175,  98.87,  0.133,  99.11,  0.122,  74.25,  0.041,  72.90,  0.048, 151.29,  0.013, 198.43,  0.161, 315.00,  0.248, 317.12,  0.226, 359.75,-99.000, -99.00,-99.000, -99.00,-99.000, -99.00,-99.000, -99.00,
8/30/2006 05:25:00, 12.2,275.7,  0.6,  3.5, 18.685, 28.91,  0.0,  0.0,  0.155, 106.91,  0.162, 106.87,  0.209, 112.26,  0.172, 101.77,  0.178, 103.65,  0.144, 119.60,  0.093, 167.60,  0.051, 150.95,  0.053, 146.61,  0.042, 102.38,  0.113,  71.89,  0.129,  66.63,  0.126,  58.33,  0.083,  20.39,  0.084, 336.80,  0.082,  36.59,-99.000, -99.00,-99.000, -99.00,-99.000, -99.00,-99.000, -99.00,
8/30/2006 05:30:00, 12.2,275.8,  0.6,  3.5, 18.683, 28.90,  0.0,  0.0,  0.063, 113.32,  0.065, 175.60,  0.158,  91.45,  0.193,  97.16,  0.186,  90.00,  0.137, 112.81,  0.108, 115.14,  0.135, 120.17,  0.123,  76.41,  0.097, 104.32,  0.123, 136.32,  0.057, 137.12,  0.085, 177.98,  0.123, 180.93,  0.126, 177.73,  0.114, 207.24,-99.000, -99.00,-99.000, -99.00,-99.000, -99.00,-99.000, -99.00,
8/30/2006 05:35:00, 12.2,275.7,  0.6,  3.5, 18.676, 28.90,  0.0,  0.0,  0.107,  62.72,  0.077,  79.56,  0.148, 131.44,  0.094, 140.19,  0.164, 115.31,  0.181, 106.73,  0.081,  77.16,  0.119, 132.95,  0.155, 127.39,  0.039, 127.75,  0.129, 126.52,  0.066, 110.35,  0.246,  85.10,  0.177,  65.32,  0.169,  48.85,  0.096,  26.03,-99.000, -99.00,-99.000, -99.00,-99.000, -99.00,-99.000, -99.00,
8/30/2006 05:40:00, 12.2,275.8,  0.6,  3.5, 18.665, 28.90,  0.0,  0.0,  0.077, 156.41,  0.091, 136.79,  0.163, 132.77,  0.029, 285.95,  0.074, 120.70,  0.148, 132.53,  0.044, 111.32,  0.055,  54.58,  0.117, 149.71,  0.133, 193.93,  0.090, 152.30,  0.095, 129.88,  0.090, 159.15,  0.133, 112.52,  0.143, 110.84,  0.121, 151.31,-99.000, -99.00,-99.000, -99.00,-99.000, -99.00,-99.000, -99.00,
8/30/2006 05:45:00, 12.2,275.7,  0.6,  3.5, 18.666, 28.90,  0.0,  0.0,  0.089, 121.18,  0.110, 159.26,  0.078, 150.80,  0.124, 167.42,  0.184, 180.62,  0.076, 133.94,  0.161, 165.96,  0.135, 180.00,  0.091, 145.27,  0.124, 155.71,  0.143, 165.87,  0.087, 107.39,  0.065, 161.00,  0.176, 163.52,  0.140, 156.00,  0.124, 123.82,-99.000, -99.00,-99.000, -99.00,-99.000, -99.00,-99.000, -99.00,
8/30/2006 05:50:00, 12.2,275.8,  0.6,  3.5, 18.664, 28.89,  0.0,  0.0,  0.138, 150.46,  0.088, 154.31,  0.127, 161.71,  0.154, 123.90,  0.140, 141.98,  0.191, 153.97,  0.172, 178.67,  0.246, 152.39,  0.271, 164.84,  0.287, 159.42,  0.190, 165.38,  0.187, 145.89,  0.128, 169.66,  0.133, 135.61,  0.096, 100.25,  0.079, 149.53,-99.000, -99.00,-99.000, -99.00,-99.000, -99.00,-99.000, -99.00,
8/30/2006 05:55:00, 12.2,275.7,  0.6,  3.5, 18.669, 28.89,  0.0,  0.0,  0.077, 118.91,  0.113, 150.95,  0.144, 203.72,  0.187, 221.53,  0.269, 245.15,  0.228, 200.26,  0.304, 188.72,  0.283, 192.46,  0.333, 187.94,  0.269, 180.64,  0.235, 170.22,  0.158, 171.25,  0.146, 166.92,  0.218, 171.27,  0.183, 206.28,  0.198, 192.22,-99.000, -99.00,-99.000, -99.00,-99.000, -99.00,-99.000, -99.00,
8/30/2006 06:00:00, 12.2,275.8,  0.6,  3.5, 18.661, 28.89,  0.0,  0.0,  0.104,  62.45,  0.089, 166.28,  0.125, 140.19,  0.094, 181.22,  0.131, 129.41,  0.067, 180.86,  0.108, 102.88,  0.097, 135.42,  0.087, 130.31,  0.066, 108.43,  0.037, 240.64,  0.042,  98.13,  0.037,  11.00,  0.080,  56.71,  0.030,  62.59,  0.013, 278.75,-99.000, -99.00,-99.000, -99.00,-99.000, -99.00,-99.000, -99.00,
8/30/2006 06:05:00, 12.2,275.7,  0.6,  3.5, 18.660, 28.89,  0.0,  0.0,  0.159, 169.89,  0.030, 156.04,  0.095, 141.43,  0.077, 157.78,  0.129, 166.50,  0.163, 147.29,  0.104, 156.15,  0.069, 134.41,  0.123, 115.10,  0.116, 105.47,  0.106, 101.42,  0.049, 126.63,  0.096, 100.25,  0.058, 175.07,  0.108, 115.14,  0.019, 205.20,-99.000, -99.00,-99.000, -99.00,-99.000, -99.00,-99.000, -99.00,
8/30/2006 06:10:00, 12.2,275.7,  0.6,  3.5, 18.659, 28.89,  0.0,  0.0,  0.135, 135.30,  0.065, 226.25,  0.093, 152.33,  0.067, 120.38,  0.110, 160.91,  0.022, 169.70,  0.076, 120.96,  0.138, 135.88,  0.022, 172.23,  0.074, 331.70,  0.090,  68.55,  0.028, 196.50,  0.035, 266.73,  0.052, 178.90,  0.056, 209.74,  0.030, 197.24,-99.000, -99.00,-99.000, -99.00,-99.000, -99.00,-99.000, -99.00,
8/30/2006 06:15:00, 12.2,275.7,  0.6,  3.6, 18.672, 28.88,  0.0,  0.0,  0.086, 238.35,  0.016,  47.49,  0.062, 207.80,  0.068, 142.79,  0.026, 103.50,  0.041, 142.00,  0.008, 330.26,  0.034,  42.61,  0.098,  81.21,  0.033,  14.04,  0.027,  51.01,  0.077,  25.24,  0.057,  17.47,  0.061, 359.06,  0.100, 328.84,  0.027, 301.33,-99.000, -99.00,-99.000, -99.00,-99.000, -99.00,-99.000, -99.00,
8/30/2006 06:20:00, 12.2,275.7,  0.6,  3.5, 18.668, 28.88,  0.0,  0.0,  0.011, 291.80,  0.024,  77.74,  0.039,  57.53,  0.117, 123.15,  0.073, 167.30,  0.031,  70.97,  0.064,  78.34,  0.080,  22.07,  0.078,  88.53,  0.042, 338.96,  0.038, 205.20,  0.080, 342.47,  0.099,  28.89,  0.087,  36.08,  0.068,  55.84,  0.048, 238.63,-99.000, -99.00,-99.000, -99.00,-99.000, -99.00,-99.000, -99.00,
8/30/2006 06:25:00, 12.2,275.7,  0.6,  3.5, 18.676, 28.88,  0.0,  0.0,  0.046, 249.59,  0.050,  86.57,  0.060, 207.85,  0.026, 157.38,  0.080, 163.37,  0.052, 111.60,  0.074, 303.48,  0.012,  99.46,  0.025,  46.64,  0.131,  35.03,  0.101,  48.60,  0.076,  24.19,  0.140,  46.16,  0.045,  27.70,  0.049, 120.76,  0.065, 116.57,-99.000, -99.00,-99.000, -99.00,-99.000, -99.00,-99.000, -99.00,
8/30/2006 06:30:00, 12.2,275.7,  0.6,  3.5, 18.666, 28.88,  0.0,  0.0,  0.038, 222.88,  0.089, 295.99,  0.063, 278.26,  0.040, 220.91,  0.045, 300.53,  0.146, 271.18,  0.086, 312.18,  0.110, 331.10,  0.091, 302.47,  0.082, 300.96,  0.080,   5.00,  0.118, 318.08,  0.145, 304.89,  0.191, 306.93,  0.081, 296.25,  0.034, 227.39,-99.000, -99.00,-99.000, -99.00,-99.000, -99.00,-99.000, -99.00,
8/30/2006 06:35:00, 12.2,275.7,  0.6,  3.5, 18.674, 28.88,  0.0,  0.0,  0.045, 289.65,  0.153, 336.95,  0.100, 270.00,  0.036,  57.65,  0.069, 355.86,  0.074, 334.47,  0.065, 275.27,  0.175, 277.21,  0.122, 305.65,  0.177, 289.76,  0.138, 300.47,  0.126, 308.87,  0.138, 304.04,  0.135, 315.30,  0.101, 295.80,  0.048, 305.68,-99.000, -99.00,-99.000, -99.00,-99.000, -99.00,-99.000, -99.00,
8/30/2006 06:40:00, 12.2,275.8,  0.6,  3.5, 18.668, 28.88,  0.0,  0.0,  0.132, 332.08,  0.135, 320.41,  0.184, 299.36,  0.029, 277.85,  0.071, 287.16,  0.055, 272.08,  0.089, 291.08,  0.092, 322.51,  0.221, 321.42,  0.191, 310.11,  0.160, 322.13,  0.118, 335.39,  0.131, 314.69,  0.214, 305.10,  0.076, 292.50,  0.077, 235.07,-99.000, -99.00,-99.000, -99.00,-99.000, -99.00,-99.000, -99.00,
8/30/2006 06:45:00, 12.2,275.7,  0.6,  3.5, 18.669, 28.88,  0.0,  0.0,  0.181, 317.68,  0.104, 318.50,  0.055, 344.20,  0.127, 305.70,  0.088, 314.08,  0.096, 292.02,  0.043,   0.00,  0.123, 303.43,  0.130, 302.47,  0.134, 289.11,  0.168, 333.43,  0.101, 322.22,  0.146, 322.50,  0.142, 308.16,  0.134, 309.53,  0.037, 287.45,-99.000, -99.00,-99.000, -99.00,-99.000, -99.00,-99.000, -99.00,
8/30/2006 06:50:00, 12.2,275.8,  0.6,  3.5, 18.668, 28.88,  0.0,  0.0,  0.112, 352.81,  0.143, 339.91,  0.148, 319.11,  0.158, 340.42,  0.085, 308.77,  0.130, 335.41,  0.191, 301.53,  0.125, 320.84,  0.102, 303.38,  0.143, 311.04,  0.072, 326.31,  0.169, 306.60,  0.162, 330.91,  0.145, 331.67,  0.169, 327.53,  0.044, 332.85,-99.000, -99.00,-99.000, -99.00,-99.000, -99.00,-99.000, -99.00,
8/30/2006 06:55:00, 12.2,275.8,  0.6,  3.5, 18.667, 28.89,  0.0,  0.0,  0.125, 357.25,  0.094,   6.14,  0.064, 298.18,  0.074, 352.97,  0.070, 356.73,  0.102, 331.93,  0.124, 270.46,  0.177, 310.43,  0.152, 311.54,  0.218, 308.66,  0.204, 290.39,  0.190, 311.16,  0.154, 307.09,  0.113, 313.57,  0.077, 214.93,  0.047, 180.00,-99.000, -99.00,-99.000, -99.00,-99.000, -99.00,-99.000, -99.00,
8/30/2006 07:00:00, 12.2,275.8,  0.6,  3.5, 18.660, 28.89,  0.0,  0.0,  0.228, 348.10,  0.085, 334.04,  0.114, 354.44,  0.132, 306.09,  0.067, 281.98,  0.104, 306.76,  0.051, 346.50,  0.070, 317.89,  0.145, 297.98,  0.186, 302.49,  0.172, 319.25,  0.155, 299.88,  0.179, 313.87,  0.217, 319.86,  0.117, 316.74,  0.040,   5.71,-99.000, -99.00,-99.000, -99.00,-99.000, -99.00,-99.000, -99.00,
8/30/2006 07:05:00, 12.2,275.8,  0.6,  3.5, 18.660, 28.90,  0.0,  0.0,  0.193, 358.52,  0.152,   0.38,  0.126, 341.57,  0.100,  12.09,  0.130, 304.67,  0.109, 289.94,  0.176, 320.53,  0.216, 324.03,  0.206, 322.30,  0.174, 319.90,  0.146, 323.05,  0.133,   0.43,  0.115, 348.98,  0.125, 346.63,  0.176, 306.22,  0.017, 334.98,-99.000, -99.00,-99.000, -99.00,-99.000, -99.00,-99.000, -99.00,
8/30/2006 07:10:00, 12.2,275.8,  0.6,  3.5, 18.667, 28.91,  0.0,  0.0,  0.148, 358.45,  0.077, 344.16,  0.196, 324.77,  0.090, 329.15,  0.095, 330.48,  0.118, 305.71,  0.126, 315.64,  0.180, 310.50,  0.192, 328.63,  0.164, 312.04,  0.123, 322.57,  0.143, 291.35,  0.141, 349.80,  0.144, 344.33,  0.022,  21.80,  0.041, 230.91,-99.000, -99.00,-99.000, -99.00,-99.000, -99.00,-99.000, -99.00,
8/30/2006 07:15:00, 12.2,275.7,  0.6,  3.5, 18.673, 28.92,  0.0,  0.0,  0.197, 325.75,  0.066, 318.08,  0.197, 336.04,  0.124, 309.09,  0.121, 287.24,  0.105, 286.02,  0.090, 303.16,  0.207, 322.25,  0.181, 324.65,  0.201, 303.61,  0.178, 301.90,  0.168, 305.58,  0.092, 348.69,  0.155, 349.99,  0.179, 332.43,  0.029, 275.91,-99.000, -99.00,-99.000, -99.00,-99.000, -99.00,-99.000, -99.00,
8/30/2006 07:20:00, 12.2,275.7,  0.6,  3.5, 18.671, 28.93,  0.0,  0.0,  0.215, 348.48,  0.133, 327.26,  0.105, 357.82,  0.106, 324.96,  0.161, 326.41,  0.130, 304.06,  0.156, 264.47,  0.145, 300.28,  0.067, 321.07,  0.170, 314.29,  0.084, 344.15,  0.199, 345.75,  0.172, 334.48,  0.161, 318.78,  0.033, 315.00,  0.059, 256.20,-99.000, -99.00,-99.000, -99.00,-99.000, -99.00,-99.000, -99.00,
8/30/2006 07:25:00, 12.2,275.7,  0.6,  3.5, 18.673, 28.94,  0.0,  0.0,  0.184, 352.84,  0.041,   8.33,  0.114, 314.64,  0.068, 328.89,  0.086, 287.59,  0.165, 289.09,  0.131, 288.71,  0.186, 295.87,  0.118, 315.34,  0.132, 300.07,  0.198, 325.91,  0.159, 307.09,  0.156, 328.34,  0.213, 336.45,  0.090,   6.41,  0.026, 212.47,-99.000, -99.00,-99.000, -99.00,-99.000, -99.00,-99.000, -99.00,
8/30/2006 07:30:00, 12.2,275.6,  0.6,  3.5, 18.675, 28.95,  0.0,  0.0,  0.169, 344.57,  0.137, 349.51,  0.142, 354.33,  0.057, 327.14,  0.183, 326.83,  0.123, 316.32,  0.116, 330.13,  0.111, 301.41,  0.149, 312.02,  0.169, 333.74,  0.135, 321.60,  0.145, 335.20,  0.194, 308.94,  0.120, 315.00,  0.054, 297.51,  0.023,   9.87,-99.000, -99.00,-99.000, -99.00,-99.000, -99.00,-99.000, -99.00,
8/30/2006 07:35:00, 12.2,275.7,  0.6,  3.5, 18.679, 28.96,  0.0,  0.0,  0.108,  18.27,  0.108, 346.61,  0.083, 250.91,  0.060,   9.62,  0.133, 327.86,  0.088, 327.58,  0.144, 300.49,  0.099, 309.29,  0.134, 315.00,  0.065, 347.47,  0.150, 299.65,  0.139, 313.83,  0.121, 310.96,  0.102, 308.22,  0.055, 332.05,  0.031,  11.31,-99.000, -99.00,-99.000, -99.00,-99.000, -99.00,-99.000, -99.00,
8/30/2006 07:40:00, 12.2,275.7,  0.6,  3.5, 18.673, 28.97,  0.0,  0.0,  0.086,  10.01,  0.038, 346.33,  0.159,  16.49,  0.135,   7.65,  0.094,  18.63,  0.103, 322.91,  0.115, 335.43,  0.089, 348.94,  0.088, 309.47,  0.052, 309.52,  0.124, 311.40,  0.161, 317.27,  0.089, 342.38,  0.098, 317.06,  0.073, 301.50,  0.020,  98.53,-99.000, -99.00,-99.000, -99.00,-99.000, -99.00,-99.000, -99.00,
8/30/2006 07:45:00, 12.2,275.7,  0.6,  3.5, 18.691, 28.97,  0.0,  0.0,  0.110, 354.81,  0.041,  36.03,  0.109, 347.24,  0.050, 310.10,  0.112,  27.02,  0.148, 305.40,  0.038, 338.20,  0.053, 347.01,  0.100, 301.16,  0.044, 323.39,  0.088, 302.42,  0.135, 310.79,  0.099, 334.98,  0.101, 345.14,  0.133, 284.35,  0.047, 303.69,-99.000, -99.00,-99.000, -99.00,-99.000, -99.00,-99.000, -99.00,
8/30/2006 07:50:00, 12.2,275.7,  0.6,  3.5, 18.692, 28.98,  0.0,  0.0,  0.076, 314.46,  0.060, 290.56,  0.090, 324.02,  0.160, 323.92,  0.213, 342.50,  0.141, 306.06,  0.054, 284.04,  0.051, 332.93,  0.107, 289.11,  0.060, 334.29,  0.035, 229.57,  0.062, 159.23,  0.052, 243.92,  0.079,   0.00,  0.121, 321.71,  0.087, 258.04,-99.000, -99.00,-99.000, -99.00,-99.000, -99.00,-99.000, -99.00,
8/30/2006 07:55:00, 12.2,275.7,  0.6,  3.5, 18.704, 28.98,  0.0,  0.0,  0.135,  19.91,  0.106, 306.54,  0.091, 304.22,  0.086, 333.14,  0.072, 332.02,  0.017, 241.93,  0.120, 291.45,  0.074,  25.53,  0.105, 318.87,  0.171, 310.02,  0.058,   1.97,  0.110, 285.30,  0.081, 340.44,  0.118, 357.57,  0.058,  10.92,  0.025, 139.90,-99.000, -99.00,-99.000, -99.00,-99.000, -99.00,-99.000, -99.00,
8/30/2006 08:00:00, 12.2,275.7,  0.6,  3.5, 18.707, 28.97,  0.0,  0.0,  0.043, 271.33,  0.112, 322.62,  0.132, 324.26,  0.150, 323.66,  0.103, 344.21,  0.087, 341.15,  0.116, 311.14,  0.101, 314.60,  0.178, 285.99,  0.120, 284.96,  0.104, 301.25,  0.146, 254.05,  0.081, 277.83,  0.134, 292.36,  0.165, 332.19,  0.185, 331.64,-99.000, -99.00,-99.000, -99.00,-99.000, -99.00,-99.000, -99.00,
8/30/2006 08:05:00, 12.2,275.6,  0.6,  3.5, 18.721, 28.97,  0.0,  0.0,  0.113, 341.89,  0.104, 340.87,  0.155,   1.48,  0.026, 330.52,  0.090, 305.98,  0.065, 357.36,  0.120, 342.02,  0.145, 302.05,  0.090, 324.90,  0.052, 298.52,  0.130, 306.25,  0.139, 336.21,  0.110, 333.67,  0.157, 334.74,  0.146, 317.78,  0.035, 230.83,-99.000, -99.00,-99.000, -99.00,-99.000, -99.00,-99.000, -99.00,
8/30/2006 08:10:00, 12.2,275.7,  0.6,  3.5, 18.725, 28.97,  0.0,  0.0,  0.126,  13.27,  0.092, 330.10,  0.144, 334.50,  0.125, 309.81,  0.037, 345.96,  0.091, 288.63,  0.087, 261.40,  0.082, 262.27,  0.101, 316.20,  0.084,   2.05,  0.053,  10.89,  0.030,  21.45,  0.087, 334.90,  0.122, 348.69,  0.097, 325.49,  0.062, 244.26,-99.000, -99.00,-99.000, -99.00,-99.000, -99.00,-99.000, -99.00,
8/30/2006 08:15:00, 12.2,275.7,  0.6,  3.5, 18.728, 28.96,  0.0,  0.0,  0.160, 337.93,  0.138, 346.97,  0.043, 354.69,  0.157, 322.25,  0.151, 328.52,  0.131, 303.21,  0.075, 348.39,  0.079,  24.62,  0.105, 337.09,  0.176, 290.29,  0.038, 321.34,  0.085,  69.44,  0.094, 354.53,  0.061, 304.99,  0.082, 270.00,  0.029, 344.05,-99.000, -99.00,-99.000, -99.00,-99.000, -99.00,-99.000, -99.00,
8/30/2006 08:20:00, 12.2,275.7,  0.6,  3.5, 18.725, 28.95,  0.0,  0.0,  0.126,  16.57,  0.061, 333.85,  0.088,  11.82,  0.071, 138.43,  0.056, 312.83,  0.071,  13.84,  0.125, 284.81,  0.200, 315.20,  0.170, 321.45,  0.132, 349.11,  0.138, 322.38,  0.158, 298.84,  0.122, 297.82,  0.100, 317.84,  0.054, 340.56,  0.038,  35.36,-99.000, -99.00,-99.000, -99.00,-99.000, -99.00,-99.000, -99.00,
8/30/2006 08:25:00, 12.2,275.6,  0.6,  3.5, 18.748, 28.95,  0.0,  0.0,  0.035, 334.89,  0.051, 333.43,  0.027, 308.99,  0.096, 332.63,  0.136, 264.92,  0.103, 311.86,  0.149, 297.60,  0.081, 277.13,  0.094, 310.67,  0.144, 333.08,  0.092, 340.97,  0.074, 316.10,  0.102,   9.00,  0.088,   3.25,  0.059, 262.15,  0.079,  34.70,-99.000, -99.00,-99.000, -99.00,-99.000, -99.00,-99.000, -99.00,
8/30/2006 08:30:00, 12.2,275.7,  0.6,  3.5, 18.736, 28.95,  0.0,  0.0,  0.017, 256.76,  0.124, 320.91,  0.069, 332.32,  0.109, 341.23,  0.099, 333.69,  0.052, 318.92,  0.114, 325.34,  0.103, 338.92,  0.090,  21.45,  0.061, 340.97,  0.023, 307.87,  0.066, 313.78,  0.100, 307.67,  0.071, 319.57,  0.086,   5.31,  0.011, 180.00,-99.000, -99.00,-99.000, -99.00,-99.000, -99.00,-99.000, -99.00,
8/30/2006 08:35:00, 12.2,275.8,  0.6,  3.5, 18.754, 28.95,  0.0,  0.0,  0.064, 355.53,  0.080, 321.56,  0.061, 301.61,  0.022, 285.95,  0.057, 312.14,  0.017, 331.93,  0.060, 270.00,  0.084, 283.71,  0.060, 279.62,  0.019, 321.34,  0.071, 315.57,  0.067, 276.81,  0.073, 337.32,  0.131, 322.78,  0.070, 287.40,  0.131, 183.06,-99.000, -99.00,-99.000, -99.00,-99.000, -99.00,-99.000, -99.00,
8/30/2006 08:40:00, 12.2,275.6,  0.6,  3.5, 18.749, 28.95,  0.0,  0.0,  0.120,   2.39,  0.099, 350.16,  0.076,  41.82,  0.052, 325.10,  0.047,   6.07,  0.032, 271.79,  0.079, 298.84,  0.041,  14.04,  0.023, 265.03,  0.025, 303.69,  0.110,  42.80,  0.094, 357.56,  0.046, 351.16,  0.069, 308.53,  0.117, 316.74,  0.092, 229.87,-99.000, -99.00,-99.000, -99.00,-99.000, -99.00,-99.000, -99.00,
8/30/2006 08:45:00, 12.2,275.6,  0.6,  3.5, 18.760, 28.96,  0.0,  0.0,  0.127, 253.56,  0.098, 327.44,  0.109, 357.90,  0.108, 307.08,  0.148,  15.26,  0.092, 325.62,  0.120, 344.58,  0.094, 352.04,  0.111,  29.81,  0.099, 356.53,  0.115, 340.78,  0.110,  33.55,  0.158, 343.41,  0.139, 315.58,  0.039,  60.80,  0.010, 299.05,-99.000, -99.00,-99.000, -99.00,-99.000, -99.00,-99.000, -99.00,
8/30/2006 08:50:00, 12.2,275.7,  0.6,  3.5, 18.757, 28.97,  0.0,  0.0,  0.131, 344.48,  0.041,   8.33,  0.045, 251.97,  0.105, 337.59,  0.121, 350.93,  0.179, 338.02,  0.110, 336.94,  0.095, 274.21,  0.052, 323.57,  0.127, 322.05,  0.087, 295.97,  0.108, 269.47,  0.115, 349.96,  0.096, 330.77,  0.076, 304.32,  0.102, 214.16,-99.000, -99.00,-99.000, -99.00,-99.000, -99.00,-99.000, -99.00,
8/30/2006 08:55:00, 12.2,275.7,  0.6,  3.5, 18.772, 28.98,  0.0,  0.0,  0.082, 345.96,  0.117, 353.12,  0.108, 355.24,  0.028, 292.93,  0.047, 308.09,  0.124, 344.05,  0.107, 317.65,  0.060, 343.66,  0.071,  64.89,  0.095, 347.86,  0.039,  21.25,  0.109, 291.61,  0.084, 305.78,  0.054, 349.32,  0.017, 295.02,  0.110, 224.63,-99.000, -99.00,-99.000, -99.00,-99.000, -99.00,-99.000, -99.00,
8/30/2006 09:00:00, 12.2,275.8,  0.6,  3.5, 18.777, 28.98,  0.0,  0.0,  0.119, 328.46,  0.073,   2.35,  0.036, 271.59,  0.081, 322.00,  0.074,  46.64,  0.088, 348.82,  0.128, 337.04,  0.132, 268.70,  0.047, 281.07,  0.137, 296.94,  0.163, 309.54,  0.026, 307.30,  0.080, 322.13,  0.056, 322.31,  0.189, 284.11,  0.164, 283.78,-99.000, -99.00,-99.000, -99.00,-99.000, -99.00,-99.000, -99.00,
8/30/2006 09:05:00, 12.2,275.7,  0.6,  3.5, 18.795, 28.99,  0.0,  0.0,  0.171, 318.31,  0.108, 304.43,  0.066,  45.00,  0.068, 307.87,  0.075, 309.02,  0.061,  47.66,  0.064, 311.19,  0.108, 302.96,  0.074,   3.87,  0.045,  33.34,  0.116, 296.12,  0.036, 281.31,  0.039, 292.62,  0.082, 343.77,  0.141, 341.44,  0.111, 248.96,-99.000, -99.00,-99.000, -99.00,-99.000, -99.00,-99.000, -99.00,
8/30/2006 09:10:00, 12.2,275.7,  0.6,  3.5, 18.797, 29.00,  0.0,  0.0,  0.100,  19.89,  0.035, 304.59,  0.046, 323.88,  0.123, 329.68,  0.101,   3.40,  0.048, 284.62,  0.085,  64.04,  0.040, 303.69,  0.066, 324.87,  0.128, 303.19,  0.095, 307.72,  0.062, 334.26,  0.067, 330.36,  0.051, 307.09,  0.020, 188.53,  0.041, 289.75,-99.000, -99.00,-99.000, -99.00,-99.000, -99.00,-99.000, -99.00,
8/30/2006 09:15:00, 12.2,275.7,  0.6,  3.5, 18.802, 29.00,  0.0,  0.0,  0.045,  18.03,  0.027,  92.12,  0.110, 328.77,  0.030, 336.04,  0.107, 315.38,  0.083, 348.15,  0.138, 342.74,  0.112, 320.06,  0.066,  11.31,  0.061, 307.63,  0.059, 333.00,  0.043, 342.41,  0.021, 343.30,  0.077, 249.44,  0.054, 234.83,  0.059, 206.13,-99.000, -99.00,-99.000, -99.00,-99.000, -99.00,-99.000, -99.00,
8/30/2006 09:20:00, 12.2,275.7,  0.6,  3.5, 18.801, 29.00,  0.0,  0.0,  0.064,  24.15,  0.185,  11.86,  0.099,  14.60,  0.086,   6.71,  0.051, 327.88,  0.046, 355.03,  0.072, 322.33,  0.035, 266.73,  0.094, 293.28,  0.061, 265.31,  0.067, 283.83,  0.080, 306.87,  0.091, 320.36,  0.084, 272.73,  0.086, 278.04,  0.094, 269.39,-99.000, -99.00,-99.000, -99.00,-99.000, -99.00,-99.000, -99.00,
8/30/2006 09:25:00, 12.2,275.6,  0.6,  3.5, 18.811, 29.01,  0.0,  0.0,  0.057, 270.00,  0.062,  14.04,  0.085,   1.35,  0.026, 283.50,  0.099,  12.78,  0.117, 304.23,  0.089, 336.89,  0.132, 309.14,  0.193, 330.11,  0.110, 320.53,  0.122, 344.83,  0.161, 302.80,  0.102, 292.53,  0.098, 284.74,  0.042,  16.70,  0.110, 253.70,-99.000, -99.00,-99.000, -99.00,-99.000, -99.00,-99.000, -99.00,
8/30/2006 09:30:00, 12.2,275.7,  0.6,  3.5, 18.822, 29.01,  0.0,  0.0,  0.045,   1.27,  0.081,  27.20,  0.057, 350.87,  0.075,   6.09,  0.094,   1.83,  0.056, 288.76,  0.015, 208.30,  0.048, 337.75,  0.092, 299.90,  0.090, 303.16,  0.034, 275.04,  0.068, 325.84,  0.118, 289.36,  0.107, 282.47,  0.086, 324.46,  0.040, 303.69,-99.000, -99.00,-99.000, -99.00,-99.000, -99.00,-99.000, -99.00,
8/30/2006 09:35:00, 12.2,275.8,  0.6,  3.5, 18.819, 29.02,  0.0,  0.0,  0.125,  10.14,  0.064,  20.97,  0.053,  19.80,  0.157, 334.41,  0.080,   2.86,  0.101, 356.04,  0.070, 359.18,  0.049, 324.06,  0.187, 310.00,  0.078, 289.36,  0.101, 315.40,  0.088, 317.29,  0.110, 297.03,  0.128, 294.56,  0.168, 298.39,  0.061, 272.82,-99.000, -99.00,-99.000, -99.00,-99.000, -99.00,-99.000, -99.00,
8/30/2006 09:40:00, 12.2,275.8,  0.6,  3.5, 18.836, 29.02,  0.0,  0.0,  0.115,  44.29,  0.049,  40.86,  0.083,  33.69,  0.039,  46.04,  0.059,  35.31,  0.130,  22.62,  0.074, 357.68,  0.068, 311.42,  0.029,  33.69,  0.083,   0.00,  0.144, 313.59,  0.072, 313.88,  0.046, 233.88,  0.079, 290.05,  0.061, 347.77,  0.109, 287.10,-99.000, -99.00,-99.000, -99.00,-99.000, -99.00,-99.000, -99.00,
8/30/2006 09:45:00, 12.2,275.8,  0.6,  3.5, 18.842, 29.02,  0.0,  0.0,  0.143,  10.92,  0.082,  39.09,  0.031, 348.69,  0.118, 329.53,  0.105, 352.87,  0.045,  96.34,  0.047, 311.53,  0.100, 326.47,  0.095, 346.55,  0.017, 287.35,  0.074, 269.23,  0.080, 277.93,  0.030, 344.58,  0.035, 235.41,  0.075, 290.38,  0.079, 238.54,-99.000, -99.00,-99.000, -99.00,-99.000, -99.00,-99.000, -99.00,
8/30/2006 09:50:00, 12.2,275.7,  0.6,  3.5, 18.843, 29.02,  0.0,  0.0,  0.093,  46.74,  0.082,  75.11,  0.109, 254.56,  0.084, 310.67,  0.045, 327.72,  0.118, 338.20,  0.045, 304.05,  0.081, 317.49,  0.027, 257.01,  0.070, 296.20,  0.189, 277.61,  0.060, 326.58,  0.042, 188.13,  0.079, 291.67,  0.133, 313.78,  0.127, 265.05,-99.000, -99.00,-99.000, -99.00,-99.000, -99.00,-99.000, -99.00,
8/30/2006 09:55:00, 12.2,275.7,  0.6,  3.5, 18.867, 29.02,  0.0,  0.0,  0.038,   6.01,  0.077,  12.04,  0.040, 328.30,  0.041, 357.21,  0.087, 308.97,  0.162, 356.47,  0.074, 308.42,  0.101, 302.91,  0.184, 284.49,  0.090, 312.75,  0.100, 315.00,  0.083, 303.69,  0.063, 322.05,  0.029,   3.95,  0.069, 242.32,  0.097, 214.51,-99.000, -99.00,-99.000, -99.00,-99.000, -99.00,-99.000, -99.00,
8/30/2006 10:00:00, 12.2,275.7,  0.6,  3.5, 18.861, 29.02,  0.0,  0.0,  0.056,  32.55,  0.027, 265.76,  0.026, 342.26,  0.060,  38.96,  0.086,  12.09,  0.140, 261.81,  0.072, 318.37,  0.081, 339.11,  0.051, 325.38,  0.093, 331.78,  0.030, 336.80,  0.038, 349.29,  0.047, 315.86,  0.054, 276.34,  0.079, 328.91,  0.165, 321.39,-99.000, -99.00,-99.000, -99.00,-99.000, -99.00,-99.000, -99.00,
8/30/2006 10:05:00, 12.2,275.7,  0.6,  3.5, 18.865, 29.02,  0.0,  0.0,  0.034, 112.75,  0.119, 305.43,  0.058, 317.79,  0.035,  45.00,  0.053, 298.01,  0.061, 338.90,  0.036, 345.58,  0.048, 325.98,  0.078, 309.81,  0.098, 323.71,  0.115, 284.64,  0.101, 280.30,  0.051, 319.76,  0.090, 262.95,  0.090, 303.69,  0.048, 303.02,-99.000, -99.00,-99.000, -99.00,-99.000, -99.00,-99.000, -99.00,
8/30/2006 10:10:00, 12.2,275.7,  0.6,  3.5, 18.864, 29.02,  0.0,  0.0,  0.076, 280.57,  0.019, 317.12,  0.086,   0.67,  0.188,  28.61,  0.056,   2.05,  0.121,   2.84,  0.156,  59.66,  0.023,  25.46,  0.095, 284.04,  0.107, 278.05,  0.093, 281.19,  0.115, 280.04,  0.079, 295.59,  0.068, 311.42,  0.132, 336.74,  0.211, 319.60,-99.000, -99.00,-99.000, -99.00,-99.000, -99.00,-99.000, -99.00,
8/30/2006 10:15:00, 12.2,275.6,  0.6,  3.5, 18.864, 29.03,  0.0,  0.0,  0.041,  17.10,  0.006,  30.96,  0.103,   0.56,  0.062, 353.56,  0.133,  26.76,  0.099, 352.44,  0.086, 349.22,  0.101,  80.35,  0.032,   1.79,  0.048, 264.05,  0.088, 285.14,  0.072, 287.68,  0.042,  35.22,  0.068, 339.44,  0.114, 291.15,  0.045, 243.43,-99.000, -99.00,-99.000, -99.00,-99.000, -99.00,-99.000, -99.00,
8/30/2006 10:20:00, 12.2,275.7,  0.6,  3.5, 18.869, 29.03,  0.0,  0.0,  0.008,  60.26,  0.082,  49.93,  0.107,   0.00,  0.081, 332.18,  0.079,   2.17,  0.073,  60.26,  0.089,  12.32,  0.161, 334.23,  0.096,   5.36,  0.101,   9.09,  0.129, 337.21,  0.087, 321.03,  0.058, 251.88,  0.069, 284.24,  0.107, 306.66,  0.125, 317.60,-99.000, -99.00,-99.000, -99.00,-99.000, -99.00,-99.000, -99.00,
8/30/2006 10:25:00, 12.2,275.6,  0.6,  3.5, 18.883, 29.03,  0.0,  0.0,  0.110,  64.60,  0.083, 320.37,  0.097, 306.16,  0.022, 256.61,  0.013,   0.00,  0.076, 273.76,  0.054, 323.34,  0.059, 281.69,  0.086,  51.13,  0.106, 298.26,  0.106, 290.49,  0.064, 323.31,  0.124, 292.83,  0.092, 299.90,  0.077, 286.56,  0.094, 331.53,-99.000, -99.00,-99.000, -99.00,-99.000, -99.00,-99.000, -99.00,
8/30/2006 10:30:00, 12.2,275.7,  0.6,  3.5, 18.891, 29.04,  0.0,  0.0,  0.036,  37.18,  0.071, 304.14,  0.065,  13.39,  0.153, 333.10,  0.118, 356.12,  0.155, 323.95,  0.038, 346.33,  0.073, 280.23,  0.043, 332.24,  0.046, 278.84,  0.053,  10.89,  0.046, 340.77,  0.122, 286.65,  0.136, 268.74,  0.100, 270.57,  0.093, 255.66,-99.000, -99.00,-99.000, -99.00,-99.000, -99.00,-99.000, -99.00,
8/30/2006 10:35:00, 12.2,275.7,  0.6,  3.5, 18.907, 29.04,  0.0,  0.0,  0.073, 213.91,  0.049, 278.30,  0.072, 322.33,  0.113,   1.01,  0.105, 319.64,  0.109, 337.42,  0.124, 323.22,  0.045, 296.57,  0.121, 322.75,  0.091, 294.03,  0.103, 268.33,  0.099, 305.13,  0.070, 268.36,  0.069, 267.51,  0.107, 313.10,  0.054, 262.61,-99.000, -99.00,-99.000, -99.00,-99.000, -99.00,-99.000, -99.00,
8/30/2006 10:40:00, 12.2,275.8,  0.6,  3.5, 18.913, 29.04,  0.0,  0.0,  0.036,  96.34,  0.080, 288.21,  0.121, 339.78,  0.132, 317.14,  0.102, 333.18,  0.106, 319.99,  0.099, 320.34,  0.081, 282.84,  0.131, 270.87,  0.067, 287.35,  0.105, 277.67,  0.116, 299.87,  0.100, 314.19,  0.067, 237.26,  0.123, 254.38,  0.056, 264.90,-99.000, -99.00,-99.000, -99.00,-99.000, -99.00,-99.000, -99.00,
8/30/2006 10:45:00, 12.2,275.7,  0.6,  3.5, 18.916, 29.03,  0.0,  0.0,  0.107, 317.65,  0.142, 355.97,  0.108, 317.62,  0.062, 294.90,  0.129, 320.37,  0.058, 295.68,  0.163, 320.24,  0.143, 316.70,  0.118, 330.62,  0.174, 307.99,  0.115, 302.59,  0.051, 274.48,  0.045, 286.82,  0.116, 279.95,  0.168, 285.52,  0.116, 329.46,-99.000, -99.00,-99.000, -99.00,-99.000, -99.00,-99.000, -99.00,
8/30/2006 10:50:00, 12.2,275.7,  0.6,  3.5, 18.928, 29.04,  0.0,  0.0,  0.099, 331.62,  0.027, 296.57,  0.083, 341.78,  0.042, 323.67,  0.029, 167.91,  0.084, 262.45,  0.004, 104.04,  0.029,  60.75,  0.013,  22.62,  0.103, 311.08,  0.129, 307.14,  0.107, 296.09,  0.136, 278.01,  0.146, 273.14,  0.166, 294.24,  0.060, 358.09,-99.000, -99.00,-99.000, -99.00,-99.000, -99.00,-99.000, -99.00,
8/30/2006 10:55:00, 12.2,275.8,  0.6,  3.5, 18.932, 29.04,  0.0,  0.0,  0.097, 278.88,  0.155, 306.87,  0.082, 306.59,  0.050,  40.10,  0.042, 353.21,  0.070, 286.62,  0.088, 285.77,  0.090, 293.45,  0.060, 303.42,  0.072, 303.69,  0.089, 307.26,  0.147, 302.50,  0.091, 294.03,  0.079, 307.30,  0.129, 305.54,  0.022, 302.28,-99.000, -99.00,-99.000, -99.00,-99.000, -99.00,-99.000, -99.00,
8/30/2006 11:00:00, 12.2,275.7,  0.6,  3.5, 18.934, 29.04,  0.0,  0.0,  0.074,  41.70,  0.036, 254.05,  0.120, 319.40,  0.043, 335.22,  0.083, 322.85,  0.113, 343.50,  0.142, 344.89,  0.085, 331.01,  0.105, 289.98,  0.064, 292.14,  0.133, 307.99,  0.112, 290.38,  0.125, 285.26,  0.145, 278.75,  0.160, 292.73,  0.050, 304.33,-99.000, -99.00,-99.000, -99.00,-99.000, -99.00,-99.000, -99.00,
8/30/2006 11:05:00, 12.2,275.7,  0.6,  3.5, 18.931, 29.04,  0.0,  0.0,  0.113, 312.85,  0.087,  32.77,  0.082, 323.41,  0.178,  18.33,  0.104,  26.81,  0.095, 351.53,  0.178, 346.04,  0.147, 313.35,  0.156, 309.29,  0.117, 291.53,  0.083, 299.66,  0.062, 303.18,  0.166, 268.62,  0.196, 248.14,  0.165, 266.88,  0.049, 255.68,-99.000, -99.00,-99.000, -99.00,-99.000, -99.00,-99.000, -99.00,
8/30/2006 11:10:00, 12.2,275.7,  0.6,  3.5, 18.940, 29.04,  0.0,  0.0,  0.073,  29.74,  0.073, 350.54,  0.118, 334.31,  0.075,   8.46,  0.115, 316.05,  0.084, 352.45,  0.119, 298.07,  0.130, 280.19,  0.129, 282.09,  0.155, 269.63,  0.200, 260.21,  0.135, 278.07,  0.149, 265.78,  0.095, 280.95,  0.221, 275.97,  0.078, 272.94,-99.000, -99.00,-99.000, -99.00,-99.000, -99.00,-99.000, -99.00,
8/30/2006 11:15:00, 12.2,275.7,  0.6,  3.5, 18.935, 29.04,  0.0,  0.0,  0.040, 301.70,  0.095, 356.99,  0.144, 358.01,  0.082, 355.82,  0.081, 317.49,  0.105, 323.13,  0.068, 299.95,  0.087, 326.67,  0.104, 293.85,  0.106, 313.47,  0.143, 276.43,  0.171, 279.41,  0.081, 295.62,  0.100, 296.05,  0.024, 332.35,  0.064,  26.97,-99.000, -99.00,-99.000, -99.00,-99.000, -99.00,-99.000, -99.00,
8/30/2006 11:20:00, 12.2,275.7,  0.6,  3.5, 18.937, 29.05,  0.0,  0.0,  0.056, 322.93,  0.080, 349.25,  0.087, 320.62,  0.082, 340.68,  0.063, 334.65,  0.090, 268.09,  0.085, 279.46,  0.092, 323.38,  0.099, 252.30,  0.065, 241.46,  0.146, 275.91,  0.167, 269.31,  0.116, 280.44,  0.177, 275.19,  0.130, 283.82,  0.090, 339.15,-99.000, -99.00,-99.000, -99.00,-99.000, -99.00,-99.000, -99.00,
8/30/2006 11:25:00, 12.2,275.8,  0.6,  3.5, 18.945, 29.05,  0.0,  0.0,  0.142,   0.00,  0.157, 325.91,  0.231, 352.29,  0.171, 339.44,  0.283, 300.10,  0.177, 296.85,  0.303, 290.71,  0.231, 316.05,  0.221, 304.12,  0.298, 304.76,  0.295, 313.76,  0.284, 310.43,  0.228, 307.32,  0.235, 305.11,  0.155, 305.54,  0.171, 285.99,-99.000, -99.00,-99.000, -99.00,-99.000, -99.00,-99.000, -99.00,
8/30/2006 11:30:00, 12.2,275.7,  0.6,  3.5, 18.960, 29.05,  0.0,  0.0,  0.066, 334.98,  0.101, 307.33,  0.170, 315.48,  0.094, 308.95,  0.135, 297.32,  0.088, 315.46,  0.125, 316.62,  0.244, 326.05,  0.173, 319.22,  0.138, 334.18,  0.168, 291.23,  0.105, 304.90,  0.116, 327.00,  0.147, 292.02,  0.105, 297.78,  0.061, 315.00,-99.000, -99.00,-99.000, -99.00,-99.000, -99.00,-99.000, -99.00,
8/30/2006 11:35:00, 12.2,275.7,  0.6,  3.5, 18.962, 29.06,  0.0,  0.0,  0.048, 326.98,  0.067, 319.86,  0.089, 339.52,  0.054, 319.51,  0.159, 318.31,  0.042, 315.00,  0.083, 310.60,  0.157, 289.01,  0.126, 290.02,  0.092, 290.41,  0.100, 275.14,  0.091, 289.82,  0.132, 278.25,  0.157, 261.92,  0.105, 279.28,  0.045, 275.08,-99.000, -99.00,-99.000, -99.00,-99.000, -99.00,-99.000, -99.00,
8/30/2006 11:40:00, 12.2,275.7,  0.6,  3.5, 18.968, 29.07,  0.0,  0.0,  0.036,  14.42,  0.142, 306.15,  0.118, 308.13,  0.073, 316.67,  0.112,  12.42,  0.026, 299.48,  0.075, 293.50,  0.067, 289.25,  0.080, 289.80,  0.090, 292.86,  0.090, 309.16,  0.121, 278.06,  0.135, 278.49,  0.135, 295.99,  0.146, 317.78,  0.031, 260.84,-99.000, -99.00,-99.000, -99.00,-99.000, -99.00,-99.000, -99.00,
8/30/2006 11:45:00, 12.2,275.8,  0.6,  3.5, 18.978, 29.06,  0.0,  0.0,  0.148, 299.17,  0.121,   9.00,  0.155, 321.28,  0.188, 310.04,  0.153, 357.01,  0.194, 320.65,  0.152, 324.64,  0.142, 323.29,  0.200, 331.89,  0.204, 310.42,  0.177, 314.54,  0.131, 310.03,  0.191, 280.55,  0.176, 294.09,  0.146, 310.56,  0.103, 312.24,-99.000, -99.00,-99.000, -99.00,-99.000, -99.00,-99.000, -99.00,
8/30/2006 11:50:00, 12.2,275.7,  0.6,  3.5, 18.982, 29.06,  0.0,  0.0,  0.069, 292.11,  0.147, 275.48,  0.074, 305.63,  0.165, 293.93,  0.068, 290.56,  0.069, 280.01,  0.068, 315.00,  0.120, 293.57,  0.115, 288.75,  0.139, 301.18,  0.124, 293.87,  0.186, 286.58,  0.086, 288.23,  0.026, 267.80,  0.106, 297.05,  0.181, 304.66,-99.000, -99.00,-99.000, -99.00,-99.000, -99.00,-99.000, -99.00,
8/30/2006 11:55:00, 12.2,275.7,  0.6,  3.5, 18.993, 29.06,  0.0,  0.0,  0.150, 296.57,  0.088, 321.44,  0.127, 297.57,  0.117, 321.57,  0.105, 311.13,  0.120, 326.18,  0.067, 305.34,  0.097, 302.38,  0.132, 272.17,  0.173, 273.97,  0.035, 297.30,  0.036,  90.00,  0.119, 271.44,  0.159, 296.08,  0.212, 296.69,  0.060, 251.57,-99.000, -99.00,-99.000, -99.00,-99.000, -99.00,-99.000, -99.00,
8/30/2006 12:00:00, 12.2,275.7,  0.6,  3.5, 18.984, 29.05,  0.0,  0.0,  0.206, 298.06,  0.268, 288.03,  0.107, 319.92,  0.188, 303.27,  0.194, 276.50,  0.206, 316.38,  0.166, 313.78,  0.098, 296.57,  0.155, 280.80,  0.179, 288.94,  0.132, 315.62,  0.133, 284.77,  0.171, 275.71,  0.114, 272.01,  0.111, 322.31,  0.160, 292.87,-99.000, -99.00,-99.000, -99.00,-99.000, -99.00,-99.000, -99.00,
8/30/2006 12:05:00, 12.2,275.7,  0.6,  3.5, 18.987, 29.05,  0.0,  0.0,  0.124, 310.75,  0.148, 283.66,  0.133, 319.26,  0.113, 346.70,  0.173, 320.62,  0.189, 324.04,  0.082, 350.88,  0.131, 308.80,  0.194, 295.37,  0.183, 310.57,  0.191, 298.85,  0.206, 308.88,  0.093, 286.28,  0.182, 272.83,  0.096, 306.99,  0.043,   2.66,-99.000, -99.00,-99.000, -99.00,-99.000, -99.00,-99.000, -99.00,
8/30/2006 12:10:00, 12.2,275.7,  0.6,  3.5, 18.987, 29.05,  0.0,  0.0,  0.268, 303.27,  0.161, 317.01,  0.186, 296.57,  0.174, 298.03,  0.165, 319.66,  0.175, 290.10,  0.144, 292.47,  0.222, 287.29,  0.200, 293.88,  0.139, 266.30,  0.182, 273.14,  0.149, 295.02,  0.150, 273.05,  0.136, 289.37,  0.125, 289.59,  0.118, 272.43,-99.000, -99.00,-99.000, -99.00,-99.000, -99.00,-99.000, -99.00,
8/30/2006 12:15:00, 12.2,275.7,  0.6,  3.5, 18.997, 29.04,  0.0,  0.0,  0.112, 341.73,  0.043, 308.45,  0.113, 326.17,  0.106, 293.91,  0.179, 303.87,  0.124, 325.16,  0.223, 311.19,  0.201, 321.47,  0.247, 294.60,  0.216, 300.24,  0.227, 285.56,  0.157, 285.90,  0.170, 292.49,  0.076, 145.68,  0.157, 129.06,  0.147, 132.25,-99.000, -99.00,-99.000, -99.00,-99.000, -99.00,-99.000, -99.00,
8/30/2006 12:20:00, 12.2,275.8,  0.6,  3.5, 19.006, 29.04,  0.0,  0.0,  0.151, 347.35,  0.108, 332.49,  0.146, 310.56,  0.116, 332.33,  0.106, 334.89,  0.135, 328.89,  0.162, 308.49,  0.261, 305.82,  0.227, 302.43,  0.164, 292.97,  0.235, 289.36,  0.268, 287.35,  0.298, 280.25,  0.260, 280.19,  0.245, 283.92,  0.084, 266.59,-99.000, -99.00,-99.000, -99.00,-99.000, -99.00,-99.000, -99.00,
8/30/2006 12:25:00, 12.2,275.7,  0.6,  3.5, 19.009, 29.04,  0.0,  0.0,  0.126, 333.03,  0.200, 312.97,  0.145, 339.81,  0.204, 319.98,  0.164, 318.45,  0.187, 308.28,  0.175, 298.61,  0.157, 286.70,  0.129, 284.79,  0.191, 283.31,  0.203, 290.13,  0.212, 286.73,  0.244, 296.57,  0.212, 283.38,  0.187, 274.61,  0.068, 270.00,-99.000, -99.00,-99.000, -99.00,-99.000, -99.00,-99.000, -99.00,
8/30/2006 12:30:00, 12.2,275.8,  0.6,  3.5, 19.014, 29.05,  0.0,  0.0,  0.201, 339.94,  0.159, 314.75,  0.190, 338.03,  0.181, 329.74,  0.107, 306.66,  0.169, 290.04,  0.199, 291.16,  0.161, 292.59,  0.204, 289.14,  0.195, 300.11,  0.225, 298.73,  0.217, 286.34,  0.169, 274.76,  0.180, 287.13,  0.221, 304.12,  0.119, 303.69,-99.000, -99.00,-99.000, -99.00,-99.000, -99.00,-99.000, -99.00,
8/30/2006 12:35:00, 12.2,275.8,  0.6,  3.5, 19.010, 29.05,  0.0,  0.0,  0.240, 311.46,  0.195, 329.49,  0.151, 343.85,  0.139, 334.36,  0.240, 323.13,  0.150, 353.11,  0.120, 307.92,  0.214, 296.92,  0.149, 334.64,  0.062, 332.20,  0.170, 324.07,  0.164, 306.31,  0.211, 297.42,  0.206, 296.57,  0.190, 286.53,  0.076, 299.93,-99.000, -99.00,-99.000, -99.00,-99.000, -99.00,-99.000, -99.00,
8/30/2006 12:40:00, 12.2,275.7,  0.6,  3.5, 19.004, 29.05,  0.0,  0.0,  0.212, 290.14,  0.167, 315.97,  0.162, 307.72,  0.124, 306.13,  0.152, 319.28,  0.114, 324.64,  0.146, 304.67,  0.129, 300.74,  0.101, 266.04,  0.180, 303.42,  0.167, 307.69,  0.145, 280.77,  0.207, 284.57,  0.143, 278.47,  0.237, 294.72,  0.065, 328.28,-99.000, -99.00,-99.000, -99.00,-99.000, -99.00,-99.000, -99.00,
8/30/2006 12:45:00, 12.2,275.8,  0.6,  3.5, 19.010, 29.05,  0.0,  0.0,  0.243, 337.98,  0.119, 338.38,  0.212, 286.47,  0.210, 284.37,  0.178, 290.37,  0.228, 315.89,  0.192, 305.68,  0.148, 308.96,  0.140, 319.93,  0.222, 304.34,  0.134, 301.91,  0.153, 285.95,  0.235, 289.90,  0.227, 288.20,  0.241, 292.20,  0.079, 309.34,-99.000, -99.00,-99.000, -99.00,-99.000, -99.00,-99.000, -99.00,
8/30/2006 12:50:00, 12.2,275.7,  0.6,  3.5, 19.013, 29.06,  0.0,  0.0,  0.163, 325.53,  0.139, 315.58,  0.165, 333.75,  0.222, 303.62,  0.170, 333.89,  0.166, 315.24,  0.153, 307.84,  0.151, 300.12,  0.258, 299.94,  0.132, 280.03,  0.189, 277.31,  0.163, 274.94,  0.244, 279.19,  0.165, 283.70,  0.262, 295.59,  0.190, 314.79,-99.000, -99.00,-99.000, -99.00,-99.000, -99.00,-99.000, -99.00,
8/30/2006 12:55:00, 12.2,275.8,  0.6,  3.5, 19.007, 29.07,  0.0,  0.0,  0.130, 306.87,  0.138, 341.43,  0.183, 298.39,  0.224, 290.62,  0.234, 297.99,  0.120, 262.34,  0.188, 301.49,  0.202, 298.34,  0.153, 265.52,  0.230, 266.76,  0.275, 292.46,  0.331, 280.80,  0.147, 269.61,  0.231, 296.23,  0.180, 290.15,  0.065, 310.03,-99.000, -99.00,-99.000, -99.00,-99.000, -99.00,-99.000, -99.00,
8/30/2006 13:00:00, 12.2,275.8,  0.6,  3.5, 19.009, 29.07,  0.0,  0.0,  0.166, 339.93,  0.093, 315.87,  0.191, 321.81,  0.132, 333.43,  0.098, 339.17,  0.119, 321.12,  0.136, 315.30,  0.151, 319.56,  0.073, 312.22,  0.119, 319.76,  0.119, 330.20,  0.208, 295.08,  0.240, 275.50,  0.177, 284.43,  0.241, 302.11,  0.065, 246.57,-99.000, -99.00,-99.000, -99.00,-99.000, -99.00,-99.000, -99.00,
8/30/2006 13:05:00, 12.2,275.8,  0.6,  3.5, 19.017, 29.07,  0.0,  0.0,  0.156, 291.80,  0.121, 275.24,  0.159, 309.39,  0.171, 281.84,  0.130, 337.79,  0.113, 264.94,  0.163, 307.01,  0.176, 291.01,  0.218, 289.27,  0.117, 273.91,  0.228, 281.66,  0.216, 274.79,  0.230, 267.26,  0.270, 277.65,  0.183, 284.26,  0.109, 262.61,-99.000, -99.00,-99.000, -99.00,-99.000, -99.00,-99.000, -99.00,
8/30/2006 13:10:00, 12.2,275.7,  0.6,  3.5, 19.016, 29.07,  0.0,  0.0,  0.093, 324.61,  0.135, 304.40,  0.142, 317.29,  0.194, 306.81,  0.075, 349.29,  0.112, 337.34,  0.162, 342.79,  0.179, 330.14,  0.184, 314.12,  0.143, 306.47,  0.137, 285.66,  0.152, 281.75,  0.164, 287.44,  0.184, 282.23,  0.281, 287.40,  0.111, 294.02,-99.000, -99.00,-99.000, -99.00,-99.000, -99.00,-99.000, -99.00,
8/30/2006 13:15:00, 12.2,275.8,  0.6,  3.5, 19.024, 29.08,  0.0,  0.0,  0.160, 284.82,  0.258, 296.76,  0.190, 307.95,  0.178, 313.18,  0.184, 324.75,  0.184, 301.18,  0.128, 281.75,  0.184, 286.46,  0.182, 285.26,  0.246, 297.92,  0.188, 277.66,  0.156, 275.16,  0.167, 274.11,  0.243, 284.32,  0.170, 289.61,  0.096, 282.59,-99.000, -99.00,-99.000, -99.00,-99.000, -99.00,-99.000, -99.00,
8/30/2006 13:20:00, 12.2,276.0,  0.6,  3.5, 19.024, 29.07,  0.0,  0.0,  0.165, 301.08,  0.080, 334.72,  0.213, 355.42,  0.135, 317.10,  0.127, 318.52,  0.084, 326.69,  0.086, 355.35,  0.150, 336.50,  0.062,  10.22,  0.119, 304.76,  0.113, 303.41,  0.185, 271.55,  0.208, 282.50,  0.135, 291.80,  0.189, 296.43,  0.123, 289.47,-99.000, -99.00,-99.000, -99.00,-99.000, -99.00,-99.000, -99.00,
8/30/2006 13:25:00, 12.2,275.8,  0.6,  3.5, 19.032, 29.07,  0.0,  0.0,  0.192, 324.98,  0.086,  10.78,  0.039, 336.04,  0.235, 348.21,  0.132, 330.52,  0.111, 284.66,  0.106, 332.95,  0.132, 300.44,  0.106, 260.18,  0.149, 275.02,  0.192, 269.40,  0.161, 272.49,  0.171, 278.75,  0.137, 287.38,  0.193, 305.09,  0.155, 239.80,-99.000, -99.00,-99.000, -99.00,-99.000, -99.00,-99.000, -99.00,
8/30/2006 13:30:00, 12.2,275.8,  0.6,  3.5, 19.025, 29.07,  0.0,  0.0,  0.116, 322.73,  0.086, 289.07,  0.188, 325.38,  0.165, 319.17,  0.193, 302.95,  0.165, 298.28,  0.202, 307.55,  0.177, 284.43,  0.196, 295.39,  0.129, 300.74,  0.204, 284.17,  0.193, 282.88,  0.108, 266.82,  0.147, 290.28,  0.193, 283.17,  0.169, 246.62,-99.000, -99.00,-99.000, -99.00,-99.000, -99.00,-99.000, -99.00,
8/30/2006 13:35:00, 12.2,275.8,  0.6,  3.5, 19.036, 29.08,  0.0,  0.0,  0.125, 327.46,  0.067, 297.72,  0.144, 309.65,  0.151, 295.89,  0.180, 289.14,  0.261, 268.68,  0.241, 294.54,  0.253, 274.31,  0.189, 271.52,  0.179, 266.48,  0.256, 266.19,  0.221, 278.57,  0.160, 269.64,  0.140, 267.95,  0.151, 295.04,  0.141, 280.20,-99.000, -99.00,-99.000, -99.00,-99.000, -99.00,-99.000, -99.00,
8/30/2006 13:40:00, 12.2,275.8,  0.6,  3.5, 19.037, 29.08,  0.0,  0.0,  0.144,  21.21,  0.090, 355.55,  0.113, 323.64,  0.197, 323.48,  0.116, 339.21,  0.131, 324.00,  0.103, 304.77,  0.123, 268.14,  0.240, 269.76,  0.212, 262.41,  0.209, 259.55,  0.218, 270.53,  0.163, 272.11,  0.258, 278.04,  0.242, 296.25,  0.122, 280.39,-99.000, -99.00,-99.000, -99.00,-99.000, -99.00,-99.000, -99.00,
8/30/2006 13:45:00, 12.2,275.8,  0.6,  3.5, 19.030, 29.08,  0.0,  0.0,  0.068, 348.20,  0.006,  45.00,  0.118, 305.03,  0.201, 290.42,  0.176, 292.77,  0.206, 288.35,  0.147, 293.61,  0.117, 294.16,  0.200, 290.15,  0.255, 259.13,  0.165, 257.40,  0.235, 266.83,  0.217, 266.57,  0.243, 275.19,  0.211, 275.44,  0.132, 233.91,-99.000, -99.00,-99.000, -99.00,-99.000, -99.00,-99.000, -99.00,
8/30/2006 13:50:00, 12.2,275.8,  0.6,  3.5, 19.029, 29.08,  0.0,  0.0,  0.086, 314.06,  0.083, 355.18,  0.185, 329.14,  0.088, 306.22,  0.003, 315.00,  0.053, 273.24,  0.011,  84.81,  0.095, 303.86,  0.144, 277.57,  0.202, 268.02,  0.289, 260.83,  0.219, 257.87,  0.261, 270.88,  0.289, 275.97,  0.267, 281.90,  0.157, 258.98,-99.000, -99.00,-99.000, -99.00,-99.000, -99.00,-99.000, -99.00,
8/30/2006 13:55:00, 12.2,275.8,  0.6,  3.5, 19.026, 29.08,  0.0,  0.0,  0.113, 341.40,  0.156, 339.36,  0.145, 301.17,  0.117, 311.88,  0.113, 272.53,  0.130, 315.00,  0.155, 268.52,  0.175, 256.12,  0.119, 288.59,  0.257, 299.16,  0.208, 280.23,  0.195, 272.64,  0.109, 259.93,  0.143, 263.57,  0.086, 275.31,  0.102, 247.47,-99.000, -99.00,-99.000, -99.00,-99.000, -99.00,-99.000, -99.00,
8/30/2006 14:00:00, 12.2,275.8,  0.6,  3.5, 19.025, 29.08,  0.0,  0.0,  0.022,  68.20,  0.088,   1.95,  0.159,   5.78,  0.156, 304.81,  0.172, 310.06,  0.151, 312.32,  0.183, 275.96,  0.122, 278.00,  0.096, 253.07,  0.120, 272.86,  0.206, 284.91,  0.138, 276.66,  0.218, 267.11,  0.247, 258.10,  0.257, 273.12,  0.173, 264.03,-99.000, -99.00,-99.000, -99.00,-99.000, -99.00,-99.000, -99.00,
8/30/2006 14:05:00, 12.2,275.8,  0.6,  3.5, 19.015, 29.08,  0.0,  0.0,  0.040,   8.53,  0.147, 261.37,  0.115, 358.01,  0.012, 210.96,  0.146, 288.31,  0.159, 268.20,  0.229, 279.05,  0.197, 292.02,  0.207, 284.57,  0.156, 265.60,  0.086, 293.29,  0.206, 279.78,  0.307, 271.31,  0.302, 266.20,  0.210, 277.40,  0.084, 245.27,-99.000, -99.00,-99.000, -99.00,-99.000, -99.00,-99.000, -99.00,
8/30/2006 14:10:00, 12.2,275.7,  0.6,  3.5, 19.017, 29.08,  0.0,  0.0,  0.187, 269.08,  0.096, 318.81,  0.158, 330.84,  0.040, 233.13,  0.089, 246.89,  0.154, 268.88,  0.130, 291.64,  0.089, 315.91,  0.210, 268.91,  0.153, 272.99,  0.190, 259.40,  0.197, 259.20,  0.249, 257.25,  0.214, 258.11,  0.185, 277.78,  0.105, 272.18,-99.000, -99.00,-99.000, -99.00,-99.000, -99.00,-99.000, -99.00,
8/30/2006 14:15:00, 12.2,275.8,  0.6,  3.5, 19.014, 29.07,  0.0,  0.0,  0.191, 320.73,  0.091, 343.36,  0.054,  35.17,  0.086, 343.87,  0.069, 343.14,  0.125, 289.59,  0.112, 318.62,  0.094, 286.70,  0.172, 293.59,  0.234, 266.82,  0.178, 274.18,  0.179, 289.55,  0.183, 276.27,  0.223, 276.43,  0.272, 279.74,  0.200, 235.20,-99.000, -99.00,-99.000, -99.00,-99.000, -99.00,-99.000, -99.00,
8/30/2006 14:20:00, 12.2,275.8,  0.6,  3.5, 19.013, 29.07,  0.0,  0.0,  0.155, 296.90,  0.109, 324.71,  0.138, 349.58,  0.132, 335.38,  0.168, 315.24,  0.125, 317.60,  0.106, 277.06,  0.150, 256.52,  0.185, 266.60,  0.148, 258.69,  0.159, 277.57,  0.162, 275.32,  0.169, 279.85,  0.060, 287.53,  0.163, 274.21,  0.062, 283.13,-99.000, -99.00,-99.000, -99.00,-99.000, -99.00,-99.000, -99.00,
8/30/2006 14:25:00, 12.2,275.9,  0.6,  3.5, 19.007, 29.07,  0.0,  0.0,  0.042, 260.31,  0.061, 301.61,  0.096, 302.20,  0.048, 270.00,  0.072, 276.34,  0.176, 272.60,  0.147, 270.39,  0.171, 273.01,  0.302, 260.66,  0.161, 260.36,  0.134, 286.00,  0.230, 279.99,  0.209, 260.90,  0.189, 263.33,  0.154, 280.87,  0.115, 220.06,-99.000, -99.00,-99.000, -99.00,-99.000, -99.00,-99.000, -99.00,
8/30/2006 14:30:00, 12.2,275.7,  0.6,  3.5, 19.013, 29.08,  0.0,  0.0,  0.087, 275.25,  0.048, 270.00,  0.136, 299.95,  0.197, 274.38,  0.116, 274.44,  0.152, 272.26,  0.170, 258.82,  0.167, 252.22,  0.129, 268.67,  0.209, 281.31,  0.140, 259.33,  0.172, 257.58,  0.193, 271.19,  0.229, 261.20,  0.188, 281.97,  0.056, 183.07,-99.000, -99.00,-99.000, -99.00,-99.000, -99.00,-99.000, -99.00,
8/30/2006 14:35:00, 12.2,275.8,  0.6,  3.5, 19.018, 29.08,  0.0,  0.0,  0.002, 153.43,  0.156, 270.00,  0.107, 273.74,  0.116, 269.51,  0.081, 276.42,  0.173, 261.35,  0.200, 291.06,  0.133, 264.81,  0.168, 272.05,  0.137, 290.02,  0.137, 294.51,  0.173, 287.81,  0.126, 281.94,  0.163, 280.27,  0.128, 315.95,  0.117, 282.37,-99.000, -99.00,-99.000, -99.00,-99.000, -99.00,-99.000, -99.00,
8/30/2006 14:40:00, 12.2,275.8,  0.6,  3.5, 19.012, 29.08,  0.0,  0.0,  0.102, 270.56,  0.123, 285.05,  0.074, 307.33,  0.054, 316.51,  0.115, 279.54,  0.136, 279.74,  0.164, 260.19,  0.172, 255.15,  0.137, 271.25,  0.129, 267.34,  0.164, 280.90,  0.314, 291.09,  0.346, 284.56,  0.359, 277.52,  0.429, 292.92,  0.353, 294.24,-99.000, -99.00,-99.000, -99.00,-99.000, -99.00,-99.000, -99.00,
8/30/2006 14:45:00, 12.2,275.8,  0.6,  3.5, 19.013, 29.08,  0.0,  0.0,  0.076, 209.28,  0.109, 325.87,  0.070, 241.98,  0.102, 305.41,  0.104, 283.90,  0.097, 286.76,  0.077, 288.90,  0.131, 294.81,  0.112, 277.70,  0.095, 262.13,  0.114, 311.09,  0.115, 302.59,  0.097, 296.30,  0.145, 300.63,  0.187, 298.76,  0.103, 209.05,-99.000, -99.00,-99.000, -99.00,-99.000, -99.00,-99.000, -99.00,
8/30/2006 14:50:00, 12.2,275.8,  0.6,  3.5, 18.999, 29.08,  0.0,  0.0,  0.102, 312.61,  0.181, 267.79,  0.191, 268.80,  0.134, 210.96,  0.183, 258.01,  0.127, 244.85,  0.141, 281.87,  0.125, 270.92,  0.078, 253.65,  0.158, 293.15,  0.191, 285.78,  0.188, 261.74,  0.214, 263.31,  0.167, 248.52,  0.142, 276.07,  0.110, 292.38,-99.000, -99.00,-99.000, -99.00,-99.000, -99.00,-99.000, -99.00,
8/30/2006 14:55:00, 12.2,275.8,  0.6,  3.5, 19.011, 29.08,  0.0,  0.0,  0.072, 318.96,  0.083, 231.88,  0.204, 299.33,  0.094, 201.91,  0.110, 291.90,  0.074, 262.20,  0.195, 303.28,  0.167, 287.46,  0.131, 286.36,  0.162, 257.51,  0.189, 263.03,  0.140, 284.43,  0.178, 294.98,  0.204, 289.14,  0.121, 287.84,  0.052, 248.40,-99.000, -99.00,-99.000, -99.00,-99.000, -99.00,-99.000, -99.00,
8/30/2006 15:00:00, 12.2,275.8,  0.6,  3.5, 19.002, 29.09,  0.0,  0.0,  0.058, 267.04,  0.113, 284.90,  0.050, 223.36,  0.131, 304.42,  0.135, 286.29,  0.098, 310.86,  0.125, 310.80,  0.117, 251.10,  0.200, 251.38,  0.131, 261.68,  0.159, 258.41,  0.166, 275.54,  0.128, 294.96,  0.113, 263.88,  0.182, 289.53,  0.072, 320.09,-99.000, -99.00,-99.000, -99.00,-99.000, -99.00,-99.000, -99.00,
8/30/2006 15:05:00, 12.2,275.8,  0.6,  3.5, 18.996, 29.09,  0.0,  0.0,  0.168, 270.34,  0.094, 267.56,  0.146, 299.02,  0.113, 268.99,  0.055, 244.36,  0.146, 257.77,  0.086, 291.80,  0.117, 278.82,  0.161, 266.80,  0.132, 290.35,  0.173, 255.24,  0.134, 274.27,  0.119, 276.77,  0.112, 312.83,  0.163, 299.70,  0.030, 241.70,-99.000, -99.00,-99.000, -99.00,-99.000, -99.00,-99.000, -99.00,
8/30/2006 15:10:00, 12.2,275.8,  0.6,  3.5, 18.999, 29.09,  0.0,  0.0,  0.095, 212.52,  0.087, 284.68,  0.020,  90.00,  0.107, 287.42,  0.115, 270.50,  0.157, 270.73,  0.157, 251.80,  0.157, 242.29,  0.094, 263.25,  0.155, 267.41,  0.163, 277.73,  0.191, 268.50,  0.227, 270.00,  0.269, 262.53,  0.134, 301.55,  0.047, 347.74,-99.000, -99.00,-99.000, -99.00,-99.000, -99.00,-99.000, -99.00,
8/30/2006 15:15:00, 12.2,275.7,  0.6,  3.5, 18.986, 29.09,  0.0,  0.0,  0.067, 310.14,  0.179, 327.55,  0.047, 242.35,  0.086, 286.96,  0.091, 310.53,  0.113, 274.05,  0.123, 276.08,  0.094, 284.77,  0.102, 288.97,  0.200, 295.16,  0.146, 292.53,  0.128, 260.54,  0.163, 262.61,  0.164, 290.76,  0.184, 295.45,  0.138, 294.34,-99.000, -99.00,-99.000, -99.00,-99.000, -99.00,-99.000, -99.00,
8/30/2006 15:20:00, 12.2,275.8,  0.6,  3.5, 18.986, 29.09,  0.0,  0.0,  0.050, 331.39,  0.070, 316.74,  0.050, 282.65,  0.058,   9.95,  0.101, 292.75,  0.185, 282.16,  0.138, 267.10,  0.159, 254.65,  0.156, 265.60,  0.178, 287.32,  0.229, 281.06,  0.159, 266.04,  0.088, 268.05,  0.183, 280.39,  0.145, 266.84,  0.088, 280.42,-99.000, -99.00,-99.000, -99.00,-99.000, -99.00,-99.000, -99.00,
8/30/2006 15:25:00, 12.2,275.7,  0.6,  3.5, 18.981, 29.09,  0.0,  0.0,  0.022,  92.60,  0.079,  31.09,  0.149, 286.74,  0.058, 290.32,  0.157, 283.59,  0.048, 322.65,  0.168, 267.95,  0.158, 300.78,  0.223, 285.59,  0.147, 286.59,  0.151, 277.97,  0.244, 279.19,  0.147, 255.87,  0.083, 250.25,  0.170, 281.18,  0.178, 268.71,-99.000, -99.00,-99.000, -99.00,-99.000, -99.00,-99.000, -99.00,
8/30/2006 15:30:00, 12.2,275.7,  0.6,  3.5, 18.975, 29.09,  0.0,  0.0,  0.011, 116.57,  0.071, 344.39,  0.023, 342.35,  0.193, 306.99,  0.176, 301.80,  0.024, 321.71,  0.110, 297.73,  0.137, 277.54,  0.251, 276.87,  0.213, 268.39,  0.195, 270.29,  0.186, 259.78,  0.196, 272.05,  0.129, 273.99,  0.166, 280.09,  0.092, 261.25,-99.000, -99.00,-99.000, -99.00,-99.000, -99.00,-99.000, -99.00,
8/30/2006 15:35:00, 12.2,275.7,  0.6,  3.5, 18.962, 29.11,  0.0,  0.0,  0.121, 354.29,  0.198, 305.54,  0.137, 323.63,  0.086, 338.20,  0.105, 284.97,  0.123, 268.14,  0.114, 270.00,  0.202, 271.70,  0.235, 261.70,  0.149, 258.39,  0.139, 239.74,  0.168, 269.32,  0.186, 262.57,  0.126, 260.39,  0.194, 254.74,  0.183, 212.04,-99.000, -99.00,-99.000, -99.00,-99.000, -99.00,-99.000, -99.00,
8/30/2006 15:40:00, 12.2,275.7,  0.6,  3.5, 18.965, 29.13,  0.0,  0.0,  0.053,   7.52,  0.047, 135.00,  0.009, 139.40,  0.116, 277.92,  0.170, 287.47,  0.168, 249.08,  0.103, 248.40,  0.180, 258.81,  0.169, 245.56,  0.150, 246.35,  0.160, 237.80,  0.108, 249.38,  0.098, 235.82,  0.174, 233.39,  0.041, 239.04,  0.015, 266.19,-99.000, -99.00,-99.000, -99.00,-99.000, -99.00,-99.000, -99.00,
8/30/2006 15:45:00, 12.2,275.8,  0.6,  3.5, 18.954, 29.16,  0.0,  0.0,  0.086,  16.96,  0.174, 321.08,  0.124, 347.42,  0.075, 231.46,  0.130, 266.48,  0.136, 242.30,  0.145, 294.08,  0.077, 294.57,  0.088, 257.54,  0.188, 252.05,  0.142, 276.47,  0.091, 285.86,  0.070, 268.36,  0.101, 271.13,  0.093, 317.60,  0.069, 309.70,-99.000, -99.00,-99.000, -99.00,-99.000, -99.00,-99.000, -99.00,
8/30/2006 15:50:00, 12.2,275.7,  0.6,  3.5, 18.957, 29.18,  0.0,  0.0,  0.057, 274.01,  0.062, 302.40,  0.065,   0.00,  0.100, 314.19,  0.123, 262.07,  0.131, 247.55,  0.132, 259.97,  0.061, 290.22,  0.076, 275.26,  0.072, 315.00,  0.159, 298.18,  0.135, 266.19,  0.118, 250.64,  0.071, 261.07,  0.123, 334.90,  0.051, 275.60,-99.000, -99.00,-99.000, -99.00,-99.000, -99.00,-99.000, -99.00,
8/30/2006 15:55:00, 12.2,275.7,  0.6,  3.5, 18.955, 29.19,  0.0,  0.0,  0.037, 304.11,  0.027, 328.67,  0.130, 261.12,  0.197, 285.31,  0.073, 303.91,  0.135, 318.89,  0.165, 290.96,  0.062, 324.25,  0.118, 315.34,  0.098, 282.34,  0.076, 285.32,  0.109, 285.44,  0.151, 283.02,  0.080, 263.50,  0.059, 285.68,  0.086, 201.18,-99.000, -99.00,-99.000, -99.00,-99.000, -99.00,-99.000, -99.00,
8/30/2006 16:00:00, 12.2,275.7,  0.6,  3.5, 18.967, 29.14,  0.0,  0.0,  0.161, 221.72,  0.287, 201.02,  0.189, 239.09,  0.095, 275.41,  0.081, 315.00,  0.030, 219.56,  0.038, 297.90,  0.079, 325.30,  0.112, 316.08,  0.113, 281.21,  0.118, 288.74,  0.090, 315.45,  0.096, 268.81,  0.144, 253.45,  0.154, 281.97,  0.067, 203.88,-99.000, -99.00,-99.000, -99.00,-99.000, -99.00,-99.000, -99.00,
8/30/2006 16:05:00, 12.2,275.7,  0.6,  3.5, 18.961, 29.08,  0.0,  0.0,  0.111, 142.31,  0.137, 212.76,  0.145, 152.90,  0.065, 177.36,  0.047, 199.98,  0.098, 307.57,  0.068, 256.37,  0.003,  18.43,  0.125, 290.18,  0.102, 276.78,  0.147, 275.48,  0.091, 304.22,  0.086, 306.47,  0.012, 250.02,  0.156, 289.13,  0.103, 215.54,-99.000, -99.00,-99.000, -99.00,-99.000, -99.00,-99.000, -99.00,
8/30/2006 16:10:00, 12.2,275.8,  0.6,  3.5, 18.954, 29.03,  0.0,  0.0,  0.017,  17.35,  0.078, 217.75,  0.172, 217.67,  0.068, 190.98,  0.047, 345.07,  0.051, 206.57,  0.026, 215.54,  0.048, 339.30,  0.102, 334.44,  0.070, 321.34,  0.112, 312.10,  0.089, 331.70,  0.197, 303.85,  0.119,  28.73,  0.240, 341.04,  0.215, 326.75,-99.000, -99.00,-99.000, -99.00,-99.000, -99.00,-99.000, -99.00,
8/30/2006 16:15:00, 12.2,275.8,  0.6,  3.5, 18.946, 29.00,  0.0,  0.0,  0.083, 186.19,  0.092,  99.36,  0.075, 163.01,  0.092, 191.31,  0.083, 164.62,  0.067,  83.19,  0.094,   5.47,  0.025,  18.43,  0.065, 300.51,  0.031, 262.65,  0.150, 209.65,  0.061, 228.99,  0.129, 278.95,  0.142, 301.45,  0.247, 329.39,  0.177, 352.51,-99.000, -99.00,-99.000, -99.00,-99.000, -99.00,-99.000, -99.00,
8/30/2006 16:20:00, 12.2,275.7,  0.6,  3.5, 18.946, 28.97,  0.0,  0.0,  0.116, 102.96,  0.048,  90.00,  0.052, 140.48,  0.025, 248.63,  0.047, 119.29,  0.048, 261.53,  0.050, 215.27,  0.007,  26.57,  0.115, 337.00,  0.117, 335.84,  0.097, 275.30,  0.121, 261.47,  0.089, 273.22,  0.130, 263.81,  0.108, 335.34,  0.148, 293.10,-99.000, -99.00,-99.000, -99.00,-99.000, -99.00,-99.000, -99.00,
8/30/2006 16:25:00, 12.2,275.8,  0.6,  3.5, 18.935, 28.95,  0.0,  0.0,  0.087, 170.11,  0.043, 193.39,  0.046, 271.25,  0.022, 280.30,  0.063, 266.37,  0.073, 217.81,  0.088, 169.58,  0.086, 181.33,  0.059,  61.70,  0.053,  73.61,  0.038,   0.00,  0.059, 321.19,  0.073, 354.52,  0.019, 101.89,  0.070, 250.79,  0.132, 244.41,-99.000, -99.00,-99.000, -99.00,-99.000, -99.00,-99.000, -99.00,
8/30/2006 16:30:00, 12.2,275.7,  0.6,  3.5, 18.928, 28.94,  0.0,  0.0,  0.158, 179.64,  0.049,  87.66,  0.067, 125.34,  0.102, 243.18,  0.089, 197.62,  0.078, 210.84,  0.051, 192.41,  0.041, 105.75,  0.017,  79.99,  0.036, 186.34,  0.087, 201.56,  0.108, 207.04,  0.066, 270.00,  0.168, 280.64,  0.144, 260.02,  0.140, 239.04,-99.000, -99.00,-99.000, -99.00,-99.000, -99.00,-99.000, -99.00,
8/30/2006 16:35:00, 12.2,275.8,  0.6,  3.5, 18.925, 28.93,  0.0,  0.0,  0.028, 130.60,  0.105, 265.64,  0.066, 219.47,  0.056, 160.28,  0.049, 209.17,  0.028, 226.47,  0.038, 203.20,  0.035, 169.99,  0.034, 200.56,  0.028,  46.47,  0.056, 321.50,  0.007, 315.00,  0.060, 277.72,  0.118, 274.36,  0.112, 292.66,  0.112, 235.18,-99.000, -99.00,-99.000, -99.00,-99.000, -99.00,-99.000, -99.00,
8/30/2006 16:40:00, 12.2,275.8,  0.6,  3.5, 18.926, 28.93,  0.0,  0.0,  0.004, 180.00,  0.143, 164.22,  0.084,  91.36,  0.107, 129.67,  0.088, 145.59,  0.145, 176.84,  0.098, 170.06,  0.007, 146.31,  0.077, 160.40,  0.048, 103.17,  0.022,  57.72,  0.023, 177.51,  0.032, 294.15,  0.077, 321.34,  0.074, 300.03,  0.089, 237.93,-99.000, -99.00,-99.000, -99.00,-99.000, -99.00,-99.000, -99.00,
8/30/2006 16:45:00, 12.2,275.8,  0.6,  3.5, 18.925, 28.92,  0.0,  0.0,  0.112, 107.63,  0.119, 154.08,  0.143, 166.26,  0.117, 159.56,  0.199, 179.71,  0.092, 169.30,  0.048, 248.20,  0.096, 156.10,  0.056, 189.29,  0.034, 145.84,  0.045,  42.27,  0.036,  51.84,  0.023,  43.26,  0.004, 104.04,  0.072, 161.31,  0.056, 178.98,-99.000, -99.00,-99.000, -99.00,-99.000, -99.00,-99.000, -99.00,
8/30/2006 16:50:00, 12.2,275.8,  0.6,  3.5, 18.919, 28.92,  0.0,  0.0,  0.096, 130.34,  0.098, 166.96,  0.127, 170.46,  0.096, 148.63,  0.094, 161.95,  0.058, 169.08,  0.089, 180.00,  0.051, 153.43,  0.100, 144.40,  0.062,  94.61,  0.027, 151.56,  0.010, 258.69,  0.033, 345.96,  0.125, 270.00,  0.075, 336.50,  0.036,  15.95,-99.000, -99.00,-99.000, -99.00,-99.000, -99.00,-99.000, -99.00,
8/30/2006 16:55:00, 12.1,275.7,  0.6,  3.5, 18.918, 28.93,  0.0,  0.0,  0.087,  87.37,  0.147, 104.13,  0.058, 147.68,  0.076, 135.54,  0.036, 237.65,  0.123, 215.75,  0.086, 150.75,  0.128, 153.03,  0.124, 152.61,  0.092, 147.86,  0.067,  34.64,  0.039, 278.75,  0.073,  38.90,  0.036, 358.41,  0.048, 318.37,  0.025, 123.69,-99.000, -99.00,-99.000, -99.00,-99.000, -99.00,-99.000, -99.00,
8/30/2006 17:00:00, 12.2,275.7,  0.6,  3.5, 18.917, 28.93,  0.0,  0.0,  0.181,  80.80,  0.075, 109.40,  0.092, 138.52,  0.126, 149.97,  0.089, 107.62,  0.125, 181.83,  0.016, 230.19,  0.061, 126.30,  0.084, 168.96,  0.040, 198.89,  0.008,  50.19,  0.055, 357.92,  0.050,  59.83,  0.078, 334.09,  0.111, 328.59,  0.010, 286.70,-99.000, -99.00,-99.000, -99.00,-99.000, -99.00,-99.000, -99.00,
8/30/2006 17:05:00, 12.1,275.8,  0.6,  3.5, 18.910, 28.93,  0.0,  0.0,  0.145,  93.16,  0.105, 141.93,  0.114, 136.78,  0.165, 146.60,  0.047, 152.35,  0.040, 159.78,  0.156, 164.00,  0.079, 169.82,  0.075, 235.89,  0.164, 122.82,  0.025, 326.31,  0.042, 248.96,  0.007, 180.00,  0.058,  68.75,  0.072, 305.91,  0.048, 182.39,-99.000, -99.00,-99.000, -99.00,-99.000, -99.00,-99.000, -99.00,
8/30/2006 17:10:00, 12.1,275.7,  0.6,  3.5, 18.911, 28.93,  0.0,  0.0,  0.125, 129.16,  0.160, 115.12,  0.022, 123.69,  0.148, 151.36,  0.138, 225.88,  0.107, 147.94,  0.114, 189.63,  0.101, 128.57,  0.111, 139.40,  0.044, 117.15,  0.037, 135.00,  0.068, 232.79,  0.014, 175.91,  0.045,  90.00,  0.129, 356.01,  0.126, 337.10,-99.000, -99.00,-99.000, -99.00,-99.000, -99.00,-99.000, -99.00,
8/30/2006 17:15:00, 12.1,275.7,  0.6,  3.5, 18.909, 28.93,  0.0,  0.0,  0.088, 184.55,  0.146, 127.18,  0.153, 117.24,  0.120, 107.98,  0.051, 114.08,  0.112, 147.02,  0.140, 148.69,  0.152, 155.46,  0.160, 188.28,  0.114, 203.86,  0.092, 170.64,  0.004,  63.43,  0.025, 260.91,  0.055, 259.51,  0.037, 319.40,  0.023, 133.26,-99.000, -99.00,-99.000, -99.00,-99.000, -99.00,-99.000, -99.00,
8/30/2006 17:20:00, 12.1,275.7,  0.6,  3.5, 18.895, 28.93,  0.0,  0.0,  0.118,  81.25,  0.115, 155.22,  0.126, 144.67,  0.148, 181.93,  0.120, 160.96,  0.071, 138.43,  0.087, 154.90,  0.091, 167.95,  0.059, 137.07,  0.026, 147.53,  0.038, 309.61,  0.022,  18.43,  0.034,  61.93,  0.050, 115.02,  0.022, 110.85,  0.088, 229.61,-99.000, -99.00,-99.000, -99.00,-99.000, -99.00,-99.000, -99.00,
8/30/2006 17:25:00, 12.1,275.8,  0.6,  3.5, 18.888, 28.93,  0.0,  0.0,  0.145, 127.42,  0.133, 125.24,  0.130, 146.92,  0.183, 155.53,  0.085, 176.63,  0.138, 149.53,  0.164, 159.69,  0.126, 188.64,  0.155, 184.83,  0.024, 199.18,  0.070,  81.75,  0.014,  59.74,  0.022,  65.77,  0.040,  78.41,  0.027, 349.51,  0.084, 227.41,-99.000, -99.00,-99.000, -99.00,-99.000, -99.00,-99.000, -99.00,
8/30/2006 17:30:00, 12.1,275.8,  0.6,  3.5, 18.885, 28.93,  0.0,  0.0,  0.032,  10.95,  0.063, 133.07,  0.113, 120.18,  0.138, 139.13,  0.173, 145.39,  0.120, 166.54,  0.131, 150.69,  0.092, 143.38,  0.060, 180.00,  0.066,  71.57,  0.028, 349.88,  0.026, 274.40,  0.024,  67.75,  0.046, 119.90,  0.073,  59.57,  0.024, 102.26,-99.000, -99.00,-99.000, -99.00,-99.000, -99.00,-99.000, -99.00,
8/30/2006 17:35:00, 12.1,275.9,  0.6,  3.5, 18.877, 28.94,  0.0,  0.0,  0.199,  93.45,  0.096, 110.14,  0.126, 102.38,  0.121, 108.73,  0.069, 154.18,  0.049, 178.83,  0.144, 133.88,  0.112, 152.98,  0.091, 162.16,  0.049, 126.63,  0.033, 104.04,  0.036,  94.76,  0.053, 127.30,  0.091, 214.22,  0.039, 215.71,  0.031, 180.00,-99.000, -99.00,-99.000, -99.00,-99.000, -99.00,-99.000, -99.00,
8/30/2006 17:40:00, 12.1,275.8,  0.6,  3.5, 18.872, 28.94,  0.0,  0.0,  0.169, 152.53,  0.108, 103.91,  0.112, 140.78,  0.085,  85.96,  0.163, 119.88,  0.107, 116.09,  0.081, 186.34,  0.130, 139.69,  0.096, 100.25,  0.145, 138.93,  0.070, 129.17,  0.088, 156.63,  0.061, 153.85,  0.040, 126.87,  0.104,  83.35,  0.054, 159.57,-99.000, -99.00,-99.000, -99.00,-99.000, -99.00,-99.000, -99.00,
8/30/2006 17:45:00, 12.1,275.8,  0.6,  3.5, 18.874, 28.94,  0.0,  0.0,  0.164,  88.60,  0.196, 116.96,  0.196, 115.65,  0.129, 150.26,  0.107, 121.61,  0.142, 116.75,  0.142, 113.15,  0.098, 132.12,  0.158,  85.27,  0.090,  82.95,  0.074, 135.00,  0.038, 286.99,  0.059, 223.64,  0.083, 264.49,  0.028, 130.60,  0.031,   7.35,-99.000, -99.00,-99.000, -99.00,-99.000, -99.00,-99.000, -99.00,
8/30/2006 17:50:00, 12.1,275.8,  0.6,  3.5, 18.865, 28.95,  0.0,  0.0,  0.188,  80.49,  0.205, 121.06,  0.083, 122.15,  0.240, 103.98,  0.093, 119.05,  0.216, 116.33,  0.109, 121.50,  0.178, 117.00,  0.154,  93.72,  0.145, 107.68,  0.055, 180.00,  0.061, 160.97,  0.038, 229.24,  0.069, 253.14,  0.071, 244.16,  0.047, 235.30,-99.000, -99.00,-99.000, -99.00,-99.000, -99.00,-99.000, -99.00,
8/30/2006 17:55:00, 12.1,275.8,  0.6,  3.5, 18.865, 28.96,  0.0,  0.0,  0.148,  88.45,  0.149, 112.95,  0.097, 105.62,  0.165, 102.94,  0.127, 112.14,  0.147, 114.99,  0.170, 115.81,  0.174, 126.34,  0.156, 133.19,  0.063, 131.78,  0.067, 147.72,  0.067, 185.12,  0.082, 115.94,  0.105, 175.64,  0.045, 267.46,  0.033, 197.88,-99.000, -99.00,-99.000, -99.00,-99.000, -99.00,-99.000, -99.00,
8/30/2006 18:00:00, 12.1,275.8,  0.6,  3.5, 18.850, 28.97,  0.0,  0.0,  0.144, 118.17,  0.176, 125.05,  0.191, 119.11,  0.162, 102.14,  0.195, 130.22,  0.055, 114.70,  0.150, 113.50,  0.168,  94.45,  0.201, 128.53,  0.143, 103.36,  0.028, 127.69,  0.016,  79.38,  0.021,  81.87,  0.067, 191.98,  0.043, 155.22,  0.048, 298.71,-99.000, -99.00,-99.000, -99.00,-99.000, -99.00,-99.000, -99.00,
8/30/2006 18:05:00, 12.1,275.7,  0.6,  3.5, 18.850, 28.98,  0.0,  0.0,  0.308, 117.23,  0.285, 118.55,  0.289, 111.69,  0.216, 124.64,  0.201, 120.13,  0.111, 117.95,  0.065,  55.58,  0.130, 111.23,  0.100, 105.00,  0.131, 138.40,  0.211, 117.42,  0.157, 114.93,  0.102, 101.31,  0.113, 131.76,  0.052, 125.54,  0.016,  55.30,-99.000, -99.00,-99.000, -99.00,-99.000, -99.00,-99.000, -99.00,
8/30/2006 18:10:00, 12.1,275.7,  0.6,  3.5, 18.845, 29.00,  0.0,  0.0,  0.224, 119.65,  0.095, 128.57,  0.207,  99.46,  0.209, 120.87,  0.206, 107.82,  0.217,  96.08,  0.203, 123.14,  0.073, 126.09,  0.128, 105.45,  0.188,  97.35,  0.115, 114.78,  0.026, 218.66,  0.055, 117.95,  0.098, 152.65,  0.053, 167.01,  0.047, 306.38,-99.000, -99.00,-99.000, -99.00,-99.000, -99.00,-99.000, -99.00,
8/30/2006 18:15:00, 12.1,275.8,  0.6,  3.5, 18.830, 29.01,  0.0,  0.0,  0.108, 117.51,  0.209, 115.46,  0.158, 105.80,  0.194, 126.63,  0.186, 113.12,  0.265, 116.95,  0.136, 139.76,  0.132, 108.57,  0.150, 110.24,  0.162, 124.18,  0.183, 116.57,  0.117, 151.90,  0.104, 158.61,  0.088, 183.25,  0.073, 117.61,  0.078, 356.33,-99.000, -99.00,-99.000, -99.00,-99.000, -99.00,-99.000, -99.00,
8/30/2006 18:20:00, 12.1,275.7,  0.6,  3.5, 18.834, 29.01,  0.0,  0.0,  0.143, 114.78,  0.026, 125.54,  0.053, 171.25,  0.131, 158.93,  0.174, 158.01,  0.117, 131.19,  0.094, 126.75,  0.082, 108.43,  0.217, 112.19,  0.115, 115.23,  0.003, 251.57,  0.094, 146.31,  0.092, 199.03,  0.091, 208.26,  0.060, 236.58,  0.035, 198.43,-99.000, -99.00,-99.000, -99.00,-99.000, -99.00,-99.000, -99.00,
8/30/2006 18:25:00, 12.1,275.7,  0.6,  3.5, 18.835, 29.02,  0.0,  0.0,  0.153, 102.04,  0.154, 141.86,  0.171, 150.59,  0.139, 141.40,  0.113, 163.01,  0.137, 148.17,  0.186, 126.68,  0.089, 156.04,  0.147, 142.74,  0.114, 166.82,  0.121, 201.89,  0.096, 206.57,  0.051, 189.09,  0.004, 270.00,  0.025, 265.43,  0.022, 326.31,-99.000, -99.00,-99.000, -99.00,-99.000, -99.00,-99.000, -99.00,
8/30/2006 18:30:00, 12.1,275.8,  0.6,  3.5, 18.829, 29.02,  0.0,  0.0,  0.047, 191.07,  0.102, 181.68,  0.106, 255.17,  0.063, 159.55,  0.052, 182.20,  0.030,  91.91,  0.015, 143.13,  0.095, 214.70,  0.106, 182.70,  0.035, 130.43,  0.099, 134.18,  0.079, 207.22,  0.089, 255.65,  0.100, 299.39,  0.122, 303.30,  0.023, 311.42,-99.000, -99.00,-99.000, -99.00,-99.000, -99.00,-99.000, -99.00,
8/30/2006 18:35:00, 12.1,275.7,  0.6,  3.5, 18.832, 29.01,  0.0,  0.0,  0.116, 196.08,  0.107, 195.72,  0.053, 128.83,  0.107, 197.93,  0.072, 234.55,  0.076, 207.24,  0.094, 215.04,  0.062, 211.91,  0.066, 308.25,  0.055, 262.75,  0.097, 259.96,  0.143, 252.07,  0.079, 243.76,  0.057, 220.71,  0.042, 272.73,  0.038, 356.99,-99.000, -99.00,-99.000, -99.00,-99.000, -99.00,-99.000, -99.00,
8/30/2006 18:40:00, 12.1,275.8,  0.6,  3.5, 18.836, 29.00,  0.0,  0.0,  0.054, 190.68,  0.030, 160.35,  0.032,  95.36,  0.041, 115.94,  0.078, 231.23,  0.061,  50.31,  0.059,  97.85,  0.079, 287.74,  0.059, 283.80,  0.076, 224.46,  0.057, 268.99,  0.091, 272.52,  0.037, 287.45,  0.052, 323.57,  0.073, 282.70,  0.052, 200.17,-99.000, -99.00,-99.000, -99.00,-99.000, -99.00,-99.000, -99.00,
8/30/2006 18:45:00, 12.1,275.8,  0.6,  3.5, 18.839, 29.00,  0.0,  0.0,  0.058, 213.69,  0.052,  19.13,  0.042,  47.91,  0.118,  21.35,  0.069, 309.70,  0.074, 355.36,  0.027, 257.01,  0.050, 352.03,  0.089, 301.73,  0.079, 325.30,  0.015,  19.65,  0.074, 257.47,  0.026, 265.60,  0.105, 241.00,  0.059, 244.75,  0.018, 308.16,-99.000, -99.00,-99.000, -99.00,-99.000, -99.00,-99.000, -99.00,
8/30/2006 18:50:00, 12.1,275.7,  0.6,  3.5, 18.835, 28.98,  0.0,  0.0,  0.113, 235.05,  0.007, 135.00,  0.072, 343.84,  0.106, 296.32,  0.097, 286.19,  0.004, 326.31,  0.072, 329.86,  0.078, 278.13,  0.029,  15.95,  0.070,  10.67,  0.085,   7.46,  0.080, 304.29,  0.056, 296.57,  0.137, 308.20,  0.124, 308.80,  0.069, 350.81,-99.000, -99.00,-99.000, -99.00,-99.000, -99.00,-99.000, -99.00,
8/30/2006 18:55:00, 12.1,275.8,  0.6,  3.5, 18.834, 28.98,  0.0,  0.0,  0.040,   5.71,  0.044,  11.82,  0.072, 355.24,  0.060, 333.43,  0.096, 343.64,  0.099, 333.69,  0.158, 349.05,  0.073, 308.29,  0.050,  67.56,  0.051, 270.00,  0.009, 347.47,  0.087, 328.70,  0.094, 327.15,  0.055, 347.47,  0.093, 332.33,  0.066,   1.74,-99.000, -99.00,-99.000, -99.00,-99.000, -99.00,-99.000, -99.00,
8/30/2006 19:00:00, 12.1,275.7,  0.6,  3.5, 18.827, 28.98,  0.0,  0.0,  0.071,  18.95,  0.124,  31.52,  0.102,   9.55,  0.091, 323.51,  0.066, 323.65,  0.060,  47.02,  0.183, 312.57,  0.097, 283.17,  0.052, 295.08,  0.025, 272.29,  0.074, 292.38,  0.089, 287.01,  0.086, 292.67,  0.134, 315.30,  0.110, 326.45,  0.091, 311.89,-99.000, -99.00,-99.000, -99.00,-99.000, -99.00,-99.000, -99.00,
8/30/2006 19:05:00, 12.1,275.9,  0.6,  3.5, 18.820, 28.98,  0.0,  0.0,  0.089, 268.71,  0.065, 342.96,  0.038, 346.33,  0.084, 323.27,  0.098, 352.37,  0.186, 358.77,  0.099, 306.75,  0.138, 342.74,  0.116, 336.54,  0.103, 336.66,  0.055, 320.19,  0.091, 327.53,  0.140, 322.23,  0.121, 306.59,  0.131, 305.03,  0.064, 350.98,-99.000, -99.00,-99.000, -99.00,-99.000, -99.00,-99.000, -99.00,
8/30/2006 19:10:00, 12.1,275.8,  0.6,  3.5, 18.809, 28.98,  0.0,  0.0,  0.072, 348.85,  0.172, 303.60,  0.145, 306.32,  0.136, 304.85,  0.181, 340.26,  0.169, 353.21,  0.130, 324.36,  0.133, 347.01,  0.133, 328.22,  0.100, 303.53,  0.165, 292.83,  0.113, 291.80,  0.101, 253.35,  0.111, 302.83,  0.153, 319.76,  0.074,  30.70,-99.000, -99.00,-99.000, -99.00,-99.000, -99.00,-99.000, -99.00,
8/30/2006 19:15:00, 12.1,275.8,  0.6,  3.5, 18.823, 28.98,  0.0,  0.0,  0.143, 309.04,  0.110, 358.44,  0.202,  18.79,  0.108, 115.85,  0.096,  79.75,  0.177,  90.32,  0.065, 153.43,  0.038, 117.90,  0.097, 119.74,  0.173, 117.60,  0.156, 126.65,  0.161, 140.56,  0.191, 119.52,  0.211,  89.73,  0.155,  97.03,  0.237,  99.22,-99.000, -99.00,-99.000, -99.00,-99.000, -99.00,-99.000, -99.00,
8/30/2006 19:20:00, 12.1,275.7,  0.6,  3.5, 18.804, 28.98,  0.0,  0.0,  0.226, 336.27,  0.118, 329.53,  0.107,  24.18,  0.192,   6.27,  0.215, 329.49,  0.128,   2.24,  0.024,  16.93,  0.158, 102.02,  0.203, 104.86,  0.220, 123.11,  0.197, 111.48,  0.082,  90.00,  0.053,  71.22,  0.044,  28.30,  0.065, 346.61,  0.087,  25.97,-99.000, -99.00,-99.000, -99.00,-99.000, -99.00,-99.000, -99.00,
8/30/2006 19:25:00, 12.1,275.7,  0.6,  3.5, 18.802, 28.98,  0.0,  0.0,  0.077, 310.28,  0.090,  13.42,  0.111,  11.92,  0.238, 126.63,  0.212, 116.69,  0.208, 115.33,  0.230, 103.31,  0.156, 120.34,  0.185, 139.60,  0.148, 119.51,  0.157, 149.35,  0.252, 151.10,  0.227, 140.00,  0.200, 116.44,  0.131, 123.21,  0.110,  69.75,-99.000, -99.00,-99.000, -99.00,-99.000, -99.00,-99.000, -99.00,
8/30/2006 19:30:00, 12.1,275.7,  0.6,  3.5, 18.794, 28.98,  0.0,  0.0,  0.096, 355.24,  0.017, 166.76,  0.178, 100.36,  0.191,  89.40,  0.169, 114.44,  0.174, 115.53,  0.130, 103.29,  0.184, 107.74,  0.263, 119.58,  0.236, 117.54,  0.205, 109.05,  0.117, 141.26,  0.159, 155.05,  0.246, 144.76,  0.198, 129.88,  0.173,  90.00,-99.000, -99.00,-99.000, -99.00,-99.000, -99.00,-99.000, -99.00,
8/30/2006 19:35:00, 12.1,275.7,  0.6,  3.5, 18.810, 28.98,  0.0,  0.0,  0.152, 335.46,  0.158, 344.20,  0.141, 323.37,  0.028, 337.07,  0.038,  65.43,  0.022,  74.05,  0.008, 309.81,  0.078,  90.00,  0.095, 157.75,  0.106, 143.02,  0.131, 173.42,  0.149, 143.21,  0.111, 146.74,  0.194, 121.07,  0.221, 112.86,  0.181, 103.11,-99.000, -99.00,-99.000, -99.00,-99.000, -99.00,-99.000, -99.00,
8/30/2006 19:40:00, 12.1,275.7,  0.6,  3.5, 18.804, 28.98,  0.0,  0.0,  0.141, 334.89,  0.069, 283.43,  0.168, 331.14,  0.141, 292.56,  0.077, 313.42,  0.101,  50.63,  0.011,  26.57,  0.057,  50.71,  0.041,  90.00,  0.091, 143.51,  0.137, 127.87,  0.046, 163.54,  0.069, 157.89,  0.129, 137.19,  0.101, 130.97,  0.196,  91.75,-99.000, -99.00,-99.000, -99.00,-99.000, -99.00,-99.000, -99.00,
8/30/2006 19:45:00, 12.1,275.8,  0.6,  3.5, 18.805, 28.99,  0.0,  0.0,  0.200,  14.18,  0.098,  25.26,  0.056, 148.86,  0.041,   6.95,  0.060, 155.16,  0.111,  96.23,  0.096, 205.23,  0.209, 164.43,  0.126, 186.39,  0.144, 142.89,  0.134, 153.82,  0.110, 211.95,  0.087, 238.13,  0.093, 153.98,  0.065, 162.12,  0.094, 109.98,-99.000, -99.00,-99.000, -99.00,-99.000, -99.00,-99.000, -99.00,
8/30/2006 19:50:00, 12.1,275.7,  0.6,  3.5, 18.807, 28.99,  0.0,  0.0,  0.081, 340.44,  0.131, 332.85,  0.142,   6.47,  0.156, 335.74,  0.201, 339.31,  0.024,  19.18,  0.076, 297.24,  0.104, 349.99,  0.107, 339.70,  0.143, 346.26,  0.070,  19.21,  0.113,  39.61,  0.072, 343.84,  0.084, 273.41,  0.099, 129.66,  0.091,  83.66,-99.000, -99.00,-99.000, -99.00,-99.000, -99.00,-99.000, -99.00,
8/30/2006 19:55:00, 12.1,275.7,  0.6,  3.5, 18.810, 28.99,  0.0,  0.0,  0.165, 332.66,  0.087, 301.87,  0.175, 329.04,  0.150,   4.19,  0.134, 353.14,  0.083, 288.22,  0.138, 302.54,  0.120, 344.58,  0.121,  26.57,  0.181,   2.85,  0.072, 341.31,  0.042,  98.13,  0.031, 121.61,  0.064, 147.80,  0.141, 110.37,  0.196,  73.97,-99.000, -99.00,-99.000, -99.00,-99.000, -99.00,-99.000, -99.00,
8/30/2006 20:00:00, 12.1,275.7,  0.6,  3.5, 18.810, 29.00,  0.0,  0.0,  0.110, 349.00,  0.173,  13.71,  0.148, 353.40,  0.067,   7.77,  0.116, 347.04,  0.025, 191.77,  0.071, 346.94,  0.073, 339.08,  0.139, 314.13,  0.046,   1.25,  0.074,  97.80,  0.049, 344.54,  0.009, 305.54,  0.117, 150.80,  0.157, 137.58,  0.073, 124.99,-99.000, -99.00,-99.000, -99.00,-99.000, -99.00,-99.000, -99.00,
8/30/2006 20:05:00, 12.1,275.7,  0.6,  3.5, 18.814, 29.00,  0.0,  0.0,  0.173, 354.69,  0.136, 353.66,  0.158, 324.50,  0.022, 245.77,  0.098,   7.63,  0.032,  20.14,  0.108, 330.58,  0.125, 324.14,  0.134, 306.78,  0.106, 356.22,  0.086, 315.00,  0.104, 243.68,  0.131, 179.56,  0.066, 123.93,  0.121, 132.66,  0.062, 148.88,-99.000, -99.00,-99.000, -99.00,-99.000, -99.00,-99.000, -99.00,
8/30/2006 20:10:00, 12.1,275.8,  0.6,  3.5, 18.812, 28.99,  0.0,  0.0,  0.063, 327.32,  0.014,  45.00,  0.153, 340.14,  0.035,  49.57,  0.118,   2.43,  0.099, 349.49,  0.148, 328.57,  0.119,  11.59,  0.033, 273.47,  0.115, 317.83,  0.145, 349.70,  0.131,   0.87,  0.054,  32.23,  0.083,  88.62,  0.091,  81.16,  0.113,  87.47,-99.000, -99.00,-99.000, -99.00,-99.000, -99.00,-99.000, -99.00,
8/30/2006 20:15:00, 12.1,275.7,  0.6,  3.5, 18.805, 28.99,  0.0,  0.0,  0.152,   5.30,  0.099,   8.70,  0.076,  11.46,  0.193,   7.75,  0.155, 352.23,  0.189, 324.71,  0.108, 320.26,  0.038, 336.80,  0.097, 296.30,  0.060, 310.29,  0.053, 293.20,  0.069, 300.26,  0.051, 345.14,  0.011, 131.19,  0.091, 117.41,  0.055,  82.75,-99.000, -99.00,-99.000, -99.00,-99.000, -99.00,-99.000, -99.00,
8/30/2006 20:20:00, 12.1,275.7,  0.6,  3.5, 18.808, 28.99,  0.0,  0.0,  0.113, 333.21,  0.041, 288.43,  0.078, 353.33,  0.163,  22.32,  0.110, 355.32,  0.095, 280.95,  0.113, 295.66,  0.047, 336.16,  0.105, 326.31,  0.174,   4.63,  0.086, 300.74,  0.044, 331.70,  0.069, 337.13,  0.052, 217.97,  0.132, 135.92,  0.071, 115.84,-99.000, -99.00,-99.000, -99.00,-99.000, -99.00,-99.000, -99.00,
8/30/2006 20:25:00, 12.1,275.7,  0.6,  3.5, 18.818, 28.99,  0.0,  0.0,  0.137, 340.37,  0.032,  12.72,  0.062,  68.37,  0.085,  69.21,  0.045,  16.82,  0.034,  11.98,  0.057, 346.70,  0.054, 355.76,  0.026, 122.47,  0.042, 170.31,  0.022, 223.15,  0.043, 100.78,  0.071, 198.95,  0.081, 224.50,  0.069, 106.86,  0.128, 106.74,-99.000, -99.00,-99.000, -99.00,-99.000, -99.00,-99.000, -99.00,
8/30/2006 20:30:00, 12.1,275.7,  0.6,  3.5, 18.804, 28.98,  0.0,  0.0,  0.063, 269.09,  0.054,  96.34,  0.103,  18.61,  0.041, 306.03,  0.037, 107.45,  0.027, 355.76,  0.044,  76.91,  0.094, 353.25,  0.072,  29.05,  0.095,  26.83,  0.114, 340.45,  0.052,  44.22,  0.082, 358.60,  0.037, 226.08,  0.106, 125.04,  0.186,  91.23,-99.000, -99.00,-99.000, -99.00,-99.000, -99.00,-99.000, -99.00,
8/30/2006 20:35:00, 12.1,275.8,  0.6,  3.5, 18.805, 28.98,  0.0,  0.0,  0.018,  56.31,  0.090, 359.36,  0.097,  30.26,  0.036,  83.66,  0.029,  67.83,  0.076, 292.50,  0.154, 299.24,  0.058,  22.17,  0.076, 303.69,  0.044, 331.70,  0.020, 342.47,  0.046, 322.88,  0.036,  54.09,  0.067, 131.35,  0.055, 136.47,  0.064, 122.95,-99.000, -99.00,-99.000, -99.00,-99.000, -99.00,-99.000, -99.00,
8/30/2006 20:40:00, 12.1,275.8,  0.6,  3.5, 18.807, 28.98,  0.0,  0.0,  0.023, 320.19,  0.089, 340.35,  0.107,  51.42,  0.093,  37.61,  0.061, 221.01,  0.134, 250.35,  0.023, 265.03,  0.031, 330.95,  0.064, 274.47,  0.041, 285.38,  0.018, 337.62,  0.049, 285.46,  0.091, 284.04,  0.072, 225.00,  0.114, 186.06,  0.059,  96.77,-99.000, -99.00,-99.000, -99.00,-99.000, -99.00,-99.000, -99.00,
8/30/2006 20:45:00, 12.1,275.8,  0.6,  3.5, 18.807, 28.97,  0.0,  0.0,  0.057, 162.53,  0.092, 289.03,  0.078,  11.89,  0.140, 286.23,  0.054, 310.49,  0.033, 259.38,  0.059, 326.04,  0.059,  15.68,  0.063, 334.65,  0.068, 330.78,  0.116, 292.81,  0.070, 347.56,  0.011, 213.69,  0.030, 147.38,  0.006, 161.57,  0.076,  84.74,-99.000, -99.00,-99.000, -99.00,-99.000, -99.00,-99.000, -99.00,
8/30/2006 20:50:00, 12.1,275.8,  0.6,  3.5, 18.801, 28.97,  0.0,  0.0,  0.047,  22.71,  0.086, 309.81,  0.147, 347.39,  0.123,  55.92,  0.126, 325.05,  0.145, 327.95,  0.073, 357.65,  0.006,   0.00,  0.039,  92.94,  0.036, 274.76,  0.082, 290.64,  0.065, 312.51,  0.043,  39.29,  0.074, 345.96,  0.054,  99.64,  0.078,  78.98,-99.000, -99.00,-99.000, -99.00,-99.000, -99.00,-99.000, -99.00,
8/30/2006 20:55:00, 12.1,275.8,  0.6,  3.5, 18.803, 28.97,  0.0,  0.0,  0.101, 286.65,  0.063, 272.73,  0.133, 303.93,  0.026, 265.60,  0.051, 303.07,  0.089, 123.51,  0.090, 269.36,  0.057, 306.47,  0.057,  52.13,  0.080,  16.63,  0.043, 305.54,  0.063,  79.94,  0.102, 156.95,  0.123, 178.14,  0.105, 151.00,  0.074, 103.28,-99.000, -99.00,-99.000, -99.00,-99.000, -99.00,-99.000, -99.00,
8/30/2006 21:00:00, 12.1,275.7,  0.6,  3.5, 18.810, 28.96,  0.0,  0.0,  0.024,  75.38,  0.077, 310.76,  0.057,  36.47,  0.082,   2.10,  0.045, 266.19,  0.062, 317.60,  0.084, 317.41,  0.114, 274.51,  0.031, 268.15,  0.034, 275.04,  0.049, 270.00,  0.021, 250.71,  0.046, 156.80,  0.068, 225.00,  0.108, 147.04,  0.053, 138.81,-99.000, -99.00,-99.000, -99.00,-99.000, -99.00,-99.000, -99.00,
8/30/2006 21:05:00, 12.1,275.7,  0.6,  3.5, 18.816, 28.96,  0.0,  0.0,  0.065,  34.92,  0.004,  56.31,  0.049, 315.83,  0.043, 353.37,  0.079,  21.67,  0.159,   0.00,  0.078,   5.13,  0.025, 265.43,  0.030, 332.59,  0.108, 350.97,  0.136, 335.31,  0.132, 315.31,  0.036, 311.63,  0.048,  62.90,  0.114, 121.31,  0.102, 142.57,-99.000, -99.00,-99.000, -99.00,-99.000, -99.00,-99.000, -99.00,
8/30/2006 21:10:00, 12.1,275.8,  0.6,  3.5, 18.819, 28.96,  0.0,  0.0,  0.032,  12.72,  0.117,   8.82,  0.027,  77.01,  0.100, 354.23,  0.080,  50.56,  0.059,   0.97,  0.064, 320.08,  0.062, 288.73,  0.047,  30.96,  0.038,  23.20,  0.093,  73.72,  0.020,   0.00,  0.054, 354.71,  0.057, 339.33,  0.090, 150.57,  0.053, 118.01,-99.000, -99.00,-99.000, -99.00,-99.000, -99.00,-99.000, -99.00,
8/30/2006 21:15:00, 12.1,275.8,  0.6,  3.5, 18.828, 28.96,  0.0,  0.0,  0.036,  19.44,  0.020, 348.69,  0.058, 326.31,  0.151, 302.85,  0.071, 319.57,  0.075, 165.41,  0.034, 258.02,  0.054,  32.23,  0.021, 180.00,  0.067, 264.88,  0.025,  46.64,  0.070, 320.19,  0.024,  48.37,  0.092, 193.13,  0.062, 148.88,  0.048, 103.17,-99.000, -99.00,-99.000, -99.00,-99.000, -99.00,-99.000, -99.00,
8/30/2006 21:20:00, 12.1,275.8,  0.6,  3.5, 18.825, 28.96,  0.0,  0.0,  0.069, 260.81,  0.100, 230.27,  0.149,   4.22,  0.132,  32.01,  0.088,   9.14,  0.092, 346.12,  0.034,  63.43,  0.058, 237.68,  0.180, 250.86,  0.031, 222.40,  0.042, 324.78,  0.025,  14.04,  0.027,  33.11,  0.078, 120.20,  0.026, 128.66,  0.123, 115.52,-99.000, -99.00,-99.000, -99.00,-99.000, -99.00,-99.000, -99.00,
8/30/2006 21:25:00, 12.1,275.8,  0.6,  3.5, 18.833, 28.96,  0.0,  0.0,  0.062, 225.66,  0.086, 335.22,  0.077,   5.19,  0.078, 329.16,  0.062, 355.39,  0.009, 122.01,  0.014,  50.71,  0.093, 343.72,  0.030,  46.33,  0.035,  39.17,  0.057,   9.13,  0.025, 220.10,  0.038, 291.80,  0.068, 128.40,  0.079, 156.99,  0.073, 139.99,-99.000, -99.00,-99.000, -99.00,-99.000, -99.00,-99.000, -99.00,
8/30/2006 21:30:00, 12.1,275.7,  0.6,  3.5, 18.829, 28.97,  0.0,  0.0,  0.052, 346.76,  0.036, 250.56,  0.036, 303.69,  0.061,   0.00,  0.082, 295.94,  0.121, 281.96,  0.087, 358.68,  0.100, 355.43,  0.090,  14.19,  0.053,  73.61,  0.053, 165.70,  0.041, 306.03,  0.023, 189.87,  0.033, 207.35,  0.089, 165.03,  0.110, 132.06,-99.000, -99.00,-99.000, -99.00,-99.000, -99.00,-99.000, -99.00,
8/30/2006 21:35:00, 12.1,275.7,  0.6,  3.5, 18.827, 28.98,  0.0,  0.0,  0.052, 280.01,  0.078, 294.26,  0.067, 290.85,  0.096, 344.22,  0.043,  39.29,  0.042,  34.44,  0.038, 228.24,  0.041, 320.91,  0.062,  64.26,  0.090, 315.45,  0.054, 306.66,  0.095, 342.90,  0.064, 332.24,  0.071,  56.53,  0.084,   3.41,  0.026, 292.62,-99.000, -99.00,-99.000, -99.00,-99.000, -99.00,-99.000, -99.00,
8/30/2006 21:40:00, 12.1,275.8,  0.6,  3.5, 18.817, 28.98,  0.0,  0.0,  0.061,  82.41,  0.051, 297.07,  0.046, 353.80,  0.060, 317.02,  0.022, 251.57,  0.039, 262.69,  0.036, 358.41,  0.047, 346.55,  0.074,  17.22,  0.079,  20.73,  0.066, 353.95,  0.093,  37.61,  0.127,  31.81,  0.068,  66.47,  0.088,  91.95,  0.019, 161.57,-99.000, -99.00,-99.000, -99.00,-99.000, -99.00,-99.000, -99.00,
8/30/2006 21:45:00, 12.1,275.7,  0.6,  3.5, 18.813, 29.00,  0.0,  0.0,  0.029, 323.53,  0.051, 349.80,  0.035,  78.37,  0.091,  42.78,  0.069, 355.03,  0.062,  41.71,  0.027,  10.49,  0.038,  61.39,  0.052, 317.35,  0.021, 127.41,  0.032,   7.13,  0.097,   7.13,  0.083,  12.53,  0.065,  50.65,  0.087, 334.90,  0.028,  10.12,-99.000, -99.00,-99.000, -99.00,-99.000, -99.00,-99.000, -99.00,
8/30/2006 21:50:00, 12.1,275.7,  0.6,  3.5, 18.826, 29.01,  0.0,  0.0,  0.092, 316.76,  0.061,  21.97,  0.071,  20.75,  0.069,   0.00,  0.160, 302.01,  0.088, 237.03,  0.058, 241.23,  0.055, 255.20,  0.035, 250.02,  0.013, 333.43,  0.068, 349.85,  0.015, 148.39,  0.062, 319.60,  0.053, 277.52,  0.073, 277.13,  0.030, 323.13,-99.000, -99.00,-99.000, -99.00,-99.000, -99.00,-99.000, -99.00,
8/30/2006 21:55:00, 12.1,275.8,  0.6,  3.5, 18.815, 29.02,  0.0,  0.0,  0.146, 316.11,  0.026, 120.58,  0.057, 314.29,  0.044, 136.85,  0.019, 302.01,  0.006,   9.46,  0.057, 300.62,  0.056, 219.94,  0.071, 330.55,  0.092, 337.62,  0.096,  40.34,  0.081, 322.99,  0.019,  90.00,  0.037, 290.38,  0.093, 317.19,  0.058, 297.90,-99.000, -99.00,-99.000, -99.00,-99.000, -99.00,-99.000, -99.00,
8/30/2006 22:00:00, 12.1,275.8,  0.6,  3.5, 18.819, 29.04,  0.0,  0.0,  0.084, 294.73,  0.012, 114.44,  0.063,   0.00,  0.033,  68.84,  0.064, 308.66,  0.037,   0.00,  0.106, 340.20,  0.052, 325.10,  0.041,  52.00,  0.036,  14.42,  0.074, 274.64,  0.047, 255.07,  0.116, 298.77,  0.130, 313.75,  0.103, 325.69,  0.018, 153.43,-99.000, -99.00,-99.000, -99.00,-99.000, -99.00,-99.000, -99.00,
8/30/2006 22:05:00, 12.1,275.9,  0.6,  3.5, 18.826, 29.05,  0.0,  0.0,  0.060, 296.57,  0.035, 340.02,  0.085,   5.38,  0.096,  30.86,  0.039,  92.94,  0.040, 205.28,  0.055, 326.89,  0.052, 310.36,  0.020, 278.53,  0.020, 212.91,  0.051, 185.60,  0.079, 208.84,  0.097, 303.20,  0.109, 325.44,  0.071, 293.30,  0.034, 323.47,-99.000, -99.00,-99.000, -99.00,-99.000, -99.00,-99.000, -99.00,
8/30/2006 22:10:00, 12.1,275.8,  0.6,  3.5, 18.835, 29.04,  0.0,  0.0,  0.056, 317.17,  0.038,  62.10,  0.084, 305.78,  0.064, 258.34,  0.081,  31.93,  0.035,   4.90,  0.074,  41.19,  0.051, 340.50,  0.033,  28.89,  0.009,  12.53,  0.021, 318.81,  0.021, 301.43,  0.043,  56.31,  0.073, 272.35,  0.048, 305.68,  0.072, 291.95,-99.000, -99.00,-99.000, -99.00,-99.000, -99.00,-99.000, -99.00,
8/30/2006 22:15:00, 12.1,275.8,  0.6,  3.5, 18.839, 29.04,  0.0,  0.0,  0.085, 331.93,  0.103, 253.14,  0.090, 226.35,  0.059, 266.12,  0.119,  19.65,  0.036, 268.41,  0.063, 281.84,  0.070, 250.02,  0.046, 252.35,  0.112, 241.84,  0.065, 275.27,  0.106, 292.70,  0.041, 355.82,  0.092, 344.31,  0.078,  26.57,  0.069, 272.49,-99.000, -99.00,-99.000, -99.00,-99.000, -99.00,-99.000, -99.00,
8/30/2006 22:20:00, 12.1,275.7,  0.6,  3.5, 18.846, 29.05,  0.0,  0.0,  0.117, 342.65,  0.021,  25.35,  0.036, 207.98,  0.121, 340.22,  0.099,  65.51,  0.085,   2.69,  0.119,   5.81,  0.135, 319.49,  0.020, 216.87,  0.073,  10.23,  0.104, 318.50,  0.043, 341.15,  0.088, 318.69,  0.057, 286.22,  0.050, 271.15,  0.019,  62.10,-99.000, -99.00,-99.000, -99.00,-99.000, -99.00,-99.000, -99.00,
8/30/2006 22:25:00, 12.1,275.8,  0.6,  3.5, 18.845, 29.05,  0.0,  0.0,  0.062, 315.66,  0.084,   4.76,  0.059, 262.15,  0.132, 349.97,  0.130, 344.36,  0.053,   6.46,  0.050, 286.26,  0.125, 331.39,  0.101, 313.80,  0.060, 324.46,  0.058, 350.05,  0.071, 282.26,  0.048,  98.47,  0.070, 268.36,  0.084, 270.68,  0.025, 270.00,-99.000, -99.00,-99.000, -99.00,-99.000, -99.00,-99.000, -99.00,
8/30/2006 22:30:00, 12.1,275.8,  0.6,  3.5, 18.851, 29.06,  0.0,  0.0,  0.081,  18.66,  0.078, 303.49,  0.071, 269.19,  0.071, 271.61,  0.023,  46.74,  0.085, 356.63,  0.109, 319.86,  0.132, 327.03,  0.079, 259.11,  0.133, 316.22,  0.108, 297.51,  0.095, 308.19,  0.176, 291.32,  0.096, 305.68,  0.114, 291.61,  0.078, 308.20,-99.000, -99.00,-99.000, -99.00,-99.000, -99.00,-99.000, -99.00,
8/30/2006 22:35:00, 12.1,275.7,  0.6,  3.5, 18.852, 29.06,  0.0,  0.0,  0.109, 339.57,  0.093,  26.29,  0.067, 121.55,  0.084, 353.13,  0.085, 307.82,  0.102, 302.60,  0.051, 315.00,  0.067, 233.47,  0.085, 308.77,  0.050,  95.71,  0.027,  72.90,  0.016,  90.00,  0.034, 270.00,  0.089, 291.08,  0.071, 285.61,  0.067, 310.79,-99.000, -99.00,-99.000, -99.00,-99.000, -99.00,-99.000, -99.00,
8/30/2006 22:40:00, 12.1,275.8,  0.6,  3.5, 18.851, 29.07,  0.0,  0.0,  0.043,  71.15,  0.073,  23.40,  0.077, 346.50,  0.034, 116.57,  0.112, 333.43,  0.105,  14.30,  0.032, 326.31,  0.079, 241.16,  0.069, 311.50,  0.038, 280.71,  0.120, 317.02,  0.098, 317.49,  0.093, 315.44,  0.131, 303.81,  0.055, 298.44,  0.005,   0.00,-99.000, -99.00,-99.000, -99.00,-99.000, -99.00,-99.000, -99.00,
8/30/2006 22:45:00, 12.1,275.7,  0.6,  3.5, 18.837, 29.08,  0.0,  0.0,  0.038,  41.76,  0.074, 345.96,  0.076, 330.72,  0.149, 333.78,  0.116, 325.90,  0.021,  37.41,  0.024, 340.82,  0.028, 304.82,  0.031, 296.57,  0.088, 288.64,  0.099, 282.22,  0.053, 349.11,  0.046, 356.27,  0.077, 252.73,  0.096, 246.64,  0.015, 187.59,-99.000, -99.00,-99.000, -99.00,-99.000, -99.00,-99.000, -99.00,
8/30/2006 22:50:00, 12.1,275.7,  0.6,  3.5, 18.837, 29.08,  0.0,  0.0,  0.064, 317.54,  0.013,  22.62,  0.048,  22.25,  0.112,  62.29,  0.116, 357.04,  0.118,  20.27,  0.053, 342.58,  0.061,  23.20,  0.056,   1.02,  0.096, 281.43,  0.124, 274.15,  0.022,   7.77,  0.054,  57.77,  0.036,  26.57,  0.140, 306.87,  0.037, 315.00,-99.000, -99.00,-99.000, -99.00,-99.000, -99.00,-99.000, -99.00,
8/30/2006 22:55:00, 12.1,275.9,  0.6,  3.5, 18.839, 29.08,  0.0,  0.0,  0.130, 304.06,  0.081, 330.26,  0.117,  75.61,  0.082, 348.69,  0.037,  11.00,  0.091,  21.22,  0.086, 344.51,  0.069,   6.61,  0.095, 305.54,  0.076, 315.00,  0.098, 321.61,  0.071, 341.05,  0.075, 334.80,  0.054, 279.64,  0.057, 312.14,  0.077, 293.59,-99.000, -99.00,-99.000, -99.00,-99.000, -99.00,-99.000, -99.00,
8/30/2006 23:00:00, 12.1,275.7,  0.6,  3.5, 18.848, 29.08,  0.0,  0.0,  0.052, 340.87,  0.052, 258.91,  0.103, 305.54,  0.118, 353.18,  0.083,   9.69,  0.039, 277.31,  0.157, 341.45,  0.053, 321.84,  0.016,  97.13,  0.072, 294.44,  0.096, 274.76,  0.074, 280.86,  0.047, 250.02,  0.046, 330.10,  0.115, 330.75,  0.125, 278.26,-99.000, -99.00,-99.000, -99.00,-99.000, -99.00,-99.000, -99.00,
8/30/2006 23:05:00, 12.1,275.8,  0.6,  3.5, 18.851, 29.08,  0.0,  0.0,  0.089, 268.07,  0.023, 274.97,  0.031,  56.82,  0.106, 304.59,  0.044,  18.43,  0.117,   5.42,  0.062, 316.97,  0.051,   5.60,  0.022, 236.31,  0.129, 289.00,  0.087, 271.32,  0.077, 282.04,  0.069, 274.97,  0.080, 259.95,  0.119, 301.54,  0.059, 289.98,-99.000, -99.00,-99.000, -99.00,-99.000, -99.00,-99.000, -99.00,
8/30/2006 23:10:00, 12.1,275.7,  0.6,  3.5, 18.852, 29.08,  0.0,  0.0,  0.047, 356.35,  0.105, 349.01,  0.067, 252.65,  0.091,   9.46,  0.013,  41.99,  0.037, 223.92,  0.074,   7.03,  0.071,  68.50,  0.128, 288.72,  0.100, 312.97,  0.121, 307.25,  0.045, 326.66,  0.060, 256.43,  0.126, 283.27,  0.043, 280.78,  0.076, 276.01,-99.000, -99.00,-99.000, -99.00,-99.000, -99.00,-99.000, -99.00,
8/30/2006 23:15:00, 12.1,275.7,  0.6,  3.5, 18.860, 29.08,  0.0,  0.0,  0.119, 269.52,  0.095, 324.81,  0.094, 289.20,  0.151, 313.39,  0.128, 331.03,  0.094, 329.88,  0.136, 346.37,  0.044, 358.70,  0.034, 149.62,  0.044, 287.20,  0.137, 321.54,  0.108, 313.88,  0.071, 305.26,  0.073, 269.22,  0.037, 260.79,  0.079, 264.22,-99.000, -99.00,-99.000, -99.00,-99.000, -99.00,-99.000, -99.00,
8/30/2006 23:20:00, 12.1,275.7,  0.6,  3.5, 18.853, 29.08,  0.0,  0.0,  0.137, 286.06,  0.089, 282.95,  0.098, 261.79,  0.143,  19.57,  0.133,   8.19,  0.117, 354.58,  0.053,  56.61,  0.061, 356.25,  0.077, 308.66,  0.068, 252.10,  0.059, 322.55,  0.019, 348.11,  0.005,  78.69,  0.078, 284.04,  0.081, 287.31,  0.058, 357.04,-99.000, -99.00,-99.000, -99.00,-99.000, -99.00,-99.000, -99.00,
8/30/2006 23:25:00, 12.1,275.7,  0.6,  3.5, 18.851, 29.09,  0.0,  0.0,  0.076, 232.98,  0.074, 318.81,  0.055, 347.47,  0.120, 288.89,  0.035,  28.74,  0.074,   5.40,  0.103, 342.45,  0.105, 289.98,  0.035, 300.96,  0.029, 354.09,  0.057, 149.38,  0.067, 137.44,  0.070, 270.00,  0.061, 329.68,  0.105, 316.15,  0.103, 269.44,-99.000, -99.00,-99.000, -99.00,-99.000, -99.00,-99.000, -99.00,
8/30/2006 23:30:00, 12.1,275.8,  0.6,  3.5, 18.851, 29.09,  0.0,  0.0,  0.022,  18.43,  0.077, 265.54,  0.057,  27.01,  0.046, 235.62,  0.053, 225.76,  0.111, 241.59,  0.044,  35.84,  0.057, 248.39,  0.027, 250.20,  0.083, 308.66,  0.059, 206.13,  0.110, 271.04,  0.079, 290.73,  0.043,  24.78,  0.161, 284.38,  0.050, 292.44,-99.000, -99.00,-99.000, -99.00,-99.000, -99.00,-99.000, -99.00,
8/30/2006 23:35:00, 12.1,275.8,  0.6,  3.5, 18.847, 29.09,  0.0,  0.0,  0.081, 332.80,  0.068, 352.35,  0.039,  58.78,  0.161, 359.64,  0.073,  37.18,  0.081,  32.91,  0.067, 296.57,  0.010, 168.69,  0.061,   3.75,  0.079, 330.52,  0.098, 309.21,  0.147, 276.64,  0.047, 261.35,  0.063, 279.16,  0.035, 281.63,  0.031, 356.31,-99.000, -99.00,-99.000, -99.00,-99.000, -99.00,-99.000, -99.00,
8/30/2006 23:40:00, 12.1,275.7,  0.6,  3.5, 18.845, 29.10,  0.0,  0.0,  0.078, 303.49,  0.026, 290.56,  0.087,   6.63,  0.046, 288.82,  0.146,  42.22,  0.034,  90.00,  0.023,  15.26,  0.026,  74.36,  0.043, 123.69,  0.050,  25.02,  0.064, 306.16,  0.022, 103.39,  0.071, 306.38,  0.100, 299.39,  0.114, 305.36,  0.080, 295.28,-99.000, -99.00,-99.000, -99.00,-99.000, -99.00,-99.000, -99.00,
8/30/2006 23:45:00, 12.1,275.8,  0.6,  3.5, 18.853, 29.10,  0.0,  0.0,  0.057, 292.54,  0.028, 327.99,  0.072,   3.97,  0.103,  27.06,  0.095, 340.99,  0.190,   2.41,  0.050,  19.89,  0.122, 350.07,  0.129,  17.59,  0.058, 284.04,  0.036, 125.91,  0.084, 303.31,  0.065, 347.47,  0.041,  52.85,  0.120, 294.64,  0.022, 335.77,-99.000, -99.00,-99.000, -99.00,-99.000, -99.00,-99.000, -99.00,
8/30/2006 23:50:00, 12.1,275.8,  0.6,  3.5, 18.855, 29.10,  0.0,  0.0,  0.063, 351.74,  0.074, 349.90,  0.098, 232.43,  0.044,   9.25,  0.054, 266.82,  0.070, 267.55,  0.114, 269.50,  0.039, 256.68,  0.048, 270.00,  0.074, 310.60,  0.055, 229.40,  0.105, 243.43,  0.025, 229.90,  0.053, 284.30,  0.052, 327.53,  0.045, 263.66,-99.000, -99.00,-99.000, -99.00,-99.000, -99.00,-99.000, -99.00,
8/30/2006 23:55:00, 12.1,275.8,  0.6,  3.5, 18.862, 29.10,  0.0,  0.0,  0.110, 348.49,  0.114, 308.58,  0.176, 337.23,  0.031,  50.19,  0.073, 288.43,  0.036, 260.54,  0.026, 190.89,  0.137, 315.00,  0.084, 325.18,  0.071,  96.43,  0.081, 339.78,  0.175, 294.66,  0.116, 286.08,  0.154, 274.46,  0.074, 293.81,  0.096, 286.93,-99.000, -99.00,-99.000, -99.00,-99.000, -99.00,-99.000, -99.00,
8/31/2006 00:00:00, 12.1,275.8,  0.6,  3.5, 18.851, 29.10,  0.0,  0.0,  0.182, 332.17,  0.227, 289.79,  0.052,  30.02,  0.067,  22.75,  0.026, 330.52,  0.177, 299.91,  0.117, 331.90,  0.064, 329.81,  0.079, 326.92,  0.031, 350.84,  0.062, 280.22,  0.019, 124.51,  0.017,  30.96,  0.059, 323.90,  0.092, 264.41,  0.036, 322.82,-99.000, -99.00,-99.000, -99.00,-99.000, -99.00,-99.000, -99.00,
8/31/2006 00:05:00, 12.1,275.7,  0.6,  3.5, 18.854, 29.11,  0.0,  0.0,  0.059, 279.78,  0.063, 257.07,  0.076, 317.68,  0.074, 345.96,  0.148, 347.47,  0.094,   1.22,  0.068, 352.35,  0.061,   1.88,  0.032,   0.00,  0.154, 309.18,  0.036, 300.14,  0.070, 252.60,  0.032, 208.18,  0.056, 295.20,  0.033, 318.65,  0.011, 270.00,-99.000, -99.00,-99.000, -99.00,-99.000, -99.00,-99.000, -99.00,
8/31/2006 00:10:00, 12.1,275.8,  0.6,  3.5, 18.869, 29.11,  0.0,  0.0,  0.163, 313.51,  0.142, 318.70,  0.163, 321.72,  0.100, 288.62,  0.073, 306.09,  0.044, 294.23,  0.057, 226.43,  0.140, 299.13,  0.013, 274.40,  0.090, 243.72,  0.184, 276.55,  0.070, 295.46,  0.043, 203.03,  0.062, 113.68,  0.120, 277.18,  0.029, 270.00,-99.000, -99.00,-99.000, -99.00,-99.000, -99.00,-99.000, -99.00,
8/31/2006 00:15:00, 12.1,275.7,  0.6,  3.5, 18.867, 29.11,  0.0,  0.0,  0.018, 240.64,  0.072, 309.91,  0.117, 258.21,  0.063, 212.68,  0.081, 300.36,  0.064, 170.10,  0.104, 272.20,  0.102, 220.24,  0.072, 168.85,  0.059, 237.38,  0.057, 212.01,  0.057, 223.57,  0.074, 269.23,  0.037, 290.38,  0.111, 270.00,  0.028, 307.69,-99.000, -99.00,-99.000, -99.00,-99.000, -99.00,-99.000, -99.00,
8/31/2006 00:20:00, 12.1,275.8,  0.6,  3.5, 18.871, 29.11,  0.0,  0.0,  0.049, 324.06,  0.098, 237.44,  0.034, 331.93,  0.076, 327.36,  0.065, 324.36,  0.051, 302.12,  0.205, 324.14,  0.128, 310.89,  0.150, 352.73,  0.173, 303.41,  0.103, 322.13,  0.154, 310.52,  0.140, 285.33,  0.053, 314.24,  0.059, 317.07,  0.040, 318.01,-99.000, -99.00,-99.000, -99.00,-99.000, -99.00,-99.000, -99.00,
8/31/2006 00:25:00, 12.1,275.8,  0.6,  3.5, 18.865, 29.11,  0.0,  0.0,  0.089, 206.85,  0.104, 230.05,  0.023, 357.51,  0.067, 308.93,  0.062, 305.75,  0.029, 270.00,  0.073, 298.67,  0.069, 318.50,  0.126, 320.14,  0.072, 324.09,  0.078, 332.45,  0.034,   8.37,  0.061, 278.53,  0.054, 327.77,  0.089, 277.77,  0.064, 280.78,-99.000, -99.00,-99.000, -99.00,-99.000, -99.00,-99.000, -99.00,
8/31/2006 00:30:00, 12.1,275.8,  0.6,  3.5, 18.869, 29.11,  0.0,  0.0,  0.009, 270.00,  0.110, 207.73,  0.118, 286.75,  0.089, 328.27,  0.089,  14.97,  0.056,  23.33,  0.102, 336.95,  0.080, 305.29,  0.148, 310.89,  0.057, 298.37,  0.033, 282.34,  0.091, 287.24,  0.117, 273.42,  0.087, 293.63,  0.073, 341.57,  0.073, 306.09,-99.000, -99.00,-99.000, -99.00,-99.000, -99.00,-99.000, -99.00,
8/31/2006 00:35:00, 12.1,275.8,  0.6,  3.5, 18.857, 29.11,  0.0,  0.0,  0.052, 317.35,  0.088, 265.45,  0.117, 295.91,  0.127, 329.81,  0.029, 282.09,  0.074, 296.57,  0.045, 316.79,  0.156, 315.26,  0.064, 335.85,  0.038, 293.20,  0.095, 284.04,  0.047, 306.38,  0.027, 338.20,  0.026, 276.58,  0.079, 271.45,  0.091, 274.40,-99.000, -99.00,-99.000, -99.00,-99.000, -99.00,-99.000, -99.00,
8/31/2006 00:40:00, 12.1,275.9,  0.6,  3.5, 18.855, 29.10,  0.0,  0.0,  0.162, 282.49,  0.073, 295.16,  0.144, 309.65,  0.008,  97.13,  0.105, 320.40,  0.064, 313.11,  0.047,  13.45,  0.137, 293.58,  0.132, 306.35,  0.126, 299.01,  0.066, 282.15,  0.044, 280.54,  0.091, 271.26,  0.122, 242.59,  0.035, 251.57,  0.034, 294.30,-99.000, -99.00,-99.000, -99.00,-99.000, -99.00,-99.000, -99.00,
8/31/2006 00:45:00, 12.1,275.7,  0.6,  3.5, 18.852, 29.10,  0.0,  0.0,  0.081, 326.11,  0.148, 304.55,  0.060, 288.43,  0.037, 287.45,  0.064, 296.16,  0.036, 339.08,  0.078, 328.15,  0.087, 235.76,  0.086, 291.80,  0.103, 240.95,  0.069, 291.34,  0.181, 276.65,  0.100, 275.77,  0.144, 278.41,  0.177, 273.23,  0.068, 304.16,-99.000, -99.00,-99.000, -99.00,-99.000, -99.00,-99.000, -99.00,
8/31/2006 00:50:00, 12.1,275.7,  0.6,  3.5, 18.851, 29.10,  0.0,  0.0,  0.071, 295.84,  0.144, 286.16,  0.105, 248.10,  0.051, 330.95,  0.094, 281.07,  0.106, 326.16,  0.090, 311.85,  0.155, 271.85,  0.176, 296.71,  0.181, 305.10,  0.194, 301.32,  0.176, 277.85,  0.202, 274.83,  0.145, 272.37,  0.192, 294.69,  0.074, 279.33,-99.000, -99.00,-99.000, -99.00,-99.000, -99.00,-99.000, -99.00,
8/31/2006 00:55:00, 12.1,275.7,  0.6,  3.5, 18.852, 29.10,  0.0,  0.0,  0.081, 331.84,  0.090, 318.15,  0.140, 299.13,  0.115, 270.00,  0.131, 282.34,  0.095, 315.00,  0.162, 334.86,  0.097, 332.38,  0.013, 318.01,  0.104, 270.00,  0.133, 267.85,  0.090, 290.85,  0.125, 302.93,  0.173, 282.35,  0.162, 281.73,  0.069, 306.21,-99.000, -99.00,-99.000, -99.00,-99.000, -99.00,-99.000, -99.00,
8/31/2006 01:00:00, 12.1,275.8,  0.6,  3.5, 18.859, 29.10,  0.0,  0.0,  0.040, 323.13,  0.129,  66.63,  0.071, 339.25,  0.056,  18.76,  0.080, 342.47,  0.099, 355.38,  0.111, 333.90,  0.137, 333.06,  0.125, 295.13,  0.152, 290.82,  0.095, 305.54,  0.132, 289.54,  0.131, 304.78,  0.199, 295.92,  0.122, 283.81,  0.036, 260.54,-99.000, -99.00,-99.000, -99.00,-99.000, -99.00,-99.000, -99.00,
8/31/2006 01:05:00, 12.1,275.8,  0.6,  3.5, 18.856, 29.10,  0.0,  0.0,  0.024, 187.13,  0.158, 345.35,  0.034, 273.37,  0.105, 353.96,  0.111, 337.14,  0.069, 315.00,  0.102, 327.40,  0.138, 346.57,  0.128, 307.68,  0.156, 321.23,  0.052, 336.37,  0.195, 320.19,  0.194, 312.08,  0.171, 284.61,  0.122, 270.94,  0.120, 270.00,-99.000, -99.00,-99.000, -99.00,-99.000, -99.00,-99.000, -99.00,
8/31/2006 01:10:00, 12.1,275.8,  0.6,  3.5, 18.850, 29.10,  0.0,  0.0,  0.075, 285.52,  0.189, 315.21,  0.187, 326.14,  0.089,   2.57,  0.105, 356.73,  0.072,  19.44,  0.075, 310.10,  0.118, 302.88,  0.153, 296.06,  0.110, 302.39,  0.132, 314.38,  0.219, 304.78,  0.244, 308.00,  0.218, 289.85,  0.188, 280.11,  0.094, 289.20,-99.000, -99.00,-99.000, -99.00,-99.000, -99.00,-99.000, -99.00,
8/31/2006 01:15:00, 12.1,275.7,  0.6,  3.5, 18.851, 29.10,  0.0,  0.0,  0.169, 293.38,  0.105, 340.53,  0.203, 348.91,  0.145, 336.44,  0.140, 328.69,  0.120, 332.80,  0.119, 322.84,  0.032, 257.28,  0.111, 264.29,  0.134, 275.58,  0.058, 300.11,  0.132, 299.10,  0.119, 294.40,  0.116, 296.57,  0.105, 264.56,  0.079, 259.82,-99.000, -99.00,-99.000, -99.00,-99.000, -99.00,-99.000, -99.00,
8/31/2006 01:20:00, 12.1,275.8,  0.6,  3.5, 18.845, 29.10,  0.0,  0.0,  0.155, 307.39,  0.082, 357.21,  0.134, 309.53,  0.152, 329.04,  0.125, 293.08,  0.147, 296.22,  0.218, 307.34,  0.146, 313.62,  0.125, 312.74,  0.103, 322.13,  0.150, 293.65,  0.187, 315.65,  0.133, 309.20,  0.147, 288.68,  0.193, 292.57,  0.048, 293.36,-99.000, -99.00,-99.000, -99.00,-99.000, -99.00,-99.000, -99.00,
8/31/2006 01:25:00, 12.1,275.6,  0.6,  3.5, 18.838, 29.10,  0.0,  0.0,  0.088, 355.45,  0.074, 302.83,  0.134, 318.93,  0.115, 315.35,  0.088,  10.42,  0.133, 341.57,  0.108, 344.42,  0.115, 326.73,  0.129, 349.30,  0.152, 326.00,  0.174, 322.47,  0.118, 311.23,  0.156, 302.98,  0.184, 286.07,  0.203, 275.65,  0.111, 286.80,-99.000, -99.00,-99.000, -99.00,-99.000, -99.00,-99.000, -99.00,
8/31/2006 01:30:00, 12.1,275.7,  0.6,  3.5, 18.837, 29.10,  0.0,  0.0,  0.071, 319.57,  0.176, 292.34,  0.171, 320.92,  0.234, 294.48,  0.096, 274.76,  0.203, 316.80,  0.153, 345.24,  0.113, 349.79,  0.242, 321.38,  0.123, 347.32,  0.236, 316.71,  0.280, 295.65,  0.190, 300.34,  0.182, 304.04,  0.186, 302.49,  0.084, 318.37,-99.000, -99.00,-99.000, -99.00,-99.000, -99.00,-99.000, -99.00,
8/31/2006 01:35:00, 12.1,275.8,  0.6,  3.5, 18.840, 29.11,  0.0,  0.0,  0.136, 298.64,  0.185, 312.59,  0.273, 317.83,  0.129, 303.94,  0.073, 319.99,  0.104, 347.17,  0.159, 299.48,  0.117, 278.82,  0.161, 292.26,  0.172, 311.00,  0.186, 297.11,  0.194, 289.00,  0.227, 292.27,  0.286, 277.03,  0.166, 285.71,  0.093, 273.69,-99.000, -99.00,-99.000, -99.00,-99.000, -99.00,-99.000, -99.00,
8/31/2006 01:40:00, 12.1,275.8,  0.6,  3.5, 18.837, 29.10,  0.0,  0.0,  0.154, 282.41,  0.135, 311.99,  0.135, 325.25,  0.099, 336.27,  0.171, 342.63,  0.274, 336.14,  0.170, 315.71,  0.208, 327.76,  0.214, 330.55,  0.154, 310.00,  0.130, 304.06,  0.255, 315.95,  0.133, 314.39,  0.227, 278.34,  0.185, 289.61,  0.115, 289.86,-99.000, -99.00,-99.000, -99.00,-99.000, -99.00,-99.000, -99.00,
8/31/2006 01:45:00, 12.1,275.7,  0.6,  3.5, 18.840, 29.09,  0.0,  0.0,  0.179, 305.46,  0.212, 275.68,  0.153, 301.41,  0.122, 280.39,  0.169, 270.68,  0.176, 270.65,  0.141, 267.16,  0.227, 280.17,  0.199, 282.15,  0.145, 295.33,  0.222, 309.34,  0.208, 289.04,  0.217, 281.98,  0.261, 289.27,  0.219, 288.35,  0.093, 273.08,-99.000, -99.00,-99.000, -99.00,-99.000, -99.00,-99.000, -99.00,
8/31/2006 01:50:00, 12.1,275.8,  0.6,  3.5, 18.848, 29.08,  0.0,  0.0,  0.168, 304.35,  0.100, 280.41,  0.210, 296.57,  0.121, 287.24,  0.160, 309.94,  0.114, 318.20,  0.129, 314.06,  0.147, 345.02,  0.214, 329.36,  0.218, 310.34,  0.089, 329.70,  0.054, 286.09,  0.103, 276.16,  0.156, 286.81,  0.171, 304.53,  0.100, 306.07,-99.000, -99.00,-99.000, -99.00,-99.000, -99.00,-99.000, -99.00,
8/31/2006 01:55:00, 12.1,275.9,  0.6,  3.5, 18.841, 29.08,  0.0,  0.0,  0.170, 290.36,  0.234, 314.13,  0.173, 328.70,  0.146, 314.17,  0.184, 303.69,  0.233, 295.14,  0.245, 317.98,  0.197, 302.80,  0.181, 302.81,  0.156, 323.06,  0.129, 288.01,  0.140, 277.38,  0.154, 293.39,  0.233, 292.71,  0.254, 289.08,  0.104, 318.50,-99.000, -99.00,-99.000, -99.00,-99.000, -99.00,-99.000, -99.00,
8/31/2006 02:00:00, 12.1,275.8,  0.6,  3.5, 18.841, 29.07,  0.0,  0.0,  0.208, 327.38,  0.180, 341.57,  0.118, 324.97,  0.013, 311.99,  0.121, 334.50,  0.206, 302.30,  0.252, 272.95,  0.147, 316.65,  0.135, 294.48,  0.178, 286.30,  0.236, 272.43,  0.192, 280.20,  0.209, 281.58,  0.286, 290.02,  0.260, 300.21,  0.159, 284.21,-99.000, -99.00,-99.000, -99.00,-99.000, -99.00,-99.000, -99.00,
8/31/2006 02:05:00, 12.1,275.8,  0.6,  3.5, 18.837, 29.08,  0.0,  0.0,  0.105, 343.46,  0.183, 276.89,  0.197, 306.75,  0.215, 318.96,  0.109, 331.56,  0.232, 282.18,  0.216, 304.06,  0.225, 287.55,  0.208, 287.65,  0.218, 282.19,  0.241, 271.66,  0.242, 266.69,  0.233, 276.91,  0.254, 269.10,  0.232, 289.37,  0.128, 290.56,-99.000, -99.00,-99.000, -99.00,-99.000, -99.00,-99.000, -99.00,
8/31/2006 02:10:00, 12.1,275.8,  0.6,  3.5, 18.834, 29.09,  0.0,  0.0,  0.124, 286.39,  0.138, 301.96,  0.207, 307.15,  0.189, 301.59,  0.118, 285.21,  0.174, 269.01,  0.239, 256.72,  0.297, 281.46,  0.231, 271.24,  0.189, 278.22,  0.195, 294.59,  0.230, 263.25,  0.262, 277.45,  0.253, 282.55,  0.212, 285.02,  0.159, 291.06,-99.000, -99.00,-99.000, -99.00,-99.000, -99.00,-99.000, -99.00,
8/31/2006 02:15:00, 12.1,275.8,  0.6,  3.5, 18.825, 29.09,  0.0,  0.0,  0.254, 305.88,  0.132, 294.23,  0.139, 283.34,  0.054, 295.14,  0.215, 300.51,  0.087, 282.60,  0.200, 284.80,  0.194, 286.47,  0.204, 260.95,  0.203, 283.97,  0.185, 263.18,  0.193, 291.53,  0.218, 277.13,  0.369, 270.78,  0.155, 270.00,  0.112, 299.30,-99.000, -99.00,-99.000, -99.00,-99.000, -99.00,-99.000, -99.00,
8/31/2006 02:20:00, 12.1,275.8,  0.6,  3.5, 18.825, 29.09,  0.0,  0.0,  0.152, 300.45,  0.140, 289.21,  0.182, 299.24,  0.222, 290.80,  0.076, 263.99,  0.219, 286.70,  0.166, 283.20,  0.182, 275.05,  0.280, 269.59,  0.130, 280.62,  0.241, 292.73,  0.172, 273.99,  0.232, 276.42,  0.157, 297.38,  0.203, 306.59,  0.136, 309.32,-99.000, -99.00,-99.000, -99.00,-99.000, -99.00,-99.000, -99.00,
8/31/2006 02:25:00, 12.1,275.8,  0.6,  3.5, 18.822, 29.08,  0.0,  0.0,  0.140, 348.45,  0.129, 288.01,  0.117, 276.88,  0.182, 285.26,  0.164, 278.43,  0.125, 244.46,  0.198, 282.84,  0.242, 266.93,  0.217, 271.06,  0.194, 256.25,  0.160, 258.13,  0.185, 298.36,  0.310, 287.67,  0.226, 282.01,  0.178, 285.68,  0.133, 273.44,-99.000, -99.00,-99.000, -99.00,-99.000, -99.00,-99.000, -99.00,
8/31/2006 02:30:00, 12.1,275.7,  0.6,  3.5, 18.817, 29.08,  0.0,  0.0,  0.057,   1.01,  0.170, 334.64,  0.124, 359.54,  0.059, 331.70,  0.174, 267.37,  0.185, 253.72,  0.187, 262.00,  0.188, 270.91,  0.219, 285.12,  0.224, 271.79,  0.217, 281.67,  0.213, 289.20,  0.234, 279.10,  0.216, 276.11,  0.163, 281.65,  0.079, 289.12,-99.000, -99.00,-99.000, -99.00,-99.000, -99.00,-99.000, -99.00,
8/31/2006 02:35:00, 12.1,275.7,  0.6,  3.5, 18.817, 29.08,  0.0,  0.0,  0.001, 270.00,  0.072, 335.56,  0.080, 323.13,  0.036, 326.31,  0.099, 308.84,  0.143, 286.28,  0.199, 290.62,  0.214, 290.81,  0.253, 270.68,  0.157, 293.63,  0.208, 267.80,  0.157, 268.91,  0.155, 298.88,  0.189, 277.61,  0.270, 272.33,  0.100, 252.47,-99.000, -99.00,-99.000, -99.00,-99.000, -99.00,-99.000, -99.00,
8/31/2006 02:40:00, 12.1,275.7,  0.6,  3.5, 18.812, 29.08,  0.0,  0.0,  0.072, 317.83,  0.061, 346.65,  0.112, 333.43,  0.136, 320.09,  0.110, 310.21,  0.165, 301.08,  0.161, 291.47,  0.176, 288.85,  0.212, 281.15,  0.158, 289.58,  0.083, 273.45,  0.188, 264.50,  0.191, 266.40,  0.286, 267.20,  0.237, 267.10,  0.127, 290.71,-99.000, -99.00,-99.000, -99.00,-99.000, -99.00,-99.000, -99.00,
8/31/2006 02:45:00, 12.1,275.8,  0.6,  3.5, 18.814, 29.08,  0.0,  0.0,  0.047, 346.55,  0.120, 331.08,  0.142, 334.16,  0.106, 309.25,  0.127, 336.27,  0.135, 319.81,  0.160, 315.00,  0.166, 304.46,  0.194, 302.38,  0.215, 280.47,  0.237, 269.27,  0.313, 270.55,  0.220, 273.12,  0.173, 270.99,  0.245, 273.75,  0.101, 276.84,-99.000, -99.00,-99.000, -99.00,-99.000, -99.00,-99.000, -99.00,
8/31/2006 02:50:00, 12.1,275.8,  0.6,  3.5, 18.816, 29.08,  0.0,  0.0,  0.178, 309.76,  0.182, 342.06,  0.153, 288.67,  0.182, 301.50,  0.199, 288.16,  0.197, 272.33,  0.240, 284.73,  0.293, 287.88,  0.300, 280.56,  0.244, 281.82,  0.154, 259.93,  0.259, 288.43,  0.295, 296.13,  0.175, 270.33,  0.142, 254.11,  0.100, 275.71,-99.000, -99.00,-99.000, -99.00,-99.000, -99.00,-99.000, -99.00,
8/31/2006 02:55:00, 12.1,275.7,  0.6,  3.5, 18.819, 29.08,  0.0,  0.0,  0.123,  16.07,  0.170, 308.55,  0.166, 296.10,  0.163, 281.31,  0.150, 288.31,  0.056, 251.24,  0.169, 286.50,  0.158, 281.31,  0.190, 275.14,  0.198, 267.98,  0.149, 264.98,  0.126, 253.43,  0.193, 270.89,  0.198, 255.96,  0.157, 270.00,  0.130, 273.52,-99.000, -99.00,-99.000, -99.00,-99.000, -99.00,-99.000, -99.00,
8/31/2006 03:00:00, 12.1,275.8,  0.6,  3.5, 18.807, 29.08,  0.0,  0.0,  0.120, 327.64,  0.197, 335.39,  0.188, 291.52,  0.186, 275.25,  0.206, 286.67,  0.154, 305.24,  0.191, 285.78,  0.210, 279.60,  0.176, 289.26,  0.231, 280.73,  0.206, 286.06,  0.134, 289.65,  0.207, 286.25,  0.180, 273.81,  0.107, 259.22,  0.066, 234.87,-99.000, -99.00,-99.000, -99.00,-99.000, -99.00,-99.000, -99.00,
8/31/2006 03:05:00, 12.1,275.7,  0.6,  3.5, 18.806, 29.08,  0.0,  0.0,  0.105, 339.32,  0.171, 304.06,  0.099, 310.91,  0.117, 347.15,  0.219, 356.34,  0.176, 296.71,  0.162, 301.63,  0.244, 298.99,  0.190, 294.94,  0.286, 297.73,  0.246, 281.49,  0.243, 282.09,  0.150, 278.46,  0.133, 272.58,  0.194, 286.19,  0.102, 275.60,-99.000, -99.00,-99.000, -99.00,-99.000, -99.00,-99.000, -99.00,
8/31/2006 03:10:00, 12.1,275.9,  0.6,  3.5, 18.796, 29.09,  0.0,  0.0,  0.066,   0.00,  0.143, 318.96,  0.147, 349.00,  0.183, 289.82,  0.209, 349.23,  0.183, 338.49,  0.122, 313.67,  0.095, 287.86,  0.122, 299.92,  0.141, 285.61,  0.098, 290.83,  0.205, 289.05,  0.164, 277.69,  0.133, 276.05,  0.150, 295.71,  0.085, 292.93,-99.000, -99.00,-99.000, -99.00,-99.000, -99.00,-99.000, -99.00,
8/31/2006 03:15:00, 12.1,275.8,  0.6,  3.5, 18.797, 29.09,  0.0,  0.0,  0.157, 292.82,  0.151, 306.64,  0.125, 348.96,  0.008, 104.04,  0.017, 252.65,  0.091, 315.00,  0.167, 276.87,  0.171, 266.32,  0.263, 273.93,  0.173, 271.99,  0.184, 270.93,  0.135, 284.14,  0.247, 284.99,  0.242, 290.08,  0.186, 293.12,  0.105, 286.02,-99.000, -99.00,-99.000, -99.00,-99.000, -99.00,-99.000, -99.00,
8/31/2006 03:20:00, 12.1,275.7,  0.6,  3.5, 18.789, 29.09,  0.0,  0.0,  0.125, 297.18,  0.125, 317.26,  0.107, 301.61,  0.138,   0.42,  0.194, 336.99,  0.170, 294.30,  0.141, 288.18,  0.121, 304.88,  0.154, 273.34,  0.253, 276.82,  0.138, 266.68,  0.111, 265.88,  0.186, 279.61,  0.218, 291.51,  0.121, 302.51,  0.095, 279.66,-99.000, -99.00,-99.000, -99.00,-99.000, -99.00,-99.000, -99.00,
8/31/2006 03:25:00, 12.1,275.8,  0.6,  3.5, 18.787, 29.09,  0.0,  0.0,  0.097, 341.38,  0.141, 318.16,  0.120, 311.28,  0.060, 324.46,  0.146, 289.55,  0.143, 286.28,  0.163, 289.32,  0.185, 282.83,  0.170, 277.42,  0.173, 287.18,  0.149, 273.84,  0.108, 275.29,  0.277, 279.36,  0.237, 285.91,  0.178, 291.80,  0.109, 304.13,-99.000, -99.00,-99.000, -99.00,-99.000, -99.00,-99.000, -99.00,
8/31/2006 03:30:00, 12.1,275.7,  0.6,  3.5, 18.780, 29.09,  0.0,  0.0,  0.130, 335.01,  0.072, 330.95,  0.081, 331.22,  0.104, 322.80,  0.138, 322.05,  0.236, 304.63,  0.189, 304.45,  0.120, 312.98,  0.138, 250.51,  0.268, 272.35,  0.159, 274.32,  0.184, 293.36,  0.231, 277.95,  0.192, 292.02,  0.208, 292.01,  0.063, 289.59,-99.000, -99.00,-99.000, -99.00,-99.000, -99.00,-99.000, -99.00,
8/31/2006 03:35:00, 12.1,275.8,  0.6,  3.5, 18.782, 29.09,  0.0,  0.0,  0.142, 358.79,  0.129, 321.62,  0.030, 315.00,  0.077, 323.43,  0.088, 330.82,  0.105, 316.15,  0.115, 309.36,  0.149, 272.69,  0.063, 288.43,  0.150, 315.54,  0.103, 286.33,  0.171, 286.64,  0.201, 305.27,  0.188, 293.16,  0.149, 301.56,  0.125, 305.22,-99.000, -99.00,-99.000, -99.00,-99.000, -99.00,-99.000, -99.00,
8/31/2006 03:40:00, 12.1,275.9,  0.6,  3.5, 18.783, 29.09,  0.0,  0.0,  0.049, 323.37,  0.029,  90.00,  0.173, 301.76,  0.075, 305.18,  0.142, 308.16,  0.199, 293.99,  0.208, 296.94,  0.157, 285.10,  0.179, 267.12,  0.102, 295.56,  0.260, 275.73,  0.221, 288.76,  0.260, 280.62,  0.158, 252.37,  0.233, 296.57,  0.095, 315.00,-99.000, -99.00,-99.000, -99.00,-99.000, -99.00,-99.000, -99.00,
8/31/2006 03:45:00, 12.1,275.9,  0.6,  3.5, 18.771, 29.10,  0.0,  0.0,  0.077,  19.86,  0.186, 351.65,  0.120, 343.99,  0.116, 327.00,  0.156, 312.92,  0.103, 334.68,  0.133, 318.98,  0.073, 300.43,  0.196, 279.99,  0.201, 305.50,  0.234, 311.19,  0.250, 295.13,  0.224, 310.66,  0.168, 303.12,  0.137, 312.92,  0.158, 309.85,-99.000, -99.00,-99.000, -99.00,-99.000, -99.00,-99.000, -99.00,
8/31/2006 03:50:00, 12.1,275.9,  0.6,  3.5, 18.775, 29.10,  0.0,  0.0,  0.173, 358.01,  0.085,   3.37,  0.142, 331.45,  0.169, 359.66,  0.179, 332.72,  0.161, 355.00,  0.223, 335.39,  0.194, 327.62,  0.213, 321.68,  0.232, 325.01,  0.223, 303.12,  0.220, 291.07,  0.206, 290.72,  0.155, 292.76,  0.176, 298.17,  0.160, 303.29,-99.000, -99.00,-99.000, -99.00,-99.000, -99.00,-99.000, -99.00,
8/31/2006 03:55:00, 12.1,275.9,  0.6,  3.5, 18.760, 29.10,  0.0,  0.0,  0.168, 358.98,  0.174,   0.33,  0.078,   0.00,  0.082, 320.91,  0.155, 330.62,  0.167, 315.00,  0.240, 326.91,  0.129, 336.22,  0.104, 309.52,  0.129, 320.02,  0.207, 303.77,  0.234, 289.98,  0.097, 281.89,  0.259, 299.14,  0.222, 300.26,  0.110, 316.47,-99.000, -99.00,-99.000, -99.00,-99.000, -99.00,-99.000, -99.00,
8/31/2006 04:00:00, 12.1,275.8,  0.6,  3.5, 18.762, 29.10,  0.0,  0.0,  0.063, 314.36,  0.159, 309.39,  0.108, 275.87,  0.142, 306.38,  0.036, 290.92,  0.048, 266.42,  0.163, 289.32,  0.167, 310.64,  0.141, 307.20,  0.206, 293.20,  0.178, 285.68,  0.203, 291.12,  0.208, 301.25,  0.237, 295.48,  0.263, 292.08,  0.218, 305.29,-99.000, -99.00,-99.000, -99.00,-99.000, -99.00,-99.000, -99.00,
8/31/2006 04:05:00, 12.1,275.6,  0.6,  3.5, 18.751, 29.10,  0.0,  0.0,  0.078, 357.80,  0.064, 287.30,  0.039, 345.26,  0.125, 310.80,  0.134, 322.28,  0.050, 319.90,  0.122, 320.31,  0.070, 351.75,  0.148, 307.87,  0.172, 322.80,  0.156, 308.77,  0.117, 314.65,  0.153, 312.88,  0.208, 310.72,  0.279, 303.46,  0.196, 309.21,-99.000, -99.00,-99.000, -99.00,-99.000, -99.00,-99.000, -99.00,
8/31/2006 04:10:00, 12.1,275.7,  0.6,  3.5, 18.744, 29.10,  0.0,  0.0,  0.095,   4.21,  0.007, 206.57,  0.043, 253.69,  0.013, 355.60,  0.029, 144.69,  0.076,  48.74,  0.138,   0.83,  0.131, 327.16,  0.223, 297.26,  0.272, 306.03,  0.206, 309.88,  0.159, 288.66,  0.228, 284.22,  0.185, 296.29,  0.211, 283.71,  0.117, 273.42,-99.000, -99.00,-99.000, -99.00,-99.000, -99.00,-99.000, -99.00,
8/31/2006 04:15:00, 12.1,275.7,  0.6,  3.5, 18.748, 29.10,  0.0,  0.0,  0.105, 301.43,  0.092, 243.43,  0.037, 212.83,  0.111, 288.43,  0.049, 285.46,  0.147, 303.91,  0.187, 309.81,  0.037, 315.00,  0.146, 303.25,  0.176, 336.20,  0.173, 335.06,  0.227, 334.68,  0.243, 322.19,  0.162, 318.51,  0.224, 289.57,  0.153, 291.52,-99.000, -99.00,-99.000, -99.00,-99.000, -99.00,-99.000, -99.00,
8/31/2006 04:20:00, 12.1,275.8,  0.6,  3.5, 18.746, 29.10,  0.0,  0.0,  0.045, 339.15,  0.113,   9.71,  0.075, 264.67,  0.091,  14.04,  0.028, 280.12,  0.081, 332.80,  0.096, 315.84,  0.136, 306.95,  0.131, 293.43,  0.096, 294.69,  0.135, 280.23,  0.187, 271.23,  0.122, 281.86,  0.159, 293.67,  0.104, 322.03,  0.093, 292.71,-99.000, -99.00,-99.000, -99.00,-99.000, -99.00,-99.000, -99.00,
8/31/2006 04:25:00, 12.1,275.6,  0.6,  3.5, 18.752, 29.10,  0.0,  0.0,  0.011, 164.74,  0.125, 341.85,  0.052, 287.74,  0.078, 348.11,  0.040,  82.87,  0.030, 318.99,  0.157, 253.30,  0.120, 264.72,  0.172, 270.00,  0.131, 290.10,  0.168, 286.60,  0.232, 289.69,  0.220, 287.20,  0.197, 284.11,  0.223, 290.71,  0.132, 315.62,-99.000, -99.00,-99.000, -99.00,-99.000, -99.00,-99.000, -99.00,
8/31/2006 04:30:00, 12.1,275.8,  0.6,  3.5, 18.741, 29.10,  0.0,  0.0,  0.128, 319.11,  0.037,  11.00,  0.043, 231.55,  0.069, 355.86,  0.023, 257.20,  0.125, 315.32,  0.166, 301.68,  0.184, 303.00,  0.093, 299.59,  0.144, 309.09,  0.124, 312.06,  0.109, 302.23,  0.213, 300.18,  0.232, 298.89,  0.174, 303.96,  0.171, 279.08,-99.000, -99.00,-99.000, -99.00,-99.000, -99.00,-99.000, -99.00,
8/31/2006 04:35:00, 12.1,275.8,  0.6,  3.5, 18.742, 29.10,  0.0,  0.0,  0.028, 347.47,  0.044, 304.78,  0.096, 315.84,  0.029, 262.15,  0.031, 266.31,  0.117, 300.29,  0.168, 279.97,  0.125, 236.06,  0.171, 288.43,  0.029, 329.04,  0.079, 266.38,  0.147, 273.89,  0.141, 294.75,  0.235, 300.71,  0.157, 293.29,  0.117, 304.23,-99.000, -99.00,-99.000, -99.00,-99.000, -99.00,-99.000, -99.00,
8/31/2006 04:40:00, 12.1,275.7,  0.6,  3.5, 18.733, 29.10,  0.0,  0.0,  0.200, 327.66,  0.061,  29.51,  0.064,  71.85,  0.067, 112.75,  0.111, 333.20,  0.028,  10.12,  0.045, 318.58,  0.073, 327.83,  0.092, 311.48,  0.123, 307.71,  0.142, 301.45,  0.152, 273.01,  0.147, 286.59,  0.161, 272.84,  0.157, 284.74,  0.120, 299.98,-99.000, -99.00,-99.000, -99.00,-99.000, -99.00,-99.000, -99.00,
8/31/2006 04:45:00, 12.1,275.9,  0.6,  3.5, 18.737, 29.10,  0.0,  0.0,  0.158, 266.74,  0.111, 302.83,  0.087, 249.90,  0.185, 245.38,  0.091, 273.77,  0.192, 284.76,  0.158, 313.98,  0.176, 317.07,  0.194, 293.39,  0.237, 294.94,  0.180, 334.29,  0.181, 324.46,  0.179, 292.69,  0.161, 320.79,  0.200, 297.72,  0.157, 280.66,-99.000, -99.00,-99.000, -99.00,-99.000, -99.00,-99.000, -99.00,
8/31/2006 04:50:00, 12.1,275.8,  0.6,  3.5, 18.727, 29.09,  0.0,  0.0,  0.042, 325.56,  0.015,   0.00,  0.046,  24.34,  0.057, 182.01,  0.011,  90.00,  0.036,  12.88,  0.163, 326.50,  0.233, 310.31,  0.239, 300.64,  0.211, 301.80,  0.188, 291.52,  0.226, 303.27,  0.241, 300.19,  0.245, 295.94,  0.242, 303.89,  0.221, 299.81,-99.000, -99.00,-99.000, -99.00,-99.000, -99.00,-99.000, -99.00,
8/31/2006 04:55:00, 12.1,275.9,  0.6,  3.4, 18.722, 29.09,  0.0,  0.0,  0.080, 240.88,  0.100, 267.71,  0.154, 287.73,  0.098, 317.88,  0.092, 340.39,  0.068, 301.11,  0.059,   9.78,  0.132, 353.47,  0.121, 297.63,  0.111,  16.80,  0.150, 330.02,  0.134, 319.54,  0.199, 296.31,  0.163, 293.43,  0.155, 302.04,  0.119, 318.41,-99.000, -99.00,-99.000, -99.00,-99.000, -99.00,-99.000, -99.00,
8/31/2006 05:00:00, 12.1,275.8,  0.6,  3.5, 18.724, 29.09,  0.0,  0.0,  0.065, 297.35,  0.158, 316.28,  0.070, 356.73,  0.112, 335.73,  0.198, 334.60,  0.160, 329.59,  0.163, 347.59,  0.108, 300.14,  0.101, 346.24,  0.182, 346.96,  0.247, 335.31,  0.168, 320.06,  0.151, 324.42,  0.180, 306.87,  0.134, 307.72,  0.195, 288.25,-99.000, -99.00,-99.000, -99.00,-99.000, -99.00,-99.000, -99.00,
8/31/2006 05:05:00, 12.1,275.8,  0.6,  3.5, 18.722, 29.09,  0.0,  0.0,  0.092, 159.59,  0.068, 199.77,  0.071, 217.52,  0.017, 295.02,  0.089, 301.73,  0.125, 308.52,  0.123, 329.28,  0.146, 313.62,  0.145, 321.16,  0.159, 306.58,  0.127, 299.19,  0.150, 317.70,  0.156, 316.81,  0.229, 292.31,  0.185, 300.17,  0.223, 291.04,-99.000, -99.00,-99.000, -99.00,-99.000, -99.00,-99.000, -99.00,
8/31/2006 05:10:00, 12.1,275.8,  0.6,  3.4, 18.724, 29.06,  0.0,  0.0,  0.047,  92.44,  0.109, 210.78,  0.086, 171.96,  0.060, 184.76,  0.026, 144.46,  0.045, 316.79,  0.040, 290.22,  0.040, 286.14,  0.129, 324.46,  0.147, 344.16,  0.279, 336.10,  0.268, 336.21,  0.315, 324.95,  0.227, 327.22,  0.242, 315.34,  0.257, 303.57,-99.000, -99.00,-99.000, -99.00,-99.000, -99.00,-99.000, -99.00,
8/31/2006 05:15:00, 12.1,275.7,  0.6,  3.5, 18.714, 29.04,  0.0,  0.0,  0.102, 206.06,  0.097, 238.12,  0.043, 217.41,  0.086, 176.67,  0.022, 341.57,  0.054,  57.77,  0.049,  57.62,  0.061, 345.74,  0.052, 344.36,  0.120, 346.54,  0.078, 299.84,  0.129, 329.65,  0.179, 308.66,  0.176, 300.35,  0.220, 292.48,  0.277, 308.69,-99.000, -99.00,-99.000, -99.00,-99.000, -99.00,-99.000, -99.00,
8/31/2006 05:20:00, 12.1,275.8,  0.6,  3.5, 18.719, 29.03,  0.0,  0.0,  0.160, 207.53,  0.131, 213.45,  0.097, 237.62,  0.036, 245.56,  0.044,   1.30,  0.095,  42.44,  0.053,  18.78,  0.084, 313.56,  0.011, 333.43,  0.091, 306.49,  0.244, 293.72,  0.185, 326.48,  0.270, 332.86,  0.368, 337.97,  0.345, 338.41,  0.352, 320.88,-99.000, -99.00,-99.000, -99.00,-99.000, -99.00,-99.000, -99.00,
8/31/2006 05:25:00, 12.1,275.8,  0.6,  3.5, 18.702, 29.02,  0.0,  0.0,  0.134, 210.01,  0.137, 211.61,  0.086, 160.30,  0.016, 135.00,  0.035, 173.48,  0.026,  81.25,  0.045,   0.00,  0.051, 267.75,  0.089, 291.08,  0.085, 287.80,  0.078, 281.02,  0.095, 315.42,  0.039, 345.26,  0.163, 330.12,  0.288, 340.49,  0.211, 334.16,-99.000, -99.00,-99.000, -99.00,-99.000, -99.00,-99.000, -99.00,
8/31/2006 05:30:00, 12.1,275.9,  0.6,  3.5, 18.715, 29.01,  0.0,  0.0,  0.132, 189.18,  0.035, 184.90,  0.050, 304.33,  0.052, 257.83,  0.077, 258.84,  0.076, 330.07,  0.009, 102.53,  0.085, 290.56,  0.091, 290.63,  0.151, 308.54,  0.154, 329.93,  0.079, 318.61,  0.117, 322.64,  0.183,   7.86,  0.198,  22.55,  0.114,  38.58,-99.000, -99.00,-99.000, -99.00,-99.000, -99.00,-99.000, -99.00,
8/31/2006 05:35:00, 12.1,275.7,  0.6,  3.5, 18.703, 29.01,  0.0,  0.0,  0.016, 345.07,  0.069,  12.62,  0.026, 212.47,  0.102, 230.99,  0.026, 245.38,  0.080, 310.45,  0.038, 331.39,  0.044, 276.48,  0.030, 185.71,  0.049, 264.17,  0.043, 276.63,  0.107, 327.20,  0.068, 298.07,  0.055,  29.36,  0.034, 276.71,  0.040, 274.29,-99.000, -99.00,-99.000, -99.00,-99.000, -99.00,-99.000, -99.00,
8/31/2006 05:40:00, 12.1,275.7,  0.6,  3.5, 18.708, 29.00,  0.0,  0.0,  0.070,  90.82,  0.031, 277.35,  0.084, 187.55,  0.032, 209.74,  0.057, 193.30,  0.036, 191.31,  0.085, 284.36,  0.037, 299.36,  0.081, 135.50,  0.090,  79.07,  0.063, 351.74,  0.043, 343.69,  0.078,   5.13,  0.045, 317.73,  0.053,  38.16,  0.080, 277.21,-99.000, -99.00,-99.000, -99.00,-99.000, -99.00,-99.000, -99.00,
8/31/2006 05:45:00, 12.1,275.8,  0.6,  3.5, 18.704, 29.00,  0.0,  0.0,  0.021, 225.00,  0.122, 115.30,  0.060, 211.29,  0.110, 227.94,  0.046, 231.15,  0.057, 184.01,  0.093, 181.85,  0.094, 263.25,  0.077, 264.81,  0.100, 301.16,  0.100, 277.48,  0.072, 300.14,  0.048, 210.34,  0.068, 325.84,  0.054,  74.93,  0.087,  86.05,-99.000, -99.00,-99.000, -99.00,-99.000, -99.00,-99.000, -99.00,
8/31/2006 05:50:00, 12.1,275.9,  0.6,  3.5, 18.702, 29.01,  0.0,  0.0,  0.034, 244.18,  0.079, 141.68,  0.071, 180.81,  0.127, 179.10,  0.168, 136.69,  0.141, 162.21,  0.087, 164.69,  0.073, 107.45,  0.054, 248.20,  0.116, 278.41,  0.065, 272.64,  0.061, 197.24,  0.093, 265.08,  0.074, 174.60,  0.073, 163.30,  0.029, 143.53,-99.000, -99.00,-99.000, -99.00,-99.000, -99.00,-99.000, -99.00,
8/31/2006 05:55:00, 12.1,275.7,  0.6,  3.5, 18.705, 29.01,  0.0,  0.0,  0.129, 202.38,  0.097, 123.20,  0.040, 264.29,  0.079, 191.74,  0.151, 166.61,  0.145, 182.76,  0.089, 174.86,  0.091, 216.49,  0.059, 196.61,  0.043, 221.19,  0.038, 219.61,  0.139, 235.85,  0.041, 170.07,  0.045,  78.44,  0.091, 266.86,  0.057, 287.47,-99.000, -99.00,-99.000, -99.00,-99.000, -99.00,-99.000, -99.00,
8/31/2006 06:00:00, 12.1,275.7,  0.6,  3.5, 18.693, 29.01,  0.0,  0.0,  0.094, 208.76,  0.049, 176.50,  0.088, 224.08,  0.088, 211.52,  0.055, 214.56,  0.052, 147.53,  0.015, 340.35,  0.034,  81.63,  0.145, 151.14,  0.098, 137.49,  0.009, 147.99,  0.079,  66.04,  0.070, 295.46,  0.059, 315.00,  0.015, 270.00,  0.027, 296.57,-99.000, -99.00,-99.000, -99.00,-99.000, -99.00,-99.000, -99.00,
8/31/2006 06:05:00, 12.1,275.7,  0.6,  3.5, 18.688, 29.01,  0.0,  0.0,  0.075,  82.30,  0.061,  55.01,  0.105, 216.87,  0.092, 220.60,  0.065, 345.75,  0.083, 239.74,  0.052, 212.47,  0.078, 307.75,  0.094, 327.99,  0.082, 290.64,  0.057, 270.00,  0.028, 278.13,  0.034,  36.53,  0.055, 285.80,  0.018, 266.82,  0.038, 309.61,-99.000, -99.00,-99.000, -99.00,-99.000, -99.00,-99.000, -99.00,
8/31/2006 06:10:00, 12.1,275.8,  0.6,  3.5, 18.682, 29.02,  0.0,  0.0,  0.081, 164.93,  0.001, 180.00,  0.039, 221.88,  0.113, 135.72,  0.086, 233.53,  0.048, 273.58,  0.055, 324.58,  0.041, 307.15,  0.054, 221.99,  0.109, 287.10,  0.046, 110.41,  0.027,   2.12,  0.081, 329.64,  0.099, 331.62,  0.043, 156.45,  0.014,  72.90,-99.000, -99.00,-99.000, -99.00,-99.000, -99.00,-99.000, -99.00,
8/31/2006 06:15:00, 12.1,275.7,  0.6,  3.5, 18.682, 29.02,  0.0,  0.0,  0.033, 135.00,  0.025, 168.23,  0.084, 175.24,  0.062, 234.78,  0.079, 180.73,  0.078, 267.06,  0.017, 180.00,  0.029, 197.82,  0.055, 233.13,  0.015,  97.59,  0.007,  33.69,  0.066, 283.19,  0.049, 306.63,  0.096, 273.58,  0.027,  10.49,  0.036, 266.82,-99.000, -99.00,-99.000, -99.00,-99.000, -99.00,-99.000, -99.00,
8/31/2006 06:20:00, 12.1,275.8,  0.6,  3.5, 18.684, 29.02,  0.0,  0.0,  0.044, 181.30,  0.069, 106.86,  0.096, 143.01,  0.039, 150.80,  0.033, 347.66,  0.041, 302.15,  0.012, 279.46,  0.078, 149.16,  0.041,  95.57,  0.051, 335.92,  0.070, 305.06,  0.089, 292.52,  0.031, 250.97,  0.027, 128.99,  0.089,  82.87,  0.034,  15.26,-99.000, -99.00,-99.000, -99.00,-99.000, -99.00,-99.000, -99.00,
8/31/2006 06:25:00, 12.1,275.8,  0.6,  3.5, 18.683, 29.02,  0.0,  0.0,  0.170, 115.81,  0.019, 263.99,  0.086, 226.42,  0.056, 177.95,  0.079,  86.38,  0.066, 116.95,  0.031, 187.35,  0.019,  90.00,  0.003,  71.57,  0.052, 237.53,  0.121, 264.76,  0.091, 310.53,  0.047, 320.19,  0.025, 323.13,  0.005, 233.13,  0.031, 256.87,-99.000, -99.00,-99.000, -99.00,-99.000, -99.00,-99.000, -99.00,
8/31/2006 06:30:00, 12.1,275.7,  0.6,  3.5, 18.692, 29.02,  0.0,  0.0,  0.012,  90.00,  0.123, 114.48,  0.075, 181.53,  0.067, 137.44,  0.087, 131.74,  0.050, 190.41,  0.026,  69.44,  0.045, 305.10,  0.113, 266.46,  0.047, 248.88,  0.029, 284.04,  0.034,  90.00,  0.032, 198.43,  0.017, 200.56,  0.050,   4.57,  0.030, 344.58,-99.000, -99.00,-99.000, -99.00,-99.000, -99.00,-99.000, -99.00,
8/31/2006 06:35:00, 12.1,275.7,  0.6,  3.5, 18.685, 29.03,  0.0,  0.0,  0.102, 102.41,  0.058, 123.69,  0.087, 176.05,  0.077, 190.44,  0.057, 230.71,  0.059, 146.04,  0.118, 117.22,  0.048, 124.02,  0.041, 120.96,  0.080,   5.00,  0.078, 296.57,  0.110, 273.12,  0.054, 354.71,  0.033,  58.74,  0.020,  92.86,  0.020, 351.47,-99.000, -99.00,-99.000, -99.00,-99.000, -99.00,-99.000, -99.00,
8/31/2006 06:40:00, 12.1,275.7,  0.6,  3.5, 18.682, 29.03,  0.0,  0.0,  0.078, 122.47,  0.090, 112.86,  0.042, 163.30,  0.070, 156.37,  0.072, 116.57,  0.076, 128.07,  0.052, 177.80,  0.037, 133.92,  0.032, 147.80,  0.078,  13.32,  0.056, 296.57,  0.043, 277.94,  0.018, 153.43,  0.039,  97.31,  0.016, 288.43,  0.048, 250.43,-99.000, -99.00,-99.000, -99.00,-99.000, -99.00,-99.000, -99.00,
8/31/2006 06:45:00, 12.1,275.6,  0.6,  3.5, 18.672, 29.03,  0.0,  0.0,  0.112, 147.72,  0.039, 106.56,  0.089, 187.77,  0.030, 122.62,  0.103, 136.57,  0.105, 126.87,  0.127, 130.85,  0.021, 112.83,  0.040, 115.28,  0.040, 159.78,  0.028, 235.18,  0.052,  67.38,  0.039,  85.60,  0.065, 170.25,  0.066, 164.29,  0.048, 304.02,-99.000, -99.00,-99.000, -99.00,-99.000, -99.00,-99.000, -99.00,
8/31/2006 06:50:00, 12.1,275.8,  0.6,  3.5, 18.678, 29.03,  0.0,  0.0,  0.082, 164.44,  0.118,  98.27,  0.093, 145.97,  0.018, 128.16,  0.046, 166.26,  0.113, 104.41,  0.034, 181.68,  0.104, 159.83,  0.022, 223.15,  0.045, 242.30,  0.063, 276.34,  0.016, 309.81,  0.039, 239.53,  0.017, 225.00,  0.060, 141.79,  0.017, 298.07,-99.000, -99.00,-99.000, -99.00,-99.000, -99.00,-99.000, -99.00,
8/31/2006 06:55:00, 12.1,275.8,  0.6,  3.5, 18.668, 29.04,  0.0,  0.0,  0.072,  90.80,  0.049, 119.17,  0.042, 192.38,  0.120, 124.48,  0.025, 180.00,  0.160, 118.81,  0.052, 159.83,  0.055, 153.90,  0.015, 156.80,  0.016,  97.13,  0.039, 336.04,  0.037, 107.45,  0.089, 115.41,  0.082, 283.36,  0.035, 216.87,  0.067,  22.75,-99.000, -99.00,-99.000, -99.00,-99.000, -99.00,-99.000, -99.00,
8/31/2006 07:00:00, 12.1,275.7,  0.6,  3.5, 18.662, 29.04,  0.0,  0.0,  0.139, 116.01,  0.165,  94.53,  0.073,  78.07,  0.100, 161.38,  0.042, 115.35,  0.024,  16.93,  0.047, 199.98,  0.013, 161.57,  0.091, 105.26,  0.023,  70.02,  0.036, 117.98,  0.040,  50.01,  0.066,  40.70,  0.054, 319.51,  0.023,  59.04,  0.049, 305.94,-99.000, -99.00,-99.000, -99.00,-99.000, -99.00,-99.000, -99.00,
8/31/2006 07:05:00, 12.1,275.8,  0.6,  3.5, 18.675, 29.04,  0.0,  0.0,  0.124, 154.26,  0.083, 197.56,  0.065, 228.73,  0.121, 126.96,  0.055, 146.89,  0.035, 163.61,  0.080, 129.90,  0.072, 100.38,  0.145, 129.96,  0.066, 213.93,  0.004, 243.43,  0.066, 324.87,  0.107,  50.67,  0.097,  39.96,  0.045,  78.44,  0.052, 315.78,-99.000, -99.00,-99.000, -99.00,-99.000, -99.00,-99.000, -99.00,
8/31/2006 07:10:00, 12.1,275.7,  0.6,  3.5, 18.683, 29.04,  0.0,  0.0,  0.139, 100.75,  0.142, 107.67,  0.125, 118.61,  0.058, 195.95,  0.077, 156.41,  0.086, 150.75,  0.040, 182.86,  0.053, 219.67,  0.083, 144.78,  0.065, 128.11,  0.035, 140.83,  0.040, 208.50,  0.038, 180.00,  0.085, 200.79,  0.105, 240.26,  0.031, 268.15,-99.000, -99.00,-99.000, -99.00,-99.000, -99.00,-99.000, -99.00,
8/31/2006 07:15:00, 12.1,275.7,  0.6,  3.5, 18.682, 29.04,  0.0,  0.0,  0.214, 123.54,  0.059,  87.09,  0.117,  97.85,  0.126, 150.99,  0.110, 115.17,  0.093, 155.91,  0.052, 131.91,  0.097, 153.17,  0.093, 169.42,  0.025, 143.13,  0.063, 161.57,  0.110, 110.74,  0.015, 151.70,  0.020, 113.96,  0.071, 270.00,  0.059, 280.74,-99.000, -99.00,-99.000, -99.00,-99.000, -99.00,-99.000, -99.00,
8/31/2006 07:20:00, 12.1,275.8,  0.6,  3.5, 18.677, 29.04,  0.0,  0.0,  0.113, 149.82,  0.152,  97.92,  0.123,  79.24,  0.076, 123.69,  0.154,  98.97,  0.125, 106.70,  0.128,  91.79,  0.128,  78.78,  0.132,  99.18,  0.114,  91.01,  0.168,  82.83,  0.168,  99.97,  0.138, 124.04,  0.016,  90.00,  0.114, 121.05,  0.025, 153.43,-99.000, -99.00,-99.000, -99.00,-99.000, -99.00,-99.000, -99.00,
8/31/2006 07:25:00, 12.1,275.8,  0.6,  3.5, 18.690, 29.03,  0.0,  0.0,  0.145, 121.17,  0.046, 259.92,  0.078, 135.00,  0.135,  96.81,  0.133, 103.51,  0.101, 349.14,  0.057,  96.01,  0.024, 221.63,  0.010, 119.05,  0.026, 292.62,  0.047, 156.16,  0.106, 139.57,  0.057,  42.88,  0.009, 153.43,  0.147,  93.12,  0.040,  90.00,-99.000, -99.00,-99.000, -99.00,-99.000, -99.00,-99.000, -99.00,
8/31/2006 07:30:00, 12.1,275.7,  0.6,  3.5, 18.682, 29.03,  0.0,  0.0,  0.217, 159.47,  0.072,  63.43,  0.079, 145.30,  0.091, 109.82,  0.101,  37.78,  0.043, 129.29,  0.088, 122.97,  0.100,  99.74,  0.136,  87.47,  0.124, 113.26,  0.132, 101.82,  0.056, 113.33,  0.062, 119.05,  0.024, 214.99,  0.017, 159.44,  0.037, 312.80,-99.000, -99.00,-99.000, -99.00,-99.000, -99.00,-99.000, -99.00,
8/31/2006 07:35:00, 12.1,275.7,  0.6,  3.5, 18.683, 29.03,  0.0,  0.0,  0.244, 132.34,  0.084,  56.69,  0.081,  83.58,  0.035,  53.13,  0.056,  91.02,  0.045, 100.30,  0.085,  90.67,  0.069, 106.06,  0.132,  98.75,  0.102,  85.52,  0.092, 132.36,  0.079, 131.93,  0.085, 109.93,  0.058,  55.49,  0.019, 132.88,  0.038, 317.12,-99.000, -99.00,-99.000, -99.00,-99.000, -99.00,-99.000, -99.00,
8/31/2006 07:40:00, 12.1,275.7,  0.6,  3.5, 18.694, 29.03,  0.0,  0.0,  0.130, 128.45,  0.081,  90.00,  0.065, 155.41,  0.082, 176.51,  0.048,  88.81,  0.018,  42.71,  0.117, 108.43,  0.049, 185.83,  0.069, 242.32,  0.057, 147.14,  0.067, 166.17,  0.082, 127.57,  0.060,  62.15,  0.108,  29.88,  0.151,  58.52,  0.148,  12.91,-99.000, -99.00,-99.000, -99.00,-99.000, -99.00,-99.000, -99.00,
8/31/2006 07:45:00, 12.1,275.7,  0.6,  3.5, 18.699, 29.03,  0.0,  0.0,  0.163, 153.75,  0.047, 341.57,  0.056, 129.94,  0.056, 155.73,  0.048, 108.06,  0.090, 125.10,  0.060, 167.57,  0.053, 121.89,  0.079, 185.06,  0.075, 334.80,  0.018, 312.71,  0.041, 117.82,  0.057, 277.00,  0.040, 113.39,  0.036, 189.46,  0.013, 184.40,-99.000, -99.00,-99.000, -99.00,-99.000, -99.00,-99.000, -99.00,
8/31/2006 07:50:00, 12.1,275.8,  0.6,  3.5, 18.696, 29.03,  0.0,  0.0,  0.162, 138.25,  0.120,  70.96,  0.109,  87.37,  0.029, 285.95,  0.017,  76.76,  0.095, 100.95,  0.073, 145.01,  0.029,  80.22,  0.096, 197.50,  0.120, 146.18,  0.063, 167.07,  0.061, 158.03,  0.096, 100.84,  0.075,  69.62,  0.017, 118.07,  0.041, 131.05,-99.000, -99.00,-99.000, -99.00,-99.000, -99.00,-99.000, -99.00,
8/31/2006 07:55:00, 12.1,275.7,  0.6,  3.5, 18.700, 29.03,  0.0,  0.0,  0.209, 136.16,  0.031, 335.10,  0.091, 117.41,  0.007, 296.57,  0.076, 222.32,  0.017, 144.46,  0.054, 172.61,  0.066, 223.78,  0.035, 283.24,  0.035, 165.17,  0.009, 290.56,  0.057, 327.14,  0.011, 146.31,  0.044, 281.82,  0.031,  50.19,  0.052, 291.60,-99.000, -99.00,-99.000, -99.00,-99.000, -99.00,-99.000, -99.00,
8/31/2006 08:00:00, 12.1,275.7,  0.6,  3.5, 18.712, 29.04,  0.0,  0.0,  0.194, 133.33,  0.029, 104.04,  0.045,  15.59,  0.049, 125.94,  0.029, 234.69,  0.050, 253.74,  0.046, 286.46,  0.044, 237.03,  0.050, 221.73,  0.054, 162.90,  0.030,  72.76,  0.058, 268.03,  0.042,  44.03,  0.046, 238.39,  0.012, 228.37,  0.044, 327.03,-99.000, -99.00,-99.000, -99.00,-99.000, -99.00,-99.000, -99.00,
8/31/2006 08:05:00, 12.1,275.8,  0.6,  3.5, 18.699, 29.04,  0.0,  0.0,  0.087, 160.52,  0.112,  47.17,  0.008, 150.26,  0.018,  99.46,  0.034, 164.74,  0.051, 142.22,  0.012,  24.44,  0.042, 343.30,  0.073, 154.84,  0.077, 295.24,  0.145, 303.14,  0.064, 313.73,  0.023,  50.19,  0.054, 352.61,  0.108, 337.71,  0.082, 295.94,-99.000, -99.00,-99.000, -99.00,-99.000, -99.00,-99.000, -99.00,
8/31/2006 08:10:00, 12.1,275.7,  0.6,  3.5, 18.711, 29.04,  0.0,  0.0,  0.068, 108.97,  0.070,  25.46,  0.048, 190.84,  0.010,   0.00,  0.039, 199.36,  0.159, 197.98,  0.106, 244.16,  0.069, 233.30,  0.051, 279.09,  0.094, 274.26,  0.045, 275.08,  0.037,   0.00,  0.041, 284.04,  0.086, 233.00,  0.036, 247.01,  0.043, 318.81,-99.000, -99.00,-99.000, -99.00,-99.000, -99.00,-99.000, -99.00,
8/31/2006 08:15:00, 12.1,275.8,  0.6,  3.5, 18.707, 29.04,  0.0,  0.0,  0.076, 133.39,  0.052, 312.65,  0.052,  63.92,  0.050, 357.71,  0.096, 317.53,  0.090, 282.18,  0.033, 135.00,  0.045,  15.59,  0.088, 194.51,  0.016,  21.80,  0.072, 142.33,  0.072, 245.22,  0.026, 283.50,  0.046, 257.47,  0.061, 286.07,  0.035, 320.83,-99.000, -99.00,-99.000, -99.00,-99.000, -99.00,-99.000, -99.00,
8/31/2006 08:20:00, 12.1,275.7,  0.6,  3.5, 18.713, 29.04,  0.0,  0.0,  0.143, 143.53,  0.146,  29.02,  0.075,   9.96,  0.036,   9.46,  0.018, 163.61,  0.044, 276.48,  0.114, 287.80,  0.026, 232.70,  0.016, 129.81,  0.041, 351.67,  0.015, 328.39,  0.029, 266.05,  0.053, 240.52,  0.033, 181.74,  0.060, 204.44,  0.049, 236.63,-99.000, -99.00,-99.000, -99.00,-99.000, -99.00,-99.000, -99.00,
8/31/2006 08:25:00, 12.1,275.7,  0.6,  3.5, 18.713, 29.04,  0.0,  0.0,  0.154, 157.44,  0.091, 358.11,  0.014,   0.00,  0.052, 300.96,  0.024,  53.62,  0.028,  85.91,  0.039,   4.40,  0.007, 351.87,  0.069, 236.31,  0.109, 243.90,  0.035, 293.63,  0.116, 293.26,  0.138, 309.70,  0.020,  23.96,  0.034, 148.17,  0.024,  60.26,-99.000, -99.00,-99.000, -99.00,-99.000, -99.00,-99.000, -99.00,
8/31/2006 08:30:00, 12.1,275.7,  0.6,  3.5, 18.721, 29.04,  0.0,  0.0,  0.252, 138.54,  0.189, 353.63,  0.004, 270.00,  0.062, 106.97,  0.021, 332.24,  0.022, 270.00,  0.129, 325.08,  0.095, 280.36,  0.082, 179.30,  0.068, 172.35,  0.046, 201.57,  0.017, 241.93,  0.095, 255.96,  0.039, 168.11,  0.041, 226.97,  0.062, 265.39,-99.000, -99.00,-99.000, -99.00,-99.000, -99.00,-99.000, -99.00,
8/31/2006 08:35:00, 12.1,275.7,  0.6,  3.5, 18.723, 29.04,  0.0,  0.0,  0.168, 169.70,  0.224, 353.32,  0.017,  49.76,  0.108, 266.29,  0.042, 357.27,  0.067, 307.72,  0.065, 302.47,  0.033,  74.29,  0.107, 284.04,  0.077, 279.71,  0.080, 256.31,  0.033, 270.00,  0.019, 295.20,  0.043, 311.19,  0.047, 294.94,  0.045, 160.35,-99.000, -99.00,-99.000, -99.00,-99.000, -99.00,-99.000, -99.00,
8/31/2006 08:40:00, 12.1,275.8,  0.6,  3.5, 18.733, 29.04,  0.0,  0.0,  0.134, 150.95,  0.151, 352.41,  0.049, 178.83,  0.114,  66.80,  0.022, 316.85,  0.021,   5.44,  0.065,   1.76,  0.069, 304.38,  0.075, 303.06,  0.122, 274.69,  0.006, 350.54,  0.013, 231.34,  0.027, 180.00,  0.036,  37.18,  0.025,  40.10,  0.086, 223.58,-99.000, -99.00,-99.000, -99.00,-99.000, -99.00,-99.000, -99.00,
8/31/2006 08:45:00, 12.1,275.8,  0.6,  3.5, 18.732, 29.04,  0.0,  0.0,  0.013, 131.99,  0.248, 353.05,  0.050, 353.16,  0.102,  22.53,  0.065, 357.36,  0.060, 335.56,  0.154, 329.10,  0.058,  23.46,  0.020, 252.47,  0.106, 291.00,  0.064, 331.03,  0.045,  11.56,  0.032, 268.21,  0.028, 177.95,  0.048,  45.00,  0.152,   0.75,-99.000, -99.00,-99.000, -99.00,-99.000, -99.00,-99.000, -99.00,
8/31/2006 08:50:00, 12.1,275.8,  0.6,  3.5, 18.732, 29.04,  0.0,  0.0,  0.099, 192.22,  0.190, 354.86,  0.070,  84.29,  0.100,   5.71,  0.090, 312.75,  0.083, 282.53,  0.105, 289.47,  0.106, 310.78,  0.050, 353.16,  0.034, 247.25,  0.034, 281.98,  0.044,  48.69,  0.009, 324.46,  0.011, 264.81,  0.014, 274.09,  0.089, 286.39,-99.000, -99.00,-99.000, -99.00,-99.000, -99.00,-99.000, -99.00,
8/31/2006 08:55:00, 12.1,275.8,  0.6,  3.5, 18.745, 29.03,  0.0,  0.0,  0.073, 211.50,  0.227, 356.97,  0.133, 349.20,  0.092, 297.96,  0.078, 304.09,  0.067, 305.34,  0.086, 340.93,  0.060,  18.43,  0.077, 320.76,  0.044,  58.13,  0.043, 357.34,  0.115, 318.16,  0.028, 292.93,  0.056, 252.22,  0.044, 241.70,  0.117,  38.05,-99.000, -99.00,-99.000, -99.00,-99.000, -99.00,-99.000, -99.00,
8/31/2006 09:00:00, 12.1,275.8,  0.6,  3.5, 18.741, 29.03,  0.0,  0.0,  0.127, 118.18,  0.138,  31.39,  0.074, 355.36,  0.054, 315.74,  0.107, 277.52,  0.054,   0.00,  0.033, 248.84,  0.032, 261.12,  0.106, 338.50,  0.072, 320.60,  0.027, 311.99,  0.030, 270.00,  0.013, 237.53,  0.081, 222.99,  0.028, 280.12,  0.102, 334.95,-99.000, -99.00,-99.000, -99.00,-99.000, -99.00,-99.000, -99.00,
8/31/2006 09:05:00, 12.1,275.6,  0.6,  3.5, 18.749, 29.04,  0.0,  0.0,  0.026, 139.64,  0.188, 347.37,  0.066, 313.15,  0.019, 304.51,  0.069, 307.37,  0.089, 282.32,  0.023, 320.19,  0.047, 315.86,  0.024, 323.62,  0.047, 265.14,  0.025, 244.44,  0.055, 296.10,  0.077,  18.20,  0.037,   0.00,  0.028,  30.26,  0.096, 323.49,-99.000, -99.00,-99.000, -99.00,-99.000, -99.00,-99.000, -99.00,
8/31/2006 09:10:00, 12.1,275.7,  0.6,  3.5, 18.754, 29.04,  0.0,  0.0,  0.021, 315.00,  0.151, 340.60,  0.010,  11.31,  0.102, 335.70,  0.076, 280.57,  0.032, 262.87,  0.036, 277.91,  0.063,  12.93,  0.073,  37.81,  0.049, 340.82,  0.056, 283.54,  0.025,  83.16,  0.044, 255.65,  0.036, 221.63,  0.058, 237.68,  0.099, 345.96,-99.000, -99.00,-99.000, -99.00,-99.000, -99.00,-99.000, -99.00,
8/31/2006 09:15:00, 12.1,275.7,  0.6,  3.5, 18.744, 29.04,  0.0,  0.0,  0.100, 323.13,  0.072, 303.02,  0.178, 337.48,  0.074, 315.55,  0.067, 319.86,  0.048, 310.73,  0.041,  29.05,  0.058, 320.57,  0.048, 343.07,  0.082, 261.57,  0.023, 149.04,  0.056, 338.01,  0.076, 270.00,  0.049,  81.87,  0.062,  26.98,  0.120, 310.60,-99.000, -99.00,-99.000, -99.00,-99.000, -99.00,-99.000, -99.00,
8/31/2006 09:20:00, 12.1,275.8,  0.6,  3.5, 18.759, 29.04,  0.0,  0.0,  0.037, 133.92,  0.104, 339.83,  0.099, 345.40,  0.031, 284.93,  0.017, 315.00,  0.071, 342.07,  0.031, 358.15,  0.101, 319.40,  0.059, 338.20,  0.041,   5.57,  0.042, 298.39,  0.042, 223.09,  0.082, 260.19,  0.031, 219.81,  0.009, 282.53,  0.120, 320.74,-99.000, -99.00,-99.000, -99.00,-99.000, -99.00,-99.000, -99.00,
8/31/2006 09:25:00, 12.1,275.7,  0.6,  3.5, 18.752, 29.04,  0.0,  0.0,  0.062, 249.23,  0.132, 343.76,  0.025,   6.84,  0.073,  36.09,  0.104, 336.87,  0.058, 319.18,  0.028,  79.88,  0.086, 322.59,  0.103, 294.08,  0.100, 243.18,  0.104, 279.37,  0.024, 141.71,  0.052, 166.76,  0.006, 180.00,  0.042,  13.71,  0.066, 294.23,-99.000, -99.00,-99.000, -99.00,-99.000, -99.00,-99.000, -99.00,
8/31/2006 09:30:00, 12.1,275.7,  0.6,  3.5, 18.769, 29.05,  0.0,  0.0,  0.074, 251.81,  0.098, 357.66,  0.109, 347.87,  0.032, 316.27,  0.031, 324.25,  0.075, 284.59,  0.065, 340.17,  0.121, 349.53,  0.058, 325.49,  0.092, 274.35,  0.050, 277.97,  0.087, 267.37,  0.088, 241.39,  0.106, 253.61,  0.006, 300.96,  0.049, 158.63,-99.000, -99.00,-99.000, -99.00,-99.000, -99.00,-99.000, -99.00,
8/31/2006 09:35:00, 12.1,275.8,  0.6,  3.5, 18.772, 29.05,  0.0,  0.0,  0.074, 172.20,  0.124, 315.65,  0.121, 347.11,  0.029,  24.78,  0.118, 341.26,  0.120, 320.74,  0.076, 286.77,  0.098, 301.26,  0.062, 325.54,  0.037, 161.08,  0.063, 250.41,  0.085, 297.16,  0.047, 318.47,  0.077,  66.41,  0.150, 111.45,  0.046, 166.26,-99.000, -99.00,-99.000, -99.00,-99.000, -99.00,-99.000, -99.00,
8/31/2006 09:40:00, 12.1,275.7,  0.6,  3.5, 18.781, 29.06,  0.0,  0.0,  0.035, 334.89,  0.114, 332.31,  0.108, 340.56,  0.065,  16.19,  0.109,  20.43,  0.175, 341.36,  0.044, 325.22,  0.027, 280.49,  0.092, 314.12,  0.083, 329.74,  0.065, 330.69,  0.128, 330.03,  0.042,   0.00,  0.054, 308.99,  0.085, 221.19,  0.060, 270.95,-99.000, -99.00,-99.000, -99.00,-99.000, -99.00,-99.000, -99.00,
8/31/2006 09:45:00, 12.1,275.8,  0.6,  3.5, 18.782, 29.07,  0.0,  0.0,  0.014, 107.10,  0.156, 321.51,  0.101, 343.35,  0.111, 345.96,  0.121,  17.84,  0.089, 352.87,  0.148, 337.77,  0.079, 325.30,  0.072, 310.52,  0.035,  13.24,  0.090, 312.75,  0.074, 317.73,  0.040,  39.99,  0.065,  72.96,  0.104, 103.37,  0.021,  90.00,-99.000, -99.00,-99.000, -99.00,-99.000, -99.00,-99.000, -99.00,
8/31/2006 09:50:00, 12.1,275.8,  0.6,  3.5, 18.788, 29.07,  0.0,  0.0,  0.051,  97.82,  0.122, 352.47,  0.049,  75.68,  0.034,  64.18,  0.042,  30.26,  0.085,  32.57,  0.051,   0.00,  0.033, 109.54,  0.134, 280.72,  0.176, 300.35,  0.130, 324.10,  0.037,  18.92,  0.032,  90.00,  0.008,  29.74,  0.022, 100.30,  0.082, 328.44,-99.000, -99.00,-99.000, -99.00,-99.000, -99.00,-99.000, -99.00,
8/31/2006 09:55:00, 12.1,275.8,  0.6,  3.5, 18.797, 29.08,  0.0,  0.0,  0.066,  84.81,  0.074,  18.19,  0.133, 332.66,  0.078, 342.95,  0.119,  27.42,  0.060, 339.44,  0.086, 354.03,  0.010, 180.00,  0.030,  11.69,  0.054, 343.91,  0.137, 320.03,  0.018, 303.69,  0.078, 348.11,  0.017, 246.37,  0.119, 117.42,  0.039, 340.64,-99.000, -99.00,-99.000, -99.00,-99.000, -99.00,-99.000, -99.00,
8/31/2006 10:00:00, 12.1,275.6,  0.6,  3.5, 18.804, 29.08,  0.0,  0.0,  0.152, 355.49,  0.137, 322.71,  0.123, 349.24,  0.141, 314.43,  0.107, 354.66,  0.112, 280.30,  0.075, 312.84,  0.125, 328.09,  0.077, 310.28,  0.131, 354.73,  0.034, 348.02,  0.113, 250.92,  0.030, 185.71,  0.008,  90.00,  0.074,  59.97,  0.038, 278.97,-99.000, -99.00,-99.000, -99.00,-99.000, -99.00,-99.000, -99.00,
8/31/2006 10:05:00, 12.1,275.8,  0.6,  3.5, 18.805, 29.08,  0.0,  0.0,  0.119, 105.55,  0.106,  25.84,  0.103,  53.69,  0.065,  17.04,  0.074, 353.83,  0.119, 325.24,  0.142,   0.00,  0.038,   8.97,  0.042, 271.36,  0.048, 300.34,  0.020, 345.26,  0.041, 292.83,  0.023, 340.02,  0.068,  62.68,  0.046,  94.97,  0.022,  90.00,-99.000, -99.00,-99.000, -99.00,-99.000, -99.00,-99.000, -99.00,
8/31/2006 10:10:00, 12.1,275.9,  0.6,  3.5, 18.816, 29.08,  0.0,  0.0,  0.044, 262.23,  0.124, 340.25,  0.055, 298.44,  0.087, 320.62,  0.137,   2.09,  0.084, 270.68,  0.119, 337.31,  0.129, 315.31,  0.102, 314.20,  0.086,  10.78,  0.055,  15.80,  0.028, 343.50,  0.068, 310.24,  0.017, 113.63,  0.046, 145.62,  0.114, 169.38,-99.000, -99.00,-99.000, -99.00,-99.000, -99.00,-99.000, -99.00,
8/31/2006 10:15:00, 12.1,275.8,  0.6,  3.5, 18.815, 29.08,  0.0,  0.0,  0.106, 336.59,  0.186, 351.04,  0.168, 353.85,  0.116, 323.03,  0.083, 310.60,  0.026, 355.60,  0.075, 295.20,  0.021, 332.24,  0.081, 331.84,  0.100,  10.97,  0.102, 315.00,  0.020, 153.43,  0.055, 268.96,  0.075, 186.09,  0.071, 150.55,  0.043, 213.69,-99.000, -99.00,-99.000, -99.00,-99.000, -99.00,-99.000, -99.00,
8/31/2006 10:20:00, 12.1,275.9,  0.6,  3.5, 18.817, 29.08,  0.0,  0.0,  0.058, 141.34,  0.103, 325.69,  0.101, 330.89,  0.129, 300.13,  0.071, 301.24,  0.120, 357.14,  0.110, 335.30,  0.116, 331.67,  0.081, 349.38,  0.084, 343.30,  0.031, 275.53,  0.068, 342.10,  0.028, 247.07,  0.020, 296.57,  0.076,  48.18,  0.108, 263.60,-99.000, -99.00,-99.000, -99.00,-99.000, -99.00,-99.000, -99.00,
8/31/2006 10:25:00, 12.1,275.9,  0.6,  3.5, 18.832, 29.08,  0.0,  0.0,  0.069, 298.41,  0.161,   6.42,  0.081, 329.64,  0.065,  46.25,  0.168, 334.20,  0.131, 302.84,  0.037, 353.83,  0.123, 344.38,  0.196, 328.58,  0.099, 346.53,  0.154, 330.44,  0.119, 339.27,  0.086,   4.65,  0.059, 109.65,  0.046,  78.69,  0.032, 226.27,-99.000, -99.00,-99.000, -99.00,-99.000, -99.00,-99.000, -99.00,
8/31/2006 10:30:00, 12.1,275.7,  0.6,  3.5, 18.820, 29.07,  0.0,  0.0,  0.106,  80.80,  0.167, 345.47,  0.091,  31.94,  0.137, 326.89,  0.141, 336.53,  0.109, 326.60,  0.182, 317.90,  0.088, 340.74,  0.071,  43.30,  0.083, 357.93,  0.072, 315.00,  0.116,  18.59,  0.093, 355.70,  0.086,  85.35,  0.082, 113.75,  0.071, 125.26,-99.000, -99.00,-99.000, -99.00,-99.000, -99.00,-99.000, -99.00,
8/31/2006 10:35:00, 12.1,275.7,  0.6,  3.5, 18.836, 29.07,  0.0,  0.0,  0.102,  48.97,  0.173, 343.24,  0.119, 343.39,  0.152, 347.06,  0.114, 325.34,  0.142, 336.85,  0.109,  24.44,  0.140,  10.27,  0.086, 323.00,  0.085, 320.28,  0.097, 341.94,  0.066,  43.15,  0.037,  55.01,  0.015, 317.73,  0.027,  77.01,  0.057, 184.01,-99.000, -99.00,-99.000, -99.00,-99.000, -99.00,-99.000, -99.00,
8/31/2006 10:40:00, 12.1,275.8,  0.6,  3.5, 18.844, 29.06,  0.0,  0.0,  0.118, 235.37,  0.078, 359.27,  0.123,   7.47,  0.061,  32.91,  0.049, 345.68,  0.166, 352.41,  0.139, 354.21,  0.135, 312.30,  0.131, 302.24,  0.053, 353.54,  0.040, 347.01,  0.049, 322.43,  0.066,  92.60,  0.153,  95.26,  0.101,  49.40,  0.070, 189.06,-99.000, -99.00,-99.000, -99.00,-99.000, -99.00,-99.000, -99.00,
8/31/2006 10:45:00, 12.1,275.8,  0.6,  3.5, 18.855, 29.06,  0.0,  0.0,  0.051,  69.44,  0.121,  13.92,  0.176, 309.47,  0.124, 355.39,  0.086, 320.19,  0.125, 322.13,  0.039, 336.04,  0.086, 340.30,  0.178, 334.73,  0.137, 352.87,  0.044,  13.09,  0.139, 338.43,  0.092, 334.83,  0.038,  86.99,  0.019,  86.99,  0.119, 178.07,-99.000, -99.00,-99.000, -99.00,-99.000, -99.00,-99.000, -99.00,
8/31/2006 10:50:00, 12.1,275.8,  0.6,  3.5, 18.854, 29.05,  0.0,  0.0,  0.042, 238.57,  0.123,   4.65,  0.094, 344.64,  0.137, 312.92,  0.110, 344.70,  0.094, 333.43,  0.127, 344.98,  0.175, 332.85,  0.082, 350.88,  0.083, 343.96,  0.120, 299.57,  0.036, 332.02,  0.054, 100.68,  0.029, 356.05,  0.033,  54.87,  0.073, 200.92,-99.000, -99.00,-99.000, -99.00,-99.000, -99.00,-99.000, -99.00,
8/31/2006 10:55:00, 12.1,275.9,  0.6,  3.5, 18.859, 29.05,  0.0,  0.0,  0.073,  97.13,  0.135,   8.07,  0.114,  12.20,  0.155, 314.74,  0.139, 350.06,  0.072, 351.98,  0.094, 319.33,  0.050,   6.84,  0.099,   2.31,  0.081, 358.59,  0.104, 320.48,  0.030, 119.98,  0.038, 286.99,  0.051,  85.52,  0.108,  87.88,  0.059, 164.32,-99.000, -99.00,-99.000, -99.00,-99.000, -99.00,-99.000, -99.00,
8/31/2006 11:00:00, 12.1,275.9,  0.6,  3.5, 18.864, 29.05,  0.0,  0.0,  0.074, 254.27,  0.176, 308.76,  0.116, 329.89,  0.060,   5.71,  0.138,   2.08,  0.129, 315.63,  0.099, 326.15,  0.140, 319.04,  0.072, 355.24,  0.070, 309.81,  0.092, 341.57,  0.067, 327.26,  0.058,  84.09,  0.021, 188.13,  0.107,  81.95,  0.111, 106.80,-99.000, -99.00,-99.000, -99.00,-99.000, -99.00,-99.000, -99.00,
8/31/2006 11:05:00, 12.1,275.8,  0.6,  3.5, 18.869, 29.05,  0.0,  0.0,  0.117, 339.56,  0.118,  15.68,  0.143, 340.43,  0.121,   5.24,  0.109, 323.24,  0.142, 303.24,  0.112, 330.45,  0.119, 323.90,  0.119,   1.93,  0.114,  27.01,  0.092, 322.51,  0.067, 320.41,  0.007,  90.00,  0.018, 196.39,  0.011, 326.31,  0.159, 250.20,-99.000, -99.00,-99.000, -99.00,-99.000, -99.00,-99.000, -99.00,
8/31/2006 11:10:00, 12.1,275.9,  0.6,  3.5, 18.874, 29.05,  0.0,  0.0,  0.093, 341.18,  0.160,   1.07,  0.169, 320.76,  0.130, 317.49,  0.197, 338.90,  0.154, 323.20,  0.115, 335.43,  0.021, 280.78,  0.085, 325.56,  0.119, 356.63,  0.130, 302.10,  0.045, 305.10,  0.101, 299.11,  0.028, 343.50,  0.048, 356.42,  0.079, 197.74,-99.000, -99.00,-99.000, -99.00,-99.000, -99.00,-99.000, -99.00,
8/31/2006 11:15:00, 12.1,275.8,  0.6,  3.5, 18.876, 29.04,  0.0,  0.0,  0.054, 332.49,  0.206, 343.06,  0.100, 319.46,  0.172,   0.33,  0.212, 356.49,  0.112, 334.12,  0.022,   2.60,  0.068, 313.81,  0.093, 313.26,  0.096, 296.57,  0.175, 299.05,  0.047, 296.57,  0.121, 257.57,  0.098, 267.08,  0.016, 322.43,  0.126, 227.57,-99.000, -99.00,-99.000, -99.00,-99.000, -99.00,-99.000, -99.00,
8/31/2006 11:20:00, 12.1,275.8,  0.6,  3.5, 18.885, 29.04,  0.0,  0.0,  0.124, 342.15,  0.163, 314.75,  0.103, 293.34,  0.171, 335.53,  0.131, 332.85,  0.150, 356.57,  0.046, 308.85,  0.094, 317.15,  0.146, 335.72,  0.094,   5.47,  0.078, 300.20,  0.179, 304.31,  0.163, 301.75,  0.088, 293.37,  0.110, 263.20,  0.174, 225.00,-99.000, -99.00,-99.000, -99.00,-99.000, -99.00,-99.000, -99.00,
8/31/2006 11:25:00, 12.1,275.8,  0.6,  3.5, 18.887, 29.05,  0.0,  0.0,  0.060,  54.46,  0.158,   5.10,  0.115, 347.91,  0.168, 331.91,  0.099, 345.96,  0.112, 320.06,  0.166, 288.65,  0.099, 310.91,  0.147, 344.16,  0.134, 327.50,  0.099, 353.60,  0.152, 326.52,  0.156, 302.47,  0.043, 330.42,  0.015, 336.80,  0.063, 192.93,-99.000, -99.00,-99.000, -99.00,-99.000, -99.00,-99.000, -99.00,
8/31/2006 11:30:00, 12.1,275.9,  0.6,  3.5, 18.895, 29.05,  0.0,  0.0,  0.059,  27.00,  0.037, 290.38,  0.084, 312.59,  0.155, 320.76,  0.199, 327.11,  0.091, 323.00,  0.158, 331.65,  0.126, 328.33,  0.122,  10.85,  0.141, 335.79,  0.160, 299.92,  0.114, 318.91,  0.144, 303.36,  0.088, 345.49,  0.081, 342.69,  0.112, 230.06,-99.000, -99.00,-99.000, -99.00,-99.000, -99.00,-99.000, -99.00,
8/31/2006 11:35:00, 12.1,275.9,  0.6,  3.5, 18.907, 29.05,  0.0,  0.0,  0.103, 314.22,  0.144, 320.65,  0.159, 326.01,  0.098, 331.34,  0.158, 286.59,  0.083, 291.29,  0.036, 342.07,  0.090, 299.98,  0.129, 322.86,  0.112, 302.28,  0.100, 301.94,  0.134, 310.46,  0.161, 292.59,  0.170, 295.36,  0.156, 317.60,  0.105, 188.21,-99.000, -99.00,-99.000, -99.00,-99.000, -99.00,-99.000, -99.00,
8/31/2006 11:40:00, 12.1,276.0,  0.6,  3.4, 18.911, 29.05,  0.0,  0.0,  0.123, 293.44,  0.183, 309.69,  0.131, 297.74,  0.214, 312.54,  0.183, 306.12,  0.201, 311.16,  0.165, 321.88,  0.165, 324.87,  0.122, 329.04,  0.138, 315.88,  0.122, 313.00,  0.133, 309.20,  0.200, 284.45,  0.143, 281.31,  0.092, 355.03,  0.127, 229.15,-99.000, -99.00,-99.000, -99.00,-99.000, -99.00,-99.000, -99.00,
8/31/2006 11:45:00, 12.1,275.9,  0.6,  3.5, 18.930, 29.05,  0.0,  0.0,  0.105, 285.49,  0.193, 345.32,  0.133, 315.00,  0.227, 324.14,  0.195, 275.30,  0.203, 306.19,  0.124, 285.38,  0.132, 315.00,  0.118, 318.77,  0.125, 305.22,  0.208, 313.05,  0.174, 305.88,  0.180, 305.98,  0.188, 305.89,  0.095, 335.06,  0.138, 220.60,-99.000, -99.00,-99.000, -99.00,-99.000, -99.00,-99.000, -99.00,
8/31/2006 11:50:00, 12.1,275.9,  0.6,  3.5, 18.923, 29.05,  0.0,  0.0,  0.056, 291.99,  0.155,   9.64,  0.124, 320.25,  0.243, 312.50,  0.136, 312.02,  0.167, 295.49,  0.093, 330.95,  0.158, 318.85,  0.198, 314.18,  0.175, 313.84,  0.195, 291.96,  0.218, 292.68,  0.246, 289.25,  0.144, 303.36,  0.112, 325.18,  0.188, 202.48,-99.000, -99.00,-99.000, -99.00,-99.000, -99.00,-99.000, -99.00,
8/31/2006 11:55:00, 12.1,275.9,  0.6,  3.5, 18.929, 29.06,  0.0,  0.0,  0.053, 308.16,  0.122, 325.01,  0.117, 348.69,  0.171, 325.75,  0.194, 330.40,  0.147, 306.17,  0.137, 304.27,  0.150, 308.24,  0.126, 314.36,  0.111, 293.33,  0.138, 290.41,  0.137, 318.54,  0.169, 323.67,  0.192, 303.77,  0.134, 298.47,  0.074, 235.45,-99.000, -99.00,-99.000, -99.00,-99.000, -99.00,-99.000, -99.00,
8/31/2006 12:00:00, 12.1,275.8,  0.6,  3.5, 18.934, 29.06,  0.0,  0.0,  0.073, 286.70,  0.199, 319.68,  0.168, 314.76,  0.226, 320.03,  0.233, 300.42,  0.200, 309.51,  0.176, 298.17,  0.155, 316.31,  0.160, 287.87,  0.214, 274.83,  0.164, 287.77,  0.180, 305.98,  0.249, 303.88,  0.195, 303.69,  0.175, 299.50,  0.180, 268.09,-99.000, -99.00,-99.000, -99.00,-99.000, -99.00,-99.000, -99.00,
8/31/2006 12:05:00, 12.1,275.9,  0.6,  3.5, 18.931, 29.07,  0.0,  0.0,  0.093, 342.54,  0.166, 312.06,  0.126, 297.99,  0.176, 303.42,  0.149, 317.18,  0.214, 315.95,  0.171, 308.82,  0.227, 290.91,  0.233, 307.51,  0.253, 309.86,  0.186, 324.61,  0.157, 301.97,  0.150, 309.32,  0.093, 302.33,  0.167, 334.82,  0.136, 237.59,-99.000, -99.00,-99.000, -99.00,-99.000, -99.00,-99.000, -99.00,
8/31/2006 12:10:00, 12.1,275.9,  0.6,  3.5, 18.936, 29.07,  0.0,  0.0,  0.065,  24.59,  0.214, 315.00,  0.179, 317.94,  0.185, 318.73,  0.136, 320.95,  0.179, 307.96,  0.113, 312.14,  0.117, 317.07,  0.072, 335.56,  0.210, 300.35,  0.234, 303.69,  0.207, 318.14,  0.234, 321.95,  0.152, 311.01,  0.155, 317.35,  0.086, 302.22,-99.000, -99.00,-99.000, -99.00,-99.000, -99.00,-99.000, -99.00,
8/31/2006 12:15:00, 12.1,275.9,  0.6,  3.5, 18.936, 29.07,  0.0,  0.0,  0.090, 343.79,  0.084, 330.68,  0.153, 342.87,  0.103, 338.40,  0.209, 316.75,  0.155, 297.72,  0.202, 286.73,  0.171, 283.87,  0.170, 267.31,  0.202, 290.32,  0.235, 296.78,  0.162, 321.51,  0.165, 328.92,  0.210, 336.73,  0.204, 327.64,  0.170, 279.79,-99.000, -99.00,-99.000, -99.00,-99.000, -99.00,-99.000, -99.00,
8/31/2006 12:20:00, 12.1,275.8,  0.6,  3.5, 18.950, 29.08,  0.0,  0.0,  0.073, 228.89,  0.154, 336.26,  0.174, 351.08,  0.285, 315.43,  0.162, 323.27,  0.173, 304.61,  0.193, 285.05,  0.226, 294.53,  0.197, 300.86,  0.192, 289.19,  0.166, 301.97,  0.142, 328.21,  0.183, 303.17,  0.192, 316.90,  0.170, 309.76,  0.115, 240.99,-99.000, -99.00,-99.000, -99.00,-99.000, -99.00,-99.000, -99.00,
8/31/2006 12:25:00, 12.1,275.9,  0.6,  3.5, 18.952, 29.08,  0.0,  0.0,  0.122,  11.31,  0.168, 353.17,  0.104, 318.50,  0.111, 329.74,  0.186, 291.46,  0.163, 309.26,  0.200, 311.97,  0.172, 295.08,  0.161, 297.36,  0.180, 289.44,  0.115, 302.16,  0.234, 315.87,  0.221, 319.76,  0.210, 303.92,  0.253, 295.76,  0.034, 275.04,-99.000, -99.00,-99.000, -99.00,-99.000, -99.00,-99.000, -99.00,
8/31/2006 12:30:00, 12.1,276.0,  0.6,  3.5, 18.958, 29.08,  0.0,  0.0,  0.124,  15.38,  0.143, 323.53,  0.187, 291.63,  0.156, 305.32,  0.169, 278.51,  0.164, 287.77,  0.211, 285.09,  0.204, 294.05,  0.177, 276.48,  0.103, 270.56,  0.163, 301.75,  0.217, 311.83,  0.217, 320.06,  0.257, 311.06,  0.205, 316.19,  0.103, 245.42,-99.000, -99.00,-99.000, -99.00,-99.000, -99.00,-99.000, -99.00,
8/31/2006 12:35:00, 12.1,275.8,  0.6,  3.5, 18.965, 29.08,  0.0,  0.0,  0.117, 313.96,  0.140, 317.89,  0.299, 316.76,  0.164, 297.19,  0.205, 295.07,  0.172, 280.07,  0.219, 272.35,  0.115, 272.99,  0.204, 279.60,  0.248, 267.46,  0.181, 276.34,  0.192, 284.47,  0.249, 299.86,  0.093, 311.07,  0.192, 312.25,  0.106, 279.82,-99.000, -99.00,-99.000, -99.00,-99.000, -99.00,-99.000, -99.00,
8/31/2006 12:40:00, 12.1,275.9,  0.6,  3.5, 18.973, 29.09,  0.0,  0.0,  0.099, 354.81,  0.177, 302.79,  0.130, 312.18,  0.151, 320.92,  0.214, 309.87,  0.190, 286.24,  0.176, 283.48,  0.180, 271.59,  0.311, 283.77,  0.259, 274.87,  0.220, 282.59,  0.185, 302.40,  0.139, 306.79,  0.245, 300.96,  0.206, 295.94,  0.114, 214.66,-99.000, -99.00,-99.000, -99.00,-99.000, -99.00,-99.000, -99.00,
8/31/2006 12:45:00, 12.1,275.9,  0.6,  3.5, 18.970, 29.09,  0.0,  0.0,  0.131, 337.55,  0.216, 331.18,  0.273, 321.83,  0.192, 303.77,  0.175, 309.89,  0.239, 270.00,  0.181, 281.81,  0.143, 312.73,  0.197, 296.18,  0.195, 296.57,  0.186, 298.91,  0.180, 313.88,  0.198, 302.40,  0.199, 305.37,  0.202, 315.20,  0.113, 230.39,-99.000, -99.00,-99.000, -99.00,-99.000, -99.00,-99.000, -99.00,
8/31/2006 12:50:00, 12.1,275.9,  0.6,  3.5, 18.965, 29.10,  0.0,  0.0,  0.090, 336.55,  0.169, 295.96,  0.174, 310.10,  0.221, 308.38,  0.220, 311.31,  0.162, 291.80,  0.185, 295.60,  0.288, 303.80,  0.270, 315.30,  0.272, 292.23,  0.173, 291.37,  0.232, 285.47,  0.240, 311.12,  0.238, 322.70,  0.282, 312.12,  0.113, 255.10,-99.000, -99.00,-99.000, -99.00,-99.000, -99.00,-99.000, -99.00,
8/31/2006 12:55:00, 12.1,275.8,  0.6,  3.5, 18.983, 29.10,  0.0,  0.0,  0.169, 318.11,  0.197, 317.26,  0.224, 308.30,  0.275, 306.58,  0.206, 306.93,  0.116, 285.00,  0.245, 314.83,  0.208, 290.88,  0.178, 287.01,  0.298, 296.91,  0.209, 294.24,  0.203, 289.60,  0.202, 287.54,  0.167, 279.29,  0.168, 298.86,  0.154, 225.53,-99.000, -99.00,-99.000, -99.00,-99.000, -99.00,-99.000, -99.00,
8/31/2006 13:00:00, 12.1,275.9,  0.6,  3.5, 18.981, 29.11,  0.0,  0.0,  0.145, 303.14,  0.176, 298.45,  0.196, 295.39,  0.203, 302.51,  0.205, 277.58,  0.209, 291.90,  0.204, 272.53,  0.238, 279.19,  0.174, 276.59,  0.234, 271.71,  0.213, 282.21,  0.164, 299.22,  0.165, 319.44,  0.173, 307.00,  0.133, 290.76,  0.170, 232.66,-99.000, -99.00,-99.000, -99.00,-99.000, -99.00,-99.000, -99.00,
8/31/2006 13:05:00, 12.1,275.7,  0.6,  3.5, 18.990, 29.11,  0.0,  0.0,  0.128, 350.98,  0.250, 330.06,  0.200, 328.94,  0.276, 330.93,  0.223, 325.03,  0.234, 306.67,  0.117, 315.35,  0.204, 298.70,  0.146, 264.88,  0.069, 290.27,  0.140, 304.26,  0.149, 294.16,  0.227, 281.41,  0.148, 282.07,  0.139, 293.79,  0.172, 276.67,-99.000, -99.00,-99.000, -99.00,-99.000, -99.00,-99.000, -99.00,
8/31/2006 13:10:00, 12.1,276.0,  0.6,  3.5, 18.987, 29.12,  0.0,  0.0,  0.194, 327.21,  0.207, 325.85,  0.128, 342.27,  0.161, 303.89,  0.153, 311.82,  0.110, 298.90,  0.239, 294.96,  0.234, 280.83,  0.229, 290.97,  0.183, 307.68,  0.222, 298.18,  0.207, 294.58,  0.260, 297.26,  0.218, 298.44,  0.213, 305.26,  0.199, 265.38,-99.000, -99.00,-99.000, -99.00,-99.000, -99.00,-99.000, -99.00,
8/31/2006 13:15:00, 12.1,275.8,  0.6,  3.5, 18.993, 29.12,  0.0,  0.0,  0.208, 323.02,  0.186, 316.96,  0.133, 330.15,  0.123, 283.59,  0.187, 289.02,  0.144, 312.46,  0.172, 290.01,  0.258, 292.79,  0.159, 294.15,  0.260, 297.94,  0.189, 286.90,  0.310, 285.51,  0.253, 280.47,  0.191, 282.07,  0.194, 278.59,  0.186, 257.24,-99.000, -99.00,-99.000, -99.00,-99.000, -99.00,-99.000, -99.00,
8/31/2006 13:20:00, 12.1,275.8,  0.6,  3.5, 18.995, 29.12,  0.0,  0.0,  0.147, 355.72,  0.116, 328.36,  0.193, 324.91,  0.175, 344.05,  0.116, 310.44,  0.100, 270.00,  0.188, 303.94,  0.172, 305.07,  0.237, 277.75,  0.123, 306.40,  0.107, 286.24,  0.208, 289.39,  0.213, 279.73,  0.236, 287.28,  0.203, 299.22,  0.139, 247.66,-99.000, -99.00,-99.000, -99.00,-99.000, -99.00,-99.000, -99.00,
8/31/2006 13:25:00, 12.1,275.9,  0.6,  3.5, 19.000, 29.13,  0.0,  0.0,  0.144, 338.42,  0.254, 324.44,  0.155, 354.07,  0.155, 311.08,  0.201, 329.48,  0.111, 326.74,  0.138, 302.54,  0.189, 296.70,  0.227, 291.15,  0.155, 288.43,  0.193, 289.65,  0.252, 283.98,  0.238, 292.79,  0.200, 300.03,  0.267, 295.51,  0.049, 291.37,-99.000, -99.00,-99.000, -99.00,-99.000, -99.00,-99.000, -99.00,
8/31/2006 13:30:00, 12.1,275.9,  0.6,  3.5, 18.996, 29.13,  0.0,  0.0,  0.223, 310.82,  0.167, 302.55,  0.181, 306.93,  0.121, 303.56,  0.163, 307.01,  0.177, 288.74,  0.258, 299.94,  0.194, 301.07,  0.233, 291.62,  0.246, 300.84,  0.268, 294.75,  0.210, 302.93,  0.200, 293.61,  0.293, 283.42,  0.231, 284.52,  0.098, 228.32,-99.000, -99.00,-99.000, -99.00,-99.000, -99.00,-99.000, -99.00,
8/31/2006 13:35:00, 12.1,275.8,  0.6,  3.5, 19.006, 29.13,  0.0,  0.0,  0.059, 172.15,  0.182, 328.23,  0.193, 306.99,  0.244, 350.81,  0.231, 349.76,  0.252, 327.13,  0.116, 341.41,  0.186, 324.43,  0.138, 352.93,  0.150, 327.79,  0.106, 352.41,  0.172, 322.07,  0.197, 288.34,  0.188, 306.99,  0.145, 314.16,  0.078, 228.12,-99.000, -99.00,-99.000, -99.00,-99.000, -99.00,-99.000, -99.00,
8/31/2006 13:40:00, 12.1,275.9,  0.6,  3.5, 18.996, 29.14,  0.0,  0.0,  0.109, 353.14,  0.081, 333.75,  0.247, 328.56,  0.152, 341.21,  0.175, 308.51,  0.159, 304.49,  0.143, 304.47,  0.175, 299.79,  0.233, 290.30,  0.325, 281.34,  0.151, 288.56,  0.134, 305.59,  0.187, 319.57,  0.122, 291.10,  0.177, 284.04,  0.145, 231.71,-99.000, -99.00,-99.000, -99.00,-99.000, -99.00,-99.000, -99.00,
8/31/2006 13:45:00, 12.1,275.9,  0.6,  3.5, 19.015, 29.14,  0.0,  0.0,  0.088, 327.58,  0.183, 287.45,  0.122, 296.77,  0.132, 289.54,  0.283, 299.64,  0.152, 304.84,  0.141, 290.75,  0.164, 297.19,  0.072, 305.91,  0.182, 297.41,  0.168, 265.55,  0.234, 259.65,  0.165, 256.72,  0.211, 268.10,  0.100, 298.11,  0.078, 260.42,-99.000, -99.00,-99.000, -99.00,-99.000, -99.00,-99.000, -99.00,
8/31/2006 13:50:00, 12.1,275.8,  0.6,  3.5, 19.020, 29.15,  0.0,  0.0,  0.047, 297.65,  0.146, 309.45,  0.163, 347.24,  0.162, 346.05,  0.144, 316.41,  0.160, 327.50,  0.170, 315.71,  0.280, 326.82,  0.321, 322.09,  0.231, 307.27,  0.169, 311.15,  0.168, 309.46,  0.244, 300.56,  0.250, 281.31,  0.165, 310.83,  0.242, 325.26,-99.000, -99.00,-99.000, -99.00,-99.000, -99.00,-99.000, -99.00,
8/31/2006 13:55:00, 12.1,275.9,  0.6,  3.5, 19.019, 29.15,  0.0,  0.0,  0.050, 196.26,  0.210, 346.49,  0.166, 333.13,  0.112, 321.90,  0.109, 336.73,  0.031,   0.00,  0.178, 334.44,  0.199, 324.80,  0.141, 304.93,  0.126, 329.97,  0.178, 307.26,  0.130, 313.13,  0.152, 313.14,  0.111, 314.64,  0.133, 295.41,  0.221, 283.09,-99.000, -99.00,-99.000, -99.00,-99.000, -99.00,-99.000, -99.00,
8/31/2006 14:00:00, 12.1,275.9,  0.6,  3.5, 19.003, 29.16,  0.0,  0.0,  0.109,  34.56,  0.207, 303.77,  0.165, 293.15,  0.101, 289.16,  0.148, 304.23,  0.174, 330.34,  0.100, 288.62,  0.136, 304.51,  0.153, 307.84,  0.190, 291.02,  0.170, 280.52,  0.106, 316.53,  0.231, 297.90,  0.185, 295.32,  0.177, 294.39,  0.067, 305.34,-99.000, -99.00,-99.000, -99.00,-99.000, -99.00,-99.000, -99.00,
8/31/2006 14:05:00, 12.1,275.8,  0.6,  3.5, 19.001, 29.17,  0.0,  0.0,  0.173, 313.83,  0.117,   5.91,  0.146,   0.00,  0.225, 343.74,  0.071,   0.81,  0.105, 323.89,  0.119, 322.84,  0.182, 289.63,  0.185, 298.36,  0.175, 296.13,  0.228, 288.43,  0.156, 284.48,  0.145, 260.08,  0.158, 282.80,  0.153, 311.29,  0.087, 317.33,-99.000, -99.00,-99.000, -99.00,-99.000, -99.00,-99.000, -99.00,
8/31/2006 14:10:00, 12.1,275.8,  0.6,  3.5, 19.007, 29.17,  0.0,  0.0,  0.066, 307.04,  0.096, 343.07,  0.195, 342.40,  0.127, 337.86,  0.094, 319.73,  0.178, 313.18,  0.158, 290.05,  0.217, 296.57,  0.224, 305.18,  0.165, 314.26,  0.189, 292.76,  0.221, 288.43,  0.177, 284.04,  0.227, 284.53,  0.166, 296.10,  0.104, 298.04,-99.000, -99.00,-99.000, -99.00,-99.000, -99.00,-99.000, -99.00,
8/31/2006 14:15:00, 12.0,276.1,  0.6,  3.5, 19.008, 29.18,  0.0,  0.0,  0.100, 340.11,  0.169, 298.23,  0.162, 317.25,  0.249, 303.05,  0.231, 314.82,  0.120, 343.07,  0.088, 314.08,  0.265, 300.33,  0.217, 270.79,  0.247, 267.22,  0.288, 271.19,  0.217, 273.43,  0.212, 271.62,  0.210, 255.63,  0.226, 274.83,  0.138, 272.90,-99.000, -99.00,-99.000, -99.00,-99.000, -99.00,-99.000, -99.00,
8/31/2006 14:20:00, 12.0,275.9,  0.6,  3.5, 19.005, 29.18,  0.0,  0.0,  0.063, 261.74,  0.128, 262.38,  0.165, 280.83,  0.148, 273.09,  0.094, 282.86,  0.135, 323.13,  0.129, 313.11,  0.244, 300.88,  0.148, 319.65,  0.149, 343.26,  0.127, 329.81,  0.131, 319.97,  0.201, 295.03,  0.166, 307.91,  0.149, 297.60,  0.109, 283.78,-99.000, -99.00,-99.000, -99.00,-99.000, -99.00,-99.000, -99.00,
8/31/2006 14:25:00, 12.0,276.0,  0.6,  3.5, 19.019, 29.19,  0.0,  0.0,  0.126, 349.94,  0.130, 310.31,  0.207, 300.77,  0.143, 324.09,  0.172, 324.93,  0.092, 339.01,  0.187, 329.04,  0.128, 323.58,  0.176, 334.45,  0.168, 314.27,  0.150, 325.89,  0.126, 279.16,  0.153, 283.58,  0.106, 301.89,  0.184, 302.57,  0.162, 294.50,-99.000, -99.00,-99.000, -99.00,-99.000, -99.00,-99.000, -99.00,
8/31/2006 14:30:00, 12.0,275.8,  0.6,  3.5, 19.013, 29.20,  0.0,  0.0,  0.094, 265.14,  0.092, 307.49,  0.148, 253.89,  0.198, 289.81,  0.216, 288.60,  0.190, 282.43,  0.176, 292.34,  0.227, 276.84,  0.207, 272.77,  0.206, 268.89,  0.205, 280.11,  0.211, 289.98,  0.229, 295.11,  0.208, 312.27,  0.226, 302.70,  0.113, 291.33,-99.000, -99.00,-99.000, -99.00,-99.000, -99.00,-99.000, -99.00,
8/31/2006 14:35:00, 12.0,275.8,  0.6,  3.5, 19.020, 29.20,  0.0,  0.0,  0.078, 267.80,  0.062, 252.15,  0.086, 281.44,  0.127, 317.54,  0.205, 297.56,  0.176, 294.82,  0.154, 284.31,  0.212, 299.11,  0.126, 327.32,  0.172, 348.95,  0.158, 335.38,  0.120, 345.50,  0.169, 318.59,  0.171, 312.16,  0.166, 310.60,  0.090, 357.46,-99.000, -99.00,-99.000, -99.00,-99.000, -99.00,-99.000, -99.00,
8/31/2006 14:40:00, 12.0,276.0,  0.6,  3.4, 19.014, 29.21,  0.0,  0.0,  0.066, 187.88,  0.142, 333.62,  0.140, 289.98,  0.138, 323.55,  0.102, 285.95,  0.134, 304.99,  0.237, 289.96,  0.248, 296.57,  0.166, 312.32,  0.125, 324.41,  0.143, 333.79,  0.182, 304.04,  0.180, 291.45,  0.197, 269.13,  0.146, 286.32,  0.071, 311.57,-99.000, -99.00,-99.000, -99.00,-99.000, -99.00,-99.000, -99.00,
8/31/2006 14:45:00, 12.0,275.8,  0.6,  3.5, 19.010, 29.22,  0.0,  0.0,  0.181, 266.84,  0.095, 296.83,  0.197, 311.71,  0.146, 316.67,  0.166, 318.42,  0.107, 297.28,  0.159, 308.10,  0.215, 282.36,  0.247, 294.39,  0.182, 293.61,  0.187, 280.47,  0.185, 284.41,  0.222, 303.05,  0.151, 313.39,  0.170, 307.61,  0.124, 288.87,-99.000, -99.00,-99.000, -99.00,-99.000, -99.00,-99.000, -99.00,
8/31/2006 14:50:00, 12.0,275.9,  0.6,  3.5, 19.005, 29.22,  0.0,  0.0,  0.142, 182.82,  0.117, 270.98,  0.108, 307.83,  0.050, 292.44,  0.177, 323.97,  0.127, 313.09,  0.086, 312.63,  0.075, 333.78,  0.081, 278.53,  0.122, 273.28,  0.169, 332.98,  0.191, 314.58,  0.195, 301.57,  0.143, 284.62,  0.200, 294.25,  0.064, 306.69,-99.000, -99.00,-99.000, -99.00,-99.000, -99.00,-99.000, -99.00,
8/31/2006 14:55:00, 12.0,275.9,  0.6,  3.5, 18.999, 29.22,  0.0,  0.0,  0.122, 217.34,  0.144, 329.17,  0.151, 324.73,  0.150, 316.62,  0.127, 335.85,  0.155, 322.09,  0.162, 321.51,  0.161, 332.16,  0.144, 314.72,  0.145, 335.03,  0.211, 304.75,  0.217, 323.60,  0.200, 302.74,  0.209, 299.51,  0.160, 294.33,  0.052, 268.90,-99.000, -99.00,-99.000, -99.00,-99.000, -99.00,-99.000, -99.00,
8/31/2006 15:00:00, 12.0,275.8,  0.6,  3.5, 19.011, 29.21,  0.0,  0.0,  0.080, 285.26,  0.232, 322.88,  0.226, 329.34,  0.251, 329.04,  0.152, 334.62,  0.209, 332.09,  0.261, 331.37,  0.271, 317.54,  0.150, 310.39,  0.144, 320.65,  0.144, 319.23,  0.068, 292.43,  0.183, 306.56,  0.197, 300.47,  0.147, 300.76,  0.091, 322.62,-99.000, -99.00,-99.000, -99.00,-99.000, -99.00,-99.000, -99.00,
8/31/2006 15:05:00, 12.0,275.9,  0.6,  3.5, 19.002, 29.22,  0.0,  0.0,  0.113, 196.50,  0.204, 295.81,  0.094, 313.71,  0.132, 294.62,  0.138, 312.36,  0.185, 324.68,  0.122, 313.67,  0.104, 304.00,  0.213, 298.37,  0.134, 311.07,  0.151, 313.93,  0.130, 276.19,  0.194, 283.75,  0.203, 296.31,  0.216, 290.87,  0.245, 298.76,-99.000, -99.00,-99.000, -99.00,-99.000, -99.00,-99.000, -99.00,
8/31/2006 15:10:00, 12.0,275.8,  0.6,  3.5, 19.001, 29.22,  0.0,  0.0,  0.166, 259.91,  0.063, 353.66,  0.132, 323.30,  0.115, 278.97,  0.134, 309.53,  0.082, 299.05,  0.120, 281.50,  0.165, 271.04,  0.195, 291.31,  0.152, 297.41,  0.144, 316.41,  0.133, 353.52,  0.238, 359.04,  0.246, 348.51,  0.201, 358.01,  0.299,  11.76,-99.000, -99.00,-99.000, -99.00,-99.000, -99.00,-99.000, -99.00,
8/31/2006 15:15:00, 12.0,275.8,  0.6,  3.4, 19.004, 29.22,  0.0,  0.0,  0.076, 167.06,  0.204, 325.38,  0.084, 297.79,  0.202, 327.72,  0.186, 308.47,  0.141, 281.87,  0.120, 285.42,  0.152, 305.89,  0.209, 308.02,  0.128, 287.30,  0.042, 344.98,  0.085, 102.89,  0.296,  98.73,  0.371, 109.51,  0.227, 108.20,  0.211, 105.68,-99.000, -99.00,-99.000, -99.00,-99.000, -99.00,-99.000, -99.00,
8/31/2006 15:20:00, 12.0,275.8,  0.6,  3.5, 18.995, 29.22,  0.0,  0.0,  0.030, 241.70,  0.127, 296.16,  0.208, 322.63,  0.067, 294.66,  0.144, 327.19,  0.099, 341.75,  0.217, 329.17,  0.209, 323.57,  0.183, 289.13,  0.202, 296.18,  0.149, 286.00,  0.203, 303.53,  0.094, 285.36,  0.232, 285.78,  0.224, 286.58,  0.047, 272.44,-99.000, -99.00,-99.000, -99.00,-99.000, -99.00,-99.000, -99.00,
8/31/2006 15:25:00, 12.0,275.9,  0.6,  3.5, 18.990, 29.22,  0.0,  0.0,  0.089, 334.01,  0.176, 305.76,  0.103, 340.16,  0.165, 295.94,  0.177, 269.68,  0.168, 264.87,  0.170, 282.57,  0.226, 273.80,  0.162, 280.34,  0.179, 285.90,  0.191, 270.60,  0.176, 268.05,  0.229, 274.76,  0.235, 262.42,  0.177, 260.22,  0.080, 251.79,-99.000, -99.00,-99.000, -99.00,-99.000, -99.00,-99.000, -99.00,
8/31/2006 15:30:00, 12.0,275.8,  0.6,  3.5, 19.004, 29.22,  0.0,  0.0,  0.042, 180.00,  0.134, 302.50,  0.135, 325.25,  0.062, 267.23,  0.087, 286.76,  0.076, 253.23,  0.155, 282.69,  0.162, 271.06,  0.180, 276.06,  0.205, 285.52,  0.226, 260.58,  0.230, 254.64,  0.314, 258.22,  0.257, 254.88,  0.191, 282.37,  0.030, 316.33,-99.000, -99.00,-99.000, -99.00,-99.000, -99.00,-99.000, -99.00,
8/31/2006 15:35:00, 12.0,275.8,  0.6,  3.5, 18.997, 29.24,  0.0,  0.0,  0.034, 180.00,  0.137, 307.87,  0.269, 341.36,  0.251, 328.53,  0.210, 332.83,  0.196, 287.79,  0.221, 309.67,  0.235, 321.04,  0.156, 309.52,  0.254, 310.53,  0.207, 299.92,  0.178, 283.96,  0.154, 284.67,  0.240, 298.38,  0.154, 308.66,  0.047, 291.12,-99.000, -99.00,-99.000, -99.00,-99.000, -99.00,-99.000, -99.00,
8/31/2006 15:40:00, 12.0,275.7,  0.6,  3.5, 18.992, 29.25,  0.0,  0.0,  0.021, 202.83,  0.096,   0.60,  0.054,   3.18,  0.155, 313.17,  0.151, 329.36,  0.080, 342.47,  0.162, 327.88,  0.141, 359.59,  0.118,   0.00,  0.094, 311.99,  0.117, 287.35,  0.164, 298.44,  0.218, 288.19,  0.232, 286.25,  0.242, 295.19,  0.090, 240.88,-99.000, -99.00,-99.000, -99.00,-99.000, -99.00,-99.000, -99.00,
8/31/2006 15:45:00, 12.0,275.9,  0.6,  3.5, 18.985, 29.26,  0.0,  0.0,  0.079,  50.66,  0.172, 327.61,  0.068, 336.47,  0.094, 348.33,  0.073, 340.08,  0.158, 308.83,  0.210, 331.00,  0.178, 303.33,  0.126, 290.87,  0.249, 291.20,  0.212, 307.14,  0.149, 289.16,  0.122, 284.72,  0.182, 292.33,  0.100, 302.74,  0.037, 260.79,-99.000, -99.00,-99.000, -99.00,-99.000, -99.00,-99.000, -99.00,
8/31/2006 15:50:00, 12.0,276.1,  0.6,  3.5, 18.990, 29.27,  0.0,  0.0,  0.081, 224.50,  0.113, 303.83,  0.126, 327.95,  0.137, 317.36,  0.077, 334.76,  0.201, 299.89,  0.177, 329.37,  0.152, 330.40,  0.191, 302.20,  0.145, 266.05,  0.187, 289.70,  0.136, 288.43,  0.107, 287.93,  0.204, 291.28,  0.213, 286.91,  0.055, 211.68,-99.000, -99.00,-99.000, -99.00,-99.000, -99.00,-99.000, -99.00,
8/31/2006 15:55:00, 12.0,275.8,  0.6,  3.5, 18.979, 29.27,  0.0,  0.0,  0.103, 207.81,  0.093, 316.31,  0.124, 314.02,  0.140, 301.53,  0.144, 327.19,  0.185, 328.45,  0.100, 294.25,  0.126, 273.18,  0.223, 313.91,  0.176, 304.59,  0.115, 282.09,  0.213, 298.85,  0.199, 279.27,  0.158, 270.00,  0.196, 281.48,  0.115, 253.78,-99.000, -99.00,-99.000, -99.00,-99.000, -99.00,-99.000, -99.00,
8/31/2006 16:00:00, 12.0,276.1,  0.6,  3.5, 18.989, 29.27,  0.0,  0.0,  0.111, 210.96,  0.041, 306.03,  0.138, 322.38,  0.135, 299.22,  0.215, 308.58,  0.148, 268.84,  0.111, 303.98,  0.090, 317.25,  0.133, 262.23,  0.177, 261.23,  0.182, 273.46,  0.139, 264.62,  0.123, 257.77,  0.189, 242.62,  0.117, 281.79,  0.070, 277.43,-99.000, -99.00,-99.000, -99.00,-99.000, -99.00,-99.000, -99.00,
8/31/2006 16:05:00, 12.0,275.9,  0.6,  3.5, 18.981, 29.27,  0.0,  0.0,  0.044, 159.90,  0.097, 270.00,  0.036, 217.18,  0.155, 298.88,  0.143, 292.25,  0.127, 296.77,  0.081, 287.99,  0.178, 309.52,  0.222, 297.60,  0.203, 286.92,  0.039, 313.96,  0.192, 281.72,  0.185, 278.39,  0.121, 296.99,  0.149, 302.09,  0.071, 241.26,-99.000, -99.00,-99.000, -99.00,-99.000, -99.00,-99.000, -99.00,
8/31/2006 16:10:00, 12.0,275.9,  0.6,  3.5, 18.972, 29.27,  0.0,  0.0,  0.116, 220.12,  0.124, 287.41,  0.098, 268.25,  0.109, 319.46,  0.191, 310.54,  0.091, 323.00,  0.238, 295.60,  0.164, 302.52,  0.144, 289.06,  0.132, 276.96,  0.194, 292.46,  0.137, 286.58,  0.155, 280.80,  0.109, 289.27,  0.090, 294.29,  0.093, 289.41,-99.000, -99.00,-99.000, -99.00,-99.000, -99.00,-99.000, -99.00,
8/31/2006 16:15:00, 12.0,275.9,  0.6,  3.5, 18.961, 29.27,  0.0,  0.0,  0.071, 300.55,  0.019, 231.34,  0.060, 312.98,  0.125, 312.40,  0.134, 309.26,  0.179, 308.21,  0.130, 299.91,  0.124, 274.61,  0.065, 287.88,  0.125, 291.04,  0.200, 291.43,  0.124, 281.67,  0.146, 266.86,  0.227, 274.55,  0.159, 276.50,  0.169, 266.95,-99.000, -99.00,-99.000, -99.00,-99.000, -99.00,-99.000, -99.00,
8/31/2006 16:20:00, 12.0,275.9,  0.6,  3.5, 18.964, 29.26,  0.0,  0.0,  0.082, 326.89,  0.049, 354.17,  0.090, 292.86,  0.158, 272.17,  0.116, 287.50,  0.110, 290.25,  0.048, 311.63,  0.059, 340.35,  0.112, 318.62,  0.073, 322.82,  0.129, 294.19,  0.069, 271.66,  0.137, 214.62,  0.151, 274.95,  0.142, 297.65,  0.080, 256.31,-99.000, -99.00,-99.000, -99.00,-99.000, -99.00,-99.000, -99.00,
8/31/2006 16:25:00, 12.0,275.9,  0.6,  3.5, 18.961, 29.26,  0.0,  0.0,  0.018,  33.69,  0.066, 329.18,  0.068, 259.85,  0.140, 344.28,  0.144, 282.01,  0.070, 280.67,  0.062, 286.97,  0.025, 291.37,  0.082, 290.64,  0.180, 291.45,  0.117, 311.19,  0.253, 293.53,  0.126, 285.14,  0.117, 287.35,  0.095, 330.18,  0.099, 334.98,-99.000, -99.00,-99.000, -99.00,-99.000, -99.00,-99.000, -99.00,
8/31/2006 16:30:00, 12.0,275.8,  0.6,  3.5, 18.964, 29.25,  0.0,  0.0,  0.139, 197.53,  0.118, 289.36,  0.102, 263.78,  0.098, 272.92,  0.125, 312.74,  0.105, 309.60,  0.093, 311.07,  0.133, 293.88,  0.142, 285.89,  0.055, 301.68,  0.072, 255.58,  0.083, 266.55,  0.114, 274.01,  0.124, 260.69,  0.142, 278.93,  0.088, 185.19,-99.000, -99.00,-99.000, -99.00,-99.000, -99.00,-99.000, -99.00,
8/31/2006 16:35:00, 12.0,276.0,  0.6,  3.5, 18.964, 29.17,  0.0,  0.0,  0.067, 188.62,  0.081, 217.44,  0.076, 213.69,  0.170, 186.41,  0.111, 262.23,  0.034, 286.86,  0.087, 271.32,  0.065, 303.69,  0.123, 299.69,  0.036, 247.01,  0.072, 316.12,  0.097, 303.69,  0.022,  69.15,  0.093, 260.13,  0.057, 302.01,  0.101, 243.43,-99.000, -99.00,-99.000, -99.00,-99.000, -99.00,-99.000, -99.00,
8/31/2006 16:40:00, 12.0,275.8,  0.6,  3.5, 18.968, 29.11,  0.0,  0.0,  0.041, 294.68,  0.018, 160.56,  0.081, 294.97,  0.016, 158.20,  0.066, 319.30,  0.002, 296.57,  0.032, 231.34,  0.093, 289.41,  0.008, 270.00,  0.076,  27.58,  0.046,   4.97,  0.075, 298.61,  0.113, 309.61,  0.090, 331.44,  0.174, 297.45,  0.090, 270.00,-99.000, -99.00,-99.000, -99.00,-99.000, -99.00,-99.000, -99.00,
8/31/2006 16:45:00, 12.0,275.8,  0.6,  3.5, 18.971, 29.07,  0.0,  0.0,  0.122, 212.65,  0.181, 228.37,  0.113, 181.52,  0.054, 169.32,  0.084, 199.52,  0.098, 289.73,  0.055, 305.42,  0.058, 277.99,  0.051, 348.69,  0.116, 319.88,  0.040, 318.01,  0.105, 319.64,  0.067, 300.38,  0.104, 295.08,  0.100, 318.65,  0.063, 299.41,-99.000, -99.00,-99.000, -99.00,-99.000, -99.00,-99.000, -99.00,
8/31/2006 16:50:00, 12.0,275.9,  0.6,  3.5, 18.962, 29.04,  0.0,  0.0,  0.033, 180.00,  0.151, 182.28,  0.187, 195.23,  0.178, 166.35,  0.039,  88.53,  0.056, 167.69,  0.008, 156.80,  0.059, 273.88,  0.036, 279.73,  0.100, 252.47,  0.127, 260.46,  0.093, 296.84,  0.047, 255.07,  0.052, 262.33,  0.088, 247.23,  0.122, 198.58,-99.000, -99.00,-99.000, -99.00,-99.000, -99.00,-99.000, -99.00,
8/31/2006 16:55:00, 12.0,275.8,  0.6,  3.5, 18.956, 29.01,  0.0,  0.0,  0.120, 132.63,  0.085, 218.35,  0.085, 220.24,  0.064, 180.90,  0.125, 198.15,  0.085, 254.33,  0.093, 260.13,  0.108,   5.87,  0.094, 300.12,  0.062, 309.09,  0.146, 258.54,  0.109, 243.20,  0.138, 286.86,  0.102, 309.45,  0.094, 311.99,  0.052, 244.92,-99.000, -99.00,-99.000, -99.00,-99.000, -99.00,-99.000, -99.00,
8/31/2006 17:00:00, 12.0,275.9,  0.6,  3.5, 18.961, 29.00,  0.0,  0.0,  0.041, 109.75,  0.072, 188.81,  0.079, 213.69,  0.108, 193.39,  0.141, 205.66,  0.086, 171.30,  0.063, 281.84,  0.069, 308.53,  0.026, 155.38,  0.062, 284.93,  0.052, 293.63,  0.071, 255.38,  0.132, 290.91,  0.145, 257.68,  0.063, 272.73,  0.153, 231.11,-99.000, -99.00,-99.000, -99.00,-99.000, -99.00,-99.000, -99.00,
8/31/2006 17:05:00, 12.0,275.9,  0.6,  3.5, 18.951, 28.99,  0.0,  0.0,  0.040, 237.09,  0.065,   6.15,  0.024, 184.76,  0.122, 206.77,  0.028, 192.53,  0.071, 174.37,  0.056, 233.75,  0.075, 253.74,  0.080, 250.20,  0.097, 271.18,  0.103, 309.09,  0.094, 318.01,  0.037, 293.81,  0.079, 265.66,  0.136, 279.32,  0.064, 194.47,-99.000, -99.00,-99.000, -99.00,-99.000, -99.00,-99.000, -99.00,
8/31/2006 17:10:00, 12.0,275.8,  0.6,  3.5, 18.939, 28.98,  0.0,  0.0,  0.065, 205.39,  0.115, 214.38,  0.098, 251.01,  0.156, 180.00,  0.092, 211.28,  0.039, 180.00,  0.091, 315.90,  0.048, 300.34,  0.033, 121.26,  0.086, 291.18,  0.060, 283.57,  0.058, 200.32,  0.048, 240.26,  0.104, 287.91,  0.073, 293.40,  0.089, 241.70,-99.000, -99.00,-99.000, -99.00,-99.000, -99.00,-99.000, -99.00,
8/31/2006 17:15:00, 12.0,275.9,  0.6,  3.5, 18.935, 28.97,  0.0,  0.0,  0.081, 211.93,  0.035, 100.01,  0.084, 143.27,  0.142, 183.63,  0.068, 156.47,  0.070, 208.02,  0.008, 246.80,  0.010,  53.13,  0.027, 296.57,  0.018, 160.56,  0.042, 248.96,  0.181, 223.66,  0.120, 209.33,  0.117, 239.29,  0.025, 267.71,  0.087, 244.90,-99.000, -99.00,-99.000, -99.00,-99.000, -99.00,-99.000, -99.00,
8/31/2006 17:20:00, 12.0,275.9,  0.6,  3.5, 18.937, 28.96,  0.0,  0.0,  0.016, 248.20,  0.069, 337.89,  0.098, 348.80,  0.026, 285.64,  0.111, 221.72,  0.101, 266.04,  0.117, 276.88,  0.053, 297.05,  0.106, 282.59,  0.081, 275.64,  0.034, 299.54,  0.049, 249.72,  0.065, 248.20,  0.141, 277.33,  0.146, 276.30,  0.025, 274.57,-99.000, -99.00,-99.000, -99.00,-99.000, -99.00,-99.000, -99.00,
8/31/2006 17:25:00, 12.0,275.9,  0.6,  3.5, 18.939, 28.96,  0.0,  0.0,  0.151, 157.35,  0.133, 136.22,  0.080, 122.31,  0.103, 171.63,  0.075, 153.09,  0.141, 170.20,  0.050, 174.29,  0.086, 109.70,  0.113, 231.10,  0.004, 270.00,  0.060, 302.11,  0.089, 261.60,  0.052, 270.00,  0.091, 241.19,  0.074, 223.36,  0.073, 200.92,-99.000, -99.00,-99.000, -99.00,-99.000, -99.00,-99.000, -99.00,
8/31/2006 17:30:00, 12.0,275.7,  0.6,  3.5, 18.937, 28.96,  0.0,  0.0,  0.163, 187.04,  0.050, 128.48,  0.078,  96.67,  0.159, 143.71,  0.109, 113.75,  0.061, 126.30,  0.038, 192.20,  0.076, 156.80,  0.074, 261.43,  0.036, 101.31,  0.038, 122.01,  0.064, 142.59,  0.069, 226.77,  0.036, 212.35,  0.016, 183.58,  0.086, 235.94,-99.000, -99.00,-99.000, -99.00,-99.000, -99.00,-99.000, -99.00,
8/31/2006 17:35:00, 12.0,275.9,  0.6,  3.5, 18.935, 28.96,  0.0,  0.0,  0.095, 135.86,  0.106, 127.73,  0.082, 123.50,  0.123, 154.90,  0.137, 169.51,  0.151, 172.78,  0.103, 176.67,  0.079, 205.59,  0.096, 126.99,  0.024,   7.13,  0.050,  83.16,  0.020, 174.29,  0.016, 352.87,  0.027, 173.66,  0.034,  54.46,  0.057, 222.14,-99.000, -99.00,-99.000, -99.00,-99.000, -99.00,-99.000, -99.00,
8/31/2006 17:40:00, 12.0,275.8,  0.6,  3.5, 18.935, 28.95,  0.0,  0.0,  0.172, 129.81,  0.074, 118.98,  0.153, 104.04,  0.127,  91.35,  0.075, 102.36,  0.097, 107.32,  0.081, 101.45,  0.029, 112.17,  0.042, 270.00,  0.051, 153.43,  0.084, 182.05,  0.083, 276.19,  0.053, 152.95,  0.083, 203.47,  0.019, 111.25,  0.014, 197.10,-99.000, -99.00,-99.000, -99.00,-99.000, -99.00,-99.000, -99.00,
8/31/2006 17:45:00, 12.0,275.8,  0.6,  3.5, 18.912, 28.95,  0.0,  0.0,  0.186, 128.66,  0.139, 125.63,  0.129, 116.17,  0.069, 154.18,  0.074,  84.60,  0.027, 124.29,  0.076, 111.52,  0.049, 217.57,  0.119, 311.59,  0.075, 279.96,  0.088, 291.92,  0.121, 266.69,  0.269, 256.22,  0.263, 258.60,  0.330, 256.51,  0.202, 226.01,-99.000, -99.00,-99.000, -99.00,-99.000, -99.00,-99.000, -99.00,
8/31/2006 17:50:00, 12.0,275.9,  0.6,  3.5, 18.914, 28.95,  0.0,  0.0,  0.096, 174.64,  0.181, 150.18,  0.138, 125.87,  0.111, 166.46,  0.130, 169.81,  0.086, 176.01,  0.106, 141.51,  0.102, 121.35,  0.050, 129.37,  0.086, 185.31,  0.019, 188.97,  0.057, 238.52,  0.080, 120.72,  0.051, 299.05,  0.085, 261.87,  0.158, 280.60,-99.000, -99.00,-99.000, -99.00,-99.000, -99.00,-99.000, -99.00,
8/31/2006 17:55:00, 12.0,275.7,  0.6,  3.5, 18.904, 28.94,  0.0,  0.0,  0.151, 124.74,  0.098, 128.39,  0.157, 123.59,  0.152,  99.46,  0.041, 348.69,  0.124, 164.05,  0.188, 150.29,  0.035, 157.89,  0.045, 140.36,  0.041, 228.95,  0.059,  38.81,  0.043,  17.59,  0.062, 209.86,  0.126, 254.86,  0.035, 313.83,  0.029,  60.75,-99.000, -99.00,-99.000, -99.00,-99.000, -99.00,-99.000, -99.00,
8/31/2006 18:00:00, 12.0,275.7,  0.6,  3.5, 18.904, 28.94,  0.0,  0.0,  0.131, 137.79,  0.134, 119.05,  0.105, 100.99,  0.099,  78.92,  0.185, 136.75,  0.098, 131.30,  0.091, 128.76,  0.085, 106.31,  0.014, 329.74,  0.045,  78.44,  0.046, 132.36,  0.047, 206.57,  0.055, 131.28,  0.034, 263.29,  0.053, 169.11,  0.040, 236.31,-99.000, -99.00,-99.000, -99.00,-99.000, -99.00,-99.000, -99.00,
8/31/2006 18:05:00, 12.0,275.9,  0.6,  3.5, 18.892, 28.94,  0.0,  0.0,  0.112, 141.90,  0.059, 178.06,  0.156, 132.92,  0.132, 179.57,  0.047, 129.81,  0.178, 166.04,  0.115, 167.42,  0.054, 160.56,  0.112, 108.27,  0.032,  28.18,  0.025,  83.16,  0.105,  72.78,  0.041, 338.46,  0.040, 249.78,  0.032,  61.82,  0.030, 289.65,-99.000, -99.00,-99.000, -99.00,-99.000, -99.00,-99.000, -99.00,
8/31/2006 18:10:00, 12.0,275.8,  0.6,  3.5, 18.900, 28.94,  0.0,  0.0,  0.231,  84.04,  0.146, 135.56,  0.158, 146.11,  0.124, 148.88,  0.119,  96.77,  0.122, 123.30,  0.098, 150.04,  0.028, 120.26,  0.014, 175.91,  0.003, 108.43,  0.013, 221.99,  0.030, 212.62,  0.019,  62.10,  0.071,  98.93,  0.062,  86.31,  0.056, 322.93,-99.000, -99.00,-99.000, -99.00,-99.000, -99.00,-99.000, -99.00,
8/31/2006 18:15:00, 12.0,275.9,  0.6,  3.5, 18.891, 28.94,  0.0,  0.0,  0.127, 117.78,  0.139, 116.01,  0.173,  90.99,  0.156, 112.62,  0.071, 115.84,  0.203, 131.40,  0.072, 172.78,  0.096, 174.64,  0.079, 198.43,  0.021, 247.17,  0.033, 144.87,  0.022,  95.19,  0.090, 244.29,  0.078, 247.38,  0.100, 301.16,  0.081, 309.99,-99.000, -99.00,-99.000, -99.00,-99.000, -99.00,-99.000, -99.00,
8/31/2006 18:20:00, 12.0,275.8,  0.6,  3.5, 18.884, 28.94,  0.0,  0.0,  0.119, 115.92,  0.172, 123.14,  0.151, 132.58,  0.230, 124.73,  0.180, 127.32,  0.123, 121.76,  0.172, 121.19,  0.096, 138.37,  0.096, 124.85,  0.045, 174.92,  0.068, 163.71,  0.037, 132.80,  0.056, 326.59,  0.083, 199.75,  0.043, 240.42,  0.094, 314.57,-99.000, -99.00,-99.000, -99.00,-99.000, -99.00,-99.000, -99.00,
8/31/2006 18:25:00, 12.0,275.8,  0.6,  3.5, 18.882, 28.94,  0.0,  0.0,  0.098, 108.99,  0.129, 109.42,  0.143, 131.60,  0.202, 113.90,  0.064, 154.23,  0.119, 135.00,  0.140, 141.98,  0.044, 228.69,  0.119, 160.35,  0.022, 303.69,  0.013, 247.38,  0.011, 259.70,  0.038, 146.73,  0.022, 206.57,  0.018, 253.61,  0.059,   2.91,-99.000, -99.00,-99.000, -99.00,-99.000, -99.00,-99.000, -99.00,
8/31/2006 18:30:00, 12.0,275.9,  0.6,  3.5, 18.879, 28.94,  0.0,  0.0,  0.187, 118.34,  0.227, 101.71,  0.200, 126.87,  0.192, 148.63,  0.220, 118.78,  0.136, 175.38,  0.122, 157.85,  0.214, 139.54,  0.124, 154.26,  0.108, 148.67,  0.073, 133.33,  0.023, 172.57,  0.041, 145.92,  0.052, 180.00,  0.051, 337.99,  0.094, 329.88,-99.000, -99.00,-99.000, -99.00,-99.000, -99.00,-99.000, -99.00,
8/31/2006 18:35:00, 12.0,275.8,  0.6,  3.5, 18.861, 28.95,  0.0,  0.0,  0.196, 139.97,  0.220, 135.92,  0.149, 144.82,  0.193, 126.99,  0.126, 150.59,  0.135, 141.01,  0.173, 123.41,  0.201, 121.16,  0.130, 137.49,  0.137, 151.76,  0.132, 166.39,  0.096, 176.42,  0.036, 149.86,  0.074, 312.80,  0.069,   7.54,  0.041,   1.40,-99.000, -99.00,-99.000, -99.00,-99.000, -99.00,-99.000, -99.00,
8/31/2006 18:40:00, 12.0,275.9,  0.6,  3.5, 18.865, 28.96,  0.0,  0.0,  0.144, 121.92,  0.207, 133.24,  0.219, 130.17,  0.107, 115.37,  0.192, 130.34,  0.192, 151.44,  0.164, 132.04,  0.182, 131.66,  0.128, 124.81,  0.123, 119.28,  0.024, 184.76,  0.035, 194.83,  0.040, 192.99,  0.086, 268.67,  0.069, 315.59,  0.052, 355.60,-99.000, -99.00,-99.000, -99.00,-99.000, -99.00,-99.000, -99.00,
8/31/2006 18:45:00, 12.0,275.9,  0.6,  3.5, 18.864, 28.96,  0.0,  0.0,  0.273, 138.12,  0.296, 115.61,  0.202, 122.04,  0.240, 109.94,  0.185, 127.74,  0.204, 121.98,  0.262, 133.30,  0.196, 113.16,  0.140, 116.20,  0.182, 150.33,  0.144, 134.15,  0.086, 155.22,  0.055, 177.92,  0.060, 241.31,  0.061, 311.01,  0.046,  20.41,-99.000, -99.00,-99.000, -99.00,-99.000, -99.00,-99.000, -99.00,
8/31/2006 18:50:00, 12.0,275.9,  0.6,  3.5, 18.874, 28.97,  0.0,  0.0,  0.251, 122.30,  0.230, 114.44,  0.257, 113.67,  0.180, 134.33,  0.178, 127.45,  0.193, 129.31,  0.113, 120.88,  0.139, 128.27,  0.120, 121.70,  0.118, 133.29,  0.051, 172.18,  0.032,  61.82,  0.020, 237.09,  0.029, 305.31,  0.072,  40.52,  0.067, 315.60,-99.000, -99.00,-99.000, -99.00,-99.000, -99.00,-99.000, -99.00,
8/31/2006 18:55:00, 12.0,275.7,  0.6,  3.5, 18.858, 28.97,  0.0,  0.0,  0.198, 133.77,  0.188, 115.20,  0.248, 120.81,  0.207, 124.00,  0.166, 111.16,  0.251, 131.44,  0.203, 115.94,  0.165, 122.15,  0.162, 108.77,  0.058, 108.12,  0.068, 112.43,  0.124, 158.20,  0.102, 187.89,  0.020,  40.91,  0.044, 120.07,  0.050, 320.63,-99.000, -99.00,-99.000, -99.00,-99.000, -99.00,-99.000, -99.00,
8/31/2006 19:00:00, 12.0,275.8,  0.6,  3.5, 18.864, 28.97,  0.0,  0.0,  0.214, 125.32,  0.248, 121.96,  0.288, 102.64,  0.194, 123.20,  0.222, 120.83,  0.184, 110.99,  0.207, 123.38,  0.139, 108.82,  0.214, 101.31,  0.066, 148.74,  0.079, 140.66,  0.037, 172.30,  0.040,  97.13,  0.057, 328.52,  0.085, 341.57,  0.068, 357.47,-99.000, -99.00,-99.000, -99.00,-99.000, -99.00,-99.000, -99.00,
8/31/2006 19:05:00, 12.0,275.9,  0.6,  3.4, 18.870, 28.98,  0.0,  0.0,  0.195,  94.42,  0.293, 117.00,  0.260, 117.26,  0.244, 101.59,  0.205, 110.29,  0.207, 114.58,  0.198, 116.44,  0.124,  89.54,  0.184, 106.37,  0.200, 122.98,  0.058, 145.49,  0.047, 286.11,  0.055,  21.41,  0.020, 329.53,  0.043,  88.67,  0.108,  18.43,-99.000, -99.00,-99.000, -99.00,-99.000, -99.00,-99.000, -99.00,
8/31/2006 19:10:00, 12.0,275.9,  0.6,  3.4, 18.853, 28.98,  0.0,  0.0,  0.179, 124.31,  0.305, 122.28,  0.301, 120.74,  0.307, 107.84,  0.253, 112.31,  0.196, 105.38,  0.177,  85.80,  0.080, 117.53,  0.052, 103.24,  0.142,  96.47,  0.225,  93.56,  0.185,  85.65,  0.145,  86.84,  0.038, 213.27,  0.081, 149.64,  0.033,   0.00,-99.000, -99.00,-99.000, -99.00,-99.000, -99.00,-99.000, -99.00,
8/31/2006 19:15:00, 12.0,275.8,  0.6,  3.5, 18.853, 28.98,  0.0,  0.0,  0.183, 110.81,  0.200, 144.56,  0.264, 126.70,  0.258, 119.74,  0.164, 132.53,  0.277, 108.76,  0.185, 136.75,  0.129, 117.16,  0.028, 112.93,  0.117, 151.90,  0.133, 128.59,  0.125, 123.94,  0.066,  83.09,  0.027,  56.89,  0.043, 174.69,  0.035, 309.17,-99.000, -99.00,-99.000, -99.00,-99.000, -99.00,-99.000, -99.00,
8/31/2006 19:20:00, 12.0,275.8,  0.6,  3.5, 18.846, 28.99,  0.0,  0.0,  0.092, 141.63,  0.154, 121.73,  0.152, 124.84,  0.120, 134.33,  0.125, 141.84,  0.133, 138.65,  0.101,  96.84,  0.113,  97.63,  0.125,  73.30,  0.127,  88.65,  0.168, 107.68,  0.031, 225.00,  0.029, 155.22,  0.060, 180.00,  0.069, 205.82,  0.036, 129.40,-99.000, -99.00,-99.000, -99.00,-99.000, -99.00,-99.000, -99.00,
8/31/2006 19:25:00, 12.0,275.7,  0.6,  3.5, 18.838, 28.99,  0.0,  0.0,  0.163,  98.13,  0.080, 140.10,  0.113, 143.64,  0.204, 159.61,  0.227, 135.18,  0.261, 132.36,  0.282, 115.20,  0.178, 118.58,  0.177, 125.12,  0.168, 109.08,  0.158,  97.26,  0.079,  84.22,  0.086, 116.86,  0.080,  22.73,  0.057,  83.00,  0.161, 121.02,-99.000, -99.00,-99.000, -99.00,-99.000, -99.00,-99.000, -99.00,
8/31/2006 19:30:00, 12.0,275.8,  0.6,  3.5, 18.840, 28.99,  0.0,  0.0,  0.126, 149.58,  0.177, 134.32,  0.136, 110.70,  0.237, 110.73,  0.285, 123.69,  0.302, 118.01,  0.254,  99.50,  0.305,  94.70,  0.285, 129.73,  0.191, 153.57,  0.143, 114.41,  0.092, 113.77,  0.108, 112.99,  0.183,  86.56,  0.277,  85.65,  0.256, 101.49,-99.000, -99.00,-99.000, -99.00,-99.000, -99.00,-99.000, -99.00,
8/31/2006 19:35:00, 12.0,275.7,  0.6,  3.5, 18.837, 28.99,  0.0,  0.0,  0.025, 168.69,  0.073, 109.18,  0.166, 132.06,  0.368, 127.93,  0.460, 117.46,  0.511, 119.83,  0.331, 117.34,  0.252, 102.16,  0.208, 124.22,  0.248, 155.92,  0.143, 161.69,  0.101, 194.31,  0.069, 236.31,  0.114, 159.97,  0.212, 130.60,  0.223, 130.27,-99.000, -99.00,-99.000, -99.00,-99.000, -99.00,-99.000, -99.00,
8/31/2006 19:40:00, 12.0,275.8,  0.6,  3.5, 18.841, 28.99,  0.0,  0.0,  0.048,  85.24,  0.084, 133.56,  0.195, 109.18,  0.267, 121.66,  0.273, 119.85,  0.304, 120.61,  0.333, 132.56,  0.311, 112.86,  0.165, 136.23,  0.068, 161.03,  0.206, 148.08,  0.175, 168.11,  0.175, 166.12,  0.278, 143.05,  0.170, 136.66,  0.222, 114.72,-99.000, -99.00,-99.000, -99.00,-99.000, -99.00,-99.000, -99.00,
8/31/2006 19:45:00, 12.0,275.8,  0.6,  3.5, 18.844, 28.99,  0.0,  0.0,  0.037, 132.80,  0.073, 209.36,  0.107, 196.91,  0.263, 138.86,  0.239, 119.89,  0.198, 131.92,  0.193, 130.38,  0.094, 125.89,  0.079,  57.92,  0.058,  32.32,  0.062,  97.47,  0.031, 132.40,  0.072, 239.17,  0.059, 199.65,  0.063, 134.36,  0.153, 121.61,-99.000, -99.00,-99.000, -99.00,-99.000, -99.00,-99.000, -99.00,
8/31/2006 19:50:00, 12.0,275.7,  0.6,  3.5, 18.838, 28.99,  0.0,  0.0,  0.049, 154.49,  0.121, 144.08,  0.055, 158.59,  0.085, 164.33,  0.110, 128.74,  0.070, 109.98,  0.034,  86.63,  0.133,  61.32,  0.013, 157.38,  0.000,   0.00,  0.042, 300.26,  0.020, 327.09,  0.090, 249.96,  0.059, 273.88,  0.034, 323.47,  0.101,  46.20,-99.000, -99.00,-99.000, -99.00,-99.000, -99.00,-99.000, -99.00,
8/31/2006 19:55:00, 12.0,275.8,  0.6,  3.4, 18.840, 28.99,  0.0,  0.0,  0.048,  24.44,  0.108, 148.67,  0.135, 168.02,  0.057,  86.99,  0.088, 132.23,  0.084, 114.73,  0.043,  99.46,  0.027, 184.24,  0.047, 274.86,  0.127, 354.11,  0.128, 322.59,  0.127, 295.15,  0.047,  30.96,  0.105, 106.02,  0.029,  97.85,  0.140,  91.64,-99.000, -99.00,-99.000, -99.00,-99.000, -99.00,-99.000, -99.00,
8/31/2006 20:00:00, 12.0,275.8,  0.6,  3.5, 18.829, 28.99,  0.0,  0.0,  0.068, 107.90,  0.067, 134.40,  0.074,  88.45,  0.125, 149.12,  0.112, 190.30,  0.015, 344.05,  0.086, 150.75,  0.072, 234.55,  0.037, 260.79,  0.024, 330.26,  0.058, 345.96,  0.078, 327.53,  0.088, 352.15,  0.028, 133.53,  0.112, 108.27,  0.044, 270.00,-99.000, -99.00,-99.000, -99.00,-99.000, -99.00,-99.000, -99.00,
8/31/2006 20:05:00, 12.0,275.9,  0.6,  3.5, 18.827, 28.99,  0.0,  0.0,  0.125, 132.74,  0.056, 140.06,  0.027,  98.43,  0.051, 114.54,  0.049, 244.49,  0.008, 246.80,  0.037, 262.30,  0.069, 210.26,  0.089, 246.04,  0.109, 283.27,  0.035,  90.00,  0.055, 320.19,  0.048,   7.13,  0.082, 277.73,  0.073, 291.66,  0.072,  76.35,-99.000, -99.00,-99.000, -99.00,-99.000, -99.00,-99.000, -99.00,
8/31/2006 20:10:00, 12.0,275.7,  0.6,  3.5, 18.816, 28.99,  0.0,  0.0,  0.099, 136.64,  0.034, 305.54,  0.097, 124.51,  0.064, 173.76,  0.105, 136.15,  0.018,   3.18,  0.137, 344.34,  0.157, 334.41,  0.037,  14.04,  0.058, 327.68,  0.122, 330.08,  0.060, 333.43,  0.026, 322.70,  0.067, 313.19,  0.099, 314.18,  0.101, 321.43,-99.000, -99.00,-99.000, -99.00,-99.000, -99.00,-99.000, -99.00,
8/31/2006 20:15:00, 12.0,275.8,  0.6,  3.5, 18.821, 28.99,  0.0,  0.0,  0.180, 345.19,  0.147, 308.35,  0.168, 312.34,  0.099, 315.82,  0.100, 354.86,  0.132, 351.25,  0.089, 310.46,  0.034, 234.46,  0.014, 355.91,  0.118, 310.87,  0.048, 316.68,  0.106, 284.83,  0.113, 287.47,  0.070, 294.38,  0.078, 283.32,  0.004,  14.04,-99.000, -99.00,-99.000, -99.00,-99.000, -99.00,-99.000, -99.00,
8/31/2006 20:20:00, 12.0,275.7,  0.6,  3.5, 18.810, 29.01,  0.0,  0.0,  0.080, 282.99,  0.105, 333.92,  0.123,  30.72,  0.156,  34.30,  0.111,  33.98,  0.069, 334.18,  0.054,   0.00,  0.024, 337.75,  0.035,  19.98,  0.130, 278.88,  0.103, 313.03,  0.126, 350.39,  0.162, 330.74,  0.128, 352.82,  0.096, 323.49,  0.128,   9.90,-99.000, -99.00,-99.000, -99.00,-99.000, -99.00,-99.000, -99.00,
8/31/2006 20:25:00, 12.0,275.8,  0.6,  3.5, 18.821, 29.02,  0.0,  0.0,  0.162,  11.73,  0.065, 321.89,  0.039,  22.62,  0.135, 333.62,  0.084, 331.61,  0.087, 349.46,  0.105, 324.65,  0.085,   6.79,  0.172, 303.87,  0.190, 295.22,  0.087, 334.90,  0.084, 322.72,  0.139,  38.85,  0.112,  23.13,  0.160, 316.52,  0.047,  24.94,-99.000, -99.00,-99.000, -99.00,-99.000, -99.00,-99.000, -99.00,
8/31/2006 20:30:00, 12.0,275.8,  0.6,  3.5, 18.817, 29.02,  0.0,  0.0,  0.168,  19.84,  0.231,  11.21,  0.108, 344.42,  0.119,   8.20,  0.048, 330.26,  0.037,   6.17,  0.107, 309.67,  0.162, 320.51,  0.105, 340.53,  0.055, 331.56,  0.153, 315.00,  0.099, 344.85,  0.105, 321.17,  0.048, 358.81,  0.058, 324.12,  0.058, 329.04,-99.000, -99.00,-99.000, -99.00,-99.000, -99.00,-99.000, -99.00,
8/31/2006 20:35:00, 12.0,275.8,  0.6,  3.5, 18.809, 29.02,  0.0,  0.0,  0.146,   2.74,  0.205, 354.40,  0.137,   2.51,  0.067, 348.02,  0.087, 336.97,  0.056, 322.31,  0.004, 326.31,  0.099, 341.75,  0.078,  30.84,  0.116,   0.49,  0.105, 340.53,  0.108, 329.86,  0.127, 348.16,  0.169, 338.14,  0.152, 336.80,  0.062, 330.95,-99.000, -99.00,-99.000, -99.00,-99.000, -99.00,-99.000, -99.00,
8/31/2006 20:40:00, 12.0,275.7,  0.6,  3.4, 18.799, 29.01,  0.0,  0.0,  0.135,   0.00,  0.244, 352.00,  0.157, 334.25,  0.143, 322.97,  0.143,  17.04,  0.127, 319.15,  0.059, 286.89,  0.152, 312.07,  0.197, 308.61,  0.209, 286.70,  0.078, 309.81,  0.094, 306.75,  0.162, 292.13,  0.173, 320.87,  0.072, 320.09,  0.031, 239.35,-99.000, -99.00,-99.000, -99.00,-99.000, -99.00,-99.000, -99.00,
8/31/2006 20:45:00, 12.0,275.8,  0.6,  3.5, 18.801, 29.00,  0.0,  0.0,  0.054,  45.00,  0.245, 358.60,  0.177, 358.06,  0.091, 315.00,  0.129, 327.05,  0.098, 293.96,  0.137, 277.13,  0.079, 345.26,  0.104, 328.75,  0.058, 305.88,  0.117, 312.93,  0.070, 309.17,  0.042, 305.22,  0.057, 346.70,  0.018,  40.60,  0.042, 124.44,-99.000, -99.00,-99.000, -99.00,-99.000, -99.00,-99.000, -99.00,
8/31/2006 20:50:00, 12.0,275.8,  0.6,  3.5, 18.800, 28.99,  0.0,  0.0,  0.143, 342.07,  0.289, 354.84,  0.243, 333.33,  0.280, 345.12,  0.208,   6.34,  0.148, 319.40,  0.147, 323.29,  0.085,  15.67,  0.097, 312.91,  0.085, 296.57,  0.072, 318.37,  0.055, 301.68,  0.114, 321.42,  0.069, 343.14,  0.061,  75.74,  0.072,  90.00,-99.000, -99.00,-99.000, -99.00,-99.000, -99.00,-99.000, -99.00,
8/31/2006 20:55:00, 12.0,275.8,  0.6,  3.5, 18.811, 28.99,  0.0,  0.0,  0.189, 335.33,  0.201, 329.48,  0.167, 352.06,  0.129, 352.00,  0.120, 341.11,  0.247, 331.78,  0.063, 308.52,  0.088, 314.08,  0.099, 343.02,  0.156, 335.40,  0.090, 321.74,  0.125, 303.94,  0.106, 345.83,  0.109, 341.90,  0.073,   3.92,  0.065,  82.00,-99.000, -99.00,-99.000, -99.00,-99.000, -99.00,-99.000, -99.00,
8/31/2006 21:00:00, 12.0,275.8,  0.6,  3.5, 18.814, 28.98,  0.0,  0.0,  0.121, 346.65,  0.236, 325.03,  0.193, 340.91,  0.094,   6.14,  0.175, 347.15,  0.148, 357.68,  0.162,   2.47,  0.158, 340.42,  0.075, 331.39,  0.157, 347.91,  0.098, 342.85,  0.065, 328.28,  0.069, 326.77,  0.063, 326.06,  0.104,  60.73,  0.125,  66.50,-99.000, -99.00,-99.000, -99.00,-99.000, -99.00,-99.000, -99.00,
8/31/2006 21:05:00, 12.0,275.8,  0.6,  3.5, 18.815, 28.97,  0.0,  0.0,  0.116,  12.48,  0.153, 354.74,  0.125, 337.94,  0.163, 341.01,  0.210, 328.43,  0.155, 333.60,  0.059, 341.26,  0.186,  12.40,  0.093,  26.29,  0.036,  14.42,  0.142, 339.40,  0.127,   0.45,  0.126, 330.99,  0.072, 336.28,  0.052, 311.08,  0.047,  57.99,-99.000, -99.00,-99.000, -99.00,-99.000, -99.00,-99.000, -99.00,
8/31/2006 21:10:00, 12.0,275.7,  0.6,  3.5, 18.810, 28.97,  0.0,  0.0,  0.180, 347.20,  0.258, 330.26,  0.218, 318.72,  0.109,   3.67,  0.079, 344.55,  0.074,   0.00,  0.244, 356.95,  0.160, 349.95,  0.178, 340.65,  0.158, 340.76,  0.203, 349.80,  0.164, 353.70,  0.100, 312.16,  0.132, 334.41,  0.061,  18.14,  0.070,  75.17,-99.000, -99.00,-99.000, -99.00,-99.000, -99.00,-99.000, -99.00,
8/31/2006 21:15:00, 12.0,275.9,  0.6,  3.5, 18.804, 28.97,  0.0,  0.0,  0.111, 339.93,  0.159, 340.20,  0.195, 349.04,  0.150, 351.17,  0.196, 345.18,  0.166, 335.44,  0.202,  11.14,  0.199, 354.52,  0.118, 328.87,  0.079, 313.98,  0.098, 337.11,  0.121, 334.50,  0.066, 296.18,  0.028, 227.86,  0.038, 105.12,  0.051,  77.59,-99.000, -99.00,-99.000, -99.00,-99.000, -99.00,-99.000, -99.00,
8/31/2006 21:20:00, 12.0,275.9,  0.6,  3.4, 18.802, 28.97,  0.0,  0.0,  0.094, 298.47,  0.082, 332.50,  0.155, 350.36,  0.045, 358.73,  0.086,  11.44,  0.169, 342.42,  0.071, 335.96,  0.110, 346.34,  0.140, 359.59,  0.174, 348.04,  0.123, 316.32,  0.073,   7.91,  0.112, 320.78,  0.095, 342.90,  0.057, 358.99,  0.028,  19.09,-99.000, -99.00,-99.000, -99.00,-99.000, -99.00,-99.000, -99.00,
8/31/2006 21:25:00, 12.0,275.7,  0.6,  3.5, 18.805, 28.96,  0.0,  0.0,  0.117,  22.62,  0.174, 347.72,  0.132, 340.05,  0.152, 318.99,  0.190, 351.83,  0.170, 340.39,  0.136, 323.05,  0.164, 298.75,  0.133, 350.47,  0.129, 339.03,  0.139, 352.16,  0.143, 307.91,  0.143, 324.65,  0.121, 343.21,  0.051, 288.43,  0.029, 356.05,-99.000, -99.00,-99.000, -99.00,-99.000, -99.00,-99.000, -99.00,
8/31/2006 21:30:00, 12.0,275.8,  0.6,  3.5, 18.804, 28.96,  0.0,  0.0,  0.090,   9.57,  0.117, 346.20,  0.150, 351.17,  0.085,  20.79,  0.120,  19.04,  0.095,  23.59,  0.106,  19.80,  0.108,  12.88,  0.061, 347.77,  0.076, 295.89,  0.155, 309.24,  0.135, 318.89,  0.063, 316.93,  0.078, 288.67,  0.059, 295.25,  0.092,  20.99,-99.000, -99.00,-99.000, -99.00,-99.000, -99.00,-99.000, -99.00,
8/31/2006 21:35:00, 12.0,275.9,  0.6,  3.5, 18.805, 28.96,  0.0,  0.0,  0.235,  16.82,  0.105, 357.82,  0.127, 323.67,  0.127, 339.29,  0.130, 336.40,  0.092, 303.00,  0.148, 332.74,  0.132, 323.65,  0.081, 342.69,  0.104, 353.90,  0.073, 336.60,  0.141, 299.85,  0.107, 331.05,  0.045, 320.36,  0.029,  69.68,  0.130, 105.22,-99.000, -99.00,-99.000, -99.00,-99.000, -99.00,-99.000, -99.00,
8/31/2006 21:40:00, 12.0,275.8,  0.6,  3.5, 18.804, 28.96,  0.0,  0.0,  0.103, 347.71,  0.084, 344.15,  0.120, 317.02,  0.116, 341.88,  0.186,   8.65,  0.078, 325.49,  0.174, 328.41,  0.109, 339.08,  0.088, 358.70,  0.060, 296.57,  0.117, 346.20,  0.064,  46.89,  0.035, 345.17,  0.042,   0.00,  0.087, 108.85,  0.024, 204.44,-99.000, -99.00,-99.000, -99.00,-99.000, -99.00,-99.000, -99.00,
8/31/2006 21:45:00, 12.0,275.9,  0.6,  3.5, 18.816, 28.95,  0.0,  0.0,  0.131, 338.93,  0.118, 339.10,  0.100,   7.48,  0.093, 314.13,  0.075, 345.41,  0.036, 258.69,  0.078, 261.14,  0.067,  75.34,  0.055,  10.49,  0.114,  11.11,  0.100, 312.58,  0.150, 293.65,  0.076, 329.04,  0.126, 329.35,  0.117, 339.56,  0.065, 124.92,-99.000, -99.00,-99.000, -99.00,-99.000, -99.00,-99.000, -99.00,
8/31/2006 21:50:00, 12.0,275.7,  0.6,  3.5, 18.814, 28.95,  0.0,  0.0,  0.176,  14.12,  0.175, 335.77,  0.031, 315.00,  0.145, 336.44,  0.039, 320.19,  0.129, 313.74,  0.082, 352.27,  0.093, 323.75,  0.068, 337.57,  0.063, 324.04,  0.034, 270.00,  0.052, 300.96,  0.080,   5.00,  0.092,  59.25,  0.015, 344.05,  0.012,   0.00,-99.000, -99.00,-99.000, -99.00,-99.000, -99.00,-99.000, -99.00,
8/31/2006 21:55:00, 12.0,275.8,  0.6,  3.5, 18.809, 28.95,  0.0,  0.0,  0.175,  10.54,  0.106, 345.83,  0.188, 335.20,  0.157,   2.92,  0.051, 333.43,  0.107, 326.46,  0.049, 268.83,  0.041, 311.05,  0.053, 208.01,  0.033, 207.35,  0.083, 237.85,  0.118, 299.38,  0.064, 316.89,  0.125, 312.40,  0.026, 355.60,  0.089,  91.93,-99.000, -99.00,-99.000, -99.00,-99.000, -99.00,-99.000, -99.00,
8/31/2006 22:00:00, 12.0,275.7,  0.6,  3.5, 18.802, 28.95,  0.0,  0.0,  0.053,  25.60,  0.093, 343.12,  0.059,  54.69,  0.025, 333.43,  0.069, 351.63,  0.115, 332.10,  0.044,  95.19,  0.089, 355.50,  0.015, 312.27,  0.187, 306.50,  0.100, 314.19,  0.096, 280.84,  0.073, 218.90,  0.090, 300.85,  0.106,  45.76,  0.151,  62.75,-99.000, -99.00,-99.000, -99.00,-99.000, -99.00,-99.000, -99.00,
8/31/2006 22:05:00, 12.0,275.7,  0.6,  3.5, 18.799, 28.96,  0.0,  0.0,  0.062, 343.03,  0.093, 341.18,  0.085, 344.33,  0.085, 323.13,  0.106, 311.19,  0.045, 321.34,  0.109,  20.43,  0.046, 287.65,  0.045, 286.82,  0.017,  32.74,  0.132,  50.86,  0.112,   6.17,  0.091, 321.24,  0.050, 192.65,  0.062, 209.05,  0.013,  90.00,-99.000, -99.00,-99.000, -99.00,-99.000, -99.00,-99.000, -99.00,
8/31/2006 22:10:00, 12.0,275.9,  0.6,  3.5, 18.790, 28.96,  0.0,  0.0,  0.107, 321.84,  0.102, 343.52,  0.079, 353.42,  0.058,  23.46,  0.001, 270.00,  0.096, 250.43,  0.079, 297.22,  0.100, 303.53,  0.018, 330.64,  0.120, 332.80,  0.088, 305.31,  0.044, 342.80,  0.144,  43.59,  0.035,  78.37,  0.019, 222.88,  0.017,  86.63,-99.000, -99.00,-99.000, -99.00,-99.000, -99.00,-99.000, -99.00,
8/31/2006 22:15:00, 12.0,275.8,  0.6,  3.5, 18.794, 28.97,  0.0,  0.0,  0.147, 312.80,  0.108, 318.76,  0.056,   5.10,  0.132, 255.12,  0.091, 310.53,  0.065, 345.75,  0.085,  95.38,  0.041, 353.05,  0.074, 352.20,  0.004, 296.57,  0.105,  10.99,  0.080,  47.53,  0.100, 328.54,  0.056, 322.93,  0.084,   6.12,  0.022, 326.31,-99.000, -99.00,-99.000, -99.00,-99.000, -99.00,-99.000, -99.00,
8/31/2006 22:20:00, 12.0,275.8,  0.6,  3.5, 18.803, 28.97,  0.0,  0.0,  0.076, 358.49,  0.084, 353.13,  0.059, 323.90,  0.078, 322.25,  0.039,  32.47,  0.081, 313.99,  0.077, 303.27,  0.082, 302.52,  0.070, 332.70,  0.070, 321.34,  0.035,  66.37,  0.039,   4.40,  0.022, 239.93,  0.031, 275.53,  0.009, 243.43,  0.039, 133.96,-99.000, -99.00,-99.000, -99.00,-99.000, -99.00,-99.000, -99.00,
8/31/2006 22:25:00, 12.0,275.8,  0.6,  3.5, 18.801, 28.98,  0.0,  0.0,  0.094,  12.26,  0.085, 274.71,  0.094, 321.05,  0.042,  90.00,  0.005, 101.31,  0.139, 208.77,  0.091, 263.03,  0.076, 324.64,  0.075, 353.91,  0.039, 348.11,  0.026, 292.62,  0.086, 326.86,  0.150, 346.15,  0.104, 353.90,  0.013, 308.66,  0.050, 329.83,-99.000, -99.00,-99.000, -99.00,-99.000, -99.00,-99.000, -99.00,
8/31/2006 22:30:00, 12.0,275.8,  0.6,  3.5, 18.808, 28.99,  0.0,  0.0,  0.105,   2.18,  0.039, 348.11,  0.098,   9.37,  0.107, 229.92,  0.082, 240.00,  0.045, 190.30,  0.110, 295.40,  0.103, 270.56,  0.048, 346.83,  0.118, 311.92,  0.054, 350.36,  0.095, 358.79,  0.073, 355.30,  0.055, 310.60,  0.096, 343.64,  0.044,  50.53,-99.000, -99.00,-99.000, -99.00,-99.000, -99.00,-99.000, -99.00,
8/31/2006 22:35:00, 12.0,275.8,  0.6,  3.5, 18.806, 28.99,  0.0,  0.0,  0.070, 305.73,  0.151, 337.00,  0.017, 290.56,  0.118,   7.31,  0.070, 294.38,  0.069, 301.39,  0.051,   0.00,  0.085, 288.43,  0.076, 277.59,  0.104, 355.05,  0.041, 295.94,  0.073, 336.60,  0.020, 327.09,  0.036,  70.56,  0.068, 321.60,  0.036, 311.63,-99.000, -99.00,-99.000, -99.00,-99.000, -99.00,-99.000, -99.00,
8/31/2006 22:40:00, 12.0,275.7,  0.6,  3.5, 18.814, 29.00,  0.0,  0.0,  0.091, 313.21,  0.111, 332.74,  0.068, 291.64,  0.146, 286.32,  0.091, 265.60,  0.102, 242.43,  0.086, 293.90,  0.028, 161.57,  0.038, 232.52,  0.074,   7.80,  0.083, 290.39,  0.066,   4.33,  0.125, 321.84,  0.061, 320.31,  0.068, 328.89,  0.035, 123.23,-99.000, -99.00,-99.000, -99.00,-99.000, -99.00,-99.000, -99.00,
8/31/2006 22:45:00, 12.0,275.8,  0.6,  3.5, 18.803, 29.01,  0.0,  0.0,  0.165, 325.15,  0.149, 277.70,  0.087, 277.29,  0.036, 342.07,  0.072, 261.98,  0.076, 245.81,  0.015, 151.70,  0.111,  65.05,  0.087, 341.98,  0.081,  41.52,  0.091,   8.84,  0.115,  21.43,  0.146, 348.15,  0.108, 335.34,  0.143, 351.13,  0.083, 351.67,-99.000, -99.00,-99.000, -99.00,-99.000, -99.00,-99.000, -99.00,
8/31/2006 22:50:00, 12.0,275.7,  0.6,  3.5, 18.800, 29.01,  0.0,  0.0,  0.012, 311.63,  0.126, 270.91,  0.018, 286.39,  0.069,   7.54,  0.051, 212.12,  0.090, 309.16,  0.080, 294.33,  0.060, 348.50,  0.049,  21.37,  0.077,  63.10,  0.108,  40.49,  0.098,  14.74,  0.123, 340.97,  0.120, 308.59,  0.101, 325.05,  0.064, 317.54,-99.000, -99.00,-99.000, -99.00,-99.000, -99.00,-99.000, -99.00,
8/31/2006 22:55:00, 12.0,275.8,  0.6,  3.5, 18.813, 29.02,  0.0,  0.0,  0.096, 296.57,  0.132, 353.04,  0.089,  28.00,  0.081, 342.69,  0.124, 309.09,  0.048, 346.83,  0.051, 349.80,  0.063,  23.32,  0.048,  29.74,  0.097, 332.38,  0.099, 351.87,  0.121, 335.56,  0.091, 313.67,  0.078, 308.77,  0.065, 317.49,  0.024, 253.07,-99.000, -99.00,-99.000, -99.00,-99.000, -99.00,-99.000, -99.00,
8/31/2006 23:00:00, 12.0,275.9,  0.6,  3.5, 18.815, 29.02,  0.0,  0.0,  0.111, 251.57,  0.066, 305.13,  0.057, 335.22,  0.109, 357.37,  0.099,  11.65,  0.089, 332.57,  0.083,   6.19,  0.059,  42.93,  0.048,  27.10,  0.091,   8.84,  0.070,  31.66,  0.077, 341.80,  0.099, 279.84,  0.126, 309.86,  0.186, 331.09,  0.110, 324.28,-99.000, -99.00,-99.000, -99.00,-99.000, -99.00,-99.000, -99.00,
8/31/2006 23:05:00, 12.0,275.7,  0.6,  3.5, 18.827, 29.02,  0.0,  0.0,  0.058, 331.23,  0.051, 304.62,  0.098,  45.00,  0.001,  90.00,  0.078, 300.84,  0.036, 350.54,  0.071, 280.52,  0.018, 218.16,  0.082, 345.96,  0.058,  65.64,  0.152, 322.75,  0.100,  10.97,  0.070, 312.11,  0.054, 299.88,  0.023,  25.46,  0.055, 308.33,-99.000, -99.00,-99.000, -99.00,-99.000, -99.00,-99.000, -99.00,
8/31/2006 23:10:00, 12.0,275.9,  0.6,  3.5, 18.822, 29.02,  0.0,  0.0,  0.064, 300.96,  0.013,  32.47,  0.102, 311.03,  0.095, 327.48,  0.009, 324.46,  0.073, 235.01,  0.074, 293.81,  0.118, 322.55,  0.057,  54.34,  0.047,  17.28,  0.146, 354.88,  0.089, 347.68,  0.074, 322.67,  0.078,  17.97,  0.098, 355.33,  0.101, 326.31,-99.000, -99.00,-99.000, -99.00,-99.000, -99.00,-99.000, -99.00,
8/31/2006 23:15:00, 12.0,275.7,  0.6,  3.5, 18.824, 29.03,  0.0,  0.0,  0.123,  10.76,  0.162,   8.18,  0.047,  67.29,  0.063,   4.54,  0.044,  13.09,  0.042, 315.97,  0.075, 329.69,  0.024, 292.25,  0.048,   5.95,  0.027,   0.00,  0.052,  39.52,  0.067, 339.94,  0.132, 316.85,  0.083, 299.66,  0.057, 286.22,  0.064, 337.86,-99.000, -99.00,-99.000, -99.00,-99.000, -99.00,-99.000, -99.00,
8/31/2006 23:20:00, 12.0,275.7,  0.6,  3.5, 18.821, 29.03,  0.0,  0.0,  0.040, 318.01,  0.068, 259.85,  0.080, 332.47,  0.034, 351.63,  0.040, 326.31,  0.113, 313.57,  0.052, 289.13,  0.097, 335.56,  0.093, 322.02,  0.060, 299.98,  0.070, 348.53,  0.084, 330.68,  0.056, 311.38,  0.048, 215.68,  0.062, 270.00,  0.001, 180.00,-99.000, -99.00,-99.000, -99.00,-99.000, -99.00,-99.000, -99.00,
8/31/2006 23:25:00, 12.0,275.9,  0.6,  3.5, 18.831, 29.03,  0.0,  0.0,  0.048, 262.87,  0.081,  32.91,  0.052, 341.92,  0.099, 287.70,  0.108, 281.73,  0.124, 275.07,  0.091, 304.73,  0.072, 245.22,  0.036, 250.56,  0.094, 272.44,  0.056, 302.55,  0.093, 292.15,  0.043, 308.45,  0.026, 287.74,  0.033, 280.62,  0.026,  87.80,-99.000, -99.00,-99.000, -99.00,-99.000, -99.00,-99.000, -99.00,
8/31/2006 23:30:00, 12.0,275.8,  0.6,  3.5, 18.821, 29.03,  0.0,  0.0,  0.079, 185.06,  0.063, 193.82,  0.033, 321.07,  0.025, 353.16,  0.025, 281.31,  0.090, 262.32,  0.058, 296.57,  0.066, 300.07,  0.046, 334.00,  0.040, 129.99,  0.039,  27.22,  0.037,  20.38,  0.097, 331.58,  0.063,  17.57,  0.080,  18.21,  0.109,   2.10,-99.000, -99.00,-99.000, -99.00,-99.000, -99.00,-99.000, -99.00,
8/31/2006 23:35:00, 12.0,275.8,  0.6,  3.5, 18.824, 29.03,  0.0,  0.0,  0.019, 214.51,  0.016,  60.26,  0.038, 180.00,  0.067,  33.45,  0.069, 301.39,  0.141,  78.13,  0.064,  90.00,  0.084, 282.38,  0.050,   7.97,  0.048, 282.01,  0.053, 228.81,  0.074,  64.47,  0.069,  47.95,  0.043,  32.57,  0.047, 330.71,  0.046, 328.39,-99.000, -99.00,-99.000, -99.00,-99.000, -99.00,-99.000, -99.00,
8/31/2006 23:40:00, 12.0,275.7,  0.6,  3.5, 18.820, 29.03,  0.0,  0.0,  0.058, 356.05,  0.105, 337.09,  0.071, 265.97,  0.115, 234.23,  0.081, 180.00,  0.061, 279.46,  0.056, 326.59,  0.057, 270.00,  0.081,  15.07,  0.072,  36.55,  0.014, 233.97,  0.051, 264.40,  0.092, 241.49,  0.074, 277.03,  0.086, 329.84,  0.064, 329.04,-99.000, -99.00,-99.000, -99.00,-99.000, -99.00,-99.000, -99.00,
8/31/2006 23:45:00, 12.0,275.7,  0.6,  3.5, 18.818, 29.04,  0.0,  0.0,  0.030,  34.22,  0.075,   9.21,  0.087,   9.25,  0.091, 265.60,  0.159, 308.88,  0.092, 326.14,  0.047,  28.22,  0.097, 326.80,  0.017, 283.24,  0.051,   2.25,  0.147, 324.69,  0.126, 340.99,  0.067, 334.20,  0.070, 319.67,  0.089, 330.26,  0.025, 274.57,-99.000, -99.00,-99.000, -99.00,-99.000, -99.00,-99.000, -99.00,
8/31/2006 23:50:00, 12.0,275.8,  0.6,  3.5, 18.820, 29.04,  0.0,  0.0,  0.028,  49.40,  0.115, 305.48,  0.071, 355.97,  0.150, 351.17,  0.062,  65.10,  0.055,  18.10,  0.066, 353.95,  0.049, 264.17,  0.047,   0.00,  0.061, 331.76,  0.025, 291.37,  0.064, 340.71,  0.114, 277.56,  0.035, 303.23,  0.062, 304.46,  0.086, 339.68,-99.000, -99.00,-99.000, -99.00,-99.000, -99.00,-99.000, -99.00,
8/31/2006 23:55:00, 12.0,275.8,  0.6,  3.5, 18.829, 29.04,  0.0,  0.0,  0.015,  93.81,  0.041, 306.03,  0.025, 272.29,  0.091,  48.11,  0.088, 277.21,  0.072,   7.22,  0.102,  48.97,  0.071, 303.47,  0.065, 352.98,  0.039, 343.44,  0.066, 307.57,  0.024, 347.74,  0.025, 241.39,  0.069, 247.89,  0.092, 290.99,  0.027, 257.01,-99.000, -99.00,-99.000, -99.00,-99.000, -99.00,-99.000, -99.00,
9/1/2006 00:00:00, 12.0,275.7,  0.6,  3.5, 18.833, 29.04,  0.0,  0.0,  0.032, 259.05,  0.052, 304.90,  0.040, 306.87,  0.049,  87.66,  0.018,  73.61,  0.036,   3.18,  0.062, 286.97,  0.022, 288.43,  0.032, 237.80,  0.099, 229.09,  0.099, 216.41,  0.067, 199.25,  0.073, 185.48,  0.006, 108.43,  0.031,  60.95,  0.030,   1.91,-99.000, -99.00,-99.000, -99.00,-99.000, -99.00,-99.000, -99.00,
9/1/2006 00:05:00, 12.0,275.8,  0.6,  3.5, 18.833, 29.04,  0.0,  0.0,  0.080, 240.88,  0.068, 333.06,  0.088,   6.56,  0.053, 352.48,  0.052,  92.20,  0.102, 316.59,  0.052, 344.36,  0.033, 229.97,  0.103, 298.30,  0.126, 282.82,  0.088, 270.00,  0.064, 109.29,  0.045, 271.27,  0.016, 299.74,  0.051, 297.07,  0.094, 288.05,-99.000, -99.00,-99.000, -99.00,-99.000, -99.00,-99.000, -99.00,
9/1/2006 00:10:00, 12.0,275.9,  0.6,  3.5, 18.829, 29.04,  0.0,  0.0,  0.050, 355.43,  0.017, 237.26,  0.074, 331.02,  0.052, 318.92,  0.094, 338.88,  0.023,   2.49,  0.086, 315.00,  0.064, 235.81,  0.019, 126.25,  0.061, 245.94,  0.041, 263.05,  0.081, 317.01,  0.084, 341.35,  0.152, 305.89,  0.184, 334.55,  0.132, 341.43,-99.000, -99.00,-99.000, -99.00,-99.000, -99.00,-99.000, -99.00,
9/1/2006 00:15:00, 12.0,275.7,  0.6,  3.5, 18.830, 29.04,  0.0,  0.0,  0.033, 226.22,  0.130, 347.57,  0.192, 337.31,  0.128, 282.63,  0.040, 327.09,  0.062, 291.63,  0.042, 265.91,  0.095, 252.90,  0.051, 252.98,  0.034, 176.63,  0.044, 143.39,  0.027, 241.56,  0.046, 352.57,  0.134, 260.12,  0.077, 279.71,  0.007, 153.43,-99.000, -99.00,-99.000, -99.00,-99.000, -99.00,-99.000, -99.00,
9/1/2006 00:20:00, 12.0,275.8,  0.6,  3.5, 18.814, 29.04,  0.0,  0.0,  0.048, 109.57,  0.106, 292.20,  0.090, 326.84,  0.047, 305.39,  0.109, 299.16,  0.047, 281.07,  0.058, 272.96,  0.051, 240.95,  0.097, 265.87,  0.055, 315.00,  0.027, 195.07,  0.093, 252.54,  0.045, 281.56,  0.047, 334.54,  0.086, 298.35,  0.085, 343.69,-99.000, -99.00,-99.000, -99.00,-99.000, -99.00,-99.000, -99.00,
9/1/2006 00:25:00, 12.0,275.9,  0.6,  3.5, 18.831, 29.05,  0.0,  0.0,  0.055, 280.49,  0.010, 264.29,  0.073, 338.34,  0.019, 341.57,  0.147, 304.45,  0.057, 241.63,  0.152, 280.64,  0.130, 243.43,  0.045, 235.95,  0.045, 218.66,  0.080, 257.01,  0.115, 281.02,  0.102, 245.19,  0.100, 282.65,  0.013, 347.01,  0.028,  30.26,-99.000, -99.00,-99.000, -99.00,-99.000, -99.00,-99.000, -99.00,
9/1/2006 00:30:00, 12.0,275.7,  0.6,  3.4, 18.828, 29.05,  0.0,  0.0,  0.082,  69.36,  0.089, 334.01,  0.043, 298.93,  0.130, 269.56,  0.087, 245.50,  0.119, 295.92,  0.083, 276.19,  0.072, 256.35,  0.170, 277.08,  0.126, 266.82,  0.095, 194.62,  0.107, 241.52,  0.077, 228.67,  0.162, 251.23,  0.102, 267.19,  0.053, 240.52,-99.000, -99.00,-99.000, -99.00,-99.000, -99.00,-99.000, -99.00,
9/1/2006 00:35:00, 12.0,275.8,  0.6,  3.5, 18.836, 29.05,  0.0,  0.0,  0.041,  41.05,  0.045, 182.54,  0.113,  14.90,  0.041,  12.68,  0.031,  54.25,  0.053, 198.78,  0.062, 335.10,  0.083, 284.71,  0.087, 141.03,  0.068, 227.39,  0.054, 216.66,  0.070, 253.38,  0.083, 266.55,  0.099, 265.96,  0.042, 133.09,  0.020,  66.04,-99.000, -99.00,-99.000, -99.00,-99.000, -99.00,-99.000, -99.00,
9/1/2006 00:40:00, 12.0,275.7,  0.6,  3.5, 18.836, 29.05,  0.0,  0.0,  0.102, 329.91,  0.018, 273.18,  0.056, 301.14,  0.041, 186.95,  0.082, 244.69,  0.062, 162.15,  0.089, 232.74,  0.085, 243.43,  0.045, 247.96,  0.133, 246.12,  0.162, 245.18,  0.161, 251.11,  0.067, 243.43,  0.128, 229.45,  0.047, 260.13,  0.056, 270.00,-99.000, -99.00,-99.000, -99.00,-99.000, -99.00,-99.000, -99.00,
9/1/2006 00:45:00, 12.0,275.8,  0.6,  3.5, 18.841, 29.07,  0.0,  0.0,  0.055, 317.94,  0.052, 271.10,  0.028, 239.74,  0.066, 268.26,  0.017, 302.74,  0.067, 218.93,  0.095, 170.34,  0.066, 210.07,  0.078, 199.36,  0.037, 235.01,  0.075, 142.06,  0.061, 259.61,  0.065, 297.35,  0.058, 115.68,  0.035, 288.43,  0.092, 269.38,-99.000, -99.00,-99.000, -99.00,-99.000, -99.00,-99.000, -99.00,
9/1/2006 00:50:00, 12.0,275.8,  0.6,  3.5, 18.840, 29.07,  0.0,  0.0,  0.117, 329.29,  0.058, 219.43,  0.027, 347.01,  0.094, 288.05,  0.096, 256.69,  0.114, 239.38,  0.118, 237.12,  0.121, 255.16,  0.099, 274.62,  0.132, 238.96,  0.047, 267.56,  0.050,  36.87,  0.008, 150.26,  0.099, 255.96,  0.069, 310.87,  0.016, 277.13,-99.000, -99.00,-99.000, -99.00,-99.000, -99.00,-99.000, -99.00,
9/1/2006 00:55:00, 12.0,275.7,  0.6,  3.5, 18.838, 29.08,  0.0,  0.0,  0.080, 254.74,  0.136,   4.21,  0.064, 306.69,  0.081, 285.75,  0.042, 324.78,  0.034, 108.97,  0.051, 255.14,  0.048, 236.98,  0.084, 236.69,  0.015, 172.41,  0.045, 216.87,  0.073, 218.90,  0.084, 245.27,  0.078, 250.64,  0.089, 290.48,  0.079, 348.26,-99.000, -99.00,-99.000, -99.00,-99.000, -99.00,-99.000, -99.00,
9/1/2006 01:00:00, 12.0,275.7,  0.6,  3.5, 18.837, 29.09,  0.0,  0.0,  0.058,  12.85,  0.067, 329.62,  0.024,  48.37,  0.169, 197.90,  0.034, 168.02,  0.095, 221.58,  0.073, 111.66,  0.152, 270.38,  0.090, 203.45,  0.136, 230.68,  0.106, 275.98,  0.102, 283.08,  0.109, 267.37,  0.054, 209.88,  0.092, 249.01,  0.051, 330.40,-99.000, -99.00,-99.000, -99.00,-99.000, -99.00,-99.000, -99.00,
9/1/2006 01:05:00, 12.0,275.8,  0.6,  3.4, 18.839, 29.10,  0.0,  0.0,  0.094, 268.78,  0.058, 298.77,  0.079, 230.66,  0.155, 253.09,  0.055, 239.22,  0.066, 316.85,  0.017, 220.24,  0.063, 246.68,  0.062, 209.05,  0.092, 234.75,  0.104, 257.17,  0.100, 247.77,  0.106, 224.24,  0.128, 268.21,  0.027, 333.43,  0.037, 344.48,-99.000, -99.00,-99.000, -99.00,-99.000, -99.00,-99.000, -99.00,
9/1/2006 01:10:00, 12.0,275.7,  0.6,  3.5, 18.841, 29.10,  0.0,  0.0,  0.053, 280.89,  0.026, 147.53,  0.084, 225.48,  0.115, 255.96,  0.046,  24.34,  0.062, 305.75,  0.046, 180.00,  0.019, 233.75,  0.044, 307.65,  0.027,   6.34,  0.047,  26.57,  0.067, 203.88,  0.070, 308.02,  0.070, 344.17,  0.056, 306.25,  0.030, 306.87,-99.000, -99.00,-99.000, -99.00,-99.000, -99.00,-99.000, -99.00,
9/1/2006 01:15:00, 12.0,275.6,  0.6,  3.5, 18.832, 29.11,  0.0,  0.0,  0.086, 211.65,  0.095, 211.17,  0.055,  98.43,  0.060, 277.72,  0.070, 215.06,  0.075, 294.51,  0.086, 294.78,  0.054, 226.51,  0.051, 231.34,  0.045,  56.66,  0.079, 278.75,  0.047,  23.84,  0.044, 219.47,  0.109, 236.60,  0.083, 276.19,  0.056,   0.00,-99.000, -99.00,-99.000, -99.00,-99.000, -99.00,-99.000, -99.00,
9/1/2006 01:20:00, 12.0,275.7,  0.6,  3.5, 18.839, 29.11,  0.0,  0.0,  0.068, 180.00,  0.022,   7.77,  0.037, 130.60,  0.069, 212.54,  0.104, 305.99,  0.097, 305.33,  0.088, 266.75,  0.058, 127.27,  0.151, 235.78,  0.105, 234.33,  0.100, 283.34,  0.052, 286.70,  0.121, 295.93,  0.074, 323.29,  0.082, 267.21,  0.093,   6.20,-99.000, -99.00,-99.000, -99.00,-99.000, -99.00,-99.000, -99.00,
9/1/2006 01:25:00, 12.0,275.8,  0.6,  3.5, 18.808, 29.11,  0.0,  0.0,  0.076, 215.36,  0.029, 335.22,  0.131, 325.22,  0.008,  23.20,  0.061, 327.09,  0.156, 290.64,  0.091, 284.04,  0.162, 264.68,  0.055, 190.49,  0.097, 253.24,  0.065, 263.85,  0.040, 159.78,  0.036, 140.60,  0.043, 267.34,  0.046, 270.00,  0.017, 302.74,-99.000, -99.00,-99.000, -99.00,-99.000, -99.00,-99.000, -99.00,
9/1/2006 01:30:00, 12.0,275.8,  0.6,  3.4, 18.820, 29.10,  0.0,  0.0,  0.148, 304.23,  0.058,  10.92,  0.071, 119.45,  0.080, 270.00,  0.045, 329.47,  0.070, 333.80,  0.058, 276.88,  0.072, 286.16,  0.048, 316.68,  0.055, 235.44,  0.013, 184.40,  0.101, 251.57,  0.101, 235.52,  0.128, 279.90,  0.092, 328.72,  0.082, 324.95,-99.000, -99.00,-99.000, -99.00,-99.000, -99.00,-99.000, -99.00,
9/1/2006 01:35:00, 12.0,275.8,  0.6,  3.5, 18.823, 29.09,  0.0,  0.0,  0.099, 261.87,  0.083, 256.13,  0.063,   0.00,  0.098, 277.05,  0.048,  60.26,  0.074, 273.87,  0.025, 205.56,  0.055, 291.41,  0.042, 250.71,  0.035, 118.74,  0.008, 203.20,  0.117, 231.95,  0.054, 241.05,  0.106, 266.22,  0.110, 283.15,  0.089, 289.05,-99.000, -99.00,-99.000, -99.00,-99.000, -99.00,-99.000, -99.00,
9/1/2006 01:40:00, 12.0,275.7,  0.6,  3.5, 18.821, 29.09,  0.0,  0.0,  0.085, 215.38,  0.064, 277.13,  0.068, 159.44,  0.047, 252.72,  0.022, 291.80,  0.133, 324.51,  0.077, 240.44,  0.052, 282.17,  0.061, 320.31,  0.110, 250.42,  0.088, 274.55,  0.090, 284.81,  0.093, 271.23,  0.142, 256.55,  0.114, 272.01,  0.080, 338.86,-99.000, -99.00,-99.000, -99.00,-99.000, -99.00,-99.000, -99.00,
9/1/2006 01:45:00, 12.0,275.9,  0.6,  3.5, 18.820, 29.09,  0.0,  0.0,  0.009, 110.56,  0.066, 247.71,  0.052, 228.92,  0.011, 105.26,  0.048, 189.66,  0.070, 252.60,  0.111, 248.96,  0.093, 188.65,  0.064, 200.97,  0.011,  90.00,  0.069, 286.86,  0.137, 311.74,  0.031,  80.84,  0.065, 266.48,  0.081, 304.47,  0.123, 311.71,-99.000, -99.00,-99.000, -99.00,-99.000, -99.00,-99.000, -99.00,
9/1/2006 01:50:00, 12.0,275.8,  0.6,  3.5, 18.823, 29.09,  0.0,  0.0,  0.061, 221.01,  0.113, 260.87,  0.048, 228.37,  0.103, 259.89,  0.042, 204.10,  0.114, 202.08,  0.066, 257.66,  0.091, 208.26,  0.091, 232.62,  0.138, 284.74,  0.058, 258.11,  0.087, 275.91,  0.105, 242.70,  0.044, 270.00,  0.069, 320.30,  0.126, 307.60,-99.000, -99.00,-99.000, -99.00,-99.000, -99.00,-99.000, -99.00,
9/1/2006 01:55:00, 12.0,275.8,  0.6,  3.5, 18.825, 29.09,  0.0,  0.0,  0.099, 197.70,  0.103, 278.37,  0.116, 255.00,  0.047, 162.72,  0.071, 244.89,  0.095, 254.80,  0.084, 158.33,  0.111, 217.69,  0.173, 254.92,  0.096, 239.14,  0.051, 259.80,  0.068, 298.07,  0.056, 263.88,  0.054, 254.93,  0.011, 105.26,  0.049, 343.41,-99.000, -99.00,-99.000, -99.00,-99.000, -99.00,-99.000, -99.00,
9/1/2006 02:00:00, 12.0,275.7,  0.6,  3.5, 18.832, 29.09,  0.0,  0.0,  0.047, 282.26,  0.054, 199.44,  0.081, 268.59,  0.093, 257.01,  0.130, 259.81,  0.055, 249.93,  0.050, 316.64,  0.083, 313.53,  0.062, 292.83,  0.060, 235.24,  0.094, 259.53,  0.034, 198.97,  0.115, 241.87,  0.053, 264.61,  0.031, 305.75,  0.097, 293.66,-99.000, -99.00,-99.000, -99.00,-99.000, -99.00,-99.000, -99.00,
9/1/2006 02:05:00, 12.0,275.8,  0.6,  3.4, 18.830, 29.08,  0.0,  0.0,  0.040, 325.12,  0.115, 291.43,  0.118, 272.91,  0.093, 202.71,  0.112, 237.72,  0.192, 284.47,  0.162, 265.76,  0.133, 274.30,  0.094, 349.53,  0.052, 112.62,  0.070, 206.20,  0.052, 280.01,  0.058, 282.85,  0.016, 270.00,  0.024, 270.00,  0.048, 296.03,-99.000, -99.00,-99.000, -99.00,-99.000, -99.00,-99.000, -99.00,
9/1/2006 02:10:00, 12.0,275.8,  0.6,  3.5, 18.819, 29.08,  0.0,  0.0,  0.048, 207.10,  0.030, 316.33,  0.043, 284.68,  0.056, 244.80,  0.053, 241.99,  0.050, 260.73,  0.137, 243.06,  0.068, 253.71,  0.078, 243.43,  0.052, 274.40,  0.058, 316.40,  0.084, 334.65,  0.113, 272.03,  0.057, 312.14,  0.118, 307.06,  0.087, 288.85,-99.000, -99.00,-99.000, -99.00,-99.000, -99.00,-99.000, -99.00,
9/1/2006 02:15:00, 12.0,275.9,  0.6,  3.5, 18.818, 29.08,  0.0,  0.0,  0.131, 266.07,  0.012,   9.46,  0.045, 264.92,  0.076, 338.48,  0.030, 248.55,  0.036, 207.98,  0.122, 313.00,  0.104, 265.05,  0.063, 247.52,  0.033, 295.02,  0.031, 281.31,  0.062, 139.60,  0.063, 219.23,  0.070, 247.44,  0.026, 267.80,  0.096, 355.83,-99.000, -99.00,-99.000, -99.00,-99.000, -99.00,-99.000, -99.00,
9/1/2006 02:20:00, 12.0,275.8,  0.6,  3.5, 18.820, 29.07,  0.0,  0.0,  0.046, 217.12,  0.032, 330.26,  0.061, 267.18,  0.136, 257.70,  0.148, 285.26,  0.025, 205.56,  0.103, 253.14,  0.063, 311.78,  0.048, 250.43,  0.066, 244.98,  0.110, 249.75,  0.062, 293.68,  0.039, 342.03,  0.004, 315.00,  0.108, 319.11,  0.088,   9.14,-99.000, -99.00,-99.000, -99.00,-99.000, -99.00,-99.000, -99.00,
9/1/2006 02:25:00, 12.0,275.9,  0.6,  3.5, 18.814, 29.07,  0.0,  0.0,  0.038,  68.20,  0.105,  46.55,  0.060, 325.24,  0.043, 321.55,  0.092, 144.75,  0.074, 251.81,  0.090, 304.57,  0.027, 274.24,  0.073, 270.00,  0.097, 285.62,  0.018,  99.46,  0.086, 248.82,  0.021, 121.43,  0.147, 253.04,  0.101, 286.10,  0.048, 273.58,-99.000, -99.00,-99.000, -99.00,-99.000, -99.00,-99.000, -99.00,
9/1/2006 02:30:00, 12.0,275.8,  0.6,  3.5, 18.817, 29.06,  0.0,  0.0,  0.134, 214.99,  0.077, 241.09,  0.077, 336.11,  0.078, 246.71,  0.077, 255.78,  0.074, 194.78,  0.045, 348.44,  0.093, 276.20,  0.103, 255.43,  0.054, 298.95,  0.071, 246.70,  0.080, 234.71,  0.082, 252.90,  0.125, 272.75,  0.130, 302.47,  0.124, 349.32,-99.000, -99.00,-99.000, -99.00,-99.000, -99.00,-99.000, -99.00,
9/1/2006 02:35:00, 12.0,275.7,  0.6,  3.5, 18.816, 29.06,  0.0,  0.0,  0.116, 270.99,  0.070, 343.38,  0.011, 185.19,  0.072, 243.79,  0.070, 306.87,  0.018, 356.82,  0.086, 316.42,  0.045, 286.82,  0.087, 320.62,  0.032,  41.19,  0.034, 270.00,  0.109, 315.00,  0.096,  17.50,  0.076, 270.75,  0.014, 265.91,  0.086, 333.73,-99.000, -99.00,-99.000, -99.00,-99.000, -99.00,-99.000, -99.00,
9/1/2006 02:40:00, 12.0,275.8,  0.6,  3.5, 18.807, 29.06,  0.0,  0.0,  0.075, 305.18,  0.110, 313.15,  0.033, 160.46,  0.031, 333.43,  0.058,   5.91,  0.040, 265.71,  0.005,  68.20,  0.037, 310.60,  0.145, 292.68,  0.133, 352.23,  0.097, 315.42,  0.110, 279.98,  0.121, 276.18,  0.112, 270.00,  0.057, 273.01,  0.037, 319.40,-99.000, -99.00,-99.000, -99.00,-99.000, -99.00,-99.000, -99.00,
9/1/2006 02:45:00, 12.0,275.8,  0.6,  3.5, 18.803, 29.06,  0.0,  0.0,  0.014, 107.10,  0.104, 259.99,  0.074, 305.63,  0.091, 309.64,  0.055, 319.40,  0.082, 336.89,  0.057, 312.14,  0.045, 315.00,  0.117, 308.43,  0.049, 302.38,  0.146, 305.54,  0.171, 279.41,  0.112, 273.07,  0.079, 242.14,  0.037, 262.30,  0.070,  34.59,-99.000, -99.00,-99.000, -99.00,-99.000, -99.00,-99.000, -99.00,
9/1/2006 02:50:00, 12.0,275.8,  0.6,  3.5, 18.798, 29.06,  0.0,  0.0,  0.139,  19.35,  0.070, 343.38,  0.042, 343.30,  0.142, 283.84,  0.014, 171.87,  0.065, 286.19,  0.125, 297.59,  0.062, 287.85,  0.051, 289.50,  0.104, 265.05,  0.038, 181.51,  0.104, 285.11,  0.050, 267.71,  0.151, 276.84,  0.153, 300.26,  0.075, 305.18,-99.000, -99.00,-99.000, -99.00,-99.000, -99.00,-99.000, -99.00,
9/1/2006 02:55:00, 12.0,275.7,  0.6,  3.5, 18.811, 29.06,  0.0,  0.0,  0.074, 300.70,  0.074, 293.81,  0.066, 301.26,  0.061,   6.55,  0.128, 319.74,  0.099, 290.62,  0.128, 348.25,  0.067, 332.28,  0.058, 304.51,  0.134, 297.14,  0.081, 306.44,  0.102, 268.88,  0.073, 283.47,  0.075, 284.59,  0.054, 348.27,  0.086, 348.56,-99.000, -99.00,-99.000, -99.00,-99.000, -99.00,-99.000, -99.00,
9/1/2006 03:00:00, 12.0,275.6,  0.6,  3.5, 18.805, 29.06,  0.0,  0.0,  0.083, 265.87,  0.090, 339.96,  0.047, 274.86,  0.068, 356.63,  0.071, 334.89,  0.062, 229.60,  0.126, 265.91,  0.104, 312.27,  0.085, 317.86,  0.122, 293.63,  0.021, 284.04,  0.074, 265.36,  0.111, 330.90,  0.088, 299.18,  0.099, 291.37,  0.088, 315.92,-99.000, -99.00,-99.000, -99.00,-99.000, -99.00,-99.000, -99.00,
9/1/2006 03:05:00, 12.0,275.8,  0.6,  3.5, 18.800, 29.06,  0.0,  0.0,  0.018, 315.00,  0.074, 277.03,  0.126, 300.03,  0.041, 260.07,  0.087, 254.05,  0.125, 314.68,  0.116, 296.57,  0.145, 320.60,  0.120, 330.02,  0.153, 309.42,  0.088, 308.56,  0.054, 279.64,  0.046, 249.59,  0.162, 289.89,  0.193, 287.78,  0.113, 323.64,-99.000, -99.00,-99.000, -99.00,-99.000, -99.00,-99.000, -99.00,
9/1/2006 03:10:00, 12.0,275.7,  0.6,  3.5, 18.796, 29.06,  0.0,  0.0,  0.159, 346.92,  0.041, 270.00,  0.046, 296.00,  0.119, 288.13,  0.093,   0.00,  0.038, 317.12,  0.041, 345.96,  0.084, 276.87,  0.049, 329.24,  0.096, 262.21,  0.050, 275.71,  0.058, 315.00,  0.181, 296.28,  0.110, 283.15,  0.009, 341.57,  0.102, 308.22,-99.000, -99.00,-99.000, -99.00,-99.000, -99.00,-99.000, -99.00,
9/1/2006 03:15:00, 12.0,275.7,  0.6,  3.5, 18.806, 29.06,  0.0,  0.0,  0.174, 313.60,  0.088, 321.95,  0.100, 295.54,  0.074, 272.32,  0.078, 312.92,  0.086, 295.38,  0.046, 258.69,  0.095, 296.29,  0.143, 281.70,  0.149, 303.26,  0.164, 310.30,  0.126, 274.54,  0.134, 275.58,  0.102, 287.19,  0.137, 313.82,  0.066, 329.18,-99.000, -99.00,-99.000, -99.00,-99.000, -99.00,-99.000, -99.00,
9/1/2006 03:20:00, 12.0,275.8,  0.6,  3.5, 18.795, 29.06,  0.0,  0.0,  0.130, 287.04,  0.110, 345.84,  0.055, 336.25,  0.111, 285.16,  0.129, 287.59,  0.146, 303.80,  0.042, 281.04,  0.137, 323.88,  0.166, 310.11,  0.177, 290.18,  0.116, 312.90,  0.133, 304.89,  0.086, 270.00,  0.103, 280.11,  0.089, 313.18,  0.100, 350.82,-99.000, -99.00,-99.000, -99.00,-99.000, -99.00,-99.000, -99.00,
9/1/2006 03:25:00, 12.0,275.8,  0.6,  3.5, 18.795, 29.05,  0.0,  0.0,  0.064, 323.84,  0.088, 339.29,  0.075, 266.95,  0.078, 280.30,  0.032, 321.34,  0.066, 282.15,  0.090, 263.59,  0.159, 333.11,  0.122, 321.63,  0.134, 296.18,  0.137, 303.11,  0.127, 291.72,  0.129, 284.36,  0.158, 290.39,  0.210, 300.35,  0.110, 335.30,-99.000, -99.00,-99.000, -99.00,-99.000, -99.00,-99.000, -99.00,
9/1/2006 03:30:00, 12.0,275.7,  0.6,  3.4, 18.782, 29.05,  0.0,  0.0,  0.171, 322.86,  0.124, 318.60,  0.092, 301.28,  0.087, 350.75,  0.084, 283.71,  0.044, 263.52,  0.127, 276.79,  0.047, 305.39,  0.166, 249.61,  0.157, 286.70,  0.089, 272.57,  0.099, 258.35,  0.071, 253.61,  0.095, 262.72,  0.180, 290.85,  0.113, 335.93,-99.000, -99.00,-99.000, -99.00,-99.000, -99.00,-99.000, -99.00,
9/1/2006 03:35:00, 12.0,275.8,  0.6,  3.5, 18.795, 29.05,  0.0,  0.0,  0.086, 333.73,  0.120, 309.93,  0.113, 327.99,  0.153, 288.67,  0.168, 322.72,  0.145, 312.49,  0.196, 299.05,  0.148, 282.45,  0.184, 245.25,  0.119, 275.81,  0.136, 286.70,  0.174, 257.72,  0.129, 246.80,  0.167, 284.20,  0.158, 301.77,  0.118, 318.77,-99.000, -99.00,-99.000, -99.00,-99.000, -99.00,-99.000, -99.00,
9/1/2006 03:40:00, 12.0,275.7,  0.6,  3.5, 18.789, 29.05,  0.0,  0.0,  0.048,   4.76,  0.053, 303.39,  0.145, 287.19,  0.094, 300.12,  0.199, 281.31,  0.156, 313.44,  0.140, 279.06,  0.179, 279.67,  0.108, 251.73,  0.120, 306.87,  0.137, 312.64,  0.137, 283.93,  0.175, 297.15,  0.176, 288.85,  0.144, 282.01,  0.056, 307.07,-99.000, -99.00,-99.000, -99.00,-99.000, -99.00,-99.000, -99.00,
9/1/2006 03:45:00, 12.0,275.8,  0.6,  3.5, 18.780, 29.06,  0.0,  0.0,  0.062, 299.86,  0.107, 312.35,  0.123, 311.36,  0.127, 255.42,  0.125, 324.14,  0.203, 288.08,  0.098, 270.00,  0.087, 296.57,  0.127, 314.68,  0.182, 320.80,  0.264, 303.57,  0.177, 290.90,  0.107, 289.62,  0.125, 294.52,  0.140, 307.77,  0.114, 291.61,-99.000, -99.00,-99.000, -99.00,-99.000, -99.00,-99.000, -99.00,
9/1/2006 03:50:00, 12.0,275.7,  0.6,  3.5, 18.773, 29.06,  0.0,  0.0,  0.088, 353.44,  0.078, 351.87,  0.083, 339.61,  0.036, 297.98,  0.079, 338.33,  0.076, 297.24,  0.135, 305.93,  0.205, 289.05,  0.153, 272.25,  0.101, 269.43,  0.193, 290.31,  0.185, 278.39,  0.192, 286.93,  0.192, 287.30,  0.193, 305.09,  0.110, 270.00,-99.000, -99.00,-99.000, -99.00,-99.000, -99.00,-99.000, -99.00,
9/1/2006 03:55:00, 12.0,275.7,  0.6,  3.5, 18.774, 29.06,  0.0,  0.0,  0.064, 313.11,  0.096, 251.19,  0.047, 300.96,  0.158, 329.22,  0.171, 325.94,  0.162, 313.25,  0.166, 298.72,  0.235, 295.47,  0.152, 284.13,  0.123, 296.15,  0.178, 300.02,  0.083, 276.19,  0.172, 273.33,  0.120, 270.95,  0.150, 282.28,  0.127, 291.30,-99.000, -99.00,-99.000, -99.00,-99.000, -99.00,-99.000, -99.00,
9/1/2006 04:00:00, 12.0,275.9,  0.6,  3.5, 18.768, 29.06,  0.0,  0.0,  0.037,   6.17,  0.084, 352.45,  0.109, 341.23,  0.037, 288.92,  0.084, 285.85,  0.064, 344.67,  0.105, 334.65,  0.064, 282.72,  0.122, 317.98,  0.087, 281.96,  0.123, 303.69,  0.160, 292.40,  0.130, 281.05,  0.132, 261.25,  0.138, 276.25,  0.080, 301.70,-99.000, -99.00,-99.000, -99.00,-99.000, -99.00,-99.000, -99.00,
9/1/2006 04:05:00, 12.0,275.8,  0.6,  3.5, 18.767, 29.06,  0.0,  0.0,  0.041, 272.79,  0.138, 319.71,  0.120, 342.47,  0.047, 335.06,  0.123, 314.34,  0.158, 288.43,  0.137, 283.53,  0.141, 306.63,  0.190, 292.25,  0.222, 285.98,  0.201, 289.42,  0.203, 302.12,  0.150, 281.53,  0.149, 300.70,  0.191, 291.86,  0.090, 312.75,-99.000, -99.00,-99.000, -99.00,-99.000, -99.00,-99.000, -99.00,
9/1/2006 04:10:00, 12.0,275.9,  0.6,  3.5, 18.759, 29.05,  0.0,  0.0,  0.045, 323.13,  0.053, 336.80,  0.112, 339.15,  0.098,   3.50,  0.076,  54.64,  0.032, 323.84,  0.117, 338.93,  0.118, 293.96,  0.106, 299.95,  0.142, 336.32,  0.067, 324.16,  0.083, 274.13,  0.070, 295.46,  0.112, 292.66,  0.200, 297.72,  0.093, 344.48,-99.000, -99.00,-99.000, -99.00,-99.000, -99.00,-99.000, -99.00,
9/1/2006 04:15:00, 12.0,275.9,  0.6,  3.5, 18.751, 29.04,  0.0,  0.0,  0.101, 350.35,  0.184,   2.49,  0.065, 351.12,  0.072, 118.35,  0.107,   4.28,  0.168, 283.46,  0.096, 235.65,  0.073, 332.39,  0.117, 313.62,  0.146, 284.23,  0.229, 281.06,  0.217, 281.67,  0.157, 288.20,  0.130, 324.72,  0.148, 315.55,  0.101, 323.47,-99.000, -99.00,-99.000, -99.00,-99.000, -99.00,-99.000, -99.00,
9/1/2006 04:20:00, 12.0,275.7,  0.6,  3.4, 18.745, 29.03,  0.0,  0.0,  0.118, 324.29,  0.091, 282.05,  0.029, 319.18,  0.032, 343.81,  0.158, 296.24,  0.167, 302.55,  0.101, 270.57,  0.155, 271.85,  0.188, 283.52,  0.214, 298.48,  0.168, 316.21,  0.222, 294.15,  0.154, 290.90,  0.127, 285.57,  0.156, 304.30,  0.093, 293.52,-99.000, -99.00,-99.000, -99.00,-99.000, -99.00,-99.000, -99.00,
9/1/2006 04:25:00, 12.0,275.8,  0.6,  3.4, 18.749, 29.02,  0.0,  0.0,  0.147,   0.00,  0.090, 280.19,  0.125, 299.63,  0.086, 327.78,  0.097, 310.41,  0.077, 334.76,  0.053, 248.81,  0.114, 270.50,  0.112, 304.11,  0.067, 237.26,  0.141, 302.56,  0.203, 294.79,  0.133, 281.31,  0.119, 285.09,  0.129, 315.00,  0.096, 298.71,-99.000, -99.00,-99.000, -99.00,-99.000, -99.00,-99.000, -99.00,
9/1/2006 04:30:00, 12.0,275.7,  0.6,  3.5, 18.751, 29.02,  0.0,  0.0,  0.024, 284.62,  0.035,  90.00,  0.065,  19.83,  0.093, 322.39,  0.171, 291.93,  0.151, 302.01,  0.177, 330.26,  0.202, 316.01,  0.182, 295.44,  0.191, 281.49,  0.129, 290.82,  0.159, 298.18,  0.231, 302.24,  0.266, 304.11,  0.191, 313.30,  0.143, 286.28,-99.000, -99.00,-99.000, -99.00,-99.000, -99.00,-99.000, -99.00,
9/1/2006 04:35:00, 12.0,275.7,  0.6,  3.5, 18.741, 29.01,  0.0,  0.0,  0.122, 349.15,  0.139,   4.97,  0.062, 255.07,  0.057, 275.01,  0.187, 322.82,  0.105, 329.78,  0.061,   0.94,  0.117, 303.15,  0.149, 314.73,  0.133, 260.89,  0.165, 296.57,  0.263, 291.68,  0.249, 300.88,  0.141, 325.41,  0.216, 309.36,  0.154, 321.34,-99.000, -99.00,-99.000, -99.00,-99.000, -99.00,-99.000, -99.00,
9/1/2006 04:40:00, 12.0,275.8,  0.6,  3.5, 18.757, 29.01,  0.0,  0.0,  0.128, 297.97,  0.012,  55.01,  0.077, 344.16,  0.071, 328.76,  0.116, 297.67,  0.134, 317.41,  0.142, 303.80,  0.176, 308.30,  0.179, 314.77,  0.110, 295.17,  0.120, 293.14,  0.239, 299.89,  0.203, 292.90,  0.233, 302.74,  0.200, 326.23,  0.182, 295.72,-99.000, -99.00,-99.000, -99.00,-99.000, -99.00,-99.000, -99.00,
9/1/2006 04:45:00, 12.0,275.9,  0.6,  3.5, 18.745, 29.01,  0.0,  0.0,  0.054, 272.12,  0.039, 358.53,  0.113, 358.48,  0.043, 335.22,  0.068, 279.32,  0.031, 356.31,  0.128, 313.42,  0.184, 267.51,  0.144, 313.88,  0.105, 297.78,  0.090, 308.66,  0.178, 288.33,  0.114, 321.03,  0.122, 313.67,  0.215, 307.83,  0.222, 311.16,-99.000, -99.00,-99.000, -99.00,-99.000, -99.00,-99.000, -99.00,
9/1/2006 04:50:00, 12.0,275.8,  0.6,  3.5, 18.747, 29.01,  0.0,  0.0,  0.037, 282.53,  0.086, 322.59,  0.088, 326.13,  0.142, 314.14,  0.131, 346.28,  0.040, 299.74,  0.143, 286.66,  0.221, 308.38,  0.248, 312.55,  0.273, 315.00,  0.226, 314.64,  0.206, 303.69,  0.214, 312.72,  0.233, 312.92,  0.242, 313.33,  0.204, 309.63,-99.000, -99.00,-99.000, -99.00,-99.000, -99.00,-99.000, -99.00,
9/1/2006 04:55:00, 12.0,275.7,  0.6,  3.5, 18.745, 29.01,  0.0,  0.0,  0.072, 350.41,  0.075,  17.95,  0.076, 302.64,  0.070,  12.44,  0.097, 332.90,  0.146, 317.22,  0.138, 302.54,  0.097, 296.30,  0.079, 318.61,  0.163, 280.97,  0.222, 282.47,  0.192, 274.79,  0.228, 284.46,  0.256, 294.67,  0.259, 301.61,  0.196, 307.34,-99.000, -99.00,-99.000, -99.00,-99.000, -99.00,-99.000, -99.00,
9/1/2006 05:00:00, 12.0,275.9,  0.6,  3.4, 18.745, 29.01,  0.0,  0.0,  0.104, 359.45,  0.080,   2.86,  0.048,  55.98,  0.075,  36.87,  0.053, 275.39,  0.113, 335.47,  0.126, 337.52,  0.123, 340.97,  0.203, 327.49,  0.145, 335.92,  0.127, 319.15,  0.123, 291.97,  0.150, 306.34,  0.152, 329.23,  0.192, 301.78,  0.111, 308.42,-99.000, -99.00,-99.000, -99.00,-99.000, -99.00,-99.000, -99.00,
9/1/2006 05:05:00, 12.0,275.8,  0.6,  3.5, 18.735, 29.01,  0.0,  0.0,  0.109, 311.28,  0.071,  13.06,  0.074, 318.30,  0.049, 358.83,  0.202, 310.79,  0.168, 336.80,  0.139, 352.98,  0.153, 313.68,  0.164, 346.98,  0.211, 320.96,  0.218, 297.86,  0.109, 327.77,  0.270, 293.34,  0.202, 300.38,  0.257, 287.45,  0.237, 304.70,-99.000, -99.00,-99.000, -99.00,-99.000, -99.00,-99.000, -99.00,
9/1/2006 05:10:00, 12.0,275.8,  0.6,  3.5, 18.723, 29.01,  0.0,  0.0,  0.036, 277.91,  0.098, 325.01,  0.131, 339.90,  0.122, 323.97,  0.043, 302.57,  0.134, 321.07,  0.154, 318.67,  0.185, 318.29,  0.270, 308.99,  0.282, 292.29,  0.168, 303.60,  0.210, 297.17,  0.215, 302.06,  0.248, 296.05,  0.224, 303.69,  0.203, 304.95,-99.000, -99.00,-99.000, -99.00,-99.000, -99.00,-99.000, -99.00,
9/1/2006 05:15:00, 12.0,275.8,  0.6,  3.4, 18.715, 29.01,  0.0,  0.0,  0.125,  33.94,  0.034,  61.93,  0.075,  42.84,  0.091, 302.47,  0.085, 309.29,  0.071, 265.97,  0.090, 276.41,  0.034, 296.57,  0.198, 328.64,  0.271, 338.55,  0.209, 340.70,  0.256, 337.45,  0.181, 337.26,  0.246, 308.22,  0.206, 321.69,  0.192, 323.25,-99.000, -99.00,-99.000, -99.00,-99.000, -99.00,-99.000, -99.00,
9/1/2006 05:20:00, 12.0,275.8,  0.6,  3.5, 18.712, 29.02,  0.0,  0.0,  0.063,  60.59,  0.056,  34.82,  0.068,  25.07,  0.076, 301.61,  0.074, 297.26,  0.127, 352.76,  0.077, 302.87,  0.010, 336.04,  0.120, 293.57,  0.186, 244.54,  0.165, 262.36,  0.177, 279.09,  0.205, 297.56,  0.191, 354.29,  0.269, 320.88,  0.209, 330.12,-99.000, -99.00,-99.000, -99.00,-99.000, -99.00,-99.000, -99.00,
9/1/2006 05:25:00, 12.0,275.7,  0.6,  3.5, 18.707, 29.03,  0.0,  0.0,  0.040,  60.26,  0.145, 302.92,  0.065, 270.00,  0.131, 339.90,  0.134, 295.22,  0.198, 296.05,  0.106, 317.29,  0.044, 305.84,  0.061, 212.91,  0.037, 310.60,  0.101, 289.69,  0.093, 214.54,  0.112, 225.36,  0.097, 286.76,  0.158, 312.69,  0.147, 308.35,-99.000, -99.00,-99.000, -99.00,-99.000, -99.00,-99.000, -99.00,
9/1/2006 05:30:00, 12.0,275.8,  0.6,  3.5, 18.698, 29.05,  0.0,  0.0,  0.076,  21.52,  0.080, 105.26,  0.012,   0.00,  0.064, 341.85,  0.074,  38.42,  0.117, 284.39,  0.053, 107.42,  0.116,  18.59,  0.030,   0.00,  0.063, 307.95,  0.035,  25.11,  0.078, 270.00,  0.140, 284.04,  0.092, 261.87,  0.032, 275.36,  0.057,  54.34,-99.000, -99.00,-99.000, -99.00,-99.000, -99.00,-99.000, -99.00,
9/1/2006 05:35:00, 12.0,275.9,  0.6,  3.5, 18.695, 29.06,  0.0,  0.0,  0.081,  85.06,  0.059,  43.64,  0.024, 260.54,  0.030, 346.43,  0.082,  35.62,  0.039, 299.20,  0.062, 246.32,  0.043, 315.94,  0.060, 271.91,  0.060, 240.02,  0.073, 244.84,  0.120, 259.91,  0.096, 290.14,  0.145, 270.79,  0.115, 241.87,  0.090, 240.88,-99.000, -99.00,-99.000, -99.00,-99.000, -99.00,-99.000, -99.00,
9/1/2006 05:40:00, 12.0,275.8,  0.6,  3.5, 18.695, 29.05,  0.0,  0.0,  0.083, 232.31,  0.041, 171.67,  0.035, 173.48,  0.010,  90.00,  0.052, 348.91,  0.064, 262.76,  0.031, 326.82,  0.034,  26.57,  0.036, 274.76,  0.072,   3.97,  0.052,  50.48,  0.019,  34.51,  0.017,   0.00,  0.135, 254.52,  0.077, 242.10,  0.093, 260.74,-99.000, -99.00,-99.000, -99.00,-99.000, -99.00,-99.000, -99.00,
9/1/2006 05:45:00, 12.0,275.9,  0.6,  3.4, 18.682, 29.04,  0.0,  0.0,  0.150, 158.91,  0.049, 212.38,  0.044, 157.48,  0.106,  49.57,  0.061,  85.31,  0.051,  27.07,  0.073,  38.90,  0.081, 300.36,  0.067,  29.64,  0.014,  21.04,  0.058, 294.36,  0.066, 180.00,  0.099, 216.75,  0.047, 225.00,  0.016, 235.30,  0.090, 200.26,-99.000, -99.00,-99.000, -99.00,-99.000, -99.00,-99.000, -99.00,
9/1/2006 05:50:00, 12.0,275.8,  0.6,  3.5, 18.689, 29.03,  0.0,  0.0,  0.051, 180.00,  0.084, 103.05,  0.045, 216.87,  0.110, 259.00,  0.042, 252.00,  0.065, 248.20,  0.062, 283.13,  0.072, 262.78,  0.065, 281.48,  0.110, 208.19,  0.040, 262.87,  0.016, 333.43,  0.067, 226.81,  0.076, 195.32,  0.124, 184.61,  0.110, 181.56,-99.000, -99.00,-99.000, -99.00,-99.000, -99.00,-99.000, -99.00,
9/1/2006 05:55:00, 12.0,275.8,  0.6,  3.5, 18.698, 29.01,  0.0,  0.0,  0.118, 160.64,  0.053, 150.52,  0.050, 174.29,  0.088, 160.74,  0.140, 214.82,  0.175, 227.09,  0.206, 218.70,  0.146, 243.08,  0.035, 220.43,  0.036, 167.12,  0.034, 245.70,  0.114, 113.20,  0.054, 122.23,  0.088, 155.77,  0.021, 142.59,  0.031, 135.00,-99.000, -99.00,-99.000, -99.00,-99.000, -99.00,-99.000, -99.00,
9/1/2006 06:00:00, 12.0,275.8,  0.6,  3.4, 18.703, 29.00,  0.0,  0.0,  0.089, 185.77,  0.065, 158.20,  0.114, 165.23,  0.023, 162.35,  0.061, 165.74,  0.029, 264.09,  0.062, 287.85,  0.063, 325.30,  0.108, 311.99,  0.065, 296.57,  0.046, 246.80,  0.032,  97.13,  0.061, 290.22,  0.082, 262.27,  0.047, 250.02,  0.044, 251.57,-99.000, -99.00,-99.000, -99.00,-99.000, -99.00,-99.000, -99.00,
9/1/2006 06:05:00, 12.0,275.8,  0.6,  3.5, 18.708, 28.99,  0.0,  0.0,  0.050,  85.43,  0.075, 172.30,  0.075, 183.81,  0.028, 263.88,  0.055, 320.86,  0.077, 188.24,  0.013, 257.01,  0.053, 188.75,  0.085, 235.01,  0.021, 275.44,  0.066, 283.19,  0.063, 193.82,  0.047, 104.93,  0.039, 210.47,  0.049, 253.41,  0.052,   0.00,-99.000, -99.00,-99.000, -99.00,-99.000, -99.00,-99.000, -99.00,
9/1/2006 06:10:00, 12.0,275.8,  0.6,  3.5, 18.704, 28.99,  0.0,  0.0,  0.109, 104.29,  0.047, 178.78,  0.065, 128.80,  0.079, 179.27,  0.106, 156.59,  0.123, 318.64,  0.035, 265.10,  0.038, 116.57,  0.040, 258.41,  0.054, 173.66,  0.029, 316.40,  0.075, 346.89,  0.045, 327.72,  0.090, 305.98,  0.058, 317.79,  0.060, 294.44,-99.000, -99.00,-99.000, -99.00,-99.000, -99.00,-99.000, -99.00,
9/1/2006 06:15:00, 12.0,275.8,  0.6,  3.4, 18.701, 28.98,  0.0,  0.0,  0.131, 149.71,  0.097, 126.63,  0.038, 248.20,  0.060, 146.58,  0.036,  35.91,  0.036, 206.57,  0.023,   4.97,  0.062, 132.40,  0.086, 250.30,  0.049,  72.30,  0.095, 326.98,  0.039, 313.96,  0.053, 308.16,  0.024, 225.00,  0.033, 264.81,  0.074, 356.13,-99.000, -99.00,-99.000, -99.00,-99.000, -99.00,-99.000, -99.00,
9/1/2006 06:20:00, 12.0,275.8,  0.6,  3.5, 18.686, 28.98,  0.0,  0.0,  0.041, 165.96,  0.046,   7.43,  0.071, 330.55,  0.015,  23.20,  0.048, 129.04,  0.033, 317.49,  0.122, 346.30,  0.014,  39.29,  0.058, 302.32,  0.058, 309.43,  0.046, 307.87,  0.035, 194.83,  0.060, 310.29,  0.055, 319.40,  0.078, 319.16,  0.075, 277.70,-99.000, -99.00,-99.000, -99.00,-99.000, -99.00,-99.000, -99.00,
9/1/2006 06:25:00, 12.0,275.7,  0.6,  3.5, 18.679, 28.98,  0.0,  0.0,  0.088,  93.25,  0.036, 221.63,  0.051, 237.88,  0.065, 211.72,  0.079, 184.34,  0.065, 356.48,  0.060, 339.44,  0.072, 206.21,  0.091, 300.21,  0.126, 283.27,  0.074, 247.91,  0.063, 236.06,  0.109, 264.18,  0.029, 266.05,  0.031, 264.47,  0.023, 221.42,-99.000, -99.00,-99.000, -99.00,-99.000, -99.00,-99.000, -99.00,
9/1/2006 06:30:00, 12.0,275.8,  0.6,  3.5, 18.679, 28.98,  0.0,  0.0,  0.068, 175.79,  0.035,  50.83,  0.025, 111.37,  0.033, 287.88,  0.053, 228.81,  0.071, 162.07,  0.089,  98.40,  0.040,  32.91,  0.067, 314.40,  0.047, 245.06,  0.053, 245.38,  0.018, 253.61,  0.077, 143.43,  0.005,  21.80,  0.004, 165.96,  0.047, 186.07,-99.000, -99.00,-99.000, -99.00,-99.000, -99.00,-99.000, -99.00,
9/1/2006 06:35:00, 12.0,275.7,  0.6,  3.5, 18.672, 28.98,  0.0,  0.0,  0.151, 141.16,  0.077,  82.50,  0.108, 153.67,  0.096, 202.02,  0.146, 152.20,  0.077, 164.88,  0.042, 186.79,  0.113, 166.70,  0.054, 294.18,  0.057, 239.38,  0.059, 246.93,  0.095, 276.07,  0.045, 228.58,  0.084, 248.96,  0.033, 234.87,  0.041, 268.60,-99.000, -99.00,-99.000, -99.00,-99.000, -99.00,-99.000, -99.00,
9/1/2006 06:40:00, 12.0,275.8,  0.6,  3.5, 18.666, 28.98,  0.0,  0.0,  0.082, 153.12,  0.060, 171.33,  0.117, 162.03,  0.080, 185.00,  0.069, 179.17,  0.077, 116.23,  0.067, 150.36,  0.004, 243.43,  0.023,  66.80,  0.012, 124.99,  0.029, 223.60,  0.047, 284.93,  0.032, 277.13,  0.095, 208.18,  0.078, 231.80,  0.067, 221.99,-99.000, -99.00,-99.000, -99.00,-99.000, -99.00,-99.000, -99.00,
9/1/2006 06:45:00, 12.0,275.8,  0.6,  3.5, 18.662, 28.98,  0.0,  0.0,  0.096, 157.43,  0.059, 143.33,  0.064, 151.82,  0.110, 130.21,  0.036, 199.44,  0.126, 184.09,  0.054, 160.56,  0.060, 145.24,  0.031, 144.25,  0.068, 259.85,  0.097, 228.76,  0.130, 236.92,  0.051, 210.58,  0.127, 243.23,  0.097, 265.87,  0.037, 276.17,-99.000, -99.00,-99.000, -99.00,-99.000, -99.00,-99.000, -99.00,
9/1/2006 06:50:00, 12.0,275.9,  0.6,  3.5, 18.660, 28.98,  0.0,  0.0,  0.020,   0.00,  0.086,  42.18,  0.206, 157.17,  0.091, 156.80,  0.137, 184.59,  0.028, 297.47,  0.138,  78.69,  0.012, 165.96,  0.052, 237.53,  0.092, 330.64,  0.086, 282.09,  0.046, 254.74,  0.036, 219.40,  0.008, 284.04,  0.054,  35.17,  0.020, 182.86,-99.000, -99.00,-99.000, -99.00,-99.000, -99.00,-99.000, -99.00,
9/1/2006 06:55:00, 12.0,275.7,  0.6,  3.5, 18.659, 28.98,  0.0,  0.0,  0.125,  80.76,  0.054, 137.23,  0.133, 110.76,  0.063, 198.43,  0.090, 207.70,  0.054, 158.20,  0.040, 163.86,  0.092,  88.13,  0.024, 335.56,  0.072, 332.72,  0.065, 312.51,  0.066, 300.07,  0.090, 264.29,  0.065, 306.87,  0.033,  27.35,  0.081, 234.54,-99.000, -99.00,-99.000, -99.00,-99.000, -99.00,-99.000, -99.00,
9/1/2006 07:00:00, 12.0,275.7,  0.6,  3.5, 18.652, 28.98,  0.0,  0.0,  0.017,  25.02,  0.033, 115.02,  0.067, 160.75,  0.109,  90.53,  0.028, 152.53,  0.056, 173.88,  0.087, 175.40,  0.065, 229.97,  0.035,  71.57,  0.117, 315.69,  0.082, 247.81,  0.107, 240.32,  0.021, 234.78,  0.021, 207.76,  0.091, 270.00,  0.094, 270.00,-99.000, -99.00,-99.000, -99.00,-99.000, -99.00,-99.000, -99.00,
9/1/2006 07:05:00, 12.0,275.7,  0.6,  3.4, 18.666, 28.98,  0.0,  0.0,  0.142, 122.35,  0.041,  98.33,  0.168, 125.58,  0.099, 161.20,  0.058, 205.68,  0.123, 155.52,  0.034, 162.65,  0.009,  35.54,  0.059, 115.25,  0.041,  32.15,  0.032,  75.53,  0.004, 326.31,  0.063, 283.82,  0.040, 290.73,  0.010,  90.00,  0.029, 206.57,-99.000, -99.00,-99.000, -99.00,-99.000, -99.00,-99.000, -99.00,
9/1/2006 07:10:00, 12.0,275.7,  0.6,  3.5, 18.663, 28.98,  0.0,  0.0,  0.082, 197.77,  0.044, 233.39,  0.114, 106.84,  0.045,  96.34,  0.089, 108.43,  0.050, 108.80,  0.069, 104.24,  0.052, 102.17,  0.041,  70.25,  0.049,  88.83,  0.071, 218.16,  0.065, 218.11,  0.066, 136.85,  0.078, 112.62,  0.076,  54.64,  0.081,  34.47,-99.000, -99.00,-99.000, -99.00,-99.000, -99.00,-99.000, -99.00,
9/1/2006 07:15:00, 12.0,275.7,  0.6,  3.5, 18.661, 28.99,  0.0,  0.0,  0.142, 147.65,  0.132, 161.02,  0.137, 121.25,  0.122, 166.30,  0.100, 176.00,  0.127,  99.09,  0.036, 195.95,  0.063, 192.93,  0.071, 176.78,  0.085, 212.01,  0.022, 341.57,  0.056, 189.29,  0.074, 173.83,  0.057, 136.43,  0.076, 142.98,  0.011, 248.20,-99.000, -99.00,-99.000, -99.00,-99.000, -99.00,-99.000, -99.00,
9/1/2006 07:20:00, 12.0,275.7,  0.6,  3.5, 18.664, 28.99,  0.0,  0.0,  0.088, 145.22,  0.096, 152.63,  0.149, 133.64,  0.121, 146.44,  0.125, 133.05,  0.134,  86.16,  0.060, 117.85,  0.164, 106.67,  0.084, 175.91,  0.069, 202.87,  0.053, 217.30,  0.075, 216.87,  0.087, 219.38,  0.052, 257.83,  0.015, 168.69,  0.015,  53.13,-99.000, -99.00,-99.000, -99.00,-99.000, -99.00,-99.000, -99.00,
9/1/2006 07:25:00, 12.0,275.7,  0.6,  3.5, 18.673, 28.99,  0.0,  0.0,  0.062,  88.15,  0.084, 130.67,  0.179, 113.41,  0.051, 174.40,  0.165, 122.63,  0.067, 155.34,  0.133,  90.00,  0.087, 177.37,  0.108, 190.16,  0.042, 153.43,  0.019, 158.75,  0.040, 313.99,  0.091, 149.79,  0.058, 247.83,  0.009, 341.57,  0.032, 244.23,-99.000, -99.00,-99.000, -99.00,-99.000, -99.00,-99.000, -99.00,
9/1/2006 07:30:00, 12.0,275.7,  0.6,  3.5, 18.656, 29.00,  0.0,  0.0,  0.104, 149.98,  0.069, 134.41,  0.051,  97.82,  0.128, 168.25,  0.162, 161.23,  0.071, 108.95,  0.074,  66.19,  0.054, 211.33,  0.032, 358.21,  0.030,  21.45,  0.052, 124.90,  0.071, 166.16,  0.024, 138.37,  0.068, 353.29,  0.003,  45.00,  0.045,  95.08,-99.000, -99.00,-99.000, -99.00,-99.000, -99.00,-99.000, -99.00,
9/1/2006 07:35:00, 12.0,275.7,  0.6,  3.5, 18.657, 29.00,  0.0,  0.0,  0.154, 161.80,  0.150, 102.74,  0.148, 181.93,  0.132, 160.05,  0.081, 116.25,  0.137,  88.75,  0.113, 106.50,  0.141, 134.71,  0.046, 137.64,  0.055, 267.92,  0.038, 218.66,  0.034, 243.43,  0.045, 150.57,  0.036, 239.86,  0.061, 148.39,  0.054, 163.91,-99.000, -99.00,-99.000, -99.00,-99.000, -99.00,-99.000, -99.00,
9/1/2006 07:40:00, 12.0,275.7,  0.6,  3.5, 18.659, 29.00,  0.0,  0.0,  0.143,  99.66,  0.185, 135.44,  0.194, 103.39,  0.119, 151.27,  0.103, 101.75,  0.089, 109.65,  0.047, 151.78,  0.071, 125.26,  0.034, 115.82,  0.015,  42.27,  0.041, 195.75,  0.076, 181.51,  0.040, 220.91,  0.022, 200.85,  0.056,  65.73,  0.052, 276.58,-99.000, -99.00,-99.000, -99.00,-99.000, -99.00,-99.000, -99.00,
9/1/2006 07:45:00, 12.0,275.9,  0.6,  3.5, 18.663, 29.00,  0.0,  0.0,  0.137, 166.07,  0.037, 124.99,  0.130, 109.27,  0.059, 153.00,  0.119, 154.08,  0.087, 133.60,  0.071,  41.57,  0.084,  84.56,  0.065,  70.17,  0.037, 263.83,  0.034,   8.37,  0.057, 217.87,  0.092, 195.09,  0.030, 235.78,  0.061, 325.01,  0.184, 252.94,-99.000, -99.00,-99.000, -99.00,-99.000, -99.00,-99.000, -99.00,
9/1/2006 07:50:00, 12.0,275.7,  0.6,  3.5, 18.654, 29.00,  0.0,  0.0,  0.063,  88.18,  0.130,  98.38,  0.169, 105.76,  0.052, 161.92,  0.030, 240.02,  0.064, 156.22,  0.029, 180.00,  0.093, 120.43,  0.063, 142.77,  0.041, 112.83,  0.102, 132.61,  0.083, 199.75,  0.039, 267.06,  0.096,  19.37,  0.047,  78.93,  0.095, 202.25,-99.000, -99.00,-99.000, -99.00,-99.000, -99.00,-99.000, -99.00,
9/1/2006 07:55:00, 12.0,275.7,  0.6,  3.4, 18.666, 29.01,  0.0,  0.0,  0.108, 111.11,  0.061,  98.53,  0.153, 121.09,  0.105, 158.10,  0.134, 151.90,  0.117, 131.88,  0.102, 160.50,  0.057, 112.54,  0.101, 199.16,  0.050, 203.50,  0.105, 181.09,  0.060, 139.71,  0.076, 207.24,  0.057, 143.53,  0.050, 146.31,  0.066, 195.95,-99.000, -99.00,-99.000, -99.00,-99.000, -99.00,-99.000, -99.00,
9/1/2006 08:00:00, 12.0,275.8,  0.6,  3.5, 18.665, 29.02,  0.0,  0.0,  0.143, 170.34,  0.101, 117.84,  0.042, 118.39,  0.078, 143.86,  0.060, 140.44,  0.051, 147.88,  0.070, 141.34,  0.059, 153.87,  0.053,  94.32,  0.044, 270.00,  0.038, 109.86,  0.093, 146.82,  0.052, 135.78,  0.045, 138.58,  0.126, 172.71,  0.151, 173.91,-99.000, -99.00,-99.000, -99.00,-99.000, -99.00,-99.000, -99.00,
9/1/2006 08:05:00, 12.0,275.8,  0.6,  3.4, 18.651, 29.02,  0.0,  0.0,  0.048, 196.93,  0.057, 111.61,  0.121, 110.83,  0.177, 139.36,  0.096, 132.88,  0.134, 138.93,  0.138, 130.29,  0.131, 111.07,  0.086, 177.34,  0.165, 169.51,  0.092, 196.46,  0.049, 189.46,  0.056, 187.13,  0.036, 141.84,  0.078, 184.40,  0.070, 259.33,-99.000, -99.00,-99.000, -99.00,-99.000, -99.00,-99.000, -99.00,
9/1/2006 08:10:00, 12.0,275.6,  0.6,  3.5, 18.656, 29.03,  0.0,  0.0,  0.171, 126.67,  0.123, 113.44,  0.195, 132.10,  0.113, 126.36,  0.161, 111.93,  0.050,  40.97,  0.135, 112.59,  0.143, 113.88,  0.065, 166.61,  0.086, 138.75,  0.046, 190.08,  0.037, 133.92,  0.080, 136.52,  0.026, 159.44,  0.004, 165.96,  0.064, 327.80,-99.000, -99.00,-99.000, -99.00,-99.000, -99.00,-99.000, -99.00,
9/1/2006 08:15:00, 12.0,275.6,  0.6,  3.5, 18.657, 29.03,  0.0,  0.0,  0.124, 106.39,  0.104, 140.48,  0.111, 136.82,  0.062, 135.66,  0.066, 126.35,  0.037,  34.11,  0.099, 130.48,  0.117,  80.62,  0.139, 120.82,  0.134, 202.75,  0.096, 182.39,  0.170, 154.64,  0.082, 139.47,  0.063, 217.95,  0.081, 184.24,  0.031, 149.35,-99.000, -99.00,-99.000, -99.00,-99.000, -99.00,-99.000, -99.00,
9/1/2006 08:20:00, 12.0,275.7,  0.6,  3.5, 18.651, 29.03,  0.0,  0.0,  0.215, 129.91,  0.086, 143.53,  0.130, 117.55,  0.032, 123.69,  0.105, 139.64,  0.161, 132.73,  0.189, 101.90,  0.130, 137.82,  0.181, 127.12,  0.074, 137.20,  0.074, 134.45,  0.065, 124.42,  0.111, 131.33,  0.064,  90.00,  0.124, 107.85,  0.140, 151.78,-99.000, -99.00,-99.000, -99.00,-99.000, -99.00,-99.000, -99.00,
9/1/2006 08:25:00, 12.0,275.8,  0.6,  3.5, 18.654, 29.03,  0.0,  0.0,  0.054, 130.49,  0.158, 140.38,  0.045, 101.56,  0.075, 118.61,  0.103, 202.32,  0.044, 149.93,  0.051, 172.18,  0.069,  96.61,  0.107, 166.48,  0.137,  99.67,  0.141, 132.99,  0.157, 123.28,  0.122, 118.87,  0.061, 101.31,  0.045, 152.30,  0.125, 233.77,-99.000, -99.00,-99.000, -99.00,-99.000, -99.00,-99.000, -99.00,
9/1/2006 08:30:00, 12.0,275.6,  0.6,  3.4, 18.662, 29.02,  0.0,  0.0,  0.080,  74.05,  0.065, 107.88,  0.042, 358.64,  0.161, 159.65,  0.083, 189.01,  0.086, 196.96,  0.076, 183.76,  0.054, 153.43,  0.036, 184.76,  0.177, 123.24,  0.055, 145.44,  0.155, 115.57,  0.123, 127.71,  0.067, 174.88,  0.067, 130.79,  0.110, 289.58,-99.000, -99.00,-99.000, -99.00,-99.000, -99.00,-99.000, -99.00,
9/1/2006 08:35:00, 12.0,275.8,  0.6,  3.5, 18.673, 29.02,  0.0,  0.0,  0.054, 169.32,  0.059, 113.07,  0.067, 205.80,  0.024,  48.37,  0.107, 176.26,  0.042, 204.10,  0.054, 139.51,  0.092, 197.06,  0.051, 160.50,  0.057, 170.87,  0.093, 168.81,  0.104, 146.77,  0.059,  97.85,  0.073, 183.14,  0.119, 145.64,  0.090, 194.81,-99.000, -99.00,-99.000, -99.00,-99.000, -99.00,-99.000, -99.00,
9/1/2006 08:40:00, 12.0,275.7,  0.6,  3.4, 18.678, 29.02,  0.0,  0.0,  0.049, 116.57,  0.076, 359.25,  0.008, 119.74,  0.081, 105.75,  0.044, 353.52,  0.135, 100.65,  0.068, 206.19,  0.019, 176.99,  0.067, 174.04,  0.098, 184.67,  0.045, 237.72,  0.061, 120.32,  0.043, 176.01,  0.079, 249.27,  0.032, 208.18,  0.118, 283.21,-99.000, -99.00,-99.000, -99.00,-99.000, -99.00,-99.000, -99.00,
9/1/2006 08:45:00, 12.0,275.8,  0.6,  3.5, 18.682, 29.02,  0.0,  0.0,  0.120, 328.95,  0.008,   7.13,  0.111, 185.71,  0.050, 348.47,  0.088, 217.13,  0.117, 230.19,  0.030,  47.73,  0.038, 262.50,  0.042, 337.69,  0.023, 287.65,  0.110, 281.51,  0.030,   3.81,  0.029,  90.00,  0.069, 137.34,  0.052,  93.30,  0.084, 229.84,-99.000, -99.00,-99.000, -99.00,-99.000, -99.00,-99.000, -99.00,
9/1/2006 08:50:00, 12.0,275.7,  0.6,  3.5, 18.691, 29.02,  0.0,  0.0,  0.069, 163.14,  0.053, 330.52,  0.050,  80.73,  0.067, 359.14,  0.006, 300.96,  0.031, 284.93,  0.052, 347.83,  0.097, 129.96,  0.009, 186.34,  0.044, 276.48,  0.090, 251.97,  0.078, 275.13,  0.053, 354.61,  0.038, 356.99,  0.031,  58.39,  0.109, 248.39,-99.000, -99.00,-99.000, -99.00,-99.000, -99.00,-99.000, -99.00,
9/1/2006 08:55:00, 12.0,275.7,  0.6,  3.5, 18.684, 29.02,  0.0,  0.0,  0.044, 230.53,  0.128, 297.97,  0.030, 279.46,  0.021,  35.22,  0.031, 125.75,  0.054, 123.69,  0.057, 132.14,  0.105,  88.36,  0.041,   2.79,  0.097, 295.77,  0.063, 168.16,  0.032, 241.82,  0.033,  64.98,  0.038, 259.29,  0.029,  60.75,  0.018, 292.38,-99.000, -99.00,-99.000, -99.00,-99.000, -99.00,-99.000, -99.00,
9/1/2006 09:00:00, 12.0,275.8,  0.6,  3.5, 18.679, 29.02,  0.0,  0.0,  0.071, 319.57,  0.124, 355.85,  0.093, 302.66,  0.064,  65.04,  0.061, 317.66,  0.060,  61.31,  0.037, 347.47,  0.127, 261.87,  0.044, 174.81,  0.050, 327.26,  0.096, 292.02,  0.067, 280.30,  0.048, 289.57,  0.028, 207.47,  0.070, 165.96,  0.068, 260.68,-99.000, -99.00,-99.000, -99.00,-99.000, -99.00,-99.000, -99.00,
9/1/2006 09:05:00, 12.0,275.8,  0.6,  3.5, 18.682, 29.02,  0.0,  0.0,  0.051,  13.50,  0.121,   8.53,  0.022, 185.19,  0.047, 274.86,  0.003, 288.43,  0.030,   3.81,  0.005, 248.20,  0.067,  36.53,  0.043,  32.57,  0.023,  25.46,  0.046,  44.12,  0.019,   3.01,  0.025, 295.56,  0.035, 266.73,  0.078, 343.65,  0.095, 354.59,-99.000, -99.00,-99.000, -99.00,-99.000, -99.00,-99.000, -99.00,
9/1/2006 09:10:00, 12.0,275.8,  0.6,  3.5, 18.685, 29.02,  0.0,  0.0,  0.085, 343.69,  0.060,  11.50,  0.117, 346.20,  0.128, 325.19,  0.011,  10.30,  0.044, 353.52,  0.050, 352.03,  0.089, 311.79,  0.001, 225.00,  0.074, 314.45,  0.021,  90.00,  0.018, 247.62,  0.042, 256.29,  0.073, 265.30,  0.152, 276.42,  0.142, 256.94,-99.000, -99.00,-99.000, -99.00,-99.000, -99.00,-99.000, -99.00,
9/1/2006 09:15:00, 12.0,275.7,  0.6,  3.4, 18.679, 29.02,  0.0,  0.0,  0.053, 353.54,  0.129, 331.85,  0.057, 294.78,  0.057, 250.62,  0.099,  45.00,  0.023, 340.02,  0.071,  97.33,  0.057, 129.29,  0.024,  48.37,  0.059,  33.15,  0.069, 331.59,  0.023, 329.04,  0.035, 270.00,  0.064, 262.76,  0.065, 321.20,  0.112, 256.58,-99.000, -99.00,-99.000, -99.00,-99.000, -99.00,-99.000, -99.00,
9/1/2006 09:20:00, 12.0,275.7,  0.6,  3.5, 18.686, 29.02,  0.0,  0.0,  0.083, 322.85,  0.145,  49.18,  0.088,  28.61,  0.078, 218.77,  0.061, 216.30,  0.044, 357.40,  0.021, 267.27,  0.027,  61.56,  0.004, 270.00,  0.069, 315.59,  0.063,  80.84,  0.059, 297.00,  0.065, 293.43,  0.032, 124.70,  0.040, 196.14,  0.059, 212.62,-99.000, -99.00,-99.000, -99.00,-99.000, -99.00,-99.000, -99.00,
9/1/2006 09:25:00, 12.0,275.8,  0.6,  3.5, 18.693, 29.01,  0.0,  0.0,  0.112, 339.15,  0.076, 325.68,  0.085, 335.83,  0.114, 333.43,  0.054, 196.09,  0.090,  43.65,  0.059, 353.23,  0.082, 250.68,  0.063,  21.30,  0.102, 320.99,  0.039, 283.32,  0.067, 299.64,  0.085, 314.05,  0.061, 291.10,  0.030, 325.78,  0.147, 267.66,-99.000, -99.00,-99.000, -99.00,-99.000, -99.00,-99.000, -99.00,
9/1/2006 09:30:00, 11.9,275.7,  0.6,  3.4, 18.702, 28.99,  0.0,  0.0,  0.155, 253.90,  0.090, 298.56,  0.076, 295.56,  0.083, 338.71,  0.060,  15.42,  0.018, 350.54,  0.035, 288.43,  0.028, 232.31,  0.045,  32.28,  0.080, 309.44,  0.028, 312.14,  0.057, 342.53,  0.136, 312.61,  0.032, 282.72,  0.008,  75.96,  0.085, 216.87,-99.000, -99.00,-99.000, -99.00,-99.000, -99.00,-99.000, -99.00,
9/1/2006 09:35:00, 11.9,275.8,  0.6,  3.5, 18.697, 28.97,  0.0,  0.0,  0.047, 341.57,  0.049, 222.51,  0.059,  88.06,  0.009,  69.44,  0.070,  30.96,  0.043, 349.22,  0.055,   3.12,  0.080, 355.00,  0.126, 355.01,  0.102,   4.48,  0.057, 305.66,  0.047, 308.09,  0.131, 335.59,  0.080, 341.79,  0.091, 284.04,  0.155, 232.61,-99.000, -99.00,-99.000, -99.00,-99.000, -99.00,-99.000, -99.00,
9/1/2006 09:40:00, 11.9,275.9,  0.6,  3.5, 18.702, 28.96,  0.0,  0.0,  0.011, 254.74,  0.046, 319.40,  0.020, 249.78,  0.067, 318.65,  0.063, 218.52,  0.020, 275.71,  0.075, 333.78,  0.014, 282.09,  0.074, 277.80,  0.032,   0.00,  0.090,   5.08,  0.159, 354.94,  0.090, 324.90,  0.118, 326.04,  0.093,  36.25,  0.164, 212.04,-99.000, -99.00,-99.000, -99.00,-99.000, -99.00,-99.000, -99.00,
9/1/2006 09:45:00, 11.9,275.9,  0.6,  3.5, 18.713, 28.96,  0.0,  0.0,  0.027, 257.01,  0.079, 316.02,  0.081, 331.22,  0.128, 351.93,  0.055, 282.53,  0.044, 316.85,  0.078, 346.68,  0.079, 311.93,  0.064, 351.87,  0.110, 312.80,  0.133, 301.78,  0.125, 300.26,  0.102, 284.17,  0.107, 311.59,  0.087, 303.69,  0.031, 299.05,-99.000, -99.00,-99.000, -99.00,-99.000, -99.00,-99.000, -99.00,
9/1/2006 09:50:00, 11.9,275.7,  0.6,  3.5, 18.714, 28.95,  0.0,  0.0,  0.164, 294.85,  0.110, 334.60,  0.152, 339.53,  0.125, 296.57,  0.023, 336.80,  0.125, 359.08,  0.110, 313.89,  0.138, 327.46,  0.077,  22.91,  0.017, 259.99,  0.016,   3.58,  0.118, 318.45,  0.082, 306.59,  0.004,  33.69,  0.043, 356.01,  0.110, 292.38,-99.000, -99.00,-99.000, -99.00,-99.000, -99.00,-99.000, -99.00,
9/1/2006 09:55:00, 11.9,275.7,  0.6,  3.5, 18.717, 28.96,  0.0,  0.0,  0.122, 314.67,  0.129, 300.13,  0.106, 286.39,  0.064, 299.74,  0.041,  68.46,  0.033,  77.66,  0.069, 306.21,  0.106, 278.13,  0.080, 308.88,  0.047, 353.93,  0.110, 270.00,  0.090, 271.91,  0.092, 285.09,  0.015, 331.70,  0.073, 303.25,  0.090, 213.69,-99.000, -99.00,-99.000, -99.00,-99.000, -99.00,-99.000, -99.00,
9/1/2006 10:00:00, 11.9,275.8,  0.6,  3.4, 18.726, 28.97,  0.0,  0.0,  0.068, 267.47,  0.053,  14.30,  0.140, 326.99,  0.170, 301.25,  0.088, 307.65,  0.132, 316.85,  0.077, 316.58,  0.112, 308.82,  0.071,  25.84,  0.117, 337.83,  0.041, 274.18,  0.020, 162.47,  0.060,  27.85,  0.020, 252.47,  0.133, 273.44,  0.068, 251.03,-99.000, -99.00,-99.000, -99.00,-99.000, -99.00,-99.000, -99.00,
9/1/2006 10:05:00, 11.9,275.9,  0.6,  3.5, 18.735, 28.97,  0.0,  0.0,  0.084, 305.78,  0.042, 250.71,  0.060,  19.33,  0.112, 295.88,  0.044,  39.47,  0.050, 276.84,  0.028,  49.40,  0.016,   0.00,  0.065, 180.00,  0.151, 290.11,  0.105, 270.55,  0.039, 238.78,  0.111, 263.77,  0.070, 330.87,  0.102, 329.42,  0.082, 237.48,-99.000, -99.00,-99.000, -99.00,-99.000, -99.00,-99.000, -99.00,
9/1/2006 10:10:00, 11.9,275.8,  0.6,  3.5, 18.742, 28.97,  0.0,  0.0,  0.152, 304.00,  0.097,   3.54,  0.161, 333.43,  0.075, 352.30,  0.055,  39.14,  0.107, 305.91,  0.061, 287.24,  0.033,   3.47,  0.077,  12.77,  0.060, 338.55,  0.062, 330.14,  0.123, 334.06,  0.042, 355.91,  0.065, 327.53,  0.056, 334.80,  0.095, 246.96,-99.000, -99.00,-99.000, -99.00,-99.000, -99.00,-99.000, -99.00,
9/1/2006 10:15:00, 11.9,275.8,  0.6,  3.5, 18.747, 28.97,  0.0,  0.0,  0.136, 327.59,  0.079, 359.27,  0.152, 305.89,  0.093, 331.78,  0.075, 345.41,  0.153, 350.60,  0.109,   2.63,  0.106,   3.78,  0.042, 289.29,  0.133, 327.63,  0.094, 332.07,  0.095, 320.96,  0.045, 321.34,  0.058, 182.96,  0.119, 256.90,  0.139, 243.99,-99.000, -99.00,-99.000, -99.00,-99.000, -99.00,-99.000, -99.00,
9/1/2006 10:20:00, 11.9,275.8,  0.6,  3.4, 18.757, 28.97,  0.0,  0.0,  0.123, 289.03,  0.081,   7.13,  0.182,   1.26,  0.159, 320.89,  0.089, 337.48,  0.126, 320.49,  0.168,   6.49,  0.164, 315.49,  0.054, 331.05,  0.073, 340.82,  0.070, 334.54,  0.056, 106.50,  0.040,  10.18,  0.096, 283.89,  0.093, 266.92,  0.211, 239.78,-99.000, -99.00,-99.000, -99.00,-99.000, -99.00,-99.000, -99.00,
9/1/2006 10:25:00, 11.9,275.8,  0.6,  3.5, 18.749, 28.98,  0.0,  0.0,  0.084,   6.87,  0.028, 244.36,  0.083, 350.31,  0.065,  55.08,  0.153, 336.46,  0.115, 334.32,  0.040,  42.95,  0.052, 353.42,  0.052, 284.57,  0.061, 338.90,  0.069, 329.74,  0.058, 358.03,  0.063, 329.35,  0.088, 275.19,  0.043, 312.18,  0.089, 230.94,-99.000, -99.00,-99.000, -99.00,-99.000, -99.00,-99.000, -99.00,
9/1/2006 10:30:00, 11.9,275.7,  0.6,  3.5, 18.749, 28.98,  0.0,  0.0,  0.031, 328.39,  0.130, 295.58,  0.172, 343.14,  0.020,   0.00,  0.113, 301.57,  0.113, 305.24,  0.083, 308.12,  0.140, 321.66,  0.086, 313.12,  0.014, 248.96,  0.064, 344.67,  0.079, 343.86,  0.009,  26.57,  0.019,  55.49,  0.085,  12.24,  0.170, 244.64,-99.000, -99.00,-99.000, -99.00,-99.000, -99.00,-99.000, -99.00,
9/1/2006 10:35:00, 11.9,275.7,  0.6,  3.5, 18.759, 28.99,  0.0,  0.0,  0.072,  96.34,  0.042, 348.96,  0.090,  49.05,  0.230, 312.36,  0.062, 309.81,  0.099, 330.33,  0.132, 302.60,  0.043,  88.67,  0.058, 288.12,  0.061, 323.70,  0.080,  59.90,  0.153, 302.44,  0.105, 329.78,  0.099, 338.63,  0.054, 294.18,  0.148, 251.93,-99.000, -99.00,-99.000, -99.00,-99.000, -99.00,-99.000, -99.00,
9/1/2006 10:40:00, 11.9,275.7,  0.6,  3.4, 18.761, 28.99,  0.0,  0.0,  0.026,   0.00,  0.041, 347.32,  0.116,   5.46,  0.115, 331.87,  0.107, 324.52,  0.069, 346.57,  0.126, 318.22,  0.154, 336.61,  0.094, 321.05,  0.191, 301.94,  0.130, 313.13,  0.128, 336.45,  0.071,   0.00,  0.147,  30.56,  0.145, 335.92,  0.137, 246.42,-99.000, -99.00,-99.000, -99.00,-99.000, -99.00,-99.000, -99.00,
9/1/2006 10:45:00, 11.9,275.8,  0.6,  3.5, 18.764, 28.99,  0.0,  0.0,  0.098, 277.05,  0.051,   1.12,  0.109, 342.90,  0.025, 341.57,  0.085, 310.24,  0.065, 287.88,  0.068, 301.11,  0.114, 292.08,  0.090, 292.86,  0.110, 311.68,  0.090, 313.65,  0.077, 268.51,  0.072, 285.40,  0.065, 337.38,  0.068,  13.63,  0.099, 235.67,-99.000, -99.00,-99.000, -99.00,-99.000, -99.00,-99.000, -99.00,
9/1/2006 10:50:00, 11.9,275.9,  0.6,  3.5, 18.761, 29.00,  0.0,  0.0,  0.156,   5.16,  0.156, 334.09,  0.042,  51.77,  0.061, 246.80,  0.089, 341.57,  0.074, 293.81,  0.096, 296.57,  0.054, 339.57,  0.089, 325.06,  0.116, 338.75,  0.052,  11.09,  0.124, 332.61,  0.117, 344.19,  0.062, 352.53,  0.062, 284.93,  0.069, 231.47,-99.000, -99.00,-99.000, -99.00,-99.000, -99.00,-99.000, -99.00,
9/1/2006 10:55:00, 11.9,275.8,  0.6,  3.4, 18.766, 29.01,  0.0,  0.0,  0.070, 297.30,  0.084, 357.27,  0.121, 335.56,  0.136, 279.74,  0.026, 110.56,  0.095, 225.00,  0.096, 337.43,  0.061, 286.07,  0.041, 304.08,  0.052, 345.43,  0.124, 335.29,  0.111, 346.97,  0.078, 325.91,  0.091, 341.37,  0.052, 328.47,  0.136, 225.89,-99.000, -99.00,-99.000, -99.00,-99.000, -99.00,-99.000, -99.00,
9/1/2006 11:00:00, 11.9,275.7,  0.6,  3.5, 18.780, 29.01,  0.0,  0.0,  0.125, 307.87,  0.106, 316.53,  0.071, 284.62,  0.166, 333.90,  0.069,   4.14,  0.045, 262.41,  0.067,   0.86,  0.103, 358.89,  0.077, 355.54,  0.155, 358.89,  0.121,   7.13,  0.085, 350.54,  0.018,  19.44,  0.002, 116.57,  0.040, 309.99,  0.102, 253.52,-99.000, -99.00,-99.000, -99.00,-99.000, -99.00,-99.000, -99.00,
9/1/2006 11:05:00, 11.9,275.9,  0.6,  3.4, 18.778, 29.01,  0.0,  0.0,  0.029, 333.43,  0.090, 114.29,  0.106, 318.05,  0.084, 317.91,  0.082, 296.88,  0.073, 288.43,  0.051, 294.54,  0.075, 304.74,  0.081, 315.00,  0.067, 327.26,  0.098, 298.66,  0.041,   4.18,  0.072, 316.12,  0.050,  50.63,  0.050, 304.33,  0.050, 229.03,-99.000, -99.00,-99.000, -99.00,-99.000, -99.00,-99.000, -99.00,
9/1/2006 11:10:00, 11.9,275.8,  0.6,  3.5, 18.784, 29.02,  0.0,  0.0,  0.184, 345.51,  0.072, 335.56,  0.062, 304.46,  0.055,  60.64,  0.085, 343.69,  0.052, 263.42,  0.098, 282.34,  0.049, 327.62,  0.021, 209.05,  0.072, 354.45,  0.086, 353.29,  0.120, 301.05,  0.134, 290.46,  0.106, 268.38,  0.120, 286.93,  0.055, 297.95,-99.000, -99.00,-99.000, -99.00,-99.000, -99.00,-99.000, -99.00,
9/1/2006 11:15:00, 11.9,275.8,  0.6,  3.5, 18.790, 29.02,  0.0,  0.0,  0.129, 347.91,  0.027, 344.93,  0.118, 308.13,  0.056, 327.45,  0.040, 330.26,  0.093, 276.82,  0.144, 301.03,  0.037, 327.17,  0.053, 307.30,  0.088, 340.13,  0.081, 317.49,  0.100, 303.22,  0.086, 261.30,  0.096, 250.43,  0.041,  92.79,  0.012,  80.54,-99.000, -99.00,-99.000, -99.00,-99.000, -99.00,-99.000, -99.00,
9/1/2006 11:20:00, 11.9,275.8,  0.6,  3.5, 18.797, 29.03,  0.0,  0.0,  0.172,   0.00,  0.065, 351.12,  0.116, 263.06,  0.175, 315.00,  0.148, 319.95,  0.055, 276.23,  0.059,   3.88,  0.033,   3.47,  0.065, 335.41,  0.157, 318.09,  0.087, 303.69,  0.128, 321.34,  0.028, 135.00,  0.098, 209.96,  0.044, 228.69,  0.055, 270.00,-99.000, -99.00,-99.000, -99.00,-99.000, -99.00,-99.000, -99.00,
9/1/2006 11:25:00, 11.9,275.8,  0.6,  3.5, 18.815, 29.04,  0.0,  0.0,  0.129, 299.36,  0.042,  55.56,  0.090, 332.86,  0.120, 312.63,  0.059, 326.04,  0.063, 329.35,  0.144, 346.35,  0.079, 300.47,  0.095, 339.09,  0.086, 344.51,  0.074, 325.45,  0.021, 320.91,  0.113, 257.69,  0.108, 232.50,  0.064, 228.14,  0.020,  14.74,-99.000, -99.00,-99.000, -99.00,-99.000, -99.00,-99.000, -99.00,
9/1/2006 11:30:00, 11.9,275.8,  0.6,  3.5, 18.815, 29.05,  0.0,  0.0,  0.069, 337.89,  0.142,   1.21,  0.007,   0.00,  0.122, 334.70,  0.098, 333.96,  0.050, 319.90,  0.128, 289.56,  0.114, 314.64,  0.042, 283.71,  0.094, 270.61,  0.067, 272.56,  0.096, 279.56,  0.087, 285.95,  0.128, 286.74,  0.076, 308.07,  0.055, 128.33,-99.000, -99.00,-99.000, -99.00,-99.000, -99.00,-99.000, -99.00,
9/1/2006 11:35:00, 11.9,275.8,  0.6,  3.5, 18.823, 29.05,  0.0,  0.0,  0.057, 312.88,  0.047, 350.13,  0.150, 329.50,  0.088, 346.12,  0.063, 322.77,  0.124, 340.69,  0.084, 330.09,  0.101, 358.87,  0.100, 330.61,  0.032, 343.81,  0.091, 318.11,  0.134, 285.18,  0.050, 253.74,  0.086, 252.41,  0.034,   0.00,  0.022,  90.00,-99.000, -99.00,-99.000, -99.00,-99.000, -99.00,-99.000, -99.00,
9/1/2006 11:40:00, 11.9,275.8,  0.6,  3.5, 18.830, 29.06,  0.0,  0.0,  0.114,   7.06,  0.060, 320.44,  0.100,   4.57,  0.136, 295.81,  0.056, 314.27,  0.144, 344.71,  0.041, 344.62,  0.059,   9.78,  0.029,  36.47,  0.187, 318.90,  0.090, 318.15,  0.111,   0.00,  0.083,   9.69,  0.012, 155.56,  0.101, 132.20,  0.112, 191.31,-99.000, -99.00,-99.000, -99.00,-99.000, -99.00,-99.000, -99.00,
9/1/2006 11:45:00, 11.9,275.8,  0.6,  3.5, 18.835, 29.06,  0.0,  0.0,  0.124, 326.18,  0.089, 311.79,  0.046, 322.88,  0.171, 297.16,  0.143, 307.35,  0.159, 311.19,  0.033,  21.16,  0.062, 349.78,  0.100, 351.95,  0.103,   5.55,  0.137, 316.18,  0.085, 294.17,  0.036, 348.69,  0.141, 323.94,  0.076, 337.50,  0.081, 256.48,-99.000, -99.00,-99.000, -99.00,-99.000, -99.00,-99.000, -99.00,
9/1/2006 11:50:00, 11.9,275.9,  0.6,  3.5, 18.837, 29.07,  0.0,  0.0,  0.047,  41.53,  0.039,  53.43,  0.082, 282.00,  0.086, 315.47,  0.106, 293.91,  0.044, 271.30,  0.086, 288.23,  0.153, 288.67,  0.119, 309.19,  0.113, 339.80,  0.090,  22.28,  0.039, 214.51,  0.025, 211.76,  0.052, 272.20,  0.031, 321.63,  0.046, 237.34,-99.000, -99.00,-99.000, -99.00,-99.000, -99.00,-99.000, -99.00,
9/1/2006 11:55:00, 11.9,275.8,  0.6,  3.5, 18.840, 29.07,  0.0,  0.0,  0.117, 338.93,  0.125, 336.50,  0.057,   5.01,  0.040, 336.61,  0.085, 354.62,  0.123, 296.57,  0.082, 334.69,  0.061,  30.32,  0.035, 341.57,  0.119, 348.88,  0.150, 341.69,  0.126, 336.68,  0.141, 327.44,  0.214, 315.76,  0.076,  21.52,  0.082, 176.51,-99.000, -99.00,-99.000, -99.00,-99.000, -99.00,-99.000, -99.00,
9/1/2006 12:00:00, 11.9,275.8,  0.6,  3.5, 18.843, 29.07,  0.0,  0.0,  0.110, 305.42,  0.109, 331.56,  0.141, 329.25,  0.087,  55.76,  0.059, 250.35,  0.069, 304.38,  0.097, 320.42,  0.110, 309.47,  0.060,  27.85,  0.119, 320.44,  0.075, 304.74,  0.100, 314.59,  0.041, 295.94,  0.074, 311.70,  0.041, 292.83,  0.069, 250.51,-99.000, -99.00,-99.000, -99.00,-99.000, -99.00,-99.000, -99.00,
9/1/2006 12:05:00, 11.9,275.9,  0.6,  3.5, 18.849, 29.08,  0.0,  0.0,  0.096, 330.77,  0.179, 357.12,  0.105, 341.74,  0.025,  90.00,  0.110, 326.45,  0.163, 328.55,  0.184, 323.38,  0.125, 314.68,  0.075, 303.06,  0.098, 304.18,  0.097, 317.92,  0.095, 287.86,  0.049, 289.18,  0.048, 219.04,  0.090, 235.43,  0.051, 209.60,-99.000, -99.00,-99.000, -99.00,-99.000, -99.00,-99.000, -99.00,
9/1/2006 12:10:00, 11.9,275.8,  0.6,  3.4, 18.853, 29.08,  0.0,  0.0,  0.090, 344.58,  0.138,  27.12,  0.106, 311.54,  0.120, 303.82,  0.127, 311.48,  0.092,   0.00,  0.069, 288.70,  0.120, 266.19,  0.091, 313.21,  0.026, 321.34,  0.143, 310.73,  0.114, 311.09,  0.076, 286.05,  0.020, 229.09,  0.048,  15.78,  0.092, 278.13,-99.000, -99.00,-99.000, -99.00,-99.000, -99.00,-99.000, -99.00,
9/1/2006 12:15:00, 11.9,275.9,  0.6,  3.4, 18.852, 29.08,  0.0,  0.0,  0.087,   5.91,  0.016, 345.07,  0.082, 352.96,  0.129, 327.05,  0.117, 353.61,  0.087, 329.04,  0.127, 341.71,  0.126,   8.19,  0.144, 330.40,  0.064,   0.90,  0.072, 291.21,  0.147, 292.38,  0.135, 283.73,  0.048, 272.39,  0.122, 270.47,  0.110, 223.89,-99.000, -99.00,-99.000, -99.00,-99.000, -99.00,-99.000, -99.00,
9/1/2006 12:20:00, 11.9,275.7,  0.6,  3.4, 18.858, 29.09,  0.0,  0.0,  0.151, 303.90,  0.165, 324.38,  0.152, 326.00,  0.156, 300.52,  0.063, 356.37,  0.142, 351.07,  0.055,  19.09,  0.079, 297.86,  0.072, 243.43,  0.088, 321.95,  0.051, 277.82,  0.037, 183.09,  0.089, 242.57,  0.069, 282.62,  0.018, 170.54,  0.102, 229.76,-99.000, -99.00,-99.000, -99.00,-99.000, -99.00,-99.000, -99.00,
9/1/2006 12:25:00, 11.9,275.8,  0.6,  3.5, 18.864, 29.09,  0.0,  0.0,  0.068,   6.71,  0.178, 303.51,  0.089, 345.03,  0.108, 352.55,  0.173, 335.36,  0.084,  20.16,  0.146, 357.65,  0.105, 356.73,  0.070, 310.33,  0.134, 293.31,  0.143, 320.96,  0.105, 292.41,  0.104, 270.00,  0.063, 274.54,  0.094, 338.09,  0.075, 288.68,-99.000, -99.00,-99.000, -99.00,-99.000, -99.00,-99.000, -99.00,
9/1/2006 12:30:00, 11.9,275.9,  0.6,  3.5, 18.880, 29.09,  0.0,  0.0,  0.112, 328.86,  0.114, 356.99,  0.146, 333.61,  0.089, 307.26,  0.116, 303.00,  0.140, 308.34,  0.163, 340.68,  0.119, 295.92,  0.100, 321.52,  0.113, 311.76,  0.087, 290.94,  0.102, 288.79,  0.118, 302.21,  0.125, 310.80,  0.094, 328.51,  0.079, 203.01,-99.000, -99.00,-99.000, -99.00,-99.000, -99.00,-99.000, -99.00,
9/1/2006 12:35:00, 11.9,275.9,  0.6,  3.5, 18.876, 29.10,  0.0,  0.0,  0.183, 316.99,  0.069,   1.66,  0.223, 332.74,  0.117, 309.12,  0.197, 314.38,  0.051,  26.57,  0.202, 307.95,  0.180, 305.72,  0.107, 298.48,  0.123, 277.01,  0.139, 284.53,  0.153, 255.24,  0.023, 270.00,  0.111, 278.28,  0.044, 266.10,  0.088, 203.37,-99.000, -99.00,-99.000, -99.00,-99.000, -99.00,-99.000, -99.00,
9/1/2006 12:40:00, 11.9,275.9,  0.6,  3.5, 18.885, 29.10,  0.0,  0.0,  0.152, 343.23,  0.043,  37.41,  0.116, 271.97,  0.099, 297.60,  0.183, 295.58,  0.085, 333.43,  0.068,  18.97,  0.128, 295.37,  0.157, 312.42,  0.133, 336.12,  0.115, 338.11,  0.174, 298.19,  0.172, 337.02,  0.113, 297.47,  0.056, 322.93,  0.104, 233.57,-99.000, -99.00,-99.000, -99.00,-99.000, -99.00,-99.000, -99.00,
9/1/2006 12:45:00, 11.9,275.8,  0.6,  3.5, 18.884, 29.11,  0.0,  0.0,  0.141, 343.89,  0.061,  13.35,  0.147, 349.00,  0.140, 306.87,  0.107, 329.59,  0.113, 334.34,  0.214, 317.46,  0.061, 292.33,  0.109, 327.77,  0.197, 325.75,  0.123, 311.36,  0.163, 299.88,  0.064, 321.34,  0.035, 276.52,  0.144, 297.28,  0.114, 270.00,-99.000, -99.00,-99.000, -99.00,-99.000, -99.00,-99.000, -99.00,
9/1/2006 12:50:00, 11.9,275.8,  0.6,  3.5, 18.895, 29.12,  0.0,  0.0,  0.059, 306.67,  0.114, 332.99,  0.150, 299.98,  0.167, 307.97,  0.113, 312.85,  0.167, 291.04,  0.122, 331.54,  0.089, 327.38,  0.117, 302.06,  0.125, 345.19,  0.133, 342.52,  0.135, 301.11,  0.146, 273.14,  0.116, 248.75,  0.088, 281.82,  0.171, 196.31,-99.000, -99.00,-99.000, -99.00,-99.000, -99.00,-99.000, -99.00,
9/1/2006 12:55:00, 11.9,276.1,  0.6,  3.4, 18.912, 29.13,  0.0,  0.0,  0.169, 347.36,  0.146, 279.85,  0.141, 307.52,  0.147, 311.96,  0.167, 299.79,  0.103, 313.43,  0.122, 306.30,  0.115, 320.64,  0.179, 307.51,  0.040, 342.47,  0.087, 321.55,  0.141, 321.91,  0.117, 306.28,  0.113, 280.21,  0.165, 288.33,  0.147, 228.04,-99.000, -99.00,-99.000, -99.00,-99.000, -99.00,-99.000, -99.00,
9/1/2006 13:00:00, 11.9,275.9,  0.6,  3.4, 18.913, 29.13,  0.0,  0.0,  0.192, 314.79,  0.222, 306.20,  0.274, 316.18,  0.152, 323.28,  0.102, 333.18,  0.149, 289.16,  0.051, 241.93,  0.162, 334.38,  0.119, 311.59,  0.161,  11.10,  0.168, 316.93,  0.118, 318.08,  0.145, 328.29,  0.173, 334.62,  0.217, 312.01,  0.142, 266.78,-99.000, -99.00,-99.000, -99.00,-99.000, -99.00,-99.000, -99.00,
9/1/2006 13:05:00, 11.9,275.9,  0.6,  3.4, 18.915, 29.15,  0.0,  0.0,  0.164, 321.18,  0.063, 308.52,  0.143, 285.01,  0.108, 320.26,  0.172, 298.50,  0.090, 278.31,  0.158, 288.43,  0.272, 299.48,  0.199, 288.43,  0.195, 302.22,  0.174, 321.55,  0.085, 305.93,  0.028, 280.12,  0.066, 296.18,  0.084, 324.22,  0.098, 226.24,-99.000, -99.00,-99.000, -99.00,-99.000, -99.00,-99.000, -99.00,
9/1/2006 13:10:00, 11.9,275.9,  0.6,  3.4, 18.913, 29.15,  0.0,  0.0,  0.186, 282.40,  0.108, 319.51,  0.072, 266.82,  0.149, 302.94,  0.088, 312.71,  0.145, 345.20,  0.215, 333.79,  0.144, 317.54,  0.088, 342.18,  0.087, 293.63,  0.186, 295.46,  0.116, 331.67,  0.122, 322.00,  0.239, 301.29,  0.179, 302.89,  0.196, 258.23,-99.000, -99.00,-99.000, -99.00,-99.000, -99.00,-99.000, -99.00,
9/1/2006 13:15:00, 11.9,275.7,  0.6,  3.4, 18.922, 29.16,  0.0,  0.0,  0.173, 300.57,  0.109, 315.00,  0.125, 271.37,  0.166, 301.97,  0.145, 286.43,  0.232, 291.71,  0.204, 292.53,  0.206, 292.83,  0.176, 274.57,  0.217, 275.55,  0.225, 298.16,  0.165, 296.25,  0.145, 297.10,  0.207, 274.72,  0.122, 284.26,  0.088, 206.27,-99.000, -99.00,-99.000, -99.00,-99.000, -99.00,-99.000, -99.00,
9/1/2006 13:20:00, 11.9,275.8,  0.6,  3.5, 18.929, 29.17,  0.0,  0.0,  0.120, 339.00,  0.182, 288.53,  0.077, 335.43,  0.056, 318.62,  0.067,   3.42,  0.184, 324.06,  0.101, 322.22,  0.147, 333.26,  0.132, 311.92,  0.108, 313.88,  0.042, 348.96,  0.180, 295.71,  0.139, 322.88,  0.122, 305.65,  0.106, 332.47,  0.171, 280.45,-99.000, -99.00,-99.000, -99.00,-99.000, -99.00,-99.000, -99.00,
9/1/2006 13:25:00, 11.9,275.9,  0.6,  3.5, 18.932, 29.17,  0.0,  0.0,  0.236, 320.16,  0.147, 325.23,  0.186, 309.09,  0.191, 318.19,  0.177, 323.97,  0.178, 312.73,  0.234, 322.10,  0.170, 328.46,  0.195, 289.46,  0.201, 295.29,  0.189, 296.02,  0.195, 287.32,  0.205, 287.02,  0.279, 287.33,  0.160, 282.65,  0.222, 242.63,-99.000, -99.00,-99.000, -99.00,-99.000, -99.00,-99.000, -99.00,
9/1/2006 13:30:00, 11.9,275.9,  0.6,  3.5, 18.933, 29.19,  0.0,  0.0,  0.142, 317.29,  0.154, 331.27,  0.162, 352.17,  0.171, 332.54,  0.241, 307.06,  0.136, 313.21,  0.134, 333.43,  0.209, 331.35,  0.233, 329.80,  0.197, 339.17,  0.174, 323.66,  0.233, 299.87,  0.203, 321.60,  0.189, 292.76,  0.295, 298.13,  0.176, 274.57,-99.000, -99.00,-99.000, -99.00,-99.000, -99.00,-99.000, -99.00,
9/1/2006 13:35:00, 11.9,275.9,  0.6,  3.4, 18.937, 29.19,  0.0,  0.0,  0.212, 355.93,  0.114, 331.63,  0.162, 321.01,  0.121, 344.70,  0.184, 339.01,  0.213, 313.67,  0.131, 302.84,  0.124, 294.71,  0.179, 315.23,  0.213, 293.20,  0.178, 282.32,  0.107, 286.24,  0.200, 283.90,  0.196, 294.47,  0.177, 292.94,  0.169, 270.34,-99.000, -99.00,-99.000, -99.00,-99.000, -99.00,-99.000, -99.00,
9/1/2006 13:40:00, 11.9,275.9,  0.6,  3.4, 18.941, 29.22,  0.0,  0.0,  0.209, 321.60,  0.230, 352.75,  0.159, 324.21,  0.168, 282.71,  0.070, 302.09,  0.120, 308.21,  0.121, 322.75,  0.142, 344.11,  0.114, 328.26,  0.131, 342.26,  0.135, 318.89,  0.216, 315.00,  0.228, 323.38,  0.176, 303.15,  0.146, 300.43,  0.176, 269.35,-99.000, -99.00,-99.000, -99.00,-99.000, -99.00,-99.000, -99.00,
9/1/2006 13:45:00, 11.9,275.9,  0.6,  3.4, 18.941, 29.24,  0.0,  0.0,  0.149, 321.52,  0.138, 332.32,  0.173, 352.34,  0.224, 344.23,  0.171, 330.88,  0.191, 319.04,  0.154, 297.40,  0.174, 282.28,  0.184, 295.04,  0.141, 284.83,  0.145, 313.04,  0.138, 310.02,  0.135, 287.63,  0.223, 282.67,  0.241, 291.45,  0.203, 255.76,-99.000, -99.00,-99.000, -99.00,-99.000, -99.00,-99.000, -99.00,
9/1/2006 13:50:00, 11.9,275.9,  0.6,  3.4, 18.943, 29.25,  0.0,  0.0,  0.086, 327.78,  0.228, 322.68,  0.221, 322.35,  0.177, 315.68,  0.169, 346.62,  0.136, 311.42,  0.182, 332.17,  0.180, 328.43,  0.205, 335.81,  0.182, 332.17,  0.177,   3.23,  0.105, 335.87,  0.171, 305.27,  0.208, 301.25,  0.246, 305.75,  0.197, 279.94,-99.000, -99.00,-99.000, -99.00,-99.000, -99.00,-99.000, -99.00,
9/1/2006 13:55:00, 11.9,275.7,  0.6,  3.4, 18.937, 29.27,  0.0,  0.0,  0.274, 314.85,  0.168, 320.06,  0.196, 303.37,  0.181, 298.69,  0.151, 293.00,  0.166, 288.65,  0.140, 330.87,  0.169, 310.93,  0.263, 305.56,  0.212, 307.14,  0.183, 299.51,  0.188, 293.56,  0.135, 295.43,  0.216, 267.61,  0.256, 276.51,  0.150, 240.87,-99.000, -99.00,-99.000, -99.00,-99.000, -99.00,-99.000, -99.00,
9/1/2006 14:00:00, 11.9,276.1,  0.6,  3.4, 18.947, 29.28,  0.0,  0.0,  0.260, 327.23,  0.079, 301.46,  0.223, 314.45,  0.175, 328.31,  0.225, 326.94,  0.243, 321.34,  0.228, 311.45,  0.207, 316.57,  0.204, 308.05,  0.254, 297.47,  0.275, 310.58,  0.295, 313.76,  0.150, 287.10,  0.181, 289.04,  0.187, 310.67,  0.127, 269.10,-99.000, -99.00,-99.000, -99.00,-99.000, -99.00,-99.000, -99.00,
9/1/2006 14:05:00, 11.9,275.8,  0.6,  3.4, 18.957, 29.29,  0.0,  0.0,  0.102, 315.00,  0.123, 331.98,  0.194, 319.17,  0.213, 323.78,  0.129, 317.52,  0.195, 334.75,  0.192, 344.01,  0.170, 320.24,  0.129, 312.48,  0.179, 282.95,  0.228, 295.21,  0.173, 277.66,  0.165, 278.72,  0.240, 274.55,  0.221, 274.68,  0.202, 255.07,-99.000, -99.00,-99.000, -99.00,-99.000, -99.00,-99.000, -99.00,
9/1/2006 14:10:00, 11.9,276.0,  0.6,  3.4, 18.954, 29.29,  0.0,  0.0,  0.157, 281.02,  0.107, 331.52,  0.162, 322.28,  0.137, 306.70,  0.134, 315.00,  0.126, 309.86,  0.166, 319.40,  0.168, 307.28,  0.185, 321.15,  0.134, 328.09,  0.140, 337.29,  0.163, 342.12,  0.197, 313.35,  0.236, 285.51,  0.116, 292.35,  0.178, 256.04,-99.000, -99.00,-99.000, -99.00,-99.000, -99.00,-99.000, -99.00,
9/1/2006 14:15:00, 11.9,275.8,  0.6,  3.5, 18.958, 29.30,  0.0,  0.0,  0.149, 311.73,  0.186, 301.12,  0.228, 306.06,  0.252, 314.52,  0.236, 314.66,  0.224, 312.83,  0.165, 292.38,  0.170, 311.66,  0.105, 277.13,  0.128, 263.26,  0.138, 270.00,  0.125, 278.71,  0.087, 265.40,  0.189, 264.83,  0.145, 260.86,  0.115, 227.46,-99.000, -99.00,-99.000, -99.00,-99.000, -99.00,-99.000, -99.00,
9/1/2006 14:20:00, 11.9,275.8,  0.6,  3.4, 18.957, 29.30,  0.0,  0.0,  0.187, 303.01,  0.023, 322.13,  0.180, 307.76,  0.150, 307.94,  0.154, 329.61,  0.164, 330.47,  0.185, 338.72,  0.142, 296.38,  0.219, 299.61,  0.166, 294.56,  0.183, 287.15,  0.159, 276.50,  0.187, 295.61,  0.187, 283.29,  0.262, 289.40,  0.099, 245.51,-99.000, -99.00,-99.000, -99.00,-99.000, -99.00,-99.000, -99.00,
9/1/2006 14:25:00, 11.9,275.8,  0.6,  3.5, 18.952, 29.31,  0.0,  0.0,  0.205, 297.32,  0.109, 351.05,  0.098, 272.92,  0.194, 331.06,  0.240, 326.04,  0.225, 314.64,  0.219, 316.85,  0.205, 337.06,  0.162, 333.28,  0.096, 315.00,  0.149, 315.81,  0.106, 307.30,  0.045, 315.91,  0.176, 273.90,  0.137, 279.26,  0.134, 225.00,-99.000, -99.00,-99.000, -99.00,-99.000, -99.00,-99.000, -99.00,
9/1/2006 14:30:00, 11.9,276.0,  0.6,  3.5, 18.952, 29.31,  0.0,  0.0,  0.190, 302.77,  0.164, 302.52,  0.123, 340.97,  0.142, 304.36,  0.261, 324.67,  0.151, 343.01,  0.167, 297.02,  0.229, 284.95,  0.164, 274.18,  0.143, 305.35,  0.198, 308.03,  0.138, 304.38,  0.031, 258.69,  0.162, 287.65,  0.211, 285.09,  0.172, 266.34,-99.000, -99.00,-99.000, -99.00,-99.000, -99.00,-99.000, -99.00,
9/1/2006 14:35:00, 11.9,275.8,  0.6,  3.5, 18.961, 29.32,  0.0,  0.0,  0.214, 316.70,  0.194, 330.40,  0.145, 334.67,  0.152, 288.79,  0.082, 308.55,  0.158, 292.34,  0.171, 281.84,  0.132, 288.57,  0.241, 275.95,  0.125, 268.17,  0.149, 282.82,  0.168, 272.73,  0.109, 282.13,  0.187, 279.56,  0.131, 298.72,  0.160, 246.00,-99.000, -99.00,-99.000, -99.00,-99.000, -99.00,-99.000, -99.00,
9/1/2006 14:40:00, 11.9,276.0,  0.6,  3.4, 18.981, 29.32,  0.0,  0.0,  0.106, 274.85,  0.082, 303.11,  0.103, 319.34,  0.107, 273.74,  0.056, 307.07,  0.093, 260.13,  0.153, 253.34,  0.128, 245.63,  0.274, 280.29,  0.154, 284.67,  0.160, 255.53,  0.192, 243.43,  0.242, 258.55,  0.257, 264.20,  0.240, 270.00,  0.179, 241.57,-99.000, -99.00,-99.000, -99.00,-99.000, -99.00,-99.000, -99.00,
9/1/2006 14:45:00, 11.9,275.9,  0.6,  3.5, 18.971, 29.33,  0.0,  0.0,  0.088, 339.29,  0.081, 323.56,  0.141, 343.50,  0.180, 358.41,  0.154, 310.00,  0.065, 338.20,  0.102, 308.66,  0.175, 305.96,  0.179, 298.28,  0.044, 264.81,  0.102, 266.63,  0.202, 297.07,  0.166, 276.23,  0.194, 271.77,  0.154, 278.97,  0.124, 203.26,-99.000, -99.00,-99.000, -99.00,-99.000, -99.00,-99.000, -99.00,
9/1/2006 14:50:00, 11.9,275.8,  0.6,  3.4, 18.976, 29.32,  0.0,  0.0,  0.259, 319.23,  0.137, 307.87,  0.170, 298.07,  0.150, 330.87,  0.110, 295.87,  0.170, 312.61,  0.124, 338.20,  0.158, 303.89,  0.121, 305.26,  0.084, 287.35,  0.131, 298.33,  0.156, 286.00,  0.173, 276.96,  0.255, 290.92,  0.174, 316.40,  0.020, 264.29,-99.000, -99.00,-99.000, -99.00,-99.000, -99.00,-99.000, -99.00,
9/1/2006 14:55:00, 11.9,275.9,  0.6,  3.5, 18.979, 29.32,  0.0,  0.0,  0.160, 292.07,  0.139, 291.95,  0.107, 296.09,  0.095, 326.14,  0.184, 320.95,  0.140, 308.34,  0.096, 327.30,  0.109, 305.29,  0.085, 335.83,  0.144, 326.64,  0.146, 326.20,  0.128, 303.81,  0.105, 298.52,  0.152, 302.64,  0.166, 304.94,  0.110, 253.05,-99.000, -99.00,-99.000, -99.00,-99.000, -99.00,-99.000, -99.00,
9/1/2006 15:00:00, 11.9,275.9,  0.6,  3.5, 18.981, 29.32,  0.0,  0.0,  0.136, 292.43,  0.037, 225.00,  0.119, 306.10,  0.060, 310.91,  0.118, 286.75,  0.136, 291.49,  0.115, 304.38,  0.131, 308.18,  0.169, 308.02,  0.181, 308.96,  0.129, 286.61,  0.063, 287.57,  0.064, 292.96,  0.167, 296.26,  0.075, 327.99,  0.084, 228.88,-99.000, -99.00,-99.000, -99.00,-99.000, -99.00,-99.000, -99.00,
9/1/2006 15:05:00, 11.9,275.8,  0.6,  3.5, 18.985, 29.33,  0.0,  0.0,  0.096, 329.14,  0.161, 338.07,  0.162, 324.54,  0.134, 292.36,  0.114, 336.14,  0.111, 338.96,  0.177, 290.18,  0.079, 310.91,  0.139, 314.71,  0.125, 335.90,  0.155, 300.20,  0.162, 286.53,  0.192, 291.08,  0.117, 279.38,  0.133, 298.68,  0.062, 293.68,-99.000, -99.00,-99.000, -99.00,-99.000, -99.00,-99.000, -99.00,
9/1/2006 15:10:00, 11.9,275.9,  0.6,  3.5, 18.972, 29.33,  0.0,  0.0,  0.106, 274.32,  0.103, 273.33,  0.100, 286.26,  0.074, 302.83,  0.127, 276.34,  0.143, 278.87,  0.197, 276.12,  0.062, 299.86,  0.162, 295.62,  0.184, 266.89,  0.067, 293.88,  0.091, 290.63,  0.177, 277.49,  0.188, 289.88,  0.129, 278.95,  0.285, 282.77,-99.000, -99.00,-99.000, -99.00,-99.000, -99.00,-99.000, -99.00,
9/1/2006 15:15:00, 11.9,275.9,  0.6,  3.4, 18.979, 29.32,  0.0,  0.0,  0.062, 302.40,  0.048, 292.25,  0.095, 333.71,  0.050, 349.59,  0.154, 329.61,  0.084, 270.00,  0.098, 288.43,  0.064, 318.14,  0.102, 297.57,  0.092, 261.25,  0.074, 274.64,  0.129, 268.67,  0.100, 292.97,  0.140, 293.09,  0.253, 290.58,  0.153, 269.25,-99.000, -99.00,-99.000, -99.00,-99.000, -99.00,-99.000, -99.00,
9/1/2006 15:20:00, 11.9,275.8,  0.6,  3.4, 18.973, 29.33,  0.0,  0.0,  0.108, 280.16,  0.151, 261.60,  0.133, 293.88,  0.057, 278.13,  0.080, 316.52,  0.065, 298.54,  0.053, 340.20,  0.062, 353.56,  0.063, 314.36,  0.125, 341.27,  0.124, 343.17,  0.061, 297.41,  0.065, 328.28,  0.153, 284.04,  0.155, 318.92,  0.172, 279.35,-99.000, -99.00,-99.000, -99.00,-99.000, -99.00,-99.000, -99.00,
9/1/2006 15:25:00, 11.9,275.8,  0.6,  3.5, 18.981, 29.33,  0.0,  0.0,  0.119, 281.12,  0.129, 330.86,  0.173, 340.41,  0.147, 329.24,  0.119, 344.91,  0.238, 327.51,  0.230, 335.33,  0.211, 326.99,  0.185, 337.74,  0.137, 324.22,  0.192, 317.75,  0.265, 329.67,  0.200, 322.10,  0.179, 298.99,  0.132, 323.65,  0.066, 221.92,-99.000, -99.00,-99.000, -99.00,-99.000, -99.00,-99.000, -99.00,
9/1/2006 15:30:00, 11.9,275.9,  0.6,  3.5, 18.985, 29.34,  0.0,  0.0,  0.120, 298.92,  0.140, 348.05,  0.143, 331.65,  0.151, 340.60,  0.168, 314.04,  0.167, 306.25,  0.131, 316.55,  0.137, 299.74,  0.121, 296.99,  0.151, 324.42,  0.191, 319.24,  0.191, 307.77,  0.054, 315.74,  0.032, 295.77,  0.115, 306.17,  0.163, 273.51,-99.000, -99.00,-99.000, -99.00,-99.000, -99.00,-99.000, -99.00,
9/1/2006 15:35:00, 11.9,275.7,  0.6,  3.5, 18.988, 29.35,  0.0,  0.0,  0.134, 290.61,  0.105, 295.35,  0.198, 318.68,  0.203, 279.09,  0.155, 327.64,  0.144, 313.03,  0.166, 292.70,  0.173, 309.85,  0.187, 287.46,  0.251, 294.73,  0.268, 297.81,  0.187, 283.89,  0.271, 290.78,  0.267, 286.74,  0.261, 295.19,  0.212, 289.03,-99.000, -99.00,-99.000, -99.00,-99.000, -99.00,-99.000, -99.00,
9/1/2006 15:40:00, 11.9,275.9,  0.6,  3.4, 18.987, 29.35,  0.0,  0.0,  0.142, 327.09,  0.162, 309.99,  0.181, 318.58,  0.177,   5.84,  0.115, 330.32,  0.110, 350.62,  0.134, 287.35,  0.192, 284.47,  0.156, 322.84,  0.196, 305.88,  0.171, 325.01,  0.168, 307.28,  0.216, 289.19,  0.247, 294.17,  0.217, 301.05,  0.168, 288.43,-99.000, -99.00,-99.000, -99.00,-99.000, -99.00,-99.000, -99.00,
9/1/2006 15:45:00, 11.9,275.9,  0.6,  3.4, 18.995, 29.36,  0.0,  0.0,  0.120, 272.86,  0.063, 252.43,  0.091, 274.40,  0.123, 321.92,  0.114, 300.62,  0.137, 299.18,  0.117, 317.43,  0.094, 348.33,  0.091, 292.62,  0.205, 299.57,  0.170, 300.33,  0.159, 286.49,  0.247, 292.62,  0.265, 294.53,  0.193, 292.85,  0.142, 251.57,-99.000, -99.00,-99.000, -99.00,-99.000, -99.00,-99.000, -99.00,
9/1/2006 15:50:00, 11.9,276.0,  0.6,  3.5, 18.997, 29.37,  0.0,  0.0,  0.225, 324.76,  0.157, 321.45,  0.270, 310.35,  0.174, 351.40,  0.159, 323.71,  0.136, 315.30,  0.119, 294.84,  0.114, 274.01,  0.086, 300.16,  0.138, 280.82,  0.146, 307.50,  0.183, 271.88,  0.141, 262.67,  0.167, 270.00,  0.189, 268.79,  0.173, 248.63,-99.000, -99.00,-99.000, -99.00,-99.000, -99.00,-99.000, -99.00,
9/1/2006 15:55:00, 11.9,275.9,  0.6,  3.5, 18.989, 29.38,  0.0,  0.0,  0.187, 295.05,  0.169, 296.72,  0.177, 323.52,  0.135, 306.87,  0.149, 291.73,  0.095, 279.66,  0.169, 266.95,  0.127, 260.91,  0.179, 265.18,  0.177, 269.68,  0.140, 266.73,  0.219, 266.60,  0.173, 261.03,  0.128, 269.55,  0.243, 276.63,  0.210, 244.29,-99.000, -99.00,-99.000, -99.00,-99.000, -99.00,-99.000, -99.00,
9/1/2006 16:00:00, 11.9,275.9,  0.6,  3.4, 18.974, 29.38,  0.0,  0.0,  0.170, 306.40,  0.149, 284.41,  0.183, 307.00,  0.193, 339.03,  0.177, 307.19,  0.217, 305.23,  0.196, 305.23,  0.152, 308.07,  0.184, 316.32,  0.120, 301.70,  0.158, 257.55,  0.071, 212.35,  0.089, 258.31,  0.147, 280.17,  0.155, 284.22,  0.134, 205.22,-99.000, -99.00,-99.000, -99.00,-99.000, -99.00,-99.000, -99.00,
9/1/2006 16:05:00, 11.9,275.9,  0.6,  3.4, 18.987, 29.37,  0.0,  0.0,  0.052, 287.74,  0.092, 314.12,  0.131, 296.18,  0.185, 313.90,  0.209, 318.30,  0.263, 296.66,  0.223, 330.10,  0.209, 314.03,  0.073, 303.91,  0.213, 300.18,  0.227, 299.49,  0.190, 294.94,  0.142, 308.16,  0.196, 276.73,  0.222, 273.88,  0.198, 297.73,-99.000, -99.00,-99.000, -99.00,-99.000, -99.00,-99.000, -99.00,
9/1/2006 16:10:00, 11.9,276.0,  0.6,  3.4, 18.993, 29.36,  0.0,  0.0,  0.147, 236.09,  0.183, 292.79,  0.119, 317.05,  0.134, 313.48,  0.152, 343.59,  0.143, 294.41,  0.111, 254.34,  0.163, 283.87,  0.181, 281.50,  0.142, 250.29,  0.173, 249.37,  0.231, 264.54,  0.300, 278.62,  0.276, 280.66,  0.299, 279.62,  0.243, 265.75,-99.000, -99.00,-99.000, -99.00,-99.000, -99.00,-99.000, -99.00,
9/1/2006 16:15:00, 11.9,275.8,  0.6,  3.4, 18.980, 29.35,  0.0,  0.0,  0.099, 326.95,  0.173, 300.57,  0.239, 329.04,  0.187, 301.91,  0.169, 313.32,  0.183, 300.21,  0.123, 322.94,  0.172, 291.18,  0.222, 282.22,  0.285, 273.63,  0.272, 268.53,  0.248, 266.54,  0.224, 267.44,  0.227, 275.81,  0.171, 283.87,  0.131, 265.63,-99.000, -99.00,-99.000, -99.00,-99.000, -99.00,-99.000, -99.00,
9/1/2006 16:20:00, 11.9,275.9,  0.6,  3.5, 18.966, 29.36,  0.0,  0.0,  0.207, 287.39,  0.109, 236.60,  0.059, 322.55,  0.168, 319.10,  0.099, 323.25,  0.153, 276.75,  0.140, 282.35,  0.156, 289.48,  0.233, 275.17,  0.175, 285.54,  0.103,   7.26,  0.160,  40.68,  0.250,  50.84,  0.236,  45.00,  0.218,  41.09,  0.092, 358.13,-99.000, -99.00,-99.000, -99.00,-99.000, -99.00,-99.000, -99.00,
9/1/2006 16:25:00, 11.9,276.0,  0.6,  3.4, 18.967, 29.36,  0.0,  0.0,  0.102, 304.62,  0.137, 312.33,  0.137, 297.31,  0.185, 320.27,  0.109, 313.51,  0.120, 274.29,  0.149, 286.74,  0.137, 321.21,  0.201, 291.85,  0.069, 272.49,  0.133, 279.96,  0.181, 279.57,  0.260, 283.34,  0.216, 277.19,  0.262, 286.43,  0.198, 268.26,-99.000, -99.00,-99.000, -99.00,-99.000, -99.00,-99.000, -99.00,
9/1/2006 16:30:00, 11.9,275.9,  0.6,  3.4, 18.976, 29.36,  0.0,  0.0,  0.112, 305.95,  0.148, 277.36,  0.153, 353.25,  0.112, 327.45,  0.003,  90.00,  0.147, 282.99,  0.048, 268.81,  0.090, 327.19,  0.146, 267.65,  0.172, 275.01,  0.169, 287.58,  0.151, 279.15,  0.152, 312.07,  0.116, 317.79,  0.085, 354.62,  0.233,  32.40,-99.000, -99.00,-99.000, -99.00,-99.000, -99.00,-99.000, -99.00,
9/1/2006 16:35:00, 11.9,275.8,  0.6,  3.4, 18.981, 29.35,  0.0,  0.0,  0.098, 336.04,  0.131, 248.93,  0.127, 256.84,  0.082, 260.19,  0.162, 304.96,  0.147, 299.70,  0.159, 287.18,  0.189, 278.22,  0.204, 273.09,  0.188, 274.59,  0.129, 269.11,  0.240, 282.53,  0.202, 286.65,  0.323, 288.21,  0.202, 280.25,  0.179, 230.89,-99.000, -99.00,-99.000, -99.00,-99.000, -99.00,-99.000, -99.00,
9/1/2006 16:40:00, 11.9,275.8,  0.6,  3.4, 18.976, 29.35,  0.0,  0.0,  0.097, 258.69,  0.101, 286.65,  0.125, 307.51,  0.127, 292.14,  0.178, 288.33,  0.138, 266.68,  0.133, 285.71,  0.254, 272.03,  0.160, 298.32,  0.182, 278.22,  0.227, 288.99,  0.220, 274.44,  0.231, 268.76,  0.191, 276.01,  0.199, 263.66,  0.209, 253.64,-99.000, -99.00,-99.000, -99.00,-99.000, -99.00,-99.000, -99.00,
9/1/2006 16:45:00, 11.9,275.9,  0.6,  3.4, 18.988, 29.34,  0.0,  0.0,  0.058, 295.68,  0.144, 304.80,  0.161, 289.56,  0.185, 346.87,  0.100, 299.39,  0.110, 301.23,  0.158, 324.29,  0.148, 309.81,  0.145, 277.91,  0.180, 301.57,  0.192, 280.20,  0.182, 264.63,  0.227, 262.16,  0.249, 275.76,  0.193, 281.66,  0.151, 265.83,-99.000, -99.00,-99.000, -99.00,-99.000, -99.00,-99.000, -99.00,
9/1/2006 16:50:00, 11.9,275.8,  0.6,  3.4, 18.980, 29.34,  0.0,  0.0,  0.059, 334.75,  0.143, 300.14,  0.138, 295.82,  0.086, 284.85,  0.056, 286.50,  0.065, 315.00,  0.180, 292.16,  0.109, 266.33,  0.204, 313.81,  0.221, 292.86,  0.159, 280.89,  0.146, 290.05,  0.239, 270.96,  0.183, 289.13,  0.269, 289.11,  0.126, 292.31,-99.000, -99.00,-99.000, -99.00,-99.000, -99.00,-99.000, -99.00,
9/1/2006 16:55:00, 11.9,275.8,  0.6,  3.5, 18.971, 29.33,  0.0,  0.0,  0.050,  34.33,  0.081, 286.43,  0.160, 312.47,  0.095, 339.66,  0.105, 300.22,  0.047, 271.22,  0.112, 253.98,  0.168, 283.05,  0.152, 275.30,  0.207, 285.98,  0.168, 284.87,  0.243, 288.51,  0.299, 284.73,  0.219, 276.02,  0.164, 293.29,  0.157, 250.30,-99.000, -99.00,-99.000, -99.00,-99.000, -99.00,-99.000, -99.00,
9/1/2006 17:00:00, 11.9,275.8,  0.6,  3.4, 18.970, 29.33,  0.0,  0.0,  0.116, 228.86,  0.068, 310.24,  0.111, 277.25,  0.097, 312.91,  0.131, 306.96,  0.103, 303.07,  0.179, 270.64,  0.146, 276.69,  0.225, 280.26,  0.113, 267.47,  0.165, 288.33,  0.233, 282.13,  0.240, 271.91,  0.112, 272.05,  0.101, 302.43,  0.086, 250.93,-99.000, -99.00,-99.000, -99.00,-99.000, -99.00,-99.000, -99.00,
9/1/2006 17:05:00, 11.9,275.9,  0.6,  3.4, 18.966, 29.30,  0.0,  0.0,  0.085, 175.96,  0.041, 186.95,  0.082, 318.95,  0.175, 299.05,  0.197, 300.86,  0.207, 245.78,  0.157, 247.18,  0.132, 269.57,  0.215, 269.73,  0.206, 280.06,  0.070, 284.83,  0.128, 279.90,  0.200, 283.90,  0.141, 269.19,  0.177, 277.49,  0.096, 251.75,-99.000, -99.00,-99.000, -99.00,-99.000, -99.00,-99.000, -99.00,
9/1/2006 17:10:00, 11.9,275.8,  0.6,  3.5, 18.969, 29.29,  0.0,  0.0,  0.132, 182.60,  0.145, 306.32,  0.090, 237.72,  0.058, 292.17,  0.197, 277.88,  0.266, 293.96,  0.210, 307.64,  0.176, 242.56,  0.182, 254.74,  0.186, 275.86,  0.141, 265.94,  0.241, 268.81,  0.115, 268.51,  0.113, 256.21,  0.099, 264.17,  0.058, 261.03,-99.000, -99.00,-99.000, -99.00,-99.000, -99.00,-99.000, -99.00,
9/1/2006 17:15:00, 11.9,275.9,  0.6,  3.4, 18.960, 29.26,  0.0,  0.0,  0.097, 127.46,  0.045, 273.81,  0.075, 305.18,  0.093,   9.87,  0.053, 253.61,  0.104, 270.00,  0.140, 270.00,  0.151, 284.96,  0.198, 290.73,  0.178, 273.54,  0.159, 249.74,  0.184, 261.56,  0.196, 265.31,  0.204, 287.10,  0.233, 298.43,  0.071, 265.97,-99.000, -99.00,-99.000, -99.00,-99.000, -99.00,-99.000, -99.00,
9/1/2006 17:20:00, 11.9,275.9,  0.6,  3.5, 18.970, 29.17,  0.0,  0.0,  0.147, 114.12,  0.039, 270.00,  0.087, 293.63,  0.073, 217.81,  0.136, 296.75,  0.143, 292.99,  0.220, 290.50,  0.201, 279.46,  0.245, 271.87,  0.155, 288.08,  0.251, 268.63,  0.093, 240.95,  0.205, 264.40,  0.194, 277.42,  0.105, 287.74,  0.166, 278.33,-99.000, -99.00,-99.000, -99.00,-99.000, -99.00,-99.000, -99.00,
9/1/2006 17:25:00, 11.9,275.8,  0.6,  3.4, 18.967, 29.10,  0.0,  0.0,  0.056, 197.78,  0.038,  49.24,  0.147,  48.04,  0.093, 335.10,  0.053, 308.83,  0.098, 287.88,  0.101, 303.69,  0.081, 254.93,  0.138, 280.82,  0.214, 280.78,  0.128, 256.94,  0.147, 276.64,  0.155, 275.19,  0.178, 261.92,  0.114, 289.55,  0.109, 289.94,-99.000, -99.00,-99.000, -99.00,-99.000, -99.00,-99.000, -99.00,
9/1/2006 17:30:00, 11.9,275.9,  0.6,  3.5, 18.968, 29.05,  0.0,  0.0,  0.098, 244.74,  0.112, 248.01,  0.005, 101.31,  0.083, 302.15,  0.031, 328.39,  0.110, 305.72,  0.195, 294.59,  0.196, 262.98,  0.247, 251.57,  0.243, 260.31,  0.218, 276.05,  0.261, 271.97,  0.159, 276.14,  0.136, 272.95,  0.120, 253.99,  0.151, 245.81,-99.000, -99.00,-99.000, -99.00,-99.000, -99.00,-99.000, -99.00,
9/1/2006 17:35:00, 11.9,275.9,  0.6,  3.5, 18.960, 29.01,  0.0,  0.0,  0.164, 167.32,  0.009, 339.44,  0.058, 200.32,  0.098, 216.29,  0.065, 302.47,  0.059, 253.11,  0.165, 297.50,  0.240, 268.57,  0.244, 269.77,  0.239, 278.16,  0.210, 254.51,  0.228, 259.38,  0.152, 262.83,  0.181, 270.95,  0.246, 281.49,  0.075, 263.07,-99.000, -99.00,-99.000, -99.00,-99.000, -99.00,-99.000, -99.00,
9/1/2006 17:40:00, 11.9,276.0,  0.6,  3.4, 18.957, 28.98,  0.0,  0.0,  0.106, 138.81,  0.081, 170.07,  0.022, 200.85,  0.058, 219.43,  0.013, 327.53,  0.160, 254.05,  0.107, 250.89,  0.146, 264.49,  0.218, 264.73,  0.247, 275.57,  0.172, 255.15,  0.176, 285.86,  0.144, 259.16,  0.177, 246.33,  0.119, 277.72,  0.134, 223.48,-99.000, -99.00,-99.000, -99.00,-99.000, -99.00,-99.000, -99.00,
9/1/2006 17:45:00, 11.9,275.7,  0.6,  3.5, 18.955, 28.96,  0.0,  0.0,  0.101,  69.78,  0.026,  72.26,  0.098, 195.46,  0.048, 238.63,  0.053, 196.39,  0.028, 274.09,  0.055, 249.93,  0.134, 259.70,  0.169, 268.31,  0.211, 270.81,  0.134, 264.42,  0.101, 266.04,  0.140, 270.82,  0.125, 256.63,  0.085, 264.62,  0.188, 258.33,-99.000, -99.00,-99.000, -99.00,-99.000, -99.00,-99.000, -99.00,
9/1/2006 17:50:00, 11.9,275.7,  0.6,  3.4, 18.944, 28.95,  0.0,  0.0,  0.086, 158.82,  0.026, 280.89,  0.057, 270.00,  0.091,  39.64,  0.049, 197.70,  0.150, 294.86,  0.130, 290.66,  0.180, 261.69,  0.249, 269.54,  0.173, 299.83,  0.161, 290.68,  0.163, 272.81,  0.162, 279.93,  0.135, 259.77,  0.028,  87.95,  0.027, 206.57,-99.000, -99.00,-99.000, -99.00,-99.000, -99.00,-99.000, -99.00,
9/1/2006 17:55:00, 11.9,275.7,  0.6,  3.5, 18.938, 28.94,  0.0,  0.0,  0.059, 167.37,  0.110, 220.21,  0.099, 181.16,  0.132, 165.12,  0.053, 239.59,  0.025,   0.00,  0.087, 293.03,  0.094, 303.69,  0.119, 257.84,  0.285, 267.79,  0.147, 246.39,  0.085, 245.56,  0.129, 277.13,  0.096, 293.36,  0.083, 272.76,  0.185, 200.19,-99.000, -99.00,-99.000, -99.00,-99.000, -99.00,-99.000, -99.00,
9/1/2006 18:00:00, 11.9,275.8,  0.6,  3.5, 18.936, 28.93,  0.0,  0.0,  0.072, 162.32,  0.140, 192.35,  0.028, 284.53,  0.069, 141.47,  0.096, 188.97,  0.009,  90.00,  0.052, 281.09,  0.078, 300.20,  0.105, 304.90,  0.157, 287.86,  0.101, 253.35,  0.200, 268.28,  0.114, 292.08,  0.108, 302.51,  0.066, 345.96,  0.055, 257.47,-99.000, -99.00,-99.000, -99.00,-99.000, -99.00,-99.000, -99.00,
9/1/2006 18:05:00, 11.9,275.7,  0.6,  3.5, 18.935, 28.92,  0.0,  0.0,  0.084, 135.48,  0.113, 129.61,  0.123, 135.00,  0.140, 176.73,  0.048, 166.83,  0.062, 353.56,  0.072, 297.28,  0.049, 270.00,  0.148, 275.83,  0.095, 284.62,  0.084, 261.10,  0.071, 216.38,  0.093, 274.30,  0.071, 258.69,  0.037, 132.80,  0.105, 235.10,-99.000, -99.00,-99.000, -99.00,-99.000, -99.00,-99.000, -99.00,
9/1/2006 18:10:00, 11.9,275.8,  0.6,  3.4, 18.939, 28.91,  0.0,  0.0,  0.176, 101.50,  0.101, 137.80,  0.124, 181.39,  0.074, 182.32,  0.098, 166.96,  0.049, 157.11,  0.086, 194.85,  0.091, 241.19,  0.056, 247.07,  0.113, 242.53,  0.023, 120.96,  0.026,  92.20,  0.088, 358.70,  0.145, 359.60,  0.174,   0.33,  0.142,  20.98,-99.000, -99.00,-99.000, -99.00,-99.000, -99.00,-99.000, -99.00,
9/1/2006 18:15:00, 11.9,275.8,  0.6,  3.4, 18.929, 28.91,  0.0,  0.0,  0.045, 239.47,  0.158,  71.22,  0.013, 288.43,  0.061, 135.00,  0.006,  80.54,  0.031, 301.61,  0.035, 316.17,  0.085, 326.50,  0.040, 258.41,  0.113, 296.79,  0.104, 262.81,  0.121, 268.11,  0.126, 283.82,  0.038, 222.88,  0.042, 270.00,  0.154, 225.00,-99.000, -99.00,-99.000, -99.00,-99.000, -99.00,-99.000, -99.00,
9/1/2006 18:20:00, 11.9,275.8,  0.6,  3.5, 18.930, 28.91,  0.0,  0.0,  0.218, 113.86,  0.068, 174.96,  0.165, 133.77,  0.214, 126.44,  0.076, 252.28,  0.052, 338.40,  0.038,  49.24,  0.161, 315.25,  0.127, 306.69,  0.141, 235.41,  0.133, 194.35,  0.145, 252.81,  0.136, 263.66,  0.102, 285.40,  0.054, 323.34,  0.029, 240.75,-99.000, -99.00,-99.000, -99.00,-99.000, -99.00,-99.000, -99.00,
9/1/2006 18:25:00, 11.9,275.9,  0.6,  3.4, 18.922, 28.91,  0.0,  0.0,  0.117, 118.10,  0.113,  86.96,  0.111, 112.86,  0.185, 193.13,  0.114, 133.22,  0.048, 148.63,  0.142, 225.86,  0.085, 208.66,  0.025, 189.09,  0.058, 214.51,  0.120, 211.05,  0.108, 253.25,  0.069, 260.81,  0.113, 250.28,  0.110, 234.58,  0.138, 229.98,-99.000, -99.00,-99.000, -99.00,-99.000, -99.00,-99.000, -99.00,
9/1/2006 18:30:00, 11.9,275.7,  0.6,  3.5, 18.934, 28.90,  0.0,  0.0,  0.125, 129.81,  0.140, 127.44,  0.167, 115.49,  0.128, 170.10,  0.006, 149.04,  0.007,  90.00,  0.033, 312.51,  0.093, 118.22,  0.089, 121.73,  0.067, 248.04,  0.064, 247.86,  0.087, 258.69,  0.018, 286.39,  0.007,   0.00,  0.056,  10.30,  0.118, 282.26,-99.000, -99.00,-99.000, -99.00,-99.000, -99.00,-99.000, -99.00,
9/1/2006 18:35:00, 11.9,275.7,  0.6,  3.4, 18.928, 28.88,  0.0,  0.0,  0.160, 108.21,  0.184, 111.69,  0.189, 105.36,  0.069, 138.50,  0.086, 127.93,  0.093, 165.07,  0.065,  48.73,  0.062, 225.66,  0.065, 273.52,  0.036, 277.91,  0.115, 240.75,  0.152, 252.04,  0.164, 269.65,  0.074, 280.86,  0.061, 291.10,  0.041, 276.95,-99.000, -99.00,-99.000, -99.00,-99.000, -99.00,-99.000, -99.00,
9/1/2006 18:40:00, 11.9,275.7,  0.6,  3.5, 18.924, 28.88,  0.0,  0.0,  0.195,  99.46,  0.108, 166.61,  0.099, 157.34,  0.083, 113.47,  0.016, 129.81,  0.102, 178.88,  0.008, 140.19,  0.053,  18.78,  0.009, 339.44,  0.063, 277.35,  0.088, 300.63,  0.126, 297.99,  0.113, 266.46,  0.140, 270.00,  0.096, 306.51,  0.099, 261.87,-99.000, -99.00,-99.000, -99.00,-99.000, -99.00,-99.000, -99.00,
9/1/2006 18:45:00, 11.9,275.7,  0.6,  3.5, 18.915, 28.87,  0.0,  0.0,  0.031, 110.77,  0.126, 130.16,  0.113, 106.99,  0.103, 123.07,  0.135, 121.11,  0.192,  86.13,  0.039,  90.00,  0.089, 116.85,  0.028,  94.09,  0.096, 304.85,  0.089, 304.94,  0.082, 249.36,  0.054, 225.00,  0.019, 117.90,  0.026,  51.34,  0.054, 227.23,-99.000, -99.00,-99.000, -99.00,-99.000, -99.00,-99.000, -99.00,
9/1/2006 18:50:00, 11.9,275.8,  0.6,  3.4, 18.907, 28.86,  0.0,  0.0,  0.155,  76.23,  0.184, 114.34,  0.260, 121.80,  0.103, 133.03,  0.074, 179.23,  0.057, 124.25,  0.057, 232.13,  0.059, 123.15,  0.108, 191.21,  0.111, 169.09,  0.087, 161.98,  0.119, 225.68,  0.049, 190.62,  0.064, 103.60,  0.079, 337.66,  0.076, 257.06,-99.000, -99.00,-99.000, -99.00,-99.000, -99.00,-99.000, -99.00,
9/1/2006 18:55:00, 11.9,275.9,  0.6,  3.4, 18.902, 28.86,  0.0,  0.0,  0.110,  76.85,  0.146, 126.09,  0.186, 127.36,  0.119, 110.73,  0.108, 162.24,  0.108, 138.37,  0.064, 129.92,  0.015, 151.70,  0.022, 144.16,  0.027, 250.20,  0.168, 251.24,  0.095, 255.96,  0.079, 284.74,  0.016, 277.13,  0.021, 316.97,  0.120, 288.43,-99.000, -99.00,-99.000, -99.00,-99.000, -99.00,-99.000, -99.00,
9/1/2006 19:00:00, 11.9,275.9,  0.6,  3.4, 18.900, 28.86,  0.0,  0.0,  0.219,  89.74,  0.157,  92.92,  0.145, 112.32,  0.144, 113.72,  0.063, 119.41,  0.099, 103.47,  0.021, 315.00,  0.009, 200.56,  0.043, 183.99,  0.057, 212.86,  0.090, 236.84,  0.009, 198.43,  0.041, 248.46,  0.057, 291.61,  0.047,   4.86,  0.022, 234.16,-99.000, -99.00,-99.000, -99.00,-99.000, -99.00,-99.000, -99.00,
9/1/2006 19:05:00, 11.9,275.7,  0.6,  3.5, 18.892, 28.85,  0.0,  0.0,  0.228,  99.09,  0.194, 122.79,  0.206, 114.08,  0.175, 112.17,  0.223,  84.85,  0.071,  49.57,  0.072, 222.17,  0.025, 180.00,  0.085, 154.94,  0.067, 193.83,  0.069, 214.38,  0.048, 280.84,  0.043, 260.54,  0.028, 284.53,  0.069, 323.30,  0.066, 224.38,-99.000, -99.00,-99.000, -99.00,-99.000, -99.00,-99.000, -99.00,
9/1/2006 19:10:00, 11.9,275.8,  0.6,  3.4, 18.886, 28.85,  0.0,  0.0,  0.153, 124.32,  0.217, 130.14,  0.271, 117.99,  0.161, 102.91,  0.195, 124.75,  0.114, 155.68,  0.051,  93.37,  0.125, 170.76,  0.169, 210.50,  0.117, 177.06,  0.051, 166.50,  0.066, 192.34,  0.042, 211.43,  0.056,  90.00,  0.047, 342.72,  0.035, 348.37,-99.000, -99.00,-99.000, -99.00,-99.000, -99.00,-99.000, -99.00,
9/1/2006 19:15:00, 11.9,275.9,  0.6,  3.4, 18.883, 28.85,  0.0,  0.0,  0.197, 133.35,  0.217, 120.69,  0.139, 123.23,  0.190, 126.45,  0.150, 138.78,  0.112, 113.60,  0.067,  71.83,  0.047, 128.09,  0.095, 146.14,  0.118, 141.87,  0.036, 183.18,  0.045,  59.47,  0.001,  90.00,  0.066, 165.12,  0.102, 142.57,  0.062, 137.60,-99.000, -99.00,-99.000, -99.00,-99.000, -99.00,-99.000, -99.00,
9/1/2006 19:20:00, 11.9,275.8,  0.6,  3.5, 18.886, 28.85,  0.0,  0.0,  0.227,  88.99,  0.234, 127.36,  0.215, 133.87,  0.217, 120.10,  0.196, 114.47,  0.071, 138.43,  0.108, 133.49,  0.020, 120.47,  0.064, 258.34,  0.009, 220.60,  0.058, 227.79,  0.044, 185.19,  0.093, 152.33,  0.114, 108.43,  0.072, 116.21,  0.175, 127.79,-99.000, -99.00,-99.000, -99.00,-99.000, -99.00,-99.000, -99.00,
9/1/2006 19:25:00, 11.9,275.8,  0.6,  3.4, 18.873, 28.85,  0.0,  0.0,  0.102, 125.86,  0.195, 123.28,  0.174, 134.07,  0.210, 130.36,  0.106, 161.91,  0.147, 119.70,  0.122, 155.32,  0.060, 183.81,  0.051, 160.50,  0.047, 343.89,  0.067, 152.28,  0.066, 160.46,  0.062, 217.79,  0.020, 191.31,  0.139, 124.72,  0.110, 111.22,-99.000, -99.00,-99.000, -99.00,-99.000, -99.00,-99.000, -99.00,
9/1/2006 19:30:00, 11.9,275.8,  0.6,  3.4, 18.871, 28.86,  0.0,  0.0,  0.079,  70.88,  0.140, 121.31,  0.274, 111.22,  0.279, 111.04,  0.211, 117.66,  0.285, 129.45,  0.268, 130.46,  0.160, 137.03,  0.120, 121.70,  0.087, 205.10,  0.127, 223.40,  0.043, 167.91,  0.061, 214.99,  0.105, 141.17,  0.105, 120.96,  0.201, 107.98,-99.000, -99.00,-99.000, -99.00,-99.000, -99.00,-99.000, -99.00,
9/1/2006 19:35:00, 11.9,275.7,  0.6,  3.4, 18.873, 28.86,  0.0,  0.0,  0.084, 121.79,  0.041, 138.95,  0.142,  90.40,  0.168,  93.75,  0.183, 107.45,  0.153, 121.61,  0.219, 120.20,  0.112, 142.62,  0.117, 194.87,  0.087, 218.97,  0.054, 192.76,  0.069, 276.61,  0.024, 242.35,  0.104, 140.83,  0.102, 108.97,  0.270,  99.39,-99.000, -99.00,-99.000, -99.00,-99.000, -99.00,-99.000, -99.00,
9/1/2006 19:40:00, 11.9,275.7,  0.6,  3.4, 18.855, 28.87,  0.0,  0.0,  0.170, 105.67,  0.313, 102.75,  0.161, 102.91,  0.116, 139.88,  0.103, 144.46,  0.126, 139.84,  0.134, 137.41,  0.117, 180.00,  0.049, 144.06,  0.049, 220.86,  0.016, 266.42,  0.062, 173.56,  0.074, 259.90,  0.080, 153.11,  0.127, 127.95,  0.264, 114.82,-99.000, -99.00,-99.000, -99.00,-99.000, -99.00,-99.000, -99.00,
9/1/2006 19:45:00, 11.9,275.7,  0.6,  3.5, 18.855, 28.88,  0.0,  0.0,  0.146, 119.55,  0.198, 101.08,  0.178, 120.02,  0.181, 116.57,  0.067, 116.57,  0.139, 114.72,  0.114, 121.31,  0.145, 124.35,  0.127, 108.86,  0.033, 113.43,  0.062, 113.68,  0.053, 149.59,  0.050,  19.89,  0.106,  94.32,  0.203, 106.92,  0.288, 102.83,-99.000, -99.00,-99.000, -99.00,-99.000, -99.00,-99.000, -99.00,
9/1/2006 19:50:00, 11.9,275.8,  0.6,  3.4, 18.861, 28.90,  0.0,  0.0,  0.308,  96.89,  0.166, 111.16,  0.286, 101.90,  0.229, 103.91,  0.196, 108.43,  0.185, 106.67,  0.158, 100.24,  0.095,  83.33,  0.098, 137.06,  0.034, 195.26,  0.011, 135.00,  0.127, 137.88,  0.107, 195.21,  0.051, 285.95,  0.085, 118.99,  0.241, 106.17,-99.000, -99.00,-99.000, -99.00,-99.000, -99.00,-99.000, -99.00,
9/1/2006 19:55:00, 11.9,275.8,  0.6,  3.4, 18.850, 28.94,  0.0,  0.0,  0.242,  99.73,  0.245, 111.84,  0.212, 109.29,  0.218, 112.09,  0.179, 124.05,  0.232, 110.70,  0.164, 115.63,  0.100, 150.61,  0.135,  95.12,  0.104, 116.32,  0.049,  68.63,  0.066, 147.99,  0.106, 138.81,  0.062, 181.85,  0.055, 196.80,  0.117, 137.43,-99.000, -99.00,-99.000, -99.00,-99.000, -99.00,-99.000, -99.00,
9/1/2006 20:00:00, 11.9,275.7,  0.6,  3.4, 18.853, 28.93,  0.0,  0.0,  0.138, 100.42,  0.220, 139.43,  0.259, 107.31,  0.243,  91.18,  0.172,  92.00,  0.204, 119.08,  0.163,  95.29,  0.111, 101.41,  0.096, 137.97,  0.216, 112.29,  0.165, 122.15,  0.078, 131.88,  0.092, 124.38,  0.042, 106.70,  0.039, 145.49,  0.071,  74.39,-99.000, -99.00,-99.000, -99.00,-99.000, -99.00,-99.000, -99.00,
9/1/2006 20:05:00, 11.9,275.7,  0.6,  3.4, 18.841, 28.93,  0.0,  0.0,  0.192,  85.21,  0.182, 120.37,  0.248, 137.94,  0.153, 156.46,  0.179, 121.73,  0.195, 141.25,  0.102, 120.09,  0.119,  92.41,  0.073,  79.00,  0.141, 106.50,  0.053,  97.52,  0.054, 108.43,  0.029, 313.60,  0.064, 146.56,  0.040, 146.31,  0.157,  90.73,-99.000, -99.00,-99.000, -99.00,-99.000, -99.00,-99.000, -99.00,
9/1/2006 20:10:00, 11.9,275.8,  0.6,  3.4, 18.853, 28.93,  0.0,  0.0,  0.167, 146.50,  0.137, 151.19,  0.113, 122.70,  0.115, 127.96,  0.180, 137.70,  0.129, 120.74,  0.173, 163.87,  0.149, 154.12,  0.100, 141.07,  0.069, 137.95,  0.164, 125.82,  0.148, 127.02,  0.036, 247.01,  0.037,  62.74,  0.021,  90.00,  0.094, 123.69,-99.000, -99.00,-99.000, -99.00,-99.000, -99.00,-99.000, -99.00,
9/1/2006 20:15:00, 11.9,275.8,  0.6,  3.4, 18.844, 28.94,  0.0,  0.0,  0.173, 144.65,  0.185, 107.26,  0.103, 147.70,  0.159, 149.72,  0.169, 112.31,  0.105, 110.68,  0.134, 176.58,  0.200, 153.56,  0.165, 173.39,  0.129, 201.39,  0.135, 218.99,  0.008,  60.26,  0.078, 296.57,  0.129, 304.55,  0.047, 333.43,  0.055, 251.90,-99.000, -99.00,-99.000, -99.00,-99.000, -99.00,-99.000, -99.00,
9/1/2006 20:20:00, 11.9,275.7,  0.6,  3.4, 18.833, 28.96,  0.0,  0.0,  0.150, 130.15,  0.090, 144.54,  0.042, 137.91,  0.061,  97.59,  0.084, 206.26,  0.070, 189.87,  0.085, 219.29,  0.043,  13.39,  0.030, 205.71,  0.065, 157.38,  0.043, 224.06,  0.000,   0.00,  0.040,  42.95,  0.023, 270.00,  0.042, 316.91,  0.098, 295.51,-99.000, -99.00,-99.000, -99.00,-99.000, -99.00,-99.000, -99.00,
9/1/2006 20:25:00, 11.9,275.6,  0.6,  3.5, 18.828, 28.97,  0.0,  0.0,  0.135,  95.96,  0.122, 150.49,  0.225, 151.27,  0.132, 140.86,  0.027, 124.29,  0.041, 119.05,  0.132, 200.91,  0.103, 177.22,  0.163, 205.78,  0.083, 190.37,  0.024, 345.38,  0.072, 312.75,  0.113, 278.63,  0.069, 309.70,  0.091, 332.59,  0.030,  29.98,-99.000, -99.00,-99.000, -99.00,-99.000, -99.00,-99.000, -99.00,
9/1/2006 20:30:00, 11.9,275.8,  0.6,  3.4, 18.832, 28.97,  0.0,  0.0,  0.101, 143.47,  0.020, 149.53,  0.053,  65.38,  0.019,   0.00,  0.026,  72.26,  0.028,  16.50,  0.086, 209.25,  0.097, 231.25,  0.038, 190.71,  0.099, 216.75,  0.157, 263.42,  0.053, 347.01,  0.080, 337.27,  0.054,  91.06,  0.030, 109.65,  0.081, 156.61,-99.000, -99.00,-99.000, -99.00,-99.000, -99.00,-99.000, -99.00,
9/1/2006 20:35:00, 11.9,275.7,  0.6,  3.4, 18.840, 28.97,  0.0,  0.0,  0.056, 123.41,  0.013,  38.66,  0.043, 161.15,  0.062, 189.31,  0.095, 245.85,  0.045, 271.27,  0.095, 289.78,  0.083, 239.74,  0.025,   6.84,  0.075, 276.93,  0.089, 322.74,  0.100,   3.43,  0.079, 346.14,  0.140, 350.94,  0.106, 328.85,  0.019, 180.00,-99.000, -99.00,-99.000, -99.00,-99.000, -99.00,-99.000, -99.00,
9/1/2006 20:40:00, 11.9,275.7,  0.6,  3.4, 18.831, 28.98,  0.0,  0.0,  0.007,  98.13,  0.056,  82.87,  0.050, 304.33,  0.097, 282.46,  0.029, 231.95,  0.031, 333.43,  0.102, 253.52,  0.086, 332.24,  0.107, 357.32,  0.083, 307.15,  0.058, 308.05,  0.135, 328.67,  0.081, 331.22,  0.137, 344.74,  0.059,   3.88,  0.064, 173.76,-99.000, -99.00,-99.000, -99.00,-99.000, -99.00,-99.000, -99.00,
9/1/2006 20:45:00, 11.9,275.8,  0.6,  3.4, 18.818, 28.99,  0.0,  0.0,  0.063, 340.41,  0.038, 128.66,  0.037, 281.00,  0.054,  16.09,  0.050, 286.26,  0.043, 141.55,  0.034, 270.00,  0.070, 248.20,  0.103, 280.11,  0.029, 352.15,  0.073, 285.19,  0.082, 305.62,  0.056, 320.06,  0.093, 309.33,  0.072, 356.03,  0.049, 202.89,-99.000, -99.00,-99.000, -99.00,-99.000, -99.00,-99.000, -99.00,
9/1/2006 20:50:00, 11.9,275.8,  0.6,  3.5, 18.825, 28.98,  0.0,  0.0,  0.031,  88.15,  0.052, 126.43,  0.052, 263.42,  0.074, 157.62,  0.131, 303.81,  0.079, 311.39,  0.128, 318.81,  0.114, 326.45,  0.067,  14.66,  0.102, 357.19,  0.023, 265.03,  0.120, 266.19,  0.083, 277.64,  0.096, 337.98,  0.117, 316.74,  0.068, 228.58,-99.000, -99.00,-99.000, -99.00,-99.000, -99.00,-99.000, -99.00,
9/1/2006 20:55:00, 11.9,275.8,  0.6,  3.4, 18.819, 28.97,  0.0,  0.0,  0.117, 344.19,  0.152,  41.54,  0.056, 336.67,  0.048, 332.90,  0.133, 345.65,  0.100, 351.38,  0.060,   5.71,  0.065, 297.35,  0.030, 298.30,  0.084, 251.35,  0.106, 301.15,  0.051, 315.00,  0.101, 291.49,  0.089, 318.21,  0.082, 314.01,  0.053, 115.60,-99.000, -99.00,-99.000, -99.00,-99.000, -99.00,-99.000, -99.00,
9/1/2006 21:00:00, 11.9,275.7,  0.6,  3.4, 18.817, 28.97,  0.0,  0.0,  0.151, 302.01,  0.142, 347.82,  0.189, 344.64,  0.201, 350.26,  0.176, 352.47,  0.176, 346.20,  0.133, 299.26,  0.059, 291.80,  0.041, 341.57,  0.039, 311.88,  0.074, 311.19,  0.052, 295.08,  0.074, 327.17,  0.085, 327.43,  0.018, 312.71,  0.049, 342.30,-99.000, -99.00,-99.000, -99.00,-99.000, -99.00,-99.000, -99.00,
9/1/2006 21:05:00, 11.9,276.0,  0.6,  3.4, 18.824, 28.97,  0.0,  0.0,  0.084, 337.69,  0.105, 347.29,  0.200, 334.84,  0.070, 279.06,  0.127, 340.29,  0.144, 343.07,  0.033, 295.02,  0.050, 279.27,  0.085, 298.07,  0.079, 317.05,  0.131, 345.43,  0.082, 320.91,  0.073, 345.02,  0.129, 324.46,  0.049,   0.00,  0.080, 116.89,-99.000, -99.00,-99.000, -99.00,-99.000, -99.00,-99.000, -99.00,
9/1/2006 21:10:00, 11.9,275.7,  0.6,  3.4, 18.821, 28.95,  0.0,  0.0,  0.120, 329.36,  0.076, 335.12,  0.120, 317.37,  0.145, 319.48,  0.142, 341.57,  0.178, 313.64,  0.100, 347.35,  0.109, 348.90,  0.125, 326.44,  0.068, 354.12,  0.121, 335.56,  0.032,  57.80,  0.069, 286.86,  0.017, 246.37,  0.056, 330.26,  0.082,   9.81,-99.000, -99.00,-99.000, -99.00,-99.000, -99.00,-99.000, -99.00,
9/1/2006 21:15:00, 11.9,275.8,  0.6,  3.4, 18.811, 28.94,  0.0,  0.0,  0.179,   0.96,  0.173, 356.36,  0.141, 359.19,  0.136, 315.30,  0.122, 345.74,  0.160, 336.80,  0.151, 326.10,  0.136,   6.34,  0.219, 301.01,  0.095, 335.06,  0.079, 311.39,  0.112, 313.55,  0.086, 329.26,  0.034,   1.68,  0.078,  36.14,  0.037, 239.30,-99.000, -99.00,-99.000, -99.00,-99.000, -99.00,-99.000, -99.00,
9/1/2006 21:20:00, 11.9,275.8,  0.6,  3.4, 18.816, 28.93,  0.0,  0.0,  0.210,   4.11,  0.135, 359.15,  0.154, 354.40,  0.119, 342.33,  0.072,   9.59,  0.149, 335.84,  0.092, 306.12,  0.083, 296.57,  0.109, 311.28,  0.178, 303.06,  0.166, 291.61,  0.143, 320.09,  0.121, 337.05,  0.099, 324.06,  0.142, 315.86,  0.028, 307.69,-99.000, -99.00,-99.000, -99.00,-99.000, -99.00,-99.000, -99.00,
9/1/2006 21:25:00, 11.9,275.6,  0.6,  3.5, 18.802, 28.92,  0.0,  0.0,  0.152,  26.57,  0.112,  13.91,  0.163, 342.46,  0.163, 346.90,  0.082, 317.96,  0.132,  10.46,  0.165, 341.67,  0.115, 326.03,  0.168, 311.86,  0.157, 312.94,  0.134, 333.43,  0.180, 316.80,  0.125, 314.68,  0.198, 313.36,  0.108, 300.60,  0.015,   0.00,-99.000, -99.00,-99.000, -99.00,-99.000, -99.00,-99.000, -99.00,
9/1/2006 21:30:00, 11.9,275.8,  0.6,  3.4, 18.799, 28.91,  0.0,  0.0,  0.320, 350.83,  0.196,   0.29,  0.185,  22.95,  0.144,   1.59,  0.119, 341.41,  0.085, 330.42,  0.110, 307.60,  0.115, 338.11,  0.191, 335.18,  0.160, 352.07,  0.159, 340.54,  0.198, 308.84,  0.208, 320.65,  0.111, 329.74,  0.069, 313.83,  0.065, 298.54,-99.000, -99.00,-99.000, -99.00,-99.000, -99.00,-99.000, -99.00,
9/1/2006 21:35:00, 11.9,275.9,  0.6,  3.4, 18.797, 28.90,  0.0,  0.0,  0.221, 341.24,  0.171, 311.69,  0.181, 347.88,  0.233, 350.62,  0.160, 353.19,  0.171, 327.14,  0.143, 335.22,  0.080,   7.21,  0.099, 333.69,  0.134, 318.33,  0.129, 350.61,  0.110, 335.77,  0.103, 325.23,  0.099, 336.80,  0.098,  11.20,  0.054,  65.82,-99.000, -99.00,-99.000, -99.00,-99.000, -99.00,-99.000, -99.00,
9/1/2006 21:40:00, 11.9,275.7,  0.6,  3.4, 18.790, 28.90,  0.0,  0.0,  0.194, 340.72,  0.171, 346.13,  0.256, 341.57,  0.268, 339.27,  0.225, 355.15,  0.120, 320.74,  0.105, 306.87,  0.188, 302.42,  0.163, 303.01,  0.151, 304.74,  0.117, 341.10,  0.117, 324.01,  0.204, 325.61,  0.177, 351.23,  0.192, 315.84,  0.048, 318.37,-99.000, -99.00,-99.000, -99.00,-99.000, -99.00,-99.000, -99.00,
9/1/2006 21:45:00, 11.9,275.8,  0.6,  3.4, 18.788, 28.90,  0.0,  0.0,  0.108,   6.93,  0.232, 348.84,  0.230, 348.74,  0.258, 336.92,  0.196, 344.34,  0.221, 338.78,  0.229, 350.21,  0.154, 320.82,  0.169, 316.68,  0.162, 300.36,  0.124, 314.67,  0.116, 304.79,  0.189, 322.95,  0.172, 343.14,  0.161, 339.99,  0.093,  54.61,-99.000, -99.00,-99.000, -99.00,-99.000, -99.00,-99.000, -99.00,
9/1/2006 21:50:00, 11.9,275.9,  0.6,  3.4, 18.783, 28.89,  0.0,  0.0,  0.148, 333.95,  0.140, 329.60,  0.153, 323.50,  0.142,   0.00,  0.248, 335.92,  0.134, 341.29,  0.118, 338.20,  0.132, 298.89,  0.027, 349.51,  0.014, 347.91,  0.102, 315.80,  0.135, 336.47,  0.134, 334.39,  0.100, 315.81,  0.069, 357.51,  0.022, 264.81,-99.000, -99.00,-99.000, -99.00,-99.000, -99.00,-99.000, -99.00,
9/1/2006 21:55:00, 11.9,275.7,  0.6,  3.5, 18.794, 28.89,  0.0,  0.0,  0.080,   0.00,  0.104,  17.91,  0.167, 330.51,  0.134,   2.14,  0.125, 342.29,  0.107,   5.92,  0.179, 302.89,  0.120, 341.11,  0.128, 314.05,  0.169, 320.28,  0.120, 318.05,  0.059,  27.00,  0.088, 322.87,  0.124, 329.51,  0.122, 313.34,  0.018, 333.43,-99.000, -99.00,-99.000, -99.00,-99.000, -99.00,-99.000, -99.00,
9/1/2006 22:00:00, 11.9,275.8,  0.6,  3.4, 18.788, 28.88,  0.0,  0.0,  0.215, 350.89,  0.123, 352.53,  0.169, 322.93,  0.119, 344.45,  0.208, 339.48,  0.080, 350.66,  0.110, 331.81,  0.130, 302.71,  0.124,   2.77,  0.118, 311.55,  0.113, 317.86,  0.157, 311.91,  0.065, 337.38,  0.091, 300.21,  0.118, 328.20,  0.032,  33.69,-99.000, -99.00,-99.000, -99.00,-99.000, -99.00,-99.000, -99.00,
9/1/2006 22:05:00, 11.9,275.8,  0.6,  3.5, 18.788, 28.88,  0.0,  0.0,  0.109, 330.84,  0.089, 338.32,  0.148,  14.04,  0.086, 318.31,  0.161, 346.31,  0.145, 331.48,  0.110, 351.65,  0.099, 309.66,  0.122,   6.13,  0.119, 341.41,  0.114, 356.99,  0.160, 334.88,  0.168, 321.77,  0.091, 336.80,  0.087,  36.08,  0.057,  66.14,-99.000, -99.00,-99.000, -99.00,-99.000, -99.00,-99.000, -99.00,
9/1/2006 22:10:00, 11.9,275.8,  0.6,  3.4, 18.794, 28.88,  0.0,  0.0,  0.131, 336.57,  0.107, 343.76,  0.036, 282.88,  0.166,   6.91,  0.083, 316.94,  0.072,  47.83,  0.097, 346.25,  0.147, 300.23,  0.091, 326.66,  0.067, 324.66,  0.147, 306.40,  0.094, 338.09,  0.054, 339.57,  0.087, 358.68,  0.065,  47.49,  0.011, 285.26,-99.000, -99.00,-99.000, -99.00,-99.000, -99.00,-99.000, -99.00,
9/1/2006 22:15:00, 11.9,275.7,  0.6,  3.4, 18.800, 28.88,  0.0,  0.0,  0.167, 323.54,  0.220,   1.82,  0.124, 323.22,  0.116, 334.54,  0.125, 324.78,  0.137, 342.10,  0.100,  34.80,  0.062,   5.53,  0.193, 334.23,  0.117, 352.63,  0.216, 319.51,  0.157, 326.41,  0.091, 301.94,  0.075, 321.46,  0.137, 312.33,  0.023, 235.62,-99.000, -99.00,-99.000, -99.00,-99.000, -99.00,-99.000, -99.00,
9/1/2006 22:20:00, 11.9,275.8,  0.6,  3.4, 18.792, 28.88,  0.0,  0.0,  0.153, 327.04,  0.123, 344.95,  0.140, 336.00,  0.099, 315.82,  0.109, 345.07,  0.068,  31.11,  0.055, 339.93,  0.099, 276.40,  0.097, 352.87,  0.070,   0.82,  0.077,   1.49,  0.079,  24.62,  0.073, 354.52,  0.118, 332.13,  0.075, 323.13,  0.070, 124.59,-99.000, -99.00,-99.000, -99.00,-99.000, -99.00,-99.000, -99.00,
9/1/2006 22:25:00, 11.9,275.8,  0.6,  3.4, 18.800, 28.88,  0.0,  0.0,  0.065, 339.34,  0.134, 355.31,  0.120, 306.87,  0.039,  31.22,  0.025, 258.23,  0.141, 351.01,  0.087,   4.60,  0.033,   8.62,  0.072, 323.45,  0.076,   7.59,  0.065, 335.41,  0.051, 353.29,  0.082, 349.51,  0.047,  22.71,  0.033,  45.00,  0.040, 191.59,-99.000, -99.00,-99.000, -99.00,-99.000, -99.00,-99.000, -99.00,
9/1/2006 22:30:00, 11.9,275.8,  0.6,  3.4, 18.795, 28.88,  0.0,  0.0,  0.070,  11.47,  0.089, 314.09,  0.164, 298.44,  0.100, 317.84,  0.136, 348.11,  0.068,  37.21,  0.107,   4.28,  0.062,  52.21,  0.139, 316.17,  0.107, 325.71,  0.067, 352.23,  0.128, 350.54,  0.023,  15.26,  0.114, 328.26,  0.133, 311.02,  0.063, 264.56,-99.000, -99.00,-99.000, -99.00,-99.000, -99.00,-99.000, -99.00,
9/1/2006 22:35:00, 11.9,275.8,  0.6,  3.4, 18.798, 28.88,  0.0,  0.0,  0.032, 308.66,  0.089, 323.64,  0.155, 343.90,  0.146, 324.46,  0.108, 353.07,  0.075,  15.52,  0.043, 282.09,  0.105,   9.28,  0.131, 356.51,  0.072, 291.95,  0.087, 305.69,  0.170, 333.89,  0.092, 329.25,  0.026, 130.36,  0.049, 323.37,  0.030, 250.35,-99.000, -99.00,-99.000, -99.00,-99.000, -99.00,-99.000, -99.00,
9/1/2006 22:40:00, 11.9,275.7,  0.6,  3.4, 18.788, 28.88,  0.0,  0.0,  0.161, 331.05,  0.147, 308.66,  0.129, 337.21,  0.057,  47.12,  0.088,  21.32,  0.114, 333.43,  0.173, 338.32,  0.109,  15.95,  0.141, 339.25,  0.097,  16.19,  0.136, 314.40,  0.166, 318.42,  0.112, 301.84,  0.076, 295.89,  0.066, 335.77,  0.049, 266.50,-99.000, -99.00,-99.000, -99.00,-99.000, -99.00,-99.000, -99.00,
9/1/2006 22:45:00, 11.9,275.9,  0.6,  3.4, 18.788, 28.88,  0.0,  0.0,  0.090, 355.55,  0.190, 353.96,  0.139, 346.26,  0.177, 278.77,  0.078, 322.84,  0.114, 339.97,  0.052, 322.03,  0.053, 309.67,  0.056, 352.87,  0.093, 290.77,  0.100, 324.73,  0.135, 319.49,  0.093, 358.77,  0.082, 337.81,  0.042, 253.30,  0.078, 242.45,-99.000, -99.00,-99.000, -99.00,-99.000, -99.00,-99.000, -99.00,
9/1/2006 22:50:00, 11.9,275.8,  0.6,  3.4, 18.781, 28.88,  0.0,  0.0,  0.073, 347.30,  0.117, 308.43,  0.165, 319.17,  0.106, 350.80,  0.095, 326.14,  0.078, 330.80,  0.061, 355.31,  0.091, 294.03,  0.064, 294.96,  0.034, 295.82,  0.077, 319.72,  0.079, 312.42,  0.027, 265.76,  0.081, 283.52,  0.071, 338.50,  0.063, 273.63,-99.000, -99.00,-99.000, -99.00,-99.000, -99.00,-99.000, -99.00,
9/1/2006 22:55:00, 11.9,275.8,  0.6,  3.4, 18.783, 28.90,  0.0,  0.0,  0.104, 327.99,  0.124,   6.03,  0.072, 255.58,  0.071, 346.16,  0.006,   0.00,  0.114, 351.44,  0.079, 354.22,  0.196, 333.30,  0.138, 322.38,  0.085, 336.45,  0.060, 355.24,  0.036, 311.63,  0.119, 310.91,  0.062, 320.19,  0.077, 302.87,  0.007, 146.31,-99.000, -99.00,-99.000, -99.00,-99.000, -99.00,-99.000, -99.00,
9/1/2006 23:00:00, 11.9,275.7,  0.6,  3.4, 18.779, 28.91,  0.0,  0.0,  0.161, 341.57,  0.188, 325.21,  0.059, 349.26,  0.110, 272.60,  0.051, 264.40,  0.119, 325.24,  0.036,  57.65,  0.056, 353.88,  0.032, 213.69,  0.103, 242.94,  0.087, 288.85,  0.105, 325.10,  0.136, 326.08,  0.126, 327.95,  0.051,  40.24,  0.025, 161.57,-99.000, -99.00,-99.000, -99.00,-99.000, -99.00,-99.000, -99.00,
9/1/2006 23:05:00, 11.9,275.9,  0.6,  3.4, 18.778, 28.92,  0.0,  0.0,  0.123, 311.71,  0.148, 346.72,  0.139, 335.83,  0.038, 330.07,  0.082, 342.23,  0.102, 342.81,  0.125, 351.74,  0.051, 273.37,  0.091, 282.67,  0.097,  20.49,  0.080, 306.87,  0.105, 265.64,  0.131, 303.45,  0.046, 343.54,  0.057, 357.99,  0.041, 167.32,-99.000, -99.00,-99.000, -99.00,-99.000, -99.00,-99.000, -99.00,
9/1/2006 23:10:00, 11.9,275.7,  0.6,  3.4, 18.770, 28.94,  0.0,  0.0,  0.171, 346.45,  0.071, 355.97,  0.093, 322.88,  0.053,  45.76,  0.066, 303.93,  0.061, 338.03,  0.100, 323.13,  0.122,   7.53,  0.083, 315.49,  0.046, 328.39,  0.102, 345.83,  0.076,  23.20,  0.053, 345.70,  0.080,  14.56,  0.130, 339.34,  0.067, 242.28,-99.000, -99.00,-99.000, -99.00,-99.000, -99.00,-99.000, -99.00,
9/1/2006 23:15:00, 11.9,275.7,  0.6,  3.4, 18.772, 28.95,  0.0,  0.0,  0.089, 325.06,  0.108, 354.71,  0.126, 255.30,  0.043, 239.26,  0.064,   3.58,  0.073, 188.69,  0.057, 161.57,  0.120, 305.15,  0.052, 355.60,  0.072,  47.83,  0.105, 340.02,  0.010,   0.00,  0.045, 330.57,  0.059,  66.93,  0.073, 314.44,  0.155, 247.58,-99.000, -99.00,-99.000, -99.00,-99.000, -99.00,-99.000, -99.00,
9/1/2006 23:20:00, 11.9,275.6,  0.6,  3.4, 18.781, 28.96,  0.0,  0.0,  0.101, 276.84,  0.030, 264.29,  0.060, 303.42,  0.062, 259.78,  0.035, 317.29,  0.097, 323.84,  0.168, 309.94,  0.070, 350.13,  0.077, 334.76,  0.097,  12.46,  0.082,  20.64,  0.103,  25.82,  0.095,  24.15,  0.059, 286.89,  0.083, 281.85,  0.093, 214.89,-99.000, -99.00,-99.000, -99.00,-99.000, -99.00,-99.000, -99.00,
9/1/2006 23:25:00, 11.9,275.9,  0.6,  3.5, 18.776, 28.98,  0.0,  0.0,  0.046, 307.87,  0.027,  63.43,  0.067,  16.53,  0.080, 215.87,  0.033, 322.43,  0.043, 287.59,  0.057, 312.14,  0.075, 309.61,  0.032,   0.00,  0.021, 334.65,  0.110,  64.13,  0.053, 259.11,  0.033,  57.26,  0.089, 325.95,  0.010, 306.87,  0.067, 238.45,-99.000, -99.00,-99.000, -99.00,-99.000, -99.00,-99.000, -99.00,
9/1/2006 23:30:00, 11.9,275.7,  0.6,  3.4, 18.778, 28.99,  0.0,  0.0,  0.121, 313.33,  0.038,  50.39,  0.101, 310.17,  0.013, 180.00,  0.080, 338.86,  0.009,  35.54,  0.058, 352.01,  0.105, 326.31,  0.059,  71.26,  0.068,  17.10,  0.032, 316.27,  0.080,  48.54,  0.082, 292.83,  0.098, 319.14,  0.106, 316.53,  0.120, 270.95,-99.000, -99.00,-99.000, -99.00,-99.000, -99.00,-99.000, -99.00,
9/1/2006 23:35:00, 11.9,275.7,  0.6,  3.4, 18.780, 29.00,  0.0,  0.0,  0.056,  66.67,  0.031,   7.35,  0.024,  77.74,  0.137, 100.49,  0.081,  87.17,  0.019,  11.89,  0.012, 155.56,  0.031,  73.30,  0.012, 131.63,  0.066,  49.30,  0.085,   1.35,  0.122, 334.27,  0.064, 306.16,  0.094, 340.80,  0.065,  18.71,  0.045, 152.30,-99.000, -99.00,-99.000, -99.00,-99.000, -99.00,-99.000, -99.00,
9/1/2006 23:40:00, 11.9,275.8,  0.6,  3.4, 18.782, 29.02,  0.0,  0.0,  0.107,  35.91,  0.095,  45.00,  0.063, 357.27,  0.023,  94.97,  0.094, 260.84,  0.094, 188.56,  0.043, 282.09,  0.115, 335.43,  0.096, 290.70,  0.104, 356.15,  0.107,  27.28,  0.081, 345.62,  0.087, 357.37,  0.070, 320.83,  0.038, 317.12,  0.028, 307.69,-99.000, -99.00,-99.000, -99.00,-99.000, -99.00,-99.000, -99.00,
9/1/2006 23:45:00, 11.9,275.8,  0.6,  3.4, 18.781, 29.02,  0.0,  0.0,  0.103, 231.69,  0.142, 268.79,  0.043, 357.34,  0.092, 280.70,  0.061, 112.33,  0.103, 250.16,  0.136, 289.77,  0.101, 307.33,  0.086, 289.70,  0.134, 345.34,  0.105,   9.91,  0.098,  22.13,  0.078, 333.43,  0.067, 334.20,  0.143, 354.37,  0.069, 236.77,-99.000, -99.00,-99.000, -99.00,-99.000, -99.00,-99.000, -99.00,
9/1/2006 23:50:00, 11.9,275.7,  0.6,  3.4, 18.782, 29.03,  0.0,  0.0,  0.075,  34.11,  0.097,  42.91,  0.012, 235.01,  0.017,  96.71,  0.053,  98.75,  0.047,  29.29,  0.016, 345.96,  0.061, 188.53,  0.063, 129.23,  0.059, 306.67,  0.093, 337.29,  0.073,  33.25,  0.061,  16.07,  0.087, 323.92,  0.048, 320.96,  0.028, 198.43,-99.000, -99.00,-99.000, -99.00,-99.000, -99.00,-99.000, -99.00,
9/1/2006 23:55:00, 11.9,275.7,  0.6,  3.4, 18.788, 29.03,  0.0,  0.0,  0.038, 151.39,  0.018, 319.40,  0.008, 255.96,  0.074, 154.47,  0.041, 255.96,  0.083, 181.38,  0.039, 265.60,  0.035, 255.17,  0.064, 246.22,  0.109, 272.63,  0.028, 325.18,  0.053,  70.20,  0.067,   0.86,  0.090, 303.16,  0.100, 317.03,  0.058, 284.04,-99.000, -99.00,-99.000, -99.00,-99.000, -99.00,-99.000, -99.00,
9/2/2006 00:00:00, 11.9,275.8,  0.6,  3.4, 18.786, 29.04,  0.0,  0.0,  0.074, 235.45,  0.081, 311.99,  0.065, 319.97,  0.042, 315.00,  0.048, 293.36,  0.088, 281.82,  0.031, 330.95,  0.068,   0.00,  0.023, 347.20,  0.067, 101.14,  0.057, 312.14,  0.078, 323.86,  0.051, 332.93,  0.140, 301.88,  0.096, 337.43,  0.101, 268.30,-99.000, -99.00,-99.000, -99.00,-99.000, -99.00,-99.000, -99.00,
9/2/2006 00:05:00, 11.9,275.7,  0.6,  3.4, 18.789, 29.04,  0.0,  0.0,  0.117, 354.09,  0.099,  69.92,  0.049,   9.46,  0.039, 120.47,  0.052, 258.91,  0.059, 297.44,  0.030, 352.41,  0.013,   8.75,  0.047,  85.14,  0.033, 246.57,  0.055, 236.89,  0.037, 274.64,  0.141, 270.81,  0.051, 270.00,  0.041, 271.40,  0.109, 253.40,-99.000, -99.00,-99.000, -99.00,-99.000, -99.00,-99.000, -99.00,
9/2/2006 00:10:00, 11.9,275.8,  0.6,  3.4, 18.794, 29.05,  0.0,  0.0,  0.050,  94.57,  0.049,  61.86,  0.030, 332.59,  0.045,   0.00,  0.050,   1.15,  0.068, 297.32,  0.058,  45.00,  0.109, 289.94,  0.050, 344.85,  0.010, 203.96,  0.034, 317.39,  0.055, 270.00,  0.096, 267.61,  0.073, 236.09,  0.065, 265.60,  0.060, 215.54,-99.000, -99.00,-99.000, -99.00,-99.000, -99.00,-99.000, -99.00,
9/2/2006 00:15:00, 11.9,275.8,  0.6,  3.4, 18.800, 29.05,  0.0,  0.0,  0.063,  90.91,  0.045,  23.70,  0.051,  19.50,  0.082, 322.43,  0.010, 180.00,  0.038, 246.80,  0.065, 262.00,  0.081, 310.99,  0.133, 317.44,  0.102, 359.44,  0.003,   0.00,  0.042, 235.56,  0.065,  38.11,  0.096, 346.11,  0.059,  30.47,  0.004,  90.00,-99.000, -99.00,-99.000, -99.00,-99.000, -99.00,-99.000, -99.00,
9/2/2006 00:20:00, 11.9,275.7,  0.6,  3.4, 18.793, 29.05,  0.0,  0.0,  0.064,  43.11,  0.048,  39.96,  0.025, 211.76,  0.108,  12.88,  0.031, 283.13,  0.092, 283.88,  0.075, 333.78,  0.133,   5.62,  0.036,  78.69,  0.054, 339.57,  0.112, 308.10,  0.054, 299.88,  0.027, 311.99,  0.127, 294.15,  0.064, 308.66,  0.048, 332.90,-99.000, -99.00,-99.000, -99.00,-99.000, -99.00,-99.000, -99.00,
9/2/2006 00:25:00, 11.9,275.8,  0.6,  3.4, 18.787, 29.05,  0.0,  0.0,  0.113, 356.96,  0.056, 307.07,  0.086, 201.80,  0.035, 201.50,  0.038, 293.20,  0.072, 339.54,  0.138, 349.99,  0.023, 311.42,  0.146, 289.55,  0.051, 181.12,  0.030, 235.78,  0.097, 258.11,  0.068, 235.84,  0.067, 290.06,  0.109, 301.50,  0.046, 266.27,-99.000, -99.00,-99.000, -99.00,-99.000, -99.00,-99.000, -99.00,
9/2/2006 00:30:00, 11.9,275.9,  0.6,  3.4, 18.797, 29.06,  0.0,  0.0,  0.028,  14.53,  0.098,  64.74,  0.037, 336.19,  0.053, 231.17,  0.047, 252.72,  0.048, 328.63,  0.079, 293.96,  0.057,  29.25,  0.015,  19.65,  0.034, 306.53,  0.104, 272.20,  0.077, 254.88,  0.036, 263.66,  0.065, 303.69,  0.044,   3.90,  0.050, 272.29,-99.000, -99.00,-99.000, -99.00,-99.000, -99.00,-99.000, -99.00,
9/2/2006 00:35:00, 11.9,275.7,  0.6,  3.4, 18.796, 29.06,  0.0,  0.0,  0.093, 351.96,  0.034, 351.63,  0.021, 328.57,  0.107, 355.19,  0.045, 267.46,  0.052,   0.00,  0.061, 327.09,  0.052, 354.51,  0.052, 297.55,  0.035,  43.83,  0.089, 221.79,  0.029, 220.82,  0.039, 318.12,  0.028, 343.50,  0.050, 334.98,  0.077, 270.00,-99.000, -99.00,-99.000, -99.00,-99.000, -99.00,-99.000, -99.00,
9/2/2006 00:40:00, 11.9,275.7,  0.6,  3.4, 18.803, 29.06,  0.0,  0.0,  0.149, 322.90,  0.057, 319.29,  0.058, 322.73,  0.005, 180.00,  0.018, 340.56,  0.078, 255.07,  0.034, 356.63,  0.129, 287.59,  0.116, 259.08,  0.045, 237.72,  0.141, 274.46,  0.069, 270.00,  0.063, 264.56,  0.082, 292.19,  0.077, 359.26,  0.059,  85.16,-99.000, -99.00,-99.000, -99.00,-99.000, -99.00,-99.000, -99.00,
9/2/2006 00:45:00, 11.9,275.8,  0.6,  3.4, 18.786, 29.06,  0.0,  0.0,  0.088,   4.55,  0.059,  70.02,  0.084, 276.12,  0.016,  60.26,  0.117, 264.09,  0.058,  55.49,  0.039, 131.88,  0.023, 246.80,  0.025, 156.50,  0.047, 268.78,  0.091, 266.86,  0.085, 295.67,  0.092, 299.36,  0.117, 281.79,  0.087, 308.45,  0.011, 131.19,-99.000, -99.00,-99.000, -99.00,-99.000, -99.00,-99.000, -99.00,
9/2/2006 00:50:00, 11.9,275.7,  0.6,  3.4, 18.785, 29.06,  0.0,  0.0,  0.008,  97.13,  0.035, 136.17,  0.065, 311.27,  0.077, 272.97,  0.072, 339.54,  0.059, 312.27,  0.097, 230.04,  0.078, 210.84,  0.026, 239.42,  0.086, 211.65,  0.061, 311.01,  0.051, 236.93,  0.049, 264.17,  0.019, 266.99,  0.041, 297.82,  0.034, 261.63,-99.000, -99.00,-99.000, -99.00,-99.000, -99.00,-99.000, -99.00,
9/2/2006 00:55:00, 11.9,275.7,  0.6,  3.4, 18.791, 29.07,  0.0,  0.0,  0.020, 153.43,  0.052, 326.00,  0.034,  54.46,  0.016, 161.57,  0.025, 238.24,  0.066, 212.01,  0.039, 323.43,  0.104, 270.55,  0.053, 291.19,  0.023, 313.26,  0.099, 282.22,  0.126, 267.73,  0.104, 281.09,  0.099, 322.78,  0.118, 357.57,  0.031, 106.70,-99.000, -99.00,-99.000, -99.00,-99.000, -99.00,-99.000, -99.00,
9/2/2006 01:00:00, 11.9,275.8,  0.6,  3.4, 18.789, 29.07,  0.0,  0.0,  0.124,   6.95,  0.044,  52.35,  0.029, 114.78,  0.069,  23.96,  0.109, 293.75,  0.095, 294.15,  0.153, 258.32,  0.126, 281.94,  0.083, 288.22,  0.122, 291.71,  0.101, 214.95,  0.113, 210.18,  0.100, 236.78,  0.137, 283.53,  0.054, 297.51,  0.007, 171.87,-99.000, -99.00,-99.000, -99.00,-99.000, -99.00,-99.000, -99.00,
9/2/2006 01:05:00, 11.9,275.7,  0.6,  3.4, 18.788, 29.07,  0.0,  0.0,  0.056, 326.59,  0.115, 332.54,  0.026, 280.89,  0.027, 278.43,  0.042, 312.09,  0.041, 239.04,  0.028, 353.88,  0.072, 305.45,  0.134, 349.28,  0.056, 331.14,  0.069, 347.38,  0.047, 312.44,  0.026, 112.62,  0.030, 216.87,  0.125, 319.20,  0.064, 329.81,-99.000, -99.00,-99.000, -99.00,-99.000, -99.00,-99.000, -99.00,
9/2/2006 01:10:00, 11.9,275.8,  0.6,  3.4, 18.785, 29.07,  0.0,  0.0,  0.068,  89.16,  0.089,   5.14,  0.051, 271.12,  0.047, 323.62,  0.085, 295.06,  0.113, 320.39,  0.074, 334.47,  0.008, 330.26,  0.061,   2.82,  0.094, 229.73,  0.036, 165.58,  0.060, 218.96,  0.109, 272.10,  0.014,  45.00,  0.016, 345.07,  0.034,  16.86,-99.000, -99.00,-99.000, -99.00,-99.000, -99.00,-99.000, -99.00,
9/2/2006 01:15:00, 11.9,275.8,  0.6,  3.4, 18.795, 29.08,  0.0,  0.0,  0.091, 355.60,  0.144, 337.17,  0.010, 180.00,  0.079, 240.52,  0.027, 216.03,  0.062, 226.97,  0.054, 258.27,  0.065, 231.89,  0.038, 254.88,  0.070, 255.17,  0.065, 251.29,  0.054, 332.49,  0.007, 188.13,  0.066,   1.74,  0.094, 341.95,  0.023, 340.02,-99.000, -99.00,-99.000, -99.00,-99.000, -99.00,-99.000, -99.00,
9/2/2006 01:20:00, 11.9,275.8,  0.6,  3.4, 18.784, 29.09,  0.0,  0.0,  0.113,  77.69,  0.046,  34.38,  0.042, 211.43,  0.079, 270.00,  0.038, 288.43,  0.155, 263.70,  0.041, 232.85,  0.104, 252.09,  0.125, 255.19,  0.053, 227.29,  0.073, 227.78,  0.033, 178.26,  0.061, 233.70,  0.071, 278.13,  0.026,  57.53,  0.023,  99.87,-99.000, -99.00,-99.000, -99.00,-99.000, -99.00,-99.000, -99.00,
9/2/2006 01:25:00, 11.9,276.0,  0.6,  3.4, 18.791, 29.09,  0.0,  0.0,  0.092, 297.12,  0.113, 295.20,  0.079, 303.08,  0.004, 303.69,  0.068, 262.35,  0.121, 258.60,  0.078, 297.55,  0.082, 321.45,  0.051, 221.82,  0.013,  41.99,  0.034, 225.00,  0.048, 206.03,  0.038, 265.49,  0.044, 195.95,  0.017,  49.76,  0.035, 222.71,-99.000, -99.00,-99.000, -99.00,-99.000, -99.00,-99.000, -99.00,
9/2/2006 01:30:00, 11.9,275.7,  0.6,  3.4, 18.792, 29.10,  0.0,  0.0,  0.076, 117.24,  0.138, 358.75,  0.097, 312.91,  0.101,  83.72,  0.031, 330.95,  0.040, 302.91,  0.066, 302.01,  0.124, 220.75,  0.048, 298.71,  0.030, 266.19,  0.105, 234.33,  0.016, 142.43,  0.011, 138.81,  0.026, 114.62,  0.065, 319.97,  0.024,  99.46,-99.000, -99.00,-99.000, -99.00,-99.000, -99.00,-99.000, -99.00,
9/2/2006 01:35:00, 11.9,275.7,  0.6,  3.4, 18.785, 29.10,  0.0,  0.0,  0.054, 225.74,  0.055,  12.53,  0.062, 357.23,  0.061, 313.67,  0.033, 250.46,  0.059, 333.87,  0.017,  57.26,  0.089, 259.70,  0.017, 300.96,  0.034, 130.24,  0.052, 180.00,  0.028, 109.09,  0.046, 265.03,  0.037, 227.20,  0.076, 250.85,  0.023, 182.49,-99.000, -99.00,-99.000, -99.00,-99.000, -99.00,-99.000, -99.00,
9/2/2006 01:40:00, 11.9,275.7,  0.6,  3.4, 18.788, 29.11,  0.0,  0.0,  0.042, 317.91,  0.062, 349.78,  0.032, 358.21,  0.075, 283.85,  0.129, 316.26,  0.009, 198.43,  0.011, 254.74,  0.074, 205.53,  0.072, 219.91,  0.106, 203.41,  0.059, 252.18,  0.095, 323.13,  0.065,  17.04,  0.021, 270.00,  0.062, 305.75,  0.026, 142.70,-99.000, -99.00,-99.000, -99.00,-99.000, -99.00,-99.000, -99.00,
9/2/2006 01:45:00, 11.9,275.7,  0.6,  3.4, 18.794, 29.11,  0.0,  0.0,  0.035, 160.02,  0.048, 240.26,  0.098,  97.05,  0.008, 209.74,  0.049, 181.17,  0.024, 262.87,  0.015,   0.00,  0.044, 324.16,  0.089, 255.65,  0.090, 223.65,  0.094, 257.74,  0.048, 188.47,  0.072, 231.22,  0.054, 208.95,  0.019, 126.25,  0.062, 150.14,-99.000, -99.00,-99.000, -99.00,-99.000, -99.00,-99.000, -99.00,
9/2/2006 01:50:00, 11.9,275.7,  0.6,  3.4, 18.787, 29.11,  0.0,  0.0,  0.075, 253.01,  0.053, 320.33,  0.069, 354.21,  0.064, 313.11,  0.127, 304.44,  0.030, 207.41,  0.028, 274.09,  0.056, 355.91,  0.086, 227.37,  0.129, 229.40,  0.056, 272.05,  0.033, 130.03,  0.051, 209.05,  0.048,  81.53,  0.051, 273.37,  0.017, 273.37,-99.000, -99.00,-99.000, -99.00,-99.000, -99.00,-99.000, -99.00,
9/2/2006 01:55:00, 11.9,275.8,  0.6,  3.4, 18.790, 29.10,  0.0,  0.0,  0.008, 230.19,  0.134, 309.26,  0.099, 355.96,  0.043,   0.00,  0.060, 321.79,  0.069, 329.74,  0.079, 263.42,  0.069, 293.20,  0.095, 255.96,  0.112, 298.16,  0.049, 265.33,  0.011, 344.74,  0.040, 138.01,  0.082, 272.10,  0.067, 276.81,  0.024, 272.39,-99.000, -99.00,-99.000, -99.00,-99.000, -99.00,-99.000, -99.00,
9/2/2006 02:00:00, 11.9,275.6,  0.6,  3.4, 18.789, 29.10,  0.0,  0.0,  0.018, 132.71,  0.089, 319.54,  0.116, 216.97,  0.152, 313.14,  0.020, 180.00,  0.120, 247.93,  0.071, 312.71,  0.056, 201.99,  0.095, 215.19,  0.119, 261.80,  0.089, 228.63,  0.052, 185.49,  0.089, 287.01,  0.045,  69.15,  0.031, 286.70,  0.061, 235.01,-99.000, -99.00,-99.000, -99.00,-99.000, -99.00,-99.000, -99.00,
9/2/2006 02:05:00, 11.9,275.7,  0.6,  3.4, 18.794, 29.10,  0.0,  0.0,  0.045, 144.90,  0.011, 275.19,  0.060, 315.67,  0.088, 309.47,  0.039, 297.22,  0.054, 185.29,  0.023,  74.74,  0.056, 248.01,  0.058, 205.68,  0.065, 237.53,  0.155, 241.12,  0.113, 249.33,  0.055, 187.25,  0.112, 197.14,  0.080, 189.34,  0.042, 166.29,-99.000, -99.00,-99.000, -99.00,-99.000, -99.00,-99.000, -99.00,
9/2/2006 02:10:00, 11.9,275.8,  0.6,  3.4, 18.788, 29.09,  0.0,  0.0,  0.016, 270.00,  0.045, 243.43,  0.064, 192.72,  0.085, 160.07,  0.094, 314.57,  0.082, 251.57,  0.020, 149.53,  0.052, 197.74,  0.024,  62.35,  0.020, 300.47,  0.069, 125.54,  0.075,  87.71,  0.051,  82.18,  0.037, 279.21,  0.054,  85.76,  0.061, 149.20,-99.000, -99.00,-99.000, -99.00,-99.000, -99.00,-99.000, -99.00,
9/2/2006 02:15:00, 11.9,275.8,  0.6,  3.4, 18.786, 29.09,  0.0,  0.0,  0.082, 129.09,  0.084, 319.84,  0.173, 338.94,  0.099, 298.89,  0.077, 287.49,  0.087, 301.30,  0.028, 157.07,  0.034, 285.26,  0.085, 274.04,  0.099, 276.98,  0.056,  16.50,  0.051,  52.91,  0.050, 259.59,  0.077,  31.22,  0.069,  92.49,  0.076, 102.94,-99.000, -99.00,-99.000, -99.00,-99.000, -99.00,-99.000, -99.00,
9/2/2006 02:20:00, 11.9,275.8,  0.6,  3.4, 18.780, 29.09,  0.0,  0.0,  0.058, 100.92,  0.081, 265.06,  0.079, 325.30,  0.046, 302.66,  0.107, 308.58,  0.073, 346.53,  0.100, 305.60,  0.092, 337.05,  0.129, 313.11,  0.042,  56.69,  0.038, 320.39,  0.053, 345.70,  0.093, 303.18,  0.044, 107.20,  0.049, 196.59,  0.052, 195.64,-99.000, -99.00,-99.000, -99.00,-99.000, -99.00,-99.000, -99.00,
9/2/2006 02:25:00, 11.9,275.8,  0.6,  3.4, 18.788, 29.09,  0.0,  0.0,  0.085, 338.57,  0.052, 319.64,  0.143, 261.53,  0.094, 266.35,  0.147, 263.75,  0.026, 278.75,  0.107, 264.66,  0.054, 274.24,  0.022, 201.80,  0.028, 142.31,  0.057, 316.43,  0.037, 290.38,  0.044, 143.39,  0.047, 192.26,  0.044,  96.48,  0.028, 152.53,-99.000, -99.00,-99.000, -99.00,-99.000, -99.00,-99.000, -99.00,
9/2/2006 02:30:00, 11.9,275.7,  0.6,  3.4, 18.779, 29.09,  0.0,  0.0,  0.041, 347.32,  0.125,  69.39,  0.108, 351.50,  0.069, 323.30,  0.035, 329.04,  0.080, 264.29,  0.108, 240.12,  0.089, 262.23,  0.056, 281.31,  0.019, 147.99,  0.084, 311.12,  0.062, 311.71,  0.069, 213.23,  0.030, 327.38,  0.032,   5.36,  0.063, 108.43,-99.000, -99.00,-99.000, -99.00,-99.000, -99.00,-99.000, -99.00,
9/2/2006 02:35:00, 11.9,275.8,  0.6,  3.4, 18.784, 29.09,  0.0,  0.0,  0.126, 259.94,  0.135, 300.17,  0.096, 296.57,  0.096, 305.68,  0.142, 297.65,  0.107, 285.72,  0.124, 272.77,  0.065, 286.19,  0.014,   8.13,  0.090, 359.36,  0.058, 276.88,  0.043, 194.68,  0.025, 331.39,  0.111, 114.95,  0.021, 127.41,  0.054,  90.00,-99.000, -99.00,-99.000, -99.00,-99.000, -99.00,-99.000, -99.00,
9/2/2006 02:40:00, 11.9,275.7,  0.6,  3.4, 18.779, 29.09,  0.0,  0.0,  0.029, 215.31,  0.025,  75.96,  0.094, 244.25,  0.084, 259.76,  0.077, 306.57,  0.236, 290.81,  0.112, 283.91,  0.130, 290.25,  0.056, 253.50,  0.025, 251.57,  0.031, 354.47,  0.049, 104.04,  0.063, 199.59,  0.027, 160.20,  0.050,  84.29,  0.057, 114.78,-99.000, -99.00,-99.000, -99.00,-99.000, -99.00,-99.000, -99.00,
9/2/2006 02:45:00, 11.9,275.7,  0.6,  3.4, 18.785, 29.09,  0.0,  0.0,  0.103,   8.37,  0.052, 288.08,  0.043,  48.81,  0.154,  21.73,  0.088, 299.18,  0.146, 286.32,  0.088, 301.52,  0.050, 311.73,  0.099, 285.15,  0.079, 253.86,  0.097, 272.36,  0.072, 317.25,  0.069, 303.23,  0.064, 247.04,  0.038, 270.00,  0.055, 126.87,-99.000, -99.00,-99.000, -99.00,-99.000, -99.00,-99.000, -99.00,
9/2/2006 02:50:00, 11.9,275.7,  0.6,  3.4, 18.777, 29.09,  0.0,  0.0,  0.058,  59.89,  0.046,   0.00,  0.093, 297.39,  0.120, 221.28,  0.157, 285.10,  0.127, 298.18,  0.036, 326.31,  0.032, 257.28,  0.082, 244.69,  0.062, 291.63,  0.033,  88.26,  0.062, 301.12,  0.062, 278.39,  0.021,   5.44,  0.020, 171.47,  0.091, 124.22,-99.000, -99.00,-99.000, -99.00,-99.000, -99.00,-99.000, -99.00,
9/2/2006 02:55:00, 11.9,275.7,  0.6,  3.4, 18.768, 29.08,  0.0,  0.0,  0.045, 271.27,  0.115, 344.88,  0.032, 343.81,  0.055,   5.19,  0.108, 277.45,  0.081, 301.93,  0.142, 303.24,  0.103, 327.70,  0.112, 316.80,  0.107, 259.22,  0.060, 158.55,  0.066, 254.05,  0.087, 275.25,  0.056, 279.29,  0.037, 358.45,  0.077, 103.50,-99.000, -99.00,-99.000, -99.00,-99.000, -99.00,-99.000, -99.00,
9/2/2006 03:00:00, 11.9,275.7,  0.6,  3.4, 18.768, 29.08,  0.0,  0.0,  0.121, 340.67,  0.097, 308.75,  0.078, 275.13,  0.077, 254.16,  0.076, 302.64,  0.074, 266.91,  0.087, 283.24,  0.078, 273.67,  0.095, 245.06,  0.112, 290.38,  0.080, 122.31,  0.074, 334.47,  0.047, 343.89,  0.079, 304.70,  0.059, 336.04,  0.042,  15.02,-99.000, -99.00,-99.000, -99.00,-99.000, -99.00,-99.000, -99.00,
9/2/2006 03:05:00, 11.9,275.8,  0.6,  3.4, 18.775, 29.08,  0.0,  0.0,  0.059,  45.69,  0.012,  59.04,  0.079, 322.70,  0.159, 318.31,  0.030, 170.54,  0.072, 230.09,  0.097, 301.88,  0.058, 321.95,  0.037, 317.20,  0.033, 244.98,  0.091,  40.53,  0.074, 328.90,  0.093, 292.15,  0.099, 295.02,  0.034, 310.24,  0.004, 206.57,-99.000, -99.00,-99.000, -99.00,-99.000, -99.00,-99.000, -99.00,
9/2/2006 03:10:00, 11.9,275.8,  0.6,  3.4, 18.763, 29.07,  0.0,  0.0,  0.097, 292.35,  0.039, 214.51,  0.055, 258.49,  0.104, 307.20,  0.154, 305.24,  0.154, 277.45,  0.055, 267.92,  0.031, 180.00,  0.096, 271.79,  0.061, 316.33,  0.047, 225.86,  0.058, 252.82,  0.059, 315.00,  0.034, 319.76,  0.013, 184.40,  0.061, 178.12,-99.000, -99.00,-99.000, -99.00,-99.000, -99.00,-99.000, -99.00,
9/2/2006 03:15:00, 11.9,275.8,  0.6,  3.4, 18.769, 29.07,  0.0,  0.0,  0.046, 285.26,  0.014, 306.03,  0.139, 314.71,  0.075, 337.20,  0.073, 308.29,  0.006,  90.00,  0.153, 267.38,  0.122, 279.46,  0.060, 236.58,  0.011,  45.00,  0.034, 283.63,  0.067,  69.15,  0.067, 299.64,  0.052, 315.78,  0.038,   7.50,  0.022,  63.43,-99.000, -99.00,-99.000, -99.00,-99.000, -99.00,-99.000, -99.00,
9/2/2006 03:20:00, 11.9,275.8,  0.6,  3.4, 18.776, 29.08,  0.0,  0.0,  0.047, 357.56,  0.044,  78.18,  0.100, 322.33,  0.021, 334.65,  0.054, 270.00,  0.100, 259.59,  0.012, 300.96,  0.009,  18.43,  0.057, 283.30,  0.113, 291.80,  0.078, 316.04,  0.098, 331.86,  0.059, 281.69,  0.122, 273.28,  0.074,  46.64,  0.046,  76.26,-99.000, -99.00,-99.000, -99.00,-99.000, -99.00,-99.000, -99.00,
9/2/2006 03:25:00, 11.9,275.8,  0.6,  3.4, 18.776, 29.08,  0.0,  0.0,  0.134, 301.55,  0.047,  47.56,  0.102,  15.40,  0.057, 273.01,  0.185, 306.44,  0.102, 303.38,  0.158, 293.82,  0.050, 356.57,  0.098, 315.41,  0.130, 325.33,  0.060, 336.43,  0.082, 279.12,  0.133, 316.22,  0.051, 233.81,  0.029, 292.17,  0.023, 304.38,-99.000, -99.00,-99.000, -99.00,-99.000, -99.00,-99.000, -99.00,
9/2/2006 03:30:00, 11.9,275.8,  0.6,  3.4, 18.763, 29.08,  0.0,  0.0,  0.093, 329.57,  0.004, 296.57,  0.045, 353.66,  0.049, 286.59,  0.117, 304.91,  0.128, 302.20,  0.126, 296.97,  0.033, 280.62,  0.046, 251.18,  0.095, 310.73,  0.013, 151.39,  0.048, 284.62,  0.058, 264.09,  0.101, 274.53,  0.087, 292.17,  0.031, 215.75,-99.000, -99.00,-99.000, -99.00,-99.000, -99.00,-99.000, -99.00,
9/2/2006 03:35:00, 11.9,275.7,  0.6,  3.4, 18.757, 29.07,  0.0,  0.0,  0.115,   4.47,  0.121, 314.66,  0.139, 288.96,  0.076, 353.16,  0.111, 327.89,  0.150, 323.97,  0.109, 351.05,  0.082,  22.83,  0.096, 296.03,  0.085, 282.24,  0.062, 267.23,  0.060, 317.02,  0.070,  22.56,  0.045, 343.18,  0.056, 307.07,  0.068, 351.51,-99.000, -99.00,-99.000, -99.00,-99.000, -99.00,-99.000, -99.00,
9/2/2006 03:40:00, 11.9,275.8,  0.6,  3.4, 18.763, 29.08,  0.0,  0.0,  0.054, 352.61,  0.042,  81.87,  0.048,   9.66,  0.052, 343.30,  0.102, 283.63,  0.089, 265.50,  0.081, 298.16,  0.075, 296.91,  0.077, 274.46,  0.081, 277.83,  0.067, 281.98,  0.097, 280.15,  0.088, 322.87,  0.080, 305.87,  0.104, 293.85,  0.035, 251.57,-99.000, -99.00,-99.000, -99.00,-99.000, -99.00,-99.000, -99.00,
9/2/2006 03:45:00, 11.9,275.7,  0.6,  3.4, 18.771, 29.08,  0.0,  0.0,  0.115, 353.00,  0.178, 299.31,  0.087, 344.69,  0.186, 292.43,  0.095, 259.64,  0.046, 273.73,  0.160, 272.51,  0.037, 287.45,  0.158, 305.20,  0.114, 338.85,  0.074, 324.37,  0.036, 265.24,  0.147, 304.77,  0.055,  13.78,  0.079, 319.64,  0.060, 330.85,-99.000, -99.00,-99.000, -99.00,-99.000, -99.00,-99.000, -99.00,
9/2/2006 03:50:00, 11.9,275.7,  0.6,  3.4, 18.767, 29.08,  0.0,  0.0,  0.014, 291.04,  0.087, 347.40,  0.121, 332.37,  0.144, 307.67,  0.058, 354.09,  0.059, 301.80,  0.130, 283.82,  0.098, 279.94,  0.028, 278.13,  0.014, 315.00,  0.029, 339.68,  0.047,   0.00,  0.016, 198.43,  0.022, 249.15,  0.050,  72.65,  0.009, 186.34,-99.000, -99.00,-99.000, -99.00,-99.000, -99.00,-99.000, -99.00,
9/2/2006 03:55:00, 11.9,275.8,  0.6,  3.4, 18.757, 29.08,  0.0,  0.0,  0.137, 343.42,  0.103, 313.03,  0.211, 326.61,  0.137, 299.38,  0.161, 290.35,  0.114, 283.18,  0.105, 321.60,  0.027, 311.99,  0.055, 292.38,  0.145, 288.94,  0.122, 280.39,  0.176, 272.60,  0.074, 341.08,  0.068, 284.44,  0.042,   5.44,  0.019, 341.57,-99.000, -99.00,-99.000, -99.00,-99.000, -99.00,-99.000, -99.00,
9/2/2006 04:00:00, 11.9,275.8,  0.6,  3.4, 18.759, 29.08,  0.0,  0.0,  0.073, 327.83,  0.081,  45.50,  0.162, 329.64,  0.067, 348.86,  0.008,  90.00,  0.069, 304.38,  0.110, 337.62,  0.092, 315.00,  0.081, 299.74,  0.139, 303.23,  0.132, 327.99,  0.070,  15.83,  0.133, 323.56,  0.091, 320.36,  0.103, 311.86,  0.016, 296.57,-99.000, -99.00,-99.000, -99.00,-99.000, -99.00,-99.000, -99.00,
9/2/2006 04:05:00, 11.9,275.8,  0.6,  3.4, 18.761, 29.08,  0.0,  0.0,  0.093, 290.77,  0.122, 321.34,  0.087, 274.60,  0.075, 350.04,  0.116, 339.21,  0.062, 245.10,  0.124, 295.74,  0.187, 316.51,  0.094, 325.80,  0.038, 309.61,  0.074, 288.19,  0.119, 292.69,  0.108, 290.12,  0.138, 309.70,  0.136, 319.76,  0.054, 330.12,-99.000, -99.00,-99.000, -99.00,-99.000, -99.00,-99.000, -99.00,
9/2/2006 04:10:00, 11.9,275.8,  0.6,  3.4, 18.754, 29.08,  0.0,  0.0,  0.036,  65.56,  0.111,   1.55,  0.187, 285.82,  0.124, 306.50,  0.120, 310.60,  0.137, 348.20,  0.104, 330.73,  0.140, 301.31,  0.159, 303.19,  0.098, 317.06,  0.161, 300.23,  0.168, 298.86,  0.098, 298.14,  0.050, 295.02,  0.115, 299.25,  0.017, 154.98,-99.000, -99.00,-99.000, -99.00,-99.000, -99.00,-99.000, -99.00,
9/2/2006 04:15:00, 11.8,275.7,  0.6,  3.4, 18.755, 29.08,  0.0,  0.0,  0.020,  26.57,  0.074, 319.40,  0.151, 304.74,  0.075, 336.50,  0.058, 316.40,  0.177, 280.10,  0.121, 286.79,  0.169, 310.93,  0.169, 299.45,  0.183, 321.44,  0.138, 335.11,  0.124, 320.91,  0.139, 331.59,  0.124, 302.15,  0.118, 278.75,  0.136, 267.89,-99.000, -99.00,-99.000, -99.00,-99.000, -99.00,-99.000, -99.00,
9/2/2006 04:20:00, 11.9,275.8,  0.6,  3.4, 18.749, 29.08,  0.0,  0.0,  0.119, 353.23,  0.097, 358.82,  0.122, 332.18,  0.030, 317.73,  0.136, 327.59,  0.096, 316.68,  0.126, 306.96,  0.067,   7.77,  0.070, 321.34,  0.139, 329.39,  0.074, 311.70,  0.090, 323.13,  0.090, 310.95,  0.134, 328.45,  0.083, 314.03,  0.054, 337.22,-99.000, -99.00,-99.000, -99.00,-99.000, -99.00,-99.000, -99.00,
9/2/2006 04:25:00, 11.8,275.8,  0.6,  3.4, 18.740, 29.08,  0.0,  0.0,  0.126, 343.87,  0.132, 343.76,  0.115, 353.49,  0.144, 333.97,  0.131, 296.76,  0.074, 328.90,  0.154, 301.73,  0.191, 287.01,  0.177, 302.79,  0.143, 307.91,  0.134, 325.01,  0.155, 312.65,  0.170, 303.50,  0.119, 312.27,  0.171, 294.17,  0.091, 278.84,-99.000, -99.00,-99.000, -99.00,-99.000, -99.00,-99.000, -99.00,
9/2/2006 04:30:00, 11.8,275.9,  0.6,  3.4, 18.745, 29.08,  0.0,  0.0,  0.063,  14.70,  0.054,  14.04,  0.145, 335.56,  0.050,  23.50,  0.133, 324.51,  0.104, 320.48,  0.096, 310.79,  0.088, 308.56,  0.112, 320.78,  0.092, 307.49,  0.172, 296.27,  0.102, 335.19,  0.172, 311.00,  0.192, 319.85,  0.193, 327.46,  0.168, 271.70,-99.000, -99.00,-99.000, -99.00,-99.000, -99.00,-99.000, -99.00,
9/2/2006 04:35:00, 11.8,275.8,  0.6,  3.4, 18.742, 29.08,  0.0,  0.0,  0.113,  12.31,  0.055, 258.49,  0.107, 284.04,  0.027, 225.00,  0.087, 293.63,  0.076, 294.19,  0.122, 268.12,  0.128, 303.19,  0.096, 311.63,  0.099, 292.66,  0.078, 287.97,  0.203, 284.24,  0.148, 319.95,  0.190, 300.34,  0.196, 321.43,  0.069, 292.11,-99.000, -99.00,-99.000, -99.00,-99.000, -99.00,-99.000, -99.00,
9/2/2006 04:40:00, 11.8,275.8,  0.6,  3.4, 18.752, 29.09,  0.0,  0.0,  0.116, 340.31,  0.069, 314.41,  0.131, 327.76,  0.060, 294.44,  0.032, 325.30,  0.097, 329.74,  0.086, 293.90,  0.184, 280.33,  0.180, 293.87,  0.077, 321.34,  0.244, 286.43,  0.199, 289.71,  0.150, 344.58,  0.219, 307.97,  0.132, 334.98,  0.121, 273.31,-99.000, -99.00,-99.000, -99.00,-99.000, -99.00,-99.000, -99.00,
9/2/2006 04:45:00, 11.8,275.7,  0.6,  3.4, 18.736, 29.09,  0.0,  0.0,  0.041,   1.40,  0.087, 313.60,  0.074, 314.45,  0.118, 310.87,  0.106, 322.27,  0.072, 313.88,  0.160, 289.00,  0.145, 274.73,  0.179, 278.36,  0.117, 254.66,  0.113, 286.50,  0.206, 278.64,  0.139, 291.57,  0.122, 313.34,  0.181, 315.90,  0.105, 308.07,-99.000, -99.00,-99.000, -99.00,-99.000, -99.00,-99.000, -99.00,
9/2/2006 04:50:00, 11.8,275.8,  0.6,  3.4, 18.734, 29.09,  0.0,  0.0,  0.135, 327.14,  0.066, 296.18,  0.018, 218.16,  0.076, 275.26,  0.076, 317.68,  0.131, 290.50,  0.138, 289.88,  0.103, 316.19,  0.204, 323.58,  0.224, 287.71,  0.165, 296.57,  0.097, 323.84,  0.107, 303.54,  0.132, 308.52,  0.184, 297.82,  0.148, 295.53,-99.000, -99.00,-99.000, -99.00,-99.000, -99.00,-99.000, -99.00,
9/2/2006 04:55:00, 11.8,275.8,  0.6,  3.4, 18.723, 29.09,  0.0,  0.0,  0.082, 319.93,  0.105, 311.91,  0.159, 355.30,  0.188, 324.96,  0.092, 301.28,  0.040, 345.62,  0.105, 320.40,  0.076, 290.11,  0.065, 266.48,  0.108, 296.33,  0.121, 325.78,  0.178, 323.90,  0.116, 311.14,  0.132, 318.69,  0.095, 279.66,  0.109, 247.42,-99.000, -99.00,-99.000, -99.00,-99.000, -99.00,-99.000, -99.00,
9/2/2006 05:00:00, 11.8,275.8,  0.6,  3.4, 18.728, 29.10,  0.0,  0.0,  0.193, 345.89,  0.162, 335.50,  0.149, 350.73,  0.187,  30.81,  0.181,  17.34,  0.163,   2.46,  0.177, 321.19,  0.254, 358.42,  0.282,   7.13,  0.271, 354.50,  0.207, 337.27,  0.171, 290.13,  0.054, 286.09,  0.027, 225.00,  0.040, 296.57,  0.023, 151.19,-99.000, -99.00,-99.000, -99.00,-99.000, -99.00,-99.000, -99.00,
9/2/2006 05:05:00, 11.8,275.8,  0.6,  3.4, 18.723, 29.10,  0.0,  0.0,  0.165,  16.57,  0.166,  37.15,  0.050,   7.97,  0.136, 316.79,  0.140, 334.54,  0.177, 325.14,  0.203, 331.16,  0.199, 338.47,  0.212, 312.33,  0.168, 293.82,  0.136, 310.24,  0.187, 272.45,  0.056, 286.50,  0.103, 263.84,  0.148, 284.04,  0.057,  76.93,-99.000, -99.00,-99.000, -99.00,-99.000, -99.00,-99.000, -99.00,
9/2/2006 05:10:00, 11.8,275.7,  0.6,  3.4, 18.714, 29.11,  0.0,  0.0,  0.184, 355.00,  0.107, 321.84,  0.109, 308.66,  0.107, 315.38,  0.142, 299.09,  0.150, 310.93,  0.152, 336.80,  0.141, 332.17,  0.088, 280.42,  0.134, 317.12,  0.104, 333.19,  0.131, 332.85,  0.173, 310.78,  0.128, 304.19,  0.146, 306.09,  0.025, 104.04,-99.000, -99.00,-99.000, -99.00,-99.000, -99.00,-99.000, -99.00,
9/2/2006 05:15:00, 11.8,275.7,  0.6,  3.4, 18.705, 29.11,  0.0,  0.0,  0.027,  79.51,  0.095, 326.98,  0.112,  14.53,  0.142, 327.65,  0.121, 329.61,  0.216, 337.71,  0.317, 302.64,  0.311, 308.86,  0.317, 309.37,  0.270, 310.05,  0.256, 314.68,  0.156, 312.15,  0.154, 306.80,  0.133, 294.05,  0.146, 281.08,  0.115, 280.53,-99.000, -99.00,-99.000, -99.00,-99.000, -99.00,-99.000, -99.00,
9/2/2006 05:20:00, 11.8,275.7,  0.6,  3.4, 18.701, 29.11,  0.0,  0.0,  0.140, 342.08,  0.120, 286.01,  0.082, 288.43,  0.168, 322.99,  0.231, 317.81,  0.080, 287.53,  0.090, 339.74,  0.134, 337.08,  0.135, 349.35,  0.224, 349.44,  0.254, 359.55,  0.267, 326.01,  0.249, 330.34,  0.193, 312.69,  0.211, 303.61,  0.186, 321.10,-99.000, -99.00,-99.000, -99.00,-99.000, -99.00,-99.000, -99.00,
9/2/2006 05:25:00, 11.8,275.8,  0.6,  3.4, 18.707, 29.11,  0.0,  0.0,  0.140, 350.94,  0.083, 304.65,  0.110, 291.22,  0.133, 307.39,  0.113, 312.14,  0.178, 334.30,  0.085, 317.86,  0.069, 313.23,  0.065, 330.69,  0.053, 271.08,  0.067, 298.47,  0.020, 339.78,  0.052, 277.67,  0.110, 339.26,  0.207, 325.85,  0.104, 282.83,-99.000, -99.00,-99.000, -99.00,-99.000, -99.00,-99.000, -99.00,
9/2/2006 05:30:00, 11.8,275.7,  0.6,  3.4, 18.701, 29.11,  0.0,  0.0,  0.093, 338.65,  0.060, 335.56,  0.078, 257.39,  0.045, 292.04,  0.086, 313.58,  0.131, 281.48,  0.059, 298.30,  0.142, 290.60,  0.046, 265.03,  0.098, 229.14,  0.182, 287.64,  0.099, 290.62,  0.108, 293.48,  0.034,  76.37,  0.045, 308.66,  0.102, 268.32,-99.000, -99.00,-99.000, -99.00,-99.000, -99.00,-99.000, -99.00,
9/2/2006 05:35:00, 11.8,275.7,  0.6,  3.4, 18.696, 29.11,  0.0,  0.0,  0.091, 318.58,  0.035, 306.87,  0.093, 324.61,  0.121, 285.88,  0.106, 309.25,  0.176, 297.73,  0.143, 299.79,  0.155, 280.44,  0.066, 328.74,  0.176, 301.52,  0.098, 323.71,  0.088, 319.61,  0.048, 356.42,  0.114, 296.57,  0.165, 279.75,  0.064, 223.73,-99.000, -99.00,-99.000, -99.00,-99.000, -99.00,-99.000, -99.00,
9/2/2006 05:40:00, 11.8,275.7,  0.6,  3.4, 18.700, 29.11,  0.0,  0.0,  0.163,   0.70,  0.067, 339.94,  0.016, 266.42,  0.073, 298.67,  0.082, 332.50,  0.040, 334.72,  0.034, 294.30,  0.066, 296.18,  0.009, 167.47,  0.037, 295.87,  0.113, 323.64,  0.064,   8.13,  0.109, 309.81,  0.039, 293.96,  0.102, 298.07,  0.110, 263.72,-99.000, -99.00,-99.000, -99.00,-99.000, -99.00,-99.000, -99.00,
9/2/2006 05:45:00, 11.8,275.9,  0.6,  3.4, 18.696, 29.11,  0.0,  0.0,  0.018,  83.66,  0.121, 329.20,  0.072, 195.40,  0.050, 304.33,  0.048,  24.44,  0.078, 135.00,  0.118, 270.00,  0.058, 339.68,  0.136, 296.19,  0.083, 205.02,  0.040,  23.39,  0.013, 282.99,  0.048, 202.25,  0.101, 272.83,  0.044, 211.18,  0.029, 254.05,-99.000, -99.00,-99.000, -99.00,-99.000, -99.00,-99.000, -99.00,
9/2/2006 05:50:00, 11.8,275.8,  0.6,  3.4, 18.705, 29.11,  0.0,  0.0,  0.094,  25.75,  0.046, 285.26,  0.043, 300.74,  0.099, 239.83,  0.143, 212.69,  0.086, 282.75,  0.058, 298.77,  0.055, 124.56,  0.030, 113.96,  0.059, 199.98,  0.060, 235.24,  0.040, 145.12,  0.030,  39.56,  0.021, 255.96,  0.031, 230.19,  0.036, 200.92,-99.000, -99.00,-99.000, -99.00,-99.000, -99.00,-99.000, -99.00,
9/2/2006 05:55:00, 11.8,275.8,  0.6,  3.4, 18.700, 29.11,  0.0,  0.0,  0.072,  24.44,  0.097,  11.89,  0.039, 323.43,  0.027, 265.76,  0.074, 310.60,  0.094, 304.20,  0.028, 235.18,  0.023, 197.65,  0.015, 241.70,  0.087, 277.94,  0.056, 212.55,  0.054, 211.33,  0.076, 245.81,  0.069, 264.21,  0.083, 232.31,  0.113, 228.58,-99.000, -99.00,-99.000, -99.00,-99.000, -99.00,-99.000, -99.00,
9/2/2006 06:00:00, 11.8,275.7,  0.6,  3.4, 18.689, 29.11,  0.0,  0.0,  0.090,  16.21,  0.146, 309.70,  0.035, 348.37,  0.064,  52.59,  0.047, 235.30,  0.109, 211.05,  0.033, 218.93,  0.039, 193.32,  0.051, 231.34,  0.098, 296.04,  0.009, 353.66,  0.043, 272.66,  0.150, 291.45,  0.035, 223.83,  0.106, 272.16,  0.099, 199.54,-99.000, -99.00,-99.000, -99.00,-99.000, -99.00,-99.000, -99.00,
9/2/2006 06:05:00, 11.8,275.8,  0.6,  3.4, 18.695, 29.11,  0.0,  0.0,  0.066,  72.39,  0.135,   0.42,  0.096, 323.01,  0.061, 320.31,  0.022, 296.57,  0.066, 342.39,  0.074, 277.80,  0.084, 295.35,  0.114, 284.28,  0.113, 261.87,  0.044, 290.10,  0.066, 291.16,  0.096, 250.63,  0.157, 279.16,  0.203, 277.65,  0.091, 233.51,-99.000, -99.00,-99.000, -99.00,-99.000, -99.00,-99.000, -99.00,
9/2/2006 06:10:00, 11.8,275.8,  0.6,  3.4, 18.695, 29.12,  0.0,  0.0,  0.077,  74.16,  0.085, 357.98,  0.036, 236.31,  0.060,  64.29,  0.073, 307.18,  0.022, 277.77,  0.134, 294.27,  0.075, 312.84,  0.071, 281.31,  0.060, 290.56,  0.139, 285.04,  0.115, 244.77,  0.175, 248.56,  0.086, 259.34,  0.023, 270.00,  0.147, 212.50,-99.000, -99.00,-99.000, -99.00,-99.000, -99.00,-99.000, -99.00,
9/2/2006 06:15:00, 11.8,275.8,  0.6,  3.4, 18.689, 29.12,  0.0,  0.0,  0.077, 109.86,  0.052, 300.02,  0.064, 349.22,  0.043,  23.03,  0.082, 203.11,  0.074, 341.08,  0.113, 294.53,  0.032, 187.13,  0.043, 182.66,  0.119, 275.33,  0.113, 278.13,  0.011, 228.81,  0.013,  85.60,  0.027, 342.90,  0.005, 201.80,  0.143, 208.00,-99.000, -99.00,-99.000, -99.00,-99.000, -99.00,-99.000, -99.00,
9/2/2006 06:20:00, 11.8,275.7,  0.6,  3.4, 18.683, 29.12,  0.0,  0.0,  0.150, 318.78,  0.105,  12.06,  0.036, 348.69,  0.059, 341.26,  0.079, 279.46,  0.093, 149.04,  0.083, 274.82,  0.115, 254.40,  0.146, 299.89,  0.042, 305.22,  0.110, 248.10,  0.111, 303.26,  0.051, 322.91,  0.054, 263.66,  0.038, 217.48,  0.082, 199.98,-99.000, -99.00,-99.000, -99.00,-99.000, -99.00,-99.000, -99.00,
9/2/2006 06:25:00, 11.8,275.8,  0.6,  3.4, 18.670, 29.12,  0.0,  0.0,  0.100, 242.67,  0.089, 338.92,  0.065,  26.57,  0.128, 264.16,  0.041, 252.90,  0.027,  51.01,  0.083, 270.00,  0.118, 278.75,  0.085, 259.09,  0.082, 300.96,  0.115, 267.01,  0.070, 237.91,  0.124, 242.20,  0.106, 251.22,  0.051, 247.99,  0.045, 224.09,-99.000, -99.00,-99.000, -99.00,-99.000, -99.00,-99.000, -99.00,
9/2/2006 06:30:00, 11.8,275.7,  0.6,  3.4, 18.671, 29.12,  0.0,  0.0,  0.047, 318.47,  0.042, 285.02,  0.080, 273.58,  0.074,  86.13,  0.073, 302.17,  0.050,  32.74,  0.083, 296.57,  0.075, 281.61,  0.079, 318.61,  0.087, 329.04,  0.035,  62.70,  0.043, 335.22,  0.068, 279.32,  0.054, 154.86,  0.024, 221.63,  0.146, 206.39,-99.000, -99.00,-99.000, -99.00,-99.000, -99.00,-99.000, -99.00,
9/2/2006 06:35:00, 11.8,275.7,  0.6,  3.4, 18.657, 29.13,  0.0,  0.0,  0.040,  55.12,  0.055, 336.25,  0.077, 295.24,  0.076, 113.20,  0.100, 227.03,  0.051, 299.05,  0.050, 233.13,  0.071, 203.30,  0.112, 218.10,  0.066, 241.11,  0.069, 243.43,  0.024, 289.18,  0.006, 180.00,  0.062, 234.78,  0.049, 257.09,  0.097, 211.57,-99.000, -99.00,-99.000, -99.00,-99.000, -99.00,-99.000, -99.00,
9/2/2006 06:40:00, 11.8,275.7,  0.6,  3.4, 18.668, 29.11,  0.0,  0.0,  0.137,  87.91,  0.070, 194.04,  0.084, 243.74,  0.089, 293.11,  0.052, 243.92,  0.089, 293.96,  0.027,  70.20,  0.056, 303.41,  0.120, 290.56,  0.016,  55.30,  0.017, 234.46,  0.064, 221.86,  0.042, 295.35,  0.058, 258.11,  0.070, 229.04,  0.065, 173.85,-99.000, -99.00,-99.000, -99.00,-99.000, -99.00,-99.000, -99.00,
9/2/2006 06:45:00, 11.8,275.7,  0.6,  3.4, 18.673, 29.09,  0.0,  0.0,  0.068,  28.07,  0.017, 273.37,  0.071, 200.75,  0.062, 194.04,  0.070, 274.09,  0.029, 229.18,  0.107, 245.60,  0.054, 319.51,  0.017, 336.37,  0.030, 275.71,  0.079, 306.29,  0.088, 344.23,  0.084, 319.33,  0.034,  34.16,  0.037, 282.53,  0.155, 240.62,-99.000, -99.00,-99.000, -99.00,-99.000, -99.00,-99.000, -99.00,
9/2/2006 06:50:00, 11.8,275.7,  0.6,  3.4, 18.666, 29.07,  0.0,  0.0,  0.024, 152.35,  0.032, 119.74,  0.120, 171.40,  0.116, 220.12,  0.023, 162.35,  0.063,  39.23,  0.061, 354.38,  0.046, 163.54,  0.006, 180.00,  0.038, 271.51,  0.040, 334.72,  0.069,  51.47,  0.089,  53.64,  0.032, 271.79,  0.079, 196.84,  0.185, 179.69,-99.000, -99.00,-99.000, -99.00,-99.000, -99.00,-99.000, -99.00,
9/2/2006 06:55:00, 11.8,275.7,  0.6,  3.4, 18.659, 29.06,  0.0,  0.0,  0.098, 111.58,  0.021, 121.43,  0.049, 211.76,  0.046, 142.88,  0.079, 218.32,  0.091, 178.74,  0.175, 201.74,  0.022, 108.43,  0.018, 220.60,  0.043,  61.07,  0.056,  91.02,  0.051, 141.34,  0.018, 146.31,  0.069,  84.21,  0.068,  29.95,  0.114, 285.26,-99.000, -99.00,-99.000, -99.00,-99.000, -99.00,-99.000, -99.00,
9/2/2006 07:00:00, 11.8,275.7,  0.6,  3.4, 18.672, 29.04,  0.0,  0.0,  0.046, 137.64,  0.043,  71.15,  0.058, 114.36,  0.049, 169.38,  0.074, 180.00,  0.016, 137.49,  0.059, 130.18,  0.062, 104.04,  0.025, 139.90,  0.053,  74.65,  0.011, 349.70,  0.038, 336.80,  0.056, 248.01,  0.027, 296.57,  0.082, 293.75,  0.098, 226.24,-99.000, -99.00,-99.000, -99.00,-99.000, -99.00,-99.000, -99.00,
9/2/2006 07:05:00, 11.8,275.8,  0.6,  3.4, 18.661, 29.02,  0.0,  0.0,  0.077,  72.51,  0.036, 147.65,  0.131, 154.61,  0.162, 158.99,  0.073, 162.55,  0.011, 270.00,  0.045,   9.04,  0.034,  25.82,  0.063, 269.09,  0.102, 234.14,  0.085, 278.13,  0.045, 296.57,  0.080,  12.30,  0.103, 299.81,  0.064, 117.76,  0.136, 206.57,-99.000, -99.00,-99.000, -99.00,-99.000, -99.00,-99.000, -99.00,
9/2/2006 07:10:00, 11.8,275.7,  0.6,  3.4, 18.663, 29.00,  0.0,  0.0,  0.078, 127.16,  0.055,  95.19,  0.044,  71.57,  0.041,  52.00,  0.023,  87.51,  0.079,   2.17,  0.049, 327.62,  0.046, 249.59,  0.052, 319.64,  0.059, 358.06,  0.062, 323.50,  0.057,  16.22,  0.045, 288.03,  0.037, 279.21,  0.139, 304.72,  0.123, 239.28,-99.000, -99.00,-99.000, -99.00,-99.000, -99.00,-99.000, -99.00,
9/2/2006 07:15:00, 11.8,275.7,  0.6,  3.4, 18.658, 28.98,  0.0,  0.0,  0.045,  30.53,  0.117, 112.62,  0.094, 155.35,  0.070,  91.64,  0.076, 152.76,  0.064, 178.21,  0.103, 140.12,  0.030, 225.00,  0.065, 287.04,  0.027, 199.80,  0.039, 324.29,  0.045, 305.10,  0.074, 243.43,  0.042, 220.16,  0.078, 258.11,  0.122, 211.21,-99.000, -99.00,-99.000, -99.00,-99.000, -99.00,-99.000, -99.00,
9/2/2006 07:20:00, 11.8,275.8,  0.6,  3.4, 18.666, 28.97,  0.0,  0.0,  0.117,  62.56,  0.088, 138.69,  0.098, 137.88,  0.095, 152.35,  0.102, 188.45,  0.090, 107.43,  0.048, 308.29,  0.009, 263.66,  0.097,   0.59,  0.053, 345.70,  0.066, 296.18,  0.017, 315.00,  0.051, 327.88,  0.047,  22.71,  0.047,  45.00,  0.069, 227.34,-99.000, -99.00,-99.000, -99.00,-99.000, -99.00,-99.000, -99.00,
9/2/2006 07:25:00, 11.8,275.8,  0.6,  3.4, 18.660, 28.96,  0.0,  0.0,  0.087,  56.67,  0.046, 109.23,  0.057,  90.00,  0.062, 171.61,  0.095, 225.42,  0.141, 135.00,  0.023, 180.00,  0.093, 300.43,  0.061, 150.49,  0.038, 347.80,  0.076, 303.69,  0.068, 304.16,  0.048, 311.63,  0.016, 322.43,  0.065, 237.53,  0.046, 197.65,-99.000, -99.00,-99.000, -99.00,-99.000, -99.00,-99.000, -99.00,
9/2/2006 07:30:00, 11.8,275.7,  0.6,  3.4, 18.656, 28.95,  0.0,  0.0,  0.157,  89.27,  0.079, 111.67,  0.039, 274.40,  0.097, 246.88,  0.141, 181.22,  0.100, 137.84,  0.094, 168.93,  0.038, 236.73,  0.052, 254.36,  0.054, 291.80,  0.024, 255.38,  0.107, 232.59,  0.043, 180.00,  0.053, 345.70,  0.049, 334.49,  0.084, 224.52,-99.000, -99.00,-99.000, -99.00,-99.000, -99.00,-99.000, -99.00,
9/2/2006 07:35:00, 11.8,275.7,  0.6,  3.4, 18.653, 28.94,  0.0,  0.0,  0.132,  78.18,  0.162, 109.89,  0.093, 155.10,  0.083,  98.33,  0.092, 109.03,  0.044, 273.90,  0.056, 268.98,  0.032,  51.34,  0.057,  94.01,  0.096, 315.84,  0.043, 338.20,  0.022,   0.00,  0.035, 323.13,  0.094, 304.20,  0.053, 289.80,  0.013, 218.66,-99.000, -99.00,-99.000, -99.00,-99.000, -99.00,-99.000, -99.00,
9/2/2006 07:40:00, 11.8,275.7,  0.6,  3.4, 18.647, 28.93,  0.0,  0.0,  0.172,  91.67,  0.113, 115.66,  0.039, 120.47,  0.032, 248.20,  0.136,  90.00,  0.083,  94.82,  0.065, 129.35,  0.084,  90.00,  0.092,  15.69,  0.040, 306.87,  0.038, 322.52,  0.048, 344.22,  0.066, 323.65,  0.048, 282.01,  0.095, 172.72,  0.099, 191.65,-99.000, -99.00,-99.000, -99.00,-99.000, -99.00,-99.000, -99.00,
9/2/2006 07:45:00, 11.8,275.6,  0.6,  3.4, 18.639, 28.93,  0.0,  0.0,  0.102,  85.52,  0.137, 103.93,  0.047,  83.93,  0.016, 150.26,  0.042,  53.67,  0.013, 138.01,  0.021, 349.22,  0.063, 290.45,  0.071, 349.48,  0.047, 330.71,  0.092, 320.27,  0.065, 330.69,  0.069, 334.18,  0.080, 355.00,  0.066,  36.35,  0.068, 185.04,-99.000, -99.00,-99.000, -99.00,-99.000, -99.00,-99.000, -99.00,
9/2/2006 07:50:00, 11.8,275.6,  0.6,  3.4, 18.631, 28.94,  0.0,  0.0,  0.050,  82.03,  0.184, 152.88,  0.196, 140.79,  0.108, 148.67,  0.134,  95.58,  0.049, 109.18,  0.010,  90.00,  0.034,  91.68,  0.032, 327.80,  0.078, 170.42,  0.035, 270.00,  0.052, 292.62,  0.063, 180.00,  0.084, 205.35,  0.040, 165.62,  0.122, 219.32,-99.000, -99.00,-99.000, -99.00,-99.000, -99.00,-99.000, -99.00,
9/2/2006 07:55:00, 11.8,275.6,  0.6,  3.4, 18.625, 28.94,  0.0,  0.0,  0.139, 347.96,  0.165, 126.10,  0.061, 149.68,  0.059, 143.33,  0.052, 275.49,  0.027,  17.10,  0.075,  83.91,  0.028,  94.09,  0.028,  16.50,  0.039, 253.44,  0.024, 114.44,  0.066,  36.35,  0.048, 270.00,  0.066, 233.65,  0.024, 196.93,  0.098, 215.47,-99.000, -99.00,-99.000, -99.00,-99.000, -99.00,-99.000, -99.00,
9/2/2006 08:00:00, 11.8,275.6,  0.6,  3.4, 18.636, 28.93,  0.0,  0.0,  0.136,  50.09,  0.103, 136.19,  0.074, 157.62,  0.131, 154.61,  0.047,  80.13,  0.040, 136.01,  0.026, 182.20,  0.022, 103.39,  0.049, 150.83,  0.019, 141.34,  0.032, 235.30,  0.068, 174.12,  0.049, 165.68,  0.119, 284.15,  0.066, 338.52,  0.067, 205.80,-99.000, -99.00,-99.000, -99.00,-99.000, -99.00,-99.000, -99.00,
9/2/2006 08:05:00, 11.8,275.7,  0.6,  3.4, 18.622, 28.93,  0.0,  0.0,  0.088,  36.22,  0.123, 108.43,  0.030, 172.41,  0.043, 358.67,  0.088,   2.60,  0.040,  63.43,  0.048,  54.32,  0.052,  45.00,  0.041,  34.08,  0.024, 194.62,  0.039, 299.20,  0.071, 142.48,  0.047, 131.53,  0.033, 117.35,  0.055, 346.22,  0.120, 268.57,-99.000, -99.00,-99.000, -99.00,-99.000, -99.00,-99.000, -99.00,
9/2/2006 08:10:00, 11.8,275.7,  0.6,  3.4, 18.632, 28.93,  0.0,  0.0,  0.088,  52.87,  0.099, 171.87,  0.070,  67.44,  0.156,  79.27,  0.111, 152.74,  0.123, 135.00,  0.052,  85.60,  0.053, 186.46,  0.075, 147.99,  0.080, 144.13,  0.120, 135.34,  0.080, 162.47,  0.040, 169.82,  0.058, 102.85,  0.017,  57.26,  0.119, 247.31,-99.000, -99.00,-99.000, -99.00,-99.000, -99.00,-99.000, -99.00,
9/2/2006 08:15:00, 11.8,275.7,  0.6,  3.4, 18.634, 28.93,  0.0,  0.0,  0.045, 336.30,  0.017, 113.63,  0.070, 180.00,  0.037, 133.92,  0.015,  36.87,  0.025, 334.44,  0.032,  90.00,  0.090, 180.64,  0.084, 220.67,  0.030, 145.78,  0.034, 200.56,  0.043, 225.94,  0.094, 124.20,  0.055, 234.58,  0.121, 264.81,  0.072, 309.40,-99.000, -99.00,-99.000, -99.00,-99.000, -99.00,-99.000, -99.00,
9/2/2006 08:20:00, 11.8,275.7,  0.6,  3.4, 18.635, 28.93,  0.0,  0.0,  0.126, 179.55,  0.144, 158.42,  0.148,  95.83,  0.079,  31.46,  0.023,  34.38,  0.047, 133.26,  0.057, 191.11,  0.037, 276.17,  0.078, 200.98,  0.084, 210.85,  0.075, 145.26,  0.056, 205.20,  0.022, 149.93,  0.064, 112.96,  0.058,  92.96,  0.068, 211.11,-99.000, -99.00,-99.000, -99.00,-99.000, -99.00,-99.000, -99.00,
9/2/2006 08:25:00, 11.8,275.7,  0.6,  3.4, 18.640, 28.94,  0.0,  0.0,  0.051, 302.12,  0.105, 144.33,  0.088, 305.31,  0.049, 144.06,  0.024,  33.02,  0.083, 127.15,  0.027, 218.99,  0.016,  90.00,  0.053, 221.19,  0.060, 249.44,  0.038, 219.61,  0.025, 274.57,  0.085, 122.57,  0.086, 144.46,  0.105, 122.93,  0.163, 217.50,-99.000, -99.00,-99.000, -99.00,-99.000, -99.00,-99.000, -99.00,
9/2/2006 08:30:00, 11.8,275.7,  0.6,  3.4, 18.635, 28.94,  0.0,  0.0,  0.025, 173.16,  0.106, 194.69,  0.027, 218.99,  0.073, 244.84,  0.014, 257.91,  0.092, 198.43,  0.087, 180.00,  0.061, 267.18,  0.021, 177.27,  0.080, 124.88,  0.003, 288.43,  0.077,  58.78,  0.115,  78.98,  0.087, 122.77,  0.049,  58.24,  0.087, 203.03,-99.000, -99.00,-99.000, -99.00,-99.000, -99.00,-99.000, -99.00,
9/2/2006 08:35:00, 11.8,275.7,  0.6,  3.4, 18.624, 28.94,  0.0,  0.0,  0.029,  63.43,  0.155, 180.00,  0.083, 321.88,  0.051,  63.43,  0.044, 197.20,  0.041,  64.06,  0.032, 299.74,  0.035,   3.27,  0.045, 312.27,  0.087, 262.06,  0.075, 162.05,  0.012, 120.96,  0.092, 117.12,  0.056,  91.02,  0.070,  85.10,  0.110, 253.70,-99.000, -99.00,-99.000, -99.00,-99.000, -99.00,-99.000, -99.00,
9/2/2006 08:40:00, 11.8,275.7,  0.6,  3.4, 18.644, 28.93,  0.0,  0.0,  0.103, 305.08,  0.144, 189.59,  0.042, 329.74,  0.075, 122.41,  0.056, 232.31,  0.053, 228.81,  0.033, 144.87,  0.044, 258.18,  0.055, 249.93,  0.058, 352.01,  0.006, 350.54,  0.033,  95.19,  0.092, 104.49,  0.101, 106.10,  0.069,  89.17,  0.072, 240.95,-99.000, -99.00,-99.000, -99.00,-99.000, -99.00,-99.000, -99.00,
9/2/2006 08:45:00, 11.8,275.7,  0.6,  3.4, 18.644, 28.94,  0.0,  0.0,  0.124, 321.20,  0.193, 221.44,  0.075, 286.26,  0.071, 217.52,  0.064,  28.18,  0.036,  97.91,  0.048, 183.58,  0.063, 334.65,  0.016,  90.00,  0.115, 256.45,  0.038, 213.27,  0.087, 231.03,  0.057, 341.57,  0.089,  66.04,  0.049, 135.83,  0.115, 251.72,-99.000, -99.00,-99.000, -99.00,-99.000, -99.00,-99.000, -99.00,
9/2/2006 08:50:00, 11.8,275.8,  0.6,  3.4, 18.637, 28.94,  0.0,  0.0,  0.104,  13.37,  0.065, 216.87,  0.154, 302.24,  0.056,  18.76,  0.005,  21.80,  0.040, 342.47,  0.087, 284.04,  0.034, 229.76,  0.018, 192.53,  0.054, 249.57,  0.021, 171.87,  0.065,  17.88,  0.130,  80.68,  0.078, 131.88,  0.157, 115.59,  0.067, 252.65,-99.000, -99.00,-99.000, -99.00,-99.000, -99.00,-99.000, -99.00,
9/2/2006 08:55:00, 11.8,275.7,  0.6,  3.4, 18.636, 28.94,  0.0,  0.0,  0.097, 291.25,  0.133, 202.12,  0.098,   0.00,  0.082,  81.57,  0.033,  83.09,  0.010, 348.69,  0.052, 355.60,  0.052, 297.55,  0.006, 329.04,  0.086,  55.39,  0.071, 201.50,  0.005,  21.80,  0.048, 142.65,  0.067,  97.77,  0.091, 109.23,  0.209, 175.05,-99.000, -99.00,-99.000, -99.00,-99.000, -99.00,-99.000, -99.00,
9/2/2006 09:00:00, 11.8,275.8,  0.6,  3.4, 18.645, 28.94,  0.0,  0.0,  0.124, 259.32,  0.123, 217.71,  0.028,  14.53,  0.068,  46.19,  0.076,  45.54,  0.030,   1.91,  0.059, 110.90,  0.061, 163.93,  0.117, 262.15,  0.094, 242.07,  0.051, 221.82,  0.065, 180.88,  0.067, 168.02,  0.047,  90.00,  0.041, 128.00,  0.100, 185.77,-99.000, -99.00,-99.000, -99.00,-99.000, -99.00,-99.000, -99.00,
9/2/2006 09:05:00, 11.8,275.8,  0.6,  3.4, 18.647, 28.95,  0.0,  0.0,  0.167, 258.22,  0.075, 231.46,  0.102, 255.83,  0.064, 316.27,  0.025,  16.26,  0.064, 342.70,  0.022, 105.95,  0.082, 200.64,  0.041,  96.95,  0.042, 244.65,  0.037, 316.08,  0.060, 283.57,  0.038, 153.43,  0.115, 116.34,  0.047, 102.26,  0.031,  90.00,-99.000, -99.00,-99.000, -99.00,-99.000, -99.00,-99.000, -99.00,
9/2/2006 09:10:00, 11.8,275.8,  0.6,  3.4, 18.641, 28.93,  0.0,  0.0,  0.112, 286.65,  0.125, 206.57,  0.067, 310.79,  0.017, 331.93,  0.163, 348.35,  0.006, 128.66,  0.047, 270.00,  0.025, 334.44,  0.059, 331.70,  0.080, 317.53,  0.126, 306.96,  0.019,  57.99,  0.047,   0.00,  0.025, 306.87,  0.099, 121.76,  0.151,  88.48,-99.000, -99.00,-99.000, -99.00,-99.000, -99.00,-99.000, -99.00,
9/2/2006 09:15:00, 11.8,275.7,  0.6,  3.4, 18.633, 28.93,  0.0,  0.0,  0.088, 264.16,  0.118, 229.45,  0.136, 259.43,  0.131, 334.61,  0.067,  40.14,  0.097,  21.04,  0.045,  12.80,  0.073, 335.88,  0.084, 275.44,  0.023, 244.54,  0.009, 153.43,  0.025,  83.16,  0.019,  83.99,  0.057, 125.07,  0.038, 127.48,  0.096, 186.60,-99.000, -99.00,-99.000, -99.00,-99.000, -99.00,-99.000, -99.00,
9/2/2006 09:20:00, 11.8,275.7,  0.6,  3.4, 18.647, 28.92,  0.0,  0.0,  0.016,  14.93,  0.171, 181.01,  0.020, 159.78,  0.023, 342.35,  0.081,  29.74,  0.089, 322.74,  0.078, 236.51,  0.056, 236.59,  0.046, 199.23,  0.068, 270.84,  0.084, 302.37,  0.011, 280.30,  0.038, 248.20,  0.042, 175.91,  0.064, 163.56,  0.101,  81.47,-99.000, -99.00,-99.000, -99.00,-99.000, -99.00,-99.000, -99.00,
9/2/2006 09:25:00, 11.8,275.7,  0.6,  3.4, 18.651, 28.92,  0.0,  0.0,  0.031, 335.10,  0.123, 170.61,  0.102, 280.20,  0.014, 257.91,  0.070, 126.87,  0.047,  17.28,  0.090, 347.20,  0.103, 357.22,  0.091,   4.40,  0.076,   0.75,  0.059, 315.00,  0.086, 312.18,  0.107,  77.64,  0.031, 168.69,  0.127, 106.87,  0.161,  77.09,-99.000, -99.00,-99.000, -99.00,-99.000, -99.00,-99.000, -99.00,
9/2/2006 09:30:00, 11.8,275.6,  0.6,  3.4, 18.646, 28.93,  0.0,  0.0,  0.078, 325.91,  0.005, 233.13,  0.079, 318.61,  0.130, 297.55,  0.082, 287.10,  0.037, 330.64,  0.055, 329.22,  0.034, 351.63,  0.055, 316.47,  0.025,   6.84,  0.029, 310.82,  0.082, 267.90,  0.058, 226.40,  0.049, 171.70,  0.113,  86.46,  0.060, 109.33,-99.000, -99.00,-99.000, -99.00,-99.000, -99.00,-99.000, -99.00,
9/2/2006 09:35:00, 11.8,275.8,  0.6,  3.4, 18.649, 28.93,  0.0,  0.0,  0.054, 307.50,  0.121, 171.94,  0.166, 337.75,  0.084, 346.95,  0.116, 347.04,  0.109, 316.49,  0.036, 300.14,  0.064, 239.81,  0.082, 220.53,  0.027, 336.25,  0.047, 340.02,  0.053, 156.80,  0.067, 166.17,  0.122, 126.68,  0.096,  97.79,  0.137, 137.36,-99.000, -99.00,-99.000, -99.00,-99.000, -99.00,-99.000, -99.00,
9/2/2006 09:40:00, 11.8,275.7,  0.6,  3.4, 18.648, 28.93,  0.0,  0.0,  0.063, 294.52,  0.081, 164.25,  0.133, 298.68,  0.039, 289.36,  0.063, 336.68,  0.145, 350.47,  0.066,  20.35,  0.025, 306.87,  0.060,  73.66,  0.069,   3.32,  0.112,   3.58,  0.074,  44.45,  0.023, 170.13,  0.062, 192.03,  0.095, 100.36,  0.161, 104.38,-99.000, -99.00,-99.000, -99.00,-99.000, -99.00,-99.000, -99.00,
9/2/2006 09:45:00, 11.8,275.6,  0.6,  3.4, 18.661, 28.93,  0.0,  0.0,  0.131, 320.59,  0.086, 227.37,  0.114, 327.57,  0.045, 312.27,  0.070, 338.96,  0.083, 312.55,  0.034, 210.38,  0.008, 299.74,  0.096,   6.01,  0.050,  16.26,  0.036, 358.41,  0.079,  42.95,  0.064, 290.14,  0.132, 107.20,  0.092,  85.03,  0.105, 138.09,-99.000, -99.00,-99.000, -99.00,-99.000, -99.00,-99.000, -99.00,
9/2/2006 09:50:00, 11.8,275.7,  0.6,  3.4, 18.671, 28.93,  0.0,  0.0,  0.041,   1.40,  0.062, 263.56,  0.131, 337.55,  0.083, 342.44,  0.108, 291.80,  0.056, 237.45,  0.097, 340.07,  0.041, 350.07,  0.086, 319.25,  0.102, 309.45,  0.082,  82.96,  0.005, 101.31,  0.040, 137.05,  0.083, 122.74,  0.066,  94.33,  0.115, 100.53,-99.000, -99.00,-99.000, -99.00,-99.000, -99.00,-99.000, -99.00,
9/2/2006 09:55:00, 11.8,275.8,  0.6,  3.4, 18.668, 28.93,  0.0,  0.0,  0.171, 315.47,  0.049, 265.33,  0.229, 317.30,  0.136, 307.54,  0.153, 325.38,  0.140, 288.69,  0.079, 296.24,  0.073, 352.09,  0.090,   3.81,  0.095, 326.14,  0.074,  18.19,  0.019,   6.01,  0.040, 101.59,  0.072, 106.16,  0.118,  90.00,  0.039, 103.32,-99.000, -99.00,-99.000, -99.00,-99.000, -99.00,-99.000, -99.00,
9/2/2006 10:00:00, 11.8,275.8,  0.6,  3.4, 18.675, 28.93,  0.0,  0.0,  0.185, 331.22,  0.092, 332.88,  0.156, 330.80,  0.168,   1.70,  0.092, 330.10,  0.093,   9.26,  0.047, 292.71,  0.062,   2.77,  0.074, 323.75,  0.071, 109.71,  0.099, 354.81,  0.053,  77.01,  0.023, 232.13,  0.019, 101.89,  0.207, 133.04,  0.125, 146.44,-99.000, -99.00,-99.000, -99.00,-99.000, -99.00,-99.000, -99.00,
9/2/2006 10:05:00, 11.8,275.7,  0.6,  3.4, 18.667, 28.93,  0.0,  0.0,  0.026, 349.11,  0.128, 276.29,  0.119, 283.10,  0.063, 307.23,  0.051, 275.60,  0.072, 323.45,  0.119, 323.23,  0.141, 315.00,  0.085, 308.77,  0.016, 320.19,  0.066,  53.65,  0.025,  53.13,  0.013, 292.62,  0.033, 207.35,  0.101, 133.80,  0.031,  97.35,-99.000, -99.00,-99.000, -99.00,-99.000, -99.00,-99.000, -99.00,
9/2/2006 10:10:00, 11.8,275.8,  0.6,  3.4, 18.674, 28.95,  0.0,  0.0,  0.136, 306.62,  0.083, 294.10,  0.052, 253.30,  0.108, 304.43,  0.055, 312.06,  0.058, 321.34,  0.081, 297.20,  0.093, 311.94,  0.124, 331.17,  0.016,  39.81,  0.061, 269.06,  0.054, 338.20,  0.069, 190.01,  0.061,  67.67,  0.150,  93.43,  0.113, 119.05,-99.000, -99.00,-99.000, -99.00,-99.000, -99.00,-99.000, -99.00,
9/2/2006 10:15:00, 11.8,275.7,  0.6,  3.4, 18.674, 28.95,  0.0,  0.0,  0.068, 318.58,  0.093, 325.97,  0.111, 321.58,  0.177, 326.76,  0.074,  17.22,  0.134, 353.14,  0.076, 346.33,  0.070, 323.13,  0.042,  26.57,  0.082, 338.46,  0.123, 357.67,  0.084,  51.77,  0.066,  82.12,  0.130,  89.56,  0.166,  84.12,  0.152, 106.77,-99.000, -99.00,-99.000, -99.00,-99.000, -99.00,-99.000, -99.00,
9/2/2006 10:20:00, 11.8,275.8,  0.6,  3.4, 18.675, 28.96,  0.0,  0.0,  0.070,  26.20,  0.140, 260.94,  0.114, 355.99,  0.076, 343.23,  0.033, 301.26,  0.131, 296.37,  0.113, 312.14,  0.131, 338.93,  0.125, 325.42,  0.045, 311.42,  0.081, 331.84,  0.071,   2.42,  0.082,  73.77,  0.028, 115.64,  0.148, 115.70,  0.090, 205.71,-99.000, -99.00,-99.000, -99.00,-99.000, -99.00,-99.000, -99.00,
9/2/2006 10:25:00, 11.8,275.7,  0.6,  3.4, 18.670, 28.97,  0.0,  0.0,  0.091,   0.00,  0.120, 279.62,  0.104, 303.23,  0.067, 305.34,  0.122,   7.53,  0.135, 336.86,  0.171, 316.42,  0.150, 348.84,  0.098, 340.27,  0.113, 335.93,  0.144, 295.14,  0.049, 351.87,  0.046, 352.57,  0.048, 274.76,  0.075,  83.07,  0.000,   0.00,-99.000, -99.00,-99.000, -99.00,-99.000, -99.00,-99.000, -99.00,
9/2/2006 10:30:00, 11.8,275.7,  0.6,  3.4, 18.685, 28.99,  0.0,  0.0,  0.043, 300.74,  0.143, 353.97,  0.073, 335.88,  0.175, 308.97,  0.035, 258.37,  0.114, 339.50,  0.070, 340.79,  0.032, 259.05,  0.040, 259.82,  0.058, 303.69,  0.089, 348.94,  0.077, 352.50,  0.037,  34.99,  0.086,  34.61,  0.096,  61.29,  0.029, 300.96,-99.000, -99.00,-99.000, -99.00,-99.000, -99.00,-99.000, -99.00,
9/2/2006 10:35:00, 11.8,275.8,  0.6,  3.4, 18.689, 28.99,  0.0,  0.0,  0.078,  24.26,  0.099, 329.83,  0.086, 308.87,  0.140, 315.00,  0.144, 291.58,  0.040, 327.09,  0.080, 347.01,  0.035, 310.43,  0.167, 339.72,  0.117, 321.26,  0.080, 335.67,  0.047,  46.74,  0.004, 255.96,  0.020, 165.26,  0.064, 295.77,  0.096, 203.90,-99.000, -99.00,-99.000, -99.00,-99.000, -99.00,-99.000, -99.00,
9/2/2006 10:40:00, 11.8,275.7,  0.6,  3.4, 18.694, 29.00,  0.0,  0.0,  0.192, 331.44,  0.139, 330.66,  0.067, 301.55,  0.129, 348.34,  0.106,   0.00,  0.127, 318.52,  0.067, 330.36,  0.034,  17.35,  0.081, 341.34,  0.035, 297.30,  0.071,   0.00,  0.112, 344.97,  0.048, 346.83,  0.067,  62.28,  0.049,  32.38,  0.092, 271.25,-99.000, -99.00,-99.000, -99.00,-99.000, -99.00,-99.000, -99.00,
9/2/2006 10:45:00, 11.8,275.8,  0.6,  3.4, 18.685, 29.01,  0.0,  0.0,  0.143, 344.99,  0.014, 265.91,  0.112, 355.91,  0.052, 292.62,  0.146, 353.31,  0.111, 358.45,  0.124, 334.26,  0.081, 303.89,  0.142, 301.45,  0.100, 289.89,  0.023,  80.13,  0.070, 351.75,  0.081, 342.69,  0.052, 147.53,  0.051, 173.29,  0.065, 197.04,-99.000, -99.00,-99.000, -99.00,-99.000, -99.00,-99.000, -99.00,
9/2/2006 10:50:00, 11.8,275.7,  0.6,  3.4, 18.694, 29.01,  0.0,  0.0,  0.064, 309.92,  0.093, 322.02,  0.093,   8.04,  0.179,   7.72,  0.066,  37.57,  0.135, 326.19,  0.079, 310.36,  0.130, 306.87,  0.073, 355.30,  0.101,   1.70,  0.192, 299.63,  0.112, 321.18,  0.072, 332.02,  0.063,  89.09,  0.004, 180.00,  0.019, 244.80,-99.000, -99.00,-99.000, -99.00,-99.000, -99.00,-99.000, -99.00,
9/2/2006 10:55:00, 11.8,275.8,  0.6,  3.4, 18.695, 29.01,  0.0,  0.0,  0.154,  10.51,  0.062, 339.23,  0.216, 310.69,  0.149,   8.89,  0.156,  14.84,  0.076, 312.32,  0.138, 348.69,  0.115, 293.66,  0.072, 317.25,  0.107, 318.41,  0.079, 339.95,  0.062,  22.83,  0.079, 104.74,  0.051, 110.56,  0.022, 264.81,  0.112, 169.19,-99.000, -99.00,-99.000, -99.00,-99.000, -99.00,-99.000, -99.00,
9/2/2006 11:00:00, 11.8,275.8,  0.6,  3.4, 18.690, 29.03,  0.0,  0.0,  0.136, 354.50,  0.069, 325.62,  0.167, 353.47,  0.165, 339.36,  0.101, 321.43,  0.075,  11.61,  0.032, 347.28,  0.049, 339.72,  0.048, 331.29,  0.088,  13.88,  0.060, 330.02,  0.102, 320.19,  0.041, 228.95,  0.050,  92.29,  0.032, 275.36,  0.065, 310.60,-99.000, -99.00,-99.000, -99.00,-99.000, -99.00,-99.000, -99.00,
9/2/2006 11:05:00, 11.8,275.7,  0.6,  3.4, 18.697, 29.04,  0.0,  0.0,  0.103, 338.92,  0.039, 304.51,  0.119, 352.76,  0.156,   6.62,  0.116, 321.65,  0.152, 296.23,  0.072, 299.05,  0.092, 294.34,  0.065, 323.13,  0.020,   2.86,  0.092, 337.05,  0.020,  63.43,  0.049, 260.54,  0.066,  36.35,  0.093,  91.85,  0.048, 230.04,-99.000, -99.00,-99.000, -99.00,-99.000, -99.00,-99.000, -99.00,
9/2/2006 11:10:00, 11.8,275.7,  0.6,  3.4, 18.710, 29.05,  0.0,  0.0,  0.154, 297.06,  0.087, 349.46,  0.147, 319.69,  0.138, 339.20,  0.061, 307.06,  0.128,   3.13,  0.051, 332.93,  0.099, 295.02,  0.084, 313.56,  0.108, 352.55,  0.088, 342.18,  0.033,  70.46,  0.032, 192.72,  0.066, 153.05,  0.078, 174.87,  0.039, 293.96,-99.000, -99.00,-99.000, -99.00,-99.000, -99.00,-99.000, -99.00,
9/2/2006 11:15:00, 11.8,275.8,  0.6,  3.4, 18.717, 29.06,  0.0,  0.0,  0.124, 338.20,  0.096, 332.10,  0.176, 327.30,  0.148, 354.95,  0.168, 315.00,  0.111,   2.06,  0.093, 343.12,  0.123, 322.94,  0.103, 343.67,  0.102,   8.45,  0.060,  14.50,  0.033,   0.00,  0.029,  82.15,  0.007, 123.69,  0.022, 302.28,  0.040, 180.00,-99.000, -99.00,-99.000, -99.00,-99.000, -99.00,-99.000, -99.00,
9/2/2006 11:20:00, 11.8,275.7,  0.6,  3.4, 18.732, 29.07,  0.0,  0.0,  0.150, 322.59,  0.020, 287.53,  0.163, 308.28,  0.123, 303.69,  0.158, 302.08,  0.071, 351.07,  0.091, 332.59,  0.087, 354.09,  0.098, 281.77,  0.098, 281.77,  0.068, 298.07,  0.090,  12.80,  0.091,  40.53,  0.073,  10.23,  0.043,  96.63,  0.170, 251.88,-99.000, -99.00,-99.000, -99.00,-99.000, -99.00,-99.000, -99.00,
9/2/2006 11:25:00, 11.8,275.9,  0.6,  3.4, 18.740, 29.08,  0.0,  0.0,  0.151, 345.04,  0.075, 320.98,  0.019, 288.43,  0.131, 291.48,  0.109, 320.60,  0.039, 311.88,  0.067, 352.23,  0.144, 321.78,  0.055, 297.03,  0.126,  17.14,  0.073, 321.71,  0.143, 312.17,  0.028, 327.99,  0.062, 130.40,  0.013, 175.60,  0.055,  62.97,-99.000, -99.00,-99.000, -99.00,-99.000, -99.00,-99.000, -99.00,
9/2/2006 11:30:00, 11.8,275.8,  0.6,  3.4, 18.747, 29.09,  0.0,  0.0,  0.248, 320.73,  0.071, 308.16,  0.083, 356.55,  0.116, 352.57,  0.140, 320.51,  0.079, 325.30,  0.089, 311.79,  0.125, 340.41,  0.075,   8.46,  0.122, 332.18,  0.116,  11.89,  0.148,  12.07,  0.098,  17.88,  0.083,  85.18,  0.054,  18.43,  0.040, 328.30,-99.000, -99.00,-99.000, -99.00,-99.000, -99.00,-99.000, -99.00,
9/2/2006 11:35:00, 11.8,275.8,  0.6,  3.4, 18.740, 29.10,  0.0,  0.0,  0.128, 331.64,  0.067, 335.34,  0.093, 343.12,  0.173, 357.68,  0.103, 299.81,  0.139, 302.09,  0.144, 261.59,  0.067, 305.84,  0.050, 310.97,  0.113, 316.43,  0.083,  37.15,  0.104, 342.09,  0.025, 111.37,  0.060, 240.02,  0.040,  71.11,  0.044, 121.87,-99.000, -99.00,-99.000, -99.00,-99.000, -99.00,-99.000, -99.00,
9/2/2006 11:40:00, 11.8,275.8,  0.6,  3.4, 18.748, 29.11,  0.0,  0.0,  0.140,  30.40,  0.046, 355.03,  0.111, 333.20,  0.062, 330.14,  0.025, 353.16,  0.095, 338.31,  0.089, 315.91,  0.142, 316.99,  0.123, 307.71,  0.138, 333.81,  0.167, 341.13,  0.124,  14.93,  0.085,  24.44,  0.041,  48.95,  0.061,  95.62,  0.036, 232.82,-99.000, -99.00,-99.000, -99.00,-99.000, -99.00,-99.000, -99.00,
9/2/2006 11:45:00, 11.8,275.7,  0.6,  3.4, 18.745, 29.12,  0.0,  0.0,  0.193, 347.76,  0.058, 348.11,  0.163, 343.57,  0.100, 322.33,  0.097, 287.32,  0.132, 327.40,  0.119, 352.28,  0.141, 321.34,  0.064, 359.10,  0.087,   3.95,  0.046,   0.00,  0.084,   3.41,  0.092,   3.73,  0.047,  19.98,  0.115,  19.86,  0.089, 300.30,-99.000, -99.00,-99.000, -99.00,-99.000, -99.00,-99.000, -99.00,
9/2/2006 11:50:00, 11.8,275.8,  0.6,  3.4, 18.748, 29.14,  0.0,  0.0,  0.133, 307.39,  0.105, 341.05,  0.121, 297.63,  0.140, 346.76,  0.103, 325.69,  0.140, 315.00,  0.128, 322.95,  0.145, 277.13,  0.125, 308.16,  0.144, 308.54,  0.159, 338.60,  0.084,   4.76,  0.037, 332.74,  0.047, 295.46,  0.069,  72.35,  0.022, 213.69,-99.000, -99.00,-99.000, -99.00,-99.000, -99.00,-99.000, -99.00,
9/2/2006 11:55:00, 11.8,275.7,  0.6,  3.4, 18.754, 29.15,  0.0,  0.0,  0.092,  32.14,  0.052, 135.78,  0.048, 284.62,  0.050,   2.29,  0.038, 293.20,  0.093, 332.61,  0.106, 334.16,  0.153, 355.89,  0.096, 349.75,  0.113, 337.73,  0.098,  35.47,  0.098, 336.57,  0.043, 322.59,  0.054, 301.33,  0.028,  68.96,  0.105, 290.68,-99.000, -99.00,-99.000, -99.00,-99.000, -99.00,-99.000, -99.00,
9/2/2006 12:00:00, 11.8,275.8,  0.6,  3.4, 18.765, 29.16,  0.0,  0.0,  0.090,  13.42,  0.067, 318.01,  0.117, 306.67,  0.140, 344.28,  0.098, 298.66,  0.108, 319.51,  0.118, 319.13,  0.095, 296.29,  0.051, 318.18,  0.095, 355.79,  0.112, 346.09,  0.107, 343.76,  0.048,  49.27,  0.033, 201.16,  0.057, 309.29,  0.073, 269.22,-99.000, -99.00,-99.000, -99.00,-99.000, -99.00,-99.000, -99.00,
9/2/2006 12:05:00, 11.8,275.8,  0.6,  3.4, 18.769, 29.18,  0.0,  0.0,  0.118,  10.74,  0.194, 326.15,  0.132, 316.85,  0.103, 309.88,  0.084, 326.12,  0.062, 328.09,  0.139, 333.07,  0.090, 331.44,  0.140, 328.47,  0.113, 310.33,  0.097,  19.18,  0.091, 334.56,  0.133, 336.12,  0.064,  14.47,  0.048,  26.03,  0.053, 264.61,-99.000, -99.00,-99.000, -99.00,-99.000, -99.00,-99.000, -99.00,
9/2/2006 12:10:00, 11.8,275.7,  0.6,  3.4, 18.778, 29.19,  0.0,  0.0,  0.106,  11.42,  0.066, 311.92,  0.134, 336.30,  0.145, 336.80,  0.026, 256.50,  0.098, 328.74,  0.104, 322.03,  0.077, 315.53,  0.070, 321.98,  0.076, 309.13,  0.086, 317.82,  0.003,  90.00,  0.031, 356.31,  0.050,   0.00,  0.067,  31.55,  0.104, 126.76,-99.000, -99.00,-99.000, -99.00,-99.000, -99.00,-99.000, -99.00,
9/2/2006 12:15:00, 11.8,275.9,  0.6,  3.4, 18.782, 29.21,  0.0,  0.0,  0.066, 308.25,  0.086, 292.67,  0.110,   0.00,  0.105, 335.87,  0.070, 333.80,  0.145, 307.74,  0.075,  28.61,  0.127, 329.81,  0.094, 357.56,  0.096, 339.86,  0.179, 336.59,  0.060, 339.44,  0.047,  76.55,  0.031, 119.05,  0.020, 302.91,  0.104, 319.70,-99.000, -99.00,-99.000, -99.00,-99.000, -99.00,-99.000, -99.00,
9/2/2006 12:20:00, 11.8,275.9,  0.6,  3.4, 18.793, 29.22,  0.0,  0.0,  0.186, 352.91,  0.136, 355.79,  0.139, 299.69,  0.105, 325.10,  0.124, 335.29,  0.138, 289.88,  0.047, 305.39,  0.154, 297.90,  0.158, 316.53,  0.095, 301.69,  0.082,  21.54,  0.146,  50.55,  0.091, 340.77,  0.078,   7.40,  0.024, 326.98,  0.141, 236.31,-99.000, -99.00,-99.000, -99.00,-99.000, -99.00,-99.000, -99.00,
9/2/2006 12:25:00, 11.8,275.9,  0.6,  3.4, 18.786, 29.22,  0.0,  0.0,  0.189, 347.44,  0.124, 328.48,  0.156, 315.26,  0.066, 294.23,  0.048, 299.74,  0.094, 284.77,  0.121,  11.40,  0.029, 350.22,  0.119, 335.60,  0.152, 341.21,  0.128, 355.98,  0.109, 353.66,  0.101,  29.11,  0.074, 321.58,  0.028, 312.14,  0.124, 257.87,-99.000, -99.00,-99.000, -99.00,-99.000, -99.00,-99.000, -99.00,
9/2/2006 12:30:00, 11.8,275.7,  0.6,  3.4, 18.792, 29.23,  0.0,  0.0,  0.107, 325.27,  0.183, 340.18,  0.131, 315.31,  0.059, 332.56,  0.158, 342.71,  0.127, 344.98,  0.075, 336.50,  0.125, 329.74,  0.087, 324.31,  0.111, 318.28,  0.082, 314.01,  0.016, 325.30,  0.125, 327.07,  0.057,  42.88,  0.057, 341.57,  0.021, 307.41,-99.000, -99.00,-99.000, -99.00,-99.000, -99.00,-99.000, -99.00,
9/2/2006 12:35:00, 11.8,275.8,  0.6,  3.4, 18.802, 29.24,  0.0,  0.0,  0.106,  28.26,  0.118, 333.22,  0.175, 355.75,  0.157, 354.51,  0.242, 340.67,  0.070,   6.52,  0.076,  29.93,  0.157, 324.08,  0.077, 313.42,  0.087, 311.74,  0.055,  39.14,  0.098,   2.34,  0.130, 333.43,  0.049, 353.02,  0.082,  66.89,  0.051,  29.60,-99.000, -99.00,-99.000, -99.00,-99.000, -99.00,-99.000, -99.00,
9/2/2006 12:40:00, 11.8,275.9,  0.6,  3.4, 18.813, 29.24,  0.0,  0.0,  0.173, 348.69,  0.127, 319.15,  0.093, 350.13,  0.115, 332.54,  0.171, 276.38,  0.197, 286.78,  0.035, 309.17,  0.038,  97.50,  0.184, 318.08,  0.214, 320.30,  0.113, 354.39,  0.137, 343.42,  0.100, 353.09,  0.071, 340.29,  0.074, 303.48,  0.119, 262.28,-99.000, -99.00,-99.000, -99.00,-99.000, -99.00,-99.000, -99.00,
9/2/2006 12:45:00, 11.8,275.8,  0.6,  3.4, 18.811, 29.25,  0.0,  0.0,  0.140, 358.77,  0.050, 281.53,  0.043, 298.93,  0.039, 306.57,  0.193, 334.23,  0.081, 337.54,  0.121, 326.84,  0.143, 291.73,  0.084, 326.69,  0.052,   0.00,  0.070,  62.70,  0.123,  40.40,  0.072, 346.35,  0.080,  70.20,  0.048, 319.27,  0.087, 250.52,-99.000, -99.00,-99.000, -99.00,-99.000, -99.00,-99.000, -99.00,
9/2/2006 12:50:00, 11.8,275.8,  0.6,  3.4, 18.830, 29.26,  0.0,  0.0,  0.220, 354.52,  0.055, 328.32,  0.137, 312.05,  0.152, 343.12,  0.089, 343.61,  0.110, 339.75,  0.078, 329.16,  0.076,   6.01,  0.158, 324.50,  0.075, 345.41,  0.078, 354.14,  0.052, 353.42,  0.059, 286.61,  0.035, 283.24,  0.026, 330.52,  0.091, 305.61,-99.000, -99.00,-99.000, -99.00,-99.000, -99.00,-99.000, -99.00,
9/2/2006 12:55:00, 11.8,275.8,  0.6,  3.4, 18.832, 29.26,  0.0,  0.0,  0.044,  90.00,  0.051, 274.48,  0.034,  63.43,  0.108, 320.26,  0.057, 346.70,  0.145, 322.02,  0.078, 341.33,  0.066, 344.29,  0.153, 315.00,  0.199, 347.50,  0.145, 359.60,  0.087,  26.57,  0.066,  30.82,  0.058, 332.10,  0.070, 344.17,  0.083, 297.18,-99.000, -99.00,-99.000, -99.00,-99.000, -99.00,-99.000, -99.00,
9/2/2006 13:00:00, 11.8,275.9,  0.6,  3.4, 18.832, 29.26,  0.0,  0.0,  0.022,  10.30,  0.131, 333.24,  0.141, 328.34,  0.071, 339.25,  0.053,  35.79,  0.161, 312.99,  0.158, 340.42,  0.104, 313.83,  0.137, 324.80,  0.203, 340.40,  0.166, 334.67,  0.125, 329.12,  0.149, 316.90,  0.067, 359.14,  0.048, 351.53,  0.021, 225.00,-99.000, -99.00,-99.000, -99.00,-99.000, -99.00,-99.000, -99.00,
9/2/2006 13:05:00, 11.8,275.8,  0.6,  3.4, 18.844, 29.27,  0.0,  0.0,  0.117, 327.94,  0.067, 324.16,  0.145, 311.93,  0.156, 353.01,  0.126, 337.10,  0.093, 330.95,  0.187, 329.88,  0.069, 314.41,  0.129, 330.26,  0.111,   7.25,  0.068,  10.98,  0.066, 305.13,  0.026,  22.62,  0.070, 254.17,  0.087, 243.43,  0.107, 274.28,-99.000, -99.00,-99.000, -99.00,-99.000, -99.00,-99.000, -99.00,
9/2/2006 13:10:00, 11.8,275.9,  0.6,  3.4, 18.852, 29.27,  0.0,  0.0,  0.221, 327.03,  0.069, 338.66,  0.020,  11.31,  0.179, 335.29,  0.134, 326.55,  0.090, 333.72,  0.150, 348.84,  0.190,   0.00,  0.133,   5.19,  0.101, 334.71,  0.096,   0.00,  0.100, 330.61,  0.068,   5.04,  0.029, 277.85,  0.078, 300.84,  0.108, 212.96,-99.000, -99.00,-99.000, -99.00,-99.000, -99.00,-99.000, -99.00,
9/2/2006 13:15:00, 11.8,275.8,  0.6,  3.4, 18.848, 29.28,  0.0,  0.0,  0.194, 343.24,  0.137, 325.38,  0.101, 354.91,  0.195, 320.83,  0.164, 324.67,  0.131, 314.07,  0.143, 326.98,  0.151, 303.37,  0.165, 343.10,  0.193, 307.64,  0.123, 342.01,  0.128, 330.03,  0.091, 316.33,  0.113, 289.08,  0.029, 316.40,  0.082, 271.40,-99.000, -99.00,-99.000, -99.00,-99.000, -99.00,-99.000, -99.00,
9/2/2006 13:20:00, 11.8,275.8,  0.6,  3.4, 18.862, 29.28,  0.0,  0.0,  0.114, 318.91,  0.059,  45.00,  0.138, 326.54,  0.105, 316.15,  0.105, 308.83,  0.142, 326.76,  0.071, 279.73,  0.057, 322.13,  0.151, 334.45,  0.118,   0.00,  0.116,  19.06,  0.098, 327.93,  0.075, 343.01,  0.154, 344.52,  0.071, 331.26,  0.030, 226.33,-99.000, -99.00,-99.000, -99.00,-99.000, -99.00,-99.000, -99.00,
9/2/2006 13:25:00, 11.8,275.7,  0.6,  3.4, 18.865, 29.28,  0.0,  0.0,  0.183, 340.18,  0.127, 344.43,  0.111, 354.85,  0.175, 306.15,  0.172, 307.20,  0.090, 326.31,  0.108, 337.22,  0.131, 336.17,  0.127, 346.29,  0.163, 316.49,  0.207, 346.90,  0.135,   1.70,  0.201, 340.58,  0.162, 337.08,  0.108, 313.13,  0.167, 279.29,-99.000, -99.00,-99.000, -99.00,-99.000, -99.00,-99.000, -99.00,
9/2/2006 13:30:00, 11.8,275.8,  0.6,  3.4, 18.873, 29.28,  0.0,  0.0,  0.138, 342.74,  0.080, 329.90,  0.103, 324.92,  0.101, 327.57,  0.150, 294.86,  0.115, 299.25,  0.165, 315.98,  0.131, 359.13,  0.113, 353.88,  0.219, 343.80,  0.089,   8.40,  0.093, 356.31,  0.125, 322.13,  0.118, 325.37,  0.124, 322.21,  0.133, 293.88,-99.000, -99.00,-99.000, -99.00,-99.000, -99.00,-99.000, -99.00,
9/2/2006 13:35:00, 11.8,275.7,  0.6,  3.4, 18.875, 29.29,  0.0,  0.0,  0.207, 350.26,  0.138, 322.96,  0.167, 311.12,  0.219, 291.17,  0.185, 299.05,  0.185, 336.07,  0.090, 316.35,  0.177, 306.48,  0.183, 320.31,  0.090, 338.55,  0.148,   3.87,  0.129, 338.20,  0.191, 309.27,  0.216, 308.04,  0.123, 303.69,  0.196, 273.50,-99.000, -99.00,-99.000, -99.00,-99.000, -99.00,-99.000, -99.00,
9/2/2006 13:40:00, 11.8,275.8,  0.6,  3.4, 18.876, 29.29,  0.0,  0.0,  0.109, 295.62,  0.192, 325.40,  0.183, 326.83,  0.217, 312.01,  0.128, 309.29,  0.225, 317.88,  0.152, 316.33,  0.178, 339.33,  0.158, 321.17,  0.253, 327.44,  0.220, 333.90,  0.183, 328.39,  0.214, 302.80,  0.227, 290.91,  0.195, 296.43,  0.159, 274.70,-99.000, -99.00,-99.000, -99.00,-99.000, -99.00,-99.000, -99.00,
9/2/2006 13:45:00, 11.8,275.9,  0.6,  3.4, 18.888, 29.29,  0.0,  0.0,  0.114, 320.32,  0.108, 287.26,  0.161, 312.99,  0.177, 332.71,  0.165, 337.17,  0.130, 356.04,  0.197, 316.85,  0.153, 327.24,  0.212, 331.26,  0.216, 321.96,  0.161, 322.56,  0.110, 326.45,  0.106, 310.01,  0.129, 306.16,  0.088, 304.41,  0.060, 249.44,-99.000, -99.00,-99.000, -99.00,-99.000, -99.00,-99.000, -99.00,
9/2/2006 13:50:00, 11.8,275.8,  0.6,  3.4, 18.889, 29.29,  0.0,  0.0,  0.095,   3.01,  0.066,  14.88,  0.164, 354.74,  0.130, 323.75,  0.227, 317.68,  0.146, 301.84,  0.074,   5.40,  0.155, 329.29,  0.206, 325.69,  0.145, 321.16,  0.161, 321.06,  0.150, 306.03,  0.153, 315.53,  0.135, 304.40,  0.098, 288.99,  0.092, 270.00,-99.000, -99.00,-99.000, -99.00,-99.000, -99.00,-99.000, -99.00,
9/2/2006 13:55:00, 11.8,275.8,  0.6,  3.4, 18.902, 29.29,  0.0,  0.0,  0.132,  27.54,  0.203, 331.79,  0.121, 325.12,  0.219, 325.59,  0.170, 308.08,  0.095, 323.13,  0.149, 302.09,  0.132, 334.98,  0.168, 309.19,  0.169, 304.16,  0.160, 312.97,  0.226, 309.81,  0.144, 299.60,  0.175, 286.57,  0.210, 300.59,  0.225, 295.31,-99.000, -99.00,-99.000, -99.00,-99.000, -99.00,-99.000, -99.00,
9/2/2006 14:00:00, 11.8,275.8,  0.6,  3.4, 18.900, 29.30,  0.0,  0.0,  0.201, 330.75,  0.192, 331.44,  0.151, 310.97,  0.085, 339.44,  0.211, 314.04,  0.252, 321.45,  0.260, 320.00,  0.138, 309.70,  0.192, 317.11,  0.231, 316.93,  0.191, 308.61,  0.195, 293.55,  0.203, 270.00,  0.225, 284.96,  0.218, 281.93,  0.172, 265.68,-99.000, -99.00,-99.000, -99.00,-99.000, -99.00,-99.000, -99.00,
9/2/2006 14:05:00, 11.8,275.8,  0.6,  3.4, 18.909, 29.30,  0.0,  0.0,  0.168, 333.43,  0.125, 293.08,  0.090, 298.56,  0.222, 317.38,  0.146, 350.15,  0.229, 332.21,  0.196, 319.34,  0.146, 336.60,  0.195, 325.66,  0.179, 327.99,  0.199, 328.15,  0.184, 302.57,  0.171, 298.66,  0.166, 302.92,  0.130, 252.54,  0.172, 256.21,-99.000, -99.00,-99.000, -99.00,-99.000, -99.00,-99.000, -99.00,
9/2/2006 14:10:00, 11.8,275.8,  0.6,  3.4, 18.916, 29.31,  0.0,  0.0,  0.208, 312.66,  0.103, 304.77,  0.219, 311.11,  0.232, 340.86,  0.161,   8.23,  0.238, 353.47,  0.151,   6.09,  0.171, 358.99,  0.149, 334.64,  0.200, 341.02,  0.257, 327.05,  0.214, 300.04,  0.272, 292.04,  0.305, 286.18,  0.243, 300.68,  0.229, 284.64,-99.000, -99.00,-99.000, -99.00,-99.000, -99.00,-99.000, -99.00,
9/2/2006 14:15:00, 11.8,275.8,  0.6,  3.4, 18.925, 29.32,  0.0,  0.0,  0.186, 327.51,  0.103, 314.60,  0.030, 311.01,  0.180, 327.46,  0.177, 337.06,  0.133, 292.12,  0.180, 325.87,  0.160, 300.90,  0.119, 294.40,  0.154, 285.48,  0.185, 296.01,  0.116, 264.54,  0.201, 285.28,  0.170, 301.25,  0.204, 311.82,  0.198, 268.55,-99.000, -99.00,-99.000, -99.00,-99.000, -99.00,-99.000, -99.00,
9/2/2006 14:20:00, 11.8,275.8,  0.6,  3.4, 18.935, 29.32,  0.0,  0.0,  0.136, 299.59,  0.079,  21.40,  0.140,   1.64,  0.144, 354.81,  0.172, 337.77,  0.149, 302.09,  0.113, 293.40,  0.106, 319.22,  0.151, 316.34,  0.184, 295.45,  0.169, 300.50,  0.192, 312.25,  0.188, 310.04,  0.163, 268.95,  0.226, 267.97,  0.251, 249.98,-99.000, -99.00,-99.000, -99.00,-99.000, -99.00,-99.000, -99.00,
9/2/2006 14:25:00, 11.8,275.8,  0.6,  3.4, 18.936, 29.33,  0.0,  0.0,  0.089, 264.86,  0.143, 321.53,  0.163, 322.50,  0.261, 330.69,  0.143, 320.96,  0.079, 354.94,  0.173, 316.88,  0.190, 322.05,  0.182, 306.05,  0.156, 316.04,  0.078, 351.14,  0.127, 314.68,  0.102, 283.08,  0.174, 284.68,  0.066, 316.85,  0.148, 277.36,-99.000, -99.00,-99.000, -99.00,-99.000, -99.00,-99.000, -99.00,
9/2/2006 14:30:00, 11.8,275.8,  0.6,  3.4, 18.935, 29.34,  0.0,  0.0,  0.154, 338.27,  0.162,  17.21,  0.146, 350.15,  0.209, 325.93,  0.121,   1.42,  0.103, 318.55,  0.085, 313.09,  0.101, 329.13,  0.080, 329.28,  0.178, 303.06,  0.200, 297.72,  0.111, 291.04,  0.129, 290.40,  0.300, 290.06,  0.226, 287.79,  0.270, 282.85,-99.000, -99.00,-99.000, -99.00,-99.000, -99.00,-99.000, -99.00,
9/2/2006 14:35:00, 11.8,275.9,  0.6,  3.4, 18.940, 29.34,  0.0,  0.0,  0.129, 326.06,  0.169, 317.64,  0.179, 336.59,  0.163, 354.01,  0.179, 346.74,  0.296, 339.85,  0.310, 354.82,  0.210, 359.45,  0.095,   4.81,  0.149, 326.74,  0.132, 311.31,  0.189, 290.06,  0.103, 254.21,  0.196, 270.58,  0.174, 276.27,  0.209, 273.01,-99.000, -99.00,-99.000, -99.00,-99.000, -99.00,-99.000, -99.00,
9/2/2006 14:40:00, 11.8,275.8,  0.6,  3.4, 18.943, 29.35,  0.0,  0.0,  0.134,   0.00,  0.153, 332.26,  0.181, 306.68,  0.154, 344.52,  0.210, 303.16,  0.120, 305.82,  0.185, 307.30,  0.217, 311.46,  0.096, 344.95,  0.113, 281.21,  0.158, 286.94,  0.208, 281.96,  0.249, 292.96,  0.224, 270.51,  0.243, 283.58,  0.165, 267.57,-99.000, -99.00,-99.000, -99.00,-99.000, -99.00,-99.000, -99.00,
9/2/2006 14:45:00, 11.8,275.8,  0.6,  3.4, 18.933, 29.35,  0.0,  0.0,  0.085, 298.66,  0.089, 319.54,  0.204, 339.08,  0.078, 296.57,  0.158, 347.55,  0.161, 349.60,  0.190, 328.31,  0.253, 337.69,  0.197, 335.39,  0.184, 303.69,  0.181, 299.82,  0.168, 287.35,  0.173, 277.29,  0.187, 266.63,  0.144, 281.23,  0.195, 264.99,-99.000, -99.00,-99.000, -99.00,-99.000, -99.00,-99.000, -99.00,
9/2/2006 14:50:00, 11.8,275.8,  0.6,  3.4, 18.935, 29.36,  0.0,  0.0,  0.113,  16.99,  0.189, 322.52,  0.100, 330.61,  0.062, 285.82,  0.068, 342.10,  0.136, 341.57,  0.170, 350.87,  0.136, 351.09,  0.204, 312.22,  0.120, 294.64,  0.093, 299.05,  0.097, 298.42,  0.221, 277.29,  0.228, 275.29,  0.217, 267.36,  0.273, 287.04,-99.000, -99.00,-99.000, -99.00,-99.000, -99.00,-99.000, -99.00,
9/2/2006 14:55:00, 11.8,275.8,  0.6,  3.4, 18.949, 29.37,  0.0,  0.0,  0.080, 329.90,  0.165, 310.56,  0.219, 341.32,  0.146, 346.92,  0.117, 335.84,  0.079, 359.27,  0.145, 343.19,  0.161, 329.28,  0.236, 318.61,  0.188, 311.99,  0.156, 304.30,  0.203, 287.81,  0.213, 259.17,  0.238, 253.62,  0.198, 255.68,  0.158, 265.27,-99.000, -99.00,-99.000, -99.00,-99.000, -99.00,-99.000, -99.00,
9/2/2006 15:00:00, 11.8,275.8,  0.6,  3.4, 18.952, 29.38,  0.0,  0.0,  0.168, 338.33,  0.127, 317.54,  0.188, 344.93,  0.177, 307.19,  0.174, 288.75,  0.197, 326.79,  0.249, 345.13,  0.268,   1.07,  0.349, 337.99,  0.299, 334.64,  0.285, 310.17,  0.187, 309.57,  0.190, 312.86,  0.183, 318.11,  0.218, 291.51,  0.199, 273.74,-99.000, -99.00,-99.000, -99.00,-99.000, -99.00,-99.000, -99.00,
9/2/2006 15:05:00, 11.8,275.8,  0.6,  3.4, 18.959, 29.39,  0.0,  0.0,  0.126, 312.43,  0.228, 323.38,  0.243, 307.30,  0.285, 338.20,  0.217, 338.89,  0.195, 309.17,  0.228, 293.53,  0.179, 302.89,  0.155, 285.74,  0.129, 293.37,  0.146, 309.15,  0.180, 267.77,  0.160, 257.01,  0.274, 256.72,  0.265, 258.69,  0.216, 235.20,-99.000, -99.00,-99.000, -99.00,-99.000, -99.00,-99.000, -99.00,
9/2/2006 15:10:00, 11.8,275.7,  0.6,  3.4, 18.958, 29.40,  0.0,  0.0,  0.161, 350.36,  0.137,  26.00,  0.214,   1.34,  0.148,  14.51,  0.109, 348.38,  0.216, 328.44,  0.204, 335.07,  0.143, 326.09,  0.172, 351.96,  0.135, 342.77,  0.092, 346.12,  0.183, 317.22,  0.161, 310.22,  0.267, 293.20,  0.115, 286.70,  0.154, 249.10,-99.000, -99.00,-99.000, -99.00,-99.000, -99.00,-99.000, -99.00,
9/2/2006 15:15:00, 11.8,275.8,  0.6,  3.4, 18.972, 29.42,  0.0,  0.0,  0.114, 316.07,  0.130, 334.42,  0.183, 340.18,  0.191, 322.65,  0.170, 333.13,  0.165, 322.64,  0.152, 304.84,  0.055, 348.49,  0.064, 332.24,  0.085, 331.34,  0.102, 327.40,  0.148, 297.78,  0.228, 294.09,  0.203, 305.97,  0.109, 296.80,  0.137, 262.05,-99.000, -99.00,-99.000, -99.00,-99.000, -99.00,-99.000, -99.00,
9/2/2006 15:20:00, 11.8,275.8,  0.6,  3.4, 18.972, 29.42,  0.0,  0.0,  0.156, 350.06,  0.262, 331.97,  0.170,  15.67,  0.214, 336.31,  0.210, 320.02,  0.169, 331.31,  0.185, 320.47,  0.111, 344.84,  0.193, 329.44,  0.213, 345.90,  0.263, 317.32,  0.245, 308.88,  0.199, 303.13,  0.219, 297.15,  0.159, 297.37,  0.189, 271.82,-99.000, -99.00,-99.000, -99.00,-99.000, -99.00,-99.000, -99.00,
9/2/2006 15:25:00, 11.8,275.8,  0.6,  3.4, 18.971, 29.43,  0.0,  0.0,  0.083, 328.80,  0.195, 322.07,  0.202, 347.69,  0.162, 310.75,  0.196, 280.91,  0.203, 316.80,  0.212, 309.46,  0.199, 296.95,  0.166, 268.27,  0.150, 298.61,  0.200, 274.88,  0.201, 269.43,  0.173, 297.60,  0.221, 276.23,  0.210, 285.76,  0.193, 266.44,-99.000, -99.00,-99.000, -99.00,-99.000, -99.00,-99.000, -99.00,
9/2/2006 15:30:00, 11.8,275.9,  0.6,  3.4, 18.967, 29.43,  0.0,  0.0,  0.215, 297.40,  0.182, 333.15,  0.126, 335.07,  0.145, 288.94,  0.119, 335.16,  0.181, 301.67,  0.122, 294.25,  0.099, 292.66,  0.132, 284.04,  0.167, 289.63,  0.215, 304.95,  0.247, 292.83,  0.341, 283.75,  0.195, 277.96,  0.254, 278.16,  0.248, 280.95,-99.000, -99.00,-99.000, -99.00,-99.000, -99.00,-99.000, -99.00,
9/2/2006 15:35:00, 11.8,275.8,  0.6,  3.4, 18.975, 29.43,  0.0,  0.0,  0.144, 338.79,  0.130, 308.45,  0.125, 338.37,  0.166, 328.03,  0.214, 347.85,  0.132, 330.90,  0.139, 337.66,  0.130, 340.73,  0.141, 289.08,  0.112, 276.68,  0.068, 273.37,  0.159, 277.21,  0.174, 248.44,  0.211, 264.29,  0.197, 273.49,  0.132, 234.87,-99.000, -99.00,-99.000, -99.00,-99.000, -99.00,-99.000, -99.00,
9/2/2006 15:40:00, 11.8,275.7,  0.6,  3.4, 18.972, 29.44,  0.0,  0.0,  0.241, 324.46,  0.179,   7.05,  0.180, 336.43,  0.098, 344.54,  0.101, 334.20,  0.171, 320.71,  0.113, 331.39,  0.159, 306.80,  0.202, 295.55,  0.174, 269.34,  0.167, 270.34,  0.225, 276.37,  0.142, 269.60,  0.169, 276.79,  0.170, 274.37,  0.130, 234.36,-99.000, -99.00,-99.000, -99.00,-99.000, -99.00,-99.000, -99.00,
9/2/2006 15:45:00, 11.8,275.8,  0.6,  3.4, 18.973, 29.44,  0.0,  0.0,  0.172, 354.65,  0.172,   1.67,  0.184, 336.64,  0.138,   1.25,  0.086,  12.09,  0.085, 302.57,  0.100, 318.65,  0.168, 297.63,  0.170, 293.55,  0.178, 292.52,  0.179, 310.01,  0.174, 305.88,  0.210, 290.08,  0.158, 264.90,  0.194, 275.62,  0.178, 261.92,-99.000, -99.00,-99.000, -99.00,-99.000, -99.00,-99.000, -99.00,
9/2/2006 15:50:00, 11.8,275.8,  0.6,  3.4, 18.968, 29.45,  0.0,  0.0,  0.148, 325.45,  0.164, 329.52,  0.168, 322.99,  0.091, 321.24,  0.130,   7.07,  0.192, 337.04,  0.208, 333.06,  0.241, 305.73,  0.239, 297.64,  0.243, 297.93,  0.271, 295.34,  0.170, 283.30,  0.164, 277.69,  0.230, 245.89,  0.256, 258.30,  0.203, 275.09,-99.000, -99.00,-99.000, -99.00,-99.000, -99.00,-99.000, -99.00,
9/2/2006 15:55:00, 11.8,275.8,  0.6,  3.4, 18.976, 29.45,  0.0,  0.0,  0.140, 353.43,  0.134, 328.09,  0.199, 324.40,  0.227, 322.52,  0.138, 327.46,  0.095, 327.48,  0.100, 306.07,  0.133, 321.41,  0.125, 315.97,  0.137, 296.38,  0.177, 289.87,  0.173, 294.94,  0.133, 278.19,  0.219, 266.86,  0.225, 282.06,  0.255, 268.88,-99.000, -99.00,-99.000, -99.00,-99.000, -99.00,-99.000, -99.00,
9/2/2006 16:00:00, 11.8,276.0,  0.6,  3.4, 18.962, 29.45,  0.0,  0.0,  0.139, 342.35,  0.162, 319.74,  0.193, 322.77,  0.141, 337.07,  0.169, 331.77,  0.130, 323.75,  0.158, 316.02,  0.073, 326.09,  0.085, 309.72,  0.142, 305.26,  0.170, 268.32,  0.089, 306.36,  0.214, 293.45,  0.272, 280.36,  0.269, 287.29,  0.277, 277.46,-99.000, -99.00,-99.000, -99.00,-99.000, -99.00,-99.000, -99.00,
9/2/2006 16:05:00, 11.8,275.8,  0.6,  3.4, 18.965, 29.46,  0.0,  0.0,  0.187, 332.20,  0.180, 346.50,  0.185, 344.01,  0.138, 325.96,  0.198, 303.45,  0.165, 325.15,  0.216, 333.55,  0.101, 338.51,  0.205, 352.98,  0.111, 319.40,  0.104, 317.73,  0.171, 293.42,  0.177, 291.20,  0.166, 275.19,  0.198, 291.91,  0.201, 299.11,-99.000, -99.00,-99.000, -99.00,-99.000, -99.00,-99.000, -99.00,
9/2/2006 16:10:00, 11.8,275.7,  0.6,  3.4, 18.961, 29.46,  0.0,  0.0,  0.116, 354.54,  0.209, 349.55,  0.069,   0.00,  0.120, 324.46,  0.145, 350.47,  0.119, 327.38,  0.087, 316.40,  0.102, 311.82,  0.153, 323.50,  0.165, 329.87,  0.125, 318.56,  0.089, 284.35,  0.167, 245.90,  0.169, 251.67,  0.242, 280.71,  0.156, 263.01,-99.000, -99.00,-99.000, -99.00,-99.000, -99.00,-99.000, -99.00,
9/2/2006 16:15:00, 11.8,275.9,  0.6,  3.4, 18.982, 29.46,  0.0,  0.0,  0.111, 300.96,  0.044, 342.80,  0.156,   4.40,  0.186, 328.61,  0.153, 331.42,  0.154, 301.73,  0.100, 314.19,  0.173, 311.72,  0.173, 357.68,  0.162, 329.64,  0.165, 305.62,  0.235, 302.47,  0.302, 291.98,  0.227, 281.16,  0.196, 277.92,  0.101, 271.70,-99.000, -99.00,-99.000, -99.00,-99.000, -99.00,-99.000, -99.00,
9/2/2006 16:20:00, 11.8,275.9,  0.6,  3.4, 18.974, 29.45,  0.0,  0.0,  0.020,  81.47,  0.108, 278.50,  0.121, 329.61,  0.181, 317.68,  0.068, 328.17,  0.030, 325.78,  0.040, 270.00,  0.099, 274.62,  0.114, 282.69,  0.070, 288.43,  0.087, 278.60,  0.125, 270.00,  0.119, 296.57,  0.084, 272.73,  0.171, 283.22,  0.221, 253.70,-99.000, -99.00,-99.000, -99.00,-99.000, -99.00,-99.000, -99.00,
9/2/2006 16:25:00, 11.8,275.7,  0.6,  3.4, 18.993, 29.37,  0.0,  0.0,  0.014, 278.13,  0.064, 278.13,  0.139, 319.67,  0.052, 358.90,  0.150, 346.52,  0.186, 337.29,  0.101, 339.78,  0.126, 335.67,  0.126, 302.05,  0.131, 292.85,  0.167, 299.32,  0.201, 280.30,  0.197, 302.80,  0.246, 288.21,  0.209, 296.08,  0.144, 269.60,-99.000, -99.00,-99.000, -99.00,-99.000, -99.00,-99.000, -99.00,
9/2/2006 16:30:00, 11.8,275.8,  0.6,  3.4, 18.995, 29.26,  0.0,  0.0,  0.080, 203.67,  0.039, 324.29,  0.133, 292.12,  0.128, 320.71,  0.194, 331.72,  0.125, 324.41,  0.158, 333.76,  0.084, 277.55,  0.104, 255.56,  0.132, 273.90,  0.162, 245.97,  0.226, 274.83,  0.170, 274.74,  0.187, 273.06,  0.206, 272.78,  0.235, 253.95,-99.000, -99.00,-99.000, -99.00,-99.000, -99.00,-99.000, -99.00,
9/2/2006 16:35:00, 11.8,275.7,  0.6,  3.4, 19.006, 29.17,  0.0,  0.0,  0.081,  27.82,  0.061, 279.46,  0.115, 318.16,  0.245, 327.35,  0.094, 334.80,  0.097, 320.88,  0.118, 302.88,  0.140, 316.16,  0.086, 284.20,  0.069, 286.86,  0.155, 299.88,  0.121, 296.57,  0.032,  34.70,  0.042,  16.70,  0.021,  50.91,  0.026, 195.64,-99.000, -99.00,-99.000, -99.00,-99.000, -99.00,-99.000, -99.00,
9/2/2006 16:40:00, 11.8,275.9,  0.6,  3.4, 19.010, 29.11,  0.0,  0.0,  0.154, 240.76,  0.192, 299.37,  0.091, 321.24,  0.110,  24.23,  0.119, 335.16,  0.159, 270.36,  0.072, 312.75,  0.009, 198.43,  0.071, 297.65,  0.105, 306.87,  0.177, 278.13,  0.220, 293.54,  0.136, 278.01,  0.149, 280.86,  0.136, 295.25,  0.238, 280.65,-99.000, -99.00,-99.000, -99.00,-99.000, -99.00,-99.000, -99.00,
9/2/2006 16:45:00, 11.8,275.8,  0.6,  3.4, 19.012, 29.07,  0.0,  0.0,  0.101, 199.16,  0.064, 233.31,  0.148, 304.55,  0.102, 294.81,  0.080, 322.13,  0.135, 302.63,  0.160, 272.86,  0.186, 307.79,  0.152, 292.85,  0.075, 299.65,  0.185, 295.60,  0.248, 293.56,  0.251, 294.01,  0.216, 292.89,  0.226, 296.23,  0.173, 285.40,-99.000, -99.00,-99.000, -99.00,-99.000, -99.00,-99.000, -99.00,
9/2/2006 16:50:00, 11.8,275.9,  0.6,  3.4, 19.012, 29.04,  0.0,  0.0,  0.144, 243.61,  0.002,  90.00,  0.108, 342.74,  0.183, 280.70,  0.198, 305.77,  0.142, 299.45,  0.156, 311.36,  0.121, 277.13,  0.186, 297.95,  0.125, 295.13,  0.212, 278.13,  0.178, 268.71,  0.189, 282.50,  0.192, 265.81,  0.128, 280.34,  0.195, 266.77,-99.000, -99.00,-99.000, -99.00,-99.000, -99.00,-99.000, -99.00,
9/2/2006 16:55:00, 11.8,275.8,  0.6,  3.4, 19.008, 29.02,  0.0,  0.0,  0.076, 247.50,  0.061, 270.94,  0.085, 285.67,  0.153, 275.26,  0.088, 295.69,  0.060, 301.29,  0.189, 279.11,  0.121, 289.33,  0.171, 281.44,  0.117, 270.00,  0.196, 291.86,  0.179, 261.01,  0.244, 274.47,  0.204, 271.68,  0.226, 275.08,  0.108, 232.50,-99.000, -99.00,-99.000, -99.00,-99.000, -99.00,-99.000, -99.00,
9/2/2006 17:00:00, 11.8,275.7,  0.6,  3.4, 18.995, 29.01,  0.0,  0.0,  0.048, 240.26,  0.126, 287.14,  0.140, 289.21,  0.125, 336.92,  0.091, 319.47,  0.185, 308.42,  0.177, 303.69,  0.127, 290.71,  0.128, 294.56,  0.167, 271.37,  0.160, 264.61,  0.227, 294.42,  0.295, 280.93,  0.238, 270.96,  0.117, 291.53,  0.130, 261.12,-99.000, -99.00,-99.000, -99.00,-99.000, -99.00,-99.000, -99.00,
9/2/2006 17:05:00, 11.8,275.8,  0.6,  3.4, 19.002, 29.00,  0.0,  0.0,  0.104, 189.37,  0.040, 358.57,  0.068, 279.32,  0.100, 270.57,  0.076, 307.02,  0.127, 312.46,  0.105, 346.76,  0.106, 299.95,  0.144, 290.70,  0.147, 297.09,  0.184, 280.33,  0.248, 278.10,  0.207, 290.98,  0.198, 282.22,  0.201, 290.96,  0.145, 275.95,-99.000, -99.00,-99.000, -99.00,-99.000, -99.00,-99.000, -99.00,
9/2/2006 17:10:00, 11.8,275.8,  0.6,  3.4, 19.001, 29.00,  0.0,  0.0,  0.058, 218.66,  0.092, 236.14,  0.073, 235.01,  0.107, 255.45,  0.123, 269.07,  0.127, 289.71,  0.067, 335.34,  0.090, 265.55,  0.138, 269.17,  0.083, 269.31,  0.125, 253.30,  0.145, 272.76,  0.104, 258.37,  0.145, 250.19,  0.101, 276.84,  0.115, 277.00,-99.000, -99.00,-99.000, -99.00,-99.000, -99.00,-99.000, -99.00,
9/2/2006 17:15:00, 11.8,275.9,  0.6,  3.4, 19.006, 29.01,  0.0,  0.0,  0.037, 268.45,  0.107, 218.91,  0.077, 277.50,  0.045,   3.81,  0.009,  35.54,  0.093, 322.88,  0.144, 302.81,  0.188, 281.67,  0.116, 283.44,  0.163, 270.00,  0.224, 271.79,  0.182, 278.84,  0.337, 284.24,  0.213, 284.10,  0.188, 292.20,  0.108, 285.07,-99.000, -99.00,-99.000, -99.00,-99.000, -99.00,-99.000, -99.00,
9/2/2006 17:20:00, 11.8,275.7,  0.6,  3.4, 19.000, 29.01,  0.0,  0.0,  0.158, 196.59,  0.020, 182.86,  0.041,  19.75,  0.070, 300.96,  0.070, 274.90,  0.161, 332.32,  0.196, 294.47,  0.148, 284.04,  0.110, 248.10,  0.110, 254.70,  0.179, 294.84,  0.215, 275.34,  0.163, 266.49,  0.245, 257.27,  0.198, 270.58,  0.163, 261.17,-99.000, -99.00,-99.000, -99.00,-99.000, -99.00,-99.000, -99.00,
9/2/2006 17:25:00, 11.8,275.8,  0.6,  3.4, 18.987, 29.00,  0.0,  0.0,  0.119, 154.52,  0.058, 229.18,  0.069, 136.17,  0.115, 322.43,  0.191, 328.06,  0.112, 316.80,  0.063, 264.56,  0.121, 303.16,  0.183, 288.43,  0.150, 263.11,  0.166, 280.77,  0.224, 272.56,  0.188, 267.26,  0.127, 282.28,  0.172, 283.47,  0.124, 234.52,-99.000, -99.00,-99.000, -99.00,-99.000, -99.00,-99.000, -99.00,
9/2/2006 17:30:00, 11.8,275.8,  0.6,  3.4, 19.003, 28.99,  0.0,  0.0,  0.083, 116.57,  0.044, 193.09,  0.077, 353.25,  0.034, 344.74,  0.012, 145.01,  0.072, 280.38,  0.219, 270.26,  0.062, 261.61,  0.128, 270.45,  0.143, 243.43,  0.160, 254.05,  0.161, 262.12,  0.115, 250.14,  0.140, 279.87,  0.136, 283.22,  0.024, 272.39,-99.000, -99.00,-99.000, -99.00,-99.000, -99.00,-99.000, -99.00,
9/2/2006 17:35:00, 11.8,275.8,  0.6,  3.4, 18.995, 28.99,  0.0,  0.0,  0.104, 142.80,  0.076, 236.31,  0.054, 218.99,  0.049, 225.00,  0.104, 236.00,  0.155, 268.89,  0.106, 233.46,  0.198, 278.42,  0.245, 277.73,  0.230, 268.01,  0.162, 272.12,  0.119, 264.19,  0.100, 273.43,  0.154, 272.23,  0.095, 290.91,  0.108, 184.24,-99.000, -99.00,-99.000, -99.00,-99.000, -99.00,-99.000, -99.00,
9/2/2006 17:40:00, 11.8,275.8,  0.6,  3.4, 18.992, 28.98,  0.0,  0.0,  0.033, 128.93,  0.041, 149.04,  0.047, 215.39,  0.032, 171.12,  0.043, 270.00,  0.040, 270.00,  0.101, 272.83,  0.062, 257.97,  0.051, 265.52,  0.088, 208.61,  0.090, 204.29,  0.098, 222.12,  0.098, 228.70,  0.108, 248.20,  0.063, 266.37,  0.123, 258.23,-99.000, -99.00,-99.000, -99.00,-99.000, -99.00,-99.000, -99.00,
9/2/2006 17:45:00, 11.8,275.7,  0.6,  3.4, 18.989, 28.98,  0.0,  0.0,  0.089, 169.70,  0.128, 228.48,  0.047, 260.13,  0.036, 345.58,  0.102, 296.31,  0.045, 282.80,  0.057, 357.99,  0.086, 206.86,  0.081, 288.66,  0.154, 271.49,  0.134, 260.12,  0.076, 190.57,  0.034, 287.35,  0.093, 238.19,  0.082, 255.96,  0.091, 186.97,-99.000, -99.00,-99.000, -99.00,-99.000, -99.00,-99.000, -99.00,
9/2/2006 17:50:00, 11.8,275.8,  0.6,  3.4, 18.988, 28.97,  0.0,  0.0,  0.043, 279.46,  0.045, 182.54,  0.106, 248.50,  0.053, 230.33,  0.057, 227.86,  0.071, 288.95,  0.097, 238.93,  0.148, 232.98,  0.149, 241.88,  0.124, 256.52,  0.107, 271.07,  0.121, 270.47,  0.106, 280.89,  0.033, 237.26,  0.034, 306.53,  0.059, 151.70,-99.000, -99.00,-99.000, -99.00,-99.000, -99.00,-99.000, -99.00,
9/2/2006 17:55:00, 11.8,275.8,  0.6,  3.4, 18.983, 28.97,  0.0,  0.0,  0.071, 330.55,  0.026, 287.74,  0.089, 202.52,  0.052, 274.40,  0.088, 281.82,  0.079, 231.68,  0.013, 147.53,  0.077, 256.50,  0.163, 273.86,  0.054, 242.49,  0.099, 275.83,  0.079, 241.16,  0.140, 244.54,  0.087, 247.58,  0.025, 323.13,  0.050, 230.63,-99.000, -99.00,-99.000, -99.00,-99.000, -99.00,-99.000, -99.00,
9/2/2006 18:00:00, 11.8,275.8,  0.6,  3.4, 18.983, 28.97,  0.0,  0.0,  0.052,  75.43,  0.084, 173.88,  0.093, 167.60,  0.121, 212.91,  0.041, 252.90,  0.044, 238.13,  0.170, 247.20,  0.139, 250.26,  0.042, 201.04,  0.141, 267.16,  0.120, 259.91,  0.087, 262.06,  0.063, 309.23,  0.096, 260.44,  0.052, 267.80,  0.120, 279.15,-99.000, -99.00,-99.000, -99.00,-99.000, -99.00,-99.000, -99.00,
9/2/2006 18:05:00, 11.8,275.8,  0.6,  3.4, 18.974, 28.97,  0.0,  0.0,  0.013,  12.99,  0.054, 138.01,  0.054, 162.90,  0.053, 178.92,  0.017, 241.93,  0.087, 270.00,  0.109, 276.34,  0.099, 316.64,  0.117, 297.44,  0.148, 307.87,  0.195, 281.54,  0.044, 259.46,  0.134, 246.30,  0.112, 272.05,  0.095, 304.70,  0.033, 223.78,-99.000, -99.00,-99.000, -99.00,-99.000, -99.00,-99.000, -99.00,
9/2/2006 18:10:00, 11.8,275.7,  0.6,  3.4, 18.971, 28.98,  0.0,  0.0,  0.022, 182.60,  0.100, 178.85,  0.040, 140.01,  0.121, 180.95,  0.040, 139.09,  0.112, 268.98,  0.035, 343.61,  0.062, 328.88,  0.061, 263.45,  0.100, 261.38,  0.146, 276.69,  0.172, 276.01,  0.159, 277.57,  0.088, 256.12,  0.058, 300.96,  0.073, 213.91,-99.000, -99.00,-99.000, -99.00,-99.000, -99.00,-99.000, -99.00,
9/2/2006 18:15:00, 11.8,275.9,  0.6,  3.4, 18.977, 28.99,  0.0,  0.0,  0.104, 133.05,  0.083, 110.39,  0.124,  92.77,  0.015, 113.20,  0.043, 115.97,  0.107, 264.08,  0.086, 211.65,  0.123, 269.07,  0.111, 245.05,  0.067, 263.19,  0.141, 265.94,  0.133, 270.00,  0.049, 268.83,  0.072, 320.60,  0.064,  15.33,  0.049, 178.83,-99.000, -99.00,-99.000, -99.00,-99.000, -99.00,-99.000, -99.00,
9/2/2006 18:20:00, 11.8,275.8,  0.6,  3.4, 18.978, 28.97,  0.0,  0.0,  0.050, 103.76,  0.074, 126.71,  0.114, 142.83,  0.086, 250.30,  0.014, 171.87,  0.063, 269.09,  0.095, 258.45,  0.112, 285.03,  0.166, 280.43,  0.151, 279.52,  0.137, 269.58,  0.141, 277.33,  0.131, 289.68,  0.170, 281.18,  0.103, 306.31,  0.122, 216.03,-99.000, -99.00,-99.000, -99.00,-99.000, -99.00,-99.000, -99.00,
9/2/2006 18:25:00, 11.8,275.9,  0.6,  3.4, 18.959, 28.95,  0.0,  0.0,  0.102, 113.79,  0.042,  84.56,  0.022, 357.40,  0.053, 219.67,  0.108, 257.12,  0.115, 240.75,  0.088, 274.55,  0.159, 284.21,  0.046, 285.26,  0.184, 284.49,  0.101, 280.86,  0.086, 307.41,  0.124, 259.32,  0.040, 238.30,  0.115, 270.50,  0.162, 246.29,-99.000, -99.00,-99.000, -99.00,-99.000, -99.00,-99.000, -99.00,
9/2/2006 18:30:00, 11.8,275.8,  0.6,  3.4, 18.967, 28.93,  0.0,  0.0,  0.137,  95.04,  0.029, 195.95,  0.133, 165.65,  0.123,  94.65,  0.053, 128.16,  0.065, 252.96,  0.127, 217.95,  0.066, 270.00,  0.082, 295.94,  0.176, 277.85,  0.169, 258.02,  0.114, 260.37,  0.074, 279.33,  0.141, 288.56,  0.106, 289.80,  0.088, 208.61,-99.000, -99.00,-99.000, -99.00,-99.000, -99.00,-99.000, -99.00,
9/2/2006 18:35:00, 11.8,275.8,  0.6,  3.4, 18.964, 28.92,  0.0,  0.0,  0.190, 110.63,  0.141, 131.26,  0.126, 136.29,  0.114, 194.28,  0.027, 180.00,  0.013, 131.99,  0.041, 274.18,  0.161, 249.32,  0.185, 261.61,  0.143, 248.65,  0.132, 255.12,  0.101, 262.59,  0.101, 292.75,  0.191, 286.07,  0.088, 322.87,  0.060, 180.00,-99.000, -99.00,-99.000, -99.00,-99.000, -99.00,-99.000, -99.00,
9/2/2006 18:40:00, 11.8,275.7,  0.6,  3.4, 18.959, 28.91,  0.0,  0.0,  0.114, 135.36,  0.139, 146.77,  0.090, 150.57,  0.115, 155.43,  0.069, 164.96,  0.054, 155.82,  0.151, 202.65,  0.150, 228.24,  0.064, 250.71,  0.104, 297.55,  0.173, 261.35,  0.117, 240.38,  0.120, 261.40,  0.075, 276.93,  0.098, 281.77,  0.118, 225.34,-99.000, -99.00,-99.000, -99.00,-99.000, -99.00,-99.000, -99.00,
9/2/2006 18:45:00, 11.8,275.7,  0.6,  3.4, 18.954, 28.89,  0.0,  0.0,  0.289, 136.68,  0.220, 120.87,  0.084, 117.79,  0.193, 145.15,  0.038, 151.39,  0.039, 211.22,  0.114, 254.74,  0.129, 227.19,  0.133, 254.29,  0.073, 254.81,  0.114, 274.51,  0.070, 291.04,  0.092, 262.49,  0.097, 290.49,  0.108, 296.33,  0.123, 215.11,-99.000, -99.00,-99.000, -99.00,-99.000, -99.00,-99.000, -99.00,
9/2/2006 18:50:00, 11.8,275.8,  0.6,  3.4, 18.946, 28.88,  0.0,  0.0,  0.160, 103.34,  0.142, 134.14,  0.113, 118.61,  0.126, 100.51,  0.009, 263.66,  0.056, 273.07,  0.099, 222.55,  0.042, 244.65,  0.078, 253.65,  0.045, 221.42,  0.071, 228.43,  0.054, 257.24,  0.069, 286.86,  0.030, 331.70,  0.047,  19.98,  0.120, 225.34,-99.000, -99.00,-99.000, -99.00,-99.000, -99.00,-99.000, -99.00,
9/2/2006 18:55:00, 11.8,275.7,  0.6,  3.4, 18.946, 28.87,  0.0,  0.0,  0.174, 113.33,  0.137, 148.17,  0.216, 122.15,  0.179, 143.39,  0.137, 100.49,  0.089, 108.23,  0.006, 108.43,  0.021, 136.97,  0.060, 211.29,  0.112, 284.53,  0.092, 289.61,  0.094, 288.63,  0.124, 267.69,  0.143, 254.22,  0.092, 276.89,  0.068, 191.80,-99.000, -99.00,-99.000, -99.00,-99.000, -99.00,-99.000, -99.00,
9/2/2006 19:00:00, 11.8,275.9,  0.6,  3.4, 18.936, 28.86,  0.0,  0.0,  0.216, 100.68,  0.187, 131.96,  0.219, 116.57,  0.086, 120.74,  0.048, 149.66,  0.003, 315.00,  0.061,  71.86,  0.113, 261.87,  0.126, 251.42,  0.045, 242.30,  0.068, 218.40,  0.042, 234.78,  0.029, 252.18,  0.052, 259.99,  0.043, 309.29,  0.084, 248.96,-99.000, -99.00,-99.000, -99.00,-99.000, -99.00,-99.000, -99.00,
9/2/2006 19:05:00, 11.8,275.8,  0.6,  3.4, 18.939, 28.85,  0.0,  0.0,  0.148, 118.64,  0.205, 107.90,  0.201, 102.37,  0.193, 146.39,  0.086, 120.16,  0.170, 142.39,  0.080, 152.47,  0.116, 260.05,  0.105, 254.51,  0.066, 245.77,  0.112, 253.98,  0.070, 270.00,  0.047, 335.06,  0.013,   0.00,  0.107, 339.19,  0.034, 276.71,-99.000, -99.00,-99.000, -99.00,-99.000, -99.00,-99.000, -99.00,
9/2/2006 19:10:00, 11.8,275.8,  0.6,  3.4, 18.937, 28.84,  0.0,  0.0,  0.128, 121.58,  0.122, 115.73,  0.149, 123.80,  0.105, 149.78,  0.139, 177.53,  0.081, 195.75,  0.066, 226.22,  0.051, 217.78,  0.085, 237.43,  0.163, 240.12,  0.152, 267.36,  0.060, 312.98,  0.049, 312.51,  0.023, 282.80,  0.045, 321.34,  0.107, 246.31,-99.000, -99.00,-99.000, -99.00,-99.000, -99.00,-99.000, -99.00,
9/2/2006 19:15:00, 11.8,275.8,  0.6,  3.4, 18.942, 28.83,  0.0,  0.0,  0.226, 120.66,  0.196, 116.96,  0.215, 123.62,  0.220, 138.13,  0.136, 154.19,  0.111, 201.71,  0.128, 180.45,  0.080, 177.14,  0.081, 166.48,  0.093, 209.59,  0.110, 273.64,  0.035, 325.41,  0.067, 355.73,  0.055,   4.16,  0.088,  50.53,  0.019, 325.49,-99.000, -99.00,-99.000, -99.00,-99.000, -99.00,-99.000, -99.00,
9/2/2006 19:20:00, 11.8,275.8,  0.6,  3.4, 18.924, 28.83,  0.0,  0.0,  0.277, 125.30,  0.226, 108.03,  0.298, 141.55,  0.186, 149.57,  0.173, 155.80,  0.125, 158.96,  0.135, 194.55,  0.167, 175.18,  0.110, 193.66,  0.049, 196.59,  0.057, 201.61,  0.044, 234.16,  0.014, 245.22,  0.030, 199.65,  0.051, 304.62,  0.055, 211.68,-99.000, -99.00,-99.000, -99.00,-99.000, -99.00,-99.000, -99.00,
9/2/2006 19:25:00, 11.8,275.7,  0.6,  3.4, 18.930, 28.83,  0.0,  0.0,  0.250, 118.41,  0.187, 136.30,  0.306, 125.30,  0.239, 148.50,  0.093, 180.62,  0.197, 166.53,  0.121, 162.76,  0.054, 201.80,  0.091, 196.64,  0.031,  91.85,  0.028, 100.12,  0.060, 265.24,  0.082, 263.74,  0.037, 184.64,  0.019, 137.12,  0.084, 229.84,-99.000, -99.00,-99.000, -99.00,-99.000, -99.00,-99.000, -99.00,
9/2/2006 19:30:00, 11.8,275.8,  0.6,  3.4, 18.916, 28.83,  0.0,  0.0,  0.229, 133.59,  0.257, 129.32,  0.164, 107.77,  0.171, 178.99,  0.120, 161.57,  0.147, 168.23,  0.144, 184.76,  0.113, 209.05,  0.071, 261.87,  0.018, 350.54,  0.068, 312.61,  0.054, 306.66,  0.045, 312.27,  0.086, 315.94,  0.072,   3.18,  0.111, 204.49,-99.000, -99.00,-99.000, -99.00,-99.000, -99.00,-99.000, -99.00,
9/2/2006 19:35:00, 11.8,275.7,  0.6,  3.4, 18.918, 28.83,  0.0,  0.0,  0.187,  96.44,  0.196, 118.00,  0.155,  89.63,  0.223, 105.35,  0.059, 139.82,  0.115, 116.34,  0.093, 138.93,  0.105, 169.01,  0.040, 147.09,  0.068,  64.57,  0.065, 342.96,  0.059,  99.78,  0.029, 210.96,  0.024,  60.26,  0.085, 302.57,  0.078, 232.84,-99.000, -99.00,-99.000, -99.00,-99.000, -99.00,-99.000, -99.00,
9/2/2006 19:40:00, 11.8,275.8,  0.6,  3.4, 18.908, 28.84,  0.0,  0.0,  0.218, 119.03,  0.195,  99.46,  0.191, 103.31,  0.163, 125.54,  0.177, 105.77,  0.183, 125.43,  0.121, 148.55,  0.112, 169.19,  0.019, 154.80,  0.048, 290.70,  0.030,   5.71,  0.017,  79.99,  0.030,  25.71,  0.051, 294.08,  0.109, 279.46,  0.056, 263.88,-99.000, -99.00,-99.000, -99.00,-99.000, -99.00,-99.000, -99.00,
9/2/2006 19:45:00, 11.8,275.8,  0.6,  3.4, 18.899, 28.85,  0.0,  0.0,  0.257, 131.69,  0.237, 129.87,  0.220, 125.93,  0.197, 132.74,  0.208, 118.41,  0.180, 130.50,  0.137, 165.15,  0.117, 175.11,  0.132, 102.67,  0.039, 239.53,  0.120, 148.95,  0.027, 109.80,  0.030, 325.78,  0.023,   7.43,  0.015,  28.30,  0.027, 184.24,-99.000, -99.00,-99.000, -99.00,-99.000, -99.00,-99.000, -99.00,
9/2/2006 19:50:00, 11.8,275.9,  0.6,  3.4, 18.901, 28.86,  0.0,  0.0,  0.190, 120.34,  0.195, 111.04,  0.251, 126.73,  0.214, 117.52,  0.187, 133.92,  0.248, 119.46,  0.102, 134.20,  0.041, 142.00,  0.027, 121.33,  0.053, 207.05,  0.020,  95.71,  0.043, 300.74,  0.051, 337.99,  0.080, 305.29,  0.048, 304.02,  0.057, 220.71,-99.000, -99.00,-99.000, -99.00,-99.000, -99.00,-99.000, -99.00,
9/2/2006 19:55:00, 11.8,275.8,  0.6,  3.4, 18.893, 28.87,  0.0,  0.0,  0.214, 111.90,  0.175, 138.94,  0.245, 113.11,  0.175, 101.18,  0.105, 106.02,  0.091, 147.53,  0.102, 155.70,  0.086, 196.96,  0.089, 221.79,  0.043, 194.68,  0.085,  92.69,  0.040, 200.73,  0.013, 188.75,  0.010, 281.31,  0.037,  47.20,  0.073, 195.95,-99.000, -99.00,-99.000, -99.00,-99.000, -99.00,-99.000, -99.00,
9/2/2006 20:00:00, 11.8,275.8,  0.6,  3.4, 18.894, 28.89,  0.0,  0.0,  0.218, 121.14,  0.049, 135.00,  0.185, 112.95,  0.214, 131.59,  0.189, 124.45,  0.181, 133.21,  0.094, 161.95,  0.090, 119.98,  0.072,  75.58,  0.053,  85.68,  0.031, 204.90,  0.009, 206.57,  0.040,  11.59,  0.017, 159.44,  0.037, 288.92,  0.059, 222.27,-99.000, -99.00,-99.000, -99.00,-99.000, -99.00,-99.000, -99.00,
9/2/2006 20:05:00, 11.8,275.8,  0.6,  3.4, 18.888, 28.89,  0.0,  0.0,  0.110, 110.25,  0.147, 154.13,  0.178, 127.26,  0.086, 176.01,  0.188, 147.83,  0.129, 156.80,  0.134, 122.50,  0.110, 141.99,  0.091, 106.03,  0.083,  57.26,  0.073, 102.70,  0.043, 224.06,  0.078, 267.06,  0.048, 289.57,  0.048,  39.04,  0.098, 176.50,-99.000, -99.00,-99.000, -99.00,-99.000, -99.00,-99.000, -99.00,
9/2/2006 20:10:00, 11.8,275.7,  0.6,  3.4, 18.879, 28.90,  0.0,  0.0,  0.168, 119.62,  0.183,  97.20,  0.197, 113.70,  0.144, 113.36,  0.213, 102.47,  0.160, 104.82,  0.126, 111.89,  0.093, 120.43,  0.099, 111.91,  0.080, 110.47,  0.035, 168.37,  0.045, 168.44,  0.089, 158.32,  0.075, 230.39,  0.074, 317.73,  0.080, 230.10,-99.000, -99.00,-99.000, -99.00,-99.000, -99.00,-99.000, -99.00,
9/2/2006 20:15:00, 11.8,275.7,  0.6,  3.4, 18.864, 28.93,  0.0,  0.0,  0.167, 122.55,  0.219, 118.32,  0.257, 133.74,  0.247,  96.03,  0.139, 111.95,  0.120, 166.54,  0.097, 127.46,  0.084, 113.20,  0.099, 110.08,  0.150, 114.00,  0.083,  76.80,  0.051, 348.69,  0.014, 294.78,  0.033, 217.57,  0.062, 312.40,  0.033, 313.78,-99.000, -99.00,-99.000, -99.00,-99.000, -99.00,-99.000, -99.00,
9/2/2006 20:20:00, 11.8,275.8,  0.6,  3.4, 18.865, 28.95,  0.0,  0.0,  0.127, 134.04,  0.106, 107.06,  0.247, 116.46,  0.304, 124.42,  0.176, 108.54,  0.128, 100.78,  0.078,  77.39,  0.034, 105.26,  0.060, 124.76,  0.064,  98.13,  0.055, 277.25,  0.040, 267.14,  0.010, 209.05,  0.071, 180.00,  0.030, 150.02,  0.039, 226.04,-99.000, -99.00,-99.000, -99.00,-99.000, -99.00,-99.000, -99.00,
9/2/2006 20:25:00, 11.8,275.8,  0.6,  3.4, 18.864, 28.97,  0.0,  0.0,  0.122, 116.77,  0.223, 100.86,  0.100,  77.91,  0.169, 107.58,  0.273, 114.22,  0.155, 102.69,  0.117, 123.83,  0.172, 138.06,  0.139, 135.29,  0.054, 192.76,  0.035, 168.37,  0.099, 141.16,  0.073, 153.08,  0.067, 150.36,  0.032, 284.47,  0.089, 222.27,-99.000, -99.00,-99.000, -99.00,-99.000, -99.00,-99.000, -99.00,
9/2/2006 20:30:00, 11.8,275.8,  0.6,  3.4, 18.856, 28.98,  0.0,  0.0,  0.086,  59.26,  0.147,  67.62,  0.174, 115.10,  0.261, 125.64,  0.221, 100.70,  0.153, 129.42,  0.100, 150.61,  0.152, 153.43,  0.067, 122.28,  0.131, 120.29,  0.058, 105.00,  0.061, 181.88,  0.076, 112.50,  0.106, 109.29,  0.100, 102.65,  0.047, 176.35,-99.000, -99.00,-99.000, -99.00,-99.000, -99.00,-99.000, -99.00,
9/2/2006 20:35:00, 11.8,275.8,  0.6,  3.4, 18.853, 28.99,  0.0,  0.0,  0.075,   4.57,  0.075, 334.80,  0.048, 105.78,  0.125,  51.84,  0.094,  72.72,  0.095, 114.94,  0.079, 174.22,  0.093, 127.61,  0.114, 171.44,  0.127, 196.87,  0.054, 225.00,  0.109, 144.71,  0.050, 149.83,  0.041,  94.18,  0.090, 231.34,  0.185, 242.60,-99.000, -99.00,-99.000, -99.00,-99.000, -99.00,-99.000, -99.00,
9/2/2006 20:40:00, 11.8,275.7,  0.6,  3.4, 18.849, 29.00,  0.0,  0.0,  0.053, 238.11,  0.071, 130.43,  0.092,  20.41,  0.146,  57.29,  0.117,  48.12,  0.032, 171.12,  0.031,  47.60,  0.031, 165.07,  0.097, 193.17,  0.030, 287.24,  0.057, 195.26,  0.076, 236.31,  0.064, 209.74,  0.105, 178.91,  0.060, 213.42,  0.101, 139.03,-99.000, -99.00,-99.000, -99.00,-99.000, -99.00,-99.000, -99.00,
9/2/2006 20:45:00, 11.8,275.9,  0.6,  3.4, 18.844, 29.02,  0.0,  0.0,  0.148, 301.76,  0.078, 215.11,  0.150, 268.47,  0.012, 221.63,  0.098, 206.57,  0.083,  99.69,  0.098, 104.18,  0.090, 159.96,  0.006, 218.66,  0.028, 239.74,  0.031, 166.87,  0.046, 161.18,  0.118, 168.31,  0.124, 205.74,  0.118, 228.08,  0.111, 222.45,-99.000, -99.00,-99.000, -99.00,-99.000, -99.00,-99.000, -99.00,
9/2/2006 20:50:00, 11.8,275.7,  0.6,  3.4, 18.845, 29.03,  0.0,  0.0,  0.132,   3.90,  0.021, 330.95,  0.062,   3.69,  0.054, 151.05,  0.077,  81.03,  0.114,  78.40,  0.080, 112.73,  0.065, 188.88,  0.052, 138.92,  0.080, 167.70,  0.054, 207.51,  0.036, 226.12,  0.065, 234.36,  0.094, 280.47,  0.085, 310.24,  0.051, 297.07,-99.000, -99.00,-99.000, -99.00,-99.000, -99.00,-99.000, -99.00,
9/2/2006 20:55:00, 11.8,275.8,  0.6,  3.4, 18.844, 29.03,  0.0,  0.0,  0.210, 338.81,  0.168, 347.29,  0.047,  14.93,  0.138, 357.51,  0.145,  17.19,  0.271, 353.43,  0.193, 352.84,  0.105, 338.10,  0.063, 355.46,  0.046, 294.34,  0.047, 283.45,  0.044, 145.22,  0.024, 128.29,  0.031, 199.03,  0.048, 286.93,  0.087, 250.52,-99.000, -99.00,-99.000, -99.00,-99.000, -99.00,-99.000, -99.00,
9/2/2006 21:00:00, 11.8,275.8,  0.6,  3.4, 18.838, 29.02,  0.0,  0.0,  0.131, 342.67,  0.080, 352.79,  0.143, 347.04,  0.158, 347.98,  0.147,   4.67,  0.059,  21.80,  0.069,   3.32,  0.030, 358.09,  0.069,  94.97,  0.057,   7.00,  0.017, 225.00,  0.089, 270.00,  0.163, 319.47,  0.082, 302.52,  0.032, 291.80,  0.171, 251.99,-99.000, -99.00,-99.000, -99.00,-99.000, -99.00,-99.000, -99.00,
9/2/2006 21:05:00, 11.8,275.7,  0.6,  3.4, 18.836, 29.01,  0.0,  0.0,  0.108, 303.69,  0.090, 333.72,  0.029, 254.05,  0.075, 345.41,  0.030, 180.00,  0.065, 310.03,  0.080, 279.34,  0.082, 329.39,  0.026, 349.11,  0.078,  72.95,  0.045, 268.73,  0.036,  17.93,  0.062, 314.34,  0.094, 277.96,  0.106, 309.25,  0.125, 301.28,-99.000, -99.00,-99.000, -99.00,-99.000, -99.00,-99.000, -99.00,
9/2/2006 21:10:00, 11.8,275.8,  0.6,  3.4, 18.835, 29.01,  0.0,  0.0,  0.051, 318.18,  0.060,  49.09,  0.027, 296.57,  0.035,  86.73,  0.012,  85.24,  0.103, 356.11,  0.047, 352.72,  0.037, 344.48,  0.053, 308.83,  0.009,  12.53,  0.067,  16.53,  0.024,   0.00,  0.120,  39.93,  0.104, 312.27,  0.067, 311.35,  0.072, 312.75,-99.000, -99.00,-99.000, -99.00,-99.000, -99.00,-99.000, -99.00,
9/2/2006 21:15:00, 11.8,275.8,  0.6,  3.4, 18.831, 29.00,  0.0,  0.0,  0.042,  31.43,  0.108, 268.41,  0.086, 255.15,  0.061,  92.82,  0.044, 328.13,  0.062, 318.90,  0.100,   8.05,  0.073, 325.01,  0.031,  37.23,  0.035,  50.83,  0.042, 340.71,  0.078, 333.43,  0.086,  16.13,  0.097, 349.27,  0.191, 323.31,  0.098, 271.17,-99.000, -99.00,-99.000, -99.00,-99.000, -99.00,-99.000, -99.00,
9/2/2006 21:20:00, 11.8,275.7,  0.6,  3.4, 18.824, 29.00,  0.0,  0.0,  0.075, 269.24,  0.063, 292.48,  0.047, 118.22,  0.050,   6.84,  0.123, 339.50,  0.174, 307.07,  0.050, 312.58,  0.102, 334.95,  0.077, 349.56,  0.051, 349.80,  0.095, 319.27,  0.095, 341.57,  0.113, 347.69,  0.074, 311.19,  0.057, 314.29,  0.043, 311.19,-99.000, -99.00,-99.000, -99.00,-99.000, -99.00,-99.000, -99.00,
9/2/2006 21:25:00, 11.8,275.8,  0.6,  3.4, 18.807, 28.99,  0.0,  0.0,  0.041, 307.15,  0.020,  53.13,  0.087, 328.13,  0.112,   0.00,  0.161,  46.01,  0.211, 344.58,  0.173, 330.91,  0.130, 347.57,  0.143, 319.53,  0.060, 336.43,  0.179, 311.37,  0.140, 333.80,  0.153, 341.68,  0.101,  21.49,  0.108, 309.74,  0.087, 253.24,-99.000, -99.00,-99.000, -99.00,-99.000, -99.00,-99.000, -99.00,
9/2/2006 21:30:00, 11.8,275.8,  0.6,  3.4, 18.806, 28.99,  0.0,  0.0,  0.087,  78.04,  0.074, 342.78,  0.074,   0.77,  0.212, 343.53,  0.191, 341.09,  0.249, 326.12,  0.188, 344.56,  0.161, 349.25,  0.124, 332.61,  0.061, 333.85,  0.074, 262.97,  0.121, 315.34,  0.141, 315.86,  0.136, 299.95,  0.102, 323.35,  0.103, 277.82,-99.000, -99.00,-99.000, -99.00,-99.000, -99.00,-99.000, -99.00,
9/2/2006 21:35:00, 11.8,275.7,  0.6,  3.4, 18.807, 28.99,  0.0,  0.0,  0.205,   0.56,  0.216, 356.82,  0.197,  16.50,  0.142, 354.73,  0.142,  10.12,  0.161, 351.77,  0.089, 341.77,  0.115, 356.02,  0.110, 343.70,  0.137, 344.34,  0.151, 331.57,  0.128, 329.04,  0.155, 306.05,  0.097, 321.25,  0.164, 315.49,  0.073, 270.00,-99.000, -99.00,-99.000, -99.00,-99.000, -99.00,-99.000, -99.00,
9/2/2006 21:40:00, 11.8,275.8,  0.6,  3.4, 18.802, 28.96,  0.0,  0.0,  0.204, 315.99,  0.162, 320.51,  0.238, 350.34,  0.120, 353.29,  0.179, 319.99,  0.116, 325.90,  0.199, 344.29,  0.122, 352.93,  0.188,  10.11,  0.126, 348.51,  0.161, 339.32,  0.127, 340.71,  0.109, 312.03,  0.085, 342.85,  0.176, 320.98,  0.057, 297.01,-99.000, -99.00,-99.000, -99.00,-99.000, -99.00,-99.000, -99.00,
9/2/2006 21:45:00, 11.8,275.8,  0.6,  3.4, 18.794, 28.93,  0.0,  0.0,  0.146,   0.78,  0.185, 346.56,  0.154, 332.94,  0.199, 358.85,  0.170, 345.72,  0.158, 336.18,  0.176, 352.47,  0.209, 341.05,  0.133, 343.34,  0.134,   0.86,  0.022,  10.30,  0.069, 325.62,  0.046, 348.69,  0.099, 336.27,  0.127, 333.84,  0.081, 203.39,-99.000, -99.00,-99.000, -99.00,-99.000, -99.00,-99.000, -99.00,
9/2/2006 21:50:00, 11.8,275.8,  0.6,  3.4, 18.794, 28.91,  0.0,  0.0,  0.154, 357.03,  0.174, 332.55,  0.138, 315.88,  0.252, 319.03,  0.187, 338.37,  0.183, 335.12,  0.150,  12.28,  0.101,   0.00,  0.168, 337.56,  0.167, 347.88,  0.151, 350.48,  0.142, 322.73,  0.105, 352.33,  0.149, 340.84,  0.061, 329.20,  0.140, 253.38,-99.000, -99.00,-99.000, -99.00,-99.000, -99.00,-99.000, -99.00,
9/2/2006 21:55:00, 11.8,275.8,  0.6,  3.4, 18.797, 28.90,  0.0,  0.0,  0.190, 345.38,  0.182, 338.78,  0.193, 335.56,  0.162, 320.01,  0.156,   3.67,  0.150,  13.85,  0.129, 323.22,  0.129, 336.80,  0.152, 344.31,  0.155, 313.69,  0.070, 319.67,  0.069, 357.51,  0.100, 299.39,  0.103, 344.21,  0.078, 357.80,  0.095, 345.96,-99.000, -99.00,-99.000, -99.00,-99.000, -99.00,-99.000, -99.00,
9/2/2006 22:00:00, 11.8,275.9,  0.6,  3.4, 18.795, 28.89,  0.0,  0.0,  0.125, 343.30,  0.116, 334.54,  0.171, 315.47,  0.238, 359.52,  0.129, 350.17,  0.191, 350.34,  0.218, 334.14,  0.173,   1.99,  0.124, 358.15,  0.094, 351.44,  0.176, 321.44,  0.157, 337.18,  0.083, 342.44,  0.098, 306.29,  0.127, 315.32,  0.118, 241.70,-99.000, -99.00,-99.000, -99.00,-99.000, -99.00,-99.000, -99.00,
9/2/2006 22:05:00, 11.8,275.8,  0.6,  3.4, 18.785, 28.88,  0.0,  0.0,  0.224, 354.62,  0.175, 324.77,  0.113, 334.80,  0.185, 296.98,  0.132,  22.69,  0.160, 320.84,  0.153, 354.36,  0.125,  14.81,  0.146, 346.53,  0.083,   5.51,  0.114, 338.39,  0.093, 357.54,  0.059, 289.65,  0.051, 310.24,  0.079, 318.61,  0.039, 301.22,-99.000, -99.00,-99.000, -99.00,-99.000, -99.00,-99.000, -99.00,
9/2/2006 22:10:00, 11.8,275.8,  0.6,  3.4, 18.785, 28.87,  0.0,  0.0,  0.201, 358.58,  0.143, 343.34,  0.197, 347.38,  0.170,  23.24,  0.059, 343.39,  0.110, 348.49,  0.164, 334.37,  0.108, 321.75,  0.169, 327.53,  0.148, 329.10,  0.171, 316.42,  0.105, 321.17,  0.091,   2.52,  0.158, 318.85,  0.100,  38.48,  0.079, 359.27,-99.000, -99.00,-99.000, -99.00,-99.000, -99.00,-99.000, -99.00,
9/2/2006 22:15:00, 11.8,275.7,  0.6,  3.4, 18.788, 28.87,  0.0,  0.0,  0.123, 357.67,  0.177, 352.51,  0.236, 352.69,  0.105, 315.77,  0.149, 327.06,  0.143, 324.09,  0.167, 336.04,  0.154, 349.49,  0.202, 339.41,  0.185, 350.03,  0.115,   0.00,  0.049, 340.82,  0.054, 350.36,  0.074, 340.35,  0.132,  15.83,  0.121,  15.30,-99.000, -99.00,-99.000, -99.00,-99.000, -99.00,-99.000, -99.00,
9/2/2006 22:20:00, 11.7,275.8,  0.6,  3.4, 18.777, 28.86,  0.0,  0.0,  0.158, 349.05,  0.164, 332.34,  0.127, 338.28,  0.186, 346.94,  0.183, 333.01,  0.107, 359.46,  0.150, 330.87,  0.120, 353.77,  0.163, 346.90,  0.100, 319.46,  0.097, 287.32,  0.065,  12.53,  0.048, 349.16,  0.114, 342.20,  0.161,   9.64,  0.130, 350.68,-99.000, -99.00,-99.000, -99.00,-99.000, -99.00,-99.000, -99.00,
9/2/2006 22:25:00, 11.7,275.8,  0.6,  3.4, 18.763, 28.86,  0.0,  0.0,  0.146, 329.04,  0.153, 343.69,  0.045,   6.34,  0.044, 348.18,  0.147,   0.00,  0.089, 335.45,  0.088,   5.84,  0.043, 331.07,  0.107, 319.17,  0.101,  11.98,  0.142,  32.01,  0.169,  36.60,  0.146,  33.25,  0.114,  23.86,  0.093,  59.04,  0.055, 249.93,-99.000, -99.00,-99.000, -99.00,-99.000, -99.00,-99.000, -99.00,
9/2/2006 22:30:00, 11.7,275.8,  0.6,  3.4, 18.761, 28.86,  0.0,  0.0,  0.128,   0.00,  0.066, 337.71,  0.210, 357.82,  0.102, 324.59,  0.220, 330.29,  0.160, 329.59,  0.131, 341.29,  0.116, 317.10,  0.057, 261.87,  0.074, 297.26,  0.079, 350.54,  0.067, 356.58,  0.113,  19.72,  0.148,  22.59,  0.119,  24.84,  0.087,   7.29,-99.000, -99.00,-99.000, -99.00,-99.000, -99.00,-99.000, -99.00,
9/2/2006 22:35:00, 11.7,275.7,  0.6,  3.4, 18.760, 28.86,  0.0,  0.0,  0.157, 349.34,  0.097, 343.24,  0.061, 322.94,  0.099,   7.56,  0.157,  28.20,  0.096, 311.63,  0.097, 283.17,  0.150, 322.06,  0.051, 316.59,  0.125, 270.00,  0.017, 259.99,  0.061,  38.37,  0.076,  33.69,  0.088,  33.87,  0.045,  38.66,  0.139, 309.17,-99.000, -99.00,-99.000, -99.00,-99.000, -99.00,-99.000, -99.00,
9/2/2006 22:40:00, 11.7,275.8,  0.6,  3.4, 18.766, 28.86,  0.0,  0.0,  0.226, 359.24,  0.144, 354.01,  0.174, 328.41,  0.121, 344.70,  0.168, 323.47,  0.119, 335.16,  0.146, 329.91,  0.091, 315.44,  0.077, 278.97,  0.004,  90.00,  0.052,  25.08,  0.042,   5.44,  0.078, 316.04,  0.103,  59.70,  0.120, 356.19,  0.106, 351.34,-99.000, -99.00,-99.000, -99.00,-99.000, -99.00,-99.000, -99.00,
9/2/2006 22:45:00, 11.7,275.8,  0.6,  3.4, 18.776, 28.86,  0.0,  0.0,  0.195, 333.57,  0.144, 324.32,  0.070, 329.04,  0.114,   1.51,  0.115, 305.77,  0.093, 330.95,  0.103, 327.70,  0.142, 320.71,  0.105, 347.29,  0.052,  66.37,  0.067, 355.73,  0.076, 350.17,  0.115,  54.93,  0.116, 310.44,  0.117,   4.89,  0.097, 328.43,-99.000, -99.00,-99.000, -99.00,-99.000, -99.00,-99.000, -99.00,
9/2/2006 22:50:00, 11.7,275.9,  0.6,  3.4, 18.776, 28.87,  0.0,  0.0,  0.159, 343.61,  0.101,  28.34,  0.119, 355.67,  0.144, 345.48,  0.070,   0.00,  0.111, 349.09,  0.102, 270.00,  0.098, 294.20,  0.054, 301.33,  0.061, 347.77,  0.079,   8.03,  0.039, 272.94,  0.046, 312.36,  0.091,   0.00,  0.048,  54.32,  0.116, 251.41,-99.000, -99.00,-99.000, -99.00,-99.000, -99.00,-99.000, -99.00,
9/2/2006 22:55:00, 11.7,275.8,  0.6,  3.4, 18.774, 28.88,  0.0,  0.0,  0.112, 333.43,  0.165, 354.77,  0.111, 345.34,  0.131, 354.73,  0.176, 345.17,  0.111, 313.91,  0.117, 359.02,  0.032,  53.84,  0.138, 310.87,  0.165, 299.36,  0.101,  19.16,  0.093, 357.54,  0.113, 341.89,  0.180, 331.87,  0.207, 328.23,  0.167, 321.07,-99.000, -99.00,-99.000, -99.00,-99.000, -99.00,-99.000, -99.00,
9/2/2006 23:00:00, 11.7,275.9,  0.6,  3.4, 18.773, 28.91,  0.0,  0.0,  0.128, 326.19,  0.134,  35.59,  0.149,  66.19,  0.079,   5.78,  0.124,  34.84,  0.029, 323.53,  0.105, 297.78,  0.153, 338.96,  0.094, 341.95,  0.091, 328.06,  0.130, 355.60,  0.095, 333.71,  0.133, 359.14,  0.157, 342.14,  0.081, 338.20,  0.117, 340.02,-99.000, -99.00,-99.000, -99.00,-99.000, -99.00,-99.000, -99.00,
9/2/2006 23:05:00, 11.7,275.8,  0.6,  3.4, 18.771, 28.95,  0.0,  0.0,  0.107, 327.94,  0.162, 337.08,  0.101,  17.35,  0.130, 312.51,  0.163, 317.99,  0.094,   1.22,  0.091, 354.98,  0.126, 310.16,  0.085,  61.01,  0.037,  40.60,  0.041,  62.18,  0.059,  18.74,  0.086,  25.38,  0.055, 309.81,  0.036, 348.69,  0.134, 297.52,-99.000, -99.00,-99.000, -99.00,-99.000, -99.00,-99.000, -99.00,
9/2/2006 23:10:00, 11.7,275.7,  0.6,  3.4, 18.760, 28.97,  0.0,  0.0,  0.035,  25.11,  0.102, 358.88,  0.051, 304.62,  0.095, 358.19,  0.117, 308.05,  0.051, 293.05,  0.071, 299.45,  0.099, 341.20,  0.132, 299.48,  0.082, 353.74,  0.081, 287.99,  0.123, 299.28,  0.155, 300.20,  0.087,  14.68,  0.165, 353.39,  0.099, 325.67,-99.000, -99.00,-99.000, -99.00,-99.000, -99.00,-99.000, -99.00,
9/2/2006 23:15:00, 11.7,275.7,  0.6,  3.4, 18.753, 29.00,  0.0,  0.0,  0.119, 349.35,  0.124, 347.87,  0.116,  46.40,  0.125, 330.14,  0.110, 316.47,  0.052, 319.64,  0.079, 298.84,  0.110, 319.79,  0.139, 326.77,  0.081, 329.64,  0.073, 299.74,  0.056, 287.78,  0.138, 297.68,  0.101, 340.84,  0.093,   1.85,  0.076, 342.28,-99.000, -99.00,-99.000, -99.00,-99.000, -99.00,-99.000, -99.00,
9/2/2006 23:20:00, 11.7,275.8,  0.6,  3.4, 18.749, 29.02,  0.0,  0.0,  0.140, 350.13,  0.229, 318.37,  0.096,   2.98,  0.140, 337.82,  0.025, 228.18,  0.125, 321.48,  0.084, 278.23,  0.128, 292.96,  0.142, 293.68,  0.102, 349.24,  0.121, 328.14,  0.125, 336.92,  0.042, 335.90,  0.091, 300.21,  0.140, 342.60,  0.112, 304.82,-99.000, -99.00,-99.000, -99.00,-99.000, -99.00,-99.000, -99.00,
9/2/2006 23:25:00, 11.7,275.8,  0.6,  3.4, 18.753, 29.03,  0.0,  0.0,  0.162, 350.07,  0.134,  30.38,  0.102, 315.00,  0.118, 338.02,  0.107, 331.05,  0.142, 306.71,  0.135, 327.14,  0.123, 316.97,  0.080, 326.71,  0.125, 315.32,  0.165, 304.37,  0.137, 311.15,  0.153, 316.06,  0.203, 334.57,  0.122, 349.15,  0.127,   0.00,-99.000, -99.00,-99.000, -99.00,-99.000, -99.00,-99.000, -99.00,
9/2/2006 23:30:00, 11.7,275.8,  0.6,  3.4, 18.750, 29.04,  0.0,  0.0,  0.049,  87.66,  0.108, 352.02,  0.053,  27.05,  0.101,  19.16,  0.057,   3.01,  0.189, 307.48,  0.083, 350.31,  0.120, 276.71,  0.091, 266.86,  0.175, 307.59,  0.038, 322.52,  0.125, 304.20,  0.118, 311.55,  0.040,  90.00,  0.009, 130.60,  0.054,   2.12,-99.000, -99.00,-99.000, -99.00,-99.000, -99.00,-99.000, -99.00,
9/2/2006 23:35:00, 11.7,275.7,  0.6,  3.4, 18.751, 29.06,  0.0,  0.0,  0.158,   8.39,  0.107,  28.95,  0.093, 343.72,  0.078,  21.94,  0.088, 336.63,  0.061, 271.88,  0.075,  12.36,  0.108, 332.96,  0.049, 303.37,  0.067, 293.88,  0.085, 319.76,  0.078, 329.80,  0.092, 346.87,  0.185, 340.78,  0.123, 353.45,  0.036, 321.84,-99.000, -99.00,-99.000, -99.00,-99.000, -99.00,-99.000, -99.00,
9/2/2006 23:40:00, 11.7,275.8,  0.6,  3.4, 18.752, 29.07,  0.0,  0.0,  0.157, 328.54,  0.040, 355.71,  0.149,   7.32,  0.084, 339.84,  0.146, 328.16,  0.095, 331.00,  0.159, 311.19,  0.085, 336.45,  0.081, 318.01,  0.117, 313.96,  0.094, 311.13,  0.074, 341.81,  0.149, 327.91,  0.075,  26.22,  0.081, 297.20,  0.064, 354.64,-99.000, -99.00,-99.000, -99.00,-99.000, -99.00,-99.000, -99.00,
9/2/2006 23:45:00, 11.7,275.7,  0.6,  3.4, 18.752, 29.07,  0.0,  0.0,  0.247, 323.55,  0.127,  25.76,  0.049, 328.24,  0.123, 317.63,  0.083,   0.69,  0.140, 359.59,  0.084, 294.73,  0.231, 289.22,  0.141, 300.20,  0.077, 275.19,  0.132, 297.54,  0.075, 311.76,  0.093, 344.48,  0.101, 313.00,  0.113, 312.85,  0.055, 324.58,-99.000, -99.00,-99.000, -99.00,-99.000, -99.00,-99.000, -99.00,
9/2/2006 23:50:00, 11.7,275.8,  0.6,  3.4, 18.750, 29.05,  0.0,  0.0,  0.114,  32.43,  0.062, 322.21,  0.016, 194.04,  0.104,  26.81,  0.088, 217.13,  0.041, 297.82,  0.006, 149.04,  0.109, 278.43,  0.062, 275.53,  0.072, 305.45,  0.137, 297.88,  0.116, 315.70,  0.069, 343.14,  0.025, 353.16,  0.061, 329.20,  0.157, 299.34,-99.000, -99.00,-99.000, -99.00,-99.000, -99.00,-99.000, -99.00,
9/2/2006 23:55:00, 11.7,275.8,  0.6,  3.4, 18.747, 29.07,  0.0,  0.0,  0.111, 352.75,  0.103, 341.39,  0.106,  63.19,  0.133,  52.61,  0.076,  52.52,  0.149,   1.92,  0.107,  10.78,  0.051, 287.02,  0.107, 328.39,  0.120, 311.28,  0.079, 303.08,  0.036, 339.08,  0.020, 339.78,  0.066,  12.34,  0.136, 335.31,  0.143, 296.57,-99.000, -99.00,-99.000, -99.00,-99.000, -99.00,-99.000, -99.00,
9/3/2006 00:00:00, 11.7,275.8,  0.6,  3.4, 18.745, 29.09,  0.0,  0.0,  0.098, 346.39,  0.121, 323.41,  0.081,  30.36,  0.080,  43.48,  0.089,  12.32,  0.114,  44.64,  0.043,  10.78,  0.048, 278.47,  0.125, 352.65,  0.089, 290.48,  0.018, 337.62,  0.100, 306.87,  0.087, 341.15,  0.181, 318.37,  0.093,  46.31,  0.140, 294.00,-99.000, -99.00,-99.000, -99.00,-99.000, -99.00,-99.000, -99.00,
9/3/2006 00:05:00, 11.7,275.8,  0.6,  3.4, 18.747, 29.12,  0.0,  0.0,  0.082,  12.00,  0.156, 351.14,  0.083,  30.26,  0.040,  20.73,  0.070,   6.52,  0.095, 310.73,  0.158, 311.15,  0.091, 335.40,  0.091, 316.79,  0.191, 326.56,  0.203, 332.43,  0.218, 309.23,  0.122, 349.61,  0.145, 332.55,  0.128, 338.03,  0.098, 298.66,-99.000, -99.00,-99.000, -99.00,-99.000, -99.00,-99.000, -99.00,
9/3/2006 00:10:00, 11.7,275.7,  0.6,  3.4, 18.744, 29.14,  0.0,  0.0,  0.058, 295.68,  0.115, 341.25,  0.038, 347.80,  0.122,   4.69,  0.053,  47.29,  0.089, 350.33,  0.126, 340.56,  0.207, 312.07,  0.082, 297.50,  0.080, 339.53,  0.152, 315.27,  0.094,   0.61,  0.206, 329.94,  0.097, 349.85,  0.066,   9.61,  0.122, 288.58,-99.000, -99.00,-99.000, -99.00,-99.000, -99.00,-99.000, -99.00,
9/3/2006 00:15:00, 11.7,275.8,  0.6,  3.4, 18.738, 29.12,  0.0,  0.0,  0.087, 302.77,  0.067,  47.44,  0.062, 320.91,  0.093, 359.38,  0.120, 323.80,  0.115, 340.14,  0.082, 352.27,  0.069, 337.13,  0.153, 317.65,  0.108, 315.37,  0.145, 331.48,  0.135,   4.24,  0.075, 334.80,  0.035, 323.13,  0.109, 332.73,  0.111, 253.84,-99.000, -99.00,-99.000, -99.00,-99.000, -99.00,-99.000, -99.00,
9/3/2006 00:20:00, 11.7,275.8,  0.6,  3.4, 18.746, 29.12,  0.0,  0.0,  0.190, 333.03,  0.043, 338.20,  0.068, 317.39,  0.063, 283.82,  0.106, 315.00,  0.110, 270.52,  0.102, 321.78,  0.103, 334.18,  0.170, 319.55,  0.152, 298.25,  0.096, 301.37,  0.089,  13.72,  0.152, 343.23,  0.053,   5.39,  0.064, 343.56,  0.051, 313.41,-99.000, -99.00,-99.000, -99.00,-99.000, -99.00,-99.000, -99.00,
9/3/2006 00:25:00, 11.7,275.8,  0.6,  3.4, 18.746, 29.13,  0.0,  0.0,  0.149, 335.33,  0.115,   0.00,  0.052,  69.83,  0.064,  97.13,  0.041,  85.82,  0.101,  60.89,  0.044,  50.53,  0.056, 321.50,  0.078,   2.94,  0.073, 333.08,  0.049, 298.14,  0.014, 338.96,  0.074, 318.30,  0.160,   3.93,  0.121,  26.57,  0.075, 275.33,-99.000, -99.00,-99.000, -99.00,-99.000, -99.00,-99.000, -99.00,
9/3/2006 00:30:00, 11.7,275.8,  0.6,  3.4, 18.749, 29.14,  0.0,  0.0,  0.052, 323.57,  0.063,  39.23,  0.088, 236.13,  0.058, 141.95,  0.079, 122.08,  0.046,  83.80,  0.062, 129.81,  0.080, 347.01,  0.061,  30.80,  0.033,  15.71,  0.042,  16.70,  0.086,  15.49,  0.105, 348.48,  0.115, 350.46,  0.119,  16.14,  0.163, 312.01,-99.000, -99.00,-99.000, -99.00,-99.000, -99.00,-99.000, -99.00,
9/3/2006 00:35:00, 11.7,275.8,  0.6,  3.4, 18.749, 29.14,  0.0,  0.0,  0.139, 341.96,  0.158, 322.48,  0.089, 281.69,  0.029, 296.57,  0.088, 350.86,  0.065, 335.41,  0.123,   4.65,  0.139, 336.21,  0.064, 350.10,  0.096,  53.01,  0.080, 301.70,  0.091, 336.80,  0.109, 322.82,  0.132, 340.05,  0.101,  11.98,  0.065, 339.34,-99.000, -99.00,-99.000, -99.00,-99.000, -99.00,-99.000, -99.00,
9/3/2006 00:40:00, 11.7,275.9,  0.6,  3.4, 18.760, 29.14,  0.0,  0.0,  0.092, 354.41,  0.103, 243.43,  0.054, 242.49,  0.084, 247.69,  0.092, 252.35,  0.093, 222.81,  0.029, 218.05,  0.057, 271.01,  0.077, 287.27,  0.064, 236.56,  0.117, 233.33,  0.083, 231.88,  0.131, 246.17,  0.152, 249.18,  0.128, 292.55,  0.111, 289.41,-99.000, -99.00,-99.000, -99.00,-99.000, -99.00,-99.000, -99.00,
9/3/2006 00:45:00, 11.7,275.8,  0.6,  3.4, 18.756, 29.14,  0.0,  0.0,  0.098, 314.17,  0.135,  58.31,  0.113,  29.05,  0.049,  22.89,  0.064,  32.95,  0.103,  63.43,  0.040,  61.50,  0.075,  42.84,  0.068,  62.68,  0.115, 330.75,  0.111, 332.74,  0.101,  10.30,  0.126,  14.70,  0.098,   2.34,  0.111, 319.40,  0.023, 309.81,-99.000, -99.00,-99.000, -99.00,-99.000, -99.00,-99.000, -99.00,
9/3/2006 00:50:00, 11.7,275.9,  0.6,  3.4, 18.756, 29.15,  0.0,  0.0,  0.061,  58.39,  0.158, 322.70,  0.036, 303.69,  0.060, 274.76,  0.022, 215.84,  0.111, 267.42,  0.048, 159.30,  0.083, 320.37,  0.025, 258.23,  0.062, 328.88,  0.145, 298.52,  0.108, 318.37,  0.050,  11.53,  0.031, 296.57,  0.039,   1.47,  0.059, 295.25,-99.000, -99.00,-99.000, -99.00,-99.000, -99.00,-99.000, -99.00,
9/3/2006 00:55:00, 11.7,275.7,  0.6,  3.4, 18.755, 29.14,  0.0,  0.0,  0.204, 301.59,  0.124, 356.31,  0.044,  27.15,  0.066, 300.07,  0.106, 295.60,  0.070, 294.38,  0.194, 310.60,  0.082, 350.19,  0.133, 328.22,  0.055, 346.22,  0.036, 348.69,  0.082, 326.50,  0.122, 319.65,  0.093, 275.53,  0.080, 283.69,  0.175, 296.42,-99.000, -99.00,-99.000, -99.00,-99.000, -99.00,-99.000, -99.00,
9/3/2006 01:00:00, 11.7,275.8,  0.6,  3.4, 18.751, 29.14,  0.0,  0.0,  0.163, 313.51,  0.132, 332.08,  0.112,   7.70,  0.153,  15.95,  0.116, 277.43,  0.038, 336.80,  0.031, 112.48,  0.072,  29.05,  0.118, 299.38,  0.043, 308.45,  0.054,   3.18,  0.125, 347.97,  0.138,  14.74,  0.099, 346.53,  0.092,   5.59,  0.096, 239.96,-99.000, -99.00,-99.000, -99.00,-99.000, -99.00,-99.000, -99.00,
9/3/2006 01:05:00, 11.7,275.9,  0.6,  3.4, 18.745, 29.14,  0.0,  0.0,  0.181, 322.18,  0.093, 347.01,  0.130, 352.93,  0.150, 325.04,  0.148, 346.34,  0.045, 336.30,  0.090, 354.92,  0.059,  13.80,  0.108, 316.12,  0.041, 260.07,  0.114, 278.06,  0.064, 196.44,  0.027, 246.25,  0.144, 301.92,  0.132, 324.26,  0.154, 276.34,-99.000, -99.00,-99.000, -99.00,-99.000, -99.00,-99.000, -99.00,
9/3/2006 01:10:00, 11.7,275.8,  0.6,  3.4, 18.750, 29.14,  0.0,  0.0,  0.005,   0.00,  0.090, 248.55,  0.160, 281.87,  0.143, 310.73,  0.077, 292.22,  0.099, 275.83,  0.095, 289.01,  0.086, 304.61,  0.040, 270.00,  0.158, 297.86,  0.164, 292.97,  0.129, 285.76,  0.034, 341.03,  0.024, 297.65,  0.066, 295.02,  0.059, 278.82,-99.000, -99.00,-99.000, -99.00,-99.000, -99.00,-99.000, -99.00,
9/3/2006 01:15:00, 11.7,275.8,  0.6,  3.4, 18.750, 29.14,  0.0,  0.0,  0.046, 339.59,  0.099,  16.98,  0.059, 259.26,  0.020, 252.47,  0.092, 290.99,  0.076, 293.20,  0.072,   3.18,  0.046, 314.12,  0.168, 295.04,  0.139, 340.26,  0.079, 312.95,  0.079, 301.46,  0.102, 284.72,  0.091,  61.19,  0.101,  13.21,  0.183, 245.40,-99.000, -99.00,-99.000, -99.00,-99.000, -99.00,-99.000, -99.00,
9/3/2006 01:20:00, 11.7,275.8,  0.6,  3.4, 18.755, 29.14,  0.0,  0.0,  0.068, 334.93,  0.107, 325.27,  0.086, 317.37,  0.044, 332.85,  0.085,   1.35,  0.050,  27.60,  0.060,  35.54,  0.054, 353.66,  0.023,  17.65,  0.093, 259.42,  0.011, 280.30,  0.067,  28.47,  0.125, 347.97,  0.082, 325.92,  0.069, 329.74,  0.160, 173.19,-99.000, -99.00,-99.000, -99.00,-99.000, -99.00,-99.000, -99.00,
9/3/2006 01:25:00, 11.7,275.8,  0.6,  3.4, 18.767, 29.14,  0.0,  0.0,  0.100, 264.86,  0.090, 302.28,  0.058, 347.15,  0.019,  81.03,  0.133, 300.82,  0.128, 307.05,  0.081, 332.80,  0.045,  22.04,  0.101, 295.29,  0.031,  24.90,  0.072, 281.15,  0.061,  74.83,  0.036, 320.60,  0.054,  53.97,  0.028, 319.40,  0.083, 311.58,-99.000, -99.00,-99.000, -99.00,-99.000, -99.00,-99.000, -99.00,
9/3/2006 01:30:00, 11.7,275.8,  0.6,  3.4, 18.776, 29.14,  0.0,  0.0,  0.096, 315.00,  0.127, 295.15,  0.064,  53.31,  0.037, 347.47,  0.068,  53.97,  0.077, 316.58,  0.019, 270.00,  0.042, 313.09,  0.006, 251.57,  0.041,   6.95,  0.049, 347.09,  0.026,  81.25,  0.069, 323.79,  0.101, 352.03,  0.121,  23.39,  0.051,  18.43,-99.000, -99.00,-99.000, -99.00,-99.000, -99.00,-99.000, -99.00,
9/3/2006 01:35:00, 11.7,275.8,  0.6,  3.4, 18.770, 29.14,  0.0,  0.0,  0.079, 343.86,  0.091, 311.01,  0.081, 294.68,  0.065, 310.03,  0.081, 239.64,  0.075, 313.92,  0.043, 277.94,  0.012, 355.24,  0.030,  60.02,  0.106, 334.16,  0.065, 324.36,  0.039,  11.89,  0.067, 335.34,  0.123, 322.57,  0.137,   5.88,  0.069, 312.05,-99.000, -99.00,-99.000, -99.00,-99.000, -99.00,-99.000, -99.00,
9/3/2006 01:40:00, 11.7,276.1,  0.6,  3.4, 18.769, 29.13,  0.0,  0.0,  0.049, 246.04,  0.113, 281.21,  0.136, 335.31,  0.132, 352.61,  0.093, 315.00,  0.048, 251.94,  0.058,  65.64,  0.042, 328.57,  0.096,  20.14,  0.165, 337.49,  0.115,  12.09,  0.090,   6.41,  0.141, 337.07,  0.088, 321.44,  0.139, 334.36,  0.122, 317.66,-99.000, -99.00,-99.000, -99.00,-99.000, -99.00,-99.000, -99.00,
9/3/2006 01:45:00, 11.7,275.8,  0.6,  3.4, 18.768, 29.13,  0.0,  0.0,  0.104, 344.36,  0.077, 318.67,  0.071,   3.22,  0.144, 324.32,  0.051, 337.99,  0.042,  45.00,  0.109, 321.34,  0.143,   3.20,  0.136, 357.89,  0.062, 286.97,  0.008, 320.19,  0.101, 308.57,  0.050,  16.26,  0.068,   8.49,  0.134, 339.94,  0.072, 299.05,-99.000, -99.00,-99.000, -99.00,-99.000, -99.00,-99.000, -99.00,
9/3/2006 01:50:00, 11.7,275.9,  0.6,  3.4, 18.771, 29.13,  0.0,  0.0,  0.108, 338.20,  0.123,  16.52,  0.101, 328.36,  0.092, 340.97,  0.065, 155.41,  0.127, 270.00,  0.046, 274.97,  0.049, 243.43,  0.023, 232.13,  0.110, 193.15,  0.061, 212.91,  0.089, 310.46,  0.056, 307.69,  0.057,   6.01,  0.098, 325.01,  0.067, 289.25,-99.000, -99.00,-99.000, -99.00,-99.000, -99.00,-99.000, -99.00,
9/3/2006 01:55:00, 11.7,275.7,  0.6,  3.4, 18.766, 29.13,  0.0,  0.0,  0.089,  36.74,  0.075, 343.74,  0.023, 252.35,  0.110, 298.90,  0.085, 241.93,  0.063, 258.16,  0.034, 288.97,  0.032, 270.00,  0.125, 318.90,  0.144, 291.95,  0.115, 335.43,  0.078, 348.98,  0.022, 316.85,  0.108, 296.33,  0.130, 275.75,  0.212, 274.34,-99.000, -99.00,-99.000, -99.00,-99.000, -99.00,-99.000, -99.00,
9/3/2006 02:00:00, 11.7,275.7,  0.6,  3.4, 18.763, 29.13,  0.0,  0.0,  0.143, 305.35,  0.043, 327.43,  0.141,  17.28,  0.070, 332.70,  0.121, 315.34,  0.019,  18.43,  0.074, 325.45,  0.091,  40.53,  0.082,   1.40,  0.101, 347.47,  0.066, 285.95,  0.106, 246.59,  0.129, 261.56,  0.104, 295.58,  0.069, 281.63,  0.125, 231.84,-99.000, -99.00,-99.000, -99.00,-99.000, -99.00,-99.000, -99.00,
9/3/2006 02:05:00, 11.7,275.7,  0.6,  3.4, 18.760, 29.13,  0.0,  0.0,  0.105,   9.91,  0.031, 104.93,  0.050, 174.29,  0.033, 104.04,  0.086, 312.63,  0.051, 149.42,  0.012,  75.96,  0.021, 240.95,  0.045, 320.36,  0.084,  42.09,  0.126,  12.82,  0.060, 340.67,  0.074,  18.92,  0.125, 311.75,  0.065, 335.41,  0.101, 270.57,-99.000, -99.00,-99.000, -99.00,-99.000, -99.00,-99.000, -99.00,
9/3/2006 02:10:00, 11.7,275.8,  0.6,  3.4, 18.761, 29.13,  0.0,  0.0,  0.211, 319.43,  0.000,   0.00,  0.084, 355.91,  0.055, 254.20,  0.077, 313.42,  0.070, 286.62,  0.100, 343.19,  0.034, 299.54,  0.056, 301.14,  0.083, 308.66,  0.100, 270.00,  0.095, 267.59,  0.140, 279.06,  0.070, 299.13,  0.067, 311.35,  0.111, 273.61,-99.000, -99.00,-99.000, -99.00,-99.000, -99.00,-99.000, -99.00,
9/3/2006 02:15:00, 11.7,275.8,  0.6,  3.4, 18.763, 29.13,  0.0,  0.0,  0.012,  70.02,  0.059,   1.94,  0.026, 267.80,  0.062,  11.13,  0.031, 187.35,  0.038, 167.80,  0.107, 344.79,  0.095,  29.82,  0.127, 348.16,  0.099, 317.45,  0.080, 286.63,  0.112, 283.91,  0.050, 238.84,  0.031, 202.48,  0.045, 321.34,  0.035, 292.11,-99.000, -99.00,-99.000, -99.00,-99.000, -99.00,-99.000, -99.00,
9/3/2006 02:20:00, 11.7,275.8,  0.6,  3.4, 18.766, 29.13,  0.0,  0.0,  0.036, 279.46,  0.076, 305.36,  0.059, 338.20,  0.056, 343.50,  0.089, 293.96,  0.057, 255.72,  0.048, 248.20,  0.040,   0.00,  0.099,   1.16,  0.076, 350.91,  0.093, 309.33,  0.033, 317.49,  0.124, 275.07,  0.142, 293.30,  0.195, 290.38,  0.172, 279.68,-99.000, -99.00,-99.000, -99.00,-99.000, -99.00,-99.000, -99.00,
9/3/2006 02:25:00, 11.7,275.8,  0.6,  3.4, 18.763, 29.12,  0.0,  0.0,  0.024,  56.98,  0.034,  86.63,  0.049, 299.17,  0.036,  22.99,  0.053, 339.19,  0.031,  13.13,  0.053,   4.32,  0.023, 318.58,  0.087, 285.95,  0.048, 245.56,  0.045, 282.80,  0.106, 234.21,  0.041, 182.79,  0.054, 311.99,  0.065, 294.59,  0.100, 214.01,-99.000, -99.00,-99.000, -99.00,-99.000, -99.00,-99.000, -99.00,
9/3/2006 02:30:00, 11.7,275.9,  0.6,  3.4, 18.763, 29.11,  0.0,  0.0,  0.049, 113.96,  0.015, 331.70,  0.012, 274.76,  0.035, 226.17,  0.108, 356.29,  0.067, 355.73,  0.072, 349.62,  0.095, 322.28,  0.121, 325.12,  0.058,   1.97,  0.036, 178.41,  0.060, 229.09,  0.099, 258.92,  0.121, 304.22,  0.128, 282.19,  0.089, 283.57,-99.000, -99.00,-99.000, -99.00,-99.000, -99.00,-99.000, -99.00,
9/3/2006 02:35:00, 11.7,275.7,  0.6,  3.4, 18.763, 29.11,  0.0,  0.0,  0.036,  19.44,  0.075, 259.29,  0.116, 269.51,  0.110,  20.74,  0.056,   2.05,  0.105,   1.64,  0.080, 303.29,  0.011, 307.87,  0.075, 316.08,  0.074, 273.09,  0.063, 293.32,  0.139, 242.51,  0.074, 194.04,  0.052, 168.91,  0.068, 251.03,  0.024, 240.26,-99.000, -99.00,-99.000, -99.00,-99.000, -99.00,-99.000, -99.00,
9/3/2006 02:40:00, 11.7,275.8,  0.6,  3.4, 18.768, 29.10,  0.0,  0.0,  0.091, 289.23,  0.036,  11.31,  0.028, 329.74,  0.100, 326.78,  0.083, 292.57,  0.159, 306.80,  0.048, 322.65,  0.016, 330.26,  0.120, 309.26,  0.161, 298.16,  0.035, 261.87,  0.091, 233.00,  0.054, 241.05,  0.071, 196.39,  0.072, 138.37,  0.081, 170.77,-99.000, -99.00,-99.000, -99.00,-99.000, -99.00,-99.000, -99.00,
9/3/2006 02:45:00, 11.7,275.9,  0.6,  3.4, 18.783, 29.10,  0.0,  0.0,  0.073,   9.46,  0.051,  60.95,  0.121, 335.13,  0.028, 353.88,  0.052,   6.58,  0.090, 304.57,  0.113, 327.30,  0.078, 323.86,  0.115, 299.68,  0.042, 317.91,  0.075, 284.59,  0.053, 165.70,  0.052, 164.36,  0.053, 178.92,  0.072, 117.98,  0.128, 123.57,-99.000, -99.00,-99.000, -99.00,-99.000, -99.00,-99.000, -99.00,
9/3/2006 02:50:00, 11.7,275.8,  0.6,  3.4, 18.783, 29.09,  0.0,  0.0,  0.204, 324.36,  0.084,   2.05,  0.138, 328.04,  0.055, 334.36,  0.096, 352.80,  0.146, 279.07,  0.045, 253.18,  0.072, 311.04,  0.086, 346.61,  0.070, 278.25,  0.045, 323.13,  0.089, 279.04,  0.064, 311.86,  0.103, 250.16,  0.058, 105.00,  0.047, 166.55,-99.000, -99.00,-99.000, -99.00,-99.000, -99.00,-99.000, -99.00,
9/3/2006 02:55:00, 11.7,275.9,  0.6,  3.4, 18.778, 29.09,  0.0,  0.0,  0.107, 315.38,  0.122, 297.82,  0.047, 298.22,  0.078, 294.93,  0.122,  19.62,  0.032, 286.19,  0.115, 291.89,  0.072, 319.48,  0.050, 296.05,  0.050,   7.97,  0.013, 241.39,  0.112, 258.69,  0.029, 139.18,  0.053, 260.18,  0.070, 155.62,  0.012, 138.37,-99.000, -99.00,-99.000, -99.00,-99.000, -99.00,-99.000, -99.00,
9/3/2006 03:00:00, 11.7,275.8,  0.6,  3.4, 18.779, 29.09,  0.0,  0.0,  0.070, 321.98,  0.113, 311.42,  0.131, 287.74,  0.073, 302.17,  0.140, 296.75,  0.077, 283.50,  0.144, 295.14,  0.045, 319.54,  0.093, 324.61,  0.088, 312.23,  0.078, 331.80,  0.017, 305.54,  0.050, 177.71,  0.093, 108.82,  0.103, 102.29,  0.009,  26.57,-99.000, -99.00,-99.000, -99.00,-99.000, -99.00,-99.000, -99.00,
9/3/2006 03:05:00, 11.7,275.9,  0.6,  3.4, 18.779, 29.09,  0.0,  0.0,  0.029, 112.17,  0.118, 307.06,  0.061, 322.94,  0.049, 329.24,  0.075, 290.38,  0.180, 320.40,  0.040, 303.69,  0.007, 326.31,  0.056, 277.13,  0.028, 137.86,  0.093, 335.10,  0.112, 295.42,  0.035, 270.00,  0.086, 135.00,  0.142, 133.01,  0.137, 218.46,-99.000, -99.00,-99.000, -99.00,-99.000, -99.00,-99.000, -99.00,
9/3/2006 03:10:00, 11.7,275.8,  0.6,  3.4, 18.774, 29.09,  0.0,  0.0,  0.067, 246.12,  0.072, 297.98,  0.025,  63.43,  0.018, 222.71,  0.069, 334.18,  0.054, 319.51,  0.037, 315.00,  0.018, 227.29,  0.083, 246.53,  0.118, 259.74,  0.123, 285.05,  0.093, 325.46,  0.020, 300.47,  0.006, 270.00,  0.022,  90.00,  0.089, 164.41,-99.000, -99.00,-99.000, -99.00,-99.000, -99.00,-99.000, -99.00,
9/3/2006 03:15:00, 11.7,275.7,  0.6,  3.4, 18.772, 29.09,  0.0,  0.0,  0.093, 349.42,  0.025,   6.84,  0.034, 280.30,  0.081, 307.01,  0.119, 285.09,  0.117, 308.74,  0.075, 313.92,  0.109, 353.66,  0.121, 324.74,  0.122,  11.31,  0.110, 359.48,  0.041, 152.18,  0.051, 252.98,  0.062,  31.12,  0.064, 307.41,  0.148, 209.17,-99.000, -99.00,-99.000, -99.00,-99.000, -99.00,-99.000, -99.00,
9/3/2006 03:20:00, 11.7,275.9,  0.6,  3.4, 18.766, 29.09,  0.0,  0.0,  0.077, 315.53,  0.103, 238.47,  0.039, 217.75,  0.116, 270.00,  0.084, 246.18,  0.120, 304.09,  0.004, 213.69,  0.092, 260.03,  0.058, 279.95,  0.091, 290.63,  0.049, 304.99,  0.093, 335.91,  0.106, 298.74,  0.044, 297.15,  0.039, 154.09,  0.085, 197.80,-99.000, -99.00,-99.000, -99.00,-99.000, -99.00,-99.000, -99.00,
9/3/2006 03:25:00, 11.7,275.7,  0.6,  3.4, 18.767, 29.09,  0.0,  0.0,  0.066, 321.75,  0.080, 299.12,  0.053, 303.39,  0.121, 274.25,  0.085, 309.72,  0.066, 298.12,  0.088, 271.30,  0.040, 231.12,  0.071, 239.45,  0.100, 260.82,  0.044, 309.47,  0.098, 276.47,  0.026, 278.75,  0.028,  96.12,  0.064,  98.13,  0.116, 219.74,-99.000, -99.00,-99.000, -99.00,-99.000, -99.00,-99.000, -99.00,
9/3/2006 03:30:00, 11.7,275.7,  0.6,  3.4, 18.769, 29.09,  0.0,  0.0,  0.064, 343.56,  0.016, 240.26,  0.176, 235.41,  0.059, 252.18,  0.095, 282.72,  0.107, 259.22,  0.084, 270.00,  0.086, 264.03,  0.035,  14.83,  0.064,   0.00,  0.031, 326.82,  0.108, 286.09,  0.069, 312.66,  0.015, 109.65,  0.059, 126.10,  0.074, 175.36,-99.000, -99.00,-99.000, -99.00,-99.000, -99.00,-99.000, -99.00,
9/3/2006 03:35:00, 11.7,275.8,  0.6,  3.4, 18.774, 29.10,  0.0,  0.0,  0.009, 153.43,  0.154, 288.90,  0.064, 273.58,  0.046,  42.36,  0.151, 279.15,  0.141, 261.41,  0.090, 262.32,  0.072,  20.46,  0.072, 328.08,  0.107, 319.17,  0.079, 349.11,  0.079,   2.17,  0.089, 325.95,  0.021, 270.00,  0.077,  74.16,  0.059, 314.31,-99.000, -99.00,-99.000, -99.00,-99.000, -99.00,-99.000, -99.00,
9/3/2006 03:40:00, 11.7,275.8,  0.6,  3.4, 18.764, 29.11,  0.0,  0.0,  0.014, 306.03,  0.063, 341.57,  0.084, 242.21,  0.036, 301.50,  0.061, 337.67,  0.048, 272.39,  0.145, 266.45,  0.114, 287.80,  0.080, 309.90,  0.157, 288.90,  0.121, 273.78,  0.035, 256.76,  0.047, 312.44,  0.056,  33.41,  0.017,  61.93,  0.048, 195.78,-99.000, -99.00,-99.000, -99.00,-99.000, -99.00,-99.000, -99.00,
9/3/2006 03:45:00, 11.7,275.8,  0.6,  3.4, 18.758, 29.11,  0.0,  0.0,  0.020, 147.09,  0.014, 342.90,  0.027, 121.33,  0.070, 191.47,  0.047, 227.56,  0.072, 325.20,  0.154, 281.60,  0.094, 286.70,  0.068, 322.13,  0.099, 329.53,  0.105, 342.26,  0.111, 319.01,  0.109,   5.82,  0.072, 335.22,  0.073,  93.14,  0.012, 175.24,-99.000, -99.00,-99.000, -99.00,-99.000, -99.00,-99.000, -99.00,
9/3/2006 03:50:00, 11.7,275.7,  0.6,  3.4, 18.756, 29.12,  0.0,  0.0,  0.017,  40.24,  0.008, 345.96,  0.069, 130.87,  0.086, 246.10,  0.085, 322.18,  0.022, 248.20,  0.085, 262.54,  0.072, 281.15,  0.069, 129.70,  0.115, 269.50,  0.095, 340.22,  0.122, 341.42,  0.122,  11.31,  0.062, 351.61,  0.118,  74.79,  0.156, 116.24,-99.000, -99.00,-99.000, -99.00,-99.000, -99.00,-99.000, -99.00,
9/3/2006 03:55:00, 11.7,275.8,  0.6,  3.4, 18.756, 29.12,  0.0,  0.0,  0.087, 244.03,  0.032, 223.73,  0.156, 280.37,  0.113, 203.40,  0.128, 265.98,  0.051, 331.93,  0.065, 312.51,  0.066, 298.89,  0.037,  59.30,  0.110, 340.42,  0.142, 306.38,  0.079, 337.66,  0.038, 129.61,  0.052, 152.45,  0.084, 100.24,  0.036, 146.31,-99.000, -99.00,-99.000, -99.00,-99.000, -99.00,-99.000, -99.00,
9/3/2006 04:00:00, 11.7,275.8,  0.6,  3.4, 18.763, 29.12,  0.0,  0.0,  0.150, 290.24,  0.099, 230.34,  0.063, 288.43,  0.080, 257.70,  0.152, 274.92,  0.146, 279.07,  0.098, 294.20,  0.120, 335.36,  0.091, 273.77,  0.070, 286.62,  0.071, 328.76,  0.075, 309.61,  0.094, 320.19,  0.043,   9.46,  0.134, 116.18,  0.133, 136.22,-99.000, -99.00,-99.000, -99.00,-99.000, -99.00,-99.000, -99.00,
9/3/2006 04:05:00, 11.7,275.7,  0.6,  3.4, 18.772, 29.12,  0.0,  0.0,  0.086, 284.85,  0.097, 246.88,  0.040, 317.05,  0.103, 277.26,  0.103, 272.78,  0.084, 326.69,  0.075, 304.74,  0.078, 272.20,  0.115, 307.96,  0.234, 303.69,  0.213, 321.30,  0.076, 346.33,  0.099, 315.00,  0.069,  53.79,  0.209, 100.45,  0.030, 145.78,-99.000, -99.00,-99.000, -99.00,-99.000, -99.00,-99.000, -99.00,
9/3/2006 04:10:00, 11.7,275.9,  0.6,  3.4, 18.760, 29.11,  0.0,  0.0,  0.054, 190.68,  0.018,   9.46,  0.096, 320.50,  0.096, 264.64,  0.068, 341.03,  0.147, 280.17,  0.033, 203.43,  0.054, 267.88,  0.057, 309.29,  0.116, 331.67,  0.184, 342.65,  0.236, 338.33,  0.141, 337.07,  0.047,  16.11,  0.105,  77.29,  0.056, 134.27,-99.000, -99.00,-99.000, -99.00,-99.000, -99.00,-99.000, -99.00,
9/3/2006 04:15:00, 11.7,275.8,  0.6,  3.4, 18.766, 29.10,  0.0,  0.0,  0.103, 328.94,  0.043, 213.69,  0.040, 320.01,  0.147, 288.19,  0.110, 272.08,  0.123, 321.27,  0.058, 329.89,  0.090, 321.74,  0.107, 309.33,  0.077, 285.84,  0.196, 324.36,  0.124, 332.61,  0.155, 331.45,  0.122, 343.80,  0.059, 125.31,  0.093, 189.87,-99.000, -99.00,-99.000, -99.00,-99.000, -99.00,-99.000, -99.00,
9/3/2006 04:20:00, 11.7,275.9,  0.6,  3.4, 18.768, 29.09,  0.0,  0.0,  0.139, 307.69,  0.084,  42.59,  0.013, 175.60,  0.151, 274.54,  0.112, 270.00,  0.111, 335.05,  0.143, 317.27,  0.229, 310.57,  0.156, 334.92,  0.231, 327.00,  0.215, 322.54,  0.172, 324.46,  0.189, 336.28,  0.155, 310.04,  0.030, 289.65,  0.044,  91.30,-99.000, -99.00,-99.000, -99.00,-99.000, -99.00,-99.000, -99.00,
9/3/2006 04:25:00, 11.7,275.9,  0.6,  3.4, 18.765, 29.08,  0.0,  0.0,  0.045, 286.82,  0.016, 345.07,  0.109, 355.28,  0.109, 320.60,  0.105, 286.02,  0.182, 316.11,  0.153, 302.96,  0.191, 304.35,  0.192, 316.06,  0.207, 321.08,  0.166, 287.13,  0.190, 312.86,  0.189, 316.07,  0.228, 319.45,  0.197,  19.91,  0.123,  45.66,-99.000, -99.00,-99.000, -99.00,-99.000, -99.00,-99.000, -99.00,
9/3/2006 04:30:00, 11.7,275.7,  0.6,  3.4, 18.757, 29.07,  0.0,  0.0,  0.034,  53.47,  0.073, 316.67,  0.071, 277.33,  0.141, 261.87,  0.131, 292.45,  0.100, 304.01,  0.172, 306.27,  0.125, 290.18,  0.160, 331.19,  0.151, 334.96,  0.204, 331.93,  0.200, 308.70,  0.139, 341.96,  0.209, 333.92,  0.159, 353.50,  0.074, 312.80,-99.000, -99.00,-99.000, -99.00,-99.000, -99.00,-99.000, -99.00,
9/3/2006 04:35:00, 11.7,275.8,  0.6,  3.4, 18.759, 29.07,  0.0,  0.0,  0.094, 239.88,  0.129, 264.64,  0.080, 185.00,  0.068,  72.90,  0.090, 249.74,  0.121, 289.78,  0.219, 290.34,  0.194, 291.42,  0.221, 306.35,  0.190, 303.61,  0.145, 308.29,  0.202, 312.60,  0.153, 354.36,  0.216, 326.53,  0.179,   6.73,  0.052, 101.09,-99.000, -99.00,-99.000, -99.00,-99.000, -99.00,-99.000, -99.00,
9/3/2006 04:40:00, 11.7,275.8,  0.6,  3.4, 18.760, 29.07,  0.0,  0.0,  0.024, 160.82,  0.069, 161.30,  0.019, 325.49,  0.226, 292.93,  0.135, 269.15,  0.136, 305.10,  0.212, 306.54,  0.182, 320.80,  0.148, 324.37,  0.194, 330.00,  0.209, 326.54,  0.161, 306.94,  0.214, 316.14,  0.148, 325.45,  0.147,   0.00,  0.032,  33.69,-99.000, -99.00,-99.000, -99.00,-99.000, -99.00,-99.000, -99.00,
9/3/2006 04:45:00, 11.7,275.7,  0.6,  3.4, 18.752, 29.08,  0.0,  0.0,  0.035,  81.87,  0.086, 266.67,  0.031, 260.84,  0.094, 334.80,  0.102, 263.78,  0.195, 283.04,  0.116, 309.74,  0.170, 306.40,  0.136, 295.25,  0.149, 303.26,  0.111,   6.23,  0.129, 318.14,  0.228, 309.84,  0.169, 337.69,  0.136, 345.96,  0.084, 326.69,-99.000, -99.00,-99.000, -99.00,-99.000, -99.00,-99.000, -99.00,
9/3/2006 04:50:00, 11.7,275.7,  0.6,  3.4, 18.758, 29.08,  0.0,  0.0,  0.042,   4.09,  0.032,  97.13,  0.111,  88.45,  0.027, 261.57,  0.119, 277.24,  0.142, 288.05,  0.149, 271.92,  0.152, 284.49,  0.255, 314.05,  0.195, 290.76,  0.157, 296.08,  0.132, 338.68,  0.165, 315.74,  0.156, 325.70,  0.092, 332.88,  0.179, 265.85,-99.000, -99.00,-99.000, -99.00,-99.000, -99.00,-99.000, -99.00,
9/3/2006 04:55:00, 11.7,275.8,  0.6,  3.4, 18.748, 29.09,  0.0,  0.0,  0.064, 340.71,  0.080, 296.89,  0.059, 232.55,  0.141, 301.66,  0.144, 316.41,  0.172, 328.81,  0.191, 293.47,  0.195, 296.43,  0.117, 283.80,  0.155, 294.75,  0.143, 315.00,  0.155, 307.39,  0.149, 325.67,  0.179, 317.94,  0.143, 332.90,  0.080, 300.10,-99.000, -99.00,-99.000, -99.00,-99.000, -99.00,-99.000, -99.00,
9/3/2006 05:00:00, 11.7,275.8,  0.6,  3.4, 18.739, 29.10,  0.0,  0.0,  0.021, 259.22,  0.039, 211.22,  0.108, 234.40,  0.109, 296.10,  0.141, 299.29,  0.226, 299.74,  0.175, 293.20,  0.142, 330.36,  0.114, 287.96,  0.134, 330.57,  0.214, 342.92,  0.141, 332.53,  0.055, 292.38,  0.154, 318.15,  0.144, 340.05,  0.074, 215.63,-99.000, -99.00,-99.000, -99.00,-99.000, -99.00,-99.000, -99.00,
9/3/2006 05:05:00, 11.7,275.7,  0.6,  3.4, 18.752, 29.10,  0.0,  0.0,  0.090, 324.90,  0.066, 210.82,  0.058, 287.18,  0.153, 274.11,  0.132, 338.28,  0.148, 296.39,  0.139, 322.88,  0.211, 319.60,  0.184, 303.95,  0.194, 313.96,  0.203, 307.38,  0.156, 298.70,  0.165, 336.39,  0.187, 313.70,  0.155, 301.85,  0.088, 267.40,-99.000, -99.00,-99.000, -99.00,-99.000, -99.00,-99.000, -99.00,
9/3/2006 05:10:00, 11.7,275.7,  0.6,  3.4, 18.746, 29.11,  0.0,  0.0,  0.064,  22.14,  0.116, 356.55,  0.013, 296.57,  0.100, 292.97,  0.141, 312.99,  0.231, 310.44,  0.180, 319.05,  0.171, 312.39,  0.250, 303.75,  0.235, 301.05,  0.218, 287.35,  0.166, 323.34,  0.178, 328.54,  0.110, 329.48,  0.273, 306.07,  0.236, 303.76,-99.000, -99.00,-99.000, -99.00,-99.000, -99.00,-99.000, -99.00,
9/3/2006 05:15:00, 11.7,275.8,  0.6,  3.4, 18.746, 29.12,  0.0,  0.0,  0.138, 296.19,  0.057, 282.09,  0.043, 310.31,  0.058, 265.07,  0.093, 294.09,  0.201, 321.47,  0.165, 293.61,  0.181, 321.29,  0.287, 319.10,  0.193, 330.26,  0.226, 309.61,  0.220, 297.38,  0.170, 314.52,  0.187, 326.99,  0.241, 313.49,  0.273, 320.36,-99.000, -99.00,-99.000, -99.00,-99.000, -99.00,-99.000, -99.00,
9/3/2006 05:20:00, 11.7,275.8,  0.6,  3.4, 18.742, 29.12,  0.0,  0.0,  0.023,  19.98,  0.083, 313.06,  0.061, 269.06,  0.113, 232.52,  0.183, 245.40,  0.121, 284.38,  0.156, 319.68,  0.231, 309.90,  0.334, 315.24,  0.288, 309.78,  0.305, 310.48,  0.233, 328.15,  0.199, 338.73,  0.220, 318.50,  0.250, 308.98,  0.238, 315.85,-99.000, -99.00,-99.000, -99.00,-99.000, -99.00,-99.000, -99.00,
9/3/2006 05:25:00, 11.7,275.9,  0.6,  3.4, 18.741, 29.12,  0.0,  0.0,  0.049, 175.33,  0.022, 357.40,  0.021, 207.76,  0.059, 176.12,  0.151, 301.16,  0.108, 308.99,  0.158, 245.71,  0.137, 264.12,  0.047, 289.98,  0.067, 246.12,  0.056,  76.46,  0.097,  21.25,  0.191, 359.40,  0.248, 321.38,  0.140, 328.47,  0.207, 296.69,-99.000, -99.00,-99.000, -99.00,-99.000, -99.00,-99.000, -99.00,
9/3/2006 05:30:00, 11.7,275.8,  0.6,  3.4, 18.735, 29.12,  0.0,  0.0,  0.012,  65.56,  0.086, 298.35,  0.008, 225.00,  0.053, 308.83,  0.096, 292.02,  0.106, 255.31,  0.110, 276.28,  0.036, 258.69,  0.131, 263.85,  0.021,  25.35,  0.050, 101.53,  0.013, 180.00,  0.033, 263.09,  0.019, 183.01,  0.066,  23.09,  0.113, 323.64,-99.000, -99.00,-99.000, -99.00,-99.000, -99.00,-99.000, -99.00,
9/3/2006 05:35:00, 11.7,275.7,  0.6,  3.4, 18.727, 29.12,  0.0,  0.0,  0.031, 166.87,  0.110, 264.24,  0.021, 307.41,  0.074, 300.70,  0.076, 240.07,  0.066, 269.13,  0.134, 239.40,  0.144, 261.19,  0.113, 252.53,  0.069, 209.54,  0.107, 314.62,  0.048,  67.75,  0.037, 189.21,  0.074, 258.23,  0.024,  56.98,  0.088, 267.40,-99.000, -99.00,-99.000, -99.00,-99.000, -99.00,-99.000, -99.00,
9/3/2006 05:40:00, 11.7,275.8,  0.6,  3.4, 18.722, 29.12,  0.0,  0.0,  0.066, 166.81,  0.037, 240.64,  0.042,  18.00,  0.053, 235.71,  0.044, 288.43,  0.114, 287.32,  0.099, 270.58,  0.141, 258.13,  0.085, 246.45,  0.112, 241.14,  0.043, 231.55,  0.033, 291.16,  0.056,  99.29,  0.096, 218.66,  0.017, 156.37,  0.010, 315.00,-99.000, -99.00,-99.000, -99.00,-99.000, -99.00,-99.000, -99.00,
9/3/2006 05:45:00, 11.7,275.8,  0.6,  3.4, 18.721, 29.12,  0.0,  0.0,  0.038, 344.88,  0.091, 188.22,  0.049, 238.24,  0.062, 214.46,  0.106, 255.17,  0.016, 235.30,  0.141, 270.81,  0.132, 268.26,  0.088, 225.00,  0.107, 223.10,  0.050, 247.56,  0.036, 215.91,  0.030, 315.00,  0.005,  90.00,  0.026,  85.60,  0.041, 257.32,-99.000, -99.00,-99.000, -99.00,-99.000, -99.00,-99.000, -99.00,
9/3/2006 05:50:00, 11.7,275.9,  0.6,  3.4, 18.715, 29.12,  0.0,  0.0,  0.051, 200.56,  0.026,  49.64,  0.029, 356.05,  0.041, 184.18,  0.069, 274.97,  0.030,  74.58,  0.056, 295.20,  0.064, 300.96,  0.053, 305.79,  0.027, 318.01,  0.073,  79.77,  0.068,  17.90,  0.027,  90.00,  0.069, 277.54,  0.083, 119.66,  0.113, 174.94,-99.000, -99.00,-99.000, -99.00,-99.000, -99.00,-99.000, -99.00,
9/3/2006 05:55:00, 11.7,275.7,  0.6,  3.4, 18.721, 29.12,  0.0,  0.0,  0.076, 337.50,  0.013, 288.43,  0.055, 309.14,  0.051, 304.62,  0.066, 253.22,  0.105, 271.09,  0.058, 295.68,  0.181, 283.73,  0.109,  19.76,  0.128, 304.19,  0.065, 128.11,  0.086, 180.00,  0.085, 164.33,  0.098, 159.17,  0.184, 153.57,  0.154, 180.74,-99.000, -99.00,-99.000, -99.00,-99.000, -99.00,-99.000, -99.00,
9/3/2006 06:00:00, 11.7,275.8,  0.6,  3.4, 18.722, 29.12,  0.0,  0.0,  0.018,  29.36,  0.021, 343.30,  0.122, 317.98,  0.101, 304.95,  0.054, 280.68,  0.162, 286.87,  0.109, 315.00,  0.092, 303.86,  0.064, 265.53,  0.043, 249.44,  0.073, 272.35,  0.042, 315.00,  0.010,  60.95,  0.020, 130.91,  0.036, 200.92,  0.081, 232.56,-99.000, -99.00,-99.000, -99.00,-99.000, -99.00,-99.000, -99.00,
9/3/2006 06:05:00, 11.7,275.7,  0.6,  3.4, 18.712, 29.12,  0.0,  0.0,  0.143, 173.17,  0.084, 263.88,  0.093, 327.67,  0.117, 287.35,  0.121, 282.43,  0.087, 316.40,  0.096, 293.36,  0.085, 323.13,  0.039, 284.74,  0.069, 278.37,  0.007, 153.43,  0.034, 341.03,  0.044, 288.43,  0.039, 210.47,  0.120, 115.07,  0.101, 205.29,-99.000, -99.00,-99.000, -99.00,-99.000, -99.00,-99.000, -99.00,
9/3/2006 06:10:00, 11.7,275.7,  0.6,  3.4, 18.718, 29.12,  0.0,  0.0,  0.079,  31.46,  0.070,  38.02,  0.078, 261.87,  0.102, 268.32,  0.088, 254.86,  0.120, 255.96,  0.116, 237.68,  0.123, 252.45,  0.090, 264.29,  0.153, 270.75,  0.060, 281.50,  0.066, 241.11,  0.080, 172.79,  0.023, 226.74,  0.022, 338.20,  0.111, 241.35,-99.000, -99.00,-99.000, -99.00,-99.000, -99.00,-99.000, -99.00,
9/3/2006 06:15:00, 11.7,275.8,  0.6,  3.4, 18.709, 29.13,  0.0,  0.0,  0.073, 322.82,  0.026, 302.47,  0.065, 269.12,  0.138, 268.75,  0.062, 240.14,  0.074, 295.53,  0.104, 280.01,  0.140, 271.23,  0.063, 267.27,  0.050, 246.50,  0.038, 347.80,  0.023,  34.38,  0.031,  88.15,  0.082, 102.68,  0.024, 355.24,  0.076, 231.93,-99.000, -99.00,-99.000, -99.00,-99.000, -99.00,-99.000, -99.00,
9/3/2006 06:20:00, 11.7,275.7,  0.6,  3.4, 18.707, 29.13,  0.0,  0.0,  0.104, 312.27,  0.061, 353.45,  0.062,  33.18,  0.051,   1.12,  0.066, 288.43,  0.120, 258.50,  0.064, 318.81,  0.153, 286.31,  0.040, 304.88,  0.144, 293.36,  0.096, 344.22,  0.074, 316.64,  0.061, 342.76,  0.034,  69.44,  0.048,  94.76,  0.077, 202.22,-99.000, -99.00,-99.000, -99.00,-99.000, -99.00,-99.000, -99.00,
9/3/2006 06:25:00, 11.7,275.8,  0.6,  3.4, 18.715, 29.13,  0.0,  0.0,  0.075, 275.33,  0.033, 111.16,  0.150, 285.42,  0.093, 355.08,  0.072,  30.14,  0.057, 282.09,  0.067, 270.00,  0.038, 229.24,  0.072, 296.21,  0.092, 327.86,  0.052, 242.45,  0.034, 323.47,  0.085, 305.38,  0.028, 161.57,  0.141, 129.23,  0.160, 212.20,-99.000, -99.00,-99.000, -99.00,-99.000, -99.00,-99.000, -99.00,
9/3/2006 06:30:00, 11.7,275.9,  0.6,  3.4, 18.713, 29.13,  0.0,  0.0,  0.104, 343.30,  0.027, 236.89,  0.093, 239.04,  0.076, 293.20,  0.042, 145.56,  0.122, 260.54,  0.117, 258.21,  0.120, 259.91,  0.067, 270.00,  0.077, 233.43,  0.098, 254.54,  0.052, 228.09,  0.123,  91.86,  0.013, 167.01,  0.134, 157.25,  0.055, 316.47,-99.000, -99.00,-99.000, -99.00,-99.000, -99.00,-99.000, -99.00,
9/3/2006 06:35:00, 11.7,275.7,  0.6,  3.4, 18.709, 29.13,  0.0,  0.0,  0.095, 299.82,  0.109, 219.07,  0.011,  90.00,  0.051, 303.07,  0.150, 255.31,  0.071, 252.07,  0.059, 300.47,  0.088, 312.71,  0.128, 291.13,  0.073, 299.36,  0.029, 358.03,  0.057, 260.87,  0.098, 222.51,  0.078, 203.29,  0.056, 248.01,  0.155, 271.85,-99.000, -99.00,-99.000, -99.00,-99.000, -99.00,-99.000, -99.00,
9/3/2006 06:40:00, 11.7,275.9,  0.6,  3.4, 18.707, 29.13,  0.0,  0.0,  0.025,  58.24,  0.021, 109.29,  0.021, 315.00,  0.042, 323.67,  0.080, 338.86,  0.095,   3.01,  0.101, 329.62,  0.057, 232.13,  0.059,  15.68,  0.027,  33.11,  0.055, 332.05,  0.075, 216.87,  0.080, 206.89,  0.033, 307.57,  0.049, 286.59,  0.171, 280.12,-99.000, -99.00,-99.000, -99.00,-99.000, -99.00,-99.000, -99.00,
9/3/2006 06:45:00, 11.7,275.7,  0.6,  3.4, 18.708, 29.13,  0.0,  0.0,  0.069,  20.27,  0.016, 243.43,  0.135, 359.58,  0.003, 108.43,  0.056, 349.70,  0.041, 344.25,  0.004, 236.31,  0.099, 229.90,  0.098, 284.74,  0.046, 297.12,  0.053, 254.65,  0.070, 225.58,  0.159, 253.51,  0.099, 234.87,  0.076, 295.89,  0.157, 284.74,-99.000, -99.00,-99.000, -99.00,-99.000, -99.00,-99.000, -99.00,
9/3/2006 06:50:00, 11.7,275.8,  0.6,  3.4, 18.693, 29.13,  0.0,  0.0,  0.196,  13.89,  0.090, 359.36,  0.041, 270.00,  0.104, 287.91,  0.087,   2.63,  0.072,  20.46,  0.114, 332.99,  0.144, 337.90,  0.128,  12.63,  0.077, 355.54,  0.071, 263.57,  0.084, 270.00,  0.103, 277.26,  0.158, 249.27,  0.103, 268.89,  0.105, 263.42,-99.000, -99.00,-99.000, -99.00,-99.000, -99.00,-99.000, -99.00,
9/3/2006 06:55:00, 11.7,275.7,  0.6,  3.4, 18.688, 29.12,  0.0,  0.0,  0.034, 121.83,  0.086, 302.22,  0.014, 252.90,  0.109, 330.84,  0.139, 347.16,  0.025, 270.00,  0.020,   2.86,  0.069, 292.87,  0.092, 273.73,  0.106, 240.52,  0.107, 262.48,  0.146, 254.05,  0.097, 258.69,  0.141, 235.41,  0.077, 245.43,  0.019, 218.66,-99.000, -99.00,-99.000, -99.00,-99.000, -99.00,-99.000, -99.00,
9/3/2006 07:00:00, 11.7,275.8,  0.6,  3.4, 18.687, 29.12,  0.0,  0.0,  0.073, 342.55,  0.092,  53.38,  0.069, 353.39,  0.025, 151.39,  0.022,  46.85,  0.085,  65.83,  0.036,  57.65,  0.066,  22.29,  0.112,   0.00,  0.122, 336.80,  0.117, 341.57,  0.084, 274.09,  0.171, 257.51,  0.074, 278.57,  0.052, 185.49,  0.015, 277.59,-99.000, -99.00,-99.000, -99.00,-99.000, -99.00,-99.000, -99.00,
9/3/2006 07:05:00, 11.7,275.7,  0.6,  3.4, 18.671, 29.12,  0.0,  0.0,  0.072, 339.54,  0.061, 322.37,  0.040, 345.62,  0.077, 340.40,  0.071, 356.78,  0.008, 270.00,  0.027, 218.99,  0.029, 292.17,  0.086, 305.54,  0.028, 338.96,  0.059, 357.09,  0.059, 295.25,  0.034, 208.07,  0.082, 262.96,  0.059, 142.55,  0.031,   0.00,-99.000, -99.00,-99.000, -99.00,-99.000, -99.00,-99.000, -99.00,
9/3/2006 07:10:00, 11.7,275.9,  0.6,  3.4, 18.668, 29.12,  0.0,  0.0,  0.059,  98.82,  0.073, 332.39,  0.059, 333.00,  0.060, 336.43,  0.127, 299.80,  0.052,  44.22,  0.076,  25.56,  0.090, 110.26,  0.070,  54.94,  0.093,  71.18,  0.066, 315.00,  0.054, 275.29,  0.108, 234.83,  0.125, 245.90,  0.025,  71.57,  0.084, 215.78,-99.000, -99.00,-99.000, -99.00,-99.000, -99.00,-99.000, -99.00,
9/3/2006 07:15:00, 11.7,275.7,  0.6,  3.4, 18.659, 29.12,  0.0,  0.0,  0.073, 328.50,  0.126,  10.06,  0.082, 329.04,  0.038, 333.43,  0.045,  60.57,  0.020,  17.53,  0.091, 329.79,  0.067, 297.72,  0.037, 344.48,  0.065, 308.11,  0.068, 238.89,  0.137, 264.96,  0.111, 235.30,  0.108, 237.49,  0.004, 243.43,  0.089, 269.36,-99.000, -99.00,-99.000, -99.00,-99.000, -99.00,-99.000, -99.00,
9/3/2006 07:20:00, 11.7,275.8,  0.6,  3.4, 18.669, 29.12,  0.0,  0.0,  0.012, 120.96,  0.062, 292.83,  0.055, 332.97,  0.109,  78.38,  0.092, 265.65,  0.078, 324.89,  0.021, 334.65,  0.082, 295.31,  0.052, 288.08,  0.047, 176.35,  0.072, 228.96,  0.079, 249.27,  0.051, 190.20,  0.007,  81.87,  0.123, 119.28,  0.043, 286.31,-99.000, -99.00,-99.000, -99.00,-99.000, -99.00,-99.000, -99.00,
9/3/2006 07:25:00, 11.7,275.9,  0.6,  3.4, 18.667, 29.12,  0.0,  0.0,  0.058,  83.12,  0.100, 324.73,  0.097, 345.11,  0.045, 190.30,  0.092, 289.61,  0.034, 183.37,  0.073, 281.93,  0.114, 223.22,  0.068, 298.07,  0.128, 309.92,  0.083, 267.24,  0.096, 200.70,  0.056, 314.27,  0.088, 129.47,  0.083, 135.00,  0.023,  87.51,-99.000, -99.00,-99.000, -99.00,-99.000, -99.00,-99.000, -99.00,
9/3/2006 07:30:00, 11.7,275.7,  0.6,  3.4, 18.663, 29.12,  0.0,  0.0,  0.034, 294.30,  0.128, 269.55,  0.077,  57.13,  0.128, 318.48,  0.041,   5.57,  0.078, 319.16,  0.022, 338.20,  0.076, 348.69,  0.099, 355.96,  0.032, 295.77,  0.065, 253.81,  0.072, 291.21,  0.035, 332.70,  0.034,  15.26,  0.037, 222.80,  0.124, 201.20,-99.000, -99.00,-99.000, -99.00,-99.000, -99.00,-99.000, -99.00,
9/3/2006 07:35:00, 11.7,275.7,  0.6,  3.4, 18.671, 29.13,  0.0,  0.0,  0.039,  13.32,  0.077, 171.03,  0.073,  47.78,  0.126, 149.35,  0.118, 179.03,  0.051, 337.99,  0.027, 235.71,  0.099, 241.11,  0.057, 278.13,  0.134, 256.17,  0.092, 243.43,  0.082, 188.43,  0.125, 142.49,  0.058, 187.99,  0.077, 135.53,  0.086, 270.67,-99.000, -99.00,-99.000, -99.00,-99.000, -99.00,-99.000, -99.00,
9/3/2006 07:40:00, 11.7,275.7,  0.6,  3.4, 18.659, 29.13,  0.0,  0.0,  0.076, 353.16,  0.042, 149.74,  0.056, 315.73,  0.023,  99.87,  0.039, 265.60,  0.017, 166.76,  0.047, 314.14,  0.077, 329.42,  0.082, 300.61,  0.106, 284.17,  0.097, 270.00,  0.069, 226.77,  0.034, 249.44,  0.033, 141.07,  0.044, 149.93,  0.088, 196.57,-99.000, -99.00,-99.000, -99.00,-99.000, -99.00,-99.000, -99.00,
9/3/2006 07:45:00, 11.7,275.9,  0.6,  3.4, 18.659, 29.14,  0.0,  0.0,  0.101, 354.91,  0.061, 184.69,  0.036, 265.24,  0.048, 155.56,  0.036, 223.88,  0.050, 340.11,  0.056, 307.69,  0.115, 234.93,  0.056, 344.48,  0.099, 309.66,  0.047, 162.72,  0.029, 337.83,  0.076,  55.68,  0.044,  86.10,  0.180, 101.19,  0.074, 116.57,-99.000, -99.00,-99.000, -99.00,-99.000, -99.00,-99.000, -99.00,
9/3/2006 07:50:00, 11.7,275.7,  0.6,  3.4, 18.652, 29.14,  0.0,  0.0,  0.140, 340.79,  0.057,  83.00,  0.025, 270.00,  0.041, 173.05,  0.004, 255.96,  0.105,  76.23,  0.100,  33.22,  0.068, 332.68,  0.120, 315.34,  0.006, 270.00,  0.058, 258.11,  0.064, 265.53,  0.068,  99.32,  0.080, 144.71,  0.076, 118.25,  0.088, 348.82,-99.000, -99.00,-99.000, -99.00,-99.000, -99.00,-99.000, -99.00,
9/3/2006 07:55:00, 11.7,275.7,  0.6,  3.4, 18.653, 29.14,  0.0,  0.0,  0.101, 357.73,  0.044, 304.78,  0.072,  24.78,  0.064, 352.87,  0.054, 229.51,  0.043, 249.44,  0.050, 267.71,  0.058, 296.57,  0.082, 296.88,  0.120, 255.04,  0.082, 152.50,  0.062, 183.69,  0.095, 167.86,  0.016, 251.57,  0.124,  92.77,  0.040, 132.95,-99.000, -99.00,-99.000, -99.00,-99.000, -99.00,-99.000, -99.00,
9/3/2006 08:00:00, 11.7,275.8,  0.6,  3.4, 18.652, 29.14,  0.0,  0.0,  0.084, 336.18,  0.063, 113.32,  0.066, 334.98,  0.036,  51.84,  0.013, 278.75,  0.069,  84.21,  0.080, 234.71,  0.033, 232.43,  0.085, 315.95,  0.027, 282.99,  0.068, 259.85,  0.114, 287.80,  0.041, 289.75,  0.048, 111.80,  0.137, 110.56,  0.069, 109.49,-99.000, -99.00,-99.000, -99.00,-99.000, -99.00,-99.000, -99.00,
9/3/2006 08:05:00, 11.7,275.7,  0.6,  3.4, 18.662, 29.14,  0.0,  0.0,  0.073, 303.25,  0.070,  22.56,  0.136, 137.39,  0.054, 234.83,  0.120,   0.00,  0.080, 292.73,  0.104, 319.70,  0.085,  42.14,  0.081, 273.53,  0.121, 246.18,  0.094, 288.05,  0.022, 177.40,  0.076, 110.11,  0.069,  70.51,  0.043, 140.71,  0.082, 213.50,-99.000, -99.00,-99.000, -99.00,-99.000, -99.00,-99.000, -99.00,
9/3/2006 08:10:00, 11.7,275.8,  0.6,  3.4, 18.644, 29.14,  0.0,  0.0,  0.093, 304.54,  0.055, 338.59,  0.066,  43.78,  0.136,  15.77,  0.043, 335.22,  0.178, 346.04,  0.146, 323.05,  0.106, 301.89,  0.049, 351.87,  0.093, 290.77,  0.067, 273.42,  0.060, 302.11,  0.059, 286.89,  0.093, 119.59,  0.047, 132.44,  0.059, 188.82,-99.000, -99.00,-99.000, -99.00,-99.000, -99.00,-99.000, -99.00,
9/3/2006 08:15:00, 11.7,275.8,  0.6,  3.4, 18.641, 29.14,  0.0,  0.0,  0.130, 342.54,  0.092, 328.39,  0.034, 227.39,  0.114, 346.33,  0.038,  73.01,  0.082,  40.07,  0.022,  84.81,  0.004,  33.69,  0.134, 302.50,  0.094, 281.67,  0.021,  62.24,  0.024, 262.87,  0.035,  90.00,  0.037, 128.42,  0.089,  51.84,  0.040,  11.59,-99.000, -99.00,-99.000, -99.00,-99.000, -99.00,-99.000, -99.00,
9/3/2006 08:20:00, 11.7,275.7,  0.6,  3.4, 18.651, 29.14,  0.0,  0.0,  0.049,  49.14,  0.036,   3.18,  0.051,  25.56,  0.051, 296.57,  0.026, 147.53,  0.093, 322.39,  0.035, 358.36,  0.022, 344.05,  0.021, 315.00,  0.095, 277.87,  0.077, 211.22,  0.085, 150.42,  0.133,  90.86,  0.077,  52.39,  0.099,  91.74,  0.081, 145.53,-99.000, -99.00,-99.000, -99.00,-99.000, -99.00,-99.000, -99.00,
9/3/2006 08:25:00, 11.7,275.7,  0.6,  3.4, 18.650, 29.14,  0.0,  0.0,  0.060,   0.95,  0.078, 312.92,  0.015,  28.30,  0.124, 355.85,  0.012,   0.00,  0.151, 329.88,  0.126, 303.06,  0.153, 294.38,  0.076, 296.57,  0.049, 243.43,  0.004, 333.43,  0.005, 270.00,  0.056, 335.73,  0.075, 116.22,  0.120, 112.51,  0.111, 326.02,-99.000, -99.00,-99.000, -99.00,-99.000, -99.00,-99.000, -99.00,
9/3/2006 08:30:00, 11.7,275.7,  0.6,  3.4, 18.633, 29.14,  0.0,  0.0,  0.045, 308.66,  0.067, 315.60,  0.066, 343.22,  0.226, 332.87,  0.098, 345.26,  0.105, 338.10,  0.106, 314.24,  0.061,  20.22,  0.062, 299.86,  0.037,  83.83,  0.074, 311.70,  0.067, 297.72,  0.021,  39.09,  0.008, 262.87,  0.059, 116.13,  0.063, 161.57,-99.000, -99.00,-99.000, -99.00,-99.000, -99.00,-99.000, -99.00,
9/3/2006 08:35:00, 11.7,275.9,  0.6,  3.4, 18.630, 29.14,  0.0,  0.0,  0.098, 330.04,  0.068, 282.80,  0.019,  78.11,  0.052, 327.53,  0.031,  76.87,  0.115, 330.32,  0.088, 351.50,  0.097, 290.49,  0.093, 300.96,  0.090, 268.09,  0.092, 261.87,  0.093, 224.56,  0.099, 254.85,  0.019, 341.57,  0.058, 110.32,  0.076, 343.23,-99.000, -99.00,-99.000, -99.00,-99.000, -99.00,-99.000, -99.00,
9/3/2006 08:40:00, 11.7,275.8,  0.6,  3.4, 18.629, 29.15,  0.0,  0.0,  0.029, 136.40,  0.014, 347.91,  0.032, 327.80,  0.138, 349.99,  0.019, 308.66,  0.064,   7.24,  0.066, 285.71,  0.082, 325.92,  0.043,  39.29,  0.013, 337.38,  0.025, 265.43,  0.071, 327.65,  0.046, 297.12,  0.022,  30.07,  0.066,  63.05,  0.024, 345.38,-99.000, -99.00,-99.000, -99.00,-99.000, -99.00,-99.000, -99.00,
9/3/2006 08:45:00, 11.7,275.7,  0.6,  3.4, 18.633, 29.15,  0.0,  0.0,  0.082, 270.70,  0.051,   0.00,  0.107, 298.48,  0.078, 309.81,  0.049, 259.38,  0.045, 290.85,  0.192, 285.12,  0.118, 324.29,  0.173, 299.38,  0.043, 339.44,  0.015, 195.95,  0.088, 319.61,  0.073, 300.43,  0.056, 142.31,  0.062, 113.68,  0.098, 299.17,-99.000, -99.00,-99.000, -99.00,-99.000, -99.00,-99.000, -99.00,
9/3/2006 08:50:00, 11.7,275.7,  0.6,  3.4, 18.631, 29.15,  0.0,  0.0,  0.090, 330.88,  0.059, 322.55,  0.029, 183.95,  0.080, 318.54,  0.061, 300.80,  0.050, 357.71,  0.054, 245.82,  0.092, 262.49,  0.103, 227.35,  0.192, 261.91,  0.086, 292.67,  0.032, 316.27,  0.108,  84.71,  0.011,  90.00,  0.035,  41.50,  0.108, 164.93,-99.000, -99.00,-99.000, -99.00,-99.000, -99.00,-99.000, -99.00,
9/3/2006 08:55:00, 11.7,275.7,  0.6,  3.4, 18.622, 29.15,  0.0,  0.0,  0.060, 273.81,  0.022,  74.05,  0.057, 323.53,  0.030,   1.91,  0.052, 310.36,  0.091, 288.63,  0.087, 328.70,  0.062, 335.10,  0.113, 340.28,  0.069,   0.83,  0.033, 284.04,  0.051, 300.58,  0.054, 178.94,  0.023,  45.00,  0.039,  78.11,  0.074, 176.13,-99.000, -99.00,-99.000, -99.00,-99.000, -99.00,-99.000, -99.00,
9/3/2006 09:00:00, 11.7,275.7,  0.6,  3.4, 18.625, 29.14,  0.0,  0.0,  0.062, 347.97,  0.081, 223.51,  0.025, 143.13,  0.061, 307.06,  0.090, 289.44,  0.062, 320.91,  0.079, 325.30,  0.091,   0.00,  0.062, 275.53,  0.075, 202.80,  0.031,  38.37,  0.044, 357.40,  0.030, 297.41,  0.072,  43.88,  0.038,  52.52,  0.090, 312.75,-99.000, -99.00,-99.000, -99.00,-99.000, -99.00,-99.000, -99.00,
9/3/2006 09:05:00, 11.7,275.7,  0.6,  3.4, 18.623, 29.15,  0.0,  0.0,  0.112, 344.48,  0.096, 311.63,  0.098,   6.47,  0.120, 313.31,  0.045, 329.47,  0.012,  34.99,  0.075, 283.11,  0.127, 293.14,  0.120, 347.94,  0.055, 325.44,  0.077, 315.53,  0.028, 337.07,  0.055,  70.91,  0.005, 126.87,  0.097, 132.91,  0.120, 199.04,-99.000, -99.00,-99.000, -99.00,-99.000, -99.00,-99.000, -99.00,
9/3/2006 09:10:00, 11.7,275.7,  0.6,  3.4, 18.617, 29.16,  0.0,  0.0,  0.112, 316.08,  0.115, 312.17,  0.026, 276.58,  0.051,  52.91,  0.093, 323.75,  0.098, 325.01,  0.065, 285.10,  0.048, 321.71,  0.101, 320.63,  0.086, 322.07,  0.037, 344.48,  0.084, 286.50,  0.061, 270.00,  0.042, 101.04,  0.058, 294.36,  0.028,  77.47,-99.000, -99.00,-99.000, -99.00,-99.000, -99.00,-99.000, -99.00,
9/3/2006 09:15:00, 11.7,275.7,  0.6,  3.4, 18.628, 29.16,  0.0,  0.0,  0.170, 324.34,  0.059, 312.27,  0.025,  80.91,  0.120,  38.21,  0.153,  34.10,  0.046,  38.85,  0.041, 322.00,  0.066, 344.05,  0.154, 344.97,  0.092,   5.59,  0.009, 243.43,  0.046, 331.19,  0.098, 101.77,  0.085, 107.15,  0.125, 114.52,  0.055, 109.09,-99.000, -99.00,-99.000, -99.00,-99.000, -99.00,-99.000, -99.00,
9/3/2006 09:20:00, 11.7,276.0,  0.6,  3.4, 18.618, 29.16,  0.0,  0.0,  0.083,  82.36,  0.052, 265.60,  0.095,   7.87,  0.023, 357.51,  0.118, 349.74,  0.105,  62.22,  0.092, 297.96,  0.016,   0.00,  0.045, 229.54,  0.071, 346.94,  0.147, 334.65,  0.088, 339.29,  0.065,  36.87,  0.093, 147.67,  0.209, 111.90,  0.188,  83.90,-99.000, -99.00,-99.000, -99.00,-99.000, -99.00,-99.000, -99.00,
9/3/2006 09:25:00, 11.7,275.6,  0.6,  3.4, 18.627, 29.17,  0.0,  0.0,  0.090, 339.96,  0.111, 355.36,  0.056, 333.43,  0.073,   4.70,  0.062,   0.92,  0.107, 317.65,  0.034, 270.00,  0.031, 312.40,  0.032,   0.00,  0.039, 324.29,  0.096, 304.85,  0.059,  48.45,  0.010, 126.87,  0.156,  67.38,  0.187, 107.46,  0.101, 121.64,-99.000, -99.00,-99.000, -99.00,-99.000, -99.00,-99.000, -99.00,
9/3/2006 09:30:00, 11.7,275.7,  0.6,  3.4, 18.616, 29.17,  0.0,  0.0,  0.053, 328.11,  0.069, 337.13,  0.110, 292.38,  0.104, 255.56,  0.088, 346.12,  0.095, 323.13,  0.051, 335.92,  0.113, 354.94,  0.052, 327.53,  0.046,  19.23,  0.100, 323.13,  0.104, 358.35,  0.096,  12.59,  0.157,  84.14,  0.199, 105.71,  0.031, 109.03,-99.000, -99.00,-99.000, -99.00,-99.000, -99.00,-99.000, -99.00,
9/3/2006 09:35:00, 11.7,275.8,  0.6,  3.4, 18.608, 29.17,  0.0,  0.0,  0.149, 281.99,  0.138, 347.47,  0.079, 348.26,  0.075,  14.59,  0.116, 318.86,  0.117, 355.60,  0.040, 337.93,  0.123,  15.05,  0.095,   1.81,  0.063,  52.05,  0.088, 344.86,  0.042,  30.26,  0.050,  90.00,  0.050, 131.73,  0.072, 152.02,  0.118, 324.29,-99.000, -99.00,-99.000, -99.00,-99.000, -99.00,-99.000, -99.00,
9/3/2006 09:40:00, 11.7,275.7,  0.6,  3.4, 18.620, 29.17,  0.0,  0.0,  0.054, 306.03,  0.096, 312.88,  0.048,  54.32,  0.111, 339.44,  0.168, 315.48,  0.098, 331.34,  0.115, 334.32,  0.123, 298.65,  0.087, 326.67,  0.060, 343.66,  0.073,   0.00,  0.116,  47.79,  0.018, 337.62,  0.078, 134.48,  0.117, 108.43,  0.038,  83.99,-99.000, -99.00,-99.000, -99.00,-99.000, -99.00,-99.000, -99.00,
9/3/2006 09:45:00, 11.7,275.7,  0.6,  3.4, 18.619, 29.16,  0.0,  0.0,  0.122, 328.79,  0.080, 335.67,  0.126,  38.87,  0.175, 340.63,  0.112, 319.34,  0.134, 313.48,  0.134, 329.62,  0.075, 333.78,  0.032,   1.79,  0.066, 346.81,  0.129,  39.63,  0.077,  27.90,  0.049,  55.01,  0.077,  87.03,  0.164,  89.65,  0.089, 116.57,-99.000, -99.00,-99.000, -99.00,-99.000, -99.00,-99.000, -99.00,
9/3/2006 09:50:00, 11.7,275.8,  0.6,  3.4, 18.624, 29.16,  0.0,  0.0,  0.163,   8.13,  0.105, 318.87,  0.103, 339.44,  0.051, 296.57,  0.078, 290.98,  0.103, 295.82,  0.082, 331.56,  0.079,  30.47,  0.055,  24.70,  0.062,  13.13,  0.098,  62.65,  0.069, 299.54,  0.110, 153.43,  0.091, 135.00,  0.111, 111.71,  0.012, 175.24,-99.000, -99.00,-99.000, -99.00,-99.000, -99.00,-99.000, -99.00,
9/3/2006 09:55:00, 11.7,275.7,  0.6,  3.4, 18.625, 29.16,  0.0,  0.0,  0.224, 328.86,  0.125, 344.18,  0.090, 320.84,  0.137, 307.29,  0.142, 328.55,  0.074, 304.55,  0.145, 327.41,  0.132, 345.54,  0.133,  29.85,  0.103,  26.57,  0.024,  14.62,  0.041,  67.17,  0.020,  11.31,  0.066,  96.05,  0.129, 100.27,  0.046, 351.16,-99.000, -99.00,-99.000, -99.00,-99.000, -99.00,-99.000, -99.00,
9/3/2006 10:00:00, 11.7,275.8,  0.6,  3.4, 18.629, 29.15,  0.0,  0.0,  0.079,   7.31,  0.085, 355.29,  0.127, 337.28,  0.164, 275.26,  0.117, 316.04,  0.158, 309.62,  0.107, 324.52,  0.157, 339.49,  0.139,   7.84,  0.115,  42.17,  0.067,  34.64,  0.115,  95.51,  0.058, 144.12,  0.132, 134.69,  0.082, 134.01,  0.021, 244.65,-99.000, -99.00,-99.000, -99.00,-99.000, -99.00,-99.000, -99.00,
9/3/2006 10:05:00, 11.7,275.8,  0.6,  3.4, 18.622, 29.14,  0.0,  0.0,  0.038, 324.64,  0.110, 355.84,  0.077, 333.77,  0.102, 337.47,  0.156, 318.64,  0.126, 319.84,  0.157, 331.97,  0.166, 289.31,  0.097, 337.65,  0.125,  28.21,  0.102, 354.96,  0.011, 338.20,  0.045,  69.15,  0.034, 193.63,  0.072,  95.55,  0.059, 276.77,-99.000, -99.00,-99.000, -99.00,-99.000, -99.00,-99.000, -99.00,
9/3/2006 10:10:00, 11.7,275.8,  0.6,  3.4, 18.634, 29.14,  0.0,  0.0,  0.110, 315.37,  0.148, 342.67,  0.063,  11.84,  0.127, 340.29,  0.096, 304.85,  0.106, 298.26,  0.115, 313.95,  0.095, 359.40,  0.189,   5.47,  0.117,   5.42,  0.060, 319.09,  0.012, 145.01,  0.034, 204.30,  0.057, 105.26,  0.065, 162.12,  0.095, 292.80,-99.000, -99.00,-99.000, -99.00,-99.000, -99.00,-99.000, -99.00,
9/3/2006 10:15:00, 11.7,275.7,  0.6,  3.4, 18.631, 29.14,  0.0,  0.0,  0.164, 341.90,  0.172, 355.32,  0.123,   5.62,  0.194, 305.98,  0.220, 315.18,  0.155, 305.54,  0.086, 318.31,  0.122, 314.67,  0.160,   0.00,  0.096,   1.19,  0.107, 352.48,  0.079,  99.46,  0.039,  94.40,  0.044, 177.40,  0.052, 285.64,  0.085, 295.67,-99.000, -99.00,-99.000, -99.00,-99.000, -99.00,-99.000, -99.00,
9/3/2006 10:20:00, 11.7,275.8,  0.6,  3.4, 18.634, 29.14,  0.0,  0.0,  0.025, 186.84,  0.141, 357.97,  0.118, 328.87,  0.085,   4.04,  0.114, 286.36,  0.133, 299.85,  0.090, 305.98,  0.084, 326.12,  0.079, 320.66,  0.135,  32.63,  0.060,  26.57,  0.051,  51.34,  0.006, 308.66,  0.051, 118.07,  0.045, 129.64,  0.037, 274.64,-99.000, -99.00,-99.000, -99.00,-99.000, -99.00,-99.000, -99.00,
9/3/2006 10:25:00, 11.7,275.6,  0.6,  3.4, 18.634, 29.15,  0.0,  0.0,  0.219, 332.85,  0.130, 358.68,  0.086, 338.20,  0.099,  25.02,  0.164, 343.33,  0.182, 322.37,  0.076, 342.28,  0.120,   8.13,  0.118, 338.20,  0.125, 345.19,  0.060, 325.24,  0.061,  17.24,  0.118, 348.31,  0.115,  61.87,  0.092,  67.05,  0.085, 292.93,-99.000, -99.00,-99.000, -99.00,-99.000, -99.00,-99.000, -99.00,
9/3/2006 10:30:00, 11.7,275.8,  0.6,  3.4, 18.636, 29.15,  0.0,  0.0,  0.274, 336.53,  0.099, 330.33,  0.098, 343.41,  0.140, 351.81,  0.184, 335.25,  0.228, 336.80,  0.150, 326.94,  0.124, 308.44,  0.150, 321.76,  0.117,  24.81,  0.142,  21.12,  0.066, 349.54,  0.038,   7.50,  0.040, 298.50,  0.089, 129.56,  0.025, 223.36,-99.000, -99.00,-99.000, -99.00,-99.000, -99.00,-99.000, -99.00,
9/3/2006 10:35:00, 11.7,275.8,  0.6,  3.4, 18.635, 29.16,  0.0,  0.0,  0.142, 348.61,  0.101, 347.47,  0.113,  19.72,  0.180, 313.88,  0.059, 323.33,  0.094, 329.35,  0.202, 297.45,  0.149, 293.81,  0.106,   3.78,  0.096,  43.32,  0.109,   0.53,  0.109, 358.95,  0.028,  46.47,  0.029, 164.05,  0.068, 150.05,  0.079, 213.08,-99.000, -99.00,-99.000, -99.00,-99.000, -99.00,-99.000, -99.00,
9/3/2006 10:40:00, 11.7,276.0,  0.6,  3.4, 18.637, 29.16,  0.0,  0.0,  0.120,  24.01,  0.128, 345.10,  0.032, 291.80,  0.142, 321.28,  0.110, 297.73,  0.132, 325.47,  0.189, 341.85,  0.132, 334.02,  0.107, 335.11,  0.159, 338.27,  0.172,   9.02,  0.133,  37.99,  0.099,  59.83,  0.083,  64.98,  0.130,  99.75,  0.031, 196.70,-99.000, -99.00,-99.000, -99.00,-99.000, -99.00,-99.000, -99.00,
9/3/2006 10:45:00, 11.7,275.8,  0.6,  3.4, 18.635, 29.17,  0.0,  0.0,  0.105, 324.33,  0.115,  14.04,  0.115, 313.59,  0.160, 317.03,  0.138, 332.88,  0.180, 334.29,  0.101, 297.84,  0.147, 284.60,  0.161, 341.57,  0.157, 357.45,  0.131, 359.13,  0.071, 334.89,  0.086, 329.84,  0.054,  45.74,  0.029, 114.78,  0.054,  96.34,-99.000, -99.00,-99.000, -99.00,-99.000, -99.00,-99.000, -99.00,
9/3/2006 10:50:00, 11.7,275.8,  0.6,  3.4, 18.638, 29.17,  0.0,  0.0,  0.221, 327.17,  0.104,   4.40,  0.214, 348.43,  0.160, 330.88,  0.247, 324.57,  0.183, 335.53,  0.183, 309.25,  0.179, 324.98,  0.139, 354.21,  0.079, 324.29,  0.103, 336.66,  0.053, 321.84,  0.060,  24.84,  0.081,  55.53,  0.099, 113.20,  0.074, 349.90,-99.000, -99.00,-99.000, -99.00,-99.000, -99.00,-99.000, -99.00,
9/3/2006 10:55:00, 11.7,275.7,  0.6,  3.4, 18.631, 29.17,  0.0,  0.0,  0.232, 342.97,  0.107, 358.39,  0.114,   0.00,  0.203, 354.63,  0.219, 320.19,  0.125, 291.63,  0.083, 340.91,  0.109, 323.24,  0.131, 337.55,  0.159,  50.10,  0.103,  60.19,  0.103,  35.54,  0.091,  54.39,  0.066,  65.77,  0.045,  67.96,  0.097, 128.75,-99.000, -99.00,-99.000, -99.00,-99.000, -99.00,-99.000, -99.00,
9/3/2006 11:00:00, 11.7,275.9,  0.6,  3.4, 18.641, 29.17,  0.0,  0.0,  0.106,   2.70,  0.147, 298.83,  0.114, 355.49,  0.092, 328.72,  0.193, 317.73,  0.083, 336.53,  0.108, 322.92,  0.074,  16.48,  0.168,   8.23,  0.150,  23.50,  0.125,  33.56,  0.018, 317.29,  0.039, 215.71,  0.043, 123.69,  0.150,  81.98,  0.098, 132.51,-99.000, -99.00,-99.000, -99.00,-99.000, -99.00,-99.000, -99.00,
9/3/2006 11:05:00, 11.7,275.8,  0.6,  3.4, 18.648, 29.18,  0.0,  0.0,  0.192, 347.70,  0.178,   6.45,  0.183,   1.25,  0.191, 323.07,  0.117, 308.05,  0.154, 328.27,  0.134, 344.00,  0.147,   0.00,  0.144,  16.55,  0.211,  49.43,  0.098,  19.73,  0.032,  32.20,  0.032, 244.23,  0.074, 116.57,  0.095, 157.20,  0.170, 142.39,-99.000, -99.00,-99.000, -99.00,-99.000, -99.00,-99.000, -99.00,
9/3/2006 11:10:00, 11.7,275.7,  0.6,  3.4, 18.659, 29.18,  0.0,  0.0,  0.137, 355.83,  0.205, 345.28,  0.090, 303.69,  0.193, 356.74,  0.083, 330.34,  0.165, 324.38,  0.163, 334.22,  0.155, 354.81,  0.093,  11.19,  0.145,  27.10,  0.076,  17.72,  0.059, 109.98,  0.052,  90.00,  0.089, 109.05,  0.071, 108.95,  0.112, 110.38,-99.000, -99.00,-99.000, -99.00,-99.000, -99.00,-99.000, -99.00,
9/3/2006 11:15:00, 11.7,275.8,  0.6,  3.4, 18.645, 29.18,  0.0,  0.0,  0.223, 344.90,  0.225, 347.14,  0.114,   8.06,  0.066, 321.75,  0.152, 311.01,  0.140, 319.35,  0.131, 343.09,  0.208, 303.84,  0.064, 350.10,  0.117, 338.93,  0.048, 297.10,  0.110, 104.16,  0.085, 102.89,  0.093, 105.52,  0.063, 106.70,  0.031, 232.77,-99.000, -99.00,-99.000, -99.00,-99.000, -99.00,-99.000, -99.00,
9/3/2006 11:20:00, 11.7,275.9,  0.6,  3.4, 18.651, 29.19,  0.0,  0.0,  0.132,   0.00,  0.197, 345.33,  0.140, 350.54,  0.123, 344.50,  0.149, 325.67,  0.057, 317.86,  0.114, 338.39,  0.167,   4.48,  0.136, 355.38,  0.134, 346.17,  0.060,  13.57,  0.067,  71.83,  0.134,  84.84,  0.031,  38.37,  0.107,  82.48,  0.057, 103.07,-99.000, -99.00,-99.000, -99.00,-99.000, -99.00,-99.000, -99.00,
9/3/2006 11:25:00, 11.7,275.9,  0.6,  3.4, 18.658, 29.19,  0.0,  0.0,  0.100, 313.78,  0.167,   1.71,  0.130, 317.49,  0.182, 329.20,  0.199, 332.40,  0.111, 305.84,  0.139, 326.77,  0.172, 355.32,  0.137, 330.26,  0.120, 345.96,  0.035, 353.48,  0.098,  70.27,  0.097,  62.90,  0.083, 142.31,  0.174, 121.59,  0.057, 130.71,-99.000, -99.00,-99.000, -99.00,-99.000, -99.00,-99.000, -99.00,
9/3/2006 11:30:00, 11.7,275.7,  0.6,  3.4, 18.660, 29.19,  0.0,  0.0,  0.154, 350.29,  0.219, 349.20,  0.140, 355.51,  0.146, 302.38,  0.163, 318.48,  0.085, 355.29,  0.104, 341.57,  0.068,  16.29,  0.081,   2.83,  0.078,  39.81,  0.062, 341.27,  0.007, 213.69,  0.029, 292.17,  0.034, 171.63,  0.084,  88.64,  0.102,  69.97,-99.000, -99.00,-99.000, -99.00,-99.000, -99.00,-99.000, -99.00,
9/3/2006 11:35:00, 11.7,275.8,  0.6,  3.4, 18.657, 29.19,  0.0,  0.0,  0.132,  40.70,  0.085, 324.07,  0.144, 332.37,  0.092, 326.48,  0.162, 322.78,  0.150, 319.32,  0.188, 344.56,  0.210, 346.76,  0.189, 346.55,  0.075, 344.48,  0.085,   4.71,  0.046, 321.15,  0.063,  68.70,  0.054, 100.68,  0.087, 129.89,  0.046, 203.20,-99.000, -99.00,-99.000, -99.00,-99.000, -99.00,-99.000, -99.00,
9/3/2006 11:40:00, 11.7,275.7,  0.6,  3.4, 18.663, 29.20,  0.0,  0.0,  0.053, 342.58,  0.180, 345.50,  0.163, 336.43,  0.118, 318.77,  0.109, 320.93,  0.087, 310.82,  0.104, 355.60,  0.060, 342.47,  0.150,  13.48,  0.170, 342.85,  0.149,  10.03,  0.061,  34.99,  0.031, 234.25,  0.041, 337.17,  0.034,  79.70,  0.064, 228.81,-99.000, -99.00,-99.000, -99.00,-99.000, -99.00,-99.000, -99.00,
9/3/2006 11:45:00, 11.7,275.9,  0.6,  3.4, 18.668, 29.20,  0.0,  0.0,  0.282,   1.62,  0.127, 315.00,  0.105, 323.89,  0.129, 346.07,  0.147, 319.69,  0.136, 325.15,  0.062,  20.77,  0.140,  12.35,  0.179, 291.98,  0.139,   6.20,  0.153, 347.96,  0.140, 350.94,  0.086,  51.13,  0.073,  85.30,  0.068, 332.68,  0.018, 312.71,-99.000, -99.00,-99.000, -99.00,-99.000, -99.00,-99.000, -99.00,
9/3/2006 11:50:00, 11.7,275.8,  0.6,  3.4, 18.673, 29.21,  0.0,  0.0,  0.079, 347.55,  0.131, 340.87,  0.145,  16.43,  0.126, 343.43,  0.185, 313.69,  0.206, 339.80,  0.106, 319.99,  0.188, 339.44,  0.119,   3.37,  0.166,   2.41,  0.146,   3.53,  0.049,  40.86,  0.023, 318.58,  0.055, 118.44,  0.063,  94.54,  0.101, 313.00,-99.000, -99.00,-99.000, -99.00,-99.000, -99.00,-99.000, -99.00,
9/3/2006 11:55:00, 11.7,275.7,  0.6,  3.4, 18.677, 29.21,  0.0,  0.0,  0.064,  27.76,  0.105,  46.15,  0.105, 323.89,  0.182, 343.36,  0.102, 303.38,  0.079, 345.26,  0.216, 322.33,  0.139, 312.66,  0.110, 349.51,  0.132,   0.43,  0.092, 353.11,  0.123, 331.76,  0.048, 351.53,  0.053,  91.08,  0.097, 111.25,  0.107, 270.54,-99.000, -99.00,-99.000, -99.00,-99.000, -99.00,-99.000, -99.00,
9/3/2006 12:00:00, 11.7,275.8,  0.6,  3.4, 18.692, 29.20,  0.0,  0.0,  0.109,  46.49,  0.158, 314.49,  0.131, 312.21,  0.115, 288.75,  0.150, 289.89,  0.085, 295.06,  0.088, 274.55,  0.112, 276.68,  0.112, 334.12,  0.154, 355.91,  0.086, 349.22,  0.111,   8.79,  0.083,   2.07,  0.035,  25.11,  0.040,  50.01,  0.023, 265.03,-99.000, -99.00,-99.000, -99.00,-99.000, -99.00,-99.000, -99.00,
9/3/2006 12:05:00, 11.7,275.8,  0.6,  3.4, 18.703, 29.19,  0.0,  0.0,  0.158,  21.19,  0.051, 275.60,  0.092, 350.03,  0.110, 344.70,  0.110, 290.74,  0.143, 282.49,  0.090, 351.06,  0.107, 296.09,  0.089,  19.05,  0.091, 352.41,  0.144,   1.19,  0.139,  35.63,  0.051,  10.20,  0.025, 203.50,  0.089,  63.43,  0.198, 341.11,-99.000, -99.00,-99.000, -99.00,-99.000, -99.00,-99.000, -99.00,
9/3/2006 12:10:00, 11.7,275.8,  0.6,  3.4, 18.705, 29.19,  0.0,  0.0,  0.195, 332.52,  0.146, 329.57,  0.096,   8.97,  0.134, 332.48,  0.053, 349.11,  0.161, 292.59,  0.210, 311.72,  0.087, 331.07,  0.083, 291.29,  0.141, 325.41,  0.135, 324.66,  0.069, 332.32,  0.072,  11.15,  0.039,  16.56,  0.075,  43.92,  0.122,  53.97,-99.000, -99.00,-99.000, -99.00,-99.000, -99.00,-99.000, -99.00,
9/3/2006 12:15:00, 11.7,275.8,  0.6,  3.4, 18.712, 29.19,  0.0,  0.0,  0.105,   0.00,  0.111, 343.84,  0.043,  39.29,  0.115, 339.03,  0.063, 342.43,  0.079, 318.61,  0.129, 352.87,  0.119,   5.81,  0.189, 322.95,  0.074, 359.23,  0.095, 337.75,  0.109,  34.13,  0.069,  90.00,  0.042, 123.31,  0.066,  92.60,  0.035,  10.01,-99.000, -99.00,-99.000, -99.00,-99.000, -99.00,-99.000, -99.00,
9/3/2006 12:20:00, 11.7,275.7,  0.6,  3.4, 18.723, 29.19,  0.0,  0.0,  0.208, 330.97,  0.079,  10.89,  0.106, 317.29,  0.043,  16.31,  0.113, 312.14,  0.095,  17.10,  0.117, 355.60,  0.130, 337.79,  0.111, 345.34,  0.164,  30.00,  0.145,  27.98,  0.053, 347.01,  0.030,  23.96,  0.121, 309.62,  0.039,  31.22,  0.072, 238.08,-99.000, -99.00,-99.000, -99.00,-99.000, -99.00,-99.000, -99.00,
9/3/2006 12:25:00, 11.7,276.1,  0.6,  3.4, 18.731, 29.20,  0.0,  0.0,  0.106, 345.31,  0.133, 336.12,  0.139, 350.88,  0.077, 313.42,  0.080, 310.45,  0.127, 355.05,  0.076,  39.13,  0.148, 353.79,  0.224,  13.66,  0.220, 358.96,  0.141, 350.60,  0.192, 340.53,  0.098,  13.04,  0.046, 314.12,  0.020,   0.00,  0.060, 105.42,-99.000, -99.00,-99.000, -99.00,-99.000, -99.00,-99.000, -99.00,
9/3/2006 12:30:00, 11.7,275.7,  0.6,  3.4, 18.741, 29.20,  0.0,  0.0,  0.091, 303.34,  0.140, 351.81,  0.127, 343.00,  0.114, 325.34,  0.164,   2.44,  0.123, 357.67,  0.131, 358.69,  0.167, 346.88,  0.111, 329.04,  0.093,  31.81,  0.130,   0.44,  0.127, 339.29,  0.058, 359.01,  0.015, 273.81,  0.069, 338.66,  0.045, 340.35,-99.000, -99.00,-99.000, -99.00,-99.000, -99.00,-99.000, -99.00,
9/3/2006 12:35:00, 11.7,275.9,  0.6,  3.4, 18.749, 29.20,  0.0,  0.0,  0.164,   5.26,  0.140, 321.98,  0.148, 330.49,  0.110, 356.36,  0.143, 315.57,  0.145, 310.82,  0.118, 337.57,  0.222, 350.41,  0.116,   2.47,  0.121,  25.93,  0.112, 358.98,  0.072,  21.21,  0.067, 324.66,  0.100, 324.40,  0.038, 315.00,  0.120, 210.64,-99.000, -99.00,-99.000, -99.00,-99.000, -99.00,-99.000, -99.00,
9/3/2006 12:40:00, 11.7,275.8,  0.6,  3.4, 18.750, 29.21,  0.0,  0.0,  0.110, 315.00,  0.188, 336.16,  0.121, 288.29,  0.056, 289.72,  0.199, 337.29,  0.174, 334.47,  0.168, 354.87,  0.135, 358.30,  0.156, 351.51,  0.154,  28.73,  0.097, 341.38,  0.102, 320.55,  0.125, 311.44,  0.040, 258.41,  0.091, 192.67,  0.027, 158.20,-99.000, -99.00,-99.000, -99.00,-99.000, -99.00,-99.000, -99.00,
9/3/2006 12:45:00, 11.7,275.8,  0.6,  3.4, 18.752, 29.21,  0.0,  0.0,  0.140, 334.71,  0.082, 316.97,  0.114, 349.38,  0.133, 347.42,  0.119,  11.12,  0.093, 338.65,  0.140, 345.96,  0.148,   8.95,  0.110,  21.22,  0.144,  12.88,  0.161,   5.71,  0.137,  12.62,  0.014, 351.87,  0.138, 277.90,  0.172, 293.59,  0.024, 286.93,-99.000, -99.00,-99.000, -99.00,-99.000, -99.00,-99.000, -99.00,
9/3/2006 12:50:00, 11.7,275.8,  0.6,  3.4, 18.748, 29.22,  0.0,  0.0,  0.141, 315.29,  0.089,   9.67,  0.189, 314.36,  0.090,  11.56,  0.139,  35.06,  0.139, 356.71,  0.140, 353.84,  0.085,  18.43,  0.154,   5.23,  0.198,   0.29,  0.126,   1.36,  0.123, 341.57,  0.178, 314.55,  0.105, 325.86,  0.023, 118.81,  0.013, 308.66,-99.000, -99.00,-99.000, -99.00,-99.000, -99.00,-99.000, -99.00,
9/3/2006 12:55:00, 11.7,275.8,  0.6,  3.4, 18.762, 29.22,  0.0,  0.0,  0.080, 350.66,  0.115, 342.82,  0.176, 336.50,  0.108, 338.89,  0.138, 325.96,  0.127, 315.00,  0.105,  10.45,  0.161, 358.58,  0.201, 354.86,  0.091,  33.34,  0.076,   9.83,  0.103,   8.37,  0.120, 315.00,  0.080, 355.00,  0.099, 358.84,  0.043, 302.57,-99.000, -99.00,-99.000, -99.00,-99.000, -99.00,-99.000, -99.00,
9/3/2006 13:00:00, 11.7,276.0,  0.6,  3.4, 18.761, 29.22,  0.0,  0.0,  0.153, 333.94,  0.110, 340.42,  0.104, 355.60,  0.132, 301.41,  0.141, 317.01,  0.078, 353.33,  0.085,   1.35,  0.161, 333.43,  0.177, 342.59,  0.117, 308.05,  0.080, 320.10,  0.111, 349.60,  0.109, 322.08,  0.091, 271.26,  0.032, 278.88,  0.043, 246.97,-99.000, -99.00,-99.000, -99.00,-99.000, -99.00,-99.000, -99.00,
9/3/2006 13:05:00, 11.7,275.9,  0.6,  3.4, 18.769, 29.23,  0.0,  0.0,  0.156, 329.98,  0.083, 328.80,  0.081, 328.07,  0.096, 337.98,  0.185, 342.74,  0.122,  16.65,  0.183,   1.25,  0.130,   3.96,  0.092, 339.01,  0.068,  52.13,  0.122, 343.35,  0.174, 359.67,  0.097,  10.73,  0.036, 112.99,  0.068,  90.84,  0.023, 315.00,-99.000, -99.00,-99.000, -99.00,-99.000, -99.00,-99.000, -99.00,
9/3/2006 13:10:00, 11.7,275.7,  0.6,  3.4, 18.779, 29.23,  0.0,  0.0,  0.124, 342.59,  0.160, 350.30,  0.172,   2.33,  0.172, 339.99,  0.123, 359.07,  0.165, 335.61,  0.197, 349.15,  0.121, 355.28,  0.135, 352.77,  0.182, 356.86,  0.176, 329.65,  0.107,   0.00,  0.073,  55.65,  0.018, 270.00,  0.031, 114.90,  0.060, 126.87,-99.000, -99.00,-99.000, -99.00,-99.000, -99.00,-99.000, -99.00,
9/3/2006 13:15:00, 11.7,276.0,  0.6,  3.4, 18.782, 29.24,  0.0,  0.0,  0.067,   0.86,  0.145, 345.20,  0.105, 328.57,  0.132, 321.48,  0.160, 319.32,  0.192, 335.31,  0.157,   5.49,  0.117, 359.02,  0.141, 337.07,  0.058,  28.77,  0.166, 348.15,  0.107, 327.20,  0.122, 304.99,  0.080, 295.92,  0.079, 269.27,  0.026, 278.75,-99.000, -99.00,-99.000, -99.00,-99.000, -99.00,-99.000, -99.00,
9/3/2006 13:20:00, 11.7,275.8,  0.6,  3.4, 18.789, 29.24,  0.0,  0.0,  0.287, 344.41,  0.183,   0.31,  0.162, 343.13,  0.249, 326.63,  0.154, 339.92,  0.217, 353.10,  0.162,   4.62,  0.114, 327.57,  0.133, 345.23,  0.150, 333.43,  0.125, 356.34,  0.105,   6.58,  0.113,   8.13,  0.131,  45.93,  0.052,  52.03,  0.086, 158.82,-99.000, -99.00,-99.000, -99.00,-99.000, -99.00,-99.000, -99.00,
9/3/2006 13:25:00, 11.7,275.9,  0.6,  3.4, 18.799, 29.24,  0.0,  0.0,  0.236, 328.54,  0.143, 354.37,  0.099, 346.53,  0.160,   4.67,  0.196, 327.69,  0.140, 336.37,  0.165, 343.43,  0.097, 358.23,  0.168, 326.40,  0.143, 343.34,  0.114, 290.03,  0.068, 307.21,  0.141, 302.56,  0.037, 332.74,  0.018,  51.84,  0.045,  40.46,-99.000, -99.00,-99.000, -99.00,-99.000, -99.00,-99.000, -99.00,
9/3/2006 13:30:00, 11.7,275.9,  0.6,  3.4, 18.807, 29.24,  0.0,  0.0,  0.162, 356.82,  0.170, 341.14,  0.124, 359.54,  0.100,  12.09,  0.079,   5.78,  0.165, 350.94,  0.115,   0.00,  0.105, 334.65,  0.056, 349.70,  0.053, 324.21,  0.061, 347.77,  0.079, 326.31,  0.059,  23.96,  0.059,   9.78,  0.106, 339.51,  0.012,  41.63,-99.000, -99.00,-99.000, -99.00,-99.000, -99.00,-99.000, -99.00,
9/3/2006 13:35:00, 11.7,276.1,  0.6,  3.4, 18.815, 29.26,  0.0,  0.0,  0.147, 332.04,  0.160, 356.42,  0.195,   4.42,  0.048,  35.68,  0.075, 340.60,  0.152, 335.46,  0.096, 339.30,  0.122, 355.31,  0.103, 342.45,  0.121, 342.76,  0.087, 318.26,  0.159, 305.79,  0.118,   1.94,  0.130,  35.90,  0.050,  34.33,  0.042, 233.67,-99.000, -99.00,-99.000, -99.00,-99.000, -99.00,-99.000, -99.00,
9/3/2006 13:40:00, 11.7,275.9,  0.6,  3.4, 18.816, 29.27,  0.0,  0.0,  0.148, 332.74,  0.176, 347.54,  0.156, 305.32,  0.060, 339.44,  0.068,  19.77,  0.103, 317.76,  0.111,   0.52,  0.104, 343.83,  0.145, 330.26,  0.176, 345.17,  0.042, 331.61,  0.107,   1.61,  0.116,  17.50,  0.060, 351.33,  0.062, 314.34,  0.042, 185.44,-99.000, -99.00,-99.000, -99.00,-99.000, -99.00,-99.000, -99.00,
9/3/2006 13:45:00, 11.7,276.0,  0.6,  3.4, 18.823, 29.29,  0.0,  0.0,  0.154,  28.73,  0.077, 357.77,  0.110, 355.84,  0.103, 320.91,  0.131, 312.21,  0.144, 346.74,  0.148, 332.74,  0.071, 359.19,  0.115,  15.60,  0.149, 357.31,  0.143,   7.22,  0.110,  17.94,  0.023, 270.00,  0.050, 292.44,  0.078, 107.97,  0.088, 147.03,-99.000, -99.00,-99.000, -99.00,-99.000, -99.00,-99.000, -99.00,
9/3/2006 13:50:00, 11.7,275.9,  0.6,  3.4, 18.827, 29.29,  0.0,  0.0,  0.087, 289.48,  0.189, 330.18,  0.182, 338.37,  0.103, 296.57,  0.013,   4.40,  0.119, 328.71,  0.179, 306.36,  0.146, 354.49,  0.085, 357.98,  0.126, 352.26,  0.132,  25.98,  0.068,  37.21,  0.075, 357.71,  0.092,   0.00,  0.040,   0.00,  0.081, 238.07,-99.000, -99.00,-99.000, -99.00,-99.000, -99.00,-99.000, -99.00,
9/3/2006 13:55:00, 11.7,275.8,  0.6,  3.4, 18.838, 29.29,  0.0,  0.0,  0.127, 278.58,  0.052, 323.57,  0.063, 341.57,  0.134, 350.12,  0.108, 319.11,  0.085, 338.57,  0.109, 358.42,  0.106,   0.00,  0.112,  15.03,  0.117,  19.98,  0.063, 349.94,  0.100,  52.33,  0.066, 355.67,  0.073, 357.65,  0.076,  12.20,  0.043, 253.69,-99.000, -99.00,-99.000, -99.00,-99.000, -99.00,-99.000, -99.00,
9/3/2006 14:00:00, 11.7,275.8,  0.6,  3.4, 18.852, 29.30,  0.0,  0.0,  0.060, 310.91,  0.225, 348.74,  0.086, 319.25,  0.123, 308.73,  0.093, 342.54,  0.067, 316.81,  0.053, 138.81,  0.053,  48.81,  0.052,  54.46,  0.076,   6.01,  0.074, 307.33,  0.080, 321.56,  0.062, 348.87,  0.066, 309.47,  0.095, 356.39,  0.070, 272.45,-99.000, -99.00,-99.000, -99.00,-99.000, -99.00,-99.000, -99.00,
9/3/2006 14:05:00, 11.7,275.8,  0.6,  3.4, 18.861, 29.29,  0.0,  0.0,  0.133,  29.85,  0.102, 333.18,  0.041, 344.62,  0.124, 344.62,  0.118, 292.43,  0.076, 323.58,  0.065, 335.41,  0.025, 276.84,  0.061, 352.41,  0.081, 347.86,  0.013, 212.47,  0.065, 351.12,  0.143,  49.27,  0.154,   7.45,  0.080,  27.53,  0.057, 282.09,-99.000, -99.00,-99.000, -99.00,-99.000, -99.00,-99.000, -99.00,
9/3/2006 14:10:00, 11.7,275.8,  0.6,  3.4, 18.855, 29.29,  0.0,  0.0,  0.137, 343.02,  0.030, 336.04,  0.071, 329.45,  0.069, 339.73,  0.187, 339.34,  0.080,   1.43,  0.058, 302.32,  0.128, 332.64,  0.080,  24.33,  0.076, 325.68,  0.154, 318.95,  0.130, 332.45,  0.119, 343.39,  0.110,  27.49,  0.090, 353.59,  0.041, 299.05,-99.000, -99.00,-99.000, -99.00,-99.000, -99.00,-99.000, -99.00,
9/3/2006 14:15:00, 11.7,276.1,  0.6,  3.4, 18.865, 29.30,  0.0,  0.0,  0.145, 353.27,  0.128,  26.37,  0.034,  88.32,  0.086, 336.71,  0.060, 315.67,  0.074, 300.70,  0.011,  37.87,  0.068, 294.30,  0.155, 270.00,  0.125, 257.97,  0.053, 248.81,  0.041, 272.79,  0.031, 354.47,  0.048, 324.32,  0.150,  83.11,  0.006, 210.96,-99.000, -99.00,-99.000, -99.00,-99.000, -99.00,-99.000, -99.00,
9/3/2006 14:20:00, 11.7,276.1,  0.6,  3.4, 18.871, 29.31,  0.0,  0.0,  0.081, 330.60,  0.133, 335.56,  0.030, 119.98,  0.091,  28.81,  0.185,   0.93,  0.130, 342.12,  0.207, 350.81,  0.182, 335.69,  0.121, 320.38,  0.093, 357.54,  0.113, 317.86,  0.103, 290.56,  0.056, 322.93,  0.066, 351.25,  0.050, 281.53,  0.042,   6.79,-99.000, -99.00,-99.000, -99.00,-99.000, -99.00,-99.000, -99.00,
9/3/2006 14:25:00, 11.7,276.1,  0.6,  3.4, 18.877, 29.32,  0.0,  0.0,  0.073, 317.78,  0.144, 357.61,  0.058, 278.97,  0.121, 322.75,  0.140, 336.91,  0.271, 332.49,  0.166, 313.04,  0.091, 323.51,  0.081, 228.01,  0.051, 271.12,  0.153, 338.13,  0.091, 326.66,  0.072,   0.80,  0.076, 316.61,  0.062, 358.15,  0.016, 341.57,-99.000, -99.00,-99.000, -99.00,-99.000, -99.00,-99.000, -99.00,
9/3/2006 14:30:00, 11.7,275.8,  0.6,  3.4, 18.884, 29.33,  0.0,  0.0,  0.130, 322.51,  0.130, 347.14,  0.082, 338.46,  0.121,   9.54,  0.090,  24.86,  0.115,  27.46,  0.088,  37.65,  0.121, 341.27,  0.178, 349.95,  0.128, 333.63,  0.107, 327.94,  0.159, 316.27,  0.126, 322.77,  0.112, 352.81,  0.100, 353.09,  0.061, 358.12,-99.000, -99.00,-99.000, -99.00,-99.000, -99.00,-99.000, -99.00,
9/3/2006 14:35:00, 11.7,275.9,  0.6,  3.4, 18.889, 29.35,  0.0,  0.0,  0.118, 338.02,  0.196, 318.10,  0.138, 270.00,  0.086, 264.03,  0.130, 277.07,  0.116, 300.54,  0.160, 285.26,  0.092, 317.64,  0.104, 305.99,  0.030,  15.42,  0.101, 270.57,  0.074, 309.51,  0.080,   4.29,  0.119, 359.04,  0.102, 336.95,  0.066, 322.43,-99.000, -99.00,-99.000, -99.00,-99.000, -99.00,-99.000, -99.00,
9/3/2006 14:40:00, 11.7,275.8,  0.6,  3.4, 18.898, 29.39,  0.0,  0.0,  0.102, 342.28,  0.154,   2.60,  0.138, 301.04,  0.152, 354.33,  0.077, 345.78,  0.198, 335.25,  0.133, 324.16,  0.139, 316.45,  0.161, 328.98,  0.080, 332.47,  0.094, 297.93,  0.108, 305.60,  0.056, 296.57,  0.173, 297.60,  0.149, 310.64,  0.088, 304.78,-99.000, -99.00,-99.000, -99.00,-99.000, -99.00,-99.000, -99.00,
9/3/2006 14:45:00, 11.7,275.8,  0.6,  3.4, 18.906, 29.42,  0.0,  0.0,  0.090, 325.43,  0.144,  32.81,  0.109, 325.87,  0.129, 307.76,  0.090, 334.29,  0.054, 331.05,  0.055, 310.60,  0.064,   2.68,  0.137, 320.03,  0.115, 306.17,  0.079, 317.58,  0.160, 331.19,  0.074, 328.24,  0.099, 293.20,  0.110, 340.42,  0.065, 252.96,-99.000, -99.00,-99.000, -99.00,-99.000, -99.00,-99.000, -99.00,
9/3/2006 14:50:00, 11.7,275.8,  0.6,  3.4, 18.911, 29.42,  0.0,  0.0,  0.028, 270.00,  0.047,  26.57,  0.096, 317.97,  0.163, 336.43,  0.074, 356.13,  0.008, 255.96,  0.050, 286.26,  0.093, 322.39,  0.113, 273.04,  0.072, 329.17,  0.028, 137.86,  0.077, 205.24,  0.060, 216.87,  0.034, 299.54,  0.012,  41.63,  0.024, 104.62,-99.000, -99.00,-99.000, -99.00,-99.000, -99.00,-99.000, -99.00,
9/3/2006 14:55:00, 11.7,276.0,  0.6,  3.4, 18.922, 29.43,  0.0,  0.0,  0.145, 305.77,  0.157, 355.99,  0.181, 318.13,  0.124, 292.23,  0.150, 291.45,  0.141, 316.44,  0.094, 304.20,  0.152, 287.24,  0.091, 262.41,  0.128, 283.06,  0.056, 292.93,  0.104, 251.57,  0.172, 267.34,  0.064, 272.68,  0.084, 267.95,  0.150, 251.69,-99.000, -99.00,-99.000, -99.00,-99.000, -99.00,-99.000, -99.00,
9/3/2006 15:00:00, 11.7,275.8,  0.6,  3.4, 18.917, 29.44,  0.0,  0.0,  0.076, 336.80,  0.135, 303.22,  0.127, 297.57,  0.067, 323.47,  0.065, 335.41,  0.173, 316.64,  0.151, 293.35,  0.175, 290.40,  0.163, 268.24,  0.123, 265.35,  0.119, 270.00,  0.135, 264.88,  0.092, 279.36,  0.105, 276.04,  0.094, 271.22,  0.091, 277.59,-99.000, -99.00,-99.000, -99.00,-99.000, -99.00,-99.000, -99.00,
9/3/2006 15:05:00, 11.7,275.9,  0.6,  3.4, 18.924, 29.44,  0.0,  0.0,  0.099, 353.02,  0.146,   0.00,  0.148, 316.37,  0.169, 327.81,  0.207, 352.22,  0.119, 343.86,  0.196, 332.39,  0.179, 335.87,  0.163, 300.96,  0.232, 310.63,  0.228, 290.82,  0.110, 278.86,  0.143, 290.84,  0.101, 273.40,  0.099, 278.70,  0.057, 256.93,-99.000, -99.00,-99.000, -99.00,-99.000, -99.00,-99.000, -99.00,
9/3/2006 15:10:00, 11.7,275.9,  0.6,  3.4, 18.929, 29.45,  0.0,  0.0,  0.168,  76.21,  0.119, 333.65,  0.021, 185.44,  0.081,  35.46,  0.083, 295.02,  0.053, 311.19,  0.205, 340.06,  0.146, 321.95,  0.149, 305.18,  0.103, 282.29,  0.139, 266.30,  0.150, 279.21,  0.153, 299.42,  0.079, 278.75,  0.059, 307.45,  0.101, 284.86,-99.000, -99.00,-99.000, -99.00,-99.000, -99.00,-99.000, -99.00,
9/3/2006 15:15:00, 11.7,275.8,  0.6,  3.4, 18.948, 29.40,  0.0,  0.0,  0.036, 228.37,  0.088, 339.29,  0.042, 239.74,  0.084, 244.65,  0.031, 256.87,  0.128, 331.43,  0.072, 308.78,  0.111, 315.36,  0.148, 302.83,  0.141, 272.03,  0.169, 265.94,  0.124, 258.87,  0.172, 256.53,  0.141, 273.65,  0.061, 318.99,  0.037, 119.36,-99.000, -99.00,-99.000, -99.00,-99.000, -99.00,-99.000, -99.00,
9/3/2006 15:20:00, 11.7,275.9,  0.6,  3.4, 18.942, 29.38,  0.0,  0.0,  0.069, 300.68,  0.142, 311.87,  0.067, 289.25,  0.081, 319.01,  0.110, 281.51,  0.147, 297.96,  0.192, 328.63,  0.143, 331.65,  0.076, 301.61,  0.116, 270.00,  0.179, 274.50,  0.158, 283.51,  0.131, 278.81,  0.150, 267.33,  0.082, 218.55,  0.092, 203.77,-99.000, -99.00,-99.000, -99.00,-99.000, -99.00,-99.000, -99.00,
9/3/2006 15:25:00, 11.7,275.9,  0.6,  3.4, 18.955, 29.37,  0.0,  0.0,  0.054, 268.94,  0.036,  14.42,  0.135, 324.31,  0.150, 338.55,  0.158, 331.16,  0.097, 326.80,  0.058, 277.99,  0.131, 281.48,  0.127, 307.32,  0.219, 272.09,  0.160, 272.15,  0.198, 257.44,  0.172, 275.35,  0.228, 277.81,  0.155, 282.33,  0.144, 260.80,-99.000, -99.00,-99.000, -99.00,-99.000, -99.00,-99.000, -99.00,
9/3/2006 15:30:00, 11.7,275.8,  0.6,  3.4, 18.959, 29.35,  0.0,  0.0,  0.052, 161.92,  0.111, 337.82,  0.023,   2.49,  0.106, 335.38,  0.151, 343.01,  0.210, 306.27,  0.122, 317.00,  0.074,   0.00,  0.111, 318.67,  0.122, 306.68,  0.171, 290.24,  0.101, 262.59,  0.141, 236.87,  0.220, 270.00,  0.215, 285.40,  0.164, 290.76,-99.000, -99.00,-99.000, -99.00,-99.000, -99.00,-99.000, -99.00,
9/3/2006 15:35:00, 11.7,275.9,  0.6,  3.4, 18.969, 29.33,  0.0,  0.0,  0.107, 159.70,  0.030, 293.96,  0.196, 262.66,  0.072, 183.18,  0.082, 267.90,  0.168, 311.38,  0.072, 315.00,  0.121, 325.39,  0.100, 306.07,  0.105, 270.55,  0.039, 219.81,  0.035, 276.52,  0.194, 271.48,  0.140, 271.64,  0.103, 286.86,  0.070, 275.71,-99.000, -99.00,-99.000, -99.00,-99.000, -99.00,-99.000, -99.00,
9/3/2006 15:40:00, 11.7,275.9,  0.6,  3.4, 18.968, 29.31,  0.0,  0.0,  0.026, 218.66,  0.040,  46.01,  0.063, 322.05,  0.084, 311.12,  0.095, 332.35,  0.148, 267.29,  0.092, 321.15,  0.152, 358.49,  0.094, 342.72,  0.113, 322.52,  0.117, 325.09,  0.175, 280.22,  0.100, 274.00,  0.132, 284.04,  0.139, 247.66,  0.251, 253.80,-99.000, -99.00,-99.000, -99.00,-99.000, -99.00,-99.000, -99.00,
9/3/2006 15:45:00, 11.7,276.1,  0.6,  3.4, 18.983, 29.30,  0.0,  0.0,  0.103, 165.43,  0.009,  90.00,  0.115, 342.82,  0.090,   0.64,  0.176, 331.55,  0.139, 356.30,  0.145, 328.29,  0.109, 348.38,  0.099, 305.94,  0.154, 303.59,  0.147, 279.01,  0.155, 299.38,  0.107, 286.91,  0.153, 274.11,  0.127, 262.32,  0.061, 261.47,-99.000, -99.00,-99.000, -99.00,-99.000, -99.00,-99.000, -99.00,
9/3/2006 15:50:00, 11.7,275.9,  0.6,  3.4, 18.982, 29.29,  0.0,  0.0,  0.052, 198.08,  0.096, 286.93,  0.028, 173.88,  0.080, 320.10,  0.198, 278.42,  0.114,  15.26,  0.071, 328.76,  0.119, 297.00,  0.088, 341.36,  0.053, 309.67,  0.109, 310.14,  0.143, 307.59,  0.175, 285.54,  0.204, 232.57,  0.206, 246.18,  0.205, 266.93,-99.000, -99.00,-99.000, -99.00,-99.000, -99.00,-99.000, -99.00,
9/3/2006 15:55:00, 11.7,275.9,  0.6,  3.4, 18.992, 29.29,  0.0,  0.0,  0.089, 337.48,  0.142, 316.99,  0.047, 306.38,  0.102, 320.55,  0.073, 340.08,  0.118, 312.24,  0.100, 310.54,  0.135, 288.57,  0.107, 315.00,  0.225, 286.02,  0.121, 307.25,  0.159, 288.66,  0.171, 290.24,  0.204, 279.32,  0.242, 282.43,  0.164, 273.49,-99.000, -99.00,-99.000, -99.00,-99.000, -99.00,-99.000, -99.00,
9/3/2006 16:00:00, 11.7,275.9,  0.6,  3.4, 18.989, 29.28,  0.0,  0.0,  0.024,  12.26,  0.132, 358.26,  0.040, 302.91,  0.125, 359.54,  0.183, 349.30,  0.096, 324.32,  0.125, 287.27,  0.213, 300.78,  0.098, 275.89,  0.186, 279.26,  0.121, 280.47,  0.150, 280.34,  0.196, 296.70,  0.181, 280.19,  0.225, 301.92,  0.113, 290.20,-99.000, -99.00,-99.000, -99.00,-99.000, -99.00,-99.000, -99.00,
9/3/2006 16:05:00, 11.7,275.8,  0.6,  3.4, 18.992, 29.28,  0.0,  0.0,  0.030, 327.38,  0.124, 345.07,  0.116, 277.92,  0.074,   2.32,  0.135, 278.07,  0.074, 332.74,  0.144, 325.76,  0.145, 282.79,  0.146, 276.69,  0.068, 284.44,  0.070, 305.73,  0.108, 274.24,  0.168, 288.76,  0.116, 284.52,  0.116, 297.23,  0.093, 268.15,-99.000, -99.00,-99.000, -99.00,-99.000, -99.00,-99.000, -99.00,
9/3/2006 16:10:00, 11.7,275.8,  0.6,  3.4, 18.997, 29.28,  0.0,  0.0,  0.079, 270.00,  0.170, 352.20,  0.095, 325.30,  0.096, 286.93,  0.088, 329.93,  0.089, 288.23,  0.174, 270.66,  0.113, 254.61,  0.178, 283.33,  0.117, 279.38,  0.175, 285.95,  0.149, 300.70,  0.091, 266.23,  0.187, 275.22,  0.140, 302.78,  0.205, 277.30,-99.000, -99.00,-99.000, -99.00,-99.000, -99.00,-99.000, -99.00,
9/3/2006 16:15:00, 11.7,275.8,  0.6,  3.4, 18.999, 29.28,  0.0,  0.0,  0.040, 349.82,  0.163, 330.60,  0.035, 303.23,  0.170, 274.74,  0.174, 313.60,  0.184, 313.68,  0.111, 314.64,  0.126, 326.31,  0.049,  39.21,  0.050, 293.50,  0.093, 261.35,  0.207, 275.27,  0.180, 297.85,  0.243, 272.83,  0.143, 274.00,  0.145, 237.41,-99.000, -99.00,-99.000, -99.00,-99.000, -99.00,-99.000, -99.00,
9/3/2006 16:20:00, 11.7,275.9,  0.6,  3.4, 19.007, 29.28,  0.0,  0.0,  0.127, 291.72,  0.116, 347.52,  0.126, 290.87,  0.161, 304.38,  0.124, 329.51,  0.144, 321.78,  0.125, 318.56,  0.064, 303.44,  0.133, 301.18,  0.103, 281.20,  0.077, 275.93,  0.103, 280.65,  0.139, 253.26,  0.180, 254.19,  0.133, 285.71,  0.096, 216.51,-99.000, -99.00,-99.000, -99.00,-99.000, -99.00,-99.000, -99.00,
9/3/2006 16:25:00, 11.7,275.9,  0.6,  3.4, 19.008, 29.28,  0.0,  0.0,  0.036, 218.16,  0.125, 308.52,  0.079, 263.42,  0.214, 306.82,  0.144, 313.03,  0.124, 334.26,  0.182, 326.40,  0.148, 312.53,  0.065, 287.88,  0.189, 253.68,  0.206, 264.70,  0.137, 291.88,  0.191, 286.73,  0.161, 261.06,  0.182, 270.63,  0.117, 274.40,-99.000, -99.00,-99.000, -99.00,-99.000, -99.00,-99.000, -99.00,
9/3/2006 16:30:00, 11.7,275.9,  0.6,  3.4, 19.008, 29.29,  0.0,  0.0,  0.022,  15.95,  0.038, 307.48,  0.188, 261.14,  0.109, 305.29,  0.031, 335.10,  0.101, 329.62,  0.077, 287.27,  0.053,  12.99,  0.134, 288.71,  0.065, 274.40,  0.152, 257.43,  0.109, 253.55,  0.154, 228.95,  0.201, 259.08,  0.227, 277.34,  0.101, 239.62,-99.000, -99.00,-99.000, -99.00,-99.000, -99.00,-99.000, -99.00,
9/3/2006 16:35:00, 11.7,275.8,  0.6,  3.4, 19.014, 29.29,  0.0,  0.0,  0.167, 343.63,  0.090, 337.72,  0.072, 334.50,  0.076, 280.57,  0.054, 305.17,  0.072, 246.28,  0.059, 265.16,  0.089, 287.62,  0.041, 304.08,  0.049, 272.34,  0.071, 254.39,  0.124, 270.92,  0.111, 285.66,  0.089, 269.36,  0.172, 259.61,  0.108, 236.31,-99.000, -99.00,-99.000, -99.00,-99.000, -99.00,-99.000, -99.00,
9/3/2006 16:40:00, 11.7,275.9,  0.6,  3.4, 19.017, 29.29,  0.0,  0.0,  0.089, 305.84,  0.086, 257.91,  0.103, 271.67,  0.089, 270.64,  0.040,  12.99,  0.065, 336.57,  0.043, 284.68,  0.083, 316.47,  0.062, 326.82,  0.043,   1.33,  0.061, 295.30,  0.091, 287.24,  0.107, 260.89,  0.128, 275.40,  0.166, 270.00,  0.157, 251.80,-99.000, -99.00,-99.000, -99.00,-99.000, -99.00,-99.000, -99.00,
9/3/2006 16:45:00, 11.7,275.9,  0.6,  3.4, 19.024, 29.29,  0.0,  0.0,  0.109, 293.27,  0.135, 278.07,  0.127, 284.15,  0.057, 297.01,  0.093, 265.70,  0.130, 292.62,  0.179, 312.06,  0.055, 270.00,  0.107, 293.20,  0.152, 274.14,  0.126, 262.26,  0.100, 306.07,  0.157, 279.88,  0.171, 265.65,  0.158, 277.26,  0.108, 286.75,-99.000, -99.00,-99.000, -99.00,-99.000, -99.00,-99.000, -99.00,
9/3/2006 16:50:00, 11.7,275.8,  0.6,  3.4, 19.024, 29.29,  0.0,  0.0,  0.118, 336.48,  0.042, 344.98,  0.020, 287.53,  0.113, 289.72,  0.189, 246.56,  0.138, 217.04,  0.085, 239.50,  0.094, 297.11,  0.109, 297.98,  0.057, 296.11,  0.085, 287.15,  0.102, 275.60,  0.115, 286.70,  0.157, 282.89,  0.139, 308.85,  0.070, 260.13,-99.000, -99.00,-99.000, -99.00,-99.000, -99.00,-99.000, -99.00,
9/3/2006 16:55:00, 11.7,275.9,  0.6,  3.4, 19.026, 29.29,  0.0,  0.0,  0.172, 218.87,  0.019,  86.99,  0.130, 240.47,  0.101, 222.20,  0.110, 305.72,  0.092, 311.48,  0.074, 335.17,  0.054, 307.50,  0.111, 301.41,  0.046, 306.12,  0.083, 348.83,  0.044, 346.91,  0.083, 286.04,  0.072, 266.03,  0.136, 315.00,  0.024, 155.56,-99.000, -99.00,-99.000, -99.00,-99.000, -99.00,-99.000, -99.00,
9/3/2006 17:00:00, 11.7,275.9,  0.6,  3.4, 19.034, 29.24,  0.0,  0.0,  0.125, 185.53,  0.033,  81.38,  0.073, 155.88,  0.084, 323.27,  0.051, 281.31,  0.090, 329.15,  0.044, 280.54,  0.055, 274.16,  0.043, 347.91,  0.035, 284.83,  0.037, 104.04,  0.110, 276.80,  0.178, 272.25,  0.200, 273.15,  0.098, 280.62,  0.155, 258.84,-99.000, -99.00,-99.000, -99.00,-99.000, -99.00,-99.000, -99.00,
9/3/2006 17:05:00, 11.7,275.9,  0.6,  3.4, 19.040, 29.16,  0.0,  0.0,  0.144, 114.61,  0.047, 218.09,  0.095, 220.73,  0.063, 157.52,  0.026, 342.26,  0.075, 320.39,  0.064, 302.20,  0.167, 302.26,  0.020, 319.09,  0.029, 260.22,  0.129, 263.76,  0.146, 259.77,  0.141, 260.60,  0.159, 282.72,  0.135, 272.54,  0.118, 238.20,-99.000, -99.00,-99.000, -99.00,-99.000, -99.00,-99.000, -99.00,
9/3/2006 17:10:00, 11.7,275.9,  0.6,  3.4, 19.038, 29.11,  0.0,  0.0,  0.077, 232.39,  0.048,  91.19,  0.085, 219.29,  0.034,  40.24,  0.061, 213.69,  0.030, 212.62,  0.093, 276.82,  0.056,  26.57,  0.025,   2.29,  0.028, 353.88,  0.120, 268.57,  0.129, 258.34,  0.169, 235.84,  0.160, 259.18,  0.123, 285.05,  0.139, 260.06,-99.000, -99.00,-99.000, -99.00,-99.000, -99.00,-99.000, -99.00,
9/3/2006 17:15:00, 11.7,275.9,  0.6,  3.4, 19.037, 29.07,  0.0,  0.0,  0.147, 103.75,  0.095, 140.96,  0.127, 202.14,  0.085,  99.46,  0.066, 292.29,  0.058, 112.17,  0.038, 230.39,  0.082, 278.43,  0.049, 317.49,  0.031, 303.18,  0.118, 281.21,  0.134, 286.41,  0.172, 294.33,  0.077, 285.12,  0.101, 294.02,  0.068, 289.77,-99.000, -99.00,-99.000, -99.00,-99.000, -99.00,-99.000, -99.00,
9/3/2006 17:20:00, 11.7,275.8,  0.6,  3.4, 19.040, 29.03,  0.0,  0.0,  0.055,  12.53,  0.084, 168.96,  0.045, 202.04,  0.038,   0.00,  0.039,  70.64,  0.016, 161.57,  0.104, 330.73,  0.136, 276.76,  0.083, 288.22,  0.100, 314.19,  0.138, 291.72,  0.178, 296.71,  0.172, 293.59,  0.253, 293.32,  0.185, 299.74,  0.137, 226.77,-99.000, -99.00,-99.000, -99.00,-99.000, -99.00,-99.000, -99.00,
9/3/2006 17:25:00, 11.6,275.9,  0.6,  3.4, 19.039, 29.01,  0.0,  0.0,  0.068, 119.95,  0.034, 115.82,  0.038, 183.01,  0.066, 274.33,  0.035, 213.23,  0.127, 276.34,  0.064, 305.43,  0.139, 280.75,  0.117, 297.44,  0.145, 304.35,  0.184, 300.32,  0.113, 272.53,  0.119, 269.04,  0.227, 286.12,  0.169, 302.65,  0.118, 267.09,-99.000, -99.00,-99.000, -99.00,-99.000, -99.00,-99.000, -99.00,
9/3/2006 17:30:00, 11.6,275.9,  0.6,  3.4, 19.046, 28.99,  0.0,  0.0,  0.105, 157.59,  0.093, 115.46,  0.125, 190.59,  0.120, 233.13,  0.086, 265.35,  0.069, 270.83,  0.050, 316.64,  0.129, 316.57,  0.079, 286.84,  0.093, 279.87,  0.068, 295.07,  0.092, 283.88,  0.169, 264.22,  0.172, 271.67,  0.112, 297.71,  0.094, 215.04,-99.000, -99.00,-99.000, -99.00,-99.000, -99.00,-99.000, -99.00,
9/3/2006 17:35:00, 11.6,275.7,  0.6,  3.4, 19.044, 28.98,  0.0,  0.0,  0.027, 180.00,  0.047, 109.98,  0.086, 111.18,  0.094, 178.17,  0.049, 310.86,  0.085, 298.99,  0.104, 278.29,  0.075, 302.41,  0.167, 284.53,  0.202, 277.69,  0.147, 293.61,  0.166, 308.39,  0.251, 281.71,  0.186, 292.43,  0.107, 304.73,  0.137, 275.88,-99.000, -99.00,-99.000, -99.00,-99.000, -99.00,-99.000, -99.00,
9/3/2006 17:40:00, 11.6,275.9,  0.6,  3.4, 19.049, 28.97,  0.0,  0.0,  0.084,  80.43,  0.054,  73.91,  0.092,  98.75,  0.095, 323.13,  0.021, 278.13,  0.144, 301.37,  0.120, 313.98,  0.138, 267.10,  0.128, 267.76,  0.279, 271.64,  0.249, 277.38,  0.217, 260.71,  0.179, 238.98,  0.235, 266.83,  0.196, 269.71,  0.144, 268.01,-99.000, -99.00,-99.000, -99.00,-99.000, -99.00,-99.000, -99.00,
9/3/2006 17:45:00, 11.6,275.9,  0.6,  3.4, 19.038, 28.96,  0.0,  0.0,  0.132,  89.13,  0.051, 170.91,  0.028, 192.53,  0.013, 218.66,  0.039, 234.29,  0.036, 337.01,  0.014, 162.90,  0.073, 254.05,  0.037, 271.55,  0.091, 286.03,  0.163, 273.86,  0.156, 284.84,  0.125, 297.59,  0.151, 271.90,  0.136, 283.22,  0.125, 282.93,-99.000, -99.00,-99.000, -99.00,-99.000, -99.00,-99.000, -99.00,
9/3/2006 17:50:00, 11.6,275.8,  0.6,  3.4, 19.038, 28.96,  0.0,  0.0,  0.157, 122.28,  0.072, 193.65,  0.067, 267.44,  0.056, 181.02,  0.071, 233.62,  0.031, 159.23,  0.023, 313.26,  0.084, 350.43,  0.068, 299.22,  0.124, 293.87,  0.110, 303.84,  0.214, 285.98,  0.164, 285.90,  0.114, 303.55,  0.127, 316.60,  0.098, 282.91,-99.000, -99.00,-99.000, -99.00,-99.000, -99.00,-99.000, -99.00,
9/3/2006 17:55:00, 11.6,275.9,  0.6,  3.4, 19.042, 28.95,  0.0,  0.0,  0.105, 175.10,  0.049, 142.43,  0.081, 172.17,  0.138, 173.75,  0.124, 269.54,  0.081, 263.66,  0.117, 259.65,  0.063, 274.54,  0.012, 294.44,  0.127, 328.57,  0.108, 304.43,  0.101, 292.75,  0.139, 301.74,  0.168, 301.61,  0.126, 303.31,  0.094, 243.43,-99.000, -99.00,-99.000, -99.00,-99.000, -99.00,-99.000, -99.00,
9/3/2006 18:00:00, 11.6,275.8,  0.6,  3.4, 19.040, 28.95,  0.0,  0.0,  0.128, 155.04,  0.182, 177.17,  0.086, 204.78,  0.085, 250.07,  0.088, 254.23,  0.040,   2.86,  0.092, 320.75,  0.158, 272.90,  0.110, 283.15,  0.156, 260.78,  0.123, 261.61,  0.074, 313.90,  0.074, 300.03,  0.112, 308.10,  0.152, 315.80,  0.090, 220.95,-99.000, -99.00,-99.000, -99.00,-99.000, -99.00,-99.000, -99.00,
9/3/2006 18:05:00, 11.6,275.8,  0.6,  3.4, 19.035, 28.94,  0.0,  0.0,  0.129, 134.37,  0.119, 143.90,  0.061, 213.69,  0.065, 175.60,  0.036, 305.91,  0.141, 274.90,  0.147, 271.17,  0.130, 277.94,  0.083, 285.38,  0.082, 306.03,  0.108, 293.48,  0.177, 287.10,  0.126, 304.70,  0.125, 309.81,  0.078, 289.36,  0.106, 215.04,-99.000, -99.00,-99.000, -99.00,-99.000, -99.00,-99.000, -99.00,
9/3/2006 18:10:00, 11.6,275.8,  0.6,  3.4, 19.032, 28.94,  0.0,  0.0,  0.231,  80.54,  0.065, 159.34,  0.113, 135.72,  0.025, 246.50,  0.044, 244.59,  0.061, 311.01,  0.093, 290.77,  0.138, 284.24,  0.127, 319.15,  0.117, 323.72,  0.086, 302.22,  0.149, 273.46,  0.173, 265.35,  0.239, 271.44,  0.172, 282.42,  0.070, 237.91,-99.000, -99.00,-99.000, -99.00,-99.000, -99.00,-99.000, -99.00,
9/3/2006 18:15:00, 11.6,275.8,  0.6,  3.4, 19.028, 28.95,  0.0,  0.0,  0.122, 137.98,  0.100, 155.22,  0.023, 131.42,  0.048,  34.02,  0.050, 239.83,  0.089, 350.96,  0.049, 291.37,  0.082, 277.73,  0.118, 306.38,  0.091, 290.63,  0.126, 294.33,  0.136, 303.57,  0.107, 290.81,  0.077, 281.16,  0.137, 291.88,  0.074, 268.45,-99.000, -99.00,-99.000, -99.00,-99.000, -99.00,-99.000, -99.00,
9/3/2006 18:20:00, 11.6,275.8,  0.6,  3.4, 19.031, 28.95,  0.0,  0.0,  0.135, 124.40,  0.084, 168.96,  0.123,   0.47,  0.026, 324.46,  0.039, 246.04,  0.079, 300.47,  0.033,  58.74,  0.075, 320.39,  0.151, 276.47,  0.134, 232.87,  0.110, 275.19,  0.036, 238.50,  0.075, 319.90,  0.160, 332.79,  0.042, 328.57,  0.056, 357.95,-99.000, -99.00,-99.000, -99.00,-99.000, -99.00,-99.000, -99.00,
9/3/2006 18:25:00, 11.6,275.9,  0.6,  3.4, 19.026, 28.95,  0.0,  0.0,  0.224, 111.52,  0.086, 178.00,  0.076, 168.69,  0.039, 165.26,  0.044, 316.85,  0.023,   0.00,  0.042, 305.22,  0.105, 347.29,  0.092, 292.38,  0.017, 283.24,  0.062, 277.47,  0.127, 270.90,  0.144, 285.67,  0.204, 272.81,  0.203, 269.44,  0.124, 233.22,-99.000, -99.00,-99.000, -99.00,-99.000, -99.00,-99.000, -99.00,
9/3/2006 18:30:00, 11.6,275.8,  0.6,  3.4, 19.024, 28.95,  0.0,  0.0,  0.081, 182.83,  0.043, 200.56,  0.018, 189.46,  0.089, 352.87,  0.093, 314.13,  0.087, 263.37,  0.080,  80.66,  0.059, 293.96,  0.129, 314.06,  0.045, 310.46,  0.133, 242.28,  0.193, 264.94,  0.078, 216.14,  0.060, 266.19,  0.069, 332.32,  0.154, 291.39,-99.000, -99.00,-99.000, -99.00,-99.000, -99.00,-99.000, -99.00,
9/3/2006 18:35:00, 11.6,275.8,  0.6,  3.4, 19.020, 28.94,  0.0,  0.0,  0.128, 164.12,  0.111, 203.81,  0.112, 147.02,  0.085, 270.00,  0.125, 240.14,  0.024,  94.76,  0.087, 284.68,  0.089, 349.70,  0.082, 284.89,  0.138, 323.55,  0.171, 300.91,  0.069, 312.66,  0.047, 234.61,  0.045, 243.43,  0.035, 306.87,  0.070, 189.06,-99.000, -99.00,-99.000, -99.00,-99.000, -99.00,-99.000, -99.00,
9/3/2006 18:40:00, 11.6,275.7,  0.6,  3.4, 19.019, 28.94,  0.0,  0.0,  0.157, 174.87,  0.102, 124.62,  0.090, 102.18,  0.069, 317.95,  0.076,  28.25,  0.026, 180.00,  0.052, 297.55,  0.044, 272.60,  0.109, 218.66,  0.039, 242.78,  0.020, 185.71,  0.012,  80.54,  0.039, 345.26,  0.072, 253.84,  0.043, 335.22,  0.106, 210.69,-99.000, -99.00,-99.000, -99.00,-99.000, -99.00,-99.000, -99.00,
9/3/2006 18:45:00, 11.6,275.8,  0.6,  3.4, 19.021, 28.93,  0.0,  0.0,  0.265, 136.68,  0.100, 141.07,  0.092, 188.13,  0.041, 261.67,  0.064, 254.67,  0.064, 287.30,  0.104, 287.39,  0.108, 287.76,  0.054, 299.88,  0.134, 241.90,  0.059, 301.80,  0.113, 299.74,  0.106, 289.29,  0.136, 284.44,  0.158, 290.39,  0.062, 211.12,-99.000, -99.00,-99.000, -99.00,-99.000, -99.00,-99.000, -99.00,
9/3/2006 18:50:00, 11.6,275.8,  0.6,  3.4, 19.017, 28.93,  0.0,  0.0,  0.226, 131.95,  0.146, 133.89,  0.042, 245.90,  0.045, 296.57,  0.075, 271.53,  0.043, 220.31,  0.083, 248.71,  0.100, 280.97,  0.074, 277.80,  0.099, 278.13,  0.040, 296.57,  0.079, 332.14,  0.021, 264.56,  0.046, 322.88,  0.089, 320.94,  0.072, 239.17,-99.000, -99.00,-99.000, -99.00,-99.000, -99.00,-99.000, -99.00,
9/3/2006 18:55:00, 11.6,275.8,  0.6,  3.4, 19.013, 28.93,  0.0,  0.0,  0.134, 112.92,  0.200, 107.17,  0.036, 149.86,  0.047,  90.00,  0.060, 214.76,  0.091, 262.41,  0.062, 332.20,  0.074, 284.04,  0.084, 286.50,  0.108, 308.99,  0.173, 304.61,  0.121, 296.57,  0.099, 278.13,  0.071, 302.35,  0.082, 292.19,  0.089, 235.06,-99.000, -99.00,-99.000, -99.00,-99.000, -99.00,-99.000, -99.00,
9/3/2006 19:00:00, 11.6,275.9,  0.6,  3.4, 19.017, 28.93,  0.0,  0.0,  0.204, 113.05,  0.180, 122.98,  0.090, 183.81,  0.080, 149.90,  0.008, 172.87,  0.108, 300.60,  0.079, 258.26,  0.086, 296.86,  0.074, 274.64,  0.068, 256.37,  0.159, 277.57,  0.169, 272.03,  0.128, 316.58,  0.111, 317.55,  0.127, 306.33,  0.061, 300.32,-99.000, -99.00,-99.000, -99.00,-99.000, -99.00,-99.000, -99.00,
9/3/2006 19:05:00, 11.6,275.9,  0.6,  3.4, 19.005, 28.93,  0.0,  0.0,  0.113, 119.05,  0.158, 130.13,  0.148, 182.32,  0.055, 339.93,  0.089, 320.44,  0.066, 284.88,  0.055, 281.51,  0.144, 289.44,  0.150, 262.73,  0.078, 278.13,  0.151, 274.17,  0.093, 253.12,  0.090, 289.44,  0.077, 336.11,  0.120, 315.67,  0.063, 340.41,-99.000, -99.00,-99.000, -99.00,-99.000, -99.00,-99.000, -99.00,
9/3/2006 19:10:00, 11.6,275.9,  0.6,  3.4, 19.000, 28.94,  0.0,  0.0,  0.226, 121.44,  0.123, 141.92,  0.123,  82.99,  0.179,  55.69,  0.215,  53.72,  0.181,  19.74,  0.139,  26.93,  0.138, 322.96,  0.161, 314.75,  0.124, 338.80,  0.061, 297.41,  0.048,   9.66,  0.029,   9.78,  0.034, 119.54,  0.072, 243.43,  0.106, 226.53,-99.000, -99.00,-99.000, -99.00,-99.000, -99.00,-99.000, -99.00,
9/3/2006 19:15:00, 11.6,275.7,  0.6,  3.4, 18.994, 28.94,  0.0,  0.0,  0.161, 109.56,  0.178, 137.96,  0.120, 135.67,  0.111,  69.93,  0.124,  74.05,  0.055,   4.16,  0.091, 240.33,  0.071, 283.06,  0.081, 282.14,  0.138, 272.49,  0.152, 255.87,  0.098, 214.18,  0.118, 215.31,  0.137, 254.34,  0.045, 225.91,  0.140, 197.40,-99.000, -99.00,-99.000, -99.00,-99.000, -99.00,-99.000, -99.00,
9/3/2006 19:20:00, 11.6,275.8,  0.6,  3.4, 19.000, 28.95,  0.0,  0.0,  0.205, 120.44,  0.262, 139.80,  0.132, 176.10,  0.113, 139.29,  0.102, 145.84,  0.047, 304.70,  0.047, 260.13,  0.034, 259.70,  0.109, 268.42,  0.065, 222.51,  0.036, 228.37,  0.122, 269.06,  0.156, 265.21,  0.035, 256.76,  0.060, 185.71,  0.127, 216.06,-99.000, -99.00,-99.000, -99.00,-99.000, -99.00,-99.000, -99.00,
9/3/2006 19:25:00, 11.6,275.8,  0.6,  3.4, 18.995, 28.95,  0.0,  0.0,  0.270, 130.95,  0.176, 137.77,  0.202, 168.86,  0.188, 146.06,  0.119, 149.78,  0.042, 175.91,  0.054, 276.34,  0.028, 274.09,  0.107, 294.40,  0.122, 256.19,  0.034, 292.75,  0.068, 243.06,  0.144, 247.90,  0.113, 264.39,  0.158, 292.68,  0.062, 257.97,-99.000, -99.00,-99.000, -99.00,-99.000, -99.00,-99.000, -99.00,
9/3/2006 19:30:00, 11.6,275.8,  0.6,  3.4, 18.992, 28.95,  0.0,  0.0,  0.232, 122.66,  0.163, 154.54,  0.178, 155.45,  0.102, 157.47,  0.074, 112.38,  0.085, 110.56,  0.056, 132.83,  0.025, 276.84,  0.036, 262.09,  0.021, 242.24,  0.041, 316.97,  0.089, 256.28,  0.092, 228.52,  0.104, 187.19,  0.064, 270.00,  0.065, 161.29,-99.000, -99.00,-99.000, -99.00,-99.000, -99.00,-99.000, -99.00,
9/3/2006 19:35:00, 11.6,275.9,  0.6,  3.4, 18.979, 28.95,  0.0,  0.0,  0.223, 107.78,  0.233, 136.57,  0.217, 164.24,  0.222, 165.65,  0.106, 199.29,  0.058, 141.34,  0.043, 236.31,  0.049, 261.87,  0.136, 299.59,  0.096,   0.00,  0.034, 247.25,  0.087, 293.63,  0.126, 273.18,  0.108, 256.09,  0.077, 263.25,  0.048, 283.17,-99.000, -99.00,-99.000, -99.00,-99.000, -99.00,-99.000, -99.00,
9/3/2006 19:40:00, 11.6,275.7,  0.6,  3.4, 18.982, 28.96,  0.0,  0.0,  0.187, 114.92,  0.232, 120.88,  0.157, 160.99,  0.151, 165.78,  0.165, 155.30,  0.123, 121.36,  0.046, 142.88,  0.050, 185.71,  0.041, 143.97,  0.035, 253.61,  0.059, 261.18,  0.088, 316.85,  0.103, 302.77,  0.078, 278.13,  0.081, 223.51,  0.125, 172.65,-99.000, -99.00,-99.000, -99.00,-99.000, -99.00,-99.000, -99.00,
9/3/2006 19:45:00, 11.6,275.8,  0.6,  3.4, 18.985, 28.96,  0.0,  0.0,  0.238, 118.07,  0.245, 132.35,  0.245, 139.80,  0.178, 140.48,  0.158, 170.18,  0.067, 206.57,  0.063, 154.65,  0.023,  90.00,  0.032, 171.12,  0.006, 180.00,  0.046, 141.15,  0.039, 184.40,  0.091, 210.53,  0.057, 250.62,  0.011,  74.74,  0.134, 150.57,-99.000, -99.00,-99.000, -99.00,-99.000, -99.00,-99.000, -99.00,
9/3/2006 19:50:00, 11.6,275.7,  0.6,  3.4, 18.983, 28.96,  0.0,  0.0,  0.278, 129.46,  0.212, 108.69,  0.138, 154.18,  0.217, 161.48,  0.101, 141.43,  0.152, 148.71,  0.063, 128.52,  0.051, 155.46,  0.031, 273.69,  0.044, 205.41,  0.076, 302.64,  0.024, 189.46,  0.052, 242.45,  0.083, 221.58,  0.041, 214.08,  0.024, 218.29,-99.000, -99.00,-99.000, -99.00,-99.000, -99.00,-99.000, -99.00,
9/3/2006 19:55:00, 11.6,275.9,  0.6,  3.4, 18.978, 28.96,  0.0,  0.0,  0.128,  88.21,  0.281, 127.48,  0.231, 133.24,  0.268, 141.21,  0.239, 146.11,  0.207, 143.63,  0.107, 164.28,  0.086, 231.13,  0.053,  99.82,  0.080,   2.86,  0.065, 282.53,  0.066, 275.19,  0.113, 280.71,  0.053, 273.24,  0.126, 269.09,  0.134, 240.57,-99.000, -99.00,-99.000, -99.00,-99.000, -99.00,-99.000, -99.00,
9/3/2006 20:00:00, 11.6,275.8,  0.6,  3.4, 18.971, 28.96,  0.0,  0.0,  0.179, 109.24,  0.141, 120.75,  0.227, 130.35,  0.218, 117.27,  0.157, 158.00,  0.178, 170.96,  0.149, 143.75,  0.083,  81.67,  0.060, 180.00,  0.083, 154.98,  0.091, 232.13,  0.080, 187.93,  0.082, 216.03,  0.035, 156.37,  0.055, 267.92,  0.107, 223.86,-99.000, -99.00,-99.000, -99.00,-99.000, -99.00,-99.000, -99.00,
9/3/2006 20:05:00, 11.6,275.9,  0.6,  3.4, 18.966, 28.96,  0.0,  0.0,  0.210, 113.27,  0.228, 115.78,  0.230, 136.59,  0.172, 115.52,  0.200, 138.65,  0.148, 157.77,  0.109, 152.02,  0.122, 189.93,  0.060, 196.34,  0.084,  73.30,  0.028, 319.40,  0.077, 275.19,  0.008, 150.26,  0.042, 226.91,  0.030, 118.30,  0.032, 323.84,-99.000, -99.00,-99.000, -99.00,-99.000, -99.00,-99.000, -99.00,
9/3/2006 20:10:00, 11.6,275.9,  0.6,  3.4, 18.962, 28.96,  0.0,  0.0,  0.176, 113.07,  0.204, 114.05,  0.191, 128.61,  0.236, 128.13,  0.146, 141.10,  0.272, 134.85,  0.149, 146.52,  0.090, 150.88,  0.074, 253.52,  0.033, 242.65,  0.028, 310.60,  0.098, 301.26,  0.073, 292.68,  0.077, 275.93,  0.031, 283.13,  0.019,   8.97,-99.000, -99.00,-99.000, -99.00,-99.000, -99.00,-99.000, -99.00,
9/3/2006 20:15:00, 11.6,275.8,  0.6,  3.4, 18.957, 28.97,  0.0,  0.0,  0.131, 130.36,  0.331, 114.86,  0.224, 124.26,  0.254, 121.00,  0.213, 125.63,  0.242, 132.66,  0.278, 133.98,  0.140, 132.69,  0.106,  93.24,  0.050, 166.24,  0.104, 292.11,  0.055, 353.77,  0.031, 266.31,  0.070, 226.74,  0.008, 336.80,  0.072, 149.86,-99.000, -99.00,-99.000, -99.00,-99.000, -99.00,-99.000, -99.00,
9/3/2006 20:20:00, 11.6,275.8,  0.6,  3.4, 18.955, 28.97,  0.0,  0.0,  0.171, 128.82,  0.197, 133.35,  0.200, 132.16,  0.242, 132.66,  0.150, 112.80,  0.275, 124.79,  0.138, 130.60,  0.108, 104.42,  0.054, 176.82,  0.119, 139.76,  0.085, 172.54,  0.036, 211.50,  0.090, 247.72,  0.100, 299.39,  0.049,  16.59,  0.056, 141.50,-99.000, -99.00,-99.000, -99.00,-99.000, -99.00,-99.000, -99.00,
9/3/2006 20:25:00, 11.6,275.9,  0.6,  3.4, 18.950, 28.97,  0.0,  0.0,  0.267, 118.20,  0.289, 129.09,  0.282, 124.59,  0.167, 104.53,  0.153, 137.12,  0.246, 128.08,  0.127, 125.07,  0.178, 129.06,  0.182, 132.10,  0.101, 100.30,  0.087,  14.68,  0.087,  23.03,  0.082, 341.57,  0.050,  59.83,  0.038,  12.20,  0.065, 206.57,-99.000, -99.00,-99.000, -99.00,-99.000, -99.00,-99.000, -99.00,
9/3/2006 20:30:00, 11.6,275.8,  0.6,  3.4, 18.943, 28.97,  0.0,  0.0,  0.259, 117.85,  0.296, 123.85,  0.235, 121.80,  0.178, 125.65,  0.286, 126.03,  0.182, 135.44,  0.277, 136.17,  0.171, 142.59,  0.110, 109.09,  0.053, 100.89,  0.030, 124.22,  0.051,  40.24,  0.026, 357.80,  0.052, 302.47,  0.109,  70.24,  0.021, 152.24,-99.000, -99.00,-99.000, -99.00,-99.000, -99.00,-99.000, -99.00,
9/3/2006 20:35:00, 11.6,275.8,  0.6,  3.4, 18.937, 28.97,  0.0,  0.0,  0.191, 118.85,  0.225, 129.06,  0.306, 137.39,  0.209, 125.44,  0.127, 150.20,  0.222, 113.10,  0.151, 158.20,  0.079, 135.00,  0.145, 148.50,  0.142, 161.57,  0.039, 199.36,  0.037, 107.45,  0.009, 353.66,  0.033, 297.35,  0.025, 186.84,  0.052, 124.00,-99.000, -99.00,-99.000, -99.00,-99.000, -99.00,-99.000, -99.00,
9/3/2006 20:40:00, 11.6,275.7,  0.6,  3.4, 18.929, 28.97,  0.0,  0.0,  0.160,  95.03,  0.295, 109.60,  0.230, 121.48,  0.197, 123.85,  0.236, 135.34,  0.103, 109.84,  0.259, 105.00,  0.078, 145.49,  0.132, 158.28,  0.118, 103.68,  0.111, 108.43,  0.020, 290.22,  0.032,  60.26,  0.009,  54.46,  0.039,  67.38,  0.073, 173.75,-99.000, -99.00,-99.000, -99.00,-99.000, -99.00,-99.000, -99.00,
9/3/2006 20:45:00, 11.6,275.7,  0.6,  3.4, 18.923, 28.96,  0.0,  0.0,  0.140,  96.16,  0.272, 110.70,  0.227, 137.32,  0.117, 123.83,  0.258, 128.69,  0.170, 169.48,  0.139, 178.76,  0.252, 146.18,  0.158, 146.11,  0.136, 103.22,  0.095,  46.71,  0.083,  80.99,  0.036, 217.18,  0.047,  55.30,  0.088,  19.87,  0.054, 270.00,-99.000, -99.00,-99.000, -99.00,-99.000, -99.00,-99.000, -99.00,
9/3/2006 20:50:00, 11.6,275.8,  0.6,  3.4, 18.925, 28.96,  0.0,  0.0,  0.238, 108.13,  0.223, 105.35,  0.226, 130.33,  0.181, 132.76,  0.226, 144.55,  0.221, 144.37,  0.222, 140.29,  0.210, 113.63,  0.219, 125.72,  0.191, 117.77,  0.148, 118.64,  0.034,  98.37,  0.050, 151.39,  0.088,  60.82,  0.091,  41.89,  0.076, 330.72,-99.000, -99.00,-99.000, -99.00,-99.000, -99.00,-99.000, -99.00,
9/3/2006 20:55:00, 11.6,275.8,  0.6,  3.4, 18.923, 28.96,  0.0,  0.0,  0.259, 122.40,  0.267, 142.14,  0.254, 129.40,  0.204, 111.02,  0.274, 132.19,  0.176, 131.55,  0.262, 118.52,  0.219, 130.17,  0.218, 123.40,  0.135, 106.82,  0.124, 118.83,  0.109, 108.10,  0.068,  46.19,  0.046,   0.00,  0.045, 357.46,  0.085, 182.02,-99.000, -99.00,-99.000, -99.00,-99.000, -99.00,-99.000, -99.00,
9/3/2006 21:00:00, 11.6,275.9,  0.6,  3.4, 18.920, 28.97,  0.0,  0.0,  0.202, 104.04,  0.225, 113.03,  0.183, 146.14,  0.263, 132.84,  0.218, 130.91,  0.292, 116.65,  0.297, 120.80,  0.220, 106.95,  0.293, 108.06,  0.273, 106.58,  0.159, 112.20,  0.108, 155.34,  0.043, 152.24,  0.030, 258.31,  0.034,  11.98,  0.022, 169.70,-99.000, -99.00,-99.000, -99.00,-99.000, -99.00,-99.000, -99.00,
9/3/2006 21:05:00, 11.6,275.7,  0.6,  3.4, 18.913, 28.98,  0.0,  0.0,  0.187, 130.67,  0.169, 130.20,  0.200, 128.30,  0.154, 123.59,  0.204, 116.82,  0.213, 142.05,  0.207, 146.23,  0.204, 106.22,  0.151, 112.15,  0.242, 105.59,  0.179, 101.25,  0.143,  69.91,  0.055,  86.88,  0.005,  53.13,  0.015,  23.20,  0.129, 230.65,-99.000, -99.00,-99.000, -99.00,-99.000, -99.00,-99.000, -99.00,
9/3/2006 21:10:00, 11.6,275.9,  0.6,  3.4, 18.912, 28.99,  0.0,  0.0,  0.131, 163.64,  0.254, 114.95,  0.236, 122.01,  0.221, 136.84,  0.179, 153.43,  0.112, 133.92,  0.133, 127.39,  0.179, 116.14,  0.191, 112.53,  0.164, 109.65,  0.228, 116.00,  0.102, 118.84,  0.104,  96.10,  0.019, 237.99,  0.046, 238.39,  0.104, 149.51,-99.000, -99.00,-99.000, -99.00,-99.000, -99.00,-99.000, -99.00,
9/3/2006 21:15:00, 11.6,275.7,  0.6,  3.4, 18.909, 28.99,  0.0,  0.0,  0.097, 147.62,  0.128, 126.42,  0.142, 130.43,  0.222, 138.47,  0.244, 125.32,  0.163, 113.89,  0.131, 112.05,  0.238,  97.01,  0.217, 104.16,  0.192,  93.58,  0.139, 112.34,  0.063, 129.23,  0.146,  68.34,  0.057,  60.75,  0.082,  73.77,  0.003, 108.43,-99.000, -99.00,-99.000, -99.00,-99.000, -99.00,-99.000, -99.00,
9/3/2006 21:20:00, 11.6,275.7,  0.6,  3.4, 18.912, 28.99,  0.0,  0.0,  0.137, 112.27,  0.244,  96.34,  0.165, 107.23,  0.217,  92.37,  0.131, 319.97,  0.144, 347.99,  0.197, 320.34,  0.256, 311.35,  0.081, 319.01,  0.032, 294.15,  0.124, 157.77,  0.104, 143.57,  0.113, 131.42,  0.104, 156.87,  0.056, 188.28,  0.080, 165.44,-99.000, -99.00,-99.000, -99.00,-99.000, -99.00,-99.000, -99.00,
9/3/2006 21:25:00, 11.6,275.8,  0.6,  3.4, 18.903, 29.01,  0.0,  0.0,  0.045,  91.27,  0.078,  75.96,  0.063, 157.52,  0.100, 105.00,  0.140, 325.51,  0.124, 353.05,  0.078, 321.80,  0.079, 103.86,  0.131, 105.52,  0.152, 122.64,  0.064,  82.87,  0.043,  79.22,  0.058,  87.04,  0.013,  85.60,  0.098,  64.49,  0.091,  70.77,-99.000, -99.00,-99.000, -99.00,-99.000, -99.00,-99.000, -99.00,
9/3/2006 21:30:00, 11.6,275.8,  0.6,  3.4, 18.891, 29.02,  0.0,  0.0,  0.155,  12.69,  0.144,  67.90,  0.105,   4.90,  0.022, 180.00,  0.076, 176.99,  0.045, 174.92,  0.113, 124.95,  0.090, 119.12,  0.124, 157.17,  0.110, 155.77,  0.033, 104.04,  0.107, 291.31,  0.092,   0.00,  0.056, 323.75,  0.012, 350.54,  0.116, 250.94,-99.000, -99.00,-99.000, -99.00,-99.000, -99.00,-99.000, -99.00,
9/3/2006 21:35:00, 11.6,275.8,  0.6,  3.4, 18.888, 29.02,  0.0,  0.0,  0.178, 305.39,  0.089, 310.88,  0.069, 168.37,  0.006, 189.46,  0.068, 189.32,  0.065, 170.25,  0.065, 162.96,  0.132,  25.20,  0.061,   0.00,  0.078, 114.26,  0.118, 132.24,  0.100, 140.27,  0.085, 237.43,  0.087,  56.31,  0.069, 341.30,  0.054, 204.18,-99.000, -99.00,-99.000, -99.00,-99.000, -99.00,-99.000, -99.00,
9/3/2006 21:40:00, 11.6,275.9,  0.6,  3.4, 18.892, 29.00,  0.0,  0.0,  0.089, 274.50,  0.050, 177.71,  0.039, 100.44,  0.041, 175.82,  0.075, 182.29,  0.048, 140.04,  0.034, 195.26,  0.019, 124.51,  0.012, 194.04,  0.086, 118.35,  0.060, 180.00,  0.056, 104.53,  0.034, 324.46,  0.075,  52.06,  0.107, 309.33,  0.056, 209.74,-99.000, -99.00,-99.000, -99.00,-99.000, -99.00,-99.000, -99.00,
9/3/2006 21:45:00, 11.6,275.7,  0.6,  3.4, 18.885, 28.99,  0.0,  0.0,  0.021, 188.13,  0.071, 351.07,  0.076,  60.72,  0.102, 356.63,  0.075,   2.29,  0.068, 203.53,  0.022, 149.93,  0.090, 161.16,  0.097, 128.29,  0.023, 164.74,  0.037, 133.92,  0.047, 271.22,  0.051, 258.69,  0.049, 260.54,  0.056, 330.26,  0.048, 256.83,-99.000, -99.00,-99.000, -99.00,-99.000, -99.00,-99.000, -99.00,
9/3/2006 21:50:00, 11.6,275.7,  0.6,  3.4, 18.875, 28.99,  0.0,  0.0,  0.157, 296.89,  0.020, 110.22,  0.022,  43.15,  0.017,  72.65,  0.074,  95.40,  0.157, 100.30,  0.037, 200.38,  0.119, 150.20,  0.068,  97.65,  0.066, 158.52,  0.064, 157.04,  0.156, 106.35,  0.014, 158.96,  0.031, 211.61,  0.065, 278.00,  0.041, 276.95,-99.000, -99.00,-99.000, -99.00,-99.000, -99.00,-99.000, -99.00,
9/3/2006 21:55:00, 11.6,275.8,  0.6,  3.4, 18.867, 28.99,  0.0,  0.0,  0.120,  28.92,  0.039, 149.53,  0.028, 270.00,  0.037, 358.45,  0.034, 285.26,  0.018, 146.31,  0.051, 185.60,  0.089,  50.94,  0.112,  30.00,  0.074, 101.77,  0.084, 121.79,  0.098,  81.21,  0.069,  94.14,  0.076,  80.91,  0.048, 336.64,  0.065, 237.53,-99.000, -99.00,-99.000, -99.00,-99.000, -99.00,-99.000, -99.00,
9/3/2006 22:00:00, 11.6,275.7,  0.6,  3.4, 18.866, 28.98,  0.0,  0.0,  0.034, 330.46,  0.017, 280.01,  0.109, 336.73,  0.143, 342.45,  0.050,  40.10,  0.092, 318.52,  0.044, 161.57,  0.110, 133.53,  0.033, 135.00,  0.007, 236.31,  0.033, 340.46,  0.085,  25.67,  0.059,  33.96,  0.061, 301.61,  0.076, 310.19,  0.030, 348.31,-99.000, -99.00,-99.000, -99.00,-99.000, -99.00,-99.000, -99.00,
9/3/2006 22:05:00, 11.6,275.9,  0.6,  3.4, 18.863, 28.96,  0.0,  0.0,  0.064, 311.19,  0.126,  26.36,  0.074, 338.63,  0.068,   7.65,  0.062,  53.50,  0.025, 101.77,  0.099, 273.47,  0.016, 119.74,  0.046, 196.46,  0.091, 266.86,  0.062, 206.98,  0.039,  91.47,  0.026,   0.00,  0.022, 300.07,  0.125,  12.93,  0.036, 345.58,-99.000, -99.00,-99.000, -99.00,-99.000, -99.00,-99.000, -99.00,
9/3/2006 22:10:00, 11.6,275.8,  0.6,  3.4, 18.865, 28.95,  0.0,  0.0,  0.179, 341.46,  0.067,  19.25,  0.045, 280.30,  0.060, 272.86,  0.041,   1.40,  0.076, 335.12,  0.076, 317.68,  0.038, 293.20,  0.025, 328.24,  0.076,   4.51,  0.071,  56.53,  0.060, 110.56,  0.075, 125.80,  0.041, 152.18,  0.012, 204.44,  0.103, 230.12,-99.000, -99.00,-99.000, -99.00,-99.000, -99.00,-99.000, -99.00,
9/3/2006 22:15:00, 11.6,275.9,  0.6,  3.4, 18.853, 28.95,  0.0,  0.0,  0.006, 270.00,  0.023, 180.00,  0.100, 257.91,  0.041,   8.33,  0.073, 325.01,  0.084, 284.53,  0.087, 238.70,  0.083,  71.13,  0.052, 325.10,  0.074, 329.30,  0.046, 270.00,  0.029,  80.22,  0.019, 212.01,  0.085,  92.02,  0.044,  61.70,  0.094, 267.56,-99.000, -99.00,-99.000, -99.00,-99.000, -99.00,-99.000, -99.00,
9/3/2006 22:20:00, 11.6,275.8,  0.6,  3.4, 18.847, 28.95,  0.0,  0.0,  0.070, 267.55,  0.064, 100.78,  0.084, 344.15,  0.067, 331.53,  0.080, 341.79,  0.049, 250.82,  0.066, 293.09,  0.102, 309.01,  0.065, 354.73,  0.061, 298.24,  0.047, 304.70,  0.011,  41.19,  0.073, 134.44,  0.042, 310.16,  0.023, 352.57,  0.026,  15.64,-99.000, -99.00,-99.000, -99.00,-99.000, -99.00,-99.000, -99.00,
9/3/2006 22:25:00, 11.6,275.9,  0.6,  3.4, 18.849, 28.94,  0.0,  0.0,  0.125,  15.26,  0.072, 306.55,  0.104, 254.36,  0.134, 307.72,  0.126, 343.87,  0.079, 321.68,  0.035, 205.11,  0.076, 308.07,  0.045,  33.34,  0.140, 269.59,  0.061, 336.80,  0.055, 118.44,  0.062, 284.04,  0.076,   5.26,  0.031, 348.69,  0.068, 271.68,-99.000, -99.00,-99.000, -99.00,-99.000, -99.00,-99.000, -99.00,
9/3/2006 22:30:00, 11.6,275.7,  0.6,  3.4, 18.853, 28.92,  0.0,  0.0,  0.042,  64.65,  0.118, 326.45,  0.093, 315.00,  0.082, 303.50,  0.187, 303.44,  0.108, 338.20,  0.082, 321.45,  0.026, 351.25,  0.110,   4.16,  0.082, 350.88,  0.041, 358.60,  0.047,  55.30,  0.034, 216.53,  0.030, 277.59,  0.074, 342.78,  0.095, 208.18,-99.000, -99.00,-99.000, -99.00,-99.000, -99.00,-99.000, -99.00,
9/3/2006 22:35:00, 11.6,276.1,  0.6,  3.4, 18.834, 28.91,  0.0,  0.0,  0.094, 329.35,  0.131, 325.58,  0.052, 306.43,  0.102,   3.37,  0.136, 347.70,  0.113, 309.61,  0.093,  14.93,  0.115, 335.43,  0.149, 343.26,  0.154, 346.50,  0.089,   1.93,  0.117, 330.38,  0.020,  14.74,  0.019, 353.99,  0.022, 309.47,  0.050, 197.35,-99.000, -99.00,-99.000, -99.00,-99.000, -99.00,-99.000, -99.00,
9/3/2006 22:40:00, 11.6,276.0,  0.6,  3.4, 18.832, 28.90,  0.0,  0.0,  0.077, 310.28,  0.182, 296.71,  0.103, 314.60,  0.057, 289.38,  0.090, 338.55,  0.064, 318.81,  0.089,  49.12,  0.101, 345.69,  0.027,  21.80,  0.015, 262.41,  0.021, 165.96,  0.038, 122.01,  0.050, 189.27,  0.043, 200.56,  0.036, 320.60,  0.064, 186.24,-99.000, -99.00,-99.000, -99.00,-99.000, -99.00,-99.000, -99.00,
9/3/2006 22:45:00, 11.6,275.8,  0.6,  3.4, 18.828, 28.89,  0.0,  0.0,  0.107, 281.31,  0.072, 303.02,  0.114, 289.55,  0.088,  56.13,  0.050, 340.11,  0.146, 346.92,  0.130, 322.51,  0.099,   0.58,  0.016,   0.00,  0.123, 159.06,  0.039, 199.36,  0.065, 206.57,  0.007, 236.31,  0.052, 201.60,  0.050,  95.71,  0.080, 256.31,-99.000, -99.00,-99.000, -99.00,-99.000, -99.00,-99.000, -99.00,
9/3/2006 22:50:00, 11.6,275.8,  0.6,  3.4, 18.824, 28.89,  0.0,  0.0,  0.104, 331.21,  0.105,   0.00,  0.107, 353.54,  0.176, 344.86,  0.110, 334.60,  0.106, 339.51,  0.121, 302.51,  0.041,  68.46,  0.051, 304.62,  0.082, 203.11,  0.037, 216.25,  0.031,  54.25,  0.024, 299.74,  0.013, 237.53,  0.038, 317.12,  0.053, 228.81,-99.000, -99.00,-99.000, -99.00,-99.000, -99.00,-99.000, -99.00,
9/3/2006 22:55:00, 11.6,275.8,  0.6,  3.4, 18.803, 28.89,  0.0,  0.0,  0.274, 349.92,  0.181, 347.88,  0.213, 349.43,  0.182, 333.86,  0.131, 341.29,  0.113, 330.95,  0.052, 100.01,  0.030, 212.62,  0.106, 297.53,  0.068, 154.93,  0.064, 166.40,  0.036, 313.88,  0.016, 349.38,  0.035,  41.50,  0.059, 333.00,  0.052, 258.91,-99.000, -99.00,-99.000, -99.00,-99.000, -99.00,-99.000, -99.00,
9/3/2006 23:00:00, 11.6,275.8,  0.6,  3.4, 18.792, 28.91,  0.0,  0.0,  0.233, 347.34,  0.215,  20.71,  0.245,  14.43,  0.213,  15.54,  0.088,  14.51,  0.153,  22.22,  0.148, 333.09,  0.099, 260.16,  0.094, 297.11,  0.029, 123.69,  0.061, 190.39,  0.056, 227.17,  0.039, 336.04,  0.037, 358.45,  0.036,  12.88,  0.033, 321.07,-99.000, -99.00,-99.000, -99.00,-99.000, -99.00,-99.000, -99.00,
9/3/2006 23:05:00, 11.6,275.9,  0.6,  3.4, 18.801, 28.91,  0.0,  0.0,  0.234, 343.65,  0.198, 355.65,  0.196, 354.73,  0.265, 358.92,  0.153, 344.42,  0.124, 324.52,  0.087, 354.09,  0.115, 330.32,  0.087, 202.17,  0.074, 251.81,  0.036, 170.54,  0.175, 246.80,  0.031, 245.10,  0.148, 294.32,  0.118, 300.47,  0.104, 313.05,-99.000, -99.00,-99.000, -99.00,-99.000, -99.00,-99.000, -99.00,
9/3/2006 23:10:00, 11.6,275.8,  0.6,  3.4, 18.794, 28.92,  0.0,  0.0,  0.280, 336.91,  0.214, 353.01,  0.186, 347.60,  0.188, 356.65,  0.116, 337.65,  0.173, 304.15,  0.052, 315.78,  0.086, 299.83,  0.047, 295.46,  0.047, 283.45,  0.035, 340.02,  0.035, 250.02,  0.029, 234.69,  0.109, 283.78,  0.065,  28.54,  0.026, 274.40,-99.000, -99.00,-99.000, -99.00,-99.000, -99.00,-99.000, -99.00,
9/3/2006 23:15:00, 11.6,275.7,  0.6,  3.4, 18.797, 28.92,  0.0,  0.0,  0.302, 345.04,  0.265,   1.95,  0.257, 354.20,  0.262, 359.78,  0.126,  26.36,  0.174, 339.79,  0.032, 358.21,  0.036,  27.98,  0.062, 334.26,  0.067, 295.80,  0.096, 288.81,  0.004, 225.00,  0.056, 333.43,  0.139, 310.91,  0.090, 297.70,  0.097, 262.87,-99.000, -99.00,-99.000, -99.00,-99.000, -99.00,-99.000, -99.00,
9/3/2006 23:20:00, 11.6,275.8,  0.6,  3.4, 18.791, 28.92,  0.0,  0.0,  0.231, 323.28,  0.271, 342.37,  0.213,   0.54,  0.214, 356.79,  0.168, 340.92,  0.202, 315.80,  0.073, 315.56,  0.022, 204.23,  0.083, 298.72,  0.050, 268.85,  0.097, 292.35,  0.048, 266.42,  0.081, 228.01,  0.083, 167.47,  0.090, 261.06,  0.007, 225.00,-99.000, -99.00,-99.000, -99.00,-99.000, -99.00,-99.000, -99.00,
9/3/2006 23:25:00, 11.6,275.8,  0.6,  3.4, 18.802, 28.93,  0.0,  0.0,  0.170, 358.65,  0.199, 340.66,  0.196,   6.44,  0.130, 345.75,  0.107, 327.20,  0.077, 351.03,  0.052, 257.83,  0.031, 312.40,  0.065, 201.80,  0.143, 290.09,  0.076, 318.74,  0.065,   0.88,  0.080, 324.13,  0.044, 315.00,  0.108, 313.88,  0.110, 301.68,-99.000, -99.00,-99.000, -99.00,-99.000, -99.00,-99.000, -99.00,
9/3/2006 23:30:00, 11.6,275.9,  0.6,  3.4, 18.803, 28.93,  0.0,  0.0,  0.193, 328.37,  0.221, 340.17,  0.199, 332.40,  0.165, 332.66,  0.142, 293.68,  0.095, 315.86,  0.112, 290.85,  0.131, 296.18,  0.041, 263.05,  0.118, 313.29,  0.143, 310.47,  0.032, 255.53,  0.036,  88.41,  0.047, 132.44,  0.060, 330.85,  0.053,   0.00,-99.000, -99.00,-99.000, -99.00,-99.000, -99.00,-99.000, -99.00,
9/3/2006 23:35:00, 11.6,275.7,  0.6,  3.4, 18.797, 28.93,  0.0,  0.0,  0.259,   2.21,  0.239,   5.52,  0.193,   8.63,  0.121, 337.05,  0.116, 347.52,  0.092, 340.97,  0.030,  28.30,  0.028, 223.53,  0.113, 317.15,  0.004, 180.00,  0.104, 304.45,  0.088, 322.87,  0.097, 264.70,  0.056, 322.31,  0.071,   0.00,  0.048,  33.02,-99.000, -99.00,-99.000, -99.00,-99.000, -99.00,-99.000, -99.00,
9/3/2006 23:40:00, 11.6,275.8,  0.6,  3.4, 18.789, 28.94,  0.0,  0.0,  0.280, 339.75,  0.185, 331.64,  0.148,   1.55,  0.182, 333.86,  0.035,  68.50,  0.145,   0.79,  0.060, 280.56,  0.090, 305.46,  0.083, 293.47,  0.031, 340.97,  0.055, 159.93,  0.038, 111.80,  0.089, 318.21,  0.101, 322.67,  0.048, 274.76,  0.082, 303.11,-99.000, -99.00,-99.000, -99.00,-99.000, -99.00,-99.000, -99.00,
9/3/2006 23:45:00, 11.6,275.8,  0.6,  3.4, 18.781, 28.94,  0.0,  0.0,  0.202,   5.68,  0.165, 343.10,  0.248, 349.55,  0.106, 323.46,  0.086, 311.69,  0.089, 333.43,  0.014, 342.90,  0.028, 226.47,  0.017, 166.76,  0.065, 263.85,  0.160, 272.51,  0.048, 275.95,  0.072, 276.34,  0.059, 196.89,  0.029, 229.18,  0.011, 100.30,-99.000, -99.00,-99.000, -99.00,-99.000, -99.00,-99.000, -99.00,
9/3/2006 23:50:00, 11.6,275.9,  0.6,  3.4, 18.783, 28.94,  0.0,  0.0,  0.155, 347.31,  0.176, 359.67,  0.113,  19.08,  0.111, 338.96,  0.051, 271.12,  0.098, 251.01,  0.060, 344.58,  0.101, 321.43,  0.077, 287.27,  0.040, 277.13,  0.037, 300.70,  0.066, 333.05,  0.024, 270.00,  0.053, 262.48,  0.072, 300.14,  0.080, 231.56,-99.000, -99.00,-99.000, -99.00,-99.000, -99.00,-99.000, -99.00,
9/3/2006 23:55:00, 11.6,275.8,  0.6,  3.4, 18.782, 28.95,  0.0,  0.0,  0.253, 324.99,  0.263, 344.32,  0.228, 329.17,  0.100,  33.53,  0.077,  19.86,  0.084,   0.00,  0.062, 276.44,  0.042, 279.69,  0.036,   3.18,  0.017, 263.29,  0.044, 201.32,  0.037, 249.62,  0.111, 300.26,  0.052, 280.01,  0.036,  22.99,  0.004, 243.43,-99.000, -99.00,-99.000, -99.00,-99.000, -99.00,-99.000, -99.00,
9/4/2006 00:00:00, 11.6,275.8,  0.6,  3.4, 18.780, 28.95,  0.0,  0.0,  0.261, 342.12,  0.154, 323.20,  0.152, 330.07,  0.021,  46.97,  0.056, 327.45,  0.118, 331.04,  0.030,  61.70,  0.032,  43.73,  0.041, 274.18,  0.036, 358.41,  0.050, 308.48,  0.079, 319.09,  0.016, 307.57,  0.037,  71.08,  0.079, 321.68,  0.081, 222.51,-99.000, -99.00,-99.000, -99.00,-99.000, -99.00,-99.000, -99.00,
9/4/2006 00:05:00, 11.6,275.8,  0.6,  3.4, 18.771, 28.95,  0.0,  0.0,  0.279, 341.63,  0.171, 334.03,  0.202, 328.60,  0.134, 344.00,  0.128, 345.96,  0.080, 296.89,  0.024, 150.26,  0.079, 292.34,  0.082, 349.51,  0.064, 294.96,  0.049, 314.17,  0.021, 169.22,  0.056, 252.22,  0.028, 265.91,  0.056,  47.17,  0.088, 343.43,-99.000, -99.00,-99.000, -99.00,-99.000, -99.00,-99.000, -99.00,
9/4/2006 00:10:00, 11.6,275.8,  0.6,  3.4, 18.778, 28.95,  0.0,  0.0,  0.268, 318.03,  0.207, 346.90,  0.145,   1.58,  0.190,   2.41,  0.087,  14.04,  0.029,   7.85,  0.024, 325.01,  0.038, 234.64,  0.062, 217.79,  0.044, 140.53,  0.033, 255.96,  0.037, 119.36,  0.043, 155.22,  0.024, 240.26,  0.021,  60.95,  0.089, 179.36,-99.000, -99.00,-99.000, -99.00,-99.000, -99.00,-99.000, -99.00,
9/4/2006 00:15:00, 11.6,275.8,  0.6,  3.4, 18.776, 28.96,  0.0,  0.0,  0.200, 335.48,  0.211, 328.57,  0.232, 315.35,  0.107, 331.05,  0.050,  42.58,  0.065, 271.76,  0.040, 352.87,  0.039, 309.81,  0.034,  58.17,  0.049, 285.46,  0.063, 301.43,  0.035, 230.83,  0.075, 207.94,  0.102, 264.96,  0.041, 180.00,  0.021, 337.17,-99.000, -99.00,-99.000, -99.00,-99.000, -99.00,-99.000, -99.00,
9/4/2006 00:20:00, 11.6,276.0,  0.6,  3.4, 18.767, 28.97,  0.0,  0.0,  0.201, 342.37,  0.132,  10.03,  0.121, 353.82,  0.111,  13.54,  0.121, 332.37,  0.086,   4.65,  0.131, 348.09,  0.029, 189.78,  0.097, 234.19,  0.016, 145.30,  0.077, 257.96,  0.047, 233.62,  0.071, 188.93,  0.019, 117.90,  0.077,  90.00,  0.077, 342.51,-99.000, -99.00,-99.000, -99.00,-99.000, -99.00,-99.000, -99.00,
9/4/2006 00:25:00, 11.6,275.9,  0.6,  3.4, 18.774, 29.00,  0.0,  0.0,  0.181, 340.96,  0.231,   4.47,  0.216, 349.58,  0.169, 331.01,  0.096,  49.66,  0.036,   7.91,  0.078, 191.02,  0.023, 177.51,  0.045, 315.91,  0.119, 281.59,  0.016, 356.42,  0.025, 223.36,  0.023, 145.62,  0.062, 323.50,  0.123, 343.48,  0.053,   5.39,-99.000, -99.00,-99.000, -99.00,-99.000, -99.00,-99.000, -99.00,
9/4/2006 00:30:00, 11.6,275.7,  0.6,  3.4, 18.769, 29.03,  0.0,  0.0,  0.187, 335.63,  0.209, 356.44,  0.153,  23.89,  0.148, 339.49,  0.031, 352.65,  0.058,  90.99,  0.019, 124.51,  0.038, 338.20,  0.063,  48.22,  0.085,  35.38,  0.087,  39.38,  0.087,  35.69,  0.064,  97.24,  0.031,  70.97,  0.057,  27.01,  0.038, 113.20,-99.000, -99.00,-99.000, -99.00,-99.000, -99.00,-99.000, -99.00,
9/4/2006 00:35:00, 11.6,275.9,  0.6,  3.4, 18.762, 29.06,  0.0,  0.0,  0.198, 326.95,  0.246, 354.64,  0.096,  13.89,  0.098, 316.66,  0.070, 344.17,  0.080, 295.28,  0.028, 280.12,  0.088, 337.23,  0.074,  72.78,  0.076, 341.57,  0.011,  79.70,  0.030,  25.71,  0.033,  51.07,  0.086,  56.86,  0.097,  42.08,  0.059,  60.38,-99.000, -99.00,-99.000, -99.00,-99.000, -99.00,-99.000, -99.00,
9/4/2006 00:40:00, 11.6,275.8,  0.6,  3.4, 18.766, 29.08,  0.0,  0.0,  0.230, 327.62,  0.188, 339.73,  0.179, 336.30,  0.198, 318.27,  0.159, 353.50,  0.075,  43.92,  0.003, 161.57,  0.054,  31.33,  0.039,   5.86,  0.046,  53.88,  0.068,  36.03,  0.092, 342.94,  0.122,   2.82,  0.100, 353.09,  0.105,  24.85,  0.041, 157.17,-99.000, -99.00,-99.000, -99.00,-99.000, -99.00,-99.000, -99.00,
9/4/2006 00:45:00, 11.6,276.1,  0.6,  3.4, 18.761, 29.10,  0.0,  0.0,  0.257, 345.10,  0.142, 353.13,  0.081, 319.01,  0.137, 353.71,  0.130, 338.77,  0.124, 353.97,  0.056, 328.86,  0.094, 318.01,  0.032,  77.28,  0.081,  62.18,  0.109,  60.84,  0.101,   7.97,  0.098,  23.96,  0.086,  26.86,  0.086,  51.13,  0.039, 184.40,-99.000, -99.00,-99.000, -99.00,-99.000, -99.00,-99.000, -99.00,
9/4/2006 00:50:00, 11.6,275.8,  0.6,  3.4, 18.759, 29.11,  0.0,  0.0,  0.164, 335.93,  0.120, 352.82,  0.105, 349.55,  0.152, 318.99,  0.105, 351.25,  0.132, 358.26,  0.148, 320.49,  0.123,  49.60,  0.128, 319.45,  0.116,  29.87,  0.103,  42.24,  0.060, 321.79,  0.053,  85.68,  0.086,  29.25,  0.093, 343.72,  0.154, 288.20,-99.000, -99.00,-99.000, -99.00,-99.000, -99.00,-99.000, -99.00,
9/4/2006 00:55:00, 11.6,275.7,  0.6,  3.4, 18.766, 29.13,  0.0,  0.0,  0.239, 335.26,  0.200, 337.93,  0.103, 318.92,  0.098, 315.41,  0.102,  36.19,  0.101,  21.49,  0.042,  40.16,  0.098,  27.35,  0.064,  15.33,  0.079,   2.17,  0.036, 160.56,  0.124,  79.32,  0.128,  30.96,  0.100,  58.54,  0.065,  63.43,  0.052, 289.13,-99.000, -99.00,-99.000, -99.00,-99.000, -99.00,-99.000, -99.00,
9/4/2006 01:00:00, 11.6,275.8,  0.6,  3.4, 18.765, 29.15,  0.0,  0.0,  0.199,   1.73,  0.075, 350.04,  0.081, 339.11,  0.107, 342.58,  0.119,  11.59,  0.095,  38.19,  0.060, 344.58,  0.080,   0.72,  0.101, 339.04,  0.066, 292.29,  0.080, 328.30,  0.077, 350.29,  0.019, 124.51,  0.022, 215.84,  0.076,  99.83,  0.079, 145.30,-99.000, -99.00,-99.000, -99.00,-99.000, -99.00,-99.000, -99.00,
9/4/2006 01:05:00, 11.6,275.9,  0.6,  3.4, 18.768, 29.17,  0.0,  0.0,  0.263, 335.97,  0.130, 345.75,  0.119, 325.64,  0.170,   5.07,  0.082, 318.95,  0.138, 315.29,  0.121,  10.94,  0.098,   9.94,  0.136, 336.08,  0.094, 345.82,  0.105,  45.77,  0.151, 341.81,  0.140,  56.08,  0.097,  56.80,  0.082,  81.57,  0.014,  12.09,-99.000, -99.00,-99.000, -99.00,-99.000, -99.00,-99.000, -99.00,
9/4/2006 01:10:00, 11.6,275.8,  0.6,  3.4, 18.765, 29.19,  0.0,  0.0,  0.153, 333.60,  0.213,  20.05,  0.121,   7.59,  0.069, 353.39,  0.071, 342.07,  0.058, 317.79,  0.091,  27.41,  0.083,   6.19,  0.108, 348.79,  0.099, 328.24,  0.048,  22.25,  0.062,  58.09,  0.149,  65.49,  0.114,  69.50,  0.094,  19.98,  0.024, 216.38,-99.000, -99.00,-99.000, -99.00,-99.000, -99.00,-99.000, -99.00,
9/4/2006 01:15:00, 11.6,275.9,  0.6,  3.4, 18.768, 29.22,  0.0,  0.0,  0.162, 310.99,  0.149,  13.57,  0.089,   5.77,  0.151, 327.15,  0.086,  19.07,  0.069, 316.17,  0.031, 354.47,  0.087,  11.96,  0.112, 318.62,  0.060,  18.43,  0.100, 357.71,  0.116,  16.08,  0.083, 355.87,  0.072, 333.79,  0.085,  34.44,  0.036, 114.44,-99.000, -99.00,-99.000, -99.00,-99.000, -99.00,-99.000, -99.00,
9/4/2006 01:20:00, 11.6,275.9,  0.6,  3.4, 18.771, 29.23,  0.0,  0.0,  0.175,   6.88,  0.149,  16.74,  0.044, 325.22,  0.068, 341.03,  0.125, 347.52,  0.135, 341.43,  0.149, 307.10,  0.038,   7.50,  0.102, 317.39,  0.153, 353.25,  0.106,  48.81,  0.072,  45.00,  0.083,   1.38,  0.043, 330.42,  0.034, 300.38,  0.071, 326.53,-99.000, -99.00,-99.000, -99.00,-99.000, -99.00,-99.000, -99.00,
9/4/2006 01:25:00, 11.6,275.8,  0.6,  3.4, 18.764, 29.24,  0.0,  0.0,  0.127,   2.25,  0.141, 337.07,  0.072, 318.96,  0.039,   8.75,  0.113,  48.58,  0.065, 305.64,  0.098,   8.21,  0.106, 332.95,  0.062, 339.23,  0.015, 113.20,  0.049, 306.63,  0.045,  11.56,  0.059, 345.26,  0.128,  41.19,  0.081,   0.00,  0.075, 269.24,-99.000, -99.00,-99.000, -99.00,-99.000, -99.00,-99.000, -99.00,
9/4/2006 01:30:00, 11.6,275.9,  0.6,  3.4, 18.764, 29.25,  0.0,  0.0,  0.160,  13.78,  0.171,  21.30,  0.074,  13.28,  0.072,  67.01,  0.027, 124.29,  0.098, 315.83,  0.081, 346.48,  0.150, 318.24,  0.065, 328.28,  0.087, 313.60,  0.101, 332.93,  0.116,   3.45,  0.083, 334.36,  0.025, 336.50,  0.060,  27.85,  0.004, 345.96,-99.000, -99.00,-99.000, -99.00,-99.000, -99.00,-99.000, -99.00,
9/4/2006 01:35:00, 11.6,275.8,  0.6,  3.4, 18.760, 29.23,  0.0,  0.0,  0.106, 353.48,  0.154, 357.77,  0.141, 322.48,  0.025, 182.29,  0.105, 346.23,  0.083, 322.31,  0.072,   0.80,  0.114, 289.55,  0.069, 272.49,  0.102, 296.82,  0.087,  22.17,  0.060,  36.87,  0.032,  90.00,  0.101,  29.11,  0.113,  35.24,  0.057,  61.63,-99.000, -99.00,-99.000, -99.00,-99.000, -99.00,-99.000, -99.00,
9/4/2006 01:40:00, 11.6,275.9,  0.6,  3.4, 18.764, 29.23,  0.0,  0.0,  0.095, 295.49,  0.171,  28.21,  0.139, 347.56,  0.075,  31.36,  0.084, 342.65,  0.062, 357.23,  0.088, 311.31,  0.036,  65.56,  0.129, 307.76,  0.071, 304.14,  0.042, 297.18,  0.042, 346.29,  0.126,  52.40,  0.111,  29.10,  0.079,  10.89,  0.049, 119.17,-99.000, -99.00,-99.000, -99.00,-99.000, -99.00,-99.000, -99.00,
9/4/2006 01:45:00, 11.6,275.9,  0.6,  3.4, 18.759, 29.23,  0.0,  0.0,  0.201,   2.28,  0.144,   6.78,  0.152,   5.67,  0.051,   7.82,  0.108,  12.24,  0.084, 358.64,  0.157,  10.30,  0.158,   4.73,  0.151, 323.89,  0.135, 316.50,  0.146, 314.17,  0.101, 334.20,  0.115, 326.03,  0.069, 342.35,  0.077, 337.09,  0.077, 350.29,-99.000, -99.00,-99.000, -99.00,-99.000, -99.00,-99.000, -99.00,
9/4/2006 01:50:00, 11.6,275.9,  0.6,  3.4, 18.757, 29.23,  0.0,  0.0,  0.230, 350.50,  0.123,   9.39,  0.034, 315.00,  0.124,  75.96,  0.101,  64.20,  0.104,  39.52,  0.129,  12.09,  0.094,   2.44,  0.087, 334.03,  0.059,  49.82,  0.136,   7.59,  0.109,  39.07,  0.096,  30.04,  0.103,  46.57,  0.183,  67.91,  0.066,  90.87,-99.000, -99.00,-99.000, -99.00,-99.000, -99.00,-99.000, -99.00,
9/4/2006 01:55:00, 11.6,275.9,  0.6,  3.4, 18.761, 29.23,  0.0,  0.0,  0.154, 312.63,  0.165, 345.29,  0.084, 357.27,  0.121,  20.39,  0.100,  22.44,  0.138,  29.54,  0.081,  14.21,  0.062,   5.53,  0.056, 335.73,  0.013, 331.39,  0.052, 354.51,  0.108, 358.41,  0.139, 341.96,  0.080, 344.74,  0.088,  17.20,  0.050, 312.58,-99.000, -99.00,-99.000, -99.00,-99.000, -99.00,-99.000, -99.00,
9/4/2006 02:00:00, 11.6,275.9,  0.6,  3.4, 18.767, 29.23,  0.0,  0.0,  0.256, 342.27,  0.290,   9.14,  0.047, 299.29,  0.097,  21.25,  0.160,  36.87,  0.088,  36.22,  0.127,  17.00,  0.119, 346.43,  0.111, 356.91,  0.051,  52.91,  0.093, 358.77,  0.159,   0.72,  0.157, 356.36,  0.092,   8.75,  0.066, 355.67,  0.084, 228.88,-99.000, -99.00,-99.000, -99.00,-99.000, -99.00,-99.000, -99.00,
9/4/2006 02:05:00, 11.6,275.8,  0.6,  3.4, 18.774, 29.23,  0.0,  0.0,  0.144, 316.41,  0.219,   4.46,  0.119, 331.27,  0.062, 324.25,  0.059,  26.13,  0.215,  23.83,  0.128, 342.70,  0.072, 343.84,  0.108, 295.85,  0.225, 315.00,  0.188, 357.87,  0.189, 324.88,  0.167, 327.74,  0.138, 322.63,  0.118, 318.45,  0.042, 298.39,-99.000, -99.00,-99.000, -99.00,-99.000, -99.00,-99.000, -99.00,
9/4/2006 02:10:00, 11.6,275.7,  0.6,  3.4, 18.771, 29.23,  0.0,  0.0,  0.146, 329.91,  0.200, 337.67,  0.083, 340.91,  0.049, 334.49,  0.138,  19.09,  0.133,  17.07,  0.124, 345.52,  0.085,  35.38,  0.087, 303.69,  0.109, 316.49,  0.178, 339.22,  0.164, 316.97,  0.141, 336.16,  0.089,  11.06,  0.117, 301.38,  0.003, 225.00,-99.000, -99.00,-99.000, -99.00,-99.000, -99.00,-99.000, -99.00,
9/4/2006 02:15:00, 11.6,276.0,  0.6,  3.4, 18.777, 29.23,  0.0,  0.0,  0.236, 336.80,  0.221, 332.28,  0.126,  39.51,  0.157, 342.95,  0.115, 348.50,  0.137, 358.33,  0.178, 346.35,  0.134, 345.76,  0.100, 308.13,  0.164, 284.12,  0.068, 323.97,  0.015, 262.41,  0.066, 352.12,  0.026, 299.48,  0.029, 252.18,  0.077, 202.22,-99.000, -99.00,-99.000, -99.00,-99.000, -99.00,-99.000, -99.00,
9/4/2006 02:20:00, 11.6,275.9,  0.6,  3.4, 18.768, 29.23,  0.0,  0.0,  0.144, 344.71,  0.151, 341.92,  0.165,   1.04,  0.108, 352.02,  0.194, 315.00,  0.139, 307.69,  0.135,  14.55,  0.057,  13.30,  0.083, 342.44,  0.047, 288.43,  0.062,  18.73,  0.056, 349.70,  0.087, 341.15,  0.087, 354.09,  0.036,  12.88,  0.080, 275.00,-99.000, -99.00,-99.000, -99.00,-99.000, -99.00,-99.000, -99.00,
9/4/2006 02:25:00, 11.6,275.9,  0.6,  3.4, 18.771, 29.23,  0.0,  0.0,  0.152, 335.12,  0.102, 309.45,  0.177, 320.28,  0.058, 336.54,  0.120, 339.00,  0.142, 350.67,  0.153,  11.68,  0.145, 350.86,  0.180, 352.32,  0.190, 345.09,  0.120, 325.52,  0.165, 323.13,  0.110, 303.11,  0.092, 272.49,  0.039,  14.74,  0.086, 271.33,-99.000, -99.00,-99.000, -99.00,-99.000, -99.00,-99.000, -99.00,
9/4/2006 02:30:00, 11.6,275.9,  0.6,  3.4, 18.767, 29.23,  0.0,  0.0,  0.134, 339.94,  0.200, 331.25,  0.091, 320.36,  0.210, 328.05,  0.097, 291.80,  0.201, 331.78,  0.148, 351.43,  0.071,  25.84,  0.060, 354.29,  0.071, 324.74,  0.126, 313.07,  0.101, 306.98,  0.106, 298.01,  0.082, 325.92,  0.116, 350.54,  0.064, 312.46,-99.000, -99.00,-99.000, -99.00,-99.000, -99.00,-99.000, -99.00,
9/4/2006 02:35:00, 11.6,275.7,  0.6,  3.4, 18.769, 29.23,  0.0,  0.0,  0.202, 349.47,  0.135, 323.13,  0.200,   0.00,  0.131, 324.61,  0.097, 324.19,  0.163,   0.35,  0.060, 337.31,  0.067, 346.17,  0.094, 353.25,  0.044,  74.05,  0.040, 156.61,  0.035, 239.04,  0.057, 276.01,  0.027, 291.80,  0.066, 329.18,  0.054, 282.76,-99.000, -99.00,-99.000, -99.00,-99.000, -99.00,-99.000, -99.00,
9/4/2006 02:40:00, 11.6,275.9,  0.6,  3.4, 18.768, 29.23,  0.0,  0.0,  0.157, 328.54,  0.244, 338.07,  0.175, 304.51,  0.075, 326.94,  0.175, 329.77,  0.154, 304.41,  0.141, 353.48,  0.090,   1.91,  0.068, 328.17,  0.117, 321.26,  0.040,  69.27,  0.014,  53.97,  0.078, 322.84,  0.068, 331.93,  0.132, 336.35,  0.055, 303.98,-99.000, -99.00,-99.000, -99.00,-99.000, -99.00,-99.000, -99.00,
9/4/2006 02:45:00, 11.6,275.7,  0.6,  3.4, 18.780, 29.23,  0.0,  0.0,  0.281, 344.08,  0.184, 341.27,  0.143, 337.01,  0.061, 356.25,  0.072,  62.02,  0.084, 331.61,  0.121, 299.10,  0.080, 315.51,  0.195, 316.46,  0.139, 312.08,  0.035, 283.24,  0.120, 273.81,  0.048, 240.26,  0.142, 291.50,  0.083, 311.58,  0.103, 250.16,-99.000, -99.00,-99.000, -99.00,-99.000, -99.00,-99.000, -99.00,
9/4/2006 02:50:00, 11.6,275.8,  0.7,  3.4, 18.787, 29.23,  0.0,  0.0,  0.118, 306.38,  0.119, 322.17,  0.081, 315.50,  0.152, 269.62,  0.093, 276.20,  0.103, 282.95,  0.179, 265.50,  0.173, 301.02,  0.056, 260.71,  0.042, 260.31,  0.025, 288.43,  0.066, 158.52,  0.059, 265.16,  0.088, 245.77,  0.035, 236.77,  0.067, 291.96,-99.000, -99.00,-99.000, -99.00,-99.000, -99.00,-99.000, -99.00,
9/4/2006 02:55:00, 11.6,275.7,  0.6,  3.4, 18.785, 29.23,  0.0,  0.0,  0.113, 350.29,  0.138, 344.45,  0.195, 354.11,  0.103, 312.24,  0.030, 279.46,  0.025, 255.96,  0.079, 301.46,  0.106, 320.75,  0.040, 264.29,  0.012, 270.00,  0.028, 291.04,  0.063, 266.37,  0.120, 312.63,  0.111, 341.08,  0.105, 321.60,  0.075, 264.67,-99.000, -99.00,-99.000, -99.00,-99.000, -99.00,-99.000, -99.00,
9/4/2006 03:00:00, 11.6,275.8,  0.6,  3.4, 18.790, 29.23,  0.0,  0.0,  0.151, 332.42,  0.168, 343.40,  0.149, 334.12,  0.150, 328.32,  0.118, 327.12,  0.031, 340.97,  0.084, 293.82,  0.110, 278.35,  0.093, 263.80,  0.026, 239.42,  0.075, 313.92,  0.100, 272.29,  0.153, 298.58,  0.101, 295.29,  0.091, 318.11,  0.058, 269.01,-99.000, -99.00,-99.000, -99.00,-99.000, -99.00,-99.000, -99.00,
9/4/2006 03:05:00, 11.6,275.9,  0.6,  3.4, 18.789, 29.23,  0.0,  0.0,  0.156, 328.66,  0.152, 321.40,  0.169, 327.35,  0.122, 323.32,  0.160, 308.16,  0.088, 310.39,  0.079, 299.48,  0.112, 282.92,  0.140, 279.87,  0.086, 257.91,  0.080, 302.31,  0.180, 282.88,  0.107, 234.52,  0.059, 161.26,  0.017,  13.24,  0.031, 231.63,-99.000, -99.00,-99.000, -99.00,-99.000, -99.00,-99.000, -99.00,
9/4/2006 03:10:00, 11.6,275.9,  0.6,  3.4, 18.793, 29.23,  0.0,  0.0,  0.148, 315.27,  0.178,   0.00,  0.134, 332.86,  0.149, 351.49,  0.149, 300.17,  0.061,  14.26,  0.130, 330.47,  0.117, 297.00,  0.139, 321.73,  0.108, 267.35,  0.228, 268.74,  0.079, 301.46,  0.151, 274.95,  0.110, 300.52,  0.091, 318.99,  0.128, 276.29,-99.000, -99.00,-99.000, -99.00,-99.000, -99.00,-99.000, -99.00,
9/4/2006 03:15:00, 11.6,275.9,  0.6,  3.4, 18.788, 29.23,  0.0,  0.0,  0.144, 332.37,  0.122, 344.83,  0.130, 274.84,  0.079, 278.03,  0.142, 311.57,  0.063, 274.54,  0.106, 286.39,  0.173, 264.69,  0.053, 299.48,  0.139, 295.64,  0.107, 285.72,  0.059, 298.30,  0.034, 319.76,  0.050, 349.59,  0.064, 296.97,  0.130, 239.49,-99.000, -99.00,-99.000, -99.00,-99.000, -99.00,-99.000, -99.00,
9/4/2006 03:20:00, 11.6,275.8,  0.6,  3.4, 18.783, 29.22,  0.0,  0.0,  0.148, 325.45,  0.127, 322.05,  0.191, 325.48,  0.118, 327.79,  0.088, 302.97,  0.021, 343.30,  0.076, 297.58,  0.127, 310.85,  0.116, 291.71,  0.144, 285.29,  0.152, 282.94,  0.058, 270.00,  0.045, 182.54,  0.102, 275.04,  0.104, 280.55,  0.142, 279.33,-99.000, -99.00,-99.000, -99.00,-99.000, -99.00,-99.000, -99.00,
9/4/2006 03:25:00, 11.6,275.9,  0.6,  3.4, 18.780, 29.22,  0.0,  0.0,  0.195, 327.12,  0.132,   3.47,  0.065, 336.57,  0.064, 339.86,  0.080, 328.30,  0.106, 295.84,  0.228, 304.11,  0.093, 276.20,  0.133, 282.15,  0.083, 272.07,  0.136, 279.74,  0.031, 275.53,  0.090, 305.46,  0.091, 274.40,  0.083, 286.90,  0.127, 270.00,-99.000, -99.00,-99.000, -99.00,-99.000, -99.00,-99.000, -99.00,
9/4/2006 03:30:00, 11.6,275.9,  0.6,  3.4, 18.792, 29.22,  0.0,  0.0,  0.112, 314.64,  0.137,  46.77,  0.097,  18.06,  0.018,  12.53,  0.015, 126.87,  0.113, 341.40,  0.095, 307.72,  0.118, 352.21,  0.128, 317.85,  0.066, 300.82,  0.162, 293.24,  0.102, 329.42,  0.097, 251.94,  0.111, 289.41,  0.129, 309.98,  0.091, 226.33,-99.000, -99.00,-99.000, -99.00,-99.000, -99.00,-99.000, -99.00,
9/4/2006 03:35:00, 11.6,275.8,  0.6,  3.4, 18.794, 29.22,  0.0,  0.0,  0.204, 312.22,  0.197, 312.53,  0.182, 302.91,  0.153, 302.96,  0.110, 315.00,  0.165, 347.40,  0.100, 260.82,  0.153, 265.89,  0.115, 313.95,  0.063, 318.22,  0.087, 293.63,  0.023, 315.00,  0.168, 292.44,  0.189, 299.14,  0.156, 281.09,  0.161, 237.39,-99.000, -99.00,-99.000, -99.00,-99.000, -99.00,-99.000, -99.00,
9/4/2006 03:40:00, 11.6,275.8,  0.7,  3.4, 18.803, 29.22,  0.0,  0.0,  0.165, 316.72,  0.114, 344.26,  0.129, 302.95,  0.125, 311.75,  0.064, 341.85,  0.075, 336.50,  0.100, 321.52,  0.029, 270.00,  0.075, 248.20,  0.188, 309.61,  0.176, 289.26,  0.100, 280.97,  0.111, 281.41,  0.090, 273.18,  0.018, 231.84,  0.104, 219.17,-99.000, -99.00,-99.000, -99.00,-99.000, -99.00,-99.000, -99.00,
9/4/2006 03:45:00, 11.6,275.9,  0.6,  3.4, 18.812, 29.22,  0.0,  0.0,  0.089, 296.57,  0.078, 357.80,  0.037, 295.87,  0.101, 318.60,  0.113, 337.73,  0.040, 271.43,  0.052, 334.92,  0.093, 318.06,  0.106, 256.36,  0.138, 246.96,  0.092, 303.00,  0.073, 261.31,  0.060, 249.44,  0.107, 280.26,  0.173, 282.67,  0.088, 212.97,-99.000, -99.00,-99.000, -99.00,-99.000, -99.00,-99.000, -99.00,
9/4/2006 03:50:00, 11.6,276.0,  0.6,  3.4, 18.809, 29.21,  0.0,  0.0,  0.078,  24.26,  0.013, 131.99,  0.059, 281.69,  0.047, 270.00,  0.035, 239.04,  0.085, 274.71,  0.121, 253.21,  0.130, 274.84,  0.087, 228.26,  0.073, 281.00,  0.142, 278.53,  0.072, 171.98,  0.150, 229.61,  0.096, 243.97,  0.094, 241.53,  0.093, 234.61,-99.000, -99.00,-99.000, -99.00,-99.000, -99.00,-99.000, -99.00,
9/4/2006 03:55:00, 11.6,275.9,  0.6,  3.4, 18.800, 29.21,  0.0,  0.0,  0.111, 311.33,  0.135, 296.95,  0.083, 325.74,  0.134, 281.23,  0.172, 299.99,  0.050, 250.11,  0.123, 282.23,  0.055, 331.56,  0.094, 347.14,  0.090, 319.05,  0.038, 346.33,  0.044,  25.41,  0.106, 307.30,  0.010, 209.05,  0.080, 298.50,  0.024, 240.26,-99.000, -99.00,-99.000, -99.00,-99.000, -99.00,-99.000, -99.00,
9/4/2006 04:00:00, 11.6,275.8,  0.6,  3.4, 18.800, 29.21,  0.0,  0.0,  0.122, 314.67,  0.142, 311.00,  0.159, 293.34,  0.138, 322.05,  0.176, 312.93,  0.076, 275.26,  0.024, 236.98,  0.075, 231.46,  0.148, 266.13,  0.160, 296.73,  0.100, 309.73,  0.201, 284.73,  0.147, 285.36,  0.134, 295.22,  0.093, 337.29,  0.103, 316.57,-99.000, -99.00,-99.000, -99.00,-99.000, -99.00,-99.000, -99.00,
9/4/2006 04:05:00, 11.6,275.8,  0.6,  3.4, 18.798, 29.21,  0.0,  0.0,  0.093, 309.33,  0.140, 292.18,  0.125, 285.82,  0.033,  47.49,  0.058, 268.03,  0.109, 299.61,  0.041, 311.05,  0.145, 333.79,  0.133, 324.51,  0.101,  59.62,  0.099, 319.09,  0.141, 311.26,  0.102, 339.25,  0.097, 304.51,  0.079, 311.93,  0.073, 342.55,-99.000, -99.00,-99.000, -99.00,-99.000, -99.00,-99.000, -99.00,
9/4/2006 04:10:00, 11.6,275.9,  0.6,  3.4, 18.799, 29.21,  0.0,  0.0,  0.088, 300.63,  0.055, 238.32,  0.102, 320.99,  0.090, 286.21,  0.079, 329.53,  0.044, 332.85,  0.080,  60.88,  0.122, 340.82,  0.019, 261.03,  0.109, 294.92,  0.085, 325.56,  0.181, 307.82,  0.085, 325.01,  0.158, 340.76,  0.106, 348.58,  0.096,   2.39,-99.000, -99.00,-99.000, -99.00,-99.000, -99.00,-99.000, -99.00,
9/4/2006 04:15:00, 11.6,275.9,  0.6,  3.4, 18.803, 29.21,  0.0,  0.0,  0.035, 345.17,  0.069, 178.34,  0.074, 276.17,  0.076, 305.36,  0.083, 247.43,  0.157, 296.40,  0.106, 233.02,  0.172, 286.86,  0.070, 354.29,  0.098, 253.41,  0.123, 269.07,  0.137, 249.98,  0.115, 286.22,  0.139, 314.42,  0.070, 356.73,  0.017, 162.65,-99.000, -99.00,-99.000, -99.00,-99.000, -99.00,-99.000, -99.00,
9/4/2006 04:20:00, 11.6,275.8,  0.6,  3.4, 18.811, 29.21,  0.0,  0.0,  0.122,   8.00,  0.059, 357.09,  0.139, 294.17,  0.085, 334.04,  0.138, 291.72,  0.038, 262.50,  0.074, 294.83,  0.143, 319.83,  0.097,  33.69,  0.077, 273.72,  0.110, 276.80,  0.099, 288.80,  0.176, 308.76,  0.136, 320.95,  0.047, 345.07,  0.060,  40.29,-99.000, -99.00,-99.000, -99.00,-99.000, -99.00,-99.000, -99.00,
9/4/2006 04:25:00, 11.6,275.9,  0.6,  3.4, 18.813, 29.21,  0.0,  0.0,  0.045,  90.00,  0.098, 244.74,  0.055, 348.49,  0.090, 216.87,  0.033, 261.38,  0.038, 322.52,  0.105, 304.14,  0.099, 354.17,  0.041,  74.62,  0.182, 345.35,  0.196, 339.72,  0.223, 343.60,  0.182, 352.09,  0.125,   2.29,  0.113,  41.42,  0.031,  80.84,-99.000, -99.00,-99.000, -99.00,-99.000, -99.00,-99.000, -99.00,
9/4/2006 04:30:00, 11.6,275.8,  0.6,  3.4, 18.817, 29.20,  0.0,  0.0,  0.056,  13.54,  0.060, 294.44,  0.083,  29.66,  0.065,  87.36,  0.099, 340.46,  0.081, 124.47,  0.078, 282.61,  0.155, 308.72,  0.165, 334.52,  0.125, 351.29,  0.120, 327.89,  0.067,  20.06,  0.091, 359.37,  0.137,  13.53,  0.069,  16.06,  0.017, 176.63,-99.000, -99.00,-99.000, -99.00,-99.000, -99.00,-99.000, -99.00,
9/4/2006 04:35:00, 11.6,275.9,  0.6,  3.4, 18.817, 29.20,  0.0,  0.0,  0.143, 301.24,  0.093, 294.90,  0.101, 270.00,  0.088, 256.91,  0.127, 205.56,  0.044,  37.65,  0.062, 286.97,  0.106, 322.70,  0.101, 298.34,  0.218, 305.29,  0.136, 310.83,  0.153, 310.24,  0.145, 330.79,  0.093,   0.00,  0.120,  89.52,  0.037, 198.92,-99.000, -99.00,-99.000, -99.00,-99.000, -99.00,-99.000, -99.00,
9/4/2006 04:40:00, 11.6,275.9,  0.6,  3.4, 18.817, 29.20,  0.0,  0.0,  0.030, 260.54,  0.114, 271.01,  0.070, 240.87,  0.095, 224.14,  0.103, 247.68,  0.181, 291.04,  0.196, 308.80,  0.143, 284.62,  0.117, 305.99,  0.165, 332.50,  0.168, 325.18,  0.162, 333.59,  0.237, 338.20,  0.160, 337.93,  0.104,   0.55,  0.082, 342.90,-99.000, -99.00,-99.000, -99.00,-99.000, -99.00,-99.000, -99.00,
9/4/2006 04:45:00, 11.6,275.8,  0.6,  3.4, 18.803, 29.21,  0.0,  0.0,  0.060, 296.57,  0.070,   0.82,  0.061, 300.32,  0.038, 271.51,  0.112, 286.02,  0.110, 276.28,  0.231, 287.89,  0.140, 264.66,  0.149, 306.56,  0.162, 298.47,  0.123, 290.94,  0.119, 281.12,  0.079, 326.31,  0.060, 346.43,  0.039,  68.75,  0.028, 247.07,-99.000, -99.00,-99.000, -99.00,-99.000, -99.00,-99.000, -99.00,
9/4/2006 04:50:00, 11.6,275.8,  0.6,  3.4, 18.812, 29.21,  0.0,  0.0,  0.087, 340.52,  0.047, 296.57,  0.116, 297.23,  0.074, 249.35,  0.090, 308.66,  0.023, 197.65,  0.026, 342.26,  0.133, 265.27,  0.122, 241.13,  0.095, 257.28,  0.101, 302.43,  0.097, 279.46,  0.118, 287.82,  0.060, 354.29,  0.043,  51.55,  0.066, 194.04,-99.000, -99.00,-99.000, -99.00,-99.000, -99.00,-99.000, -99.00,
9/4/2006 04:55:00, 11.6,275.9,  0.6,  3.4, 18.806, 29.21,  0.0,  0.0,  0.092, 317.64,  0.185, 262.53,  0.069, 244.18,  0.144, 237.19,  0.129, 279.83,  0.159, 299.79,  0.143, 239.86,  0.122, 236.70,  0.118, 248.65,  0.095, 275.41,  0.116, 275.46,  0.148, 314.73,  0.077, 348.84,  0.095, 270.00,  0.042, 174.56,  0.083, 177.24,-99.000, -99.00,-99.000, -99.00,-99.000, -99.00,-99.000, -99.00,
9/4/2006 05:00:00, 11.6,275.8,  0.6,  3.4, 18.800, 29.21,  0.0,  0.0,  0.202, 300.38,  0.105, 267.27,  0.114, 240.07,  0.018, 167.47,  0.146, 252.93,  0.084, 234.22,  0.138, 254.05,  0.068, 252.10,  0.087, 322.47,  0.052, 164.36,  0.115, 258.98,  0.098, 306.29,  0.130, 327.29,  0.109, 315.74,  0.058,  23.46,  0.059, 162.18,-99.000, -99.00,-99.000, -99.00,-99.000, -99.00,-99.000, -99.00,
9/4/2006 05:05:00, 11.6,275.9,  0.6,  3.4, 18.795, 29.20,  0.0,  0.0,  0.109, 279.46,  0.036, 230.60,  0.086, 246.10,  0.114, 254.74,  0.110, 207.49,  0.032, 154.23,  0.074, 247.91,  0.136, 268.32,  0.096, 282.01,  0.152, 309.13,  0.055, 279.46,  0.124, 255.07,  0.076, 270.00,  0.159, 287.18,  0.028, 341.57,  0.045, 212.28,-99.000, -99.00,-99.000, -99.00,-99.000, -99.00,-99.000, -99.00,
9/4/2006 05:10:00, 11.6,275.9,  0.6,  3.4, 18.805, 29.20,  0.0,  0.0,  0.121, 253.21,  0.050,  31.16,  0.040, 326.31,  0.077, 276.75,  0.074, 164.27,  0.032,  48.81,  0.118, 270.00,  0.116, 275.46,  0.092, 306.12,  0.169, 284.36,  0.095, 311.58,  0.111, 270.52,  0.109, 289.76,  0.137, 306.12,  0.100,  51.07,  0.064, 127.41,-99.000, -99.00,-99.000, -99.00,-99.000, -99.00,-99.000, -99.00,
9/4/2006 05:15:00, 11.6,275.8,  0.6,  3.4, 18.803, 29.19,  0.0,  0.0,  0.158, 266.74,  0.058, 236.31,  0.102, 277.89,  0.105, 306.87,  0.155, 285.74,  0.140, 278.65,  0.168, 306.05,  0.186, 292.43,  0.200, 290.79,  0.133, 305.84,  0.139, 278.25,  0.091, 323.00,  0.133, 307.99,  0.131, 286.36,  0.096, 314.16,  0.065, 248.20,-99.000, -99.00,-99.000, -99.00,-99.000, -99.00,-99.000, -99.00,
9/4/2006 05:20:00, 11.6,275.9,  0.6,  3.4, 18.807, 29.19,  0.0,  0.0,  0.017,  28.07,  0.103, 264.45,  0.086, 316.42,  0.063, 352.65,  0.079, 229.64,  0.094, 329.35,  0.100, 303.22,  0.036, 340.56,  0.130, 342.96,  0.184, 298.93,  0.099, 298.89,  0.201, 294.40,  0.141, 334.34,  0.146, 330.45,  0.151, 342.28,  0.013, 327.53,-99.000, -99.00,-99.000, -99.00,-99.000, -99.00,-99.000, -99.00,
9/4/2006 05:25:00, 11.6,275.8,  0.6,  3.4, 18.800, 29.19,  0.0,  0.0,  0.017,  10.01,  0.102,  31.35,  0.077,  49.72,  0.140, 103.64,  0.066, 102.34,  0.096,  26.03,  0.047, 311.53,  0.165, 332.50,  0.067, 303.45,  0.077, 127.61,  0.124, 348.87,  0.167, 349.97,  0.201, 344.45,  0.298, 345.40,  0.210, 331.85,  0.162, 325.33,-99.000, -99.00,-99.000, -99.00,-99.000, -99.00,-99.000, -99.00,
9/4/2006 05:30:00, 11.6,276.0,  0.6,  3.4, 18.795, 29.19,  0.0,  0.0,  0.043, 253.69,  0.034, 358.32,  0.043, 173.37,  0.073, 147.83,  0.040,   2.86,  0.075,  13.11,  0.045,   6.34,  0.016, 322.43,  0.022, 123.69,  0.102, 221.03,  0.108, 197.26,  0.050, 282.65,  0.071,  37.03,  0.124,   5.07,  0.145, 335.03,  0.078,  18.67,-99.000, -99.00,-99.000, -99.00,-99.000, -99.00,-99.000, -99.00,
9/4/2006 05:35:00, 11.6,275.8,  0.6,  3.4, 18.799, 29.18,  0.0,  0.0,  0.050, 115.02,  0.081, 312.51,  0.022, 256.61,  0.072, 107.68,  0.096, 331.29,  0.027, 184.24,  0.034,  96.71,  0.024, 315.00,  0.026, 270.00,  0.018,  96.34,  0.085, 258.42,  0.086, 304.61,  0.074,  27.26,  0.024, 270.00,  0.090, 162.57,  0.041, 197.10,-99.000, -99.00,-99.000, -99.00,-99.000, -99.00,-99.000, -99.00,
9/4/2006 05:40:00, 11.6,275.9,  0.6,  3.4, 18.798, 29.18,  0.0,  0.0,  0.060, 304.22,  0.144, 314.72,  0.096, 265.83,  0.037, 259.00,  0.019, 180.00,  0.136,  88.74,  0.074, 157.62,  0.064, 251.85,  0.063, 318.22,  0.115, 273.48,  0.106, 291.50,  0.093, 313.69,  0.046, 224.12,  0.090, 194.19,  0.068, 145.15,  0.049, 323.37,-99.000, -99.00,-99.000, -99.00,-99.000, -99.00,-99.000, -99.00,
9/4/2006 05:45:00, 11.6,275.8,  0.6,  3.4, 18.802, 29.18,  0.0,  0.0,  0.062,  29.86,  0.133, 313.78,  0.039,  16.56,  0.118,  35.71,  0.085, 127.82,  0.074, 225.55,  0.068, 193.63,  0.039, 259.56,  0.078, 280.30,  0.025, 350.91,  0.069, 270.83,  0.050, 215.27,  0.041, 192.68,  0.110, 159.26,  0.065, 150.69,  0.023, 228.58,-99.000, -99.00,-99.000, -99.00,-99.000, -99.00,-99.000, -99.00,
9/4/2006 05:50:00, 11.6,275.9,  0.6,  3.4, 18.787, 29.18,  0.0,  0.0,  0.045,  75.96,  0.016, 206.57,  0.045, 137.73,  0.022, 302.28,  0.042, 196.70,  0.059, 170.22,  0.166, 156.98,  0.083, 205.02,  0.066, 264.81,  0.092, 278.75,  0.130, 266.48,  0.046, 246.80,  0.054, 218.99,  0.111, 191.41,  0.114, 189.05,  0.062, 228.90,-99.000, -99.00,-99.000, -99.00,-99.000, -99.00,-99.000, -99.00,
9/4/2006 05:55:00, 11.6,275.8,  0.6,  3.4, 18.798, 29.17,  0.0,  0.0,  0.152, 348.62,  0.034,  18.97,  0.049,  35.94,  0.011, 326.31,  0.049, 102.91,  0.023, 162.35,  0.007, 213.69,  0.076, 300.96,  0.097, 291.25,  0.123, 333.43,  0.182, 331.46,  0.108, 302.96,  0.108, 264.13,  0.051, 272.25,  0.023, 133.26,  0.051, 100.20,-99.000, -99.00,-99.000, -99.00,-99.000, -99.00,-99.000, -99.00,
9/4/2006 06:00:00, 11.6,275.8,  0.6,  3.4, 18.804, 29.17,  0.0,  0.0,  0.185, 335.79,  0.096, 341.75,  0.090,   3.81,  0.046,  79.92,  0.023, 195.26,  0.138, 331.03,  0.082,  10.49,  0.076, 307.02,  0.136, 253.82,  0.014, 309.29,  0.097, 312.91,  0.171, 303.32,  0.113, 291.80,  0.032, 268.21,  0.073, 303.25,  0.106, 276.52,-99.000, -99.00,-99.000, -99.00,-99.000, -99.00,-99.000, -99.00,
9/4/2006 06:05:00, 11.6,275.9,  0.6,  3.4, 18.794, 29.18,  0.0,  0.0,  0.106,  30.69,  0.029, 114.78,  0.032, 240.26,  0.089, 278.40,  0.041, 272.79,  0.058, 305.88,  0.064, 303.44,  0.068, 255.56,  0.036, 277.91,  0.036, 276.34,  0.074, 304.55,  0.106, 291.50,  0.061, 255.74,  0.095, 255.96,  0.075, 307.94,  0.070, 294.38,-99.000, -99.00,-99.000, -99.00,-99.000, -99.00,-99.000, -99.00,
9/4/2006 06:10:00, 11.6,275.8,  0.6,  3.4, 18.779, 29.18,  0.0,  0.0,  0.161, 333.43,  0.077, 354.07,  0.047,  87.56,  0.052, 224.22,  0.014, 278.13,  0.047, 228.47,  0.052, 285.64,  0.103, 328.94,  0.060, 290.56,  0.107, 299.21,  0.081, 347.16,  0.070, 333.80,  0.043, 300.74,  0.085, 294.17,  0.022,  79.70,  0.032,  25.77,-99.000, -99.00,-99.000, -99.00,-99.000, -99.00,-99.000, -99.00,
9/4/2006 06:15:00, 11.6,275.8,  0.6,  3.4, 18.784, 29.18,  0.0,  0.0,  0.097,   8.30,  0.034,   3.37,  0.082,  18.43,  0.135, 300.75,  0.079, 335.38,  0.083, 295.02,  0.079, 304.70,  0.048, 293.36,  0.059, 315.69,  0.130, 284.25,  0.079, 300.47,  0.024, 294.44,  0.069, 340.51,  0.080, 305.87,  0.056, 289.72,  0.038, 243.43,-99.000, -99.00,-99.000, -99.00,-99.000, -99.00,-99.000, -99.00,
9/4/2006 06:20:00, 11.6,275.8,  0.6,  3.4, 18.781, 29.18,  0.0,  0.0,  0.123, 308.08,  0.048, 298.71,  0.003, 288.43,  0.157, 334.74,  0.052, 285.64,  0.102, 288.97,  0.016, 142.43,  0.092, 302.14,  0.047, 316.74,  0.040, 238.30,  0.086, 320.19,  0.098, 328.74,  0.104, 309.17,  0.120, 268.09,  0.099, 263.02,  0.100, 255.00,-99.000, -99.00,-99.000, -99.00,-99.000, -99.00,-99.000, -99.00,
9/4/2006 06:25:00, 11.6,275.7,  0.6,  3.4, 18.775, 29.18,  0.0,  0.0,  0.041,  32.15,  0.044,  96.48,  0.072, 305.91,  0.114, 290.03,  0.132, 341.43,  0.056, 304.82,  0.022,  92.60,  0.109, 337.91,  0.072, 297.98,  0.104, 314.61,  0.145, 318.07,  0.124, 294.71,  0.099, 308.03,  0.111, 311.72,  0.057,  12.09,  0.133, 292.12,-99.000, -99.00,-99.000, -99.00,-99.000, -99.00,-99.000, -99.00,
9/4/2006 06:30:00, 11.6,275.8,  0.6,  3.4, 18.769, 29.18,  0.0,  0.0,  0.114, 336.14,  0.045, 317.73,  0.064, 332.24,  0.108, 334.86,  0.057, 323.53,  0.082, 300.00,  0.050, 267.71,  0.103, 291.08,  0.185, 296.70,  0.038, 302.01,  0.154, 294.08,  0.086, 313.58,  0.156, 329.16,  0.109, 299.16,  0.077, 347.96,  0.119, 238.71,-99.000, -99.00,-99.000, -99.00,-99.000, -99.00,-99.000, -99.00,
9/4/2006 06:35:00, 11.6,275.8,  0.6,  3.4, 18.775, 29.19,  0.0,  0.0,  0.138, 276.25,  0.049, 255.96,  0.064, 300.19,  0.078, 274.40,  0.133, 331.32,  0.151, 284.22,  0.171, 285.99,  0.087, 305.15,  0.140, 280.67,  0.143, 287.93,  0.103, 302.77,  0.039, 306.57,  0.137, 298.24,  0.050, 352.03,  0.044,  25.41,  0.137, 311.15,-99.000, -99.00,-99.000, -99.00,-99.000, -99.00,-99.000, -99.00,
9/4/2006 06:40:00, 11.6,275.8,  0.6,  3.4, 18.760, 29.19,  0.0,  0.0,  0.096, 298.71,  0.106, 349.11,  0.087, 262.71,  0.084, 310.16,  0.085, 314.05,  0.129, 301.35,  0.144, 283.26,  0.102, 266.07,  0.083, 349.63,  0.097, 323.84,  0.067, 311.99,  0.116, 315.70,  0.034, 335.70,  0.082, 297.50,  0.058, 258.11,  0.026, 171.25,-99.000, -99.00,-99.000, -99.00,-99.000, -99.00,-99.000, -99.00,
9/4/2006 06:45:00, 11.6,275.8,  0.6,  3.4, 18.767, 29.20,  0.0,  0.0,  0.161, 322.56,  0.162, 301.15,  0.048, 275.95,  0.080, 271.43,  0.101, 290.22,  0.107, 308.16,  0.134, 314.70,  0.081, 299.40,  0.092, 291.57,  0.081, 305.46,  0.103, 297.81,  0.181, 261.42,  0.154, 268.14,  0.116, 290.79,  0.039, 343.44,  0.054, 245.82,-99.000, -99.00,-99.000, -99.00,-99.000, -99.00,-99.000, -99.00,
9/4/2006 06:50:00, 11.6,275.8,  0.6,  3.4, 18.745, 29.20,  0.0,  0.0,  0.085, 337.95,  0.038, 352.50,  0.178, 276.13,  0.112, 323.75,  0.109, 309.40,  0.128, 309.29,  0.158, 334.08,  0.155, 307.68,  0.093, 332.33,  0.100, 346.10,  0.149, 280.86,  0.172, 297.01,  0.075, 297.94,  0.113, 296.34,  0.126, 336.68,  0.142, 282.18,-99.000, -99.00,-99.000, -99.00,-99.000, -99.00,-99.000, -99.00,
9/4/2006 06:55:00, 11.6,275.8,  0.6,  3.4, 18.744, 29.20,  0.0,  0.0,  0.132, 313.47,  0.106, 331.99,  0.091, 283.28,  0.070, 291.04,  0.155, 261.45,  0.094, 272.44,  0.067, 273.42,  0.050, 277.97,  0.203, 292.27,  0.076, 297.24,  0.073, 290.92,  0.103, 272.22,  0.074, 313.36,  0.115, 316.05,  0.072, 303.02,  0.138, 270.00,-99.000, -99.00,-99.000, -99.00,-99.000, -99.00,-99.000, -99.00,
9/4/2006 07:00:00, 11.6,275.8,  0.6,  3.4, 18.754, 29.20,  0.0,  0.0,  0.140, 348.05,  0.094, 249.44,  0.091, 280.08,  0.007, 296.57,  0.120, 290.56,  0.123, 296.98,  0.127, 266.85,  0.174, 280.92,  0.100, 305.60,  0.124, 304.84,  0.066, 255.96,  0.134, 272.56,  0.108, 255.58,  0.074, 267.68,  0.106, 299.95,  0.092, 200.99,-99.000, -99.00,-99.000, -99.00,-99.000, -99.00,-99.000, -99.00,
9/4/2006 07:05:00, 11.6,275.8,  0.6,  3.4, 18.753, 29.20,  0.0,  0.0,  0.081, 301.33,  0.117, 272.45,  0.147, 287.45,  0.055, 214.56,  0.064, 292.96,  0.174, 282.92,  0.129, 269.11,  0.076, 256.33,  0.157, 285.10,  0.011, 264.81,  0.115, 280.04,  0.153, 300.58,  0.079, 270.73,  0.037, 295.87,  0.057, 324.93,  0.144, 211.37,-99.000, -99.00,-99.000, -99.00,-99.000, -99.00,-99.000, -99.00,
9/4/2006 07:10:00, 11.6,275.9,  0.6,  3.4, 18.758, 29.14,  0.0,  0.0,  0.074, 273.87,  0.044, 190.54,  0.093, 224.56,  0.082, 300.00,  0.017, 319.76,  0.050, 303.69,  0.045, 275.08,  0.102, 302.60,  0.069, 307.37,  0.108, 295.85,  0.093, 265.08,  0.075, 278.46,  0.117, 231.57,  0.057, 281.11,  0.138, 285.95,  0.088, 229.61,-99.000, -99.00,-99.000, -99.00,-99.000, -99.00,-99.000, -99.00,
9/4/2006 07:15:00, 11.6,275.9,  0.6,  3.4, 18.761, 29.02,  0.0,  0.0,  0.069,  23.96,  0.036, 347.12,  0.017, 283.24,  0.111, 260.11,  0.117, 300.96,  0.163, 266.14,  0.073, 328.50,  0.095, 298.18,  0.118, 278.75,  0.112, 278.20,  0.042, 244.65,  0.086, 316.42,  0.064, 355.53,  0.098, 310.03,  0.144, 305.68,  0.098, 257.66,-99.000, -99.00,-99.000, -99.00,-99.000, -99.00,-99.000, -99.00,
9/4/2006 07:20:00, 11.6,275.8,  0.6,  3.4, 18.756, 28.93,  0.0,  0.0,  0.052, 124.00,  0.028, 104.53,  0.046, 296.00,  0.080, 327.69,  0.031, 268.15,  0.089, 191.06,  0.140, 276.57,  0.185, 277.47,  0.126, 303.69,  0.060, 299.15,  0.120, 259.44,  0.133, 292.52,  0.161, 266.80,  0.170, 276.08,  0.149, 318.27,  0.205, 283.83,-99.000, -99.00,-99.000, -99.00,-99.000, -99.00,-99.000, -99.00,
9/4/2006 07:25:00, 11.6,275.9,  0.6,  3.4, 18.766, 28.88,  0.0,  0.0,  0.069, 145.62,  0.112, 289.90,  0.143, 352.38,  0.061, 297.41,  0.071, 307.03,  0.030, 199.65,  0.130, 292.62,  0.163, 301.75,  0.093, 281.19,  0.067, 277.77,  0.093, 292.71,  0.032, 291.80,  0.119, 254.91,  0.141, 270.00,  0.167, 286.70,  0.093, 196.88,-99.000, -99.00,-99.000, -99.00,-99.000, -99.00,-99.000, -99.00,
9/4/2006 07:30:00, 11.6,275.8,  0.6,  3.4, 18.764, 28.83,  0.0,  0.0,  0.025, 206.57,  0.068, 158.36,  0.084, 327.63,  0.122, 306.68,  0.124, 308.44,  0.119, 334.72,  0.154, 310.00,  0.124, 310.10,  0.138, 252.22,  0.100, 311.35,  0.125, 343.30,  0.197, 327.20,  0.189, 301.59,  0.089, 306.36,  0.188, 310.04,  0.179, 279.67,-99.000, -99.00,-99.000, -99.00,-99.000, -99.00,-99.000, -99.00,
9/4/2006 07:35:00, 11.6,275.8,  0.7,  3.4, 18.745, 28.79,  0.0,  0.0,  0.116, 121.22,  0.063,   6.34,  0.016,  39.81,  0.036, 104.42,  0.122, 339.33,  0.087, 337.83,  0.093, 335.10,  0.097, 314.58,  0.117, 298.53,  0.078, 316.04,  0.060, 291.45,  0.079, 249.95,  0.089, 277.77,  0.087, 303.69,  0.139, 300.26,  0.152, 243.77,-99.000, -99.00,-99.000, -99.00,-99.000, -99.00,-99.000, -99.00,
9/4/2006 07:40:00, 11.6,275.8,  0.6,  3.4, 18.728, 28.78,  0.0,  0.0,  0.038,  90.00,  0.076, 150.07,  0.123, 343.48,  0.117, 326.17,  0.082, 345.96,  0.045, 263.66,  0.050, 277.97,  0.051, 258.69,  0.047, 318.47,  0.072, 290.46,  0.098, 302.07,  0.147, 292.74,  0.138, 268.34,  0.128, 292.96,  0.151, 308.54,  0.161, 237.20,-99.000, -99.00,-99.000, -99.00,-99.000, -99.00,-99.000, -99.00,
9/4/2006 07:45:00, 11.6,275.8,  0.6,  3.4, 18.723, 28.75,  0.0,  0.0,  0.115, 128.27,  0.108, 133.88,  0.099, 189.27,  0.042, 281.04,  0.149, 325.67,  0.086,   9.35,  0.108, 313.49,  0.063, 309.23,  0.038, 347.80,  0.050, 310.10,  0.117, 266.58,  0.101, 313.00,  0.130, 294.59,  0.182, 270.94,  0.166, 297.95,  0.133, 252.11,-99.000, -99.00,-99.000, -99.00,-99.000, -99.00,-99.000, -99.00,
9/4/2006 07:50:00, 11.6,275.9,  0.6,  3.4, 18.727, 28.74,  0.0,  0.0,  0.197, 134.79,  0.098, 206.57,  0.103, 201.60,  0.017, 280.01,  0.027, 296.57,  0.049, 350.54,  0.054, 313.49,  0.126, 291.89,  0.097, 224.58,  0.076, 240.72,  0.069, 253.94,  0.082, 300.96,  0.134, 293.31,  0.158, 287.63,  0.125, 303.56,  0.086, 224.06,-99.000, -99.00,-99.000, -99.00,-99.000, -99.00,-99.000, -99.00,
9/4/2006 07:55:00, 11.6,275.8,  0.6,  3.4, 18.730, 28.74,  0.0,  0.0,  0.014,  30.26,  0.057, 194.28,  0.047, 255.07,  0.026,  65.38,  0.043, 174.69,  0.008,  60.26,  0.042, 271.36,  0.041, 285.38,  0.113, 276.62,  0.093, 298.22,  0.065, 304.92,  0.050, 317.42,  0.114, 285.74,  0.157, 275.13,  0.143, 267.60,  0.131, 216.96,-99.000, -99.00,-99.000, -99.00,-99.000, -99.00,-99.000, -99.00,
9/4/2006 08:00:00, 11.6,275.7,  0.6,  3.4, 18.733, 28.75,  0.0,  0.0,  0.140, 145.51,  0.065, 113.43,  0.016, 150.26,  0.064,  11.66,  0.055, 255.20,  0.024, 177.61,  0.092,   2.49,  0.039, 349.56,  0.131,  41.60,  0.108, 355.76,  0.115, 287.18,  0.065, 287.88,  0.052,  16.70,  0.098,   1.75,  0.101, 335.46,  0.097, 227.09,-99.000, -99.00,-99.000, -99.00,-99.000, -99.00,-99.000, -99.00,
9/4/2006 08:05:00, 11.6,275.8,  0.6,  3.4, 18.732, 28.76,  0.0,  0.0,  0.098, 128.39,  0.099, 115.02,  0.053, 239.59,  0.102, 300.58,  0.060, 260.38,  0.059, 302.62,  0.092, 272.49,  0.102, 292.53,  0.063, 266.37,  0.141, 300.75,  0.073, 326.09,  0.096, 317.53,  0.108, 337.01,  0.130, 300.51,  0.127, 298.79,  0.087, 227.33,-99.000, -99.00,-99.000, -99.00,-99.000, -99.00,-99.000, -99.00,
9/4/2006 08:10:00, 11.6,275.8,  0.6,  3.4, 18.717, 28.78,  0.0,  0.0,  0.165, 119.05,  0.121, 116.99,  0.096, 195.05,  0.024, 146.98,  0.021, 316.97,  0.042,  22.31,  0.091,  98.22,  0.049, 214.99,  0.100, 263.09,  0.055, 230.19,  0.012,  48.37,  0.154, 331.77,  0.118, 327.79,  0.127, 277.68,  0.131, 278.81,  0.139, 254.17,-99.000, -99.00,-99.000, -99.00,-99.000, -99.00,-99.000, -99.00,
9/4/2006 08:15:00, 11.6,275.8,  0.6,  3.4, 18.714, 28.79,  0.0,  0.0,  0.150, 129.85,  0.090, 101.56,  0.090, 217.76,  0.110, 128.01,  0.026, 344.36,  0.056, 276.12,  0.057, 267.99,  0.032, 303.69,  0.057, 320.71,  0.188, 298.61,  0.071,  25.11,  0.078, 357.06,  0.170, 299.28,  0.150, 280.34,  0.126, 282.38,  0.157, 212.28,-99.000, -99.00,-99.000, -99.00,-99.000, -99.00,-99.000, -99.00,
9/4/2006 08:20:00, 11.6,275.8,  0.6,  3.4, 18.711, 28.80,  0.0,  0.0,  0.102, 113.79,  0.058, 151.23,  0.103, 209.05,  0.078, 331.80,  0.087, 344.05,  0.044,  58.13,  0.104, 283.37,  0.179, 283.88,  0.135, 304.40,  0.120, 350.85,  0.039, 299.20,  0.012, 294.44,  0.064, 306.16,  0.098, 302.56,  0.026, 302.47,  0.053, 184.32,-99.000, -99.00,-99.000, -99.00,-99.000, -99.00,-99.000, -99.00,
9/4/2006 08:25:00, 11.6,275.8,  0.6,  3.4, 18.703, 28.81,  0.0,  0.0,  0.122, 137.66,  0.076, 145.68,  0.037, 170.79,  0.058,   6.88,  0.118, 327.12,  0.118, 237.79,  0.039, 271.47,  0.161, 280.40,  0.030, 270.00,  0.077, 306.57,  0.069, 297.68,  0.039, 265.60,  0.120, 273.34,  0.149, 278.89,  0.105, 254.51,  0.129, 219.35,-99.000, -99.00,-99.000, -99.00,-99.000, -99.00,-99.000, -99.00,
9/4/2006 08:30:00, 11.6,275.8,  0.6,  3.4, 18.706, 28.82,  0.0,  0.0,  0.115,  97.00,  0.020, 212.91,  0.023, 182.49,  0.097, 271.77,  0.052, 313.45,  0.043, 310.31,  0.049, 327.62,  0.072, 266.82,  0.049, 280.62,  0.029,   0.00,  0.026, 299.48,  0.052, 281.09,  0.171, 270.34,  0.173, 291.37,  0.160, 287.08,  0.130, 272.20,-99.000, -99.00,-99.000, -99.00,-99.000, -99.00,-99.000, -99.00,
9/4/2006 08:35:00, 11.6,275.8,  0.6,  3.4, 18.699, 28.82,  0.0,  0.0,  0.130, 107.88,  0.036, 110.92,  0.098, 167.66,  0.025, 323.13,  0.028, 261.87,  0.054, 314.26,  0.023, 113.20,  0.129, 267.34,  0.137, 293.58,  0.106, 284.83,  0.041,   4.18,  0.116, 266.55,  0.119, 265.67,  0.072, 250.56,  0.075, 312.84,  0.119,  41.59,-99.000, -99.00,-99.000, -99.00,-99.000, -99.00,-99.000, -99.00,
9/4/2006 08:40:00, 11.6,275.9,  0.6,  3.4, 18.700, 28.83,  0.0,  0.0,  0.082, 120.00,  0.094, 131.53,  0.101, 196.65,  0.085, 115.67,  0.105,  18.26,  0.087, 316.40,  0.103,  21.60,  0.090, 290.85,  0.068, 353.29,  0.076, 339.89,  0.047, 341.57,  0.019, 152.10,  0.004, 194.04,  0.067, 296.57,  0.184, 313.68,  0.101,   5.65,-99.000, -99.00,-99.000, -99.00,-99.000, -99.00,-99.000, -99.00,
9/4/2006 08:45:00, 11.6,275.8,  0.6,  3.4, 18.703, 28.84,  0.0,  0.0,  0.188, 165.82,  0.089, 166.43,  0.040, 182.86,  0.044, 294.23,  0.113, 299.05,  0.016, 333.43,  0.047, 320.19,  0.100, 323.93,  0.116, 323.43,  0.013,  26.57,  0.037,   4.64,  0.070, 340.02,  0.079, 337.66,  0.184, 304.81,  0.178, 310.22,  0.191, 304.35,-99.000, -99.00,-99.000, -99.00,-99.000, -99.00,-99.000, -99.00,
9/4/2006 08:50:00, 11.6,275.8,  0.6,  3.4, 18.687, 28.84,  0.0,  0.0,  0.183, 142.57,  0.060,  84.29,  0.063, 165.30,  0.064, 263.76,  0.091, 266.86,  0.061, 343.93,  0.082,  42.04,  0.176, 315.23,  0.043, 315.94,  0.027,  21.80,  0.032, 354.64,  0.109, 293.27,  0.043, 318.81,  0.143, 300.14,  0.092, 315.00,  0.045, 285.59,-99.000, -99.00,-99.000, -99.00,-99.000, -99.00,-99.000, -99.00,
9/4/2006 08:55:00, 11.6,275.8,  0.6,  3.4, 18.680, 28.84,  0.0,  0.0,  0.158, 119.65,  0.137, 142.13,  0.071, 162.07,  0.091, 258.57,  0.040, 334.72,  0.079, 334.41,  0.080, 309.90,  0.028,  10.12,  0.089, 331.70,  0.088, 323.78,  0.074,   2.32,  0.112, 339.15,  0.056, 357.95,  0.043, 335.22,  0.112, 278.20,  0.097, 250.07,-99.000, -99.00,-99.000, -99.00,-99.000, -99.00,-99.000, -99.00,
9/4/2006 09:00:00, 11.6,275.8,  0.6,  3.4, 18.668, 28.84,  0.0,  0.0,  0.212, 124.06,  0.144, 129.35,  0.050, 148.84,  0.048, 155.56,  0.084, 239.15,  0.074, 340.35,  0.120, 328.30,  0.083, 313.53,  0.041, 302.15,  0.031,  50.19,  0.024,  75.38,  0.062, 237.60,  0.132, 229.92,  0.055, 233.13,  0.091, 250.18,  0.107, 249.19,-99.000, -99.00,-99.000, -99.00,-99.000, -99.00,-99.000, -99.00,
9/4/2006 09:05:00, 11.6,275.8,  0.6,  3.4, 18.672, 28.85,  0.0,  0.0,  0.244, 129.36,  0.162, 120.05,  0.035,  78.37,  0.052, 344.36,  0.006,  90.00,  0.014,  56.31,  0.069, 355.86,  0.138, 344.85,  0.050,   2.29,  0.113, 283.79,  0.013,  85.60,  0.060, 283.57,  0.119, 357.11,  0.044, 338.68,  0.086, 267.34,  0.124, 263.05,-99.000, -99.00,-99.000, -99.00,-99.000, -99.00,-99.000, -99.00,
9/4/2006 09:10:00, 11.6,275.8,  0.6,  3.4, 18.674, 28.86,  0.0,  0.0,  0.285, 129.16,  0.175, 133.38,  0.120, 146.58,  0.056, 154.80,  0.084,  84.56,  0.079,  23.01,  0.074,  45.55,  0.040,  92.86,  0.026, 107.74,  0.002, 153.43,  0.077, 349.56,  0.084, 338.96,  0.033, 351.38,  0.104, 296.81,  0.100, 313.39,  0.185, 246.48,-99.000, -99.00,-99.000, -99.00,-99.000, -99.00,-99.000, -99.00,
9/4/2006 09:15:00, 11.6,275.8,  0.6,  3.4, 18.680, 28.87,  0.0,  0.0,  0.199, 130.73,  0.169, 109.40,  0.116, 144.81,  0.119,  99.22,  0.019, 251.57,  0.039, 106.56,  0.070, 260.94,  0.076, 338.48,  0.059, 302.62,  0.057,  78.89,  0.057,  72.53,  0.044, 268.70,  0.094, 306.75,  0.081, 294.03,  0.107, 295.37,  0.161, 334.23,-99.000, -99.00,-99.000, -99.00,-99.000, -99.00,-99.000, -99.00,
9/4/2006 09:20:00, 11.6,275.9,  0.6,  3.4, 18.682, 28.88,  0.0,  0.0,  0.167,  81.38,  0.172,  93.66,  0.110, 123.55,  0.145, 161.44,  0.056,  98.28,  0.087, 247.83,  0.035,  28.74,  0.006, 321.34,  0.045, 299.43,  0.037,  36.25,  0.086, 297.76,  0.052, 326.00,  0.039, 280.44,  0.127, 289.87,  0.112, 279.80,  0.180, 253.57,-99.000, -99.00,-99.000, -99.00,-99.000, -99.00,-99.000, -99.00,
9/4/2006 09:25:00, 11.6,275.8,  0.6,  3.4, 18.681, 28.89,  0.0,  0.0,  0.155, 165.43,  0.106, 160.71,  0.163, 176.84,  0.066, 192.15,  0.031, 155.10,  0.029, 195.95,  0.040, 162.47,  0.113,  75.10,  0.037, 325.01,  0.108,  16.75,  0.038,  13.67,  0.033, 308.93,  0.050, 350.73,  0.037,  17.45,  0.080, 286.63,  0.113, 256.21,-99.000, -99.00,-99.000, -99.00,-99.000, -99.00,-99.000, -99.00,
9/4/2006 09:30:00, 11.6,275.8,  0.6,  3.4, 18.683, 28.91,  0.0,  0.0,  0.133, 104.77,  0.043, 343.69,  0.028, 177.95,  0.044, 262.23,  0.046,  17.65,  0.114, 233.23,  0.066, 236.07,  0.042, 292.31,  0.008, 230.19,  0.020, 354.29,  0.037,  59.30,  0.045, 216.87,  0.098, 267.08,  0.027, 248.20,  0.073, 261.31,  0.136, 222.02,-99.000, -99.00,-99.000, -99.00,-99.000, -99.00,-99.000, -99.00,
9/4/2006 09:35:00, 11.6,275.8,  0.6,  3.4, 18.674, 28.92,  0.0,  0.0,  0.185, 119.05,  0.154,  91.86,  0.112, 132.83,  0.093, 314.13,  0.047, 143.62,  0.021,  64.65,  0.063,  92.73,  0.041,   5.57,  0.091,  54.39,  0.068,  26.94,  0.054, 311.99,  0.020,  40.91,  0.023,  15.26,  0.073, 283.47,  0.120, 274.29,  0.114, 233.53,-99.000, -99.00,-99.000, -99.00,-99.000, -99.00,-99.000, -99.00,
9/4/2006 09:40:00, 11.6,275.8,  0.6,  3.4, 18.662, 28.92,  0.0,  0.0,  0.091, 139.47,  0.067,   5.96,  0.036, 170.54,  0.098, 181.75,  0.044, 165.65,  0.034, 100.30,  0.055,  83.77,  0.057, 340.62,  0.068, 116.19,  0.024,  55.01,  0.020, 329.53,  0.062, 243.02,  0.101, 216.98,  0.077, 230.76,  0.045, 264.92,  0.176, 234.50,-99.000, -99.00,-99.000, -99.00,-99.000, -99.00,-99.000, -99.00,
9/4/2006 09:45:00, 11.6,275.8,  0.6,  3.4, 18.669, 28.93,  0.0,  0.0,  0.086, 177.34,  0.065,  92.64,  0.074, 144.37,  0.098, 150.04,  0.060,  90.95,  0.049, 171.70,  0.021,  50.91,  0.011, 248.20,  0.058, 317.79,  0.038, 307.48,  0.064, 320.08,  0.019, 306.25,  0.012, 289.98,  0.011, 164.74,  0.113, 161.40,  0.166, 221.83,-99.000, -99.00,-99.000, -99.00,-99.000, -99.00,-99.000, -99.00,
9/4/2006 09:50:00, 11.6,275.8,  0.6,  3.4, 18.657, 28.93,  0.0,  0.0,  0.074, 108.92,  0.049, 123.37,  0.069,  64.18,  0.069, 279.19,  0.073, 119.36,  0.039, 103.32,  0.151, 108.91,  0.069, 169.99,  0.038, 144.64,  0.032, 171.12,  0.091,  73.36,  0.045, 284.04,  0.099,  83.02,  0.051, 358.88,  0.038, 335.43,  0.138, 263.34,-99.000, -99.00,-99.000, -99.00,-99.000, -99.00,-99.000, -99.00,
9/4/2006 09:55:00, 11.6,275.8,  0.6,  3.4, 18.667, 28.94,  0.0,  0.0,  0.032,  33.69,  0.030, 132.27,  0.072, 275.55,  0.104, 191.63,  0.039, 320.19,  0.096, 111.47,  0.098, 142.07,  0.064, 108.15,  0.090, 104.81,  0.061, 149.20,  0.046, 222.36,  0.047, 186.07,  0.073,  27.61,  0.093, 314.56,  0.057, 257.91,  0.136, 237.59,-99.000, -99.00,-99.000, -99.00,-99.000, -99.00,-99.000, -99.00,
9/4/2006 10:00:00, 11.6,275.9,  0.6,  3.4, 18.673, 28.92,  0.0,  0.0,  0.075, 181.53,  0.057,   3.01,  0.046, 127.87,  0.040, 107.53,  0.079, 171.97,  0.049, 173.02,  0.181, 149.47,  0.153, 159.31,  0.107, 209.68,  0.056, 217.07,  0.049, 184.67,  0.029, 220.82,  0.060, 181.91,  0.138, 206.75,  0.082, 194.89,  0.093, 245.10,-99.000, -99.00,-99.000, -99.00,-99.000, -99.00,-99.000, -99.00,
9/4/2006 10:05:00, 11.6,275.9,  0.6,  3.4, 18.665, 28.91,  0.0,  0.0,  0.013, 157.38,  0.082, 112.19,  0.049, 105.46,  0.041, 165.96,  0.057, 232.13,  0.113,  14.41,  0.103, 136.19,  0.055, 137.94,  0.059, 181.94,  0.057, 132.14,  0.115, 144.93,  0.083, 144.78,  0.039, 169.56,  0.049, 192.91,  0.017,  35.54,  0.104, 261.17,-99.000, -99.00,-99.000, -99.00,-99.000, -99.00,-99.000, -99.00,
9/4/2006 10:10:00, 11.6,275.9,  0.6,  3.4, 18.659, 28.89,  0.0,  0.0,  0.097, 172.87,  0.052, 176.70,  0.090, 192.80,  0.067,  95.12,  0.024,  36.38,  0.079, 303.08,  0.144, 295.14,  0.039, 154.09,  0.039, 250.64,  0.042, 155.90,  0.038, 295.20,  0.081, 289.56,  0.025, 303.69,  0.052, 211.53,  0.064, 167.28,  0.125, 180.92,-99.000, -99.00,-99.000, -99.00,-99.000, -99.00,-99.000, -99.00,
9/4/2006 10:15:00, 11.6,275.8,  0.6,  3.4, 18.662, 28.88,  0.0,  0.0,  0.051, 236.93,  0.051, 246.95,  0.074, 280.86,  0.034, 171.63,  0.052, 221.91,  0.024, 253.07,  0.037, 172.30,  0.033, 130.03,  0.026, 254.36,  0.022, 190.30,  0.027, 250.20,  0.102, 229.76,  0.068, 208.81,  0.088, 227.29,  0.138, 161.83,  0.162, 209.26,-99.000, -99.00,-99.000, -99.00,-99.000, -99.00,-99.000, -99.00,
9/4/2006 10:20:00, 11.6,275.9,  0.6,  3.4, 18.648, 28.88,  0.0,  0.0,  0.053, 230.33,  0.093, 359.38,  0.009, 324.46,  0.078, 183.67,  0.011, 180.00,  0.080, 267.14,  0.081, 128.00,  0.042, 206.57,  0.070, 284.04,  0.091, 224.56,  0.087, 199.48,  0.031, 193.13,  0.099, 195.15,  0.101, 205.80,  0.076, 173.99,  0.089, 204.55,-99.000, -99.00,-99.000, -99.00,-99.000, -99.00,-99.000, -99.00,
9/4/2006 10:25:00, 11.6,275.9,  0.6,  3.4, 18.650, 28.88,  0.0,  0.0,  0.088, 224.08,  0.005, 348.69,  0.042, 231.77,  0.056,  27.47,  0.014, 107.10,  0.114, 260.37,  0.127, 264.56,  0.043, 221.19,  0.107, 278.58,  0.061, 120.32,  0.084, 130.67,  0.064, 204.96,  0.146, 194.32,  0.112, 226.45,  0.077, 175.54,  0.116, 183.95,-99.000, -99.00,-99.000, -99.00,-99.000, -99.00,-99.000, -99.00,
9/4/2006 10:30:00, 11.6,275.9,  0.6,  3.4, 18.652, 28.89,  0.0,  0.0,  0.085, 188.13,  0.152, 131.01,  0.060,  21.45,  0.064, 109.29,  0.041, 107.10,  0.044, 152.85,  0.006, 170.54,  0.123,  66.56,  0.064, 276.24,  0.019, 244.80,  0.083, 240.34,  0.103, 217.53,  0.124, 201.20,  0.099, 180.00,  0.126, 116.36,  0.131, 215.39,-99.000, -99.00,-99.000, -99.00,-99.000, -99.00,-99.000, -99.00,
9/4/2006 10:35:00, 11.6,275.9,  0.6,  3.4, 18.647, 28.89,  0.0,  0.0,  0.061, 291.10,  0.064, 226.27,  0.077, 285.84,  0.101, 278.53,  0.036,   0.00,  0.052, 134.22,  0.023, 270.00,  0.077, 311.33,  0.010, 293.96,  0.080, 285.95,  0.098, 283.61,  0.049, 215.94,  0.051, 181.12,  0.037, 216.25,  0.057, 161.57,  0.222, 262.49,-99.000, -99.00,-99.000, -99.00,-99.000, -99.00,-99.000, -99.00,
9/4/2006 10:40:00, 11.6,275.8,  0.6,  3.4, 18.651, 28.87,  0.0,  0.0,  0.044, 267.40,  0.025, 106.26,  0.113,  50.39,  0.024,  65.56,  0.026,  38.66,  0.047, 317.56,  0.050, 147.26,  0.007,  56.31,  0.055, 353.77,  0.046, 173.80,  0.081, 142.99,  0.053, 290.81,  0.035, 181.64,  0.072, 228.37,  0.022, 159.15,  0.077, 162.73,-99.000, -99.00,-99.000, -99.00,-99.000, -99.00,-99.000, -99.00,
9/4/2006 10:45:00, 11.6,275.8,  0.6,  3.4, 18.653, 28.86,  0.0,  0.0,  0.059,  60.38,  0.071,  59.45,  0.033,  90.00,  0.049, 345.68,  0.013, 112.62,  0.061,  98.53,  0.028, 320.71,  0.051,  29.60,  0.019,   6.01,  0.080, 205.28,  0.055, 321.67,  0.047, 222.44,  0.073, 232.82,  0.028, 292.93,  0.032, 261.12,  0.078, 255.96,-99.000, -99.00,-99.000, -99.00,-99.000, -99.00,-99.000, -99.00,
9/4/2006 10:50:00, 11.6,275.9,  0.6,  3.4, 18.654, 28.85,  0.0,  0.0,  0.107, 333.43,  0.051, 292.01,  0.060, 263.35,  0.128, 304.81,  0.063, 280.06,  0.028, 357.95,  0.032,  48.81,  0.039, 280.44,  0.009, 173.66,  0.069, 322.63,  0.138, 246.04,  0.081, 262.17,  0.029, 105.95,  0.041, 120.96,  0.038, 163.01,  0.120, 228.05,-99.000, -99.00,-99.000, -99.00,-99.000, -99.00,-99.000, -99.00,
9/4/2006 10:55:00, 11.6,275.9,  0.6,  3.4, 18.664, 28.84,  0.0,  0.0,  0.085, 295.67,  0.028, 248.96,  0.060, 320.44,  0.096, 289.57,  0.090, 337.72,  0.035, 356.73,  0.013, 331.39,  0.119, 262.76,  0.069, 267.51,  0.126, 160.56,  0.051, 199.50,  0.041, 354.43,  0.087, 169.46,  0.048, 163.07,  0.082,  80.88,  0.050, 271.15,-99.000, -99.00,-99.000, -99.00,-99.000, -99.00,-99.000, -99.00,
9/4/2006 11:00:00, 11.6,275.9,  0.6,  3.4, 18.652, 28.84,  0.0,  0.0,  0.090,   9.57,  0.096, 306.99,  0.176, 343.11,  0.120, 318.05,  0.133, 298.68,  0.084, 329.15,  0.075,  62.06,  0.050, 292.44,  0.057, 312.14,  0.079, 227.58,  0.073, 237.83,  0.068, 263.29,  0.075, 302.41,  0.025, 106.26,  0.093,  41.07,  0.073, 146.75,-99.000, -99.00,-99.000, -99.00,-99.000, -99.00,-99.000, -99.00,
9/4/2006 11:05:00, 11.6,275.8,  0.6,  3.4, 18.657, 28.84,  0.0,  0.0,  0.090, 343.79,  0.090, 335.71,  0.139, 310.91,  0.150, 326.94,  0.140,   8.65,  0.059,   2.91,  0.117, 285.34,  0.087, 301.30,  0.049, 315.00,  0.088,  17.82,  0.032, 288.43,  0.058, 232.73,  0.064, 263.76,  0.062, 168.87,  0.077, 113.89,  0.133, 243.24,-99.000, -99.00,-99.000, -99.00,-99.000, -99.00,-99.000, -99.00,
9/4/2006 11:10:00, 11.6,275.9,  0.6,  3.4, 18.657, 28.84,  0.0,  0.0,  0.091, 336.80,  0.110, 323.13,  0.206, 324.46,  0.260, 327.23,  0.097, 341.94,  0.130, 311.27,  0.095, 320.96,  0.083, 321.88,  0.074, 294.83,  0.098, 297.35,  0.110, 236.45,  0.094, 191.07,  0.104, 163.83,  0.013, 131.99,  0.050, 181.15,  0.149, 194.78,-99.000, -99.00,-99.000, -99.00,-99.000, -99.00,-99.000, -99.00,
9/4/2006 11:15:00, 11.6,276.0,  0.6,  3.4, 18.648, 28.84,  0.0,  0.0,  0.146,  21.29,  0.197, 341.66,  0.136, 314.40,  0.075, 338.91,  0.116,   0.00,  0.052, 354.51,  0.099, 309.29,  0.072, 301.92,  0.092, 276.89,  0.133, 288.02,  0.108, 289.44,  0.027, 287.10,  0.032, 208.18,  0.025, 198.43,  0.014,  72.90,  0.008,  75.96,-99.000, -99.00,-99.000, -99.00,-99.000, -99.00,-99.000, -99.00,
9/4/2006 11:20:00, 11.6,275.9,  0.6,  3.4, 18.648, 28.84,  0.0,  0.0,  0.179, 354.23,  0.180, 356.82,  0.105, 331.48,  0.077, 283.50,  0.113, 339.33,  0.062, 347.97,  0.106, 304.59,  0.059, 323.90,  0.077, 236.73,  0.109, 261.05,  0.111, 284.04,  0.105, 329.78,  0.024, 345.38,  0.031, 180.00,  0.062, 135.66,  0.036, 245.56,-99.000, -99.00,-99.000, -99.00,-99.000, -99.00,-99.000, -99.00,
9/4/2006 11:25:00, 11.6,275.9,  0.6,  3.4, 18.644, 28.85,  0.0,  0.0,  0.176, 342.08,  0.082, 322.43,  0.107, 342.07,  0.145, 347.21,  0.126, 320.49,  0.079, 296.24,  0.083, 325.35,  0.069, 278.37,  0.094, 295.20,  0.090, 274.45,  0.091, 298.26,  0.067,  40.79,  0.013, 296.57,  0.054, 356.82,  0.091,  53.51,  0.063,  31.43,-99.000, -99.00,-99.000, -99.00,-99.000, -99.00,-99.000, -99.00,
9/4/2006 11:30:00, 11.6,275.8,  0.6,  3.4, 18.642, 28.85,  0.0,  0.0,  0.146, 310.56,  0.153, 350.23,  0.101,  10.86,  0.057, 273.01,  0.160, 334.88,  0.121, 349.06,  0.072, 336.28,  0.075, 324.20,  0.124, 277.41,  0.195, 286.95,  0.115, 245.89,  0.090, 252.57,  0.040, 122.91,  0.072,  80.41,  0.097,  80.54,  0.055,  55.44,-99.000, -99.00,-99.000, -99.00,-99.000, -99.00,-99.000, -99.00,
9/4/2006 11:35:00, 11.6,276.0,  0.6,  3.4, 18.650, 28.85,  0.0,  0.0,  0.150,   2.29,  0.199, 312.35,  0.077, 357.03,  0.170, 355.63,  0.060,  16.34,  0.093, 315.44,  0.124, 334.68,  0.146, 340.45,  0.093, 328.19,  0.075, 256.89,  0.045, 313.21,  0.044, 288.43,  0.131, 100.54,  0.089,  64.01,  0.040, 354.29,  0.065, 116.57,-99.000, -99.00,-99.000, -99.00,-99.000, -99.00,-99.000, -99.00,
9/4/2006 11:40:00, 11.6,275.9,  0.6,  3.3, 18.655, 28.85,  0.0,  0.0,  0.229, 347.12,  0.212, 340.71,  0.093, 310.20,  0.120, 353.29,  0.113, 338.20,  0.133, 310.14,  0.148, 331.70,  0.162, 291.01,  0.147, 268.83,  0.043, 236.31,  0.084, 294.73,  0.037,   6.17,  0.013, 202.62,  0.059, 260.22,  0.053, 132.71,  0.105, 162.78,-99.000, -99.00,-99.000, -99.00,-99.000, -99.00,-99.000, -99.00,
9/4/2006 11:45:00, 11.6,276.0,  0.6,  3.4, 18.654, 28.85,  0.0,  0.0,  0.188, 331.12,  0.116, 339.85,  0.073, 342.55,  0.040,  31.70,  0.177, 326.76,  0.160, 334.08,  0.093, 287.46,  0.100, 278.05,  0.075, 290.38,  0.055, 280.49,  0.057, 264.99,  0.052, 347.83,  0.097,  21.80,  0.048,  23.36,  0.061,  16.07,  0.044, 170.75,-99.000, -99.00,-99.000, -99.00,-99.000, -99.00,-99.000, -99.00,
9/4/2006 11:50:00, 11.6,275.9,  0.6,  3.4, 18.656, 28.85,  0.0,  0.0,  0.162, 352.57,  0.156, 334.09,  0.095, 333.71,  0.199, 337.18,  0.159, 354.94,  0.165, 332.66,  0.150, 319.61,  0.147, 276.25,  0.057, 253.78,  0.099, 243.69,  0.031, 335.10,  0.060, 299.98,  0.052, 284.57,  0.027, 158.20,  0.092,  95.59,  0.058, 112.17,-99.000, -99.00,-99.000, -99.00,-99.000, -99.00,-99.000, -99.00,
9/4/2006 11:55:00, 11.5,275.8,  0.6,  3.4, 18.651, 28.85,  0.0,  0.0,  0.191, 344.51,  0.244,   4.24,  0.061, 306.30,  0.120, 290.56,  0.090, 268.09,  0.084, 293.82,  0.130, 263.37,  0.036, 301.50,  0.073, 261.31,  0.037, 358.45,  0.016, 349.38,  0.041,   6.95,  0.087, 334.03,  0.049,   8.30,  0.088,  89.35,  0.020, 107.53,-99.000, -99.00,-99.000, -99.00,-99.000, -99.00,-99.000, -99.00,
9/4/2006 12:00:00, 11.5,275.9,  0.6,  3.4, 18.656, 28.86,  0.0,  0.0,  0.098, 303.37,  0.161, 347.43,  0.160, 336.00,  0.142, 345.77,  0.077, 334.76,  0.123, 333.43,  0.082, 317.96,  0.128, 278.51,  0.116, 228.86,  0.126, 230.49,  0.113, 231.10,  0.052, 281.09,  0.087,  17.39,  0.068,  10.98,  0.066,  40.70,  0.024, 152.35,-99.000, -99.00,-99.000, -99.00,-99.000, -99.00,-99.000, -99.00,
9/4/2006 12:05:00, 11.5,275.9,  0.6,  3.4, 18.655, 28.87,  0.0,  0.0,  0.182, 359.06,  0.116,  38.35,  0.189,  14.70,  0.109, 351.05,  0.086, 324.46,  0.150,  13.48,  0.174, 330.05,  0.162, 324.05,  0.128, 288.15,  0.084, 322.72,  0.083, 309.63,  0.124, 323.87,  0.120, 329.36,  0.036,   3.18,  0.056, 109.72,  0.046, 244.00,-99.000, -99.00,-99.000, -99.00,-99.000, -99.00,-99.000, -99.00,
9/4/2006 12:10:00, 11.5,275.8,  0.6,  3.4, 18.658, 28.88,  0.0,  0.0,  0.158, 321.17,  0.152, 332.59,  0.202,  38.17,  0.172,   3.00,  0.114,   8.06,  0.130, 351.62,  0.092, 277.51,  0.141, 316.44,  0.194, 291.80,  0.145, 293.92,  0.065, 303.69,  0.067, 308.93,  0.069, 301.39,  0.102,  39.81,  0.139,  30.82,  0.133, 332.66,-99.000, -99.00,-99.000, -99.00,-99.000, -99.00,-99.000, -99.00,
9/4/2006 12:15:00, 11.5,275.9,  0.6,  3.4, 18.662, 28.89,  0.0,  0.0,  0.158, 322.19,  0.119,   8.20,  0.173,   2.98,  0.119, 350.78,  0.103, 322.47,  0.106, 342.94,  0.142, 293.68,  0.202, 286.10,  0.113, 279.13,  0.110, 273.64,  0.053, 258.06,  0.091, 326.66,  0.042, 283.71,  0.043, 111.80,  0.076,  44.46,  0.119, 301.54,-99.000, -99.00,-99.000, -99.00,-99.000, -99.00,-99.000, -99.00,
9/4/2006 12:20:00, 11.5,275.9,  0.6,  3.4, 18.670, 28.90,  0.0,  0.0,  0.084, 330.09,  0.165,   7.64,  0.062,   0.00,  0.259, 351.34,  0.175,   7.21,  0.135,  11.98,  0.104, 324.01,  0.074, 337.91,  0.048, 236.98,  0.087, 213.33,  0.116, 289.06,  0.029,  35.31,  0.077, 107.27,  0.030,  27.41,  0.102, 105.40,  0.183, 162.85,-99.000, -99.00,-99.000, -99.00,-99.000, -99.00,-99.000, -99.00,
9/4/2006 12:25:00, 11.5,275.9,  0.6,  3.4, 18.676, 28.91,  0.0,  0.0,  0.145,  74.81,  0.110, 352.68,  0.090, 348.44,  0.160,   1.07,  0.147,  13.75,  0.175, 350.48,  0.126, 303.06,  0.119, 270.48,  0.117, 275.42,  0.085, 257.76,  0.090, 272.54,  0.038, 289.86,  0.066, 346.81,  0.077, 330.44,  0.050,  49.03,  0.099, 264.17,-99.000, -99.00,-99.000, -99.00,-99.000, -99.00,-99.000, -99.00,
9/4/2006 12:30:00, 11.5,275.9,  0.6,  3.4, 18.677, 28.92,  0.0,  0.0,  0.193,   4.76,  0.088,   3.90,  0.077,  18.20,  0.079, 358.55,  0.077, 326.73,  0.127, 296.57,  0.182, 284.95,  0.157, 261.92,  0.147, 269.61,  0.116, 260.05,  0.065, 305.64,  0.038, 308.66,  0.077, 317.63,  0.052,  22.62,  0.033,  93.47,  0.049, 164.54,-99.000, -99.00,-99.000, -99.00,-99.000, -99.00,-99.000, -99.00,
9/4/2006 12:35:00, 11.5,276.0,  0.6,  3.4, 18.686, 28.94,  0.0,  0.0,  0.145, 353.66,  0.100, 324.73,  0.155, 336.07,  0.093, 336.48,  0.129, 318.14,  0.089, 333.43,  0.206, 331.32,  0.112, 295.88,  0.063, 299.41,  0.027, 257.01,  0.091, 292.04,  0.022,  39.47,  0.043,  45.94,  0.078, 107.97,  0.068, 110.56,  0.125, 200.18,-99.000, -99.00,-99.000, -99.00,-99.000, -99.00,-99.000, -99.00,
9/4/2006 12:40:00, 11.5,275.8,  0.6,  3.4, 18.690, 28.96,  0.0,  0.0,  0.161, 304.38,  0.053,  27.05,  0.005,  53.13,  0.121, 344.70,  0.119, 331.93,  0.043, 272.66,  0.191, 284.83,  0.194, 289.93,  0.154, 276.34,  0.074, 241.02,  0.038, 190.71,  0.119, 358.56,  0.034, 306.53,  0.045, 285.59,  0.060,  72.47,  0.060, 262.28,-99.000, -99.00,-99.000, -99.00,-99.000, -99.00,-99.000, -99.00,
9/4/2006 12:45:00, 11.5,275.9,  0.6,  3.4, 18.683, 29.00,  0.0,  0.0,  0.078, 343.65,  0.160, 358.93,  0.130, 320.93,  0.146, 300.43,  0.194, 328.68,  0.140, 331.42,  0.166, 336.21,  0.107, 302.35,  0.173, 261.68,  0.041, 358.60,  0.088, 316.37,  0.078, 319.16,  0.128, 336.45,  0.086, 349.99,  0.062, 119.86,  0.043, 251.15,-99.000, -99.00,-99.000, -99.00,-99.000, -99.00,-99.000, -99.00,
9/4/2006 12:50:00, 11.5,275.9,  0.6,  3.4, 18.693, 29.09,  0.0,  0.0,  0.064,  34.19,  0.147,   5.48,  0.143, 327.53,  0.113,  11.71,  0.109, 312.03,  0.139, 282.93,  0.182, 307.63,  0.092, 286.46,  0.161, 293.39,  0.040,  88.57,  0.101, 335.46,  0.048,  31.37,  0.047,   9.87,  0.027,  63.43,  0.013, 208.61,  0.153, 255.24,-99.000, -99.00,-99.000, -99.00,-99.000, -99.00,-99.000, -99.00,
9/4/2006 12:55:00, 11.5,275.9,  0.6,  3.3, 18.694, 29.17,  0.0,  0.0,  0.110,  12.64,  0.108, 344.93,  0.094, 353.25,  0.110,  12.02,  0.161, 324.63,  0.122, 313.00,  0.175, 316.62,  0.117, 309.12,  0.115, 317.83,  0.142, 358.79,  0.123, 310.70,  0.052, 318.92,  0.058,  32.32,  0.048,  49.27,  0.121,  94.25,  0.085, 167.11,-99.000, -99.00,-99.000, -99.00,-99.000, -99.00,-99.000, -99.00,
9/4/2006 13:00:00, 11.5,275.9,  0.7,  3.4, 18.707, 29.23,  0.0,  0.0,  0.109, 337.91,  0.133, 340.75,  0.057, 328.52,  0.056, 334.80,  0.136, 345.04,  0.124, 270.00,  0.004, 270.00,  0.096, 352.80,  0.049, 282.91,  0.034, 333.43,  0.053,  52.70,  0.052, 334.92,  0.055,   1.04,  0.046,  47.64,  0.073,  90.00,  0.047, 316.74,-99.000, -99.00,-99.000, -99.00,-99.000, -99.00,-99.000, -99.00,
9/4/2006 13:05:00, 11.5,275.9,  0.6,  3.4, 18.698, 29.27,  0.0,  0.0,  0.044, 304.78,  0.045, 329.47,  0.158, 304.19,  0.132, 329.93,  0.107, 309.67,  0.199, 292.44,  0.155, 290.43,  0.087, 229.69,  0.136, 314.11,  0.080, 316.52,  0.079, 336.99,  0.095, 319.27,  0.061, 323.70,  0.026, 319.64,  0.044,  58.13,  0.088,  63.73,-99.000, -99.00,-99.000, -99.00,-99.000, -99.00,-99.000, -99.00,
9/4/2006 13:10:00, 11.5,275.9,  0.6,  3.4, 18.716, 29.30,  0.0,  0.0,  0.084,  73.30,  0.153,  45.26,  0.177,   2.59,  0.160,   0.00,  0.243, 319.50,  0.102, 334.95,  0.096, 312.03,  0.065, 325.58,  0.057, 281.11,  0.083, 346.80,  0.094, 287.28,  0.035, 325.41,  0.032,  46.27,  0.035,  13.24,  0.026,  83.42,  0.096, 262.21,-99.000, -99.00,-99.000, -99.00,-99.000, -99.00,-99.000, -99.00,
9/4/2006 13:15:00, 11.5,275.9,  0.6,  3.3, 18.714, 29.32,  0.0,  0.0,  0.088,  20.71,  0.088, 358.05,  0.114,   9.05,  0.109, 313.51,  0.062, 299.86,  0.153, 312.88,  0.120, 277.18,  0.116, 280.44,  0.107, 315.75,  0.046, 286.46,  0.084, 317.41,  0.014, 351.87,  0.077, 341.10,  0.053, 332.95,  0.084,  78.29,  0.071, 267.58,-99.000, -99.00,-99.000, -99.00,-99.000, -99.00,-99.000, -99.00,
9/4/2006 13:20:00, 11.5,275.9,  0.6,  3.4, 18.719, 29.34,  0.0,  0.0,  0.072, 349.62,  0.149,  17.22,  0.070,   0.00,  0.134,  20.06,  0.104, 289.65,  0.087, 312.67,  0.162, 337.54,  0.143, 303.58,  0.071, 288.18,  0.057, 333.89,  0.050, 317.42,  0.076, 307.48,  0.109, 340.73,  0.077,  12.04,  0.080,  87.85,  0.079, 233.28,-99.000, -99.00,-99.000, -99.00,-99.000, -99.00,-99.000, -99.00,
9/4/2006 13:25:00, 11.5,275.9,  0.6,  3.4, 18.728, 29.35,  0.0,  0.0,  0.029, 296.57,  0.079,   0.00,  0.225, 335.83,  0.065, 341.00,  0.128, 330.03,  0.139, 306.21,  0.104, 321.25,  0.085, 299.58,  0.049, 298.14,  0.105, 308.07,  0.130, 311.27,  0.120,  38.59,  0.095,  46.71,  0.078,  80.42,  0.011,  15.26,  0.031, 202.48,-99.000, -99.00,-99.000, -99.00,-99.000, -99.00,-99.000, -99.00,
9/4/2006 13:30:00, 11.5,275.9,  0.6,  3.4, 18.731, 29.36,  0.0,  0.0,  0.077,   8.24,  0.024,  36.38,  0.086, 336.71,  0.173, 355.35,  0.100, 340.11,  0.151, 348.17,  0.149, 311.19,  0.119, 289.20,  0.128, 309.92,  0.075, 286.99,  0.125, 299.23,  0.090,  17.43,  0.069, 320.30,  0.041, 112.83,  0.123,  97.47,  0.153, 118.40,-99.000, -99.00,-99.000, -99.00,-99.000, -99.00,-99.000, -99.00,
9/4/2006 13:35:00, 11.5,275.9,  0.6,  3.4, 18.739, 29.37,  0.0,  0.0,  0.163, 333.75,  0.028, 267.95,  0.170,   0.00,  0.104, 332.45,  0.153, 345.96,  0.153, 331.93,  0.096, 329.44,  0.131, 330.69,  0.066, 334.98,  0.103, 335.92,  0.101,  49.83,  0.108,  31.78,  0.107,   5.34,  0.030, 331.70,  0.220, 106.87,  0.081, 136.49,-99.000, -99.00,-99.000, -99.00,-99.000, -99.00,-99.000, -99.00,
9/4/2006 13:40:00, 11.5,275.9,  0.6,  3.4, 18.747, 29.38,  0.0,  0.0,  0.037, 325.01,  0.095,  15.95,  0.042, 298.39,  0.143, 339.16,  0.131, 328.13,  0.115, 340.78,  0.087, 309.89,  0.073,   0.78,  0.093,   6.82,  0.105,   1.09,  0.129, 315.31,  0.093, 318.06,  0.048,  58.63,  0.093, 101.19,  0.072,  95.55,  0.022,  65.77,-99.000, -99.00,-99.000, -99.00,-99.000, -99.00,-99.000, -99.00,
9/4/2006 13:45:00, 11.5,275.9,  0.6,  3.4, 18.751, 29.38,  0.0,  0.0,  0.160, 349.95,  0.045, 325.95,  0.077, 303.27,  0.187, 313.49,  0.165, 310.83,  0.092, 338.43,  0.079, 317.58,  0.090, 346.58,  0.104, 335.65,  0.128, 335.44,  0.102, 324.14,  0.105, 301.72,  0.074, 323.29,  0.025, 331.39,  0.062, 137.60,  0.024,  16.93,-99.000, -99.00,-99.000, -99.00,-99.000, -99.00,-99.000, -99.00,
9/4/2006 13:50:00, 11.5,275.8,  0.6,  3.3, 18.763, 29.38,  0.0,  0.0,  0.159, 328.91,  0.119,   0.00,  0.165, 350.25,  0.100, 317.42,  0.111, 327.89,  0.072, 323.45,  0.124, 331.17,  0.130,   5.31,  0.113,  13.30,  0.109, 343.55,  0.032, 259.05,  0.091, 340.18,  0.059,  17.82,  0.040,  47.05,  0.145,  19.81,  0.054, 244.86,-99.000, -99.00,-99.000, -99.00,-99.000, -99.00,-99.000, -99.00,
9/4/2006 13:55:00, 11.5,275.9,  0.6,  3.4, 18.759, 29.38,  0.0,  0.0,  0.083, 351.67,  0.158, 343.86,  0.121, 322.75,  0.057, 251.57,  0.103, 300.30,  0.178, 302.18,  0.136, 297.50,  0.142, 333.62,  0.089, 341.77,  0.034, 339.44,  0.057,  32.01,  0.124,   0.92,  0.101,  14.31,  0.096,  69.86,  0.051, 330.95,  0.045, 186.34,-99.000, -99.00,-99.000, -99.00,-99.000, -99.00,-99.000, -99.00,
9/4/2006 14:00:00, 11.5,276.0,  0.6,  3.4, 18.773, 29.38,  0.0,  0.0,  0.170, 337.51,  0.069, 349.99,  0.121, 308.29,  0.059, 312.27,  0.179, 328.98,  0.091, 333.15,  0.052, 242.45,  0.062, 338.37,  0.103,   8.37,  0.028,  21.04,  0.068,  31.11,  0.054,  12.76,  0.057,  58.52,  0.021, 240.95,  0.014,   8.13,  0.066, 258.69,-99.000, -99.00,-99.000, -99.00,-99.000, -99.00,-99.000, -99.00,
9/4/2006 14:05:00, 11.5,276.0,  0.6,  3.4, 18.778, 29.34,  0.0,  0.0,  0.074, 306.71,  0.103, 317.35,  0.161, 334.23,  0.208, 331.83,  0.162, 331.22,  0.078, 342.03,  0.108, 330.58,  0.153, 327.24,  0.121, 342.16,  0.117, 345.13,  0.005,   0.00,  0.034, 329.62,  0.122,   4.22,  0.088,  35.31,  0.106,  88.38,  0.073,  86.86,-99.000, -99.00,-99.000, -99.00,-99.000, -99.00,-99.000, -99.00,
9/4/2006 14:10:00, 11.5,275.8,  0.7,  3.4, 18.800, 29.31,  0.0,  0.0,  0.140, 304.49,  0.026, 322.70,  0.066, 340.46,  0.099,   6.98,  0.150, 331.39,  0.086, 314.06,  0.122, 311.67,  0.154, 314.47,  0.095, 356.99,  0.168, 352.50,  0.152,   1.13,  0.111, 343.20,  0.074, 346.72,  0.072,  42.75,  0.104,  83.35,  0.041, 282.68,-99.000, -99.00,-99.000, -99.00,-99.000, -99.00,-99.000, -99.00,
9/4/2006 14:15:00, 11.5,275.8,  0.6,  3.4, 18.795, 29.27,  0.0,  0.0,  0.125, 322.49,  0.116, 358.03,  0.100, 358.28,  0.094,   6.14,  0.102, 353.22,  0.136, 330.99,  0.094, 331.53,  0.106, 333.19,  0.192, 331.29,  0.091, 344.74,  0.065,  46.25,  0.074,   0.77,  0.036, 347.12,  0.067,  18.17,  0.074,  57.17,  0.070, 218.66,-99.000, -99.00,-99.000, -99.00,-99.000, -99.00,-99.000, -99.00,
9/4/2006 14:20:00, 11.5,276.1,  0.6,  3.4, 18.809, 29.24,  0.0,  0.0,  0.070, 310.96,  0.081, 267.17,  0.113, 322.21,  0.051,  14.86,  0.108, 326.75,  0.024,  53.62,  0.080,  14.56,  0.096, 321.34,  0.138, 338.81,  0.096, 318.81,  0.086, 354.03,  0.094,  19.20,  0.077,  39.71,  0.074,   3.09,  0.070,  61.98,  0.069, 280.01,-99.000, -99.00,-99.000, -99.00,-99.000, -99.00,-99.000, -99.00,
9/4/2006 14:25:00, 11.5,275.9,  0.7,  3.4, 18.816, 29.23,  0.0,  0.0,  0.023, 167.20,  0.091, 354.98,  0.122,   1.88,  0.144,  45.28,  0.032, 325.30,  0.093, 333.71,  0.136,   5.08,  0.156, 329.98,  0.143, 316.13,  0.190,  23.87,  0.144,  14.04,  0.139,   9.53,  0.057,  36.47,  0.057,  26.11,  0.089,  97.77,  0.046, 101.31,-99.000, -99.00,-99.000, -99.00,-99.000, -99.00,-99.000, -99.00,
9/4/2006 14:30:00, 11.5,275.9,  0.6,  3.4, 18.827, 29.21,  0.0,  0.0,  0.119, 344.45,  0.110, 321.26,  0.157, 318.09,  0.115,  30.79,  0.124, 298.83,  0.182, 331.46,  0.119, 335.16,  0.147, 315.55,  0.115, 310.06,  0.058, 313.60,  0.057, 315.00,  0.074, 331.70,  0.087, 313.60,  0.082,  30.61,  0.041,   6.95,  0.075, 279.96,-99.000, -99.00,-99.000, -99.00,-99.000, -99.00,-99.000, -99.00,
9/4/2006 14:35:00, 11.5,275.9,  0.7,  3.4, 18.833, 29.20,  0.0,  0.0,  0.108, 323.66,  0.107, 331.05,  0.078, 351.14,  0.135, 359.58,  0.159, 357.12,  0.121, 344.12,  0.159, 318.81,  0.073, 336.60,  0.114, 329.38,  0.141, 326.53,  0.061, 340.97,  0.095,   1.81,  0.116,  23.91,  0.121,  15.88,  0.033, 312.51,  0.041, 171.67,-99.000, -99.00,-99.000, -99.00,-99.000, -99.00,-99.000, -99.00,
9/4/2006 14:40:00, 11.5,275.8,  0.6,  3.4, 18.842, 29.18,  0.0,  0.0,  0.006, 329.04,  0.011, 349.70,  0.129, 354.64,  0.123,  22.41,  0.100, 288.62,  0.061, 330.49,  0.156, 301.34,  0.123, 340.53,  0.102, 339.25,  0.089, 338.32,  0.114, 349.38,  0.117,   0.00,  0.083,   2.76,  0.073, 333.08,  0.058, 329.89,  0.033, 308.93,-99.000, -99.00,-99.000, -99.00,-99.000, -99.00,-99.000, -99.00,
9/4/2006 14:45:00, 11.5,276.1,  0.6,  3.4, 18.856, 29.15,  0.0,  0.0,  0.087, 329.04,  0.108, 286.75,  0.113, 303.41,  0.142, 297.29,  0.079, 346.14,  0.084,   2.73,  0.094, 339.44,  0.115, 307.96,  0.097, 343.81,  0.143, 344.99,  0.145,  14.42,  0.068,  12.80,  0.064, 351.87,  0.115, 285.60,  0.103, 351.09,  0.019, 161.57,-99.000, -99.00,-99.000, -99.00,-99.000, -99.00,-99.000, -99.00,
9/4/2006 14:50:00, 11.5,275.8,  0.6,  3.4, 18.854, 29.13,  0.0,  0.0,  0.037, 327.17,  0.146, 328.70,  0.125, 348.96,  0.095, 320.96,  0.118, 337.57,  0.129, 304.92,  0.083, 315.49,  0.193, 316.89,  0.123, 349.24,  0.109,  10.59,  0.050,  16.26,  0.092, 351.25,  0.127, 356.40,  0.055,  39.14,  0.037,  69.62,  0.097, 259.85,-99.000, -99.00,-99.000, -99.00,-99.000, -99.00,-99.000, -99.00,
9/4/2006 14:55:00, 11.5,275.9,  0.6,  3.4, 18.862, 29.11,  0.0,  0.0,  0.115, 293.66,  0.073,  13.47,  0.058, 354.09,  0.101, 307.33,  0.121, 318.01,  0.108, 292.99,  0.038, 271.51,  0.126, 333.64,  0.064, 354.64,  0.110,  42.41,  0.156,   1.47,  0.156, 333.27,  0.082, 357.21,  0.054, 328.67,  0.055, 299.36,  0.093, 156.48,-99.000, -99.00,-99.000, -99.00,-99.000, -99.00,-99.000, -99.00,
9/4/2006 15:00:00, 11.5,275.9,  0.6,  3.4, 18.873, 29.09,  0.0,  0.0,  0.116, 298.33,  0.080, 332.47,  0.048,  29.74,  0.065, 262.00,  0.108, 343.25,  0.161, 330.56,  0.101, 290.22,  0.132, 309.47,  0.153, 330.58,  0.089, 342.99,  0.108,  19.44,  0.111, 341.57,  0.164, 348.42,  0.079,  11.74,  0.072, 282.88,  0.064, 255.53,-99.000, -99.00,-99.000, -99.00,-99.000, -99.00,-99.000, -99.00,
9/4/2006 15:05:00, 11.5,275.9,  0.6,  3.3, 18.874, 29.07,  0.0,  0.0,  0.042, 303.31,  0.063, 292.48,  0.140, 291.42,  0.008,   0.00,  0.134, 289.65,  0.135, 288.57,  0.135, 318.01,  0.116, 336.74,  0.131, 335.59,  0.115, 336.34,  0.078, 329.16,  0.107, 353.01,  0.161,  10.75,  0.066, 351.25,  0.074, 282.53,  0.091, 247.38,-99.000, -99.00,-99.000, -99.00,-99.000, -99.00,-99.000, -99.00,
9/4/2006 15:10:00, 11.5,275.8,  0.6,  3.4, 18.880, 29.04,  0.0,  0.0,  0.113, 279.13,  0.073,  14.98,  0.134, 350.54,  0.144, 337.53,  0.029, 275.91,  0.110, 315.00,  0.180, 336.72,  0.210, 346.23,  0.195, 343.33,  0.199, 339.75,  0.162, 329.95,  0.144, 357.22,  0.155,  11.53,  0.142, 353.93,  0.100, 338.84,  0.056, 219.94,-99.000, -99.00,-99.000, -99.00,-99.000, -99.00,-99.000, -99.00,
9/4/2006 15:15:00, 11.5,275.8,  0.6,  3.4, 18.897, 29.03,  0.0,  0.0,  0.036, 285.95,  0.157, 349.70,  0.105, 346.23,  0.076, 349.43,  0.115, 338.11,  0.117, 327.26,  0.130, 307.49,  0.213, 310.05,  0.133, 337.48,  0.100, 356.00,  0.141,  41.84,  0.183, 340.87,  0.134,   3.42,  0.073, 349.00,  0.067,   9.46,  0.074, 230.49,-99.000, -99.00,-99.000, -99.00,-99.000, -99.00,-99.000, -99.00,
9/4/2006 15:20:00, 11.5,275.8,  0.7,  3.4, 18.906, 29.01,  0.0,  0.0,  0.037,  55.01,  0.080, 271.43,  0.101, 328.36,  0.140, 308.34,  0.116, 283.92,  0.141, 323.05,  0.141, 309.55,  0.092, 356.89,  0.138, 359.17,  0.161, 326.11,  0.197, 319.93,  0.158, 328.23,  0.193, 328.53,  0.203, 354.35,  0.138, 353.75,  0.088, 268.05,-99.000, -99.00,-99.000, -99.00,-99.000, -99.00,-99.000, -99.00,
9/4/2006 15:25:00, 11.5,275.9,  0.6,  3.4, 18.903, 29.00,  0.0,  0.0,  0.070, 354.29,  0.137, 331.76,  0.141, 343.11,  0.207, 307.53,  0.075, 344.48,  0.085, 245.83,  0.100, 330.61,  0.129, 333.83,  0.106, 328.85,  0.151, 332.75,  0.165, 316.23,  0.136, 331.36,  0.159,   3.24,  0.149, 328.77,  0.135, 308.40,  0.134, 221.67,-99.000, -99.00,-99.000, -99.00,-99.000, -99.00,-99.000, -99.00,
9/4/2006 15:30:00, 11.5,275.9,  0.6,  3.4, 18.919, 28.99,  0.0,  0.0,  0.098,  12.91,  0.109, 329.22,  0.150, 328.12,  0.101, 309.37,  0.133, 299.85,  0.100, 259.03,  0.154, 309.47,  0.143, 348.69,  0.115,   1.00,  0.124, 352.13,  0.182, 351.47,  0.114,   7.56,  0.100, 344.29,  0.146, 356.08,  0.074,  30.03,  0.120, 249.44,-99.000, -99.00,-99.000, -99.00,-99.000, -99.00,-99.000, -99.00,
9/4/2006 15:35:00, 11.5,275.9,  0.6,  3.4, 18.931, 28.98,  0.0,  0.0,  0.012, 204.44,  0.117,   0.98,  0.148, 327.71,  0.067, 274.27,  0.054, 305.17,  0.182, 288.53,  0.147, 328.04,  0.182, 341.47,  0.138, 331.39,  0.106, 328.11,  0.170, 319.29,  0.142, 317.86,  0.103, 332.19,  0.137, 314.41,  0.120, 304.48,  0.108, 202.29,-99.000, -99.00,-99.000, -99.00,-99.000, -99.00,-99.000, -99.00,
9/4/2006 15:40:00, 11.5,275.9,  0.6,  3.3, 18.929, 28.98,  0.0,  0.0,  0.165, 292.83,  0.080,   0.72,  0.117, 314.31,  0.043, 332.24,  0.155, 331.95,  0.228, 316.78,  0.103, 313.03,  0.070, 328.34,  0.090,   0.64,  0.213, 339.95,  0.201, 317.42,  0.105, 308.83,  0.127, 350.46,  0.153, 336.95,  0.075, 320.39,  0.193, 224.37,-99.000, -99.00,-99.000, -99.00,-99.000, -99.00,-99.000, -99.00,
9/4/2006 15:45:00, 11.5,275.9,  0.6,  3.4, 18.942, 28.97,  0.0,  0.0,  0.053, 104.30,  0.133, 268.71,  0.081, 311.52,  0.123, 281.77,  0.137, 334.00,  0.084, 326.69,  0.069, 319.13,  0.145, 305.77,  0.081, 315.00,  0.118, 323.62,  0.176, 332.27,  0.117, 335.84,  0.174, 311.28,  0.113, 292.93,  0.057, 327.99,  0.106, 239.31,-99.000, -99.00,-99.000, -99.00,-99.000, -99.00,-99.000, -99.00,
9/4/2006 15:50:00, 11.5,275.9,  0.6,  3.3, 18.956, 28.95,  0.0,  0.0,  0.127, 283.71,  0.049, 312.51,  0.086, 313.58,  0.153, 315.53,  0.159, 313.22,  0.197, 323.65,  0.114, 319.62,  0.105, 358.36,  0.161, 324.63,  0.192, 334.77,  0.125, 331.79,  0.107, 328.39,  0.077, 291.25,  0.125, 289.16,  0.094, 291.12,  0.148, 220.05,-99.000, -99.00,-99.000, -99.00,-99.000, -99.00,-99.000, -99.00,
9/4/2006 15:55:00, 11.5,276.0,  0.6,  3.4, 18.958, 28.93,  0.0,  0.0,  0.028, 229.40,  0.109, 300.78,  0.176, 287.92,  0.208, 299.03,  0.148, 307.33,  0.143, 322.09,  0.139, 344.17,  0.124, 308.80,  0.090, 321.74,  0.075, 324.20,  0.229, 296.12,  0.259, 302.22,  0.216, 311.44,  0.243, 300.68,  0.222, 292.52,  0.205, 257.32,-99.000, -99.00,-99.000, -99.00,-99.000, -99.00,-99.000, -99.00,
9/4/2006 16:00:00, 11.5,275.9,  0.6,  3.4, 18.975, 28.92,  0.0,  0.0,  0.037, 249.62,  0.071, 293.30,  0.099, 328.24,  0.122, 325.01,  0.127, 301.81,  0.219, 325.22,  0.191, 320.31,  0.107, 356.79,  0.133, 345.23,  0.149, 314.73,  0.124, 340.69,  0.152, 342.40,  0.171, 337.33,  0.111, 326.02,  0.083, 350.31,  0.065, 254.90,-99.000, -99.00,-99.000, -99.00,-99.000, -99.00,-99.000, -99.00,
9/4/2006 16:05:00, 11.5,275.8,  0.6,  3.4, 18.966, 28.91,  0.0,  0.0,  0.024,  99.46,  0.117, 294.16,  0.182, 326.66,  0.170, 287.05,  0.081, 312.51,  0.237, 290.50,  0.172, 310.75,  0.112, 295.42,  0.125, 280.59,  0.182, 296.71,  0.143, 255.87,  0.173, 257.33,  0.112, 290.38,  0.133, 282.58,  0.104, 273.30,  0.060, 275.71,-99.000, -99.00,-99.000, -99.00,-99.000, -99.00,-99.000, -99.00,
9/4/2006 16:10:00, 11.5,275.9,  0.6,  3.4, 18.984, 28.90,  0.0,  0.0,  0.116, 249.85,  0.126, 326.69,  0.211, 313.85,  0.171, 293.86,  0.183, 300.91,  0.213, 298.01,  0.192, 298.56,  0.187, 299.86,  0.205, 295.69,  0.292, 283.47,  0.178, 283.96,  0.217, 273.43,  0.261, 262.52,  0.177, 282.70,  0.202, 303.06,  0.137, 263.71,-99.000, -99.00,-99.000, -99.00,-99.000, -99.00,-99.000, -99.00,
9/4/2006 16:15:00, 11.5,275.9,  0.6,  3.4, 18.981, 28.90,  0.0,  0.0,  0.113, 332.53,  0.118, 349.74,  0.190, 317.99,  0.195, 308.34,  0.172, 309.34,  0.214, 321.63,  0.201, 324.10,  0.174, 303.96,  0.168, 285.52,  0.106, 293.41,  0.163, 297.35,  0.188, 266.04,  0.126, 265.91,  0.146, 287.57,  0.127, 319.79,  0.067, 312.56,-99.000, -99.00,-99.000, -99.00,-99.000, -99.00,-99.000, -99.00,
9/4/2006 16:20:00, 11.5,275.9,  0.7,  3.3, 18.983, 28.89,  0.0,  0.0,  0.086, 307.93,  0.161, 275.36,  0.215, 312.74,  0.199, 320.71,  0.177, 329.37,  0.101, 284.86,  0.183, 299.08,  0.190, 263.06,  0.121, 295.93,  0.131, 294.41,  0.139, 291.57,  0.195, 276.47,  0.223, 276.43,  0.150, 287.10,  0.128, 302.57,  0.114, 266.49,-99.000, -99.00,-99.000, -99.00,-99.000, -99.00,-99.000, -99.00,
9/4/2006 16:25:00, 11.5,275.9,  0.6,  3.4, 18.993, 28.89,  0.0,  0.0,  0.024, 242.35,  0.126, 328.96,  0.137, 354.12,  0.229, 295.33,  0.172, 299.54,  0.213, 289.45,  0.119, 308.88,  0.136, 279.32,  0.154, 260.29,  0.131, 277.88,  0.204, 262.11,  0.191, 271.20,  0.220, 291.90,  0.182, 296.42,  0.212, 273.51,  0.243, 268.59,-99.000, -99.00,-99.000, -99.00,-99.000, -99.00,-99.000, -99.00,
9/4/2006 16:30:00, 11.5,275.9,  0.6,  3.4, 18.994, 28.88,  0.0,  0.0,  0.161, 296.57,  0.178, 297.14,  0.153, 310.48,  0.155, 341.92,  0.196, 313.55,  0.080, 325.12,  0.206, 325.69,  0.180, 318.15,  0.221, 310.24,  0.257, 299.36,  0.297, 312.00,  0.243, 308.66,  0.245, 288.29,  0.309, 283.86,  0.236, 290.36,  0.118, 288.74,-99.000, -99.00,-99.000, -99.00,-99.000, -99.00,-99.000, -99.00,
9/4/2006 16:35:00, 11.5,275.9,  0.6,  3.4, 18.999, 28.88,  0.0,  0.0,  0.130, 260.25,  0.147, 294.12,  0.153, 305.67,  0.280, 306.58,  0.199, 314.19,  0.148, 314.18,  0.242, 314.33,  0.234, 300.29,  0.243, 299.10,  0.250, 287.20,  0.185, 299.74,  0.235, 306.19,  0.278, 302.83,  0.301, 301.68,  0.285, 298.27,  0.214, 279.42,-99.000, -99.00,-99.000, -99.00,-99.000, -99.00,-99.000, -99.00,
9/4/2006 16:40:00, 11.5,275.8,  0.6,  3.3, 19.001, 28.88,  0.0,  0.0,  0.105, 252.26,  0.103, 277.82,  0.229, 310.93,  0.163, 324.75,  0.123, 296.57,  0.120, 333.86,  0.149, 276.17,  0.192, 258.57,  0.089, 257.05,  0.181, 249.26,  0.256, 272.01,  0.196, 266.79,  0.211, 267.83,  0.247, 261.15,  0.312, 280.52,  0.189, 260.24,-99.000, -99.00,-99.000, -99.00,-99.000, -99.00,-99.000, -99.00,
9/4/2006 16:45:00, 11.5,275.9,  0.6,  3.4, 19.014, 28.89,  0.0,  0.0,  0.108, 250.56,  0.169, 300.50,  0.118, 313.97,  0.146, 302.17,  0.092, 279.97,  0.201, 315.00,  0.147, 301.96,  0.135, 341.03,  0.155, 280.01,  0.243, 285.30,  0.209, 274.40,  0.134, 290.06,  0.126, 269.55,  0.157, 254.46,  0.109, 284.93,  0.085, 298.07,-99.000, -99.00,-99.000, -99.00,-99.000, -99.00,-99.000, -99.00,
9/4/2006 16:50:00, 11.5,275.9,  0.6,  3.4, 19.020, 28.91,  0.0,  0.0,  0.098, 303.37,  0.070, 287.40,  0.201, 313.79,  0.203, 289.86,  0.071, 332.35,  0.110, 306.87,  0.186, 278.35,  0.153, 280.94,  0.176, 274.90,  0.120, 276.71,  0.105, 264.56,  0.202, 263.19,  0.259, 270.44,  0.249, 267.93,  0.202, 269.15,  0.124, 278.33,-99.000, -99.00,-99.000, -99.00,-99.000, -99.00,-99.000, -99.00,
9/4/2006 16:55:00, 11.5,275.8,  0.6,  3.4, 19.028, 28.94,  0.0,  0.0,  0.174, 298.19,  0.139, 319.67,  0.087, 295.97,  0.167, 332.98,  0.125, 316.62,  0.120, 301.05,  0.194, 309.77,  0.172, 320.66,  0.148, 294.32,  0.117, 309.43,  0.286, 295.22,  0.233, 279.87,  0.182, 270.63,  0.187, 280.17,  0.208, 295.70,  0.071, 256.94,-99.000, -99.00,-99.000, -99.00,-99.000, -99.00,-99.000, -99.00,
9/4/2006 17:00:00, 11.5,275.9,  0.6,  3.3, 19.030, 28.97,  0.0,  0.0,  0.220, 318.86,  0.128, 280.34,  0.150, 305.80,  0.185, 324.00,  0.215, 337.85,  0.219, 325.80,  0.229, 308.62,  0.250, 315.32,  0.170, 339.64,  0.219, 320.19,  0.272, 306.79,  0.207, 322.85,  0.158, 325.30,  0.189, 304.03,  0.266, 311.49,  0.204, 298.45,-99.000, -99.00,-99.000, -99.00,-99.000, -99.00,-99.000, -99.00,
9/4/2006 17:05:00, 11.5,275.9,  0.6,  3.4, 19.037, 29.00,  0.0,  0.0,  0.129, 313.43,  0.167, 306.73,  0.111, 322.31,  0.156, 284.48,  0.168, 303.12,  0.168, 284.45,  0.197, 299.17,  0.115, 273.98,  0.168, 312.34,  0.159, 283.86,  0.161, 297.84,  0.218, 305.29,  0.216, 312.56,  0.211, 338.30,  0.147, 325.55,  0.028, 133.53,-99.000, -99.00,-99.000, -99.00,-99.000, -99.00,-99.000, -99.00,
9/4/2006 17:10:00, 11.5,275.9,  0.6,  3.3, 19.038, 29.03,  0.0,  0.0,  0.184, 305.50,  0.129, 331.25,  0.231, 306.92,  0.161, 318.01,  0.110, 308.33,  0.137, 312.92,  0.103, 328.47,  0.147, 311.41,  0.152, 306.19,  0.183, 319.43,  0.202, 285.21,  0.095, 280.95,  0.157, 298.03,  0.129, 292.38,  0.129, 285.33,  0.229, 253.23,-99.000, -99.00,-99.000, -99.00,-99.000, -99.00,-99.000, -99.00,
9/4/2006 17:15:00, 11.5,275.8,  0.6,  3.4, 19.033, 29.08,  0.0,  0.0,  0.055,  25.64,  0.110, 315.37,  0.221, 319.96,  0.127, 293.73,  0.159, 316.27,  0.167, 310.16,  0.164, 290.76,  0.157, 313.45,  0.189, 290.06,  0.179, 298.43,  0.160, 289.34,  0.188, 286.41,  0.204, 294.68,  0.229, 284.16,  0.213, 297.65,  0.125, 264.97,-99.000, -99.00,-99.000, -99.00,-99.000, -99.00,-99.000, -99.00,
9/4/2006 17:20:00, 11.5,275.8,  0.6,  3.3, 19.039, 29.12,  0.0,  0.0,  0.108, 321.01,  0.095, 321.43,  0.127, 323.31,  0.149, 315.81,  0.097, 291.04,  0.075, 322.06,  0.144, 310.77,  0.142, 302.91,  0.142, 270.81,  0.103, 303.07,  0.119, 288.59,  0.145, 288.43,  0.189, 289.10,  0.175, 281.18,  0.234, 284.33,  0.137, 266.24,-99.000, -99.00,-99.000, -99.00,-99.000, -99.00,-99.000, -99.00,
9/4/2006 17:25:00, 11.5,275.9,  0.6,  3.4, 19.036, 29.16,  0.0,  0.0,  0.159, 312.20,  0.038, 241.39,  0.091, 317.68,  0.154, 286.20,  0.169, 287.58,  0.131, 277.88,  0.231, 260.78,  0.218, 270.79,  0.126, 279.61,  0.207, 265.56,  0.196, 291.86,  0.097, 278.30,  0.053, 337.80,  0.072,  72.32,  0.128,  91.79,  0.059,  43.64,-99.000, -99.00,-99.000, -99.00,-99.000, -99.00,-99.000, -99.00,
9/4/2006 17:30:00, 11.5,275.9,  0.7,  3.3, 19.040, 29.19,  0.0,  0.0,  0.171, 317.37,  0.181, 319.26,  0.170, 329.96,  0.184, 288.04,  0.190, 320.35,  0.097, 322.54,  0.091, 294.60,  0.124, 290.34,  0.122, 314.67,  0.176, 313.85,  0.130, 328.51,  0.179, 290.56,  0.220, 285.05,  0.215, 285.40,  0.304, 306.83,  0.166, 281.85,-99.000, -99.00,-99.000, -99.00,-99.000, -99.00,-99.000, -99.00,
9/4/2006 17:35:00, 11.5,275.8,  0.6,  3.4, 19.049, 29.17,  0.0,  0.0,  0.123, 295.94,  0.087, 344.05,  0.162, 344.59,  0.128, 329.04,  0.105, 328.57,  0.062, 324.78,  0.142, 288.43,  0.102, 306.19,  0.219, 305.51,  0.148, 325.77,  0.197, 335.77,  0.274, 317.81,  0.236, 298.30,  0.199, 294.63,  0.228, 306.06,  0.131, 302.24,-99.000, -99.00,-99.000, -99.00,-99.000, -99.00,-99.000, -99.00,
9/4/2006 17:40:00, 11.5,275.9,  0.7,  3.3, 19.054, 29.15,  0.0,  0.0,  0.119, 265.20,  0.101, 294.54,  0.135, 286.82,  0.096, 303.52,  0.149, 325.13,  0.161, 309.21,  0.182, 341.07,  0.129, 308.38,  0.175, 275.58,  0.095, 278.47,  0.098, 285.31,  0.119, 264.19,  0.129, 270.89,  0.254, 294.44,  0.207, 312.65,  0.170, 281.51,-99.000, -99.00,-99.000, -99.00,-99.000, -99.00,-99.000, -99.00,
9/4/2006 17:45:00, 11.5,275.9,  0.7,  3.4, 19.058, 29.10,  0.0,  0.0,  0.137,  23.58,  0.038, 352.50,  0.149, 300.17,  0.052,  14.57,  0.139, 294.17,  0.168, 291.99,  0.215, 312.36,  0.132, 313.15,  0.121, 296.99,  0.161, 279.99,  0.174, 289.79,  0.174, 288.75,  0.191, 297.37,  0.230, 287.73,  0.252, 305.96,  0.173, 265.35,-99.000, -99.00,-99.000, -99.00,-99.000, -99.00,-99.000, -99.00,
9/4/2006 17:50:00, 11.5,275.8,  0.7,  3.3, 19.070, 29.06,  0.0,  0.0,  0.222, 254.34,  0.193, 297.10,  0.184, 321.19,  0.122, 293.63,  0.189, 315.21,  0.095, 284.04,  0.201, 305.27,  0.094, 319.33,  0.060,   0.00,  0.103, 286.33,  0.131, 306.96,  0.202, 303.93,  0.267, 290.13,  0.163, 280.62,  0.140, 277.38,  0.161, 234.63,-99.000, -99.00,-99.000, -99.00,-99.000, -99.00,-99.000, -99.00,
9/4/2006 17:55:00, 11.5,275.9,  0.6,  3.4, 19.076, 29.03,  0.0,  0.0,  0.145, 245.20,  0.086, 276.71,  0.095, 303.02,  0.097, 294.44,  0.166, 317.19,  0.149, 323.75,  0.095, 326.14,  0.145, 319.18,  0.215, 307.24,  0.223, 280.60,  0.157, 330.66,  0.164, 301.26,  0.166, 286.47,  0.207, 291.24,  0.240, 283.75,  0.196, 265.89,-99.000, -99.00,-99.000, -99.00,-99.000, -99.00,-99.000, -99.00,
9/4/2006 18:00:00, 11.5,275.9,  0.6,  3.3, 19.079, 29.01,  0.0,  0.0,  0.095, 296.83,  0.148, 322.98,  0.126, 313.71,  0.160, 280.47,  0.176, 321.44,  0.129, 316.26,  0.170, 307.61,  0.161, 288.43,  0.135, 348.02,  0.152, 309.13,  0.142, 263.53,  0.166, 285.71,  0.148, 297.26,  0.224, 260.75,  0.218, 254.05,  0.226, 191.21,-99.000, -99.00,-99.000, -99.00,-99.000, -99.00,-99.000, -99.00,
9/4/2006 18:05:00, 11.5,275.9,  0.6,  3.4, 19.087, 28.99,  0.0,  0.0,  0.075, 251.32,  0.041,  98.33,  0.223, 308.98,  0.137, 270.42,  0.151, 324.95,  0.182, 297.13,  0.150, 302.21,  0.163, 288.55,  0.212, 284.50,  0.139, 287.53,  0.197, 285.59,  0.185, 287.65,  0.238, 270.00,  0.183, 266.25,  0.213, 274.85,  0.065, 245.41,-99.000, -99.00,-99.000, -99.00,-99.000, -99.00,-99.000, -99.00,
9/4/2006 18:10:00, 11.5,275.8,  0.6,  3.4, 19.082, 28.99,  0.0,  0.0,  0.092, 287.06,  0.058, 278.97,  0.146, 290.42,  0.074, 322.67,  0.132, 313.47,  0.144, 338.05,  0.129, 291.39,  0.166, 299.66,  0.204, 289.77,  0.079, 273.62,  0.159, 279.40,  0.131, 297.74,  0.073, 299.36,  0.094, 279.76,  0.158, 293.48,  0.248, 263.99,-99.000, -99.00,-99.000, -99.00,-99.000, -99.00,-99.000, -99.00,
9/4/2006 18:15:00, 11.5,275.8,  0.6,  3.4, 19.070, 28.99,  0.0,  0.0,  0.130, 310.31,  0.037, 344.48,  0.172, 329.26,  0.098, 288.43,  0.055, 275.19,  0.093, 297.67,  0.142, 299.45,  0.172, 330.01,  0.205, 320.73,  0.121,   0.47,  0.065, 344.90,  0.193, 291.64,  0.136, 272.53,  0.247, 256.64,  0.325, 269.29,  0.221, 252.63,-99.000, -99.00,-99.000, -99.00,-99.000, -99.00,-99.000, -99.00,
9/4/2006 18:20:00, 11.5,275.9,  0.6,  3.4, 19.071, 28.99,  0.0,  0.0,  0.124, 290.77,  0.075, 322.06,  0.171, 305.46,  0.114, 306.77,  0.130, 323.13,  0.103, 330.19,  0.137, 330.26,  0.161, 312.49,  0.144, 277.57,  0.106, 316.53,  0.119, 296.57,  0.144, 276.38,  0.130, 282.43,  0.111, 286.16,  0.171, 285.99,  0.183, 272.82,-99.000, -99.00,-99.000, -99.00,-99.000, -99.00,-99.000, -99.00,
9/4/2006 18:25:00, 11.5,275.9,  0.6,  3.4, 19.068, 28.98,  0.0,  0.0,  0.070, 278.25,  0.070, 310.33,  0.108, 289.44,  0.140, 321.08,  0.106, 291.00,  0.164, 303.59,  0.180, 307.76,  0.129, 301.72,  0.055, 275.19,  0.151, 315.00,  0.200, 268.85,  0.195, 270.59,  0.168, 281.64,  0.142, 277.28,  0.053, 282.99,  0.199, 253.38,-99.000, -99.00,-99.000, -99.00,-99.000, -99.00,-99.000, -99.00,
9/4/2006 18:30:00, 11.5,275.9,  0.6,  3.4, 19.061, 28.97,  0.0,  0.0,  0.047,  75.07,  0.098, 352.37,  0.126, 292.31,  0.033, 285.71,  0.088, 255.49,  0.198, 253.86,  0.129, 285.76,  0.147, 303.91,  0.120, 267.61,  0.082, 273.49,  0.116, 282.96,  0.079, 286.84,  0.179, 278.04,  0.136, 267.05,  0.220, 267.66,  0.221, 262.20,-99.000, -99.00,-99.000, -99.00,-99.000, -99.00,-99.000, -99.00,
9/4/2006 18:35:00, 11.5,275.8,  0.6,  3.4, 19.063, 28.97,  0.0,  0.0,  0.021, 174.56,  0.038, 203.20,  0.074, 263.83,  0.107, 294.40,  0.154, 259.49,  0.095, 231.81,  0.199, 264.81,  0.123, 319.30,  0.055, 276.23,  0.073, 250.82,  0.140, 270.00,  0.206, 259.94,  0.202, 255.69,  0.104, 280.01,  0.117, 271.96,  0.153, 223.41,-99.000, -99.00,-99.000, -99.00,-99.000, -99.00,-99.000, -99.00,
9/4/2006 18:40:00, 11.5,275.9,  0.7,  3.3, 19.072, 28.97,  0.0,  0.0,  0.116, 172.57,  0.057, 291.61,  0.072, 358.41,  0.102, 302.12,  0.081, 250.44,  0.135, 291.80,  0.160, 271.07,  0.198, 283.12,  0.090, 261.69,  0.072, 258.85,  0.098, 242.13,  0.110, 268.44,  0.090, 275.08,  0.173, 278.65,  0.232, 287.27,  0.087, 215.15,-99.000, -99.00,-99.000, -99.00,-99.000, -99.00,-99.000, -99.00,
9/4/2006 18:45:00, 11.5,275.9,  0.7,  3.3, 19.060, 28.97,  0.0,  0.0,  0.090, 240.02,  0.101, 304.95,  0.108, 311.24,  0.088, 300.63,  0.183, 302.74,  0.084, 284.53,  0.234, 267.80,  0.156, 272.94,  0.161, 267.16,  0.158, 256.05,  0.190, 269.40,  0.174, 275.61,  0.134, 264.84,  0.089, 256.43,  0.097, 258.69,  0.119, 219.19,-99.000, -99.00,-99.000, -99.00,-99.000, -99.00,-99.000, -99.00,
9/4/2006 18:50:00, 11.5,276.0,  0.6,  3.4, 19.060, 28.97,  0.0,  0.0,  0.060, 242.15,  0.058, 305.88,  0.048, 298.71,  0.077, 269.26,  0.177, 258.24,  0.154, 256.50,  0.148, 283.66,  0.147, 276.25,  0.132, 229.92,  0.113, 253.50,  0.134, 257.52,  0.077, 264.81,  0.123, 272.79,  0.106, 279.82,  0.142, 277.67,  0.161, 226.51,-99.000, -99.00,-99.000, -99.00,-99.000, -99.00,-99.000, -99.00,
9/4/2006 18:55:00, 11.5,275.8,  0.7,  3.3, 19.061, 28.97,  0.0,  0.0,  0.092, 189.36,  0.071, 167.74,  0.038, 155.43,  0.054, 231.01,  0.093, 265.70,  0.053, 305.79,  0.136, 266.63,  0.120, 275.28,  0.079, 262.69,  0.165, 271.04,  0.170, 266.63,  0.158, 272.54,  0.226, 289.96,  0.140, 270.82,  0.187, 302.33,  0.034, 310.24,-99.000, -99.00,-99.000, -99.00,-99.000, -99.00,-99.000, -99.00,
9/4/2006 19:00:00, 11.5,275.9,  0.6,  3.4, 19.066, 28.98,  0.0,  0.0,  0.149, 141.52,  0.061, 180.00,  0.007,  33.69,  0.070, 260.94,  0.080, 267.14,  0.125, 238.72,  0.188, 280.41,  0.166, 274.85,  0.076, 254.68,  0.123, 296.98,  0.063, 276.34,  0.112, 262.81,  0.114, 287.32,  0.110, 285.30,  0.062, 307.79,  0.095, 262.13,-99.000, -99.00,-99.000, -99.00,-99.000, -99.00,-99.000, -99.00,
9/4/2006 19:05:00, 11.5,276.0,  0.6,  3.4, 19.069, 28.99,  0.0,  0.0,  0.093, 114.90,  0.106, 124.59,  0.079, 100.89,  0.028,  37.69,  0.115, 270.00,  0.051, 252.98,  0.211, 266.47,  0.142, 286.78,  0.112, 281.31,  0.133, 261.81,  0.128, 246.04,  0.143, 257.51,  0.134, 277.71,  0.161, 290.35,  0.132, 294.62,  0.095, 237.48,-99.000, -99.00,-99.000, -99.00,-99.000, -99.00,-99.000, -99.00,
9/4/2006 19:10:00, 11.5,275.9,  0.7,  3.3, 19.068, 28.98,  0.0,  0.0,  0.116, 119.44,  0.115, 137.12,  0.140, 111.80,  0.109, 197.60,  0.088, 141.95,  0.039,  35.71,  0.079, 266.38,  0.072, 254.60,  0.098, 281.77,  0.083, 260.99,  0.157, 262.69,  0.140, 272.45,  0.109, 281.62,  0.123, 270.93,  0.036, 211.50,  0.114, 172.44,-99.000, -99.00,-99.000, -99.00,-99.000, -99.00,-99.000, -99.00,
9/4/2006 19:15:00, 11.5,275.9,  0.7,  3.3, 19.061, 28.96,  0.0,  0.0,  0.154, 109.38,  0.160, 137.53,  0.107, 123.99,  0.166,  99.01,  0.055, 159.93,  0.128, 271.34,  0.138, 259.18,  0.107, 266.26,  0.086, 289.70,  0.059, 345.26,  0.028, 232.31,  0.039, 304.51,  0.013, 131.99,  0.028, 284.53,  0.096, 322.18,  0.076, 223.94,-99.000, -99.00,-99.000, -99.00,-99.000, -99.00,-99.000, -99.00,
9/4/2006 19:20:00, 11.5,275.9,  0.7,  3.4, 19.060, 28.95,  0.0,  0.0,  0.092, 123.86,  0.155, 183.32,  0.189, 196.90,  0.141, 213.47,  0.101, 165.69,  0.076, 230.87,  0.121, 235.39,  0.196, 274.11,  0.120, 265.24,  0.064, 280.78,  0.072, 282.88,  0.008, 336.80,  0.071,   4.83,  0.103, 344.74,  0.113, 304.95,  0.072, 283.65,-99.000, -99.00,-99.000, -99.00,-99.000, -99.00,-99.000, -99.00,
9/4/2006 19:25:00, 11.5,275.9,  0.7,  3.3, 19.059, 28.95,  0.0,  0.0,  0.134, 105.18,  0.142, 150.55,  0.147, 179.61,  0.103, 171.63,  0.058,  71.88,  0.038, 205.20,  0.075, 236.94,  0.080, 264.29,  0.072, 229.48,  0.006, 239.04,  0.030, 285.42,  0.086, 288.23,  0.066, 270.00,  0.103, 286.86,  0.088, 303.87,  0.103, 255.43,-99.000, -99.00,-99.000, -99.00,-99.000, -99.00,-99.000, -99.00,
9/4/2006 19:30:00, 11.5,275.8,  0.7,  3.3, 19.051, 28.95,  0.0,  0.0,  0.130,  97.51,  0.131, 152.26,  0.070, 176.73,  0.070, 139.04,  0.108, 193.91,  0.057, 126.47,  0.021, 292.83,  0.005, 248.20,  0.077, 269.26,  0.133, 309.81,  0.103, 300.30,  0.158, 289.92,  0.048, 291.80,  0.133, 287.89,  0.102, 320.19,  0.068, 245.70,-99.000, -99.00,-99.000, -99.00,-99.000, -99.00,-99.000, -99.00,
9/4/2006 19:35:00, 11.5,275.8,  0.7,  3.4, 19.054, 28.94,  0.0,  0.0,  0.164, 146.41,  0.046, 169.92,  0.177, 180.00,  0.106, 196.39,  0.150, 157.20,  0.138, 143.55,  0.043, 173.37,  0.023,  64.54,  0.094, 264.53,  0.160, 276.46,  0.039, 194.74,  0.048, 199.57,  0.031, 294.90,  0.061, 273.75,  0.045, 318.58,  0.163, 194.89,-99.000, -99.00,-99.000, -99.00,-99.000, -99.00,-99.000, -99.00,
9/4/2006 19:40:00, 11.5,275.8,  0.7,  3.4, 19.046, 28.94,  0.0,  0.0,  0.211, 128.07,  0.213, 141.47,  0.261, 153.14,  0.083, 178.62,  0.040, 165.62,  0.122, 106.20,  0.078,  75.07,  0.122, 240.08,  0.128, 270.00,  0.159, 267.12,  0.137, 245.49,  0.100, 243.95,  0.127, 280.43,  0.066, 279.61,  0.075, 285.52,  0.004, 270.00,-99.000, -99.00,-99.000, -99.00,-99.000, -99.00,-99.000, -99.00,
9/4/2006 19:45:00, 11.5,276.0,  0.6,  3.4, 19.054, 28.94,  0.0,  0.0,  0.154, 132.90,  0.181, 123.08,  0.086, 135.47,  0.148, 184.64,  0.107, 195.72,  0.092, 135.00,  0.069, 107.65,  0.057, 227.86,  0.114, 268.49,  0.165, 313.77,  0.032, 304.70,  0.037, 237.17,  0.086, 291.18,  0.122, 278.46,  0.123, 314.34,  0.116, 218.35,-99.000, -99.00,-99.000, -99.00,-99.000, -99.00,-99.000, -99.00,
9/4/2006 19:50:00, 11.5,275.8,  0.6,  3.3, 19.036, 28.94,  0.0,  0.0,  0.210, 137.51,  0.141, 133.56,  0.144, 143.45,  0.183, 169.61,  0.122, 179.53,  0.161, 138.28,  0.096, 158.53,  0.084, 118.39,  0.043, 218.45,  0.066, 302.01,  0.103, 326.46,  0.079, 242.78,  0.154, 268.88,  0.065, 270.88,  0.051, 289.50,  0.105, 179.45,-99.000, -99.00,-99.000, -99.00,-99.000, -99.00,-99.000, -99.00,
9/4/2006 19:55:00, 11.5,275.9,  0.6,  3.4, 19.042, 28.94,  0.0,  0.0,  0.211, 125.95,  0.179, 118.99,  0.188, 120.39,  0.184, 127.93,  0.174, 139.90,  0.115, 132.17,  0.051,  79.80,  0.044,   6.48,  0.048, 282.01,  0.021, 230.91,  0.031, 343.30,  0.080, 320.56,  0.100, 309.73,  0.056, 279.29,  0.105, 332.22,  0.061, 289.03,-99.000, -99.00,-99.000, -99.00,-99.000, -99.00,-99.000, -99.00,
9/4/2006 20:00:00, 11.5,275.9,  0.6,  3.4, 19.048, 28.94,  0.0,  0.0,  0.186, 124.03,  0.157, 128.03,  0.151, 157.35,  0.189, 164.05,  0.169, 164.89,  0.179, 161.46,  0.086, 204.78,  0.029, 105.95,  0.019,  81.03,  0.010, 281.31,  0.081, 294.03,  0.080, 279.34,  0.035, 284.83,  0.061, 259.61,  0.038, 298.61,  0.072, 196.16,-99.000, -99.00,-99.000, -99.00,-99.000, -99.00,-99.000, -99.00,
9/4/2006 20:05:00, 11.5,275.8,  0.6,  3.4, 19.042, 28.94,  0.0,  0.0,  0.190, 134.36,  0.160, 140.84,  0.204, 141.95,  0.207, 167.98,  0.120, 194.04,  0.126, 156.68,  0.073, 207.61,  0.109, 142.08,  0.055, 286.80,  0.092, 335.66,  0.099, 288.25,  0.149, 293.30,  0.115, 305.77,  0.071, 322.97,  0.041, 307.15,  0.104, 245.65,-99.000, -99.00,-99.000, -99.00,-99.000, -99.00,-99.000, -99.00,
9/4/2006 20:10:00, 11.5,275.9,  0.6,  3.4, 19.031, 28.94,  0.0,  0.0,  0.237, 136.20,  0.200, 127.90,  0.165, 127.84,  0.254, 137.71,  0.211, 145.63,  0.103, 155.42,  0.113,  74.12,  0.111, 117.26,  0.025, 189.09,  0.083, 302.15,  0.112, 270.51,  0.055, 284.80,  0.066, 257.66,  0.069, 317.95,  0.098, 302.07,  0.083, 212.74,-99.000, -99.00,-99.000, -99.00,-99.000, -99.00,-99.000, -99.00,
9/4/2006 20:15:00, 11.5,275.9,  0.6,  3.4, 19.020, 28.93,  0.0,  0.0,  0.279, 102.44,  0.208, 141.25,  0.286, 135.71,  0.190, 178.79,  0.190, 128.80,  0.075, 180.76,  0.092, 130.13,  0.075, 155.49,  0.028, 332.53,  0.061, 321.63,  0.070, 342.60,  0.014,  30.26,  0.129, 301.35,  0.073, 307.81,  0.015,  23.20,  0.134, 226.52,-99.000, -99.00,-99.000, -99.00,-99.000, -99.00,-99.000, -99.00,
9/4/2006 20:20:00, 11.5,275.8,  0.7,  3.3, 19.012, 28.92,  0.0,  0.0,  0.197, 121.51,  0.269, 145.13,  0.261, 143.26,  0.199, 131.54,  0.203, 157.99,  0.179, 147.99,  0.223, 133.36,  0.122, 149.44,  0.089, 145.06,  0.050, 356.57,  0.082, 325.92,  0.065, 341.00,  0.057, 357.99,  0.117, 284.39,  0.020, 287.53,  0.116, 243.43,-99.000, -99.00,-99.000, -99.00,-99.000, -99.00,-99.000, -99.00,
9/4/2006 20:25:00, 11.5,275.8,  0.6,  3.4, 19.014, 28.92,  0.0,  0.0,  0.194, 111.80,  0.111,  96.74,  0.183, 109.42,  0.277, 135.58,  0.215, 139.34,  0.147, 185.09,  0.121, 192.89,  0.099, 196.42,  0.081, 165.79,  0.067, 103.83,  0.081, 317.01,  0.121, 314.66,  0.070, 335.62,  0.067, 251.83,  0.114, 271.51,  0.146, 239.57,-99.000, -99.00,-99.000, -99.00,-99.000, -99.00,-99.000, -99.00,
9/4/2006 20:30:00, 11.5,275.8,  0.7,  3.4, 19.004, 28.91,  0.0,  0.0,  0.216, 127.67,  0.292, 137.36,  0.242, 131.32,  0.212, 146.76,  0.180, 145.87,  0.153, 137.65,  0.156, 149.16,  0.082, 175.82,  0.090, 151.44,  0.023, 318.58,  0.015, 273.81,  0.077, 316.58,  0.084, 338.96,  0.080, 308.88,  0.071, 281.31,  0.130, 216.25,-99.000, -99.00,-99.000, -99.00,-99.000, -99.00,-99.000, -99.00,
9/4/2006 20:35:00, 11.5,275.9,  0.6,  3.3, 19.010, 28.91,  0.0,  0.0,  0.180, 130.26,  0.233, 123.08,  0.205, 127.65,  0.185, 146.91,  0.143, 127.03,  0.126, 168.60,  0.110, 195.30,  0.169, 201.86,  0.122, 136.66,  0.100, 135.81,  0.068, 220.24,  0.120, 274.29,  0.153, 293.05,  0.067, 310.79,  0.156, 293.78,  0.081, 222.99,-99.000, -99.00,-99.000, -99.00,-99.000, -99.00,-99.000, -99.00,
9/4/2006 20:40:00, 11.5,275.8,  0.7,  3.4, 18.991, 28.91,  0.0,  0.0,  0.190, 135.21,  0.239, 141.12,  0.290, 144.83,  0.279, 125.68,  0.214, 174.37,  0.201, 172.84,  0.167, 178.29,  0.112, 156.40,  0.078, 174.14,  0.093, 129.33,  0.021,  41.19,  0.061, 313.67,  0.095, 336.96,  0.093, 357.54,  0.062, 352.53,  0.040, 231.12,-99.000, -99.00,-99.000, -99.00,-99.000, -99.00,-99.000, -99.00,
9/4/2006 20:45:00, 11.5,275.8,  0.6,  3.4, 18.985, 28.91,  0.0,  0.0,  0.201, 145.52,  0.296, 126.91,  0.238, 111.49,  0.185, 138.73,  0.217, 125.23,  0.260, 160.45,  0.098, 198.99,  0.119, 134.32,  0.146, 169.77,  0.002, 296.57,  0.050,  47.42,  0.029, 275.91,  0.069, 278.37,  0.080, 296.57,  0.029, 308.05,  0.083, 212.15,-99.000, -99.00,-99.000, -99.00,-99.000, -99.00,-99.000, -99.00,
9/4/2006 20:50:00, 11.5,275.8,  0.7,  3.3, 18.987, 28.91,  0.0,  0.0,  0.202, 122.91,  0.246, 118.44,  0.149, 131.19,  0.262, 140.11,  0.260, 129.69,  0.178, 136.60,  0.162, 143.56,  0.168, 154.20,  0.258, 151.74,  0.120, 142.46,  0.035,  33.23,  0.050, 113.50,  0.045, 329.47,  0.036, 237.65,  0.065,  16.19,  0.067, 166.17,-99.000, -99.00,-99.000, -99.00,-99.000, -99.00,-99.000, -99.00,
9/4/2006 20:55:00, 11.5,275.9,  0.7,  3.3, 18.983, 28.91,  0.0,  0.0,  0.153,  88.50,  0.239, 119.03,  0.198, 126.99,  0.200, 144.16,  0.229, 163.78,  0.281, 131.40,  0.143, 150.75,  0.175, 175.40,  0.137, 159.05,  0.138, 144.46,  0.096, 102.01,  0.039, 119.20,  0.090, 280.93,  0.122, 317.66,  0.121, 307.25,  0.105, 230.40,-99.000, -99.00,-99.000, -99.00,-99.000, -99.00,-99.000, -99.00,
9/4/2006 21:00:00, 11.5,275.8,  0.6,  3.4, 18.987, 28.92,  0.0,  0.0,  0.224, 120.57,  0.132, 133.15,  0.251, 133.55,  0.185, 150.52,  0.235, 127.75,  0.203, 144.03,  0.223, 136.64,  0.148, 155.68,  0.099, 152.92,  0.054, 164.93,  0.115, 114.57,  0.033, 334.98,  0.068, 292.43,  0.063, 348.16,  0.090,  20.26,  0.052, 274.40,-99.000, -99.00,-99.000, -99.00,-99.000, -99.00,-99.000, -99.00,
9/4/2006 21:05:00, 11.5,275.8,  0.6,  3.3, 18.970, 28.92,  0.0,  0.0,  0.189, 115.07,  0.234, 112.62,  0.255, 133.09,  0.264, 106.72,  0.145, 115.68,  0.166, 132.06,  0.159, 109.12,  0.126, 130.50,  0.102, 129.81,  0.170,  98.46,  0.048, 325.98,  0.028, 320.71,  0.022,  68.20,  0.021, 332.24,  0.083, 319.40,  0.061, 338.03,-99.000, -99.00,-99.000, -99.00,-99.000, -99.00,-99.000, -99.00,
9/4/2006 21:10:00, 11.5,275.9,  0.6,  3.4, 18.971, 28.93,  0.0,  0.0,  0.260, 120.02,  0.252, 141.77,  0.238, 115.16,  0.221, 117.14,  0.303, 111.91,  0.160, 124.58,  0.230, 122.03,  0.112, 122.28,  0.115, 106.70,  0.065,  96.15,  0.040, 241.50,  0.114,  85.99,  0.065,  15.10,  0.122, 317.98,  0.035,  75.17,  0.159, 194.56,-99.000, -99.00,-99.000, -99.00,-99.000, -99.00,-99.000, -99.00,
9/4/2006 21:15:00, 11.5,275.9,  0.7,  3.4, 18.967, 28.94,  0.0,  0.0,  0.197, 124.66,  0.200, 121.31,  0.206, 121.30,  0.311, 130.82,  0.155, 133.69,  0.218, 156.49,  0.033, 185.19,  0.138, 107.78,  0.124, 154.26,  0.121, 148.55,  0.111, 141.58,  0.057, 130.06,  0.082, 290.64,  0.044, 258.18,  0.073, 141.71,  0.140, 209.13,-99.000, -99.00,-99.000, -99.00,-99.000, -99.00,-99.000, -99.00,
9/4/2006 21:20:00, 11.5,275.8,  0.7,  3.4, 18.964, 28.95,  0.0,  0.0,  0.168, 140.81,  0.253, 103.93,  0.258, 122.83,  0.270, 141.01,  0.164, 137.96,  0.176, 153.29,  0.183, 121.61,  0.139, 119.69,  0.150, 146.94,  0.169, 123.69,  0.162, 127.72,  0.098, 117.87,  0.071, 296.93,  0.089, 322.74,  0.045,  15.59,  0.075, 166.89,-99.000, -99.00,-99.000, -99.00,-99.000, -99.00,-99.000, -99.00,
9/4/2006 21:25:00, 11.5,275.9,  0.7,  3.3, 18.952, 28.96,  0.0,  0.0,  0.232, 114.46,  0.293, 124.56,  0.208, 122.01,  0.227, 147.22,  0.278, 130.33,  0.152, 142.22,  0.115, 134.29,  0.179, 153.43,  0.122, 139.65,  0.206, 134.02,  0.081, 107.31,  0.061, 136.33,  0.055, 310.60,  0.021,  54.78,  0.067,  60.36,  0.064, 205.77,-99.000, -99.00,-99.000, -99.00,-99.000, -99.00,-99.000, -99.00,
9/4/2006 21:30:00, 11.5,275.9,  0.7,  3.4, 18.952, 28.97,  0.0,  0.0,  0.224, 138.07,  0.201, 123.85,  0.152, 140.34,  0.196, 153.70,  0.166, 164.62,  0.236, 157.57,  0.195, 148.03,  0.235, 130.87,  0.166, 127.42,  0.290, 104.37,  0.168, 112.44,  0.081, 108.66,  0.027,  48.01,  0.010,  11.31,  0.052,   6.58,  0.125, 242.41,-99.000, -99.00,-99.000, -99.00,-99.000, -99.00,-99.000, -99.00,
9/4/2006 21:35:00, 11.5,275.9,  0.6,  3.3, 18.942, 28.99,  0.0,  0.0,  0.139, 128.60,  0.208, 140.65,  0.233, 110.38,  0.286, 134.01,  0.234, 129.27,  0.157, 141.45,  0.195, 120.11,  0.193, 133.11,  0.213, 132.15,  0.127, 115.56,  0.118,  93.39,  0.068, 138.58,  0.095, 125.19,  0.042, 270.00,  0.026, 133.45,  0.100, 196.26,-99.000, -99.00,-99.000, -99.00,-99.000, -99.00,-99.000, -99.00,
9/4/2006 21:40:00, 11.5,275.8,  0.7,  3.3, 18.938, 29.01,  0.0,  0.0,  0.253, 121.74,  0.220, 128.17,  0.190, 139.27,  0.222, 177.16,  0.217, 147.99,  0.163, 152.96,  0.137, 138.26,  0.154, 133.95,  0.082, 150.95,  0.135, 127.80,  0.128, 163.26,  0.056, 176.93,  0.030,  95.71,  0.057,  35.66,  0.073,  14.23,  0.127, 213.44,-99.000, -99.00,-99.000, -99.00,-99.000, -99.00,-99.000, -99.00,
9/4/2006 21:45:00, 11.5,275.9,  0.6,  3.4, 18.930, 29.02,  0.0,  0.0,  0.270, 122.28,  0.222, 105.66,  0.218, 123.98,  0.231, 117.34,  0.246, 117.92,  0.257, 137.05,  0.287, 137.40,  0.241, 108.66,  0.142, 103.06,  0.090, 110.04,  0.150, 119.13,  0.054, 157.22,  0.042, 139.84,  0.046,  83.80,  0.012, 355.24,  0.065, 182.64,-99.000, -99.00,-99.000, -99.00,-99.000, -99.00,-99.000, -99.00,
9/4/2006 21:50:00, 11.5,275.9,  0.7,  3.3, 18.932, 29.03,  0.0,  0.0,  0.206, 127.09,  0.245, 111.02,  0.181, 113.03,  0.188, 102.63,  0.136, 146.08,  0.157, 118.20,  0.252, 114.12,  0.228, 110.50,  0.163, 103.44,  0.160, 121.21,  0.135, 157.41,  0.073, 167.30,  0.030, 172.41,  0.065, 113.43,  0.112,  75.47,  0.097, 130.41,-99.000, -99.00,-99.000, -99.00,-99.000, -99.00,-99.000, -99.00,
9/4/2006 21:55:00, 11.5,275.9,  0.7,  3.3, 18.922, 29.05,  0.0,  0.0,  0.132, 132.86,  0.209,  90.82,  0.186, 120.28,  0.265, 118.89,  0.221, 113.44,  0.200, 110.52,  0.131, 139.64,  0.161,  99.99,  0.167, 114.10,  0.124,  90.46,  0.081, 105.07,  0.130, 100.19,  0.101, 116.57,  0.071, 136.70,  0.069,  33.69,  0.038, 330.07,-99.000, -99.00,-99.000, -99.00,-99.000, -99.00,-99.000, -99.00,
9/4/2006 22:00:00, 11.5,275.8,  0.7,  3.3, 18.907, 29.06,  0.0,  0.0,  0.153, 123.27,  0.189,  96.37,  0.178,  93.54,  0.165, 108.00,  0.092, 142.51,  0.105, 105.49,  0.137, 117.31,  0.161, 117.84,  0.211,  97.36,  0.132, 100.03,  0.253, 116.06,  0.154, 114.57,  0.151, 129.90,  0.079, 137.05,  0.009, 215.54,  0.090, 207.70,-99.000, -99.00,-99.000, -99.00,-99.000, -99.00,-99.000, -99.00,
9/4/2006 22:05:00, 11.5,275.9,  0.7,  3.3, 18.899, 29.07,  0.0,  0.0,  0.112, 164.48,  0.126, 119.01,  0.110, 159.75,  0.218, 135.74,  0.170,  97.80,  0.132, 124.17,  0.171, 137.84,  0.165, 107.67,  0.292, 125.65,  0.233, 115.14,  0.192, 116.97,  0.136, 115.63,  0.034, 169.70,  0.060, 308.21,  0.065,   4.40,  0.043, 182.66,-99.000, -99.00,-99.000, -99.00,-99.000, -99.00,-99.000, -99.00,
9/4/2006 22:10:00, 11.5,275.9,  0.7,  3.4, 18.898, 29.07,  0.0,  0.0,  0.094, 157.52,  0.078,  94.40,  0.080,  79.25,  0.113, 114.07,  0.219, 100.54,  0.069, 121.39,  0.209,  98.79,  0.215, 118.35,  0.215,  96.13,  0.236, 120.26,  0.226, 129.97,  0.146, 140.55,  0.021, 131.19,  0.035, 120.96,  0.065,  39.35,  0.022,   2.60,-99.000, -99.00,-99.000, -99.00,-99.000, -99.00,-99.000, -99.00,
9/4/2006 22:15:00, 11.5,275.8,  0.6,  3.4, 18.896, 29.03,  0.0,  0.0,  0.008,  14.04,  0.078, 240.16,  0.080,  81.36,  0.089, 104.35,  0.028,   4.09,  0.171, 109.81,  0.157, 122.78,  0.077, 108.20,  0.208, 120.26,  0.173, 140.15,  0.105, 140.40,  0.119, 106.14,  0.091,  90.00,  0.023, 270.00,  0.054, 151.05,  0.155, 189.64,-99.000, -99.00,-99.000, -99.00,-99.000, -99.00,-99.000, -99.00,
9/4/2006 22:20:00, 11.5,275.9,  0.7,  3.4, 18.896, 28.98,  0.0,  0.0,  0.139, 261.75,  0.116, 293.26,  0.069, 352.46,  0.044, 356.10,  0.013,  18.43,  0.046,  36.12,  0.036,  37.18,  0.068, 183.37,  0.112, 136.45,  0.224, 126.67,  0.139, 168.77,  0.099, 139.09,  0.108, 136.51,  0.074, 133.90,  0.040, 277.13,  0.124, 240.54,-99.000, -99.00,-99.000, -99.00,-99.000, -99.00,-99.000, -99.00,
9/4/2006 22:25:00, 11.5,275.8,  0.7,  3.4, 18.884, 28.97,  0.0,  0.0,  0.036, 263.66,  0.059,  74.32,  0.062, 322.21,  0.046, 291.57,  0.104,  49.70,  0.059,   0.00,  0.090, 324.02,  0.105, 276.04,  0.068, 211.11,  0.073, 167.30,  0.104, 186.65,  0.028, 175.91,  0.023, 270.00,  0.083, 273.45,  0.062, 256.87,  0.148, 225.82,-99.000, -99.00,-99.000, -99.00,-99.000, -99.00,-99.000, -99.00,
9/4/2006 22:30:00, 11.5,275.9,  0.6,  3.4, 18.879, 28.96,  0.0,  0.0,  0.071, 313.30,  0.134, 318.33,  0.138, 359.17,  0.111, 291.71,  0.078, 273.67,  0.046, 265.03,  0.056, 183.07,  0.094, 152.07,  0.048, 285.78,  0.087, 238.70,  0.066, 125.13,  0.044, 226.85,  0.096, 261.03,  0.055, 251.90,  0.079, 256.84,  0.090, 222.75,-99.000, -99.00,-99.000, -99.00,-99.000, -99.00,-99.000, -99.00,
9/4/2006 22:35:00, 11.5,275.9,  0.7,  3.3, 18.863, 28.97,  0.0,  0.0,  0.155, 334.76,  0.137, 354.54,  0.126, 339.98,  0.087, 331.07,  0.150, 319.07,  0.076, 335.12,  0.106, 296.32,  0.062, 286.97,  0.085, 220.24,  0.040, 288.89,  0.060,  34.76,  0.030, 233.13,  0.087, 246.97,  0.087, 310.82,  0.086, 318.75,  0.116, 246.09,-99.000, -99.00,-99.000, -99.00,-99.000, -99.00,-99.000, -99.00,
9/4/2006 22:40:00, 11.5,275.8,  0.7,  3.3, 18.868, 28.97,  0.0,  0.0,  0.187, 319.57,  0.160,   0.00,  0.048, 332.90,  0.055, 337.62,  0.127, 352.76,  0.105,  41.91,  0.151,  38.84,  0.054,  68.20,  0.015, 156.80,  0.037,  49.40,  0.075,  49.32,  0.017, 212.74,  0.008, 180.00,  0.161, 281.45,  0.034, 317.39,  0.126, 196.57,-99.000, -99.00,-99.000, -99.00,-99.000, -99.00,-99.000, -99.00,
9/4/2006 22:45:00, 11.5,275.9,  0.6,  3.4, 18.857, 28.97,  0.0,  0.0,  0.163, 333.75,  0.187, 343.89,  0.145, 332.02,  0.142, 315.29,  0.079, 311.39,  0.121, 337.67,  0.098,  80.06,  0.136,  70.23,  0.089, 348.94,  0.085, 341.57,  0.079,  10.89,  0.049,  45.00,  0.071,  81.07,  0.150, 329.17,  0.080, 341.79,  0.071, 135.57,-99.000, -99.00,-99.000, -99.00,-99.000, -99.00,-99.000, -99.00,
9/4/2006 22:50:00, 11.5,275.8,  0.6,  3.4, 18.849, 28.96,  0.0,  0.0,  0.042, 344.98,  0.042,   1.36,  0.147, 345.40,  0.137, 349.92,  0.180, 358.73,  0.127, 344.98,  0.210, 351.52,  0.103,  25.82,  0.108,   2.12,  0.060, 348.50,  0.025,  16.26,  0.026, 357.80,  0.058,  24.36,  0.153,  16.66,  0.136, 348.94,  0.104, 287.91,-99.000, -99.00,-99.000, -99.00,-99.000, -99.00,-99.000, -99.00,
9/4/2006 22:55:00, 11.5,275.8,  0.7,  3.3, 18.840, 28.95,  0.0,  0.0,  0.085,   1.35,  0.155, 350.72,  0.242, 338.64,  0.223, 358.72,  0.184,   6.24,  0.154,   1.12,  0.205, 345.63,  0.131,  24.41,  0.112, 334.12,  0.073,  18.43,  0.109,  14.29,  0.077, 336.41,  0.097,  28.42,  0.091, 311.42,  0.077, 334.76,  0.096, 239.44,-99.000, -99.00,-99.000, -99.00,-99.000, -99.00,-99.000, -99.00,
9/4/2006 23:00:00, 11.5,275.9,  0.7,  3.4, 18.839, 28.95,  0.0,  0.0,  0.215,   0.00,  0.227, 353.44,  0.192, 346.11,  0.199, 345.12,  0.220, 349.00,  0.219,   2.09,  0.265, 351.96,  0.218,  17.60,  0.141,  20.75,  0.139,  38.27,  0.101,  20.22,  0.088,  51.95,  0.035,  94.90,  0.049, 355.33,  0.060, 347.57,  0.055, 236.89,-99.000, -99.00,-99.000, -99.00,-99.000, -99.00,-99.000, -99.00,
9/4/2006 23:05:00, 11.5,275.8,  0.6,  3.3, 18.830, 28.94,  0.0,  0.0,  0.262, 342.26,  0.163, 347.93,  0.181, 358.73,  0.206, 351.04,  0.118, 318.08,  0.091,  17.84,  0.152, 347.06,  0.184, 351.25,  0.214,   4.83,  0.187, 358.77,  0.114,  14.77,  0.052, 346.76,  0.066,   8.75,  0.063,   0.00,  0.105, 318.09,  0.129, 265.57,-99.000, -99.00,-99.000, -99.00,-99.000, -99.00,-99.000, -99.00,
9/4/2006 23:10:00, 11.5,275.8,  0.6,  3.4, 18.835, 28.93,  0.0,  0.0,  0.140, 301.53,  0.135, 300.75,  0.196, 341.29,  0.118, 346.32,  0.219,   9.20,  0.257, 339.23,  0.200,  11.25,  0.238, 341.64,  0.147, 354.52,  0.136, 337.96,  0.045,   0.00,  0.031, 308.37,  0.137, 293.20,  0.121, 332.37,  0.101, 310.17,  0.057, 251.57,-99.000, -99.00,-99.000, -99.00,-99.000, -99.00,-99.000, -99.00,
9/4/2006 23:15:00, 11.5,275.7,  0.7,  3.3, 18.823, 28.92,  0.0,  0.0,  0.161, 331.36,  0.145, 343.57,  0.155, 354.07,  0.280, 326.08,  0.226, 347.99,  0.176, 343.11,  0.178, 336.17,  0.195, 346.96,  0.173, 342.51,  0.136, 335.14,  0.170, 356.30,  0.079, 343.16,  0.049,  35.94,  0.057, 309.29,  0.134, 343.47,  0.036, 350.27,-99.000, -99.00,-99.000, -99.00,-99.000, -99.00,-99.000, -99.00,
9/4/2006 23:20:00, 11.5,275.8,  0.7,  3.4, 18.829, 28.92,  0.0,  0.0,  0.125, 352.19,  0.157, 331.97,  0.216, 316.50,  0.191, 309.69,  0.182, 343.06,  0.201, 344.72,  0.146, 345.77,  0.183, 336.51,  0.187, 343.51,  0.123, 339.06,  0.085, 344.98,  0.126, 342.43,  0.123, 345.40,  0.119,   2.41,  0.106, 354.61,  0.103, 200.36,-99.000, -99.00,-99.000, -99.00,-99.000, -99.00,-99.000, -99.00,
9/4/2006 23:25:00, 11.5,275.9,  0.7,  3.4, 18.815, 28.91,  0.0,  0.0,  0.255, 333.74,  0.240, 328.95,  0.189, 339.55,  0.200, 334.59,  0.130, 352.06,  0.143, 359.20,  0.226, 324.90,  0.203, 308.00,  0.157, 322.77,  0.156, 325.70,  0.104, 329.98,  0.102,   0.00,  0.088, 341.36,  0.116, 355.56,  0.058, 341.88,  0.086, 232.59,-99.000, -99.00,-99.000, -99.00,-99.000, -99.00,-99.000, -99.00,
9/4/2006 23:30:00, 11.5,275.9,  0.7,  3.4, 18.816, 28.91,  0.0,  0.0,  0.195, 317.29,  0.139, 325.28,  0.214, 342.58,  0.226, 321.81,  0.148, 345.49,  0.124, 340.69,  0.244, 332.18,  0.242, 339.47,  0.185, 333.02,  0.127, 343.56,  0.104, 344.89,  0.044, 344.05,  0.117, 306.28,  0.056, 352.87,  0.047,  47.56,  0.045, 332.30,-99.000, -99.00,-99.000, -99.00,-99.000, -99.00,-99.000, -99.00,
9/4/2006 23:35:00, 11.5,275.8,  0.7,  3.3, 18.803, 28.91,  0.0,  0.0,  0.142, 344.11,  0.217, 308.82,  0.173, 331.65,  0.168, 358.64,  0.137, 344.34,  0.215,   5.34,  0.211, 337.44,  0.220, 344.70,  0.192, 315.21,  0.149, 339.13,  0.167,   7.94,  0.136, 341.97,  0.103, 347.05,  0.142, 355.14,  0.130,  24.59,  0.006, 279.46,-99.000, -99.00,-99.000, -99.00,-99.000, -99.00,-99.000, -99.00,
9/4/2006 23:40:00, 11.5,275.8,  0.7,  3.3, 18.808, 28.91,  0.0,  0.0,  0.217, 348.33,  0.179, 349.38,  0.202, 341.83,  0.168, 330.09,  0.222, 340.02,  0.219, 347.04,  0.170, 337.95,  0.068, 302.99,  0.086, 340.93,  0.088, 332.85,  0.105,   7.67,  0.119,  12.16,  0.103,  46.57,  0.162, 332.01,  0.101, 339.78,  0.043, 293.55,-99.000, -99.00,-99.000, -99.00,-99.000, -99.00,-99.000, -99.00,
9/4/2006 23:45:00, 11.5,275.9,  0.7,  3.3, 18.798, 28.91,  0.0,  0.0,  0.177, 355.13,  0.192, 332.77,  0.255, 342.63,  0.194, 341.66,  0.187, 346.04,  0.176, 343.52,  0.162, 350.42,  0.129, 331.25,  0.071, 335.96,  0.049, 282.91,  0.055, 320.86,  0.104, 358.35,  0.131, 329.34,  0.088,   7.21,  0.139, 339.73,  0.078, 303.49,-99.000, -99.00,-99.000, -99.00,-99.000, -99.00,-99.000, -99.00,
9/4/2006 23:50:00, 11.5,275.8,  0.7,  3.3, 18.794, 28.92,  0.0,  0.0,  0.142, 335.42,  0.089,   1.93,  0.136, 332.87,  0.203, 346.31,  0.219, 350.80,  0.122, 342.31,  0.100, 328.84,  0.132, 323.30,  0.163, 350.13,  0.087, 277.94,  0.093, 292.15,  0.103, 343.14,  0.157, 353.42,  0.103, 347.71,  0.076, 339.89,  0.119, 284.15,-99.000, -99.00,-99.000, -99.00,-99.000, -99.00,-99.000, -99.00,
9/4/2006 23:55:00, 11.5,275.8,  0.7,  3.3, 18.787, 28.92,  0.0,  0.0,  0.164, 328.44,  0.210, 349.87,  0.177, 334.59,  0.147, 343.79,  0.169, 338.89,  0.212, 359.19,  0.186, 326.40,  0.081, 305.46,  0.136, 313.81,  0.102, 311.03,  0.088, 319.61,  0.085, 328.92,  0.097, 326.31,  0.133,   0.00,  0.123, 357.67,  0.145, 273.16,-99.000, -99.00,-99.000, -99.00,-99.000, -99.00,-99.000, -99.00,
9/5/2006 00:00:00, 11.5,275.8,  0.6,  3.4, 18.786, 28.93,  0.0,  0.0,  0.209, 347.56,  0.241, 336.74,  0.173, 338.94,  0.147, 328.37,  0.226, 326.38,  0.181,   0.63,  0.194, 356.46,  0.141, 353.08,  0.058, 359.01,  0.060,  14.50,  0.155, 349.20,  0.111, 346.97,  0.204, 338.72,  0.130, 355.16,  0.109, 333.20,  0.080, 299.12,-99.000, -99.00,-99.000, -99.00,-99.000, -99.00,-99.000, -99.00,
9/5/2006 00:05:00, 11.5,275.8,  0.6,  3.4, 18.781, 28.93,  0.0,  0.0,  0.191,   0.90,  0.214, 351.68,  0.141, 331.26,  0.178,   1.29,  0.176, 334.45,  0.130, 346.61,  0.226, 359.24,  0.098, 359.42,  0.089, 340.95,  0.073, 353.75,  0.095, 353.93,  0.101, 329.62,  0.037,  46.08,  0.070, 289.98,  0.088, 304.78,  0.141, 322.48,-99.000, -99.00,-99.000, -99.00,-99.000, -99.00,-99.000, -99.00,
9/5/2006 00:10:00, 11.5,275.9,  0.6,  3.3, 18.777, 28.94,  0.0,  0.0,  0.199, 335.63,  0.186, 338.26,  0.164, 346.22,  0.183,   1.57,  0.174, 346.04,  0.266, 322.01,  0.187,   8.00,  0.153, 345.96,  0.094,   0.00,  0.105, 354.56,  0.097,   0.59,  0.069, 279.19,  0.083, 314.51,  0.015,   0.00,  0.160,  23.53,  0.105, 345.70,-99.000, -99.00,-99.000, -99.00,-99.000, -99.00,-99.000, -99.00,
9/5/2006 00:15:00, 11.5,275.8,  0.7,  3.4, 18.771, 28.94,  0.0,  0.0,  0.261, 343.09,  0.187, 347.67,  0.189, 336.96,  0.128,   2.68,  0.156,  15.19,  0.148,  18.07,  0.151, 309.90,  0.050, 277.97,  0.037, 290.38,  0.120, 336.43,  0.144,   6.38,  0.133,   8.68,  0.112, 333.43,  0.097, 346.25,  0.164,  12.34,  0.095,   4.81,-99.000, -99.00,-99.000, -99.00,-99.000, -99.00,-99.000, -99.00,
9/5/2006 00:20:00, 11.5,275.8,  0.7,  3.4, 18.762, 28.95,  0.0,  0.0,  0.203, 347.47,  0.128, 321.34,  0.284, 354.15,  0.219, 344.88,  0.154,   8.24,  0.167,  19.63,  0.128, 311.19,  0.066, 355.67,  0.117, 354.58,  0.217, 323.60,  0.150, 331.73,  0.076, 356.24,  0.070,  17.40,  0.088,  56.13,  0.132,  22.29,  0.122, 326.70,-99.000, -99.00,-99.000, -99.00,-99.000, -99.00,-99.000, -99.00,
9/5/2006 00:25:00, 11.5,275.8,  0.7,  3.3, 18.771, 28.95,  0.0,  0.0,  0.115, 359.50,  0.228, 321.77,  0.258, 353.76,  0.156, 337.72,  0.123,  24.90,  0.081, 326.11,  0.083, 315.97,  0.151, 317.96,  0.169, 328.28,  0.146, 299.02,  0.133, 328.22,  0.115, 350.46,  0.046,  29.90,  0.075, 320.39,  0.073, 334.84,  0.061, 304.99,-99.000, -99.00,-99.000, -99.00,-99.000, -99.00,-99.000, -99.00,
9/5/2006 00:30:00, 11.5,275.9,  0.7,  3.4, 18.764, 28.95,  0.0,  0.0,  0.184, 336.23,  0.170, 342.53,  0.245, 335.11,  0.165,  11.92,  0.176,  12.14,  0.056,  36.25,  0.128, 335.44,  0.122, 321.34,  0.117, 329.04,  0.127, 312.12,  0.146, 320.85,  0.131, 321.20,  0.140, 337.82,  0.151, 343.48,  0.129, 330.86,  0.131, 347.23,-99.000, -99.00,-99.000, -99.00,-99.000, -99.00,-99.000, -99.00,
9/5/2006 00:35:00, 11.5,275.8,  0.7,  3.4, 18.763, 28.95,  0.0,  0.0,  0.211, 337.09,  0.213, 331.15,  0.155, 319.20,  0.146,   5.91,  0.187, 306.07,  0.111, 305.12,  0.084,  25.35,  0.145,  30.28,  0.098,   0.00,  0.132,   6.10,  0.151, 320.39,  0.152, 325.16,  0.148, 331.70,  0.128, 356.42,  0.090, 333.72,  0.113, 336.60,-99.000, -99.00,-99.000, -99.00,-99.000, -99.00,-99.000, -99.00,
9/5/2006 00:40:00, 11.5,275.9,  0.7,  3.4, 18.757, 28.97,  0.0,  0.0,  0.142, 329.45,  0.179, 335.58,  0.147, 338.85,  0.115, 283.55,  0.119, 288.59,  0.070, 270.00,  0.176, 307.39,  0.109, 271.58,  0.144, 255.48,  0.097, 307.46,  0.082, 300.61,  0.060, 302.11,  0.040,   2.86,  0.091, 358.11,  0.076, 334.44,  0.010, 240.95,-99.000, -99.00,-99.000, -99.00,-99.000, -99.00,-99.000, -99.00,
9/5/2006 00:45:00, 11.5,275.9,  0.6,  3.3, 18.749, 28.99,  0.0,  0.0,  0.171, 342.63,  0.162, 326.31,  0.136, 328.53,  0.149, 285.52,  0.089, 275.14,  0.119, 304.76,  0.119, 273.85,  0.096, 300.86,  0.089, 277.13,  0.068, 278.49,  0.087, 285.95,  0.138, 301.96,  0.063, 338.70,  0.119, 326.98,  0.102,  21.28,  0.085, 290.79,-99.000, -99.00,-99.000, -99.00,-99.000, -99.00,-99.000, -99.00,
9/5/2006 00:50:00, 11.5,275.8,  0.7,  3.3, 18.757, 29.01,  0.0,  0.0,  0.194, 324.43,  0.094, 318.01,  0.183, 347.71,  0.143, 337.38,  0.033, 344.29,  0.085, 311.19,  0.109, 323.55,  0.078, 305.11,  0.104, 326.00,  0.105, 343.98,  0.139, 322.88,  0.151, 332.75,  0.165, 332.66,  0.162, 350.77,  0.179, 346.12,  0.065, 334.61,-99.000, -99.00,-99.000, -99.00,-99.000, -99.00,-99.000, -99.00,
9/5/2006 00:55:00, 11.5,275.9,  0.7,  3.3, 18.758, 29.02,  0.0,  0.0,  0.121, 346.65,  0.115,   2.99,  0.104, 355.60,  0.131, 324.00,  0.186, 321.53,  0.063, 349.05,  0.156, 339.36,  0.161, 332.64,  0.099, 353.60,  0.154, 315.53,  0.106, 311.95,  0.131, 310.36,  0.104, 308.75,  0.194, 315.42,  0.112, 312.10,  0.070, 270.00,-99.000, -99.00,-99.000, -99.00,-99.000, -99.00,-99.000, -99.00,
9/5/2006 01:00:00, 11.5,275.9,  0.7,  3.4, 18.752, 29.03,  0.0,  0.0,  0.089, 356.14,  0.068, 334.57,  0.197, 304.25,  0.137, 327.24,  0.208, 333.06,  0.168, 305.58,  0.179, 311.16,  0.166, 312.55,  0.148, 337.41,  0.183, 320.75,  0.187, 306.75,  0.117, 310.50,  0.199, 285.71,  0.162, 295.62,  0.131, 300.29,  0.119, 291.62,-99.000, -99.00,-99.000, -99.00,-99.000, -99.00,-99.000, -99.00,
9/5/2006 01:05:00, 11.5,275.8,  0.7,  3.3, 18.752, 29.05,  0.0,  0.0,  0.168,   4.45,  0.063,   5.44,  0.122, 321.34,  0.110, 275.19,  0.126, 330.99,  0.149, 321.52,  0.155, 322.61,  0.142,  12.18,  0.228, 357.49,  0.160, 340.66,  0.051, 306.19,  0.089, 287.62,  0.124, 324.52,  0.047, 323.62,  0.035, 356.73,  0.097, 341.38,-99.000, -99.00,-99.000, -99.00,-99.000, -99.00,-99.000, -99.00,
9/5/2006 01:10:00, 11.5,275.9,  0.7,  3.3, 18.756, 29.06,  0.0,  0.0,  0.170,  14.69,  0.176, 349.84,  0.210, 313.26,  0.116,   0.99,  0.090,  32.28,  0.151, 334.96,  0.176, 318.23,  0.100, 345.00,  0.054, 348.27,  0.091, 354.35,  0.085,  69.21,  0.039, 148.78,  0.073, 231.10,  0.039, 289.36,  0.065, 270.00,  0.057, 265.99,-99.000, -99.00,-99.000, -99.00,-99.000, -99.00,-99.000, -99.00,
9/5/2006 01:15:00, 11.5,275.8,  0.7,  3.3, 18.753, 29.08,  0.0,  0.0,  0.129, 302.95,  0.098, 325.01,  0.278, 333.53,  0.176, 333.29,  0.057, 349.88,  0.125, 340.41,  0.143, 331.65,  0.114, 311.80,  0.083, 350.99,  0.111, 337.82,  0.147, 335.52,  0.076, 304.32,  0.021,   5.44,  0.059, 359.03,  0.053, 295.60,  0.104, 270.55,-99.000, -99.00,-99.000, -99.00,-99.000, -99.00,-99.000, -99.00,
9/5/2006 01:20:00, 11.5,275.9,  0.7,  3.3, 18.748, 29.10,  0.0,  0.0,  0.093,  19.41,  0.109,   0.00,  0.147, 329.24,  0.162, 317.75,  0.163, 316.49,  0.119, 321.12,  0.114,   5.01,  0.097,  10.04,  0.164, 339.24,  0.145,   0.00,  0.137, 339.05,  0.152, 328.71,  0.133, 347.85,  0.130, 316.87,  0.059, 347.37,  0.048, 185.95,-99.000, -99.00,-99.000, -99.00,-99.000, -99.00,-99.000, -99.00,
9/5/2006 01:25:00, 11.5,275.8,  0.7,  3.3, 18.741, 29.13,  0.0,  0.0,  0.055,  26.10,  0.109, 342.90,  0.110, 272.08,  0.051, 349.80,  0.088, 304.78,  0.131, 323.39,  0.058, 333.43,  0.084,  18.00,  0.147, 351.37,  0.100,  22.44,  0.118, 356.61,  0.105,  53.89,  0.094,  49.33,  0.129,  58.65,  0.118,  49.82,  0.059, 303.96,-99.000, -99.00,-99.000, -99.00,-99.000, -99.00,-99.000, -99.00,
9/5/2006 01:30:00, 11.5,275.8,  0.7,  3.3, 18.744, 29.13,  0.0,  0.0,  0.121, 291.27,  0.113, 305.66,  0.040, 290.73,  0.045, 318.58,  0.080, 307.87,  0.103, 358.89,  0.035, 346.76,  0.120,  22.51,  0.128, 334.63,  0.136, 335.70,  0.138,  42.36,  0.146, 349.77,  0.123, 343.93,  0.138, 355.44,  0.092, 342.35,  0.060, 348.50,-99.000, -99.00,-99.000, -99.00,-99.000, -99.00,-99.000, -99.00,
9/5/2006 01:35:00, 11.5,275.9,  0.6,  3.3, 18.749, 29.15,  0.0,  0.0,  0.139, 306.54,  0.167, 358.29,  0.170,  17.15,  0.088, 300.63,  0.143, 358.00,  0.149, 334.98,  0.118, 307.75,  0.097, 301.88,  0.103, 294.58,  0.103, 321.69,  0.044,  55.22,  0.030, 344.58,  0.040,  20.22,  0.090,  57.72,  0.105, 335.87,  0.098, 300.76,-99.000, -99.00,-99.000, -99.00,-99.000, -99.00,-99.000, -99.00,
9/5/2006 01:40:00, 11.5,275.8,  0.7,  3.3, 18.746, 29.15,  0.0,  0.0,  0.116, 358.03,  0.056, 331.14,  0.120, 343.07,  0.182,   3.14,  0.093,  33.18,  0.147,   9.78,  0.123,  27.61,  0.134, 322.87,  0.127, 321.06,  0.183,   3.13,  0.175, 348.82,  0.049,  23.96,  0.093, 311.94,  0.056, 101.31,  0.025, 274.57,  0.069, 195.04,-99.000, -99.00,-99.000, -99.00,-99.000, -99.00,-99.000, -99.00,
9/5/2006 01:45:00, 11.5,275.8,  0.7,  3.4, 18.748, 29.14,  0.0,  0.0,  0.091, 322.62,  0.141, 341.82,  0.059, 266.12,  0.049, 336.04,  0.128, 342.27,  0.131, 322.43,  0.125, 312.09,  0.095, 328.83,  0.030, 346.43,  0.104, 339.12,  0.131, 353.42,  0.191,  26.83,  0.161,   7.88,  0.101, 354.35,  0.139, 341.18,  0.094, 251.95,-99.000, -99.00,-99.000, -99.00,-99.000, -99.00,-99.000, -99.00,
9/5/2006 01:50:00, 11.5,275.8,  0.7,  3.3, 18.744, 29.13,  0.0,  0.0,  0.143, 350.74,  0.156, 353.38,  0.142, 345.77,  0.057, 310.71,  0.084, 353.13,  0.126,  17.14,  0.077, 333.77,  0.201, 308.35,  0.174, 323.20,  0.109, 327.33,  0.120, 305.15,  0.099, 319.90,  0.068, 288.97,  0.043,  54.46,  0.108, 293.96,  0.051, 235.38,-99.000, -99.00,-99.000, -99.00,-99.000, -99.00,-99.000, -99.00,
9/5/2006 01:55:00, 11.5,275.8,  0.7,  3.3, 18.744, 29.14,  0.0,  0.0,  0.112, 356.42,  0.067,  32.28,  0.126, 328.96,  0.098, 195.31,  0.096,   0.00,  0.104, 304.45,  0.099, 334.98,  0.155,   3.32,  0.085, 322.18,  0.139,  16.74,  0.106,  23.91,  0.074,   7.03,  0.028, 310.60,  0.103, 290.56,  0.113, 317.52,  0.132, 227.14,-99.000, -99.00,-99.000, -99.00,-99.000, -99.00,-99.000, -99.00,
9/5/2006 02:00:00, 11.5,275.9,  0.7,  3.4, 18.748, 29.16,  0.0,  0.0,  0.048,   5.95,  0.124,  43.36,  0.071,  20.75,  0.148,   7.75,  0.066, 352.12,  0.053, 292.20,  0.050,   2.29,  0.066,  68.52,  0.094,   0.61,  0.144, 342.19,  0.069, 325.62,  0.098, 334.49,  0.101, 328.36,  0.136, 323.97,  0.180, 303.69,  0.126, 239.97,-99.000, -99.00,-99.000, -99.00,-99.000, -99.00,-99.000, -99.00,
9/5/2006 02:05:00, 11.5,275.8,  0.7,  3.3, 18.751, 29.17,  0.0,  0.0,  0.189, 335.33,  0.132,   6.53,  0.100, 347.35,  0.135,   2.54,  0.093,  62.61,  0.128,   9.90,  0.099, 329.83,  0.068, 322.79,  0.218, 315.19,  0.105, 315.38,  0.099, 333.69,  0.082,   0.00,  0.062, 356.31,  0.086, 268.00,  0.053, 270.00,  0.183, 271.88,-99.000, -99.00,-99.000, -99.00,-99.000, -99.00,-99.000, -99.00,
9/5/2006 02:10:00, 11.5,275.9,  0.7,  3.3, 18.750, 29.17,  0.0,  0.0,  0.129, 349.73,  0.114, 351.94,  0.148, 336.90,  0.130, 346.61,  0.168,  16.93,  0.144, 332.72,  0.141, 338.35,  0.101, 323.02,  0.106, 318.46,  0.078, 272.20,  0.114, 296.57,  0.176, 305.05,  0.122, 319.65,  0.183, 310.57,  0.117, 321.26,  0.132, 265.24,-99.000, -99.00,-99.000, -99.00,-99.000, -99.00,-99.000, -99.00,
9/5/2006 02:15:00, 11.5,275.9,  0.7,  3.4, 18.749, 29.18,  0.0,  0.0,  0.030, 358.09,  0.040, 298.50,  0.119, 343.86,  0.104, 325.55,  0.100, 313.78,  0.104, 316.95,  0.106, 333.68,  0.101, 294.54,  0.099, 347.78,  0.158, 314.23,  0.151, 304.74,  0.166, 320.64,  0.212, 300.92,  0.111, 292.18,  0.147, 289.42,  0.089, 288.43,-99.000, -99.00,-99.000, -99.00,-99.000, -99.00,-99.000, -99.00,
9/5/2006 02:20:00, 11.5,275.9,  0.7,  3.3, 18.752, 29.18,  0.0,  0.0,  0.120,  54.18,  0.147, 348.61,  0.120, 339.44,  0.097,  16.19,  0.066, 344.05,  0.154, 349.49,  0.110, 355.32,  0.060,  47.02,  0.076,  21.52,  0.049, 339.72,  0.036, 356.82,  0.093, 326.82,  0.041, 323.97,  0.028, 278.13,  0.078, 310.84,  0.117, 282.37,-99.000, -99.00,-99.000, -99.00,-99.000, -99.00,-99.000, -99.00,
9/5/2006 02:25:00, 11.5,275.9,  0.7,  3.3, 18.757, 29.17,  0.0,  0.0,  0.105,  11.52,  0.215, 353.87,  0.071, 354.37,  0.027, 177.88,  0.078, 336.71,  0.099, 348.35,  0.146, 325.01,  0.077, 330.44,  0.039, 329.53,  0.142, 290.22,  0.161, 316.01,  0.122, 307.34,  0.182, 296.85,  0.101, 286.10,  0.055, 305.42,  0.088, 294.82,-99.000, -99.00,-99.000, -99.00,-99.000, -99.00,-99.000, -99.00,
9/5/2006 02:30:00, 11.5,275.8,  0.7,  3.3, 18.756, 29.17,  0.0,  0.0,  0.072, 216.55,  0.117,  22.17,  0.134, 355.73,  0.072,  17.68,  0.116, 325.49,  0.096, 358.81,  0.139,   2.88,  0.102, 329.91,  0.078,  49.16,  0.084, 310.67,  0.133,  29.26,  0.117,  33.15,  0.090,  16.21,  0.064, 333.03,  0.073, 318.89,  0.107, 249.70,-99.000, -99.00,-99.000, -99.00,-99.000, -99.00,-99.000, -99.00,
9/5/2006 02:35:00, 11.5,275.9,  0.7,  3.4, 18.742, 29.16,  0.0,  0.0,  0.097, 288.06,  0.068, 334.57,  0.130,  24.01,  0.020,  63.43,  0.093,  63.71,  0.153,  60.58,  0.149,  40.64,  0.141,  50.45,  0.074,  10.10,  0.037,  36.25,  0.056, 103.54,  0.022, 341.57,  0.058, 359.01,  0.078,  59.16,  0.084,  69.84,  0.027, 184.24,-99.000, -99.00,-99.000, -99.00,-99.000, -99.00,-99.000, -99.00,
9/5/2006 02:40:00, 11.5,275.9,  0.7,  3.4, 18.753, 29.16,  0.0,  0.0,  0.085, 326.50,  0.139,   4.97,  0.175,  47.55,  0.081,  23.39,  0.038,  56.73,  0.104, 354.51,  0.108,  17.26,  0.061, 353.45,  0.038,   3.01,  0.119, 297.42,  0.026,  87.80,  0.031,  51.63,  0.027, 235.71,  0.133, 268.28,  0.025,  56.31,  0.061, 343.93,-99.000, -99.00,-99.000, -99.00,-99.000, -99.00,-99.000, -99.00,
9/5/2006 02:45:00, 11.5,275.9,  0.7,  3.4, 18.745, 29.15,  0.0,  0.0,  0.075,  34.74,  0.024, 308.29,  0.111, 335.05,  0.132,  55.83,  0.147,  26.22,  0.143,   3.60,  0.138, 346.57,  0.125,   6.44,  0.172,   0.33,  0.134,   7.28,  0.179,   6.73,  0.115,  12.09,  0.074,   5.40,  0.101, 355.47,  0.168, 331.14,  0.046, 232.88,-99.000, -99.00,-99.000, -99.00,-99.000, -99.00,-99.000, -99.00,
9/5/2006 02:50:00, 11.5,275.8,  0.7,  3.3, 18.762, 29.15,  0.0,  0.0,  0.105, 345.70,  0.160, 337.27,  0.121, 334.50,  0.043,  56.31,  0.088,  24.82,  0.057, 357.99,  0.101,  13.76,  0.091, 337.96,  0.130, 325.94,  0.051,  49.76,  0.185,  21.57,  0.157,   2.92,  0.104,   0.55,  0.111,   2.06,  0.102, 331.43,  0.068, 252.90,-99.000, -99.00,-99.000, -99.00,-99.000, -99.00,-99.000, -99.00,
9/5/2006 02:55:00, 11.5,275.9,  0.7,  3.4, 18.767, 29.15,  0.0,  0.0,  0.118, 340.64,  0.236, 302.55,  0.163, 305.74,  0.046, 272.49,  0.128, 311.19,  0.077, 358.51,  0.093, 358.15,  0.129, 356.89,  0.114,  14.28,  0.145, 354.84,  0.059,  35.31,  0.086,   8.04,  0.085, 355.96,  0.088, 356.75,  0.129, 355.57,  0.040, 140.01,-99.000, -99.00,-99.000, -99.00,-99.000, -99.00,-99.000, -99.00,
9/5/2006 03:00:00, 11.5,275.9,  0.7,  3.4, 18.776, 29.15,  0.0,  0.0,  0.104, 272.20,  0.081, 292.46,  0.031, 281.31,  0.030, 297.41,  0.061, 269.06,  0.089, 310.46,  0.082, 300.96,  0.108, 270.00,  0.199, 280.12,  0.194, 267.64,  0.061,  13.35,  0.134, 342.65,  0.204, 316.99,  0.079,  48.07,  0.011, 354.81,  0.136, 222.61,-99.000, -99.00,-99.000, -99.00,-99.000, -99.00,-99.000, -99.00,
9/5/2006 03:05:00, 11.5,275.9,  0.7,  3.4, 18.778, 29.15,  0.0,  0.0,  0.153, 316.59,  0.160, 340.66,  0.072, 318.96,  0.040,  26.57,  0.090,  15.42,  0.033,  12.34,  0.056, 335.73,  0.095, 314.14,  0.193, 313.11,  0.064, 308.66,  0.068, 306.03,  0.061, 318.99,  0.063, 316.93,  0.211, 316.15,  0.163, 327.29,  0.111, 251.08,-99.000, -99.00,-99.000, -99.00,-99.000, -99.00,-99.000, -99.00,
9/5/2006 03:10:00, 11.5,275.8,  0.7,  3.4, 18.778, 29.15,  0.0,  0.0,  0.190, 314.57,  0.120, 323.13,  0.108, 355.24,  0.113,  13.30,  0.077, 338.75,  0.163,   4.59,  0.125, 336.50,  0.090, 328.60,  0.145, 323.68,  0.157, 350.84,  0.144, 329.51,  0.153, 326.73,  0.044,  14.35,  0.057,  28.37,  0.070, 356.73,  0.088, 294.82,-99.000, -99.00,-99.000, -99.00,-99.000, -99.00,-99.000, -99.00,
9/5/2006 03:15:00, 11.5,275.9,  0.7,  3.3, 18.771, 29.15,  0.0,  0.0,  0.158, 334.57,  0.081, 308.99,  0.146, 302.17,  0.038,  63.43,  0.080,  24.33,  0.020, 246.04,  0.121, 271.42,  0.113, 335.93,  0.128,  21.97,  0.144, 311.90,  0.118, 307.75,  0.069,  21.34,  0.096, 336.64,  0.099, 324.87,  0.081, 327.09,  0.195, 270.00,-99.000, -99.00,-99.000, -99.00,-99.000, -99.00,-99.000, -99.00,
9/5/2006 03:20:00, 11.5,275.8,  0.7,  3.4, 18.779, 29.15,  0.0,  0.0,  0.122, 321.34,  0.152, 290.82,  0.164, 318.45,  0.096,  11.43,  0.039, 329.53,  0.073, 289.18,  0.035,  73.61,  0.097, 280.15,  0.059, 314.31,  0.071,   0.81,  0.156, 341.33,  0.173, 347.65,  0.188, 322.58,  0.187, 314.13,  0.189, 314.79,  0.068, 267.47,-99.000, -99.00,-99.000, -99.00,-99.000, -99.00,-99.000, -99.00,
9/5/2006 03:25:00, 11.5,275.9,  0.7,  3.3, 18.775, 29.15,  0.0,  0.0,  0.038, 331.39,  0.136, 329.11,  0.063,  10.95,  0.080, 273.58,  0.078, 314.48,  0.048, 286.93,  0.145, 330.60,  0.089, 311.79,  0.130, 320.93,  0.083, 313.53,  0.190, 308.38,  0.250, 317.76,  0.197, 310.89,  0.240, 326.91,  0.135, 332.10,  0.119, 263.23,-99.000, -99.00,-99.000, -99.00,-99.000, -99.00,-99.000, -99.00,
9/5/2006 03:30:00, 11.5,275.8,  0.7,  3.3, 18.785, 29.16,  0.0,  0.0,  0.139, 347.16,  0.139, 352.16,  0.118,  20.90,  0.103, 316.97,  0.055,  25.64,  0.163, 291.21,  0.077, 289.60,  0.110, 238.77,  0.073, 231.71,  0.182, 255.66,  0.175, 256.12,  0.207, 265.28,  0.241, 269.29,  0.166, 260.31,  0.194, 274.44,  0.188, 257.74,-99.000, -99.00,-99.000, -99.00,-99.000, -99.00,-99.000, -99.00,
9/5/2006 03:35:00, 11.5,275.8,  0.7,  3.3, 18.785, 29.16,  0.0,  0.0,  0.083, 328.80,  0.072, 328.08,  0.148, 325.77,  0.112,  19.24,  0.068, 341.03,  0.109, 346.73,  0.129, 328.28,  0.027,  28.44,  0.081, 299.40,  0.067, 320.41,  0.131, 291.48,  0.134, 278.62,  0.119, 279.70,  0.153, 270.75,  0.181, 281.81,  0.136, 269.16,-99.000, -99.00,-99.000, -99.00,-99.000, -99.00,-99.000, -99.00,
9/5/2006 03:40:00, 11.5,275.8,  0.7,  3.4, 18.792, 29.15,  0.0,  0.0,  0.153, 322.98,  0.111, 359.48,  0.132, 327.03,  0.202,  16.65,  0.193,   5.65,  0.139, 358.76,  0.116,  15.00,  0.139, 346.26,  0.130, 285.22,  0.072, 261.98,  0.146, 271.96,  0.147, 289.92,  0.161, 286.97,  0.116, 298.33,  0.125, 283.92,  0.239, 251.72,-99.000, -99.00,-99.000, -99.00,-99.000, -99.00,-99.000, -99.00,
9/5/2006 03:45:00, 11.5,275.8,  0.7,  3.3, 18.798, 29.15,  0.0,  0.0,  0.123, 303.69,  0.135, 322.20,  0.054, 294.18,  0.111, 347.47,  0.095, 337.20,  0.148, 352.25,  0.072, 326.98,  0.073, 277.13,  0.116, 304.79,  0.200, 273.15,  0.121, 276.65,  0.085, 245.56,  0.125, 268.63,  0.081, 259.38,  0.221, 292.86,  0.171, 255.07,-99.000, -99.00,-99.000, -99.00,-99.000, -99.00,-99.000, -99.00,
9/5/2006 03:50:00, 11.5,275.9,  0.7,  3.3, 18.800, 29.15,  0.0,  0.0,  0.122, 336.80,  0.114, 283.67,  0.039, 253.44,  0.176, 323.33,  0.112, 327.45,  0.062, 289.90,  0.106,   9.20,  0.144, 319.79,  0.040, 257.01,  0.092, 315.88,  0.058, 266.05,  0.092, 230.27,  0.132, 286.24,  0.088, 281.18,  0.062, 270.00,  0.136, 244.19,-99.000, -99.00,-99.000, -99.00,-99.000, -99.00,-99.000, -99.00,
9/5/2006 03:55:00, 11.5,275.8,  0.7,  3.3, 18.802, 29.15,  0.0,  0.0,  0.164, 274.18,  0.135, 324.66,  0.176, 317.07,  0.112, 324.05,  0.073,   9.46,  0.049, 336.04,  0.067, 318.65,  0.091, 280.08,  0.072, 296.57,  0.065, 313.75,  0.105, 275.44,  0.049, 196.59,  0.083, 298.72,  0.104, 317.73,  0.157, 289.01,  0.089, 246.89,-99.000, -99.00,-99.000, -99.00,-99.000, -99.00,-99.000, -99.00,
9/5/2006 04:00:00, 11.5,276.0,  0.7,  3.3, 18.811, 29.15,  0.0,  0.0,  0.118, 331.04,  0.114, 313.93,  0.145, 326.86,  0.022, 259.70,  0.154,   8.97,  0.132, 322.09,  0.070,  19.21,  0.131, 266.07,  0.062, 275.53,  0.070, 268.36,  0.069, 312.66,  0.100, 294.25,  0.105, 264.56,  0.161, 278.58,  0.119, 330.85,  0.082, 306.59,-99.000, -99.00,-99.000, -99.00,-99.000, -99.00,-99.000, -99.00,
9/5/2006 04:05:00, 11.5,275.8,  0.7,  3.3, 18.802, 29.15,  0.0,  0.0,  0.134, 308.33,  0.084, 308.23,  0.048, 296.03,  0.058,  47.79,  0.088,  33.87,  0.048, 265.24,  0.041, 192.68,  0.095, 270.00,  0.087, 262.71,  0.104, 267.80,  0.104, 295.58,  0.092, 290.41,  0.147, 289.05,  0.124, 276.95,  0.098, 279.37,  0.123, 254.95,-99.000, -99.00,-99.000, -99.00,-99.000, -99.00,-99.000, -99.00,
9/5/2006 04:10:00, 11.5,275.8,  0.7,  3.3, 18.810, 29.15,  0.0,  0.0,  0.106, 297.05,  0.117, 267.06,  0.062, 326.82,  0.084, 331.61,  0.037, 300.70,  0.060, 346.43,  0.017, 270.00,  0.093, 277.43,  0.028, 251.57,  0.109, 281.10,  0.105, 247.09,  0.099, 270.00,  0.029, 279.78,  0.110, 309.47,  0.130, 310.94,  0.152, 249.18,-99.000, -99.00,-99.000, -99.00,-99.000, -99.00,-99.000, -99.00,
9/5/2006 04:15:00, 11.5,275.8,  0.7,  3.3, 18.815, 29.15,  0.0,  0.0,  0.090, 342.57,  0.061, 159.78,  0.080, 270.00,  0.087, 273.95,  0.094, 285.36,  0.029, 284.04,  0.067,  64.20,  0.077, 276.75,  0.048, 282.01,  0.157, 273.64,  0.152, 279.46,  0.076, 314.46,  0.171, 295.97,  0.136, 304.85,  0.218, 296.10,  0.180, 283.19,-99.000, -99.00,-99.000, -99.00,-99.000, -99.00,-99.000, -99.00,
9/5/2006 04:20:00, 11.5,275.9,  0.7,  3.3, 18.819, 29.15,  0.0,  0.0,  0.070, 329.04,  0.029,  90.00,  0.030,  19.65,  0.047,  17.28,  0.127, 268.65,  0.044, 329.93,  0.032,  36.16,  0.026, 290.56,  0.093, 222.40,  0.111, 272.06,  0.100, 285.71,  0.062, 265.39,  0.181, 288.33,  0.133, 305.49,  0.166, 325.83,  0.136, 275.92,-99.000, -99.00,-99.000, -99.00,-99.000, -99.00,-99.000, -99.00,
9/5/2006 04:25:00, 11.5,275.9,  0.7,  3.4, 18.827, 29.15,  0.0,  0.0,  0.069,   4.14,  0.121, 289.33,  0.100, 269.43,  0.063,  63.43,  0.130, 252.96,  0.023, 203.20,  0.052, 272.20,  0.153, 284.76,  0.165, 274.53,  0.019, 341.57,  0.047, 304.70,  0.128, 311.52,  0.058, 263.12,  0.113, 292.93,  0.134, 316.21,  0.182, 290.92,-99.000, -99.00,-99.000, -99.00,-99.000, -99.00,-99.000, -99.00,
9/5/2006 04:30:00, 11.5,275.9,  0.7,  3.3, 18.831, 29.15,  0.0,  0.0,  0.044, 318.69,  0.082, 312.04,  0.008, 203.20,  0.064, 216.69,  0.080, 267.14,  0.021, 324.78,  0.072, 125.91,  0.052, 243.92,  0.055, 309.81,  0.119, 259.82,  0.072, 271.59,  0.080, 316.52,  0.107, 299.21,  0.119, 278.20,  0.102, 342.28,  0.036, 212.35,-99.000, -99.00,-99.000, -99.00,-99.000, -99.00,-99.000, -99.00,
9/5/2006 04:35:00, 11.5,275.9,  0.7,  3.3, 18.832, 29.15,  0.0,  0.0,  0.067, 282.99,  0.057, 222.88,  0.119, 240.85,  0.111, 275.71,  0.081, 280.62,  0.042,  30.26,  0.040, 259.82,  0.056,  28.86,  0.114, 342.04,  0.042, 225.97,  0.080, 247.27,  0.103, 258.25,  0.149, 321.82,  0.158, 291.53,  0.072, 281.15,  0.086, 227.37,-99.000, -99.00,-99.000, -99.00,-99.000, -99.00,-99.000, -99.00,
9/5/2006 04:40:00, 11.5,275.8,  0.7,  3.4, 18.831, 29.15,  0.0,  0.0,  0.031,  78.69,  0.037, 210.70,  0.132, 287.61,  0.035, 235.41,  0.044, 276.48,  0.110, 296.33,  0.069, 284.24,  0.086, 331.65,  0.119, 297.65,  0.135, 307.46,  0.121, 287.24,  0.130, 262.06,  0.181, 251.26,  0.229, 280.08,  0.174, 310.82,  0.127, 258.69,-99.000, -99.00,-99.000, -99.00,-99.000, -99.00,-99.000, -99.00,
9/5/2006 04:45:00, 11.5,275.9,  0.7,  3.3, 18.832, 29.15,  0.0,  0.0,  0.045, 235.95,  0.075, 179.24,  0.154, 197.73,  0.117, 293.71,  0.035,  75.17,  0.022, 324.16,  0.061, 167.77,  0.047, 268.78,  0.071, 285.61,  0.092, 257.47,  0.106, 260.80,  0.090, 294.29,  0.110, 319.06,  0.118, 280.74,  0.131, 289.13,  0.049, 253.41,-99.000, -99.00,-99.000, -99.00,-99.000, -99.00,-99.000, -99.00,
9/5/2006 04:50:00, 11.5,275.8,  0.7,  3.3, 18.835, 29.15,  0.0,  0.0,  0.071, 295.84,  0.066, 193.19,  0.058, 236.31,  0.102, 185.04,  0.094, 226.29,  0.127, 198.29,  0.056, 204.27,  0.080, 226.52,  0.081, 218.99,  0.057, 139.29,  0.032, 150.26,  0.127, 274.95,  0.099, 264.81,  0.133, 280.80,  0.120, 286.93,  0.129, 260.61,-99.000, -99.00,-99.000, -99.00,-99.000, -99.00,-99.000, -99.00,
9/5/2006 04:55:00, 11.5,275.8,  0.7,  3.3, 18.841, 29.15,  0.0,  0.0,  0.049, 219.21,  0.076, 217.48,  0.114, 208.81,  0.113, 210.18,  0.071,  52.48,  0.044, 214.78,  0.088, 277.21,  0.228, 278.84,  0.137, 288.70,  0.033, 271.74,  0.035,  91.64,  0.085, 287.80,  0.118, 345.73,  0.091, 316.79,  0.019, 308.66,  0.121, 252.16,-99.000, -99.00,-99.000, -99.00,-99.000, -99.00,-99.000, -99.00,
9/5/2006 05:00:00, 11.5,275.8,  0.7,  3.3, 18.843, 29.15,  0.0,  0.0,  0.079, 205.59,  0.063, 101.84,  0.099, 231.97,  0.096, 214.35,  0.131, 197.33,  0.071, 244.89,  0.164, 177.90,  0.130, 137.49,  0.060, 155.16,  0.048, 231.71,  0.023, 175.03,  0.048, 231.71,  0.067, 249.94,  0.059, 273.88,  0.112, 281.81,  0.152, 264.33,-99.000, -99.00,-99.000, -99.00,-99.000, -99.00,-99.000, -99.00,
9/5/2006 05:05:00, 11.5,275.8,  0.7,  3.3, 18.836, 29.14,  0.0,  0.0,  0.086, 135.00,  0.067, 168.86,  0.123, 194.60,  0.130, 199.27,  0.041, 195.75,  0.140, 187.38,  0.072, 173.66,  0.027, 276.34,  0.080, 206.89,  0.085, 246.45,  0.087, 263.37,  0.029, 264.09,  0.063, 307.23,  0.043, 178.67,  0.074, 298.98,  0.041, 223.03,-99.000, -99.00,-99.000, -99.00,-99.000, -99.00,-99.000, -99.00,
9/5/2006 05:10:00, 11.5,275.9,  0.7,  3.4, 18.835, 29.14,  0.0,  0.0,  0.124, 133.70,  0.102, 151.16,  0.120, 199.49,  0.119, 227.73,  0.063, 182.73,  0.058, 180.00,  0.021, 165.96,  0.046, 132.36,  0.075, 181.53,  0.042,  95.44,  0.105, 117.30,  0.079, 104.74,  0.048, 140.04,  0.025, 353.16,  0.051,  83.29,  0.068, 243.81,-99.000, -99.00,-99.000, -99.00,-99.000, -99.00,-99.000, -99.00,
9/5/2006 05:15:00, 11.5,275.9,  0.7,  3.4, 18.843, 29.14,  0.0,  0.0,  0.037, 214.11,  0.106, 194.17,  0.229, 207.01,  0.108, 203.48,  0.106, 183.24,  0.114, 192.20,  0.147, 171.76,  0.124, 210.49,  0.119, 233.90,  0.088, 190.42,  0.060, 143.13,  0.022, 272.60,  0.057, 268.99,  0.102, 268.88,  0.097, 286.19,  0.059, 199.98,-99.000, -99.00,-99.000, -99.00,-99.000, -99.00,-99.000, -99.00,
9/5/2006 05:20:00, 11.5,275.8,  0.7,  3.3, 18.845, 29.12,  0.0,  0.0,  0.118, 237.12,  0.178, 242.14,  0.115, 200.32,  0.094, 189.16,  0.064, 203.78,  0.090, 215.98,  0.134, 191.23,  0.063, 206.57,  0.083, 141.88,  0.064, 116.16,  0.043, 185.31,  0.045, 281.56,  0.142, 316.42,  0.096, 298.71,  0.120, 315.00,  0.052, 268.90,-99.000, -99.00,-99.000, -99.00,-99.000, -99.00,-99.000, -99.00,
9/5/2006 05:25:00, 11.5,275.8,  0.7,  3.3, 18.848, 29.10,  0.0,  0.0,  0.109, 307.92,  0.195, 252.68,  0.100, 243.95,  0.127, 244.44,  0.142, 218.41,  0.108, 247.71,  0.069, 268.34,  0.153, 247.29,  0.158, 289.24,  0.242, 280.94,  0.210, 282.65,  0.120, 255.96,  0.235, 283.56,  0.130, 318.73,  0.207, 314.02,  0.128, 334.04,-99.000, -99.00,-99.000, -99.00,-99.000, -99.00,-99.000, -99.00,
9/5/2006 05:30:00, 11.5,275.8,  0.7,  3.4, 18.849, 29.08,  0.0,  0.0,  0.043, 330.42,  0.102, 251.03,  0.148, 232.13,  0.067, 249.15,  0.074, 203.10,  0.120, 197.53,  0.139, 214.15,  0.155, 246.41,  0.066, 255.12,  0.067, 339.94,  0.076,  78.69,  0.022,  84.81,  0.073, 338.34,  0.079,  27.22,  0.077, 305.54,  0.096,   0.60,-99.000, -99.00,-99.000, -99.00,-99.000, -99.00,-99.000, -99.00,
9/5/2006 05:35:00, 11.5,275.9,  0.7,  3.3, 18.859, 29.07,  0.0,  0.0,  0.041, 357.21,  0.096, 302.20,  0.089, 244.59,  0.183, 246.51,  0.105, 272.18,  0.137, 211.61,  0.073, 284.98,  0.110, 295.40,  0.022, 174.81,  0.060, 235.78,  0.022, 329.93,  0.177, 321.90,  0.204, 294.05,  0.113, 292.46,  0.048,  81.53,  0.107,  91.07,-99.000, -99.00,-99.000, -99.00,-99.000, -99.00,-99.000, -99.00,
9/5/2006 05:40:00, 11.5,275.8,  0.7,  3.4, 18.864, 29.07,  0.0,  0.0,  0.052, 315.78,  0.093, 332.33,  0.062, 202.83,  0.036, 263.66,  0.015, 254.05,  0.091, 303.34,  0.075, 352.30,  0.098, 243.96,  0.089, 237.38,  0.139, 270.41,  0.072, 319.48,  0.072, 309.40,  0.101, 270.00,  0.030, 226.33,  0.027,  87.88,  0.153, 109.50,-99.000, -99.00,-99.000, -99.00,-99.000, -99.00,-99.000, -99.00,
9/5/2006 05:45:00, 11.5,275.9,  0.7,  3.3, 18.866, 29.07,  0.0,  0.0,  0.074, 358.45,  0.065, 356.48,  0.094, 153.43,  0.056, 240.26,  0.099, 267.11,  0.116, 284.52,  0.108, 290.62,  0.143, 238.42,  0.148, 265.36,  0.147, 291.15,  0.086, 257.91,  0.030, 242.59,  0.059, 119.62,  0.069, 140.30,  0.058, 145.49,  0.130, 142.51,-99.000, -99.00,-99.000, -99.00,-99.000, -99.00,-99.000, -99.00,
9/5/2006 05:50:00, 11.5,275.8,  0.7,  3.3, 18.866, 29.07,  0.0,  0.0,  0.072, 111.95,  0.046,  58.39,  0.064, 208.97,  0.157, 151.97,  0.032, 163.81,  0.123, 219.39,  0.111, 173.26,  0.110, 160.91,  0.167, 238.68,  0.166, 223.29,  0.116, 200.15,  0.171, 147.14,  0.163, 189.17,  0.107, 218.91,  0.131, 163.64,  0.176, 135.69,-99.000, -99.00,-99.000, -99.00,-99.000, -99.00,-99.000, -99.00,
9/5/2006 05:55:00, 11.5,275.8,  0.7,  3.3, 18.866, 29.08,  0.0,  0.0,  0.011, 311.19,  0.063, 290.45,  0.106, 315.76,  0.134, 346.59,  0.049, 338.63,  0.083, 308.66,  0.074, 286.48,  0.061,  45.00,  0.072, 313.88,  0.048, 305.68,  0.041, 276.95,  0.052, 200.17,  0.137, 133.52,  0.104, 229.70,  0.065, 131.27,  0.040, 162.47,-99.000, -99.00,-99.000, -99.00,-99.000, -99.00,-99.000, -99.00,
9/5/2006 06:00:00, 11.5,275.9,  0.7,  3.3, 18.858, 29.09,  0.0,  0.0,  0.140, 290.89,  0.093, 313.69,  0.099, 358.26,  0.082, 345.96,  0.032,   0.00,  0.163, 235.24,  0.099, 308.84,  0.062, 275.53,  0.070, 252.60,  0.080, 293.67,  0.057, 261.87,  0.072, 271.59,  0.096, 214.35,  0.079, 181.45,  0.079, 179.27,  0.191, 189.66,-99.000, -99.00,-99.000, -99.00,-99.000, -99.00,-99.000, -99.00,
9/5/2006 06:05:00, 11.5,275.8,  0.7,  3.3, 18.855, 29.09,  0.0,  0.0,  0.078, 359.27,  0.023, 272.49,  0.068, 269.16,  0.041, 274.18,  0.098, 321.61,  0.083, 298.72,  0.180, 257.82,  0.137, 278.37,  0.015, 273.81,  0.100, 270.57,  0.102, 272.25,  0.040, 290.73,  0.050, 164.85,  0.118, 284.74,  0.067, 283.83,  0.148, 211.43,-99.000, -99.00,-99.000, -99.00,-99.000, -99.00,-99.000, -99.00,
9/5/2006 06:10:00, 11.5,275.9,  0.7,  3.3, 18.852, 29.10,  0.0,  0.0,  0.085, 336.45,  0.084, 286.50,  0.060,  29.15,  0.089, 290.48,  0.057, 314.29,  0.173, 307.27,  0.189, 307.05,  0.137, 299.38,  0.140, 296.20,  0.209, 289.56,  0.158, 301.58,  0.207, 312.26,  0.087, 319.69,  0.070, 308.66,  0.036, 289.44,  0.127, 233.31,-99.000, -99.00,-99.000, -99.00,-99.000, -99.00,-99.000, -99.00,
9/5/2006 06:15:00, 11.5,275.8,  0.7,  3.3, 18.854, 29.10,  0.0,  0.0,  0.109,   3.67,  0.196, 321.61,  0.124, 348.87,  0.060, 346.43,  0.079, 298.84,  0.092, 264.41,  0.149, 283.94,  0.133, 297.34,  0.133, 255.23,  0.127, 275.89,  0.114, 252.20,  0.040, 280.18,  0.079, 326.92,  0.126, 309.51,  0.079, 310.36,  0.128, 217.41,-99.000, -99.00,-99.000, -99.00,-99.000, -99.00,-99.000, -99.00,
9/5/2006 06:20:00, 11.5,275.8,  0.7,  3.4, 18.848, 29.10,  0.0,  0.0,  0.144, 298.71,  0.085, 327.43,  0.122, 347.68,  0.079, 320.66,  0.106, 316.53,  0.108, 283.91,  0.157, 276.94,  0.093, 290.19,  0.157, 288.55,  0.165, 286.23,  0.144, 308.22,  0.111, 313.18,  0.155, 287.27,  0.119, 300.22,  0.155, 286.91,  0.102, 243.69,-99.000, -99.00,-99.000, -99.00,-99.000, -99.00,-99.000, -99.00,
9/5/2006 06:25:00, 11.5,275.9,  0.7,  3.4, 18.857, 29.10,  0.0,  0.0,  0.170, 332.23,  0.083, 316.94,  0.184, 324.06,  0.142, 308.41,  0.098, 270.58,  0.086, 315.94,  0.128, 297.97,  0.124, 261.22,  0.142, 272.02,  0.179, 298.71,  0.192, 289.19,  0.151, 284.96,  0.124, 263.51,  0.077, 296.23,  0.140, 292.71,  0.135, 234.07,-99.000, -99.00,-99.000, -99.00,-99.000, -99.00,-99.000, -99.00,
9/5/2006 06:30:00, 11.5,275.8,  0.7,  3.3, 18.852, 29.11,  0.0,  0.0,  0.119, 352.76,  0.137, 317.95,  0.123, 343.48,  0.079, 356.38,  0.161, 316.01,  0.194, 308.52,  0.197, 294.23,  0.129, 288.01,  0.172, 297.31,  0.151, 287.35,  0.196, 289.08,  0.169, 268.31,  0.143, 267.20,  0.105, 277.67,  0.136, 298.44,  0.066, 177.40,-99.000, -99.00,-99.000, -99.00,-99.000, -99.00,-99.000, -99.00,
9/5/2006 06:35:00, 11.5,275.9,  0.7,  3.3, 18.851, 29.11,  0.0,  0.0,  0.148, 332.22,  0.113, 331.39,  0.039, 274.40,  0.179, 322.94,  0.210, 290.94,  0.165, 318.19,  0.183, 249.88,  0.185, 260.03,  0.230, 271.99,  0.139, 288.96,  0.165, 300.13,  0.213, 303.69,  0.146, 307.18,  0.113, 293.40,  0.061, 268.12,  0.076, 202.50,-99.000, -99.00,-99.000, -99.00,-99.000, -99.00,-99.000, -99.00,
9/5/2006 06:40:00, 11.5,276.0,  0.7,  3.4, 18.845, 29.12,  0.0,  0.0,  0.136, 348.11,  0.091, 266.86,  0.169, 307.55,  0.128, 273.58,  0.256, 258.73,  0.258, 270.89,  0.299, 285.89,  0.203, 273.10,  0.219, 284.80,  0.140, 274.49,  0.170, 264.59,  0.144, 290.32,  0.061, 288.14,  0.069, 274.97,  0.153, 315.79,  0.106, 272.16,-99.000, -99.00,-99.000, -99.00,-99.000, -99.00,-99.000, -99.00,
9/5/2006 06:45:00, 11.5,275.7,  0.7,  3.3, 18.844, 29.12,  0.0,  0.0,  0.123, 340.53,  0.117, 338.93,  0.188, 292.48,  0.087, 291.56,  0.086, 324.46,  0.095, 297.65,  0.183, 279.77,  0.269, 274.69,  0.146, 261.70,  0.110, 274.68,  0.191, 282.72,  0.158, 295.43,  0.084, 291.04,  0.080, 320.10,  0.082, 301.56,  0.127, 255.85,-99.000, -99.00,-99.000, -99.00,-99.000, -99.00,-99.000, -99.00,
9/5/2006 06:50:00, 11.5,275.9,  0.7,  3.4, 18.841, 29.13,  0.0,  0.0,  0.094, 282.86,  0.111,   0.00,  0.134, 292.36,  0.089, 286.39,  0.124, 261.67,  0.063, 278.26,  0.112, 297.02,  0.121, 329.85,  0.152, 307.78,  0.139, 281.23,  0.139, 291.57,  0.196, 298.66,  0.111, 281.92,  0.124, 282.58,  0.226, 302.92,  0.177, 253.92,-99.000, -99.00,-99.000, -99.00,-99.000, -99.00,-99.000, -99.00,
9/5/2006 06:55:00, 11.5,275.9,  0.7,  3.3, 18.840, 29.13,  0.0,  0.0,  0.104, 323.24,  0.120, 342.47,  0.087, 266.05,  0.148, 348.69,  0.067, 300.38,  0.057, 329.38,  0.100, 282.09,  0.133, 307.99,  0.162, 278.88,  0.190, 277.57,  0.203, 280.20,  0.203, 274.53,  0.209, 270.00,  0.191, 260.64,  0.263, 268.48,  0.206, 280.93,-99.000, -99.00,-99.000, -99.00,-99.000, -99.00,-99.000, -99.00,
9/5/2006 07:00:00, 11.5,275.9,  0.7,  3.4, 18.839, 29.13,  0.0,  0.0,  0.074, 340.35,  0.086, 324.46,  0.203, 296.69,  0.059, 303.15,  0.185, 280.58,  0.090, 282.80,  0.144, 290.32,  0.133, 270.86,  0.126, 271.36,  0.207, 268.89,  0.192, 272.39,  0.216, 262.02,  0.182, 287.24,  0.230, 282.58,  0.241, 290.39,  0.176, 265.10,-99.000, -99.00,-99.000, -99.00,-99.000, -99.00,-99.000, -99.00,
9/5/2006 07:05:00, 11.5,275.9,  0.7,  3.3, 18.842, 29.13,  0.0,  0.0,  0.145, 303.47,  0.118, 293.96,  0.163, 291.54,  0.119, 304.76,  0.208, 280.23,  0.243, 280.20,  0.151, 293.35,  0.196, 294.73,  0.136, 296.75,  0.190, 276.94,  0.215, 281.00,  0.242, 296.46,  0.137, 289.23,  0.222, 270.00,  0.168, 272.39,  0.075, 250.60,-99.000, -99.00,-99.000, -99.00,-99.000, -99.00,-99.000, -99.00,
9/5/2006 07:10:00, 11.5,275.8,  0.7,  3.3, 18.847, 29.14,  0.0,  0.0,  0.076,   0.75,  0.087, 290.94,  0.094, 336.16,  0.164, 332.34,  0.125, 341.85,  0.161, 305.17,  0.131, 304.78,  0.159, 291.40,  0.170, 280.18,  0.114, 271.51,  0.120, 270.00,  0.166, 284.29,  0.223, 282.67,  0.169, 300.21,  0.212, 287.58,  0.181, 246.55,-99.000, -99.00,-99.000, -99.00,-99.000, -99.00,-99.000, -99.00,
9/5/2006 07:15:00, 11.5,275.9,  0.7,  3.3, 18.840, 29.13,  0.0,  0.0,  0.218, 321.71,  0.126, 303.06,  0.202, 316.01,  0.195, 307.69,  0.156, 287.51,  0.195, 275.59,  0.255, 290.42,  0.264, 284.72,  0.223, 291.04,  0.143, 265.17,  0.156, 260.42,  0.125, 291.63,  0.114, 301.05,  0.121, 286.79,  0.108, 305.17,  0.148, 258.69,-99.000, -99.00,-99.000, -99.00,-99.000, -99.00,-99.000, -99.00,
9/5/2006 07:20:00, 11.5,275.9,  0.7,  3.3, 18.827, 29.13,  0.0,  0.0,  0.124, 341.13,  0.097, 294.44,  0.165, 278.03,  0.202, 277.69,  0.182, 276.62,  0.048, 278.47,  0.109, 285.95,  0.203, 268.87,  0.154, 287.02,  0.173, 282.99,  0.277, 294.34,  0.163, 315.25,  0.092, 316.76,  0.114, 309.68,  0.191, 299.52,  0.116, 276.94,-99.000, -99.00,-99.000, -99.00,-99.000, -99.00,-99.000, -99.00,
9/5/2006 07:25:00, 11.5,275.9,  0.7,  3.3, 18.828, 29.13,  0.0,  0.0,  0.180, 310.95,  0.073, 322.19,  0.110, 267.40,  0.152, 277.92,  0.172, 299.99,  0.214, 299.45,  0.150, 257.26,  0.115, 288.75,  0.175, 281.18,  0.164, 280.56,  0.200, 280.36,  0.140, 268.77,  0.129, 253.39,  0.198, 261.58,  0.156, 284.84,  0.186, 274.94,-99.000, -99.00,-99.000, -99.00,-99.000, -99.00,-99.000, -99.00,
9/5/2006 07:30:00, 11.5,275.8,  0.7,  3.3, 18.825, 29.13,  0.0,  0.0,  0.155, 286.45,  0.100, 287.53,  0.120, 302.36,  0.191, 283.60,  0.217, 312.38,  0.175, 294.36,  0.271, 306.74,  0.213, 288.09,  0.162, 302.42,  0.241, 302.43,  0.244, 285.46,  0.292, 301.84,  0.369, 287.16,  0.271, 287.16,  0.205, 284.99,  0.150, 304.65,-99.000, -99.00,-99.000, -99.00,-99.000, -99.00,-99.000, -99.00,
9/5/2006 07:35:00, 11.5,275.9,  0.7,  3.3, 18.825, 29.13,  0.0,  0.0,  0.175, 274.25,  0.192, 314.58,  0.158, 307.02,  0.186, 306.25,  0.220, 304.27,  0.242, 305.92,  0.207, 305.15,  0.221, 312.80,  0.213, 297.65,  0.243, 280.43,  0.209, 274.67,  0.284, 281.59,  0.250, 284.37,  0.284, 292.59,  0.303, 291.66,  0.137, 251.70,-99.000, -99.00,-99.000, -99.00,-99.000, -99.00,-99.000, -99.00,
9/5/2006 07:40:00, 11.5,275.7,  0.7,  3.3, 18.802, 29.13,  0.0,  0.0,  0.203, 317.99,  0.157, 326.72,  0.131, 333.82,  0.163, 332.18,  0.190, 318.84,  0.144, 283.65,  0.231, 283.80,  0.136, 308.13,  0.243, 289.70,  0.218, 287.10,  0.266, 284.14,  0.258, 276.24,  0.237, 249.73,  0.186, 265.67,  0.158, 273.62,  0.156, 265.97,-99.000, -99.00,-99.000, -99.00,-99.000, -99.00,-99.000, -99.00,
9/5/2006 07:45:00, 11.5,275.8,  0.7,  3.3, 18.808, 29.13,  0.0,  0.0,  0.151, 317.96,  0.222, 340.50,  0.098, 331.86,  0.166, 306.94,  0.202, 317.61,  0.170, 301.08,  0.173, 325.12,  0.220, 314.45,  0.187, 311.53,  0.261, 305.82,  0.243, 297.41,  0.239, 278.67,  0.304, 275.86,  0.243, 275.66,  0.159, 274.32,  0.075, 247.20,-99.000, -99.00,-99.000, -99.00,-99.000, -99.00,-99.000, -99.00,
9/5/2006 07:50:00, 11.5,275.8,  0.7,  3.4, 18.806, 29.13,  0.0,  0.0,  0.223, 295.53,  0.204, 331.55,  0.254, 328.69,  0.161, 318.01,  0.208, 324.40,  0.177, 310.64,  0.114, 302.43,  0.154, 306.27,  0.166, 292.70,  0.312, 289.25,  0.220, 273.12,  0.230, 267.76,  0.236, 275.35,  0.234, 290.53,  0.315, 276.74,  0.199, 223.57,-99.000, -99.00,-99.000, -99.00,-99.000, -99.00,-99.000, -99.00,
9/5/2006 07:55:00, 11.5,275.8,  0.7,  3.3, 18.802, 29.14,  0.0,  0.0,  0.194, 356.75,  0.203, 325.22,  0.233, 326.92,  0.170, 303.97,  0.210, 325.86,  0.127, 321.06,  0.145, 300.28,  0.198, 279.32,  0.163, 282.41,  0.233, 286.96,  0.150, 289.53,  0.082, 278.43,  0.150, 253.37,  0.155, 262.97,  0.235, 287.35,  0.204, 243.81,-99.000, -99.00,-99.000, -99.00,-99.000, -99.00,-99.000, -99.00,
9/5/2006 08:00:00, 11.5,275.8,  0.7,  3.3, 18.803, 29.14,  0.0,  0.0,  0.233,   0.25,  0.150,   1.91,  0.207, 327.00,  0.243, 333.65,  0.254, 326.56,  0.229, 303.76,  0.106, 305.79,  0.222, 306.41,  0.237, 306.24,  0.267, 306.61,  0.220, 281.51,  0.227, 289.79,  0.240, 281.31,  0.222, 285.16,  0.225, 290.29,  0.195, 262.95,-99.000, -99.00,-99.000, -99.00,-99.000, -99.00,-99.000, -99.00,
9/5/2006 08:05:00, 11.5,275.8,  0.7,  3.3, 18.799, 29.14,  0.0,  0.0,  0.053, 354.61,  0.112,   0.00,  0.132, 335.38,  0.078,  47.08,  0.134, 352.72,  0.158, 318.85,  0.100, 321.87,  0.207, 303.38,  0.238, 310.05,  0.224, 300.92,  0.303, 278.53,  0.240, 296.78,  0.309, 283.86,  0.245, 274.22,  0.249, 273.22,  0.286, 230.96,-99.000, -99.00,-99.000, -99.00,-99.000, -99.00,-99.000, -99.00,
9/5/2006 08:10:00, 11.5,275.9,  0.7,  3.3, 18.792, 29.15,  0.0,  0.0,  0.117, 326.85,  0.140, 330.87,  0.156, 351.51,  0.164, 340.79,  0.163, 343.57,  0.249, 320.55,  0.224, 327.94,  0.165, 303.88,  0.239, 319.58,  0.218, 315.19,  0.199, 289.07,  0.286, 293.51,  0.216, 292.89,  0.258, 276.24,  0.158, 274.73,  0.138, 212.31,-99.000, -99.00,-99.000, -99.00,-99.000, -99.00,-99.000, -99.00,
9/5/2006 08:15:00, 11.5,275.8,  0.7,  3.3, 18.790, 29.15,  0.0,  0.0,  0.153,   2.99,  0.139, 352.16,  0.169, 346.29,  0.118, 355.64,  0.175, 323.85,  0.223, 315.00,  0.138, 314.12,  0.151, 314.19,  0.276, 298.79,  0.246, 281.26,  0.263, 278.32,  0.211, 285.95,  0.222, 284.60,  0.230, 271.74,  0.225, 260.29,  0.127, 224.36,-99.000, -99.00,-99.000, -99.00,-99.000, -99.00,-99.000, -99.00,
9/5/2006 08:20:00, 11.5,275.9,  0.7,  3.3, 18.786, 29.15,  0.0,  0.0,  0.190, 310.31,  0.177,   6.48,  0.117, 341.57,  0.100,   7.48,  0.183, 357.81,  0.198, 332.92,  0.138, 331.03,  0.221, 298.30,  0.235, 287.35,  0.212, 306.38,  0.244, 285.46,  0.221, 277.54,  0.236, 287.28,  0.218, 280.85,  0.163, 278.48,  0.141, 254.78,-99.000, -99.00,-99.000, -99.00,-99.000, -99.00,-99.000, -99.00,
9/5/2006 08:25:00, 11.5,275.8,  0.7,  3.3, 18.774, 29.15,  0.0,  0.0,  0.185, 331.22,  0.242, 335.03,  0.253,   0.00,  0.180, 351.37,  0.198,   1.74,  0.178, 349.32,  0.213, 325.71,  0.227, 323.23,  0.212, 295.11,  0.148, 302.83,  0.183, 292.79,  0.216, 286.42,  0.224, 288.19,  0.237, 286.14,  0.261, 283.98,  0.191, 248.53,-99.000, -99.00,-99.000, -99.00,-99.000, -99.00,-99.000, -99.00,
9/5/2006 08:30:00, 11.5,275.8,  0.7,  3.3, 18.778, 29.15,  0.0,  0.0,  0.043, 326.31,  0.171, 350.92,  0.229, 334.44,  0.178, 327.82,  0.158, 316.80,  0.265, 316.84,  0.214, 301.84,  0.139, 299.34,  0.104, 320.05,  0.132, 295.59,  0.162, 288.32,  0.142, 272.02,  0.201, 280.92,  0.173, 257.01,  0.215, 270.00,  0.256, 243.83,-99.000, -99.00,-99.000, -99.00,-99.000, -99.00,-99.000, -99.00,
9/5/2006 08:35:00, 11.5,275.8,  0.7,  3.3, 18.783, 29.16,  0.0,  0.0,  0.117, 357.55,  0.091, 296.85,  0.162, 344.93,  0.143, 348.69,  0.182, 327.36,  0.201, 321.07,  0.153, 309.95,  0.178, 302.35,  0.210, 283.77,  0.162, 290.22,  0.132, 266.10,  0.184, 273.73,  0.187, 266.63,  0.190, 266.39,  0.170, 289.18,  0.159, 230.89,-99.000, -99.00,-99.000, -99.00,-99.000, -99.00,-99.000, -99.00,
9/5/2006 08:40:00, 11.5,275.9,  0.7,  3.3, 18.774, 29.16,  0.0,  0.0,  0.307, 328.17,  0.137, 337.19,  0.129,   2.22,  0.112, 355.91,  0.081, 335.97,  0.082, 334.69,  0.135,   0.85,  0.149, 335.84,  0.160, 286.29,  0.072, 265.24,  0.159, 277.98,  0.169, 327.35,  0.150, 318.78,  0.205, 282.13,  0.203, 292.01,  0.132, 252.39,-99.000, -99.00,-99.000, -99.00,-99.000, -99.00,-99.000, -99.00,
9/5/2006 08:45:00, 11.5,275.8,  0.7,  3.3, 18.757, 29.16,  0.0,  0.0,  0.133, 336.12,  0.077, 313.42,  0.164, 335.15,  0.150,  21.45,  0.138, 325.04,  0.073, 333.08,  0.120, 304.09,  0.143, 307.03,  0.199, 310.32,  0.128, 315.32,  0.205, 317.76,  0.257, 297.36,  0.214, 283.78,  0.177, 275.19,  0.131, 289.13,  0.229, 243.77,-99.000, -99.00,-99.000, -99.00,-99.000, -99.00,-99.000, -99.00,
9/5/2006 08:50:00, 11.5,275.9,  0.7,  3.3, 18.757, 29.17,  0.0,  0.0,  0.084, 289.52,  0.040, 317.05,  0.107, 332.72,  0.112, 328.16,  0.035, 337.89,  0.103, 315.78,  0.134, 314.70,  0.070, 315.58,  0.084, 330.68,  0.049, 285.46,  0.092, 298.51,  0.102, 256.92,  0.095, 270.00,  0.171, 278.41,  0.134, 294.66,  0.172, 255.15,-99.000, -99.00,-99.000, -99.00,-99.000, -99.00,-99.000, -99.00,
9/5/2006 08:55:00, 11.5,275.8,  0.7,  3.3, 18.752, 29.17,  0.0,  0.0,  0.076,  20.11,  0.117, 317.43,  0.145, 306.87,  0.099, 351.87,  0.137, 343.02,  0.161, 303.10,  0.114, 276.06,  0.106, 319.99,  0.100, 272.29,  0.202, 286.10,  0.104, 274.40,  0.168, 282.71,  0.199, 289.98,  0.210, 289.47,  0.153, 309.42,  0.111, 246.67,-99.000, -99.00,-99.000, -99.00,-99.000, -99.00,-99.000, -99.00,
9/5/2006 09:00:00, 11.5,275.9,  0.7,  3.3, 18.744, 29.17,  0.0,  0.0,  0.178, 309.06,  0.122, 312.02,  0.130, 345.32,  0.136, 324.90,  0.081, 355.06,  0.107, 318.41,  0.180, 330.45,  0.198, 261.58,  0.222, 273.35,  0.240, 271.67,  0.196, 270.58,  0.167, 277.21,  0.218, 271.84,  0.146, 273.53,  0.112, 286.02,  0.175, 240.21,-99.000, -99.00,-99.000, -99.00,-99.000, -99.00,-99.000, -99.00,
9/5/2006 09:05:00, 11.5,275.8,  0.7,  3.3, 18.755, 29.18,  0.0,  0.0,  0.145, 352.09,  0.056,  85.91,  0.018, 270.00,  0.078, 298.20,  0.089,   1.29,  0.037, 271.55,  0.085, 247.07,  0.118, 283.68,  0.149, 295.02,  0.098, 295.26,  0.124, 323.22,  0.150, 274.19,  0.128, 300.58,  0.168, 302.37,  0.137, 256.88,  0.165, 250.91,-99.000, -99.00,-99.000, -99.00,-99.000, -99.00,-99.000, -99.00,
9/5/2006 09:10:00, 11.5,275.8,  0.7,  3.3, 18.753, 29.18,  0.0,  0.0,  0.023, 293.20,  0.022, 320.53,  0.057, 345.72,  0.118, 256.32,  0.059, 283.80,  0.036, 270.00,  0.077, 271.49,  0.072, 300.83,  0.122, 283.70,  0.090, 279.57,  0.093, 259.42,  0.125, 322.13,  0.181, 291.74,  0.141, 294.75,  0.151, 292.15,  0.163, 231.23,-99.000, -99.00,-99.000, -99.00,-99.000, -99.00,-99.000, -99.00,
9/5/2006 09:15:00, 11.5,275.9,  0.7,  3.3, 18.755, 29.16,  0.0,  0.0,  0.084, 201.67,  0.073, 258.07,  0.118, 352.69,  0.157, 344.10,  0.148,  19.29,  0.094, 315.43,  0.120, 347.01,  0.162, 319.74,  0.126, 327.95,  0.074, 286.48,  0.127, 293.14,  0.170, 286.08,  0.063, 287.57,  0.094, 280.47,  0.118, 278.27,  0.190, 252.23,-99.000, -99.00,-99.000, -99.00,-99.000, -99.00,-99.000, -99.00,
9/5/2006 09:20:00, 11.5,275.9,  0.7,  3.3, 18.744, 29.13,  0.0,  0.0,  0.052, 316.55,  0.005,  11.31,  0.064, 356.42,  0.058, 305.88,  0.103,  26.57,  0.184, 333.85,  0.149, 328.97,  0.091, 326.66,  0.147, 342.18,  0.155, 352.23,  0.097, 358.23,  0.192, 323.25,  0.185, 322.26,  0.188, 328.93,  0.116, 345.48,  0.120, 272.39,-99.000, -99.00,-99.000, -99.00,-99.000, -99.00,-99.000, -99.00,
9/5/2006 09:25:00, 11.5,275.9,  0.7,  3.3, 18.742, 29.10,  0.0,  0.0,  0.066, 303.93,  0.073, 266.86,  0.103, 290.36,  0.030,  25.71,  0.122, 331.54,  0.124, 312.06,  0.109, 294.92,  0.138, 322.38,  0.156, 284.84,  0.030, 271.91,  0.124, 281.67,  0.108, 293.96,  0.117, 303.83,  0.094, 311.99,  0.109, 303.40,  0.206, 242.19,-99.000, -99.00,-99.000, -99.00,-99.000, -99.00,-99.000, -99.00,
9/5/2006 09:30:00, 11.5,275.9,  0.7,  3.3, 18.727, 29.08,  0.0,  0.0,  0.036, 215.91,  0.034, 245.70,  0.101,   1.70,  0.148, 322.13,  0.098,  11.77,  0.110, 324.28,  0.170, 304.72,  0.193, 324.26,  0.177, 329.09,  0.139, 337.13,  0.107, 290.30,  0.079, 313.98,  0.118, 278.27,  0.281, 301.59,  0.178, 303.33,  0.155, 285.39,-99.000, -99.00,-99.000, -99.00,-99.000, -99.00,-99.000, -99.00,
9/5/2006 09:35:00, 11.5,275.9,  0.7,  3.3, 18.730, 29.07,  0.0,  0.0,  0.095, 248.31,  0.031, 270.00,  0.057, 305.66,  0.114, 316.78,  0.111,  17.29,  0.140, 321.98,  0.127, 301.43,  0.110, 302.39,  0.194, 325.74,  0.188, 318.01,  0.163, 312.01,  0.106, 280.89,  0.130, 312.18,  0.169, 296.26,  0.214, 284.88,  0.162, 262.57,-99.000, -99.00,-99.000, -99.00,-99.000, -99.00,-99.000, -99.00,
9/5/2006 09:40:00, 11.5,275.9,  0.7,  3.3, 18.721, 29.06,  0.0,  0.0,  0.055, 108.10,  0.072, 328.08,  0.079,   8.75,  0.064, 334.23,  0.114, 313.22,  0.109, 326.60,  0.034, 353.29,  0.063, 341.57,  0.118, 321.19,  0.121, 331.31,  0.188, 330.29,  0.055, 334.36,  0.091, 318.11,  0.039, 261.25,  0.163, 280.27,  0.216, 270.00,-99.000, -99.00,-99.000, -99.00,-99.000, -99.00,-99.000, -99.00,
9/5/2006 09:45:00, 11.5,275.8,  0.7,  3.3, 18.712, 29.06,  0.0,  0.0,  0.044, 162.80,  0.121, 210.80,  0.122, 314.33,  0.039,  16.56,  0.057, 311.47,  0.116, 320.26,  0.141, 355.94,  0.119, 294.84,  0.132, 337.31,  0.193, 328.37,  0.105, 331.00,  0.050, 300.17,  0.061, 322.37,  0.190, 255.09,  0.093, 240.95,  0.138, 268.75,-99.000, -99.00,-99.000, -99.00,-99.000, -99.00,-99.000, -99.00,
9/5/2006 09:50:00, 11.5,275.8,  0.6,  3.3, 18.717, 29.06,  0.0,  0.0,  0.061, 308.37,  0.057, 245.22,  0.094, 322.77,  0.158, 312.95,  0.083, 291.29,  0.066, 334.98,  0.102, 307.43,  0.107, 340.38,  0.084, 329.15,  0.118,   1.46,  0.041,  27.82,  0.116, 271.48,  0.055, 203.75,  0.066, 298.12,  0.121, 262.87,  0.207, 245.78,-99.000, -99.00,-99.000, -99.00,-99.000, -99.00,-99.000, -99.00,
9/5/2006 09:55:00, 11.5,275.8,  0.7,  3.3, 18.708, 29.06,  0.0,  0.0,  0.054, 135.74,  0.140, 191.55,  0.036, 279.73,  0.157, 299.02,  0.108, 340.56,  0.113, 321.10,  0.152, 340.85,  0.145, 324.23,  0.148, 300.03,  0.097, 292.35,  0.176, 300.35,  0.151, 298.43,  0.143, 311.60,  0.140, 316.16,  0.169, 301.72,  0.152, 259.80,-99.000, -99.00,-99.000, -99.00,-99.000, -99.00,-99.000, -99.00,
9/5/2006 10:00:00, 11.5,275.8,  0.7,  3.3, 18.709, 29.06,  0.0,  0.0,  0.021,  90.00,  0.030, 291.45,  0.065, 301.72,  0.085, 334.04,  0.092, 317.64,  0.067, 269.14,  0.090, 319.05,  0.133, 320.19,  0.136, 340.23,  0.054, 340.56,  0.128, 358.21,  0.091, 319.47,  0.135, 312.30,  0.200, 298.36,  0.162, 282.84,  0.195, 240.15,-99.000, -99.00,-99.000, -99.00,-99.000, -99.00,-99.000, -99.00,
9/5/2006 10:05:00, 11.5,275.8,  0.7,  3.3, 18.704, 29.07,  0.0,  0.0,  0.066, 201.16,  0.115, 242.54,  0.114, 230.71,  0.065, 326.31,  0.098, 335.27,  0.120, 340.51,  0.093, 304.54,  0.090,  27.70,  0.039, 325.49,  0.075, 329.69,  0.085, 309.29,  0.154, 301.22,  0.138, 296.19,  0.130, 268.24,  0.067, 259.70,  0.127, 249.71,-99.000, -99.00,-99.000, -99.00,-99.000, -99.00,-99.000, -99.00,
9/5/2006 10:10:00, 11.5,275.7,  0.7,  3.3, 18.704, 29.07,  0.0,  0.0,  0.105, 132.68,  0.157, 169.34,  0.052, 194.57,  0.079, 327.92,  0.092, 321.15,  0.135, 284.55,  0.153, 326.73,  0.135, 323.72,  0.072,  10.38,  0.165, 295.16,  0.161, 297.84,  0.097, 291.25,  0.078, 258.11,  0.145, 260.47,  0.168, 286.93,  0.186, 276.17,-99.000, -99.00,-99.000, -99.00,-99.000, -99.00,-99.000, -99.00,
9/5/2006 10:15:00, 11.5,275.9,  0.7,  3.3, 18.697, 29.07,  0.0,  0.0,  0.127, 134.68,  0.023, 115.46,  0.041, 171.67,  0.023,  59.04,  0.142, 325.30,  0.091, 317.22,  0.077, 289.60,  0.038, 221.76,  0.085, 289.29,  0.090, 307.76,  0.049, 302.38,  0.101, 323.47,  0.067, 281.14,  0.043, 338.20,  0.039, 278.75,  0.197, 231.39,-99.000, -99.00,-99.000, -99.00,-99.000, -99.00,-99.000, -99.00,
9/5/2006 10:20:00, 11.5,275.9,  0.7,  3.3, 18.687, 29.08,  0.0,  0.0,  0.083, 129.63,  0.061, 210.80,  0.083, 263.81,  0.036, 303.69,  0.086, 265.35,  0.055, 323.13,  0.113, 341.40,  0.149,  12.36,  0.109, 303.40,  0.076, 315.00,  0.116, 323.03,  0.153, 294.38,  0.075, 247.20,  0.120, 288.89,  0.167, 284.53,  0.195, 226.46,-99.000, -99.00,-99.000, -99.00,-99.000, -99.00,-99.000, -99.00,
9/5/2006 10:25:00, 11.5,275.8,  0.7,  3.3, 18.693, 29.08,  0.0,  0.0,  0.077, 120.58,  0.072, 272.39,  0.079,  95.78,  0.123, 166.87,  0.002,  26.57,  0.092, 328.39,  0.099, 331.11,  0.035,  36.87,  0.078, 325.91,  0.045, 303.34,  0.086, 282.75,  0.079, 276.58,  0.116, 258.59,  0.117, 259.17,  0.134, 274.69,  0.126, 224.36,-99.000, -99.00,-99.000, -99.00,-99.000, -99.00,-99.000, -99.00,
9/5/2006 10:30:00, 11.5,275.9,  0.7,  3.3, 18.675, 29.08,  0.0,  0.0,  0.080, 144.13,  0.065, 156.57,  0.110, 173.72,  0.053, 280.89,  0.005, 306.87,  0.065,  25.39,  0.085, 269.33,  0.146, 325.33,  0.042, 344.98,  0.082, 315.00,  0.069,  24.72,  0.054, 355.76,  0.113, 248.20,  0.120, 237.89,  0.088, 226.85,  0.164, 227.73,-99.000, -99.00,-99.000, -99.00,-99.000, -99.00,-99.000, -99.00,
9/5/2006 10:35:00, 11.5,275.8,  0.7,  3.3, 18.673, 29.09,  0.0,  0.0,  0.169, 132.84,  0.072, 155.22,  0.047, 187.28,  0.096, 153.97,  0.083, 126.18,  0.056,  51.50,  0.049, 305.94,  0.043, 255.32,  0.032, 286.19,  0.118, 306.38,  0.058, 272.96,  0.070, 268.36,  0.143, 250.43,  0.157, 274.76,  0.122, 292.58,  0.151, 244.45,-99.000, -99.00,-99.000, -99.00,-99.000, -99.00,-99.000, -99.00,
9/5/2006 10:40:00, 11.5,275.9,  0.7,  3.3, 18.665, 29.09,  0.0,  0.0,  0.108, 160.56,  0.111,  97.77,  0.076, 160.85,  0.050, 183.43,  0.021, 259.22,  0.036, 358.41,  0.043, 319.69,  0.043, 307.41,  0.104, 340.87,  0.075,  21.09,  0.076, 337.50,  0.090, 337.14,  0.062,  11.13,  0.074, 273.87,  0.033,  10.62,  0.064, 209.74,-99.000, -99.00,-99.000, -99.00,-99.000, -99.00,-99.000, -99.00,
9/5/2006 10:45:00, 11.5,275.8,  0.7,  3.3, 18.670, 29.08,  0.0,  0.0,  0.057, 129.29,  0.196, 115.39,  0.095, 121.17,  0.095,  94.81,  0.043, 224.06,  0.137, 243.06,  0.103, 291.60,  0.152,  13.67,  0.034,  11.98,  0.031,  67.52,  0.094, 354.53,  0.025, 328.24,  0.048, 316.68,  0.067, 301.55,  0.120, 282.53,  0.212, 247.80,-99.000, -99.00,-99.000, -99.00,-99.000, -99.00,-99.000, -99.00,
9/5/2006 10:50:00, 11.5,275.8,  0.7,  3.3, 18.657, 29.08,  0.0,  0.0,  0.201, 114.66,  0.135, 125.93,  0.090, 162.57,  0.075, 128.54,  0.147, 167.01,  0.046, 206.00,  0.081, 291.80,  0.071, 253.61,  0.070,   5.71,  0.113, 326.17,  0.035, 323.13,  0.091, 332.59,  0.071, 288.18,  0.091, 252.16,  0.113, 250.28,  0.154, 221.05,-99.000, -99.00,-99.000, -99.00,-99.000, -99.00,-99.000, -99.00,
9/5/2006 10:55:00, 11.5,275.8,  0.7,  3.3, 18.662, 29.07,  0.0,  0.0,  0.165, 101.51,  0.205, 160.33,  0.037, 132.80,  0.157, 153.92,  0.096, 161.75,  0.076, 128.07,  0.042, 276.79,  0.052, 197.74,  0.057, 212.86,  0.065, 281.48,  0.037, 271.55,  0.070, 245.62,  0.084, 321.77,  0.100, 308.13,  0.117, 291.07,  0.119, 221.59,-99.000, -99.00,-99.000, -99.00,-99.000, -99.00,-99.000, -99.00,
9/5/2006 11:00:00, 11.5,275.9,  0.7,  3.3, 18.664, 29.07,  0.0,  0.0,  0.141, 134.14,  0.244, 118.67,  0.080, 149.90,  0.067, 120.38,  0.081, 121.93,  0.029,  80.22,  0.060, 224.33,  0.055, 156.25,  0.057, 287.47,  0.046, 256.26,  0.033, 178.26,  0.062, 175.39,  0.060, 343.66,  0.059, 284.74,  0.159, 298.50,  0.160, 239.10,-99.000, -99.00,-99.000, -99.00,-99.000, -99.00,-99.000, -99.00,
9/5/2006 11:05:00, 11.5,275.9,  0.7,  3.3, 18.652, 29.07,  0.0,  0.0,  0.236, 123.96,  0.205, 122.45,  0.155, 138.92,  0.107, 159.70,  0.143, 159.54,  0.016, 183.58,  0.019, 176.99,  0.096, 300.86,  0.160, 354.61,  0.180, 301.40,  0.087, 285.31,  0.050, 344.85,  0.040,  46.01,  0.113, 284.90,  0.073, 275.48,  0.122, 227.66,-99.000, -99.00,-99.000, -99.00,-99.000, -99.00,-99.000, -99.00,
9/5/2006 11:10:00, 11.5,275.9,  0.7,  3.3, 18.652, 29.08,  0.0,  0.0,  0.136, 138.58,  0.117, 134.65,  0.097, 126.16,  0.142, 121.79,  0.121, 136.01,  0.160, 150.08,  0.099, 140.71,  0.068, 247.57,  0.103, 311.45,  0.021, 305.22,  0.044, 288.43,  0.049, 290.28,  0.039, 309.81,  0.110, 324.28,  0.098, 306.29,  0.163, 264.71,-99.000, -99.00,-99.000, -99.00,-99.000, -99.00,-99.000, -99.00,
9/5/2006 11:15:00, 11.5,275.9,  0.7,  3.3, 18.656, 29.08,  0.0,  0.0,  0.132,  86.10,  0.217, 138.74,  0.136, 111.49,  0.184, 163.63,  0.141, 147.44,  0.087, 149.04,  0.057, 319.29,  0.035,  13.24,  0.046, 296.00,  0.100, 321.87,  0.090, 330.57,  0.115,   6.01,  0.069, 340.51,  0.022,  13.39,  0.098, 355.91,  0.088, 255.49,-99.000, -99.00,-99.000, -99.00,-99.000, -99.00,-99.000, -99.00,
9/5/2006 11:20:00, 11.5,275.9,  0.7,  3.3, 18.654, 29.08,  0.0,  0.0,  0.304, 131.13,  0.176, 131.55,  0.206, 131.05,  0.211, 129.81,  0.153, 129.42,  0.156,  92.94,  0.019, 341.57,  0.072, 250.56,  0.077, 303.90,  0.063, 353.66,  0.121, 339.78,  0.086,   3.33,  0.008, 255.96,  0.023, 162.35,  0.040, 200.73,  0.126, 209.41,-99.000, -99.00,-99.000, -99.00,-99.000, -99.00,-99.000, -99.00,
9/5/2006 11:25:00, 11.5,275.9,  0.7,  3.3, 18.654, 29.09,  0.0,  0.0,  0.279, 133.84,  0.211, 111.10,  0.203, 138.60,  0.156, 106.81,  0.130, 117.55,  0.094, 185.47,  0.083, 124.26,  0.075,  26.91,  0.054, 292.78,  0.022, 339.15,  0.025, 284.04,  0.020,  72.47,  0.057, 353.99,  0.108, 301.33,  0.077, 317.63,  0.092, 239.25,-99.000, -99.00,-99.000, -99.00,-99.000, -99.00,-99.000, -99.00,
9/5/2006 11:30:00, 11.5,275.9,  0.7,  3.3, 18.662, 29.09,  0.0,  0.0,  0.248, 129.27,  0.136, 143.05,  0.212, 142.27,  0.223, 158.15,  0.160, 161.79,  0.187, 153.98,  0.084, 174.56,  0.008, 165.96,  0.050,   3.43,  0.064, 292.14,  0.051, 164.05,  0.040, 156.61,  0.052, 132.65,  0.033, 190.62,  0.063, 308.52,  0.204, 299.71,-99.000, -99.00,-99.000, -99.00,-99.000, -99.00,-99.000, -99.00,
9/5/2006 11:35:00, 11.5,275.9,  0.7,  3.3, 18.643, 29.10,  0.0,  0.0,  0.168, 145.93,  0.127, 133.40,  0.160, 121.70,  0.145, 138.07,  0.130, 109.27,  0.064, 155.04,  0.102,  75.83,  0.039,  90.00,  0.101, 316.20,  0.085,  87.98,  0.040, 154.72,  0.028,  96.12,  0.075,  89.24,  0.039,  34.51,  0.122, 102.32,  0.083, 188.33,-99.000, -99.00,-99.000, -99.00,-99.000, -99.00,-99.000, -99.00,
9/5/2006 11:40:00, 11.5,275.9,  0.7,  3.3, 18.642, 29.11,  0.0,  0.0,  0.165, 138.19,  0.047, 122.01,  0.123, 104.60,  0.022, 180.00,  0.045, 190.30,  0.016, 169.38,  0.076,  52.98,  0.057, 100.12,  0.177, 120.19,  0.073, 128.90,  0.025,  61.39,  0.040,  78.41,  0.029, 305.31,  0.040, 311.99,  0.057, 144.93,  0.124, 175.85,-99.000, -99.00,-99.000, -99.00,-99.000, -99.00,-99.000, -99.00,
9/5/2006 11:45:00, 11.5,275.9,  0.7,  3.3, 18.632, 29.11,  0.0,  0.0,  0.132, 178.70,  0.220, 139.06,  0.145, 123.47,  0.148, 114.83,  0.083, 188.33,  0.014, 188.13,  0.084, 124.82,  0.086, 206.86,  0.001, 270.00,  0.035, 338.50,  0.050, 280.41,  0.055, 300.78,  0.059, 323.90,  0.059,   1.94,  0.031,  35.75,  0.118, 216.38,-99.000, -99.00,-99.000, -99.00,-99.000, -99.00,-99.000, -99.00,
9/5/2006 11:50:00, 11.4,275.9,  0.7,  3.3, 18.626, 29.12,  0.0,  0.0,  0.209, 129.17,  0.250, 143.77,  0.196, 136.86,  0.198, 129.07,  0.097, 148.43,  0.129, 165.21,  0.140, 146.08,  0.056, 216.25,  0.109,  49.86,  0.036, 326.31,  0.010,  45.00,  0.069, 311.50,  0.068, 295.07,  0.073, 123.91,  0.122, 142.00,  0.239, 199.04,-99.000, -99.00,-99.000, -99.00,-99.000, -99.00,-99.000, -99.00,
9/5/2006 11:55:00, 11.5,275.8,  0.7,  3.3, 18.622, 29.12,  0.0,  0.0,  0.177, 127.19,  0.128, 146.43,  0.158, 107.63,  0.102,  93.93,  0.116, 164.05,  0.087, 154.03,  0.073, 154.84,  0.044,   3.90,  0.032, 318.81,  0.033,  37.57,  0.054,  11.73,  0.076, 323.58,  0.050, 280.41,  0.028, 194.53,  0.022, 234.16,  0.074, 229.40,-99.000, -99.00,-99.000, -99.00,-99.000, -99.00,-99.000, -99.00,
9/5/2006 12:00:00, 11.4,275.9,  0.7,  3.3, 18.617, 29.13,  0.0,  0.0,  0.256, 121.08,  0.170, 134.52,  0.125, 112.66,  0.166, 102.87,  0.072,  93.97,  0.023,  39.81,  0.030, 352.41,  0.029, 243.43,  0.037, 288.92,  0.072, 299.05,  0.019, 180.00,  0.025, 106.26,  0.080,  79.95,  0.034,  64.18,  0.007, 213.69,  0.233, 178.52,-99.000, -99.00,-99.000, -99.00,-99.000, -99.00,-99.000, -99.00,
9/5/2006 12:05:00, 11.4,275.9,  0.7,  3.3, 18.619, 29.13,  0.0,  0.0,  0.142, 161.57,  0.206, 153.81,  0.142, 114.58,  0.078, 113.29,  0.049, 116.57,  0.069, 123.23,  0.090,  95.71,  0.003,  18.43,  0.032, 174.64,  0.052, 109.13,  0.109, 105.44,  0.168, 105.20,  0.062, 108.73,  0.050,  49.03,  0.045,  69.15,  0.048, 172.87,-99.000, -99.00,-99.000, -99.00,-99.000, -99.00,-99.000, -99.00,
9/5/2006 12:10:00, 11.4,275.9,  0.7,  3.3, 18.629, 29.13,  0.0,  0.0,  0.212, 137.29,  0.192, 139.01,  0.078, 135.52,  0.117, 156.93,  0.194, 123.85,  0.086, 127.93,  0.086, 145.94,  0.094, 138.47,  0.048, 177.61,  0.055, 135.00,  0.125, 123.56,  0.094, 102.86,  0.047,  85.14,  0.039, 325.49,  0.013, 112.62,  0.145, 192.79,-99.000, -99.00,-99.000, -99.00,-99.000, -99.00,-99.000, -99.00,
9/5/2006 12:15:00, 11.4,275.9,  0.7,  3.3, 18.628, 29.13,  0.0,  0.0,  0.130, 152.06,  0.077,  90.74,  0.112,  79.70,  0.090, 106.21,  0.032, 143.84,  0.120, 167.47,  0.047, 182.44,  0.057, 214.25,  0.042,  13.71,  0.069,  60.46,  0.025, 177.71,  0.086, 132.18,  0.127, 169.13,  0.101, 171.47,  0.110,  76.34,  0.071, 131.57,-99.000, -99.00,-99.000, -99.00,-99.000, -99.00,-99.000, -99.00,
9/5/2006 12:20:00, 11.4,275.9,  0.7,  3.3, 18.645, 29.13,  0.0,  0.0,  0.159, 156.66,  0.049, 171.87,  0.087, 136.40,  0.059, 136.36,  0.045,  54.90,  0.054,  74.93,  0.047, 177.56,  0.024,  34.99,  0.084, 270.68,  0.057, 252.53,  0.024, 196.93,  0.025, 191.77,  0.079, 192.45,  0.068, 159.44,  0.079, 169.11,  0.137, 208.81,-99.000, -99.00,-99.000, -99.00,-99.000, -99.00,-99.000, -99.00,
9/5/2006 12:25:00, 11.4,275.9,  0.7,  3.3, 18.628, 29.12,  0.0,  0.0,  0.114, 133.93,  0.081, 140.01,  0.081, 143.56,  0.071, 119.45,  0.010, 126.87,  0.043,  76.61,  0.104,  92.75,  0.074,  82.20,  0.015, 238.39,  0.068, 237.01,  0.064, 204.96,  0.043, 242.24,  0.092, 240.64,  0.052, 220.36,  0.022, 153.43,  0.079, 173.42,-99.000, -99.00,-99.000, -99.00,-99.000, -99.00,-99.000, -99.00,
9/5/2006 12:30:00, 11.4,275.9,  0.7,  3.3, 18.633, 29.12,  0.0,  0.0,  0.089, 111.68,  0.100, 163.74,  0.038, 308.66,  0.015,  82.41,  0.066, 333.05,  0.088,  48.69,  0.011, 322.13,  0.067, 354.88,  0.059, 343.39,  0.024,   2.39,  0.017, 334.98,  0.066, 181.74,  0.049, 183.50,  0.118, 189.30,  0.021, 169.22,  0.166, 243.59,-99.000, -99.00,-99.000, -99.00,-99.000, -99.00,-99.000, -99.00,
9/5/2006 12:35:00, 11.4,275.9,  0.7,  3.3, 18.629, 29.11,  0.0,  0.0,  0.033, 271.74,  0.104, 189.37,  0.043, 156.45,  0.049,  45.83,  0.060, 233.13,  0.029, 180.00,  0.067, 229.21,  0.034, 200.56,  0.050, 214.33,  0.080, 271.43,  0.027, 293.75,  0.087, 209.50,  0.024, 141.71,  0.045, 206.57,  0.123, 196.52,  0.219, 194.04,-99.000, -99.00,-99.000, -99.00,-99.000, -99.00,-99.000, -99.00,
9/5/2006 12:40:00, 11.4,275.9,  0.7,  3.3, 18.638, 29.10,  0.0,  0.0,  0.063,  54.04,  0.031, 321.63,  0.047,  67.29,  0.028,  43.53,  0.037, 154.13,  0.069, 227.95,  0.045, 277.59,  0.045, 330.57,  0.040, 319.09,  0.023, 311.42,  0.033, 356.53,  0.077, 296.23,  0.084, 256.95,  0.058, 152.10,  0.050, 272.29,  0.132, 214.53,-99.000, -99.00,-99.000, -99.00,-99.000, -99.00,-99.000, -99.00,
9/5/2006 12:45:00, 11.4,275.9,  0.7,  3.3, 18.643, 29.10,  0.0,  0.0,  0.120,  41.95,  0.063, 351.74,  0.088, 275.84,  0.028, 274.09,  0.019, 161.57,  0.018, 240.64,  0.087, 279.89,  0.053, 308.16,  0.015, 356.19,  0.075, 315.00,  0.108, 332.96,  0.105, 291.90,  0.075, 356.19,  0.077, 267.77,  0.075, 292.80,  0.098, 248.42,-99.000, -99.00,-99.000, -99.00,-99.000, -99.00,-99.000, -99.00,
9/5/2006 12:50:00, 11.4,276.0,  0.7,  3.3, 18.655, 29.10,  0.0,  0.0,  0.080, 350.66,  0.091, 209.67,  0.036, 273.18,  0.023,  30.96,  0.043, 270.00,  0.076, 325.68,  0.018,  90.00,  0.069, 270.00,  0.051, 308.66,  0.092, 124.38,  0.014, 233.97,  0.018, 206.57,  0.050, 153.95,  0.038, 266.99,  0.043, 307.41,  0.074, 190.10,-99.000, -99.00,-99.000, -99.00,-99.000, -99.00,-99.000, -99.00,
9/5/2006 12:55:00, 11.4,276.0,  0.7,  3.3, 18.652, 29.11,  0.0,  0.0,  0.071, 280.52,  0.113, 268.48,  0.066, 293.09,  0.039, 286.56,  0.065,  96.15,  0.035, 348.37,  0.067, 346.17,  0.025, 279.09,  0.039,  57.53,  0.088,  21.32,  0.107,   5.92,  0.087, 349.46,  0.069, 285.04,  0.052, 238.47,  0.012, 250.02,  0.129, 246.80,-99.000, -99.00,-99.000, -99.00,-99.000, -99.00,-99.000, -99.00,
9/5/2006 13:00:00, 11.4,276.0,  0.7,  3.3, 18.662, 29.11,  0.0,  0.0,  0.083, 188.33,  0.043, 193.39,  0.065, 325.58,  0.041, 325.92,  0.071, 315.00,  0.039, 221.88,  0.043, 330.42,  0.030,  25.71,  0.006, 239.04,  0.083,  41.58,  0.025, 313.36,  0.046, 290.41,  0.054,  57.77,  0.069, 309.70,  0.056, 351.72,  0.191, 214.52,-99.000, -99.00,-99.000, -99.00,-99.000, -99.00,-99.000, -99.00,
9/5/2006 13:05:00, 11.4,275.8,  0.6,  3.3, 18.659, 29.10,  0.0,  0.0,  0.026,  27.55,  0.063, 172.65,  0.132, 324.26,  0.037,  22.38,  0.040,  20.22,  0.083,  21.29,  0.086,  51.13,  0.080, 320.10,  0.011, 344.74,  0.043, 338.20,  0.102, 317.39,  0.047,  56.31,  0.116, 318.86,  0.132, 318.08,  0.102, 274.48,  0.173, 206.86,-99.000, -99.00,-99.000, -99.00,-99.000, -99.00,-99.000, -99.00,
9/5/2006 13:10:00, 11.4,275.9,  0.7,  3.3, 18.665, 29.09,  0.0,  0.0,  0.061, 248.03,  0.072, 207.28,  0.139, 348.37,  0.171,  14.20,  0.083, 338.07,  0.010, 293.96,  0.073, 211.50,  0.018, 163.61,  0.082, 295.31,  0.070, 330.15,  0.058, 275.91,  0.059, 281.69,  0.108, 284.42,  0.120, 226.35,  0.106, 242.95,  0.124, 255.07,-99.000, -99.00,-99.000, -99.00,-99.000, -99.00,-99.000, -99.00,
9/5/2006 13:15:00, 11.4,275.9,  0.7,  3.3, 18.665, 29.09,  0.0,  0.0,  0.081,   7.83,  0.014, 320.71,  0.086,  11.44,  0.126,  36.60,  0.169, 323.67,  0.091, 323.51,  0.080, 321.12,  0.087, 312.67,  0.090, 313.65,  0.062, 352.53,  0.030,  15.42,  0.065, 278.00,  0.112, 270.00,  0.087, 273.29,  0.056, 335.73,  0.110, 220.94,-99.000, -99.00,-99.000, -99.00,-99.000, -99.00,-99.000, -99.00,
9/5/2006 13:20:00, 11.4,275.9,  0.7,  3.3, 18.663, 29.09,  0.0,  0.0,  0.156, 334.09,  0.095, 302.52,  0.057, 319.29,  0.148,   8.57,  0.128, 324.57,  0.097, 336.88,  0.055, 274.16,  0.124, 313.70,  0.073, 310.01,  0.047, 340.02,  0.116, 344.53,  0.165, 325.63,  0.066, 310.70,  0.050, 107.35,  0.064, 226.89,  0.081, 211.93,-99.000, -99.00,-99.000, -99.00,-99.000, -99.00,-99.000, -99.00,
9/5/2006 13:25:00, 11.4,276.0,  0.7,  3.3, 18.671, 29.08,  0.0,  0.0,  0.122, 320.68,  0.142, 326.76,  0.138, 345.76,  0.123, 298.65,  0.053, 336.80,  0.070, 356.73,  0.051, 294.54,  0.026, 186.58,  0.151, 337.35,  0.135, 343.71,  0.102, 345.28,  0.119, 335.16,  0.109, 304.13,  0.043, 284.68,  0.051, 110.56,  0.049, 234.06,-99.000, -99.00,-99.000, -99.00,-99.000, -99.00,-99.000, -99.00,
9/5/2006 13:30:00, 11.4,276.0,  0.7,  3.3, 18.671, 29.08,  0.0,  0.0,  0.131, 279.68,  0.117, 311.88,  0.113, 307.48,  0.143, 290.09,  0.112, 340.10,  0.102,  10.76,  0.102, 315.80,  0.055, 350.54,  0.045, 323.13,  0.152, 113.69,  0.036,  51.84,  0.072, 322.33,  0.069, 298.41,  0.100, 227.84,  0.065, 196.19,  0.092, 244.83,-99.000, -99.00,-99.000, -99.00,-99.000, -99.00,-99.000, -99.00,
9/5/2006 13:35:00, 11.4,276.0,  0.7,  3.3, 18.672, 29.08,  0.0,  0.0,  0.098, 295.51,  0.004,  45.00,  0.103,   7.26,  0.135,  11.98,  0.201, 356.30,  0.126,   5.48,  0.105, 358.91,  0.104, 357.80,  0.064, 329.04,  0.038, 352.50,  0.072,  22.99,  0.037, 353.83,  0.043, 161.15,  0.038, 176.99,  0.000,   0.00,  0.085, 207.47,-99.000, -99.00,-99.000, -99.00,-99.000, -99.00,-99.000, -99.00,
9/5/2006 13:40:00, 11.4,276.1,  0.7,  3.3, 18.685, 29.07,  0.0,  0.0,  0.123, 335.52,  0.073, 325.01,  0.081, 272.12,  0.124, 346.97,  0.136, 343.30,  0.094, 288.63,  0.067,  39.59,  0.079, 349.11,  0.098, 352.95,  0.169, 311.89,  0.033, 291.16,  0.102, 300.09,  0.039, 242.78,  0.043, 144.46,  0.069, 118.41,  0.096, 143.01,-99.000, -99.00,-99.000, -99.00,-99.000, -99.00,-99.000, -99.00,
9/5/2006 13:45:00, 11.4,275.9,  0.7,  3.3, 18.678, 29.07,  0.0,  0.0,  0.083, 316.94,  0.112, 328.16,  0.122, 342.31,  0.143, 345.38,  0.165, 358.96,  0.101, 322.67,  0.101, 311.40,  0.073, 334.84,  0.031, 284.93,  0.009, 215.54,  0.049,  75.68,  0.078, 304.09,  0.050,  10.41,  0.048,  92.39,  0.022, 193.39,  0.080, 168.41,-99.000, -99.00,-99.000, -99.00,-99.000, -99.00,-99.000, -99.00,
9/5/2006 13:50:00, 11.4,275.9,  0.7,  3.3, 18.683, 29.07,  0.0,  0.0,  0.179, 325.69,  0.108, 344.93,  0.106,   1.62,  0.143,   1.20,  0.117, 356.09,  0.142, 324.18,  0.136, 335.14,  0.143, 345.87,  0.066, 303.21,  0.019,   3.01,  0.108, 289.44,  0.120, 305.54,  0.066, 302.01,  0.037, 262.30,  0.075,  60.35,  0.041,   9.93,-99.000, -99.00,-99.000, -99.00,-99.000, -99.00,-99.000, -99.00,
9/5/2006 13:55:00, 11.4,275.8,  0.7,  3.3, 18.679, 29.07,  0.0,  0.0,  0.178, 320.24,  0.209, 320.23,  0.207, 323.63,  0.134, 351.87,  0.125,  13.92,  0.115, 349.47,  0.107, 328.39,  0.089, 327.38,  0.133,  31.78,  0.022,  87.40,  0.043, 270.00,  0.085, 285.02,  0.079, 320.66,  0.012, 289.98,  0.073, 139.99,  0.022, 326.31,-99.000, -99.00,-99.000, -99.00,-99.000, -99.00,-99.000, -99.00,
9/5/2006 14:00:00, 11.4,275.9,  0.7,  3.3, 18.692, 29.07,  0.0,  0.0,  0.171, 340.50,  0.039, 283.32,  0.076, 355.49,  0.135, 344.93,  0.219, 346.53,  0.145, 359.60,  0.134,  25.22,  0.087, 345.96,  0.114,   0.00,  0.036, 270.00,  0.059, 261.18,  0.039, 247.38,  0.073, 289.18,  0.031,  97.35,  0.027, 182.12,  0.078, 228.12,-99.000, -99.00,-99.000, -99.00,-99.000, -99.00,-99.000, -99.00,
9/5/2006 14:05:00, 11.4,275.9,  0.7,  3.3, 18.690, 29.08,  0.0,  0.0,  0.193, 338.75,  0.102, 306.65,  0.076, 308.07,  0.188, 348.99,  0.160, 338.73,  0.107, 341.40,  0.194, 323.19,  0.111, 344.34,  0.031, 324.25,  0.104, 355.05,  0.105, 335.15,  0.090, 339.74,  0.092, 339.01,  0.064,  99.02,  0.114, 137.49,  0.041,  48.95,-99.000, -99.00,-99.000, -99.00,-99.000, -99.00,-99.000, -99.00,
9/5/2006 14:10:00, 11.4,276.0,  0.7,  3.3, 18.705, 29.08,  0.0,  0.0,  0.208, 335.53,  0.095, 323.13,  0.136, 326.66,  0.149, 345.22,  0.137, 356.66,  0.114,  12.69,  0.069, 325.62,  0.113, 340.28,  0.110, 343.70,  0.074,  41.19,  0.057, 302.86,  0.053,  37.30,  0.065,  40.60,  0.065,  95.27,  0.016,  50.19,  0.070,   3.27,-99.000, -99.00,-99.000, -99.00,-99.000, -99.00,-99.000, -99.00,
9/5/2006 14:15:00, 11.4,275.9,  0.7,  3.3, 18.704, 29.08,  0.0,  0.0,  0.117, 293.71,  0.081, 359.29,  0.162, 350.42,  0.066, 318.08,  0.100,  10.97,  0.087, 320.62,  0.156, 317.33,  0.048,   3.58,  0.080, 271.43,  0.058, 331.23,  0.037, 330.64,  0.068, 327.01,  0.055, 301.68,  0.094,  79.53,  0.038, 131.76,  0.097, 335.56,-99.000, -99.00,-99.000, -99.00,-99.000, -99.00,-99.000, -99.00,
9/5/2006 14:20:00, 11.4,275.8,  0.7,  3.3, 18.735, 29.08,  0.0,  0.0,  0.191, 357.60,  0.107,   4.28,  0.144, 339.30,  0.152,   7.54,  0.176, 350.86,  0.142, 341.57,  0.074, 303.48,  0.095, 321.81,  0.129, 304.55,  0.163, 312.01,  0.088, 307.13,  0.021,  41.19,  0.062, 234.25,  0.070, 197.40,  0.036, 142.82,  0.055, 309.14,-99.000, -99.00,-99.000, -99.00,-99.000, -99.00,-99.000, -99.00,
9/5/2006 14:25:00, 11.4,275.9,  0.7,  3.3, 18.727, 29.08,  0.0,  0.0,  0.109,  11.62,  0.071, 329.45,  0.087, 329.60,  0.155,   9.64,  0.111, 329.74,  0.117,  13.32,  0.083, 315.00,  0.043, 318.81,  0.054, 321.01,  0.083, 248.07,  0.114, 270.00,  0.068, 287.10,  0.053,  18.78,  0.031,  30.65,  0.069, 141.47,  0.050, 262.03,-99.000, -99.00,-99.000, -99.00,-99.000, -99.00,-99.000, -99.00,
9/5/2006 14:30:00, 11.4,276.0,  0.7,  3.3, 18.738, 29.08,  0.0,  0.0,  0.106, 310.43,  0.086, 336.71,  0.198, 325.51,  0.095, 326.65,  0.065, 345.75,  0.104, 355.05,  0.117, 352.15,  0.155, 331.45,  0.050, 325.67,  0.048, 284.62,  0.034, 180.00,  0.035, 133.83,  0.009, 263.66,  0.055,  30.78,  0.093, 327.67,  0.084,  26.26,-99.000, -99.00,-99.000, -99.00,-99.000, -99.00,-99.000, -99.00,
9/5/2006 14:35:00, 11.4,275.9,  0.7,  3.3, 18.743, 29.09,  0.0,  0.0,  0.159, 357.48,  0.195, 326.72,  0.193, 344.67,  0.188, 359.39,  0.068,  22.43,  0.155, 301.85,  0.135, 274.24,  0.071, 334.89,  0.204, 313.41,  0.132, 315.92,  0.044, 306.61,  0.081, 316.01,  0.059,  42.27,  0.079, 324.29,  0.067,  70.75,  0.046, 348.69,-99.000, -99.00,-99.000, -99.00,-99.000, -99.00,-99.000, -99.00,
9/5/2006 14:40:00, 11.4,276.0,  0.6,  3.3, 18.746, 29.09,  0.0,  0.0,  0.167, 325.26,  0.182, 354.63,  0.188, 343.01,  0.121, 347.11,  0.079, 324.29,  0.092, 314.12,  0.107, 330.32,  0.106, 311.95,  0.127, 299.19,  0.038, 310.76,  0.039, 250.64,  0.092, 261.87,  0.061,  48.99,  0.072,  43.88,  0.060,  29.15,  0.033, 332.65,-99.000, -99.00,-99.000, -99.00,-99.000, -99.00,-99.000, -99.00,
9/5/2006 14:45:00, 11.4,275.9,  0.7,  3.3, 18.745, 29.09,  0.0,  0.0,  0.093, 321.53,  0.131,  11.48,  0.103, 298.30,  0.062, 304.46,  0.069,  11.63,  0.126, 340.99,  0.062, 287.85,  0.165, 285.80,  0.145, 310.52,  0.102, 350.45,  0.093, 312.81,  0.053, 252.58,  0.064, 313.73,  0.067,   6.81,  0.042,  59.74,  0.028,  45.00,-99.000, -99.00,-99.000, -99.00,-99.000, -99.00,-99.000, -99.00,
9/5/2006 14:50:00, 11.4,275.9,  0.7,  3.3, 18.757, 29.10,  0.0,  0.0,  0.123, 294.90,  0.104, 340.87,  0.177, 348.63,  0.111, 322.72,  0.164, 321.94,  0.060, 330.02,  0.010,   0.00,  0.116, 352.57,  0.049, 233.37,  0.039, 262.69,  0.054, 273.18,  0.019,  11.89,  0.058, 352.01,  0.040, 267.14,  0.065, 269.12,  0.062, 313.70,-99.000, -99.00,-99.000, -99.00,-99.000, -99.00,-99.000, -99.00,
9/5/2006 14:55:00, 11.4,276.0,  0.7,  3.3, 18.767, 29.10,  0.0,  0.0,  0.123, 355.82,  0.048,  22.25,  0.117, 337.83,  0.026,  17.74,  0.093, 317.60,  0.104, 349.45,  0.133, 293.09,  0.085, 302.94,  0.132, 316.23,  0.105, 275.44,  0.058, 356.05,  0.078, 267.80,  0.035, 320.83,  0.047,  38.09,  0.056,  86.93,  0.072, 231.22,-99.000, -99.00,-99.000, -99.00,-99.000, -99.00,-99.000, -99.00,
9/5/2006 15:00:00, 11.4,275.8,  0.7,  3.3, 18.781, 29.11,  0.0,  0.0,  0.161, 334.23,  0.031,  88.15,  0.041, 332.18,  0.077, 310.76,  0.120, 312.31,  0.056, 309.94,  0.082, 337.17,  0.135, 277.65,  0.053, 277.52,  0.100, 347.35,  0.091, 335.40,  0.082, 312.04,  0.040, 299.74,  0.041,  48.95,  0.015, 109.65,  0.081, 221.52,-99.000, -99.00,-99.000, -99.00,-99.000, -99.00,-99.000, -99.00,
9/5/2006 15:05:00, 11.4,275.9,  0.7,  3.3, 18.793, 29.12,  0.0,  0.0,  0.174, 317.79,  0.069,  15.04,  0.175,  20.10,  0.114, 316.07,  0.100,  10.97,  0.023, 235.62,  0.125, 282.93,  0.117, 287.35,  0.056, 245.73,  0.065, 325.58,  0.113, 332.08,  0.059, 331.70,  0.065, 302.47,  0.058, 108.12,  0.024, 128.29,  0.065, 234.36,-99.000, -99.00,-99.000, -99.00,-99.000, -99.00,-99.000, -99.00,
9/5/2006 15:10:00, 11.4,275.9,  0.7,  3.3, 18.792, 29.12,  0.0,  0.0,  0.148, 349.52,  0.073, 296.92,  0.134, 348.77,  0.119, 355.67,  0.189, 351.18,  0.177, 352.19,  0.127, 337.86,  0.079, 333.76,  0.100, 288.07,  0.150, 327.79,  0.105, 327.82,  0.022, 320.53,  0.024, 315.00,  0.075,  14.59,  0.076,  52.98,  0.014, 274.09,-99.000, -99.00,-99.000, -99.00,-99.000, -99.00,-99.000, -99.00,
9/5/2006 15:15:00, 11.4,275.9,  0.7,  3.3, 18.805, 29.12,  0.0,  0.0,  0.136, 337.57,  0.090, 305.46,  0.173, 349.67,  0.071,  23.30,  0.051, 342.98,  0.124, 308.44,  0.097, 352.87,  0.076, 279.09,  0.029, 294.78,  0.107, 320.33,  0.072, 106.93,  0.073, 141.10,  0.021, 154.65,  0.057, 351.87,  0.051,  36.19,  0.096, 106.93,-99.000, -99.00,-99.000, -99.00,-99.000, -99.00,-99.000, -99.00,
9/5/2006 15:20:00, 11.4,275.9,  0.7,  3.3, 18.808, 29.13,  0.0,  0.0,  0.053, 315.76,  0.059,  10.74,  0.013,  48.01,  0.077,  40.28,  0.105,  40.36,  0.087,  59.04,  0.104,  30.49,  0.059, 333.00,  0.100,   2.86,  0.040, 284.38,  0.047, 227.56,  0.103, 280.65,  0.006,  45.00,  0.008, 165.96,  0.012,  85.24,  0.147, 173.36,-99.000, -99.00,-99.000, -99.00,-99.000, -99.00,-99.000, -99.00,
9/5/2006 15:25:00, 11.4,275.8,  0.7,  3.3, 18.827, 29.13,  0.0,  0.0,  0.040, 318.01,  0.126, 312.43,  0.101,  35.74,  0.082, 323.97,  0.090,  44.55,  0.062, 333.02,  0.023, 342.35,  0.110,  11.00,  0.081,  28.16,  0.058,   8.97,  0.085,  10.12,  0.068, 345.56,  0.090, 350.43,  0.052, 113.63,  0.074,  82.97,  0.021,  87.27,-99.000, -99.00,-99.000, -99.00,-99.000, -99.00,-99.000, -99.00,
9/5/2006 15:30:00, 11.4,275.9,  0.7,  3.3, 18.827, 29.13,  0.0,  0.0,  0.128, 328.42,  0.102, 286.48,  0.082,  14.89,  0.165,   3.81,  0.059, 336.04,  0.071,  27.65,  0.065, 301.72,  0.080, 281.59,  0.115, 335.43,  0.080, 343.37,  0.095, 321.43,  0.131, 323.39,  0.097, 357.05,  0.057,  34.25,  0.035, 120.96,  0.047, 170.13,-99.000, -99.00,-99.000, -99.00,-99.000, -99.00,-99.000, -99.00,
9/5/2006 15:35:00, 11.4,275.9,  0.7,  3.3, 18.824, 29.13,  0.0,  0.0,  0.110, 316.11,  0.124, 317.94,  0.120, 298.92,  0.072, 323.45,  0.061, 317.66,  0.039, 309.81,  0.082, 327.48,  0.142, 357.58,  0.167,   3.77,  0.086,  52.59,  0.011, 127.87,  0.024, 257.74,  0.055, 333.90,  0.034, 108.97,  0.041,  15.75,  0.077,  91.49,-99.000, -99.00,-99.000, -99.00,-99.000, -99.00,-99.000, -99.00,
9/5/2006 15:40:00, 11.4,275.8,  0.6,  3.3, 18.842, 29.13,  0.0,  0.0,  0.044,   9.25,  0.103, 308.31,  0.150, 331.73,  0.061,  88.12,  0.051,  40.24,  0.043, 338.20,  0.038,  83.99,  0.092, 295.73,  0.089, 295.99,  0.108, 321.01,  0.051, 339.44,  0.075, 346.89,  0.066,  30.07,  0.117, 341.10,  0.093, 339.81,  0.047, 342.72,-99.000, -99.00,-99.000, -99.00,-99.000, -99.00,-99.000, -99.00,
9/5/2006 15:45:00, 11.4,275.9,  0.7,  3.3, 18.842, 29.13,  0.0,  0.0,  0.117,   0.98,  0.076,  16.77,  0.082, 318.95,  0.081,  17.99,  0.074, 317.73,  0.035,  25.11,  0.056, 341.24,  0.078,  14.04,  0.090, 347.20,  0.102, 320.55,  0.060, 236.58,  0.094,  32.85,  0.085,  35.93,  0.070,  35.73,  0.036, 308.16,  0.053, 330.52,-99.000, -99.00,-99.000, -99.00,-99.000, -99.00,-99.000, -99.00,
9/5/2006 15:50:00, 11.4,275.9,  0.7,  3.3, 18.847, 29.13,  0.0,  0.0,  0.164,   5.26,  0.114, 309.29,  0.121,   1.42,  0.108, 324.83,  0.116,  10.44,  0.075, 299.65,  0.054, 242.49,  0.014, 123.69,  0.024,  51.71,  0.041,   0.00,  0.145, 350.86,  0.050, 356.57,  0.118, 142.94,  0.124, 145.16,  0.089, 163.61,  0.090, 171.06,-99.000, -99.00,-99.000, -99.00,-99.000, -99.00,-99.000, -99.00,
9/5/2006 15:55:00, 11.4,275.8,  0.7,  3.3, 18.860, 29.13,  0.0,  0.0,  0.175, 311.06,  0.076, 337.50,  0.082, 273.49,  0.019,   6.01,  0.129, 332.84,  0.183, 333.43,  0.117, 330.80,  0.095, 344.05,  0.098, 307.93,  0.127,   4.95,  0.071, 313.85,  0.049, 317.49,  0.067,  15.48,  0.100, 349.03,  0.023, 250.02,  0.068, 232.13,-99.000, -99.00,-99.000, -99.00,-99.000, -99.00,-99.000, -99.00,
9/5/2006 16:00:00, 11.4,275.8,  0.6,  3.3, 18.857, 29.14,  0.0,  0.0,  0.088, 354.81,  0.089,   5.14,  0.059,   1.94,  0.121,  18.73,  0.145, 345.20,  0.103, 337.17,  0.090, 354.92,  0.020, 296.57,  0.045, 353.66,  0.059, 323.90,  0.105, 312.31,  0.107, 322.59,  0.036,  26.57,  0.074, 300.03,  0.032,  10.95,  0.055, 219.81,-99.000, -99.00,-99.000, -99.00,-99.000, -99.00,-99.000, -99.00,
9/5/2006 16:05:00, 11.4,275.9,  0.7,  3.3, 18.861, 29.14,  0.0,  0.0,  0.020, 327.09,  0.100, 354.23,  0.040,  43.99,  0.023, 205.46,  0.119, 352.76,  0.048, 288.06,  0.064, 351.87,  0.055, 336.25,  0.030, 327.38,  0.069, 322.63,  0.112,  47.17,  0.074, 347.47,  0.095,  56.14,  0.013, 202.62,  0.018,   3.18,  0.140, 223.84,-99.000, -99.00,-99.000, -99.00,-99.000, -99.00,-99.000, -99.00,
9/5/2006 16:10:00, 11.4,275.9,  0.7,  3.3, 18.871, 29.14,  0.0,  0.0,  0.127,   8.13,  0.088, 331.39,  0.055, 317.94,  0.074,  14.04,  0.094,  75.23,  0.039, 332.78,  0.107,  41.59,  0.123, 307.71,  0.095, 351.53,  0.049,   5.83,  0.053,  38.83,  0.027, 225.00,  0.064, 304.19,  0.062, 324.25,  0.086,   0.00,  0.021, 299.05,-99.000, -99.00,-99.000, -99.00,-99.000, -99.00,-99.000, -99.00,
9/5/2006 16:15:00, 11.4,275.8,  0.7,  3.3, 18.893, 29.14,  0.0,  0.0,  0.038, 195.12,  0.051,   5.60,  0.068,  26.19,  0.133,  29.85,  0.097,  53.37,  0.036, 339.08,  0.114,  21.15,  0.097, 345.11,  0.095, 356.99,  0.117, 323.33,  0.054,  42.77,  0.088,  86.75,  0.039,   0.00,  0.074, 112.09,  0.095,  80.34,  0.094, 162.72,-99.000, -99.00,-99.000, -99.00,-99.000, -99.00,-99.000, -99.00,
9/5/2006 16:20:00, 11.4,275.9,  0.7,  3.3, 18.914, 29.15,  0.0,  0.0,  0.178, 355.82,  0.121, 358.11,  0.083, 269.31,  0.054, 340.56,  0.020, 149.53,  0.071,   0.81,  0.065, 325.08,  0.060,  14.50,  0.088, 342.80,  0.037,  42.80,  0.104, 322.80,  0.069, 343.94,  0.095, 345.96,  0.088, 334.31,  0.098, 317.88,  0.083, 159.61,-99.000, -99.00,-99.000, -99.00,-99.000, -99.00,-99.000, -99.00,
9/5/2006 16:25:00, 11.4,275.8,  0.7,  3.3, 18.925, 29.15,  0.0,  0.0,  0.147, 338.85,  0.033, 315.00,  0.132, 339.65,  0.100, 299.89,  0.074, 241.70,  0.092, 350.03,  0.097,  17.32,  0.105, 317.69,  0.105, 288.95,  0.111, 286.80,  0.135, 345.45,  0.083, 315.00,  0.140, 293.09,  0.034,   5.04,  0.089, 347.68,  0.041, 279.93,-99.000, -99.00,-99.000, -99.00,-99.000, -99.00,-99.000, -99.00,
9/5/2006 16:30:00, 11.4,275.8,  0.7,  3.3, 18.924, 29.15,  0.0,  0.0,  0.047, 340.02,  0.027, 349.51,  0.093, 310.20,  0.093, 322.39,  0.099, 343.02,  0.058, 287.18,  0.127,  10.43,  0.132, 335.77,  0.139, 346.26,  0.194, 339.51,  0.103, 317.76,  0.110, 314.63,  0.032, 313.73,  0.043, 263.37,  0.052, 328.47,  0.025, 246.50,-99.000, -99.00,-99.000, -99.00,-99.000, -99.00,-99.000, -99.00,
9/5/2006 16:35:00, 11.4,275.9,  0.7,  3.3, 18.930, 29.16,  0.0,  0.0,  0.103, 341.92,  0.107, 317.65,  0.082, 341.57,  0.143, 287.93,  0.090, 324.90,  0.054, 292.78,  0.103, 314.22,  0.064,   7.24,  0.151, 348.91,  0.094,   0.61,  0.082, 303.11,  0.090, 339.96,  0.113, 326.87,  0.081, 296.25,  0.074, 314.45,  0.042, 301.43,-99.000, -99.00,-99.000, -99.00,-99.000, -99.00,-99.000, -99.00,
9/5/2006 16:40:00, 11.4,275.9,  0.7,  3.3, 18.941, 29.16,  0.0,  0.0,  0.133, 311.02,  0.112, 264.34,  0.039, 178.53,  0.080, 317.53,  0.113, 270.51,  0.038, 288.43,  0.073, 330.64,  0.047, 311.53,  0.103, 310.66,  0.061, 301.61,  0.063, 332.62,  0.075, 305.80,  0.120, 305.82,  0.125, 287.27,  0.063, 337.52,  0.027, 304.29,-99.000, -99.00,-99.000, -99.00,-99.000, -99.00,-99.000, -99.00,
9/5/2006 16:45:00, 11.4,275.8,  0.7,  3.3, 18.941, 29.16,  0.0,  0.0,  0.142, 324.18,  0.079, 293.96,  0.078, 261.14,  0.066, 303.93,  0.127, 302.44,  0.054, 330.12,  0.186, 302.23,  0.060, 283.57,  0.024,   0.00,  0.025, 191.31,  0.081,   2.83,  0.091, 318.99,  0.075, 237.59,  0.094, 282.26,  0.059, 300.47,  0.080, 270.00,-99.000, -99.00,-99.000, -99.00,-99.000, -99.00,-99.000, -99.00,
9/5/2006 16:50:00, 11.4,275.9,  0.7,  3.3, 18.952, 29.16,  0.0,  0.0,  0.070, 301.66,  0.051, 335.92,  0.122, 312.02,  0.085, 334.33,  0.082, 335.61,  0.055, 347.47,  0.086, 299.83,  0.154, 300.39,  0.111, 333.20,  0.129, 342.83,  0.083, 315.49,  0.066, 226.85,  0.066, 255.96,  0.153, 295.06,  0.121, 320.38,  0.024, 323.62,-99.000, -99.00,-99.000, -99.00,-99.000, -99.00,-99.000, -99.00,
9/5/2006 16:55:00, 11.4,275.8,  0.7,  3.3, 18.951, 29.17,  0.0,  0.0,  0.135, 306.28,  0.067, 310.14,  0.105, 304.90,  0.172, 246.41,  0.072, 266.82,  0.029,   0.00,  0.114, 333.89,  0.119, 312.95,  0.093, 317.19,  0.043,   1.33,  0.118, 280.26,  0.078, 300.20,  0.050, 314.19,  0.051, 284.86,  0.050, 276.84,  0.068, 260.68,-99.000, -99.00,-99.000, -99.00,-99.000, -99.00,-99.000, -99.00,
9/5/2006 17:00:00, 11.4,275.8,  0.7,  3.3, 18.975, 29.17,  0.0,  0.0,  0.043, 335.22,  0.029,  36.47,  0.133, 313.78,  0.080, 325.12,  0.081, 256.48,  0.070, 305.06,  0.131, 331.67,  0.103,   0.00,  0.116, 343.44,  0.072, 319.48,  0.154, 299.56,  0.161, 302.31,  0.154, 300.90,  0.060, 317.02,  0.064, 333.03,  0.066, 243.05,-99.000, -99.00,-99.000, -99.00,-99.000, -99.00,-99.000, -99.00,
9/5/2006 17:05:00, 11.4,276.0,  0.7,  3.3, 18.976, 29.17,  0.0,  0.0,  0.146, 328.16,  0.009, 206.57,  0.035, 270.00,  0.054, 273.18,  0.125, 326.06,  0.191, 320.73,  0.129, 352.43,  0.219, 300.43,  0.115, 299.68,  0.097, 289.18,  0.048, 305.68,  0.119, 285.09,  0.020, 261.47,  0.019,  11.89,  0.119, 321.12,  0.043, 219.29,-99.000, -99.00,-99.000, -99.00,-99.000, -99.00,-99.000, -99.00,
9/5/2006 17:10:00, 11.4,275.9,  0.7,  3.3, 18.990, 29.18,  0.0,  0.0,  0.153, 345.60,  0.002, 270.00,  0.064, 313.73,  0.058,  35.88,  0.091, 286.64,  0.123, 293.44,  0.101, 334.71,  0.113, 302.01,  0.101, 296.57,  0.079, 317.58,  0.100, 319.46,  0.133, 310.41,  0.080, 329.90,  0.142, 314.71,  0.075, 294.51,  0.015, 168.69,-99.000, -99.00,-99.000, -99.00,-99.000, -99.00,-99.000, -99.00,
9/5/2006 17:15:00, 11.4,275.9,  0.7,  3.3, 18.989, 29.17,  0.0,  0.0,  0.089, 302.07,  0.046, 241.19,  0.100, 317.03,  0.072, 289.44,  0.070, 287.40,  0.149, 291.23,  0.130, 277.51,  0.121, 310.29,  0.187, 323.25,  0.171, 296.42,  0.146, 301.30,  0.134, 313.79,  0.177, 316.37,  0.023, 350.13,  0.004, 296.57,  0.076, 257.06,-99.000, -99.00,-99.000, -99.00,-99.000, -99.00,-99.000, -99.00,
9/5/2006 17:20:00, 11.4,275.9,  0.7,  3.3, 18.989, 29.17,  0.0,  0.0,  0.185, 332.33,  0.063, 230.77,  0.106, 297.53,  0.110, 257.98,  0.035, 284.83,  0.037, 271.55,  0.214, 296.33,  0.092, 318.52,  0.165, 307.84,  0.110, 330.64,  0.101, 341.57,  0.118,   6.82,  0.137, 305.20,  0.120, 259.91,  0.119, 285.09,  0.134, 232.28,-99.000, -99.00,-99.000, -99.00,-99.000, -99.00,-99.000, -99.00,
9/5/2006 17:25:00, 11.4,275.9,  0.6,  3.3, 19.007, 29.17,  0.0,  0.0,  0.153, 306.50,  0.096, 282.59,  0.143, 316.13,  0.062, 324.78,  0.124, 321.56,  0.068, 295.07,  0.079, 313.98,  0.138, 327.46,  0.123, 334.06,  0.126, 328.96,  0.089, 325.95,  0.118, 314.66,  0.112, 325.89,  0.083, 341.78,  0.122, 317.98,  0.176, 314.77,-99.000, -99.00,-99.000, -99.00,-99.000, -99.00,-99.000, -99.00,
9/5/2006 17:30:00, 11.4,275.9,  0.7,  3.3, 19.015, 29.17,  0.0,  0.0,  0.167, 330.98,  0.043, 277.94,  0.143, 332.54,  0.140, 289.60,  0.095, 291.69,  0.129, 306.52,  0.132, 318.08,  0.087, 295.10,  0.106, 327.36,  0.175, 316.85,  0.175, 322.41,  0.138,  34.04,  0.195, 328.03,  0.210, 318.87,  0.146, 331.33,  0.137, 280.49,-99.000, -99.00,-99.000, -99.00,-99.000, -99.00,-99.000, -99.00,
9/5/2006 17:35:00, 11.4,275.9,  0.7,  3.3, 19.004, 29.17,  0.0,  0.0,  0.223, 276.97,  0.011, 264.81,  0.141, 295.11,  0.055, 320.19,  0.169, 274.76,  0.119, 293.77,  0.138, 274.14,  0.100, 308.93,  0.134, 329.62,  0.152, 352.46,  0.180, 350.07,  0.121, 323.41,  0.094, 342.72,  0.125, 344.18,  0.119, 355.67,  0.052, 229.64,-99.000, -99.00,-99.000, -99.00,-99.000, -99.00,-99.000, -99.00,
9/5/2006 17:40:00, 11.4,275.9,  0.7,  3.3, 19.011, 29.17,  0.0,  0.0,  0.164, 306.59,  0.097, 300.26,  0.138, 269.17,  0.146, 269.22,  0.136, 267.47,  0.131, 238.74,  0.187, 301.91,  0.146, 329.57,  0.154, 309.18,  0.115, 302.59,  0.129, 309.35,  0.104, 355.05,  0.070, 352.57,  0.076, 313.94,  0.132, 327.03,  0.059, 289.98,-99.000, -99.00,-99.000, -99.00,-99.000, -99.00,-99.000, -99.00,
9/5/2006 17:45:00, 11.4,275.9,  0.7,  3.3, 19.033, 29.17,  0.0,  0.0,  0.127, 321.69,  0.070,   9.06,  0.079, 299.48,  0.124, 301.12,  0.093, 238.19,  0.176, 252.49,  0.104, 231.25,  0.075,  89.24,  0.067, 318.65,  0.144, 311.90,  0.237, 305.90,  0.157, 301.15,  0.100, 314.19,  0.142, 293.30,  0.210, 304.14,  0.032, 257.28,-99.000, -99.00,-99.000, -99.00,-99.000, -99.00,-99.000, -99.00,
9/5/2006 17:50:00, 11.4,275.9,  0.7,  3.3, 19.037, 29.17,  0.0,  0.0,  0.091, 328.93,  0.146, 268.82,  0.210, 301.95,  0.115, 299.25,  0.156, 304.30,  0.181, 311.19,  0.089, 317.73,  0.108, 322.92,  0.150, 331.73,  0.196, 314.38,  0.147, 293.25,  0.111, 327.89,  0.148, 310.05,  0.215, 291.55,  0.226, 308.90,  0.105, 321.60,-99.000, -99.00,-99.000, -99.00,-99.000, -99.00,-99.000, -99.00,
9/5/2006 17:55:00, 11.4,275.8,  0.7,  3.3, 19.021, 29.16,  0.0,  0.0,  0.154, 272.97,  0.028, 261.87,  0.073, 299.74,  0.198, 296.69,  0.113, 297.47,  0.229, 305.42,  0.198, 322.78,  0.123, 299.28,  0.193, 330.77,  0.173, 316.64,  0.159, 298.98,  0.116, 322.34,  0.124, 319.25,  0.104, 313.05,  0.248, 302.67,  0.059, 303.15,-99.000, -99.00,-99.000, -99.00,-99.000, -99.00,-99.000, -99.00,
9/5/2006 18:00:00, 11.4,275.9,  0.7,  3.3, 19.016, 29.16,  0.0,  0.0,  0.184, 303.95,  0.079, 326.31,  0.153, 314.47,  0.138, 310.02,  0.235, 300.71,  0.180, 323.58,  0.217, 310.14,  0.167, 318.39,  0.159, 322.41,  0.212,   7.33,  0.187, 359.39,  0.223, 329.52,  0.149, 337.05,  0.119, 340.35,  0.100, 311.35,  0.059, 205.25,-99.000, -99.00,-99.000, -99.00,-99.000, -99.00,-99.000, -99.00,
9/5/2006 18:05:00, 11.4,275.9,  0.7,  3.3, 19.028, 29.16,  0.0,  0.0,  0.168, 304.82,  0.067, 267.44,  0.163, 316.49,  0.214, 302.80,  0.146, 299.02,  0.201, 306.93,  0.176, 297.44,  0.225, 302.84,  0.144, 298.71,  0.152, 303.17,  0.144, 305.68,  0.136, 293.36,  0.162, 307.72,  0.183, 283.58,  0.136, 304.51,  0.107, 252.58,-99.000, -99.00,-99.000, -99.00,-99.000, -99.00,-99.000, -99.00,
9/5/2006 18:10:00, 11.4,275.8,  0.6,  3.3, 19.039, 29.16,  0.0,  0.0,  0.170, 307.82,  0.022,  13.39,  0.208, 324.78,  0.174, 300.40,  0.123, 294.90,  0.109, 301.50,  0.151, 297.25,  0.066, 333.82,  0.124, 281.67,  0.091, 294.60,  0.116, 326.58,  0.185, 292.55,  0.108, 291.80,  0.157, 297.38,  0.303, 283.53,  0.164, 284.46,-99.000, -99.00,-99.000, -99.00,-99.000, -99.00,-99.000, -99.00,
9/5/2006 18:15:00, 11.4,275.8,  0.7,  3.3, 19.065, 29.15,  0.0,  0.0,  0.135, 324.07,  0.042, 264.56,  0.199, 293.09,  0.144, 327.19,  0.135, 306.87,  0.155, 316.31,  0.149, 321.52,  0.111, 288.92,  0.176, 323.33,  0.169, 300.96,  0.071, 274.03,  0.087, 300.40,  0.131, 305.03,  0.093, 296.84,  0.200, 299.00,  0.074, 293.10,-99.000, -99.00,-99.000, -99.00,-99.000, -99.00,-99.000, -99.00,
9/5/2006 18:20:00, 11.4,275.9,  0.7,  3.3, 19.076, 29.15,  0.0,  0.0,  0.106, 329.31,  0.082, 326.50,  0.165, 296.57,  0.197, 337.60,  0.157, 308.03,  0.105, 320.40,  0.166, 286.80,  0.133, 278.68,  0.130, 288.85,  0.092, 270.62,  0.157, 265.24,  0.210, 292.05,  0.144, 299.60,  0.131, 295.78,  0.086, 323.53,  0.100, 278.05,-99.000, -99.00,-99.000, -99.00,-99.000, -99.00,-99.000, -99.00,
9/5/2006 18:25:00, 11.4,275.9,  0.7,  3.3, 19.077, 29.15,  0.0,  0.0,  0.203,   0.00,  0.139, 309.75,  0.109,  31.50,  0.127, 317.24,  0.114, 288.91,  0.159, 287.98,  0.118, 297.87,  0.149, 309.02,  0.140, 271.23,  0.166, 266.55,  0.119, 278.20,  0.182, 306.30,  0.147, 321.89,  0.140, 299.49,  0.209, 305.06,  0.080, 329.90,-99.000, -99.00,-99.000, -99.00,-99.000, -99.00,-99.000, -99.00,
9/5/2006 18:30:00, 11.4,275.8,  0.7,  3.3, 19.067, 29.15,  0.0,  0.0,  0.098, 337.11,  0.053, 312.71,  0.061, 320.31,  0.087, 289.48,  0.168, 288.43,  0.147, 286.21,  0.140, 270.41,  0.043, 242.24,  0.109, 279.46,  0.235, 292.30,  0.139, 305.63,  0.134, 308.93,  0.116, 283.44,  0.146, 297.27,  0.175, 322.67,  0.115, 305.77,-99.000, -99.00,-99.000, -99.00,-99.000, -99.00,-99.000, -99.00,
9/5/2006 18:35:00, 11.4,275.9,  0.7,  3.3, 19.068, 29.15,  0.0,  0.0,  0.233, 338.84,  0.103, 315.78,  0.225, 313.56,  0.065, 269.12,  0.113, 253.50,  0.130, 274.84,  0.143, 304.47,  0.140, 294.00,  0.139, 300.61,  0.174, 281.63,  0.184, 315.88,  0.169, 319.07,  0.159, 318.58,  0.200, 300.03,  0.194, 317.09,  0.050, 295.02,-99.000, -99.00,-99.000, -99.00,-99.000, -99.00,-99.000, -99.00,
9/5/2006 18:40:00, 11.4,275.8,  0.7,  3.3, 19.074, 29.15,  0.0,  0.0,  0.050, 265.43,  0.214, 231.84,  0.125, 239.12,  0.130, 230.31,  0.143, 234.09,  0.140, 287.01,  0.197, 282.91,  0.094, 345.23,  0.114, 342.68,  0.088, 354.16,  0.117, 313.26,  0.106, 311.19,  0.217, 302.96,  0.185, 322.70,  0.187, 309.57,  0.055, 242.97,-99.000, -99.00,-99.000, -99.00,-99.000, -99.00,-99.000, -99.00,
9/5/2006 18:45:00, 11.4,275.9,  0.7,  3.3, 19.078, 29.13,  0.0,  0.0,  0.073, 187.13,  0.141, 254.78,  0.127, 233.31,  0.173, 247.89,  0.101, 270.57,  0.156, 280.37,  0.125, 284.81,  0.141, 336.53,  0.149, 294.67,  0.086, 289.70,  0.102, 296.31,  0.206, 284.31,  0.139, 320.83,  0.146, 333.96,  0.188, 315.86,  0.058, 265.07,-99.000, -99.00,-99.000, -99.00,-99.000, -99.00,-99.000, -99.00,
9/5/2006 18:50:00, 11.4,275.8,  0.7,  3.3, 19.084, 29.12,  0.0,  0.0,  0.085, 258.42,  0.172, 255.15,  0.148, 288.92,  0.157, 298.03,  0.147, 354.91,  0.149, 337.91,  0.207, 334.55,  0.184, 341.27,  0.175, 332.85,  0.138, 300.47,  0.198, 307.62,  0.129, 325.08,  0.174, 335.20,  0.160, 319.55,  0.142, 315.29,  0.074, 318.30,-99.000, -99.00,-99.000, -99.00,-99.000, -99.00,-99.000, -99.00,
9/5/2006 18:55:00, 11.4,275.8,  0.7,  3.3, 19.090, 29.10,  0.0,  0.0,  0.151, 232.52,  0.175, 186.88,  0.055, 241.56,  0.069, 285.04,  0.132, 273.47,  0.115, 321.73,  0.083, 331.89,  0.041, 332.18,  0.140, 297.11,  0.133, 319.59,  0.111, 299.81,  0.085, 290.79,  0.140, 321.66,  0.174, 313.60,  0.212, 296.93,  0.070, 265.10,-99.000, -99.00,-99.000, -99.00,-99.000, -99.00,-99.000, -99.00,
9/5/2006 19:00:00, 11.4,275.9,  0.6,  3.3, 19.091, 29.08,  0.0,  0.0,  0.058, 280.92,  0.124, 233.22,  0.031, 253.30,  0.040, 334.72,  0.069, 355.03,  0.061, 335.94,  0.246, 348.05,  0.165, 340.58,  0.093, 348.21,  0.156, 327.33,  0.136, 303.92,  0.113, 328.43,  0.130, 315.00,  0.166, 303.69,  0.125, 316.95,  0.065, 287.88,-99.000, -99.00,-99.000, -99.00,-99.000, -99.00,-99.000, -99.00,
9/5/2006 19:05:00, 11.4,275.9,  0.7,  3.3, 19.097, 29.07,  0.0,  0.0,  0.130, 212.71,  0.134, 214.05,  0.115, 175.53,  0.109, 217.92,  0.072, 238.08,  0.025, 296.57,  0.047,  30.96,  0.104, 357.25,  0.142, 339.78,  0.114,   0.00,  0.090, 325.43,  0.133, 316.83,  0.145, 294.08,  0.195, 301.17,  0.216, 298.23,  0.066, 285.71,-99.000, -99.00,-99.000, -99.00,-99.000, -99.00,-99.000, -99.00,
9/5/2006 19:10:00, 11.4,276.1,  0.6,  3.3, 19.107, 29.06,  0.0,  0.0,  0.061, 252.76,  0.042, 174.56,  0.115, 155.43,  0.075, 199.40,  0.032, 192.72,  0.020, 300.47,  0.121, 359.05,  0.095, 292.25,  0.149, 346.43,  0.100, 343.19,  0.290, 318.22,  0.217, 317.62,  0.153, 314.74,  0.173, 305.81,  0.153, 327.04,  0.076, 358.49,-99.000, -99.00,-99.000, -99.00,-99.000, -99.00,-99.000, -99.00,
9/5/2006 19:15:00, 11.4,275.9,  0.6,  3.3, 19.083, 29.05,  0.0,  0.0,  0.019, 222.88,  0.035, 138.50,  0.027, 151.56,  0.098, 310.86,  0.018, 282.53,  0.036, 270.00,  0.053, 258.06,  0.082, 349.51,  0.160, 318.04,  0.110, 314.63,  0.166, 303.69,  0.180, 291.56,  0.135, 303.22,  0.203, 293.79,  0.092, 309.25,  0.052, 254.36,-99.000, -99.00,-99.000, -99.00,-99.000, -99.00,-99.000, -99.00,
9/5/2006 19:20:00, 11.4,275.8,  0.7,  3.3, 19.088, 29.04,  0.0,  0.0,  0.123, 258.23,  0.028, 149.74,  0.098, 183.50,  0.050, 152.40,  0.066, 290.35,  0.093, 274.30,  0.041, 318.95,  0.173, 351.35,  0.137, 316.77,  0.159, 329.72,  0.245, 315.66,  0.204, 312.22,  0.184, 316.76,  0.217, 299.88,  0.149, 279.27,  0.056, 289.72,-99.000, -99.00,-99.000, -99.00,-99.000, -99.00,-99.000, -99.00,
9/5/2006 19:25:00, 11.4,276.0,  0.7,  3.3, 19.094, 29.03,  0.0,  0.0,  0.021,  95.44,  0.043, 183.99,  0.197, 203.96,  0.130, 240.09,  0.047, 160.02,  0.138, 173.75,  0.021,  90.00,  0.120,   7.66,  0.138, 344.45,  0.105, 337.59,  0.174, 324.85,  0.168, 323.95,  0.178, 319.78,  0.241, 302.43,  0.160, 304.29,  0.022, 177.40,-99.000, -99.00,-99.000, -99.00,-99.000, -99.00,-99.000, -99.00,
9/5/2006 19:30:00, 11.4,275.8,  0.7,  3.3, 19.103, 29.03,  0.0,  0.0,  0.063, 266.37,  0.097, 234.67,  0.015, 344.05,  0.127, 193.71,  0.144, 209.05,  0.062, 257.97,  0.056,  14.53,  0.146, 359.22,  0.084, 356.59,  0.090, 330.88,  0.194, 304.26,  0.145, 300.28,  0.164, 311.28,  0.171, 296.42,  0.172, 286.54,  0.132, 254.59,-99.000, -99.00,-99.000, -99.00,-99.000, -99.00,-99.000, -99.00,
9/5/2006 19:35:00, 11.4,275.9,  0.7,  3.3, 19.092, 29.02,  0.0,  0.0,  0.116, 186.94,  0.080, 227.53,  0.047, 208.22,  0.057, 225.00,  0.069, 280.01,  0.063, 241.39,  0.057, 346.93,  0.149, 331.88,  0.070, 338.96,  0.086, 315.00,  0.171, 285.99,  0.188, 297.52,  0.179, 312.06,  0.123, 300.32,  0.173, 297.90,  0.078, 243.43,-99.000, -99.00,-99.000, -99.00,-99.000, -99.00,-99.000, -99.00,
9/5/2006 19:40:00, 11.4,275.9,  0.7,  3.3, 19.100, 29.02,  0.0,  0.0,  0.072, 318.96,  0.107, 129.67,  0.074, 289.65,  0.055, 270.00,  0.079, 323.71,  0.125, 297.18,  0.174, 306.61,  0.084,   4.76,  0.168, 314.27,  0.177, 317.29,  0.159, 300.59,  0.151, 279.90,  0.165, 300.90,  0.180, 310.50,  0.165, 306.87,  0.099, 272.89,-99.000, -99.00,-99.000, -99.00,-99.000, -99.00,-99.000, -99.00,
9/5/2006 19:45:00, 11.4,275.9,  0.7,  3.3, 19.100, 29.02,  0.0,  0.0,  0.039, 113.96,  0.061, 249.78,  0.153, 154.44,  0.076, 226.61,  0.101, 295.29,  0.040, 278.53,  0.122, 338.29,  0.065, 319.97,  0.124, 328.88,  0.087,   1.32,  0.126, 292.90,  0.174, 299.21,  0.138, 298.05,  0.195, 326.31,  0.214, 316.70,  0.086, 294.78,-99.000, -99.00,-99.000, -99.00,-99.000, -99.00,-99.000, -99.00,
9/5/2006 19:50:00, 11.4,275.9,  0.6,  3.3, 19.078, 29.02,  0.0,  0.0,  0.019,  36.25,  0.113, 165.10,  0.162, 208.47,  0.078, 224.48,  0.051, 239.42,  0.052, 320.48,  0.137, 335.87,  0.171, 312.16,  0.153, 299.42,  0.108, 324.40,  0.154, 297.06,  0.117, 312.93,  0.149, 308.18,  0.119, 294.84,  0.121, 337.05,  0.076, 320.87,-99.000, -99.00,-99.000, -99.00,-99.000, -99.00,-99.000, -99.00,
9/5/2006 19:55:00, 11.4,275.8,  0.6,  3.3, 19.081, 29.02,  0.0,  0.0,  0.120, 116.78,  0.051, 147.88,  0.101, 245.98,  0.105, 228.87,  0.136, 249.30,  0.143, 300.14,  0.130, 336.40,  0.218, 329.67,  0.203, 322.40,  0.150, 301.88,  0.178, 324.16,  0.164, 318.95,  0.193, 309.31,  0.181, 305.10,  0.161, 315.00,  0.097, 296.83,-99.000, -99.00,-99.000, -99.00,-99.000, -99.00,-99.000, -99.00,
9/5/2006 20:00:00, 11.4,275.9,  0.6,  3.3, 19.102, 29.02,  0.0,  0.0,  0.051, 128.66,  0.112, 175.91,  0.136, 192.30,  0.054, 209.88,  0.057, 247.46,  0.090, 305.46,  0.076, 290.82,  0.107, 330.32,  0.111, 321.58,  0.097, 298.42,  0.155, 306.35,  0.122, 315.33,  0.154, 296.57,  0.158, 296.24,  0.149, 290.38,  0.034, 276.71,-99.000, -99.00,-99.000, -99.00,-99.000, -99.00,-99.000, -99.00,
9/5/2006 20:05:00, 11.4,275.8,  0.7,  3.3, 19.105, 29.02,  0.0,  0.0,  0.084, 252.65,  0.045, 182.54,  0.091, 202.04,  0.093, 232.39,  0.067, 309.59,  0.150, 321.22,  0.160, 315.00,  0.231, 349.03,  0.344, 343.25,  0.366, 347.06,  0.176, 329.65,  0.175, 314.77,  0.167, 300.26,  0.181, 307.82,  0.173, 298.35,  0.073, 289.92,-99.000, -99.00,-99.000, -99.00,-99.000, -99.00,-99.000, -99.00,
9/5/2006 20:10:00, 11.4,275.9,  0.7,  3.3, 19.096, 29.02,  0.0,  0.0,  0.088, 251.36,  0.082, 220.07,  0.138, 252.74,  0.076, 264.74,  0.046, 270.00,  0.140, 337.82,  0.099, 310.91,  0.147, 300.76,  0.136, 294.69,  0.106, 287.58,  0.055, 303.11,  0.127, 284.15,  0.093, 286.28,  0.162, 291.67,  0.158, 314.74,  0.068, 317.39,-99.000, -99.00,-99.000, -99.00,-99.000, -99.00,-99.000, -99.00,
9/5/2006 20:15:00, 11.4,275.9,  0.7,  3.3, 19.099, 29.02,  0.0,  0.0,  0.061, 344.83,  0.073, 292.68,  0.143, 235.53,  0.072, 329.17,  0.101, 294.54,  0.128, 314.05,  0.130, 335.01,  0.180, 308.91,  0.164, 329.52,  0.124, 297.80,  0.187, 318.90,  0.193, 278.34,  0.179, 284.89,  0.185, 307.30,  0.206, 301.92,  0.123, 241.76,-99.000, -99.00,-99.000, -99.00,-99.000, -99.00,-99.000, -99.00,
9/5/2006 20:20:00, 11.4,275.9,  0.6,  3.3, 19.109, 29.02,  0.0,  0.0,  0.102, 273.93,  0.111, 249.44,  0.087, 217.53,  0.090, 292.86,  0.093, 227.60,  0.072, 297.98,  0.130, 343.51,  0.134, 329.40,  0.167, 276.53,  0.153, 257.15,  0.235, 273.41,  0.222, 284.60,  0.168, 293.51,  0.175, 292.47,  0.172, 295.52,  0.082, 305.62,-99.000, -99.00,-99.000, -99.00,-99.000, -99.00,-99.000, -99.00,
9/5/2006 20:25:00, 11.4,275.9,  0.6,  3.3, 19.079, 29.02,  0.0,  0.0,  0.092, 257.47,  0.056, 219.94,  0.108, 267.88,  0.095, 287.10,  0.018, 356.82,  0.094, 332.89,  0.203, 312.81,  0.132, 287.20,  0.085, 295.96,  0.116, 290.15,  0.119, 272.41,  0.198, 281.93,  0.187, 280.47,  0.159, 295.76,  0.152, 291.66,  0.069, 270.83,-99.000, -99.00,-99.000, -99.00,-99.000, -99.00,-99.000, -99.00,
9/5/2006 20:30:00, 11.4,275.9,  0.6,  3.3, 19.080, 29.02,  0.0,  0.0,  0.022,  79.70,  0.079, 237.92,  0.097, 309.96,  0.075, 237.99,  0.117, 278.82,  0.139, 284.53,  0.040, 348.41,  0.097, 328.93,  0.184, 299.63,  0.233, 298.98,  0.057, 318.53,  0.178, 312.49,  0.192, 303.11,  0.171, 302.11,  0.165, 307.84,  0.074, 253.52,-99.000, -99.00,-99.000, -99.00,-99.000, -99.00,-99.000, -99.00,
9/5/2006 20:35:00, 11.4,275.9,  0.7,  3.3, 19.073, 29.02,  0.0,  0.0,  0.074, 304.55,  0.095, 295.49,  0.020, 225.00,  0.100, 270.00,  0.123, 307.43,  0.194, 287.97,  0.085, 304.99,  0.126, 299.01,  0.175, 313.15,  0.088, 338.08,  0.173, 297.90,  0.206, 311.26,  0.230, 307.22,  0.246, 286.52,  0.213, 304.29,  0.117, 294.81,-99.000, -99.00,-99.000, -99.00,-99.000, -99.00,-99.000, -99.00,
9/5/2006 20:40:00, 11.4,275.9,  0.7,  3.3, 19.069, 29.02,  0.0,  0.0,  0.033, 250.46,  0.059, 207.44,  0.175, 219.68,  0.059, 323.33,  0.091, 314.56,  0.145, 335.03,  0.053, 250.20,  0.152, 288.43,  0.108, 327.49,  0.126, 295.95,  0.209, 317.91,  0.149, 315.81,  0.203, 308.00,  0.203, 301.11,  0.100, 313.78,  0.054, 288.43,-99.000, -99.00,-99.000, -99.00,-99.000, -99.00,-99.000, -99.00,
9/5/2006 20:45:00, 11.4,275.8,  0.7,  3.3, 19.074, 29.02,  0.0,  0.0,  0.076, 184.51,  0.012, 265.24,  0.068, 264.96,  0.099, 194.60,  0.043, 345.32,  0.081, 320.01,  0.219, 309.44,  0.175, 317.09,  0.092, 317.64,  0.155, 325.28,  0.133, 332.28,  0.243, 295.09,  0.196, 287.79,  0.061, 272.82,  0.171, 288.75,  0.162, 256.82,-99.000, -99.00,-99.000, -99.00,-99.000, -99.00,-99.000, -99.00,
9/5/2006 20:50:00, 11.4,275.9,  0.6,  3.3, 19.050, 29.02,  0.0,  0.0,  0.116, 237.00,  0.113, 194.41,  0.095, 237.48,  0.064,  77.28,  0.116, 299.87,  0.149, 257.64,  0.161, 329.77,  0.139, 320.83,  0.103, 307.09,  0.151, 294.70,  0.125, 302.30,  0.185, 287.26,  0.212, 296.57,  0.204, 292.17,  0.163, 304.76,  0.139, 299.34,-99.000, -99.00,-99.000, -99.00,-99.000, -99.00,-99.000, -99.00,
9/5/2006 20:55:00, 11.4,275.8,  0.6,  3.3, 19.044, 29.02,  0.0,  0.0,  0.060, 273.81,  0.095, 201.69,  0.099, 229.90,  0.066, 206.18,  0.112, 311.38,  0.161, 303.89,  0.091, 289.82,  0.174,  21.99,  0.193, 346.83,  0.119, 342.33,  0.158, 301.27,  0.169, 301.43,  0.120, 291.00,  0.117, 297.00,  0.150, 317.16,  0.065, 289.83,-99.000, -99.00,-99.000, -99.00,-99.000, -99.00,-99.000, -99.00,
9/5/2006 21:00:00, 11.4,275.9,  0.6,  3.3, 19.043, 29.02,  0.0,  0.0,  0.158, 189.46,  0.069, 224.41,  0.051, 244.44,  0.051, 160.50,  0.133, 234.16,  0.069, 247.89,  0.065, 308.11,  0.094, 312.85,  0.138, 346.57,  0.157, 339.49,  0.123, 336.56,  0.131, 343.09,  0.149, 323.44,  0.171, 298.21,  0.110, 297.03,  0.039, 209.20,-99.000, -99.00,-99.000, -99.00,-99.000, -99.00,-99.000, -99.00,
9/5/2006 21:05:00, 11.4,275.9,  0.6,  3.3, 19.055, 29.02,  0.0,  0.0,  0.138, 267.51,  0.073, 255.77,  0.088, 264.81,  0.089, 177.43,  0.025, 191.77,  0.055, 126.87,  0.109, 287.10,  0.164, 280.90,  0.074, 350.67,  0.077,   1.49,  0.029, 354.09,  0.116, 289.69,  0.126, 316.93,  0.119, 287.67,  0.095, 321.43,  0.043, 232.59,-99.000, -99.00,-99.000, -99.00,-99.000, -99.00,-99.000, -99.00,
9/5/2006 21:10:00, 11.4,275.9,  0.7,  3.3, 19.022, 29.02,  0.0,  0.0,  0.112, 188.20,  0.079, 142.70,  0.089, 189.04,  0.086, 239.84,  0.017, 249.44,  0.037, 186.17,  0.090, 316.35,  0.117, 302.06,  0.084, 349.76,  0.205, 358.32,  0.144, 347.99,  0.081, 308.99,  0.181, 301.23,  0.156, 322.84,  0.081, 349.38,  0.128, 239.42,-99.000, -99.00,-99.000, -99.00,-99.000, -99.00,-99.000, -99.00,
9/5/2006 21:15:00, 11.4,275.8,  0.6,  3.3, 19.030, 29.02,  0.0,  0.0,  0.044, 245.77,  0.088, 204.82,  0.097, 173.46,  0.093, 209.05,  0.053, 228.81,  0.054,  35.17,  0.066,  50.53,  0.107, 315.00,  0.088,  17.20,  0.074, 276.17,  0.030,   9.46,  0.069, 343.94,  0.080, 286.63,  0.077, 262.50,  0.074, 246.19,  0.046, 172.57,-99.000, -99.00,-99.000, -99.00,-99.000, -99.00,-99.000, -99.00,
9/5/2006 21:20:00, 11.4,275.9,  0.6,  3.3, 19.042, 29.02,  0.0,  0.0,  0.057, 135.00,  0.094, 193.59,  0.153, 155.28,  0.036,  96.34,  0.023, 160.02,  0.029,  77.91,  0.026,  57.53,  0.076, 313.94,  0.062,  41.10,  0.134, 311.07,  0.113, 340.28,  0.109, 327.77,  0.131, 287.74,  0.120, 247.93,  0.075, 288.68,  0.130, 294.99,-99.000, -99.00,-99.000, -99.00,-99.000, -99.00,-99.000, -99.00,
9/5/2006 21:25:00, 11.4,275.8,  0.6,  3.3, 19.031, 29.02,  0.0,  0.0,  0.081, 220.99,  0.047, 153.43,  0.129, 212.95,  0.113, 218.90,  0.023, 149.04,  0.034, 220.24,  0.042,  30.26,  0.109, 287.10,  0.079, 281.74,  0.124, 282.58,  0.073, 273.92,  0.073, 304.35,  0.120, 318.05,  0.159, 288.32,  0.089, 295.13,  0.066, 201.48,-99.000, -99.00,-99.000, -99.00,-99.000, -99.00,-99.000, -99.00,
9/5/2006 21:30:00, 11.4,275.9,  0.7,  3.3, 19.019, 29.02,  0.0,  0.0,  0.109, 184.20,  0.026, 171.25,  0.103, 226.57,  0.076, 269.25,  0.139, 225.58,  0.104, 154.42,  0.034, 103.63,  0.015,  47.73,  0.093,  29.05,  0.017,  59.04,  0.118, 331.70,  0.127, 306.33,  0.148, 327.71,  0.164, 318.45,  0.126, 324.04,  0.061, 248.03,-99.000, -99.00,-99.000, -99.00,-99.000, -99.00,-99.000, -99.00,
9/5/2006 21:35:00, 11.4,275.8,  0.6,  3.3, 19.016, 29.02,  0.0,  0.0,  0.147, 154.13,  0.037, 105.52,  0.123, 151.35,  0.160, 191.52,  0.166, 173.43,  0.055, 141.67,  0.028, 135.00,  0.090, 288.03,  0.164, 335.93,  0.092, 349.30,  0.090,   1.91,  0.162, 310.99,  0.085, 334.94,  0.057, 280.12,  0.036, 255.58,  0.033, 291.16,-99.000, -99.00,-99.000, -99.00,-99.000, -99.00,-99.000, -99.00,
9/5/2006 21:40:00, 11.4,275.8,  0.6,  3.3, 19.006, 29.02,  0.0,  0.0,  0.102, 108.26,  0.155, 118.88,  0.129, 155.22,  0.089, 146.49,  0.035, 194.83,  0.024, 180.00,  0.016, 108.43,  0.019, 270.00,  0.065,  34.92,  0.042,  49.84,  0.066, 275.19,  0.064, 327.80,  0.111, 330.90,  0.062, 318.29,  0.054, 279.64,  0.029, 271.97,-99.000, -99.00,-99.000, -99.00,-99.000, -99.00,-99.000, -99.00,
9/5/2006 21:45:00, 11.4,275.9,  0.6,  3.3, 19.004, 29.02,  0.0,  0.0,  0.158, 117.86,  0.147, 121.63,  0.059,  63.87,  0.083,  76.13,  0.112, 199.90,  0.070, 180.00,  0.056, 163.50,  0.019,  71.57,  0.056, 271.02,  0.074, 282.53,  0.037, 316.08,  0.108, 290.62,  0.020, 212.91,  0.015, 306.87,  0.080, 347.70,  0.034, 281.98,-99.000, -99.00,-99.000, -99.00,-99.000, -99.00,-99.000, -99.00,
9/5/2006 21:50:00, 11.4,275.9,  0.6,  3.3, 18.982, 29.02,  0.0,  0.0,  0.132, 209.48,  0.079, 171.25,  0.061, 164.83,  0.091, 132.32,  0.101, 163.35,  0.100, 163.74,  0.083, 177.93,  0.045, 221.42,  0.022, 272.60,  0.061, 309.69,  0.060, 330.85,  0.067, 302.74,  0.149, 309.02,  0.091,   8.22,  0.162, 326.60,  0.038, 207.90,-99.000, -99.00,-99.000, -99.00,-99.000, -99.00,-99.000, -99.00,
9/5/2006 21:55:00, 11.4,275.9,  0.7,  3.3, 18.972, 29.02,  0.0,  0.0,  0.085, 150.42,  0.133, 175.27,  0.175, 162.70,  0.064, 161.85,  0.116, 175.07,  0.128, 177.32,  0.109, 199.27,  0.138, 213.46,  0.075, 226.08,  0.046, 251.18,  0.042, 242.82,  0.086, 311.69,  0.081, 335.03,  0.085,  14.36,  0.065, 331.46,  0.050, 216.87,-99.000, -99.00,-99.000, -99.00,-99.000, -99.00,-99.000, -99.00,
9/5/2006 22:00:00, 11.4,275.9,  0.6,  3.3, 18.960, 29.02,  0.0,  0.0,  0.054, 102.76,  0.195, 132.71,  0.108, 144.40,  0.094, 151.24,  0.123, 207.19,  0.037, 255.96,  0.046, 168.69,  0.021, 270.00,  0.017, 290.56,  0.087, 352.71,  0.039,  35.71,  0.072,  86.03,  0.081, 257.16,  0.021, 330.95,  0.069,  98.37,  0.069, 143.30,-99.000, -99.00,-99.000, -99.00,-99.000, -99.00,-99.000, -99.00,
9/5/2006 22:05:00, 11.4,275.8,  0.7,  3.3, 18.962, 29.02,  0.0,  0.0,  0.057, 158.39,  0.150, 103.48,  0.077, 136.58,  0.146, 149.57,  0.200, 159.48,  0.154, 180.00,  0.171, 159.44,  0.094, 177.56,  0.074, 100.86,  0.039,   0.00,  0.005, 323.13,  0.075, 320.39,  0.076,   4.51,  0.091, 308.76,  0.055, 309.14,  0.041, 218.00,-99.000, -99.00,-99.000, -99.00,-99.000, -99.00,-99.000, -99.00,
9/5/2006 22:10:00, 11.4,275.9,  0.6,  3.3, 18.963, 29.02,  0.0,  0.0,  0.117, 128.05,  0.265, 107.34,  0.157, 113.29,  0.201, 123.85,  0.105, 178.91,  0.126, 142.77,  0.117, 183.42,  0.078, 186.67,  0.067, 178.29,  0.018,  73.61,  0.059,  52.55,  0.061,  83.45,  0.032, 339.86,  0.029, 128.05,  0.055,  39.81,  0.043, 350.54,-99.000, -99.00,-99.000, -99.00,-99.000, -99.00,-99.000, -99.00,
9/5/2006 22:15:00, 11.4,275.9,  0.6,  3.3, 18.959, 29.02,  0.0,  0.0,  0.161,  91.78,  0.243, 110.45,  0.147, 112.89,  0.275, 136.91,  0.160, 112.07,  0.186, 160.88,  0.132, 164.59,  0.106, 125.04,  0.118, 161.26,  0.038, 193.67,  0.056,  22.93,  0.070, 353.48,  0.063, 267.27,  0.043,  14.68,  0.059,   0.00,  0.055, 285.80,-99.000, -99.00,-99.000, -99.00,-99.000, -99.00,-99.000, -99.00,
9/5/2006 22:20:00, 11.4,275.8,  0.7,  3.3, 18.951, 29.02,  0.0,  0.0,  0.130,  99.75,  0.170, 135.00,  0.133, 130.41,  0.171, 145.94,  0.106, 158.50,  0.179, 144.80,  0.131, 164.90,  0.132, 132.86,  0.065, 164.90,  0.089, 311.79,  0.055, 273.12,  0.056, 212.55,  0.058, 156.54,  0.039, 277.31,  0.068, 342.10,  0.022, 195.95,-99.000, -99.00,-99.000, -99.00,-99.000, -99.00,-99.000, -99.00,
9/5/2006 22:25:00, 11.4,275.9,  0.7,  3.3, 18.941, 29.02,  0.0,  0.0,  0.076,  86.99,  0.128, 131.19,  0.057,  97.00,  0.145, 126.87,  0.166, 132.81,  0.189, 161.85,  0.172, 142.33,  0.091, 126.49,  0.061, 199.03,  0.041, 197.10,  0.046,  73.54,  0.023, 109.98,  0.069,  52.63,  0.027, 156.25,  0.016, 190.62,  0.093, 207.67,-99.000, -99.00,-99.000, -99.00,-99.000, -99.00,-99.000, -99.00,
9/5/2006 22:30:00, 11.4,275.9,  0.7,  3.3, 18.941, 29.02,  0.0,  0.0,  0.071, 117.65,  0.212, 132.51,  0.292, 121.13,  0.141, 140.45,  0.133, 161.16,  0.142, 181.21,  0.200, 159.21,  0.170, 139.55,  0.079, 177.83,  0.052, 171.09,  0.100, 261.38,  0.041, 242.18,  0.043, 270.00,  0.004, 270.00,  0.069,  41.50,  0.047, 207.65,-99.000, -99.00,-99.000, -99.00,-99.000, -99.00,-99.000, -99.00,
9/5/2006 22:35:00, 11.4,275.8,  0.7,  3.3, 18.936, 29.03,  0.0,  0.0,  0.198, 106.70,  0.102, 143.81,  0.199, 127.45,  0.150, 169.22,  0.132, 190.46,  0.113, 168.29,  0.127, 154.85,  0.169, 133.80,  0.150, 114.86,  0.056, 142.93,  0.058, 198.12,  0.030,  15.42,  0.111, 301.41,  0.116, 288.59,  0.043, 283.39,  0.082, 229.47,-99.000, -99.00,-99.000, -99.00,-99.000, -99.00,-99.000, -99.00,
9/5/2006 22:40:00, 11.4,275.8,  0.7,  3.3, 18.927, 29.03,  0.0,  0.0,  0.116, 128.35,  0.122, 129.32,  0.119, 121.54,  0.152, 141.40,  0.176, 142.87,  0.121, 153.01,  0.066, 149.18,  0.215, 131.41,  0.133, 147.86,  0.112, 140.06,  0.048,  20.70,  0.107, 340.89,  0.110, 317.59,  0.051, 303.07,  0.074, 349.14,  0.080, 216.87,-99.000, -99.00,-99.000, -99.00,-99.000, -99.00,-99.000, -99.00,
9/5/2006 22:45:00, 11.4,275.8,  0.7,  3.3, 18.915, 29.04,  0.0,  0.0,  0.174, 130.57,  0.131, 161.70,  0.099, 155.51,  0.198, 158.63,  0.205, 141.34,  0.136, 126.62,  0.196, 125.23,  0.069, 129.70,  0.124, 125.48,  0.166, 118.72,  0.093, 120.96,  0.027, 311.99,  0.032, 325.30,  0.064,  28.97,  0.083, 298.72,  0.066, 238.74,-99.000, -99.00,-99.000, -99.00,-99.000, -99.00,-99.000, -99.00,
9/5/2006 22:50:00, 11.4,275.8,  0.7,  3.3, 18.914, 29.04,  0.0,  0.0,  0.205, 119.57,  0.219, 119.49,  0.148, 134.73,  0.127, 146.56,  0.114, 115.89,  0.204, 127.04,  0.218, 133.14,  0.171, 159.76,  0.137, 136.77,  0.061, 127.06,  0.056,  77.69,  0.066, 341.57,  0.095, 335.06,  0.029, 352.15,  0.022, 270.00,  0.044, 301.87,-99.000, -99.00,-99.000, -99.00,-99.000, -99.00,-99.000, -99.00,
9/5/2006 22:55:00, 11.4,275.9,  0.6,  3.3, 18.911, 29.05,  0.0,  0.0,  0.183, 119.08,  0.233, 125.05,  0.148, 134.45,  0.170, 117.77,  0.092, 144.75,  0.175, 150.50,  0.178, 102.63,  0.197, 117.47,  0.158, 135.77,  0.093, 142.39,  0.028, 248.96,  0.025, 270.00,  0.023, 105.26,  0.046,  90.00,  0.043, 353.37,  0.093, 189.26,-99.000, -99.00,-99.000, -99.00,-99.000, -99.00,-99.000, -99.00,
9/5/2006 23:00:00, 11.4,275.9,  0.7,  3.3, 18.908, 29.05,  0.0,  0.0,  0.185, 136.54,  0.206, 124.92,  0.223, 115.19,  0.193, 158.75,  0.160, 108.21,  0.228, 129.84,  0.170, 110.99,  0.166, 123.21,  0.214, 129.87,  0.104, 131.50,  0.061, 312.34,  0.042, 125.22,  0.065,  96.15,  0.025, 244.44,  0.066, 272.60,  0.033, 199.54,-99.000, -99.00,-99.000, -99.00,-99.000, -99.00,-99.000, -99.00,
9/5/2006 23:05:00, 11.4,275.9,  0.7,  3.3, 18.904, 29.05,  0.0,  0.0,  0.142, 137.56,  0.100,  93.43,  0.164,  92.10,  0.179, 130.46,  0.152,  94.92,  0.198, 111.00,  0.106, 108.78,  0.103, 133.03,  0.068, 105.26,  0.056, 189.29,  0.047, 288.43,  0.054,  19.44,  0.078,  29.20,  0.063, 316.93,  0.114, 333.89,  0.100, 236.47,-99.000, -99.00,-99.000, -99.00,-99.000, -99.00,-99.000, -99.00,
9/5/2006 23:10:00, 11.4,275.9,  0.7,  3.3, 18.895, 29.06,  0.0,  0.0,  0.116, 101.89,  0.192, 109.75,  0.236,  87.82,  0.219, 129.64,  0.168, 125.78,  0.080, 107.53,  0.079, 120.47,  0.093,  91.85,  0.008, 345.96,  0.026, 337.38,  0.012, 325.01,  0.024,  24.44,  0.020,  45.00,  0.046, 325.62,  0.057,  34.25,  0.030, 203.20,-99.000, -99.00,-99.000, -99.00,-99.000, -99.00,-99.000, -99.00,
9/5/2006 23:15:00, 11.4,275.9,  0.7,  3.3, 18.885, 29.07,  0.0,  0.0,  0.124, 102.58,  0.136, 118.64,  0.186, 124.71,  0.167, 126.25,  0.196, 135.21,  0.172, 111.18,  0.249, 134.35,  0.006, 300.96,  0.089, 158.32,  0.147, 179.22,  0.100, 211.94,  0.073, 315.56,  0.075,  62.06,  0.039,   1.47,  0.020,  14.74,  0.091, 244.56,-99.000, -99.00,-99.000, -99.00,-99.000, -99.00,-99.000, -99.00,
9/5/2006 23:20:00, 11.4,275.9,  0.6,  3.3, 18.868, 29.07,  0.0,  0.0,  0.084,  77.62,  0.218,  95.00,  0.113,  99.13,  0.165, 124.65,  0.196,  99.08,  0.220,  96.25,  0.214, 106.83,  0.086, 119.25,  0.106,  91.08,  0.103,  75.43,  0.105, 135.00,  0.091,  88.74,  0.076,  41.26,  0.062, 341.27,  0.051, 357.75,  0.108, 278.50,-99.000, -99.00,-99.000, -99.00,-99.000, -99.00,-99.000, -99.00,
9/5/2006 23:25:00, 11.4,275.8,  0.6,  3.3, 18.856, 29.08,  0.0,  0.0,  0.258, 113.08,  0.225, 107.87,  0.160,  92.15,  0.273, 103.78,  0.246, 123.88,  0.233, 100.63,  0.181, 120.26,  0.121, 113.39,  0.124, 139.90,  0.043, 141.55,  0.046, 262.57,  0.044, 152.85,  0.060, 176.19,  0.006, 161.57,  0.060, 297.85,  0.025, 334.44,-99.000, -99.00,-99.000, -99.00,-99.000, -99.00,-99.000, -99.00,
9/5/2006 23:30:00, 11.4,275.9,  0.7,  3.3, 18.842, 29.09,  0.0,  0.0,  0.196,  85.31,  0.300, 132.30,  0.221, 116.33,  0.241, 120.72,  0.273, 124.39,  0.270, 106.15,  0.150, 107.10,  0.205,  74.74,  0.175, 100.86,  0.143, 116.21,  0.087, 125.15,  0.032,  90.00,  0.052, 121.53,  0.056, 353.88,  0.008,  75.96,  0.090, 169.07,-99.000, -99.00,-99.000, -99.00,-99.000, -99.00,-99.000, -99.00,
9/5/2006 23:35:00, 11.4,276.0,  0.7,  3.3, 18.822, 29.09,  0.0,  0.0,  0.171,  91.34,  0.207,  98.33,  0.210, 130.75,  0.202, 147.72,  0.149, 113.30,  0.172, 108.96,  0.056,  97.13,  0.123,  82.07,  0.131, 138.40,  0.043, 185.31,  0.021, 209.05,  0.066, 358.26,  0.040, 244.72,  0.056, 272.05,  0.017,  13.24,  0.114, 243.89,-99.000, -99.00,-99.000, -99.00,-99.000, -99.00,-99.000, -99.00,
9/5/2006 23:40:00, 11.4,275.8,  0.7,  3.3, 18.844, 29.09,  0.0,  0.0,  0.176, 132.93,  0.194, 119.60,  0.187, 135.22,  0.196, 135.62,  0.173, 107.18,  0.146, 124.67,  0.160, 110.93,  0.083, 125.22,  0.079, 148.54,  0.043, 253.69,  0.042, 223.09,  0.025,  80.91,  0.030,  86.19,  0.108, 237.04,  0.048, 242.90,  0.026, 200.56,-99.000, -99.00,-99.000, -99.00,-99.000, -99.00,-99.000, -99.00,
9/5/2006 23:45:00, 11.4,275.8,  0.7,  3.3, 18.832, 29.09,  0.0,  0.0,  0.084,  90.68,  0.107,  89.46,  0.132, 151.11,  0.061, 153.85,  0.168, 164.80,  0.119, 145.24,  0.051, 153.43,  0.081, 131.52,  0.066, 125.13,  0.072, 139.48,  0.066, 153.05,  0.042, 196.70,  0.041, 226.97,  0.035, 133.83,  0.079, 283.86,  0.077, 228.67,-99.000, -99.00,-99.000, -99.00,-99.000, -99.00,-99.000, -99.00,
9/5/2006 23:50:00, 11.4,275.9,  0.7,  3.3, 18.829, 29.09,  0.0,  0.0,  0.035,   3.27,  0.040, 132.95,  0.065,  34.42,  0.083, 162.44,  0.099, 227.45,  0.064, 180.90,  0.090, 143.13,  0.034, 161.03,  0.088, 252.18,  0.026, 202.62,  0.005,  90.00,  0.052,  48.09,  0.101, 280.86,  0.044, 305.84,  0.073,  27.61,  0.021, 334.65,-99.000, -99.00,-99.000, -99.00,-99.000, -99.00,-99.000, -99.00,
9/5/2006 23:55:00, 11.4,275.8,  0.6,  3.3, 18.820, 29.09,  0.0,  0.0,  0.034, 225.00,  0.066, 333.82,  0.038,   6.01,  0.041, 295.94,  0.066, 270.87,  0.037, 124.11,  0.033, 244.98,  0.050, 180.00,  0.081, 153.75,  0.104, 176.70,  0.055, 347.47,  0.025, 301.76,  0.022, 291.80,  0.061,  24.06,  0.032,  14.47,  0.078, 276.67,-99.000, -99.00,-99.000, -99.00,-99.000, -99.00,-99.000, -99.00,
9/6/2006 00:00:00, 11.4,276.0,  0.7,  3.3, 18.839, 29.08,  0.0,  0.0,  0.039, 127.75,  0.046, 201.57,  0.025, 357.71,  0.059, 131.55,  0.125, 318.90,  0.055, 140.86,  0.024, 308.29,  0.091, 318.11,  0.025, 228.18,  0.092, 126.12,  0.019, 168.11,  0.056, 281.31,  0.085, 324.07,  0.161, 345.62,  0.106, 339.00,  0.092, 248.20,-99.000, -99.00,-99.000, -99.00,-99.000, -99.00,-99.000, -99.00,
9/6/2006 00:05:00, 11.4,275.8,  0.7,  3.3, 18.820, 29.07,  0.0,  0.0,  0.066,  75.12,  0.088,  45.92,  0.119, 322.84,  0.095, 320.12,  0.098,  81.21,  0.039,   4.40,  0.101, 323.47,  0.044,  11.82,  0.114, 333.89,  0.025, 303.69,  0.082, 313.03,  0.104, 283.37,  0.080, 244.08,  0.089, 302.07,  0.091,  16.64,  0.016,  10.62,-99.000, -99.00,-99.000, -99.00,-99.000, -99.00,-99.000, -99.00,
9/6/2006 00:10:00, 11.4,275.9,  0.7,  3.3, 18.813, 29.07,  0.0,  0.0,  0.207, 339.90,  0.100, 337.56,  0.185, 355.65,  0.109, 352.09,  0.129,   1.33,  0.069, 313.83,  0.009, 159.44,  0.158, 295.10,  0.066, 316.85,  0.025,  46.64,  0.049, 356.50,  0.141, 291.65,  0.150, 299.65,  0.097, 331.06,  0.107, 336.31,  0.073, 267.65,-99.000, -99.00,-99.000, -99.00,-99.000, -99.00,-99.000, -99.00,
9/6/2006 00:15:00, 11.4,275.8,  0.7,  3.3, 18.800, 29.07,  0.0,  0.0,  0.172,  28.80,  0.109, 343.40,  0.193, 352.25,  0.151,   1.14,  0.162,   4.24,  0.150,  24.86,  0.169, 349.42,  0.183, 323.88,  0.090, 347.20,  0.066, 314.38,  0.058,  26.57,  0.128, 326.81,  0.050, 308.48,  0.124, 332.61,  0.118, 349.26,  0.033, 322.43,-99.000, -99.00,-99.000, -99.00,-99.000, -99.00,-99.000, -99.00,
9/6/2006 00:20:00, 11.4,275.9,  0.6,  3.3, 18.800, 29.07,  0.0,  0.0,  0.255, 341.21,  0.213, 352.17,  0.147,   0.00,  0.238, 341.87,  0.183, 335.53,  0.189, 321.67,  0.130, 355.16,  0.215, 339.29,  0.199, 339.38,  0.143, 345.87,  0.112, 334.12,  0.136, 325.49,  0.116, 337.65,  0.087, 354.75,  0.109, 331.56,  0.037, 227.20,-99.000, -99.00,-99.000, -99.00,-99.000, -99.00,-99.000, -99.00,
9/6/2006 00:25:00, 11.4,275.9,  0.6,  3.3, 18.787, 29.06,  0.0,  0.0,  0.212, 348.32,  0.227, 340.21,  0.272, 328.06,  0.164, 335.47,  0.169, 343.82,  0.211, 327.59,  0.212, 323.83,  0.232, 310.63,  0.197, 301.91,  0.163, 358.59,  0.167, 346.13,  0.166, 319.89,  0.190, 317.34,  0.149, 334.98,  0.101, 293.27,  0.009,  54.46,-99.000, -99.00,-99.000, -99.00,-99.000, -99.00,-99.000, -99.00,
9/6/2006 00:30:00, 11.4,275.8,  0.7,  3.3, 18.779, 29.06,  0.0,  0.0,  0.239, 343.00,  0.334, 353.81,  0.291, 331.23,  0.173, 332.10,  0.153, 351.71,  0.255, 329.61,  0.215, 326.75,  0.218, 319.46,  0.192, 338.25,  0.178, 349.64,  0.172, 337.77,  0.241, 329.61,  0.168, 336.49,  0.146, 336.96,  0.097, 312.91,  0.019, 251.57,-99.000, -99.00,-99.000, -99.00,-99.000, -99.00,-99.000, -99.00,
9/6/2006 00:35:00, 11.4,275.8,  0.7,  3.3, 18.761, 29.06,  0.0,  0.0,  0.229, 351.20,  0.223, 320.46,  0.152, 321.93,  0.202, 337.88,  0.248, 328.68,  0.127, 347.28,  0.159,   1.44,  0.185, 340.39,  0.162,   5.32,  0.171, 355.29,  0.228, 357.74,  0.251, 342.65,  0.179, 324.09,  0.138, 337.35,  0.129, 336.22,  0.094, 332.89,-99.000, -99.00,-99.000, -99.00,-99.000, -99.00,-99.000, -99.00,
9/6/2006 00:40:00, 11.4,275.9,  0.7,  3.3, 18.772, 29.06,  0.0,  0.0,  0.284, 333.89,  0.283, 337.15,  0.162, 325.82,  0.250, 332.92,  0.252, 326.81,  0.221, 345.34,  0.114, 345.23,  0.205, 339.71,  0.186, 336.60,  0.185, 323.81,  0.195, 317.49,  0.097, 313.75,  0.148, 310.35,  0.123, 303.69,  0.149, 318.27,  0.059, 303.96,-99.000, -99.00,-99.000, -99.00,-99.000, -99.00,-99.000, -99.00,
9/6/2006 00:45:00, 11.4,275.8,  0.7,  3.3, 18.748, 29.06,  0.0,  0.0,  0.227, 343.08,  0.262,  11.01,  0.212,   1.62,  0.212, 351.03,  0.195,   5.89,  0.207,   8.87,  0.222,   9.59,  0.165, 351.28,  0.146, 357.26,  0.096, 347.41,  0.104, 352.26,  0.020,  32.91,  0.108, 322.17,  0.127, 351.42,  0.105, 319.64,  0.170, 281.18,-99.000, -99.00,-99.000, -99.00,-99.000, -99.00,-99.000, -99.00,
9/6/2006 00:50:00, 11.4,275.9,  0.6,  3.3, 18.745, 29.05,  0.0,  0.0,  0.184,  10.64,  0.248, 335.19,  0.262, 343.84,  0.146, 350.15,  0.223, 350.20,  0.218, 322.66,  0.208, 338.61,  0.219, 327.11,  0.135, 356.19,  0.215, 359.20,  0.127, 357.75,  0.109, 309.81,  0.126, 310.16,  0.196, 327.93,  0.151, 354.29,  0.041, 353.05,-99.000, -99.00,-99.000, -99.00,-99.000, -99.00,-99.000, -99.00,
9/6/2006 00:55:00, 11.4,276.0,  0.7,  3.3, 18.741, 29.05,  0.0,  0.0,  0.253, 347.45,  0.191, 332.49,  0.168, 325.93,  0.248, 336.95,  0.133,   5.19,  0.183, 336.10,  0.177, 330.54,  0.227, 341.01,  0.127, 336.86,  0.134, 343.59,  0.129, 336.63,  0.148, 351.81,  0.105, 316.15,  0.109, 342.40,  0.135,   7.65,  0.133, 356.13,-99.000, -99.00,-99.000, -99.00,-99.000, -99.00,-99.000, -99.00,
9/6/2006 01:00:00, 11.4,275.9,  0.7,  3.3, 18.756, 29.04,  0.0,  0.0,  0.142, 345.77,  0.226, 337.07,  0.231,  13.25,  0.138,   7.07,  0.101, 345.69,  0.204, 315.40,  0.109, 325.44,  0.244, 324.16,  0.199, 327.90,  0.151,   1.14,  0.139, 312.08,  0.152, 304.53,  0.070,  10.67,  0.146, 327.29,  0.203, 321.38,  0.027, 228.01,-99.000, -99.00,-99.000, -99.00,-99.000, -99.00,-99.000, -99.00,
9/6/2006 01:05:00, 11.4,275.9,  0.6,  3.3, 18.750, 29.04,  0.0,  0.0,  0.104, 356.70,  0.145, 341.94,  0.197, 336.69,  0.165, 347.74,  0.115, 332.54,  0.103, 322.91,  0.153, 307.32,  0.132, 314.38,  0.163, 304.76,  0.086, 340.93,  0.094, 353.86,  0.130, 357.36,  0.133,  14.35,  0.157,   2.19,  0.170, 326.50,  0.049, 258.23,-99.000, -99.00,-99.000, -99.00,-99.000, -99.00,-99.000, -99.00,
9/6/2006 01:10:00, 11.4,275.9,  0.7,  3.3, 18.747, 29.04,  0.0,  0.0,  0.118,   3.88,  0.216, 339.13,  0.135,  12.39,  0.202,   0.28,  0.111,  14.04,  0.051, 353.29,  0.137, 295.07,  0.107, 308.91,  0.121, 327.09,  0.123, 309.39,  0.070, 330.87,  0.174, 326.49,  0.147, 324.14,  0.120, 324.85,  0.147, 328.37,  0.069, 301.39,-99.000, -99.00,-99.000, -99.00,-99.000, -99.00,-99.000, -99.00,
9/6/2006 01:15:00, 11.4,275.9,  0.6,  3.3, 18.740, 29.04,  0.0,  0.0,  0.202, 326.70,  0.151, 342.65,  0.124, 295.74,  0.082,  10.49,  0.060, 345.50,  0.174, 347.08,  0.097, 321.71,  0.196, 315.21,  0.098, 337.11,  0.101, 309.37,  0.155, 333.93,  0.081,   7.13,  0.153, 353.25,  0.138, 331.95,  0.047,   7.28,  0.068, 293.53,-99.000, -99.00,-99.000, -99.00,-99.000, -99.00,-99.000, -99.00,
9/6/2006 01:20:00, 11.4,276.0,  0.6,  3.3, 18.742, 29.04,  0.0,  0.0,  0.107,  23.69,  0.190, 356.69,  0.116,   2.96,  0.145, 339.81,  0.152, 322.22,  0.106,   6.52,  0.181, 318.58,  0.150, 299.65,  0.086, 296.86,  0.063, 260.84,  0.083, 293.47,  0.106, 334.16,  0.090, 359.36,  0.083, 336.53,  0.173, 335.36,  0.014, 306.03,-99.000, -99.00,-99.000, -99.00,-99.000, -99.00,-99.000, -99.00,
9/6/2006 01:25:00, 11.4,275.9,  0.6,  3.3, 18.737, 29.04,  0.0,  0.0,  0.212, 354.59,  0.167, 345.05,  0.210,   0.82,  0.118, 345.26,  0.134, 308.66,  0.104, 306.43,  0.151, 305.27,  0.084, 244.65,  0.158, 297.54,  0.124, 293.26,  0.158, 308.83,  0.136, 348.52,  0.130, 337.79,  0.128, 350.98,  0.082, 340.68,  0.069, 228.50,-99.000, -99.00,-99.000, -99.00,-99.000, -99.00,-99.000, -99.00,
9/6/2006 01:30:00, 11.4,275.9,  0.6,  3.3, 18.733, 29.05,  0.0,  0.0,  0.212, 354.59,  0.099, 350.73,  0.090, 349.07,  0.116, 310.12,  0.140, 337.29,  0.097, 337.65,  0.056, 314.27,  0.113, 287.47,  0.117, 286.89,  0.059,   1.94,  0.104, 340.35,  0.081, 329.64,  0.166, 331.11,  0.170, 333.43,  0.125,   0.46,  0.043, 142.59,-99.000, -99.00,-99.000, -99.00,-99.000, -99.00,-99.000, -99.00,
9/6/2006 01:35:00, 11.4,275.9,  0.6,  3.3, 18.731, 29.05,  0.0,  0.0,  0.158, 336.52,  0.150, 313.92,  0.054, 290.43,  0.143, 287.55,  0.165, 335.61,  0.119, 298.07,  0.140, 304.82,  0.043, 339.44,  0.114, 303.55,  0.066, 328.74,  0.083, 351.67,  0.075, 335.49,  0.068, 319.76,  0.062,   0.00,  0.102,  34.16,  0.040, 154.72,-99.000, -99.00,-99.000, -99.00,-99.000, -99.00,-99.000, -99.00,
9/6/2006 01:40:00, 11.4,275.9,  0.6,  3.3, 18.731, 29.05,  0.0,  0.0,  0.093,  42.81,  0.076, 334.44,  0.138, 327.69,  0.092, 315.00,  0.099,  12.22,  0.072, 333.43,  0.033, 354.81,  0.085, 298.66,  0.102, 252.81,  0.109, 271.05,  0.060,   3.81,  0.065,   1.76,  0.100,   8.05,  0.099, 331.62,  0.086, 358.67,  0.031, 352.65,-99.000, -99.00,-99.000, -99.00,-99.000, -99.00,-99.000, -99.00,
9/6/2006 01:45:00, 11.4,275.9,  0.6,  3.3, 18.730, 29.05,  0.0,  0.0,  0.184,   9.05,  0.029, 236.31,  0.135,   3.81,  0.167, 300.26,  0.088, 299.18,  0.125, 306.87,  0.025, 286.26,  0.067, 321.07,  0.051, 293.05,  0.092, 319.40,  0.092, 355.65,  0.113, 312.85,  0.075, 304.74,  0.094, 355.74,  0.092,   0.00,  0.038, 227.12,-99.000, -99.00,-99.000, -99.00,-99.000, -99.00,-99.000, -99.00,
9/6/2006 01:50:00, 11.4,276.0,  0.6,  3.3, 18.736, 29.06,  0.0,  0.0,  0.030, 270.00,  0.037, 345.96,  0.063, 358.18,  0.088, 271.30,  0.091, 321.24,  0.053, 322.70,  0.139, 338.96,  0.091, 354.98,  0.109, 281.10,  0.128, 303.81,  0.186, 332.74,  0.136, 302.99,  0.060, 299.98,  0.021, 301.43,  0.069, 317.34,  0.045, 218.66,-99.000, -99.00,-99.000, -99.00,-99.000, -99.00,-99.000, -99.00,
9/6/2006 01:55:00, 11.4,275.9,  0.6,  3.3, 18.732, 29.06,  0.0,  0.0,  0.148, 340.22,  0.095, 342.90,  0.127, 311.82,  0.127, 302.82,  0.062, 305.75,  0.030,  27.41,  0.109, 306.45,  0.098, 324.53,  0.149, 328.44,  0.090, 323.13,  0.082, 274.18,  0.089, 297.43,  0.044, 342.80,  0.078,   2.20,  0.067,   3.42,  0.033, 308.93,-99.000, -99.00,-99.000, -99.00,-99.000, -99.00,-99.000, -99.00,
9/6/2006 02:00:00, 11.4,275.9,  0.6,  3.3, 18.725, 29.07,  0.0,  0.0,  0.197, 323.48,  0.098, 302.88,  0.085, 356.63,  0.047,  42.44,  0.117, 327.94,  0.056, 326.59,  0.022, 302.28,  0.042,  80.31,  0.145, 323.68,  0.176, 328.03,  0.065, 292.62,  0.144, 306.79,  0.170, 323.60,  0.055, 356.88,  0.073, 299.74,  0.049, 255.68,-99.000, -99.00,-99.000, -99.00,-99.000, -99.00,-99.000, -99.00,
9/6/2006 02:05:00, 11.4,275.8,  0.6,  3.3, 18.730, 29.07,  0.0,  0.0,  0.141, 306.95,  0.094, 313.71,  0.026, 261.25,  0.057, 103.07,  0.081,   4.94,  0.052, 347.83,  0.034, 252.65,  0.019, 233.75,  0.116, 307.66,  0.010, 343.30,  0.119, 282.16,  0.123, 331.98,  0.117, 333.00,  0.110, 342.06,  0.117, 327.26,  0.051,  18.43,-99.000, -99.00,-99.000, -99.00,-99.000, -99.00,-99.000, -99.00,
9/6/2006 02:10:00, 11.4,275.9,  0.6,  3.3, 18.728, 29.08,  0.0,  0.0,  0.110, 338.10,  0.034,  45.00,  0.066, 359.13,  0.030,  70.35,  0.089,   0.64,  0.039, 336.04,  0.103, 316.57,  0.186, 273.38,  0.154, 274.09,  0.118, 281.21,  0.120, 263.29,  0.044, 306.61,  0.080,  22.07,  0.047, 335.06,  0.077, 316.58,  0.037, 251.08,-99.000, -99.00,-99.000, -99.00,-99.000, -99.00,-99.000, -99.00,
9/6/2006 02:15:00, 11.4,275.9,  0.6,  3.3, 18.725, 29.08,  0.0,  0.0,  0.210,  17.74,  0.140,  11.55,  0.073, 327.83,  0.094,  18.05,  0.132,  47.14,  0.068, 235.15,  0.089, 295.99,  0.114, 323.94,  0.070, 279.87,  0.074,   4.64,  0.165, 316.72,  0.096, 343.64,  0.112, 327.45,  0.027, 318.01,  0.033,  58.74,  0.044,  25.41,-99.000, -99.00,-99.000, -99.00,-99.000, -99.00,-99.000, -99.00,
9/6/2006 02:20:00, 11.4,275.8,  0.6,  3.3, 18.740, 29.08,  0.0,  0.0,  0.097, 355.87,  0.183,   8.48,  0.101,  40.17,  0.115, 101.02,  0.047, 149.04,  0.020, 306.87,  0.140, 276.57,  0.106, 286.39,  0.221, 263.52,  0.104, 290.88,  0.044, 301.18,  0.009, 341.57,  0.022,  50.53,  0.040,  81.47,  0.026,  72.26,  0.034,  29.54,-99.000, -99.00,-99.000, -99.00,-99.000, -99.00,-99.000, -99.00,
9/6/2006 02:25:00, 11.4,275.9,  0.6,  3.3, 18.756, 29.09,  0.0,  0.0,  0.132, 304.17,  0.006, 141.34,  0.033,   8.62,  0.074, 137.73,  0.043, 213.69,  0.127,   0.00,  0.115, 328.10,  0.090, 297.70,  0.143, 292.99,  0.068, 293.53,  0.041,  38.00,  0.066, 112.29,  0.057, 293.86,  0.023, 295.46,  0.032, 338.20,  0.006, 189.46,-99.000, -99.00,-99.000, -99.00,-99.000, -99.00,-99.000, -99.00,
9/6/2006 02:30:00, 11.4,276.0,  0.6,  3.3, 18.750, 29.09,  0.0,  0.0,  0.075, 278.46,  0.081, 326.11,  0.095, 345.96,  0.077, 320.76,  0.083, 348.15,  0.094, 348.93,  0.083, 355.87,  0.075,  29.65,  0.006, 180.00,  0.016, 270.00,  0.034,  36.53,  0.050,  16.26,  0.084, 306.73,  0.030, 151.70,  0.100, 358.28,  0.047, 340.02,-99.000, -99.00,-99.000, -99.00,-99.000, -99.00,-99.000, -99.00,
9/6/2006 02:35:00, 11.4,275.8,  0.7,  3.3, 18.749, 29.09,  0.0,  0.0,  0.073, 340.08,  0.024,  55.01,  0.118, 318.08,  0.122,   2.35,  0.073, 315.56,  0.061, 336.80,  0.062, 313.70,  0.053, 255.70,  0.021,   5.44,  0.146, 306.63,  0.032, 298.18,  0.071, 270.81,  0.069, 341.30,  0.117, 304.91,  0.031, 326.82,  0.051, 252.98,-99.000, -99.00,-99.000, -99.00,-99.000, -99.00,-99.000, -99.00,
9/6/2006 02:40:00, 11.4,275.9,  0.6,  3.3, 18.747, 29.09,  0.0,  0.0,  0.085, 325.56,  0.085, 303.50,  0.114, 304.66,  0.142, 310.43,  0.085,  41.19,  0.102, 333.69,  0.098, 325.82,  0.064, 278.13,  0.082, 262.96,  0.140, 297.66,  0.144, 271.59,  0.126, 268.64,  0.034, 317.39,  0.080, 336.33,  0.054, 331.05,  0.083, 127.15,-99.000, -99.00,-99.000, -99.00,-99.000, -99.00,-99.000, -99.00,
9/6/2006 02:45:00, 11.4,275.9,  0.6,  3.3, 18.743, 29.09,  0.0,  0.0,  0.119,  11.12,  0.077, 348.84,  0.052, 304.00,  0.128,   7.18,  0.100, 343.74,  0.101, 325.52,  0.175, 304.51,  0.084, 317.91,  0.130, 287.88,  0.061, 329.20,  0.096, 312.47,  0.081, 288.66,  0.102, 279.00,  0.083, 270.69,  0.120, 269.05,  0.087, 308.45,-99.000, -99.00,-99.000, -99.00,-99.000, -99.00,-99.000, -99.00,
9/6/2006 02:50:00, 11.4,275.8,  0.7,  3.3, 18.742, 29.09,  0.0,  0.0,  0.111, 341.57,  0.044, 348.18,  0.109, 306.03,  0.146, 357.65,  0.054,   5.29,  0.077, 324.46,  0.080,  28.50,  0.054, 322.50,  0.051, 298.07,  0.055, 286.80,  0.028, 286.50,  0.059, 324.69,  0.061, 312.34,  0.053, 335.38,  0.112, 333.43,  0.152, 340.85,-99.000, -99.00,-99.000, -99.00,-99.000, -99.00,-99.000, -99.00,
9/6/2006 02:55:00, 11.4,275.8,  0.6,  3.3, 18.743, 29.09,  0.0,  0.0,  0.201, 311.16,  0.095, 301.69,  0.068, 337.57,  0.117,  11.31,  0.146, 334.84,  0.118, 351.73,  0.059, 346.20,  0.021, 324.78,  0.056, 336.67,  0.050, 310.10,  0.119, 300.88,  0.044, 329.93,  0.042, 310.16,  0.067, 319.86,  0.107,   2.68,  0.071, 334.89,-99.000, -99.00,-99.000, -99.00,-99.000, -99.00,-99.000, -99.00,
9/6/2006 03:00:00, 11.4,275.9,  0.7,  3.3, 18.749, 29.09,  0.0,  0.0,  0.077, 325.07,  0.057, 323.53,  0.142, 335.06,  0.144,  30.83,  0.171, 343.36,  0.094, 320.19,  0.019, 356.99,  0.164, 321.67,  0.081, 282.14,  0.149, 263.83,  0.113, 280.21,  0.069,   0.00,  0.065, 318.73,  0.083, 319.40,  0.047,   8.65,  0.099, 335.51,-99.000, -99.00,-99.000, -99.00,-99.000, -99.00,-99.000, -99.00,
9/6/2006 03:05:00, 11.4,275.9,  0.6,  3.3, 18.738, 29.10,  0.0,  0.0,  0.156,   2.94,  0.151, 331.57,  0.088, 277.21,  0.173, 344.28,  0.087,   3.29,  0.028, 341.57,  0.062, 281.13,  0.059, 323.90,  0.100, 308.13,  0.140, 294.92,  0.107, 270.00,  0.025, 236.31,  0.106, 321.51,  0.123, 324.25,  0.053, 355.68,  0.021, 357.27,-99.000, -99.00,-99.000, -99.00,-99.000, -99.00,-99.000, -99.00,
9/6/2006 03:10:00, 11.4,275.8,  0.6,  3.3, 18.759, 29.10,  0.0,  0.0,  0.142, 305.26,  0.125, 318.25,  0.026,   8.75,  0.120, 353.77,  0.112,  33.69,  0.068, 356.63,  0.070, 333.80,  0.134, 312.27,  0.216, 297.28,  0.117, 308.05,  0.066, 263.95,  0.116, 281.99,  0.072, 329.17,  0.107, 339.19,  0.034, 331.93,  0.003,  90.00,-99.000, -99.00,-99.000, -99.00,-99.000, -99.00,-99.000, -99.00,
9/6/2006 03:15:00, 11.4,275.9,  0.6,  3.3, 18.749, 29.10,  0.0,  0.0,  0.117,   6.88,  0.030, 279.46,  0.053, 332.95,  0.123,  20.50,  0.099,  40.10,  0.072, 356.82,  0.009, 302.01,  0.102, 276.78,  0.054, 265.76,  0.092, 300.75,  0.080, 336.33,  0.077,  17.49,  0.034,  18.97,  0.084,   0.00,  0.061, 341.86,  0.009, 234.46,-99.000, -99.00,-99.000, -99.00,-99.000, -99.00,-99.000, -99.00,
9/6/2006 03:20:00, 11.4,275.8,  0.6,  3.3, 18.752, 29.10,  0.0,  0.0,  0.081, 357.88,  0.058, 304.51,  0.051, 341.57,  0.025,  56.31,  0.120, 304.48,  0.070, 263.48,  0.130, 335.01,  0.055, 213.11,  0.112, 282.42,  0.073, 299.74,  0.098, 284.74,  0.036, 353.66,  0.067, 332.28,  0.113, 330.95,  0.062,   5.53,  0.019,  36.25,-99.000, -99.00,-99.000, -99.00,-99.000, -99.00,-99.000, -99.00,
9/6/2006 03:25:00, 11.4,275.9,  0.6,  3.3, 18.746, 29.11,  0.0,  0.0,  0.197, 349.15,  0.056,  39.94,  0.105, 353.96,  0.055, 281.51,  0.004, 180.00,  0.107, 291.31,  0.114, 233.53,  0.194, 252.59,  0.095, 275.41,  0.085, 273.37,  0.101, 253.90,  0.116, 270.99,  0.023, 315.00,  0.035, 300.96,  0.085, 289.93,  0.001,  45.00,-99.000, -99.00,-99.000, -99.00,-99.000, -99.00,-99.000, -99.00,
9/6/2006 03:30:00, 11.4,275.9,  0.6,  3.3, 18.753, 29.11,  0.0,  0.0,  0.111,  15.66,  0.079,  34.70,  0.076, 348.69,  0.034,   8.37,  0.145, 267.24,  0.115, 293.00,  0.090, 326.84,  0.127, 237.18,  0.158, 214.40,  0.141, 226.72,  0.079, 203.01,  0.130, 279.75,  0.125, 271.37,  0.053, 308.16,  0.078, 307.16,  0.053, 257.01,-99.000, -99.00,-99.000, -99.00,-99.000, -99.00,-99.000, -99.00,
9/6/2006 03:35:00, 11.4,275.9,  0.7,  3.3, 18.749, 29.11,  0.0,  0.0,  0.034, 349.70,  0.098, 351.21,  0.016, 345.96,  0.049,  81.87,  0.101, 305.74,  0.036, 131.63,  0.044, 242.85,  0.045, 296.57,  0.035, 298.74,  0.034,  13.63,  0.047, 279.87,  0.076, 295.89,  0.082, 281.31,  0.069, 280.01,  0.098, 316.24,  0.062,   2.77,-99.000, -99.00,-99.000, -99.00,-99.000, -99.00,-99.000, -99.00,
9/6/2006 03:40:00, 11.4,275.9,  0.6,  3.3, 18.762, 29.11,  0.0,  0.0,  0.111,   0.52,  0.009, 341.57,  0.021, 142.59,  0.018, 220.60,  0.057, 271.01,  0.108, 299.42,  0.063, 258.16,  0.039, 160.64,  0.040, 235.12,  0.028, 310.60,  0.015,  61.70,  0.093, 265.08,  0.044, 241.70,  0.034, 330.46,  0.127, 342.14,  0.088, 345.49,-99.000, -99.00,-99.000, -99.00,-99.000, -99.00,-99.000, -99.00,
9/6/2006 03:45:00, 11.4,275.8,  0.6,  3.3, 18.766, 29.11,  0.0,  0.0,  0.156, 355.97,  0.093, 311.07,  0.079, 273.62,  0.029,  35.31,  0.085, 318.81,  0.166, 323.34,  0.056,  11.31,  0.045, 279.04,  0.004, 236.31,  0.057, 270.00,  0.111, 271.03,  0.119, 299.15,  0.119, 288.59,  0.060, 304.22,  0.059, 314.31,  0.071, 294.04,-99.000, -99.00,-99.000, -99.00,-99.000, -99.00,-99.000, -99.00,
9/6/2006 03:50:00, 11.4,275.9,  0.7,  3.3, 18.782, 29.11,  0.0,  0.0,  0.087, 343.24,  0.050,  26.05,  0.127,  65.85,  0.091, 347.95,  0.024, 180.00,  0.058, 351.03,  0.055, 104.80,  0.065, 187.02,  0.085, 289.29,  0.032,   5.36,  0.073, 285.19,  0.022, 267.40,  0.174, 287.08,  0.017, 290.56,  0.036, 218.16,  0.089, 298.87,-99.000, -99.00,-99.000, -99.00,-99.000, -99.00,-99.000, -99.00,
9/6/2006 03:55:00, 11.4,275.8,  0.7,  3.3, 18.781, 29.11,  0.0,  0.0,  0.064, 296.97,  0.040,  17.53,  0.048,  24.44,  0.081, 344.25,  0.081,  31.93,  0.060, 342.47,  0.014, 309.29,  0.099, 265.96,  0.017,  83.29,  0.023, 295.46,  0.008,   0.00,  0.058, 248.75,  0.065, 253.81,  0.057, 277.00,  0.041, 285.75,  0.056, 301.14,-99.000, -99.00,-99.000, -99.00,-99.000, -99.00,-99.000, -99.00,
9/6/2006 04:00:00, 11.4,275.9,  0.6,  3.3, 18.787, 29.12,  0.0,  0.0,  0.117, 316.38,  0.037, 345.96,  0.085, 350.54,  0.105, 329.78,  0.050,  67.56,  0.032, 341.57,  0.071, 327.65,  0.048,  27.10,  0.068, 295.07,  0.067, 272.56,  0.056, 278.28,  0.085, 298.07,  0.088, 332.85,  0.052, 301.53,  0.045, 253.18,  0.027,   6.34,-99.000, -99.00,-99.000, -99.00,-99.000, -99.00,-99.000, -99.00,
9/6/2006 04:05:00, 11.4,275.9,  0.6,  3.3, 18.786, 29.12,  0.0,  0.0,  0.211, 328.34,  0.155, 334.76,  0.066, 357.40,  0.021, 270.00,  0.039, 199.36,  0.029, 287.82,  0.068, 280.98,  0.102, 246.95,  0.063, 351.74,  0.046, 285.26,  0.068, 287.10,  0.053, 331.99,  0.020, 327.09,  0.018, 137.29,  0.081, 274.24,  0.048, 255.38,-99.000, -99.00,-99.000, -99.00,-99.000, -99.00,-99.000, -99.00,
9/6/2006 04:10:00, 11.4,275.9,  0.6,  3.3, 18.788, 29.12,  0.0,  0.0,  0.116, 338.29,  0.195, 317.29,  0.074, 352.97,  0.117, 355.11,  0.058,  39.43,  0.039, 302.47,  0.069, 300.68,  0.004, 194.04,  0.083, 249.61,  0.139, 267.53,  0.086, 327.78,  0.089, 281.06,  0.088, 253.43,  0.107, 213.54,  0.109, 230.19,  0.029,  20.32,-99.000, -99.00,-99.000, -99.00,-99.000, -99.00,-99.000, -99.00,
9/6/2006 04:15:00, 11.4,275.8,  0.6,  3.3, 18.797, 29.12,  0.0,  0.0,  0.189, 353.03,  0.097,   5.95,  0.059, 316.36,  0.117, 340.48,  0.042, 103.71,  0.052, 320.48,  0.070, 252.60,  0.099, 334.21,  0.019, 205.20,  0.066, 310.70,  0.097, 322.54,  0.060, 314.33,  0.026,  62.45,  0.055, 267.92,  0.022, 159.15,  0.095, 285.95,-99.000, -99.00,-99.000, -99.00,-99.000, -99.00,-99.000, -99.00,
9/6/2006 04:20:00, 11.4,275.9,  0.6,  3.3, 18.802, 29.12,  0.0,  0.0,  0.201, 312.18,  0.110, 335.77,  0.068, 354.96,  0.036,   9.46,  0.023, 311.42,  0.097, 332.38,  0.106,   7.06,  0.074,  23.10,  0.183, 348.32,  0.145, 336.44,  0.139, 284.53,  0.092, 303.00,  0.089, 291.08,  0.060, 255.50,  0.044, 287.20,  0.070, 319.67,-99.000, -99.00,-99.000, -99.00,-99.000, -99.00,-99.000, -99.00,
9/6/2006 04:25:00, 11.4,275.9,  0.6,  3.3, 18.805, 29.12,  0.0,  0.0,  0.181, 348.88,  0.106, 307.73,  0.051, 358.88,  0.068, 349.02,  0.163,   9.17,  0.099, 284.04,  0.072, 306.55,  0.059, 338.20,  0.135, 336.47,  0.068,   3.37,  0.081, 347.16,  0.075, 336.50,  0.082, 252.90,  0.073, 250.82,  0.047, 162.72,  0.037, 214.11,-99.000, -99.00,-99.000, -99.00,-99.000, -99.00,-99.000, -99.00,
9/6/2006 04:30:00, 11.4,275.8,  0.6,  3.3, 18.813, 29.12,  0.0,  0.0,  0.059, 293.07,  0.108, 322.17,  0.132, 309.47,  0.086, 324.46,  0.069, 287.65,  0.090, 353.59,  0.041, 292.83,  0.060,   8.67,  0.086, 307.93,  0.094, 288.05,  0.019,  68.75,  0.124, 257.42,  0.059, 217.45,  0.105, 251.74,  0.061, 291.97,  0.067, 327.26,-99.000, -99.00,-99.000, -99.00,-99.000, -99.00,-99.000, -99.00,
9/6/2006 04:35:00, 11.4,275.8,  0.7,  3.3, 18.824, 29.12,  0.0,  0.0,  0.112, 338.48,  0.106, 347.41,  0.055, 337.62,  0.129,   8.00,  0.089,   1.93,  0.032, 356.42,  0.058, 179.01,  0.149, 228.27,  0.051, 279.09,  0.092, 260.64,  0.027, 238.67,  0.061, 180.00,  0.046, 175.03,  0.097, 278.30,  0.040, 304.88,  0.089, 306.74,-99.000, -99.00,-99.000, -99.00,-99.000, -99.00,-99.000, -99.00,
9/6/2006 04:40:00, 11.4,275.9,  0.6,  3.3, 18.821, 29.12,  0.0,  0.0,  0.059, 330.38,  0.062,  31.12,  0.047, 306.38,  0.158,  63.76,  0.143,   6.43,  0.052,  41.08,  0.051, 272.25,  0.062, 124.46,  0.070, 177.55,  0.097, 223.75,  0.104, 250.35,  0.128, 235.19,  0.041, 297.82,  0.024, 292.25,  0.042, 250.71,  0.099, 254.85,-99.000, -99.00,-99.000, -99.00,-99.000, -99.00,-99.000, -99.00,
9/6/2006 04:45:00, 11.4,275.8,  0.6,  3.3, 18.824, 29.12,  0.0,  0.0,  0.098, 284.18,  0.098, 327.93,  0.019, 308.66,  0.093, 335.10,  0.072, 338.79,  0.121, 345.16,  0.053, 341.22,  0.068, 349.02,  0.041, 304.08,  0.064,  69.86,  0.102, 280.76,  0.031,  82.65,  0.023, 120.96,  0.033, 152.65,  0.004, 146.31,  0.066,   0.87,-99.000, -99.00,-99.000, -99.00,-99.000, -99.00,-99.000, -99.00,
9/6/2006 04:50:00, 11.4,275.9,  0.6,  3.3, 18.824, 29.12,  0.0,  0.0,  0.149,   0.00,  0.141, 323.05,  0.085, 344.33,  0.079, 298.84,  0.045, 110.85,  0.068, 313.81,  0.109, 306.76,  0.094, 319.73,  0.060, 285.42,  0.017, 349.99,  0.005,  53.13,  0.009,  90.00,  0.027, 257.01,  0.102, 237.88,  0.016, 142.43,  0.044, 251.57,-99.000, -99.00,-99.000, -99.00,-99.000, -99.00,-99.000, -99.00,
9/6/2006 04:55:00, 11.4,275.9,  0.7,  3.3, 18.833, 29.12,  0.0,  0.0,  0.083, 275.51,  0.107, 271.07,  0.032, 306.16,  0.104, 344.36,  0.075,   2.29,  0.061,   1.88,  0.042, 111.04,  0.020, 120.47,  0.025,  61.39,  0.091, 154.56,  0.018, 180.00,  0.031,  30.65,  0.054, 236.31,  0.076, 225.54,  0.116, 239.89,  0.082, 295.31,-99.000, -99.00,-99.000, -99.00,-99.000, -99.00,-99.000, -99.00,
9/6/2006 05:00:00, 11.4,275.9,  0.6,  3.3, 18.849, 29.12,  0.0,  0.0,  0.099, 320.34,  0.159, 336.33,  0.104, 263.35,  0.050, 164.85,  0.005, 111.80,  0.073,  15.19,  0.089, 346.28,  0.062, 125.75,  0.068, 251.03,  0.028, 347.47,  0.030,  28.30,  0.035, 222.71,  0.031, 279.16,  0.035, 297.30,  0.026, 186.58,  0.023, 149.04,-99.000, -99.00,-99.000, -99.00,-99.000, -99.00,-99.000, -99.00,
9/6/2006 05:05:00, 11.4,275.9,  0.6,  3.3, 18.847, 29.12,  0.0,  0.0,  0.136, 300.53,  0.087, 316.40,  0.022,  21.80,  0.105, 354.56,  0.008, 230.19,  0.080,  58.30,  0.032,  48.81,  0.044, 178.70,  0.033,  72.12,  0.072, 220.52,  0.097, 158.96,  0.073, 251.57,  0.061, 213.69,  0.046, 196.46,  0.017, 244.98,  0.053, 272.16,-99.000, -99.00,-99.000, -99.00,-99.000, -99.00,-99.000, -99.00,
9/6/2006 05:10:00, 11.4,275.9,  0.7,  3.3, 18.855, 29.12,  0.0,  0.0,  0.081, 277.83,  0.058, 277.99,  0.055, 260.54,  0.118, 349.74,  0.074, 180.00,  0.063, 277.35,  0.052, 109.13,  0.038, 340.14,  0.023, 325.62,  0.057, 253.78,  0.041, 232.85,  0.103, 155.42,  0.098, 194.74,  0.145, 213.47,  0.083, 238.80,  0.049, 257.09,-99.000, -99.00,-99.000, -99.00,-99.000, -99.00,-99.000, -99.00,
9/6/2006 05:15:00, 11.4,275.8,  0.6,  3.3, 18.859, 29.13,  0.0,  0.0,  0.067,   6.81,  0.084, 340.48,  0.098, 311.30,  0.054,  26.57,  0.035, 101.63,  0.080, 266.42,  0.056, 274.09,  0.085, 242.53,  0.028, 225.00,  0.058, 321.95,  0.178, 265.16,  0.157, 209.02,  0.173, 209.38,  0.096, 236.48,  0.047, 278.65,  0.091, 289.23,-99.000, -99.00,-99.000, -99.00,-99.000, -99.00,-99.000, -99.00,
9/6/2006 05:20:00, 11.4,275.9,  0.6,  3.3, 18.857, 29.13,  0.0,  0.0,  0.088, 305.31,  0.183, 304.99,  0.069, 301.39,  0.042, 300.26,  0.035, 292.11,  0.026, 240.52,  0.078, 341.33,  0.039, 343.44,  0.048,  61.29,  0.069, 336.80,  0.028, 267.95,  0.041,   8.33,  0.052, 351.09,  0.131, 317.17,  0.099, 345.40,  0.111, 302.11,-99.000, -99.00,-99.000, -99.00,-99.000, -99.00,-99.000, -99.00,
9/6/2006 05:25:00, 11.4,275.8,  0.6,  3.3, 18.855, 29.13,  0.0,  0.0,  0.145, 317.51,  0.088, 329.93,  0.165, 303.11,  0.028, 297.47,  0.082, 348.69,  0.036,  56.31,  0.032,  18.43,  0.126, 239.35,  0.059, 250.02,  0.081, 242.80,  0.026, 259.11,  0.032, 187.13,  0.032, 194.47,  0.063, 285.57,  0.160, 312.97,  0.159, 326.51,-99.000, -99.00,-99.000, -99.00,-99.000, -99.00,-99.000, -99.00,
9/6/2006 05:30:00, 11.4,275.8,  0.6,  3.3, 18.877, 29.13,  0.0,  0.0,  0.047, 313.26,  0.015, 156.80,  0.080, 333.11,  0.119, 214.36,  0.061, 291.10,  0.047, 314.14,  0.058, 357.04,  0.079, 280.18,  0.116, 295.02,  0.037, 273.09,  0.089, 279.67,  0.089, 284.35,  0.206, 298.43,  0.195, 312.92,  0.150, 344.11,  0.081,  11.45,-99.000, -99.00,-99.000, -99.00,-99.000, -99.00,-99.000, -99.00,
9/6/2006 05:35:00, 11.4,275.8,  0.6,  3.3, 18.871, 29.13,  0.0,  0.0,  0.086, 325.39,  0.065, 303.69,  0.100, 293.50,  0.067,   5.96,  0.114, 285.26,  0.099, 281.65,  0.163, 288.55,  0.158, 321.68,  0.089, 295.41,  0.029, 277.85,  0.076,  44.46,  0.088, 301.52,  0.056, 328.86,  0.046,  11.31,  0.153, 357.75,  0.156, 358.90,-99.000, -99.00,-99.000, -99.00,-99.000, -99.00,-99.000, -99.00,
9/6/2006 05:40:00, 11.4,275.9,  0.6,  3.3, 18.874, 29.13,  0.0,  0.0,  0.027, 233.97,  0.047, 324.61,  0.046, 294.34,  0.101, 306.53,  0.122, 300.96,  0.187, 321.29,  0.071,   4.83,  0.054, 315.00,  0.087, 324.85,  0.085, 299.58,  0.192, 294.30,  0.154, 266.66,  0.151, 257.35,  0.108, 269.47,  0.040, 258.41,  0.029, 329.04,-99.000, -99.00,-99.000, -99.00,-99.000, -99.00,-99.000, -99.00,
9/6/2006 05:45:00, 11.4,275.8,  0.6,  3.3, 18.876, 29.13,  0.0,  0.0,  0.086, 325.39,  0.151,   0.00,  0.063, 339.55,  0.078, 268.53,  0.117, 210.29,  0.176, 234.95,  0.138, 253.54,  0.074, 234.37,  0.082, 275.57,  0.147, 286.21,  0.103, 338.92,  0.088, 330.82,  0.133, 293.48,  0.079, 289.12,  0.082, 303.11,  0.030, 228.99,-99.000, -99.00,-99.000, -99.00,-99.000, -99.00,-99.000, -99.00,
9/6/2006 05:50:00, 11.4,275.9,  0.7,  3.3, 18.882, 29.13,  0.0,  0.0,  0.071, 334.16,  0.069, 359.17,  0.097, 241.58,  0.045, 180.00,  0.043,   1.33,  0.007, 180.00,  0.019, 244.80,  0.025, 108.43,  0.061, 228.99,  0.103, 245.92,  0.069, 259.18,  0.123, 260.61,  0.072, 236.31,  0.091, 312.32,  0.072, 302.59,  0.084, 278.23,-99.000, -99.00,-99.000, -99.00,-99.000, -99.00,-99.000, -99.00,
9/6/2006 05:55:00, 11.4,275.8,  0.6,  3.3, 18.881, 29.13,  0.0,  0.0,  0.152, 255.14,  0.105, 311.91,  0.052, 232.03,  0.051, 275.60,  0.072, 140.60,  0.159,  97.21,  0.058,  65.64,  0.065,  92.64,  0.057, 246.14,  0.088, 266.10,  0.073, 237.83,  0.077, 224.47,  0.102, 205.56,  0.075, 223.92,  0.067, 236.55,  0.106, 259.65,-99.000, -99.00,-99.000, -99.00,-99.000, -99.00,-99.000, -99.00,
9/6/2006 06:00:00, 11.4,275.9,  0.6,  3.3, 18.895, 29.13,  0.0,  0.0,  0.127, 320.43,  0.088, 308.05,  0.107, 299.68,  0.010, 113.96,  0.130,   0.88,  0.068, 281.80,  0.036, 318.37,  0.060, 280.56,  0.138, 280.82,  0.094, 218.95,  0.018, 253.61,  0.108, 295.14,  0.093, 273.69,  0.127, 286.87,  0.019, 344.48,  0.052, 229.64,-99.000, -99.00,-99.000, -99.00,-99.000, -99.00,-99.000, -99.00,
9/6/2006 06:05:00, 11.4,275.9,  0.6,  3.3, 18.894, 29.13,  0.0,  0.0,  0.080,  28.50,  0.052,   6.58,  0.075, 359.24,  0.075, 286.26,  0.098, 318.70,  0.095, 299.52,  0.041, 322.00,  0.052, 334.92,  0.085, 229.76,  0.079, 196.84,  0.059, 207.00,  0.067, 258.86,  0.075, 254.48,  0.121, 286.34,  0.052, 287.74,  0.058, 270.00,-99.000, -99.00,-99.000, -99.00,-99.000, -99.00,-99.000, -99.00,
9/6/2006 06:10:00, 11.4,275.8,  0.7,  3.3, 18.898, 29.13,  0.0,  0.0,  0.125, 320.19,  0.107, 325.71,  0.106, 337.80,  0.051, 131.82,  0.091, 243.15,  0.063, 358.18,  0.083, 262.36,  0.127, 281.31,  0.069, 242.32,  0.109, 227.23,  0.133, 268.28,  0.076, 304.32,  0.112, 304.40,  0.105, 306.87,  0.162, 296.41,  0.102, 285.95,-99.000, -99.00,-99.000, -99.00,-99.000, -99.00,-99.000, -99.00,
9/6/2006 06:15:00, 11.4,275.8,  0.7,  3.3, 18.892, 29.13,  0.0,  0.0,  0.040, 287.53,  0.051, 165.14,  0.016, 176.42,  0.116, 287.50,  0.121, 255.62,  0.099, 206.31,  0.151, 224.19,  0.060, 260.38,  0.056, 217.69,  0.011,  68.20,  0.102, 297.57,  0.112, 256.58,  0.093, 263.80,  0.067, 296.57,  0.121, 296.99,  0.068, 287.90,-99.000, -99.00,-99.000, -99.00,-99.000, -99.00,-99.000, -99.00,
9/6/2006 06:20:00, 11.4,275.9,  0.6,  3.3, 18.896, 29.13,  0.0,  0.0,  0.120, 307.92,  0.042, 354.56,  0.095, 280.95,  0.076, 248.48,  0.093, 266.92,  0.101, 232.67,  0.089, 245.45,  0.098, 240.04,  0.041, 276.95,  0.091, 305.61,  0.057, 258.89,  0.066, 290.35,  0.090, 305.46,  0.066, 338.84,  0.102, 291.80,  0.089, 219.06,-99.000, -99.00,-99.000, -99.00,-99.000, -99.00,-99.000, -99.00,
9/6/2006 06:25:00, 11.4,275.9,  0.6,  3.3, 18.895, 29.13,  0.0,  0.0,  0.065, 264.73,  0.082, 272.10,  0.065, 294.59,  0.039, 147.53,  0.128, 221.19,  0.129, 223.11,  0.102, 245.70,  0.145, 240.79,  0.076, 314.46,  0.040, 284.38,  0.166, 286.80,  0.098, 300.76,  0.135, 301.33,  0.163, 266.14,  0.144, 288.69,  0.047, 331.78,-99.000, -99.00,-99.000, -99.00,-99.000, -99.00,-99.000, -99.00,
9/6/2006 06:30:00, 11.4,275.8,  0.6,  3.3, 18.892, 29.13,  0.0,  0.0,  0.032, 354.64,  0.092,  10.70,  0.065, 292.62,  0.112, 280.30,  0.047, 283.45,  0.059, 263.23,  0.117, 280.83,  0.129, 255.21,  0.070, 253.38,  0.120, 276.71,  0.199, 272.30,  0.068, 221.42,  0.110, 270.00,  0.160, 265.71,  0.145, 235.65,  0.117, 226.04,-99.000, -99.00,-99.000, -99.00,-99.000, -99.00,-99.000, -99.00,
9/6/2006 06:35:00, 11.4,275.8,  0.6,  3.3, 18.898, 29.13,  0.0,  0.0,  0.128, 289.56,  0.079, 280.18,  0.142, 294.94,  0.111, 283.03,  0.083, 267.93,  0.085, 274.71,  0.129, 309.35,  0.120, 244.93,  0.112, 254.48,  0.096, 263.40,  0.197, 260.06,  0.108, 197.76,  0.107, 200.30,  0.092, 258.69,  0.116, 310.44,  0.068, 296.19,-99.000, -99.00,-99.000, -99.00,-99.000, -99.00,-99.000, -99.00,
9/6/2006 06:40:00, 11.4,275.8,  0.6,  3.3, 18.907, 29.13,  0.0,  0.0,  0.137, 283.12,  0.051, 306.19,  0.121, 285.88,  0.112, 266.93,  0.089, 300.30,  0.037, 262.30,  0.054, 315.74,  0.083, 330.34,  0.101, 293.27,  0.053, 289.80,  0.047, 278.65,  0.109, 272.10,  0.024, 242.35,  0.069, 230.30,  0.116, 250.94,  0.052, 264.51,-99.000, -99.00,-99.000, -99.00,-99.000, -99.00,-99.000, -99.00,
9/6/2006 06:45:00, 11.4,275.8,  0.6,  3.3, 18.897, 29.13,  0.0,  0.0,  0.079, 282.45,  0.040, 233.13,  0.100, 255.00,  0.123, 254.38,  0.044, 254.05,  0.015,  82.41,  0.107, 303.54,  0.104, 280.01,  0.040, 253.86,  0.059, 265.16,  0.141, 267.56,  0.159, 262.43,  0.121, 265.75,  0.136, 246.08,  0.142, 284.23,  0.077,  31.22,-99.000, -99.00,-99.000, -99.00,-99.000, -99.00,-99.000, -99.00,
9/6/2006 06:50:00, 11.4,275.8,  0.6,  3.3, 18.911, 29.13,  0.0,  0.0,  0.117, 327.26,  0.073, 315.56,  0.087,  22.42,  0.040, 153.43,  0.065, 287.04,  0.093, 253.12,  0.086, 317.37,  0.011,   0.00,  0.115, 252.82,  0.117, 255.61,  0.144, 254.33,  0.174, 253.33,  0.116, 243.88,  0.165, 260.94,  0.156, 285.29,  0.041, 225.00,-99.000, -99.00,-99.000, -99.00,-99.000, -99.00,-99.000, -99.00,
9/6/2006 06:55:00, 11.4,275.8,  0.6,  3.3, 18.913, 29.13,  0.0,  0.0,  0.072, 118.35,  0.030,   5.71,  0.133, 280.80,  0.153, 241.60,  0.091, 243.15,  0.045, 280.30,  0.074, 270.00,  0.029, 279.78,  0.101, 268.30,  0.099, 264.81,  0.080, 234.13,  0.209, 267.26,  0.111, 260.11,  0.202, 270.85,  0.079, 303.08,  0.055, 279.46,-99.000, -99.00,-99.000, -99.00,-99.000, -99.00,-99.000, -99.00,
9/6/2006 07:00:00, 11.4,275.8,  0.6,  3.3, 18.910, 29.13,  0.0,  0.0,  0.071, 317.29,  0.014, 274.09,  0.085, 344.98,  0.067, 325.36,  0.095, 324.46,  0.135, 321.01,  0.050, 258.47,  0.067, 331.53,  0.156, 305.32,  0.141, 276.12,  0.089, 279.04,  0.106, 280.35,  0.054, 249.57,  0.142, 254.11,  0.092, 285.09,  0.102, 291.80,-99.000, -99.00,-99.000, -99.00,-99.000, -99.00,-99.000, -99.00,
9/6/2006 07:05:00, 11.4,275.9,  0.6,  3.3, 18.902, 29.13,  0.0,  0.0,  0.106,  22.20,  0.073, 277.91,  0.048, 300.34,  0.016, 180.00,  0.094, 282.86,  0.062, 315.00,  0.035,  33.23,  0.095, 279.66,  0.116, 312.90,  0.038, 285.12,  0.125, 256.63,  0.069, 265.86,  0.101, 271.13,  0.113, 265.45,  0.119, 296.35,  0.051, 273.37,-99.000, -99.00,-99.000, -99.00,-99.000, -99.00,-99.000, -99.00,
9/6/2006 07:10:00, 11.4,275.8,  0.6,  3.3, 18.904, 29.12,  0.0,  0.0,  0.076, 217.02,  0.115, 288.75,  0.075, 246.50,  0.067, 261.38,  0.049, 278.13,  0.042, 291.04,  0.183, 283.58,  0.130, 300.51,  0.078, 274.40,  0.154, 282.77,  0.044, 276.48,  0.133, 282.58,  0.092, 270.00,  0.162, 302.91,  0.144, 330.06,  0.070, 301.66,-99.000, -99.00,-99.000, -99.00,-99.000, -99.00,-99.000, -99.00,
9/6/2006 07:15:00, 11.4,275.9,  0.6,  3.3, 18.909, 29.11,  0.0,  0.0,  0.086, 239.84,  0.115, 265.03,  0.059, 289.65,  0.129, 309.98,  0.088, 348.18,  0.122, 285.75,  0.045, 285.59,  0.164, 282.68,  0.159, 303.99,  0.094, 306.75,  0.090, 249.96,  0.156, 304.30,  0.130, 306.87,  0.089, 293.96,  0.145, 297.45,  0.017, 113.63,-99.000, -99.00,-99.000, -99.00,-99.000, -99.00,-99.000, -99.00,
9/6/2006 07:20:00, 11.4,275.8,  0.7,  3.3, 18.908, 29.10,  0.0,  0.0,  0.222, 279.84,  0.126, 265.91,  0.111, 258.59,  0.113, 291.80,  0.102, 281.86,  0.004,  90.00,  0.097, 284.89,  0.119, 270.48,  0.134, 286.00,  0.131, 286.36,  0.110, 296.57,  0.140, 287.92,  0.091, 301.07,  0.182, 298.26,  0.252, 304.82,  0.046, 283.74,-99.000, -99.00,-99.000, -99.00,-99.000, -99.00,-99.000, -99.00,
9/6/2006 07:25:00, 11.4,275.8,  0.7,  3.3, 18.899, 29.10,  0.0,  0.0,  0.186, 278.96,  0.091, 253.97,  0.144, 296.74,  0.148, 285.73,  0.138, 286.86,  0.174, 300.85,  0.095, 330.48,  0.137, 318.26,  0.225, 301.01,  0.248, 313.53,  0.264, 291.52,  0.189, 306.38,  0.186, 289.80,  0.188, 286.41,  0.224, 290.14,  0.087, 292.42,-99.000, -99.00,-99.000, -99.00,-99.000, -99.00,-99.000, -99.00,
9/6/2006 07:30:00, 11.4,275.8,  0.6,  3.3, 18.907, 29.09,  0.0,  0.0,  0.156,   7.35,  0.166, 323.06,  0.150, 286.63,  0.145, 318.63,  0.146, 331.86,  0.117, 274.89,  0.170, 313.81,  0.164, 268.95,  0.201, 275.99,  0.180, 276.69,  0.204, 286.48,  0.221, 272.59,  0.296, 270.00,  0.254, 267.75,  0.199, 286.34,  0.091, 310.53,-99.000, -99.00,-99.000, -99.00,-99.000, -99.00,-99.000, -99.00,
9/6/2006 07:35:00, 11.4,275.9,  0.6,  3.3, 18.905, 29.09,  0.0,  0.0,  0.136, 330.41,  0.137, 288.70,  0.164, 299.53,  0.219, 311.85,  0.192, 302.45,  0.264, 306.22,  0.138, 296.75,  0.125, 313.05,  0.235, 302.47,  0.209, 277.43,  0.269, 282.44,  0.318, 281.63,  0.297, 297.52,  0.244, 283.75,  0.200, 295.80,  0.098, 356.50,-99.000, -99.00,-99.000, -99.00,-99.000, -99.00,-99.000, -99.00,
9/6/2006 07:40:00, 11.4,275.9,  0.6,  3.3, 18.904, 29.09,  0.0,  0.0,  0.138, 341.43,  0.094, 311.13,  0.179, 308.86,  0.234, 295.03,  0.217, 284.16,  0.216, 300.60,  0.289, 293.46,  0.237, 284.15,  0.301, 277.65,  0.266, 276.48,  0.278, 288.43,  0.259, 295.08,  0.228, 291.61,  0.221, 299.23,  0.226, 313.93,  0.128, 299.97,-99.000, -99.00,-99.000, -99.00,-99.000, -99.00,-99.000, -99.00,
9/6/2006 07:45:00, 11.4,275.9,  0.6,  3.3, 18.897, 29.09,  0.0,  0.0,  0.127, 317.54,  0.148, 314.45,  0.228, 298.59,  0.246, 308.55,  0.238, 303.69,  0.225, 308.50,  0.252, 299.21,  0.167, 296.72,  0.157, 286.25,  0.243, 294.25,  0.230, 285.12,  0.197, 286.50,  0.201, 280.02,  0.165, 281.92,  0.289, 299.40,  0.032, 325.30,-99.000, -99.00,-99.000, -99.00,-99.000, -99.00,-99.000, -99.00,
9/6/2006 07:50:00, 11.4,275.8,  0.6,  3.3, 18.896, 29.10,  0.0,  0.0,  0.105, 309.60,  0.098, 308.39,  0.196, 287.23,  0.247, 274.18,  0.230, 304.38,  0.256, 288.22,  0.260, 312.04,  0.228, 295.44,  0.181, 282.12,  0.233, 277.40,  0.234, 281.07,  0.232, 297.78,  0.110, 287.94,  0.246, 272.79,  0.266, 285.92,  0.120, 282.06,-99.000, -99.00,-99.000, -99.00,-99.000, -99.00,-99.000, -99.00,
9/6/2006 07:55:00, 11.4,275.8,  0.6,  3.3, 18.898, 29.10,  0.0,  0.0,  0.206, 338.40,  0.205, 338.82,  0.231, 328.10,  0.154, 330.95,  0.140, 297.66,  0.129, 304.92,  0.268, 290.73,  0.264, 301.71,  0.310, 278.34,  0.241, 273.56,  0.263, 279.43,  0.261, 285.31,  0.235, 284.57,  0.262, 281.91,  0.238, 292.47,  0.145, 269.60,-99.000, -99.00,-99.000, -99.00,-99.000, -99.00,-99.000, -99.00,
9/6/2006 08:00:00, 11.4,275.8,  0.6,  3.3, 18.896, 29.11,  0.0,  0.0,  0.190, 345.67,  0.131, 337.55,  0.236, 308.47,  0.216, 315.75,  0.161, 333.75,  0.164, 292.19,  0.240, 306.34,  0.183, 310.13,  0.196, 339.34,  0.253, 308.59,  0.205, 292.32,  0.168, 287.68,  0.234, 282.61,  0.169, 293.69,  0.174, 304.70,  0.143, 251.69,-99.000, -99.00,-99.000, -99.00,-99.000, -99.00,-99.000, -99.00,
9/6/2006 08:05:00, 11.4,275.8,  0.7,  3.3, 18.903, 29.11,  0.0,  0.0,  0.130,  54.10,  0.081, 292.46,  0.255, 313.73,  0.211, 315.96,  0.209, 306.65,  0.153, 298.07,  0.189, 296.43,  0.242, 281.22,  0.205, 279.28,  0.256, 279.90,  0.201, 250.58,  0.207, 268.06,  0.232, 258.30,  0.217, 268.15,  0.179, 299.43,  0.090, 235.43,-99.000, -99.00,-99.000, -99.00,-99.000, -99.00,-99.000, -99.00,
9/6/2006 08:10:00, 11.4,275.9,  0.6,  3.3, 18.894, 29.12,  0.0,  0.0,  0.194,   0.00,  0.152, 344.31,  0.243, 343.73,  0.247, 316.15,  0.137, 288.70,  0.154, 316.85,  0.247, 308.59,  0.239, 286.31,  0.244, 304.80,  0.256, 297.47,  0.227, 308.03,  0.165, 305.90,  0.175, 298.32,  0.197, 294.61,  0.163, 297.82,  0.171, 283.87,-99.000, -99.00,-99.000, -99.00,-99.000, -99.00,-99.000, -99.00,
9/6/2006 08:15:00, 11.4,275.8,  0.6,  3.3, 18.881, 29.12,  0.0,  0.0,  0.235,   7.09,  0.234, 348.16,  0.234, 356.07,  0.221, 341.57,  0.234, 305.59,  0.216, 320.26,  0.124, 293.68,  0.200, 298.11,  0.226, 284.10,  0.239, 301.83,  0.227, 312.68,  0.257, 305.36,  0.267, 304.76,  0.217, 287.18,  0.212, 281.42,  0.206, 261.04,-99.000, -99.00,-99.000, -99.00,-99.000, -99.00,-99.000, -99.00,
9/6/2006 08:20:00, 11.4,275.8,  0.6,  3.3, 18.896, 29.12,  0.0,  0.0,  0.243, 337.98,  0.234, 347.39,  0.220, 329.71,  0.225, 323.13,  0.196, 319.56,  0.166, 308.39,  0.250, 306.36,  0.247, 300.41,  0.120, 313.65,  0.176, 285.14,  0.197, 303.21,  0.148, 298.64,  0.169, 309.24,  0.201, 289.52,  0.205, 283.83,  0.081, 285.75,-99.000, -99.00,-99.000, -99.00,-99.000, -99.00,-99.000, -99.00,
9/6/2006 08:25:00, 11.4,275.8,  0.6,  3.3, 18.895, 29.13,  0.0,  0.0,  0.219, 331.91,  0.188, 319.53,  0.211, 303.77,  0.203, 305.97,  0.215, 306.87,  0.243, 302.91,  0.140, 311.53,  0.123, 311.36,  0.149, 291.59,  0.192, 313.74,  0.197, 316.03,  0.183, 329.09,  0.232, 286.01,  0.114, 303.55,  0.107, 283.52,  0.087, 272.63,-99.000, -99.00,-99.000, -99.00,-99.000, -99.00,-99.000, -99.00,
9/6/2006 08:30:00, 11.4,275.9,  0.6,  3.3, 18.889, 29.13,  0.0,  0.0,  0.212, 335.74,  0.234, 323.52,  0.177, 307.90,  0.153, 297.74,  0.160, 299.12,  0.265, 294.05,  0.236, 279.50,  0.205, 278.68,  0.173, 293.46,  0.217, 295.97,  0.193, 305.09,  0.139, 285.44,  0.180, 303.69,  0.184, 275.00,  0.142, 285.50,  0.122, 262.47,-99.000, -99.00,-99.000, -99.00,-99.000, -99.00,-99.000, -99.00,
9/6/2006 08:35:00, 11.4,275.9,  0.6,  3.3, 18.876, 29.13,  0.0,  0.0,  0.223, 350.45,  0.222, 322.31,  0.308, 314.21,  0.200, 299.00,  0.209, 316.75,  0.159, 316.78,  0.245, 284.89,  0.199, 291.80,  0.159, 291.73,  0.115, 304.38,  0.150, 299.98,  0.229, 303.41,  0.213, 302.95,  0.151, 306.95,  0.198, 289.17,  0.073, 273.14,-99.000, -99.00,-99.000, -99.00,-99.000, -99.00,-99.000, -99.00,
9/6/2006 08:40:00, 11.4,275.8,  0.6,  3.3, 18.886, 29.13,  0.0,  0.0,  0.127, 325.93,  0.231, 322.04,  0.167, 307.69,  0.201, 291.59,  0.178, 300.30,  0.254, 286.94,  0.216, 296.09,  0.151, 302.01,  0.290, 281.12,  0.194, 293.12,  0.148, 314.45,  0.212, 296.08,  0.115, 314.65,  0.130, 269.56,  0.138, 266.27,  0.128, 283.06,-99.000, -99.00,-99.000, -99.00,-99.000, -99.00,-99.000, -99.00,
9/6/2006 08:45:00, 11.4,275.8,  0.6,  3.3, 18.875, 29.13,  0.0,  0.0,  0.092, 335.66,  0.159, 300.28,  0.279, 313.40,  0.205, 324.92,  0.268, 295.13,  0.193, 309.54,  0.204, 290.39,  0.213, 292.10,  0.210, 273.00,  0.206, 311.66,  0.227, 311.42,  0.154, 311.85,  0.139, 315.58,  0.231, 288.43,  0.230, 301.48,  0.092, 297.12,-99.000, -99.00,-99.000, -99.00,-99.000, -99.00,-99.000, -99.00,
9/6/2006 08:50:00, 11.4,275.8,  0.6,  3.3, 18.873, 29.13,  0.0,  0.0,  0.175, 338.26,  0.241, 331.73,  0.258, 301.84,  0.193, 301.63,  0.269, 285.95,  0.172, 277.33,  0.243, 279.97,  0.198, 302.65,  0.246, 303.04,  0.147, 296.74,  0.206, 304.54,  0.188, 302.42,  0.123, 291.37,  0.143, 289.20,  0.210, 293.88,  0.102, 241.93,-99.000, -99.00,-99.000, -99.00,-99.000, -99.00,-99.000, -99.00,
9/6/2006 08:55:00, 11.4,275.9,  0.6,  3.3, 18.874, 29.13,  0.0,  0.0,  0.207, 332.69,  0.161, 315.25,  0.257, 306.47,  0.111, 327.17,  0.234, 289.75,  0.202, 285.83,  0.143, 298.35,  0.205, 294.19,  0.189, 285.36,  0.201, 310.76,  0.160, 289.68,  0.184, 282.53,  0.200, 283.27,  0.138, 302.31,  0.178, 303.78,  0.073, 255.02,-99.000, -99.00,-99.000, -99.00,-99.000, -99.00,-99.000, -99.00,
9/6/2006 09:00:00, 11.4,275.9,  0.6,  3.3, 18.873, 29.14,  0.0,  0.0,  0.131, 344.05,  0.096, 337.43,  0.146, 297.27,  0.108, 330.12,  0.253, 299.60,  0.240, 296.78,  0.200, 305.44,  0.092, 281.31,  0.248, 285.95,  0.324, 279.40,  0.241, 296.67,  0.220, 287.70,  0.147, 303.04,  0.220, 281.51,  0.127, 263.66,  0.092, 343.54,-99.000, -99.00,-99.000, -99.00,-99.000, -99.00,-99.000, -99.00,
9/6/2006 09:05:00, 11.4,275.8,  0.6,  3.3, 18.862, 29.14,  0.0,  0.0,  0.159,   9.40,  0.146, 325.88,  0.107, 299.68,  0.077, 307.61,  0.181, 308.96,  0.147, 263.36,  0.228, 282.69,  0.226, 298.83,  0.203, 273.38,  0.206, 277.82,  0.174, 283.64,  0.177, 265.45,  0.270, 277.23,  0.213, 285.28,  0.137, 298.24,  0.084, 301.43,-99.000, -99.00,-99.000, -99.00,-99.000, -99.00,-99.000, -99.00,
9/6/2006 09:10:00, 11.4,275.9,  0.7,  3.3, 18.858, 29.14,  0.0,  0.0,  0.197, 342.30,  0.096,  22.57,  0.110, 311.68,  0.093, 296.02,  0.185, 279.97,  0.135, 265.34,  0.118, 298.30,  0.149, 280.86,  0.155, 263.33,  0.253, 274.76,  0.196, 296.96,  0.177, 290.90,  0.218, 285.44,  0.161, 284.73,  0.169, 298.99,  0.178, 287.32,-99.000, -99.00,-99.000, -99.00,-99.000, -99.00,-99.000, -99.00,
9/6/2006 09:15:00, 11.4,275.9,  0.6,  3.3, 18.856, 29.14,  0.0,  0.0,  0.169, 318.85,  0.095, 340.22,  0.078, 311.88,  0.149, 320.98,  0.193, 311.63,  0.097, 303.20,  0.207, 292.11,  0.155, 289.95,  0.148, 299.17,  0.137, 311.46,  0.147, 299.70,  0.150, 289.53,  0.218, 299.39,  0.185, 283.13,  0.139, 284.14,  0.140, 286.62,-99.000, -99.00,-99.000, -99.00,-99.000, -99.00,-99.000, -99.00,
9/6/2006 09:20:00, 11.4,275.8,  0.6,  3.3, 18.862, 29.15,  0.0,  0.0,  0.133,   5.62,  0.143,   0.00,  0.135, 290.31,  0.138, 286.86,  0.134, 267.01,  0.196, 298.26,  0.263, 304.30,  0.171, 306.94,  0.195, 288.53,  0.200, 279.79,  0.189, 291.69,  0.137, 274.59,  0.185, 291.86,  0.184, 302.83,  0.179, 281.94,  0.071, 306.38,-99.000, -99.00,-99.000, -99.00,-99.000, -99.00,-99.000, -99.00,
9/6/2006 09:25:00, 11.4,275.9,  0.6,  3.3, 18.831, 29.15,  0.0,  0.0,  0.125, 328.72,  0.195, 316.46,  0.091, 349.19,  0.205, 323.13,  0.190, 275.74,  0.154, 330.95,  0.157, 279.88,  0.187, 277.70,  0.136, 279.32,  0.157, 267.08,  0.120, 251.11,  0.121, 296.57,  0.154, 294.90,  0.152, 299.60,  0.118, 310.55,  0.068, 321.60,-99.000, -99.00,-99.000, -99.00,-99.000, -99.00,-99.000, -99.00,
9/6/2006 09:30:00, 11.4,276.0,  0.6,  3.3, 18.828, 29.15,  0.0,  0.0,  0.203, 341.30,  0.172, 344.83,  0.166, 293.79,  0.237, 298.73,  0.175, 324.31,  0.126, 294.33,  0.106, 303.09,  0.070, 276.52,  0.145, 271.19,  0.164, 249.24,  0.199, 273.74,  0.169, 297.17,  0.117, 280.35,  0.167, 288.87,  0.077, 339.44,  0.039, 343.44,-99.000, -99.00,-99.000, -99.00,-99.000, -99.00,-99.000, -99.00,
9/6/2006 09:35:00, 11.4,275.9,  0.6,  3.3, 18.825, 29.15,  0.0,  0.0,  0.035, 124.59,  0.154, 317.37,  0.157, 328.54,  0.161, 289.56,  0.214, 308.74,  0.119,   5.33,  0.153, 343.69,  0.170, 328.92,  0.125, 297.59,  0.136, 291.49,  0.207, 292.47,  0.240, 300.31,  0.169, 314.76,  0.142, 319.00,  0.195, 311.68,  0.120, 296.14,-99.000, -99.00,-99.000, -99.00,-99.000, -99.00,-99.000, -99.00,
9/6/2006 09:40:00, 11.4,275.9,  0.6,  3.3, 18.821, 29.16,  0.0,  0.0,  0.009, 270.00,  0.197, 340.74,  0.077, 340.14,  0.154, 322.39,  0.172, 292.23,  0.110,   0.52,  0.143, 307.91,  0.158, 329.22,  0.155, 306.87,  0.096, 301.37,  0.179, 319.99,  0.215, 312.17,  0.148, 297.26,  0.283, 296.93,  0.177, 303.24,  0.059, 248.20,-99.000, -99.00,-99.000, -99.00,-99.000, -99.00,-99.000, -99.00,
9/6/2006 09:45:00, 11.4,275.8,  0.6,  3.3, 18.821, 29.16,  0.0,  0.0,  0.065,  12.53,  0.077, 356.28,  0.035,   4.90,  0.136, 292.98,  0.120, 320.07,  0.018, 263.66,  0.041,  25.94,  0.084,   7.55,  0.062, 349.78,  0.035, 343.61,  0.111, 280.40,  0.152, 286.41,  0.112, 320.78,  0.176, 301.52,  0.120, 305.82,  0.079, 331.16,-99.000, -99.00,-99.000, -99.00,-99.000, -99.00,-99.000, -99.00,
9/6/2006 09:50:00, 11.4,275.9,  0.7,  3.3, 18.811, 29.16,  0.0,  0.0,  0.112, 298.86,  0.131, 273.93,  0.138, 302.54,  0.081, 335.32,  0.139, 294.72,  0.141, 300.20,  0.202, 316.20,  0.161, 316.26,  0.121, 325.78,  0.158, 315.26,  0.161, 310.22,  0.201, 299.50,  0.155, 319.72,  0.194, 322.95,  0.169, 342.42,  0.120, 298.27,-99.000, -99.00,-99.000, -99.00,-99.000, -99.00,-99.000, -99.00,
9/6/2006 09:55:00, 11.4,276.0,  0.6,  3.3, 18.806, 29.17,  0.0,  0.0,  0.177, 235.59,  0.196, 262.37,  0.076, 287.72,  0.166, 269.65,  0.085, 284.36,  0.107, 257.53,  0.045, 226.79,  0.046, 352.57,  0.146, 311.67,  0.148, 304.01,  0.136, 312.61,  0.084, 336.18,  0.024,   0.00,  0.086, 296.86,  0.101, 283.76,  0.095, 190.95,-99.000, -99.00,-99.000, -99.00,-99.000, -99.00,-99.000, -99.00,
9/6/2006 10:00:00, 11.4,276.0,  0.6,  3.3, 18.798, 29.16,  0.0,  0.0,  0.159, 242.31,  0.167, 271.37,  0.143, 247.75,  0.098, 290.83,  0.048, 296.03,  0.015, 317.73,  0.063,   3.63,  0.092, 322.51,  0.077, 330.44,  0.047, 336.16,  0.157, 297.38,  0.095, 322.28,  0.096, 338.53,  0.221, 329.26,  0.088, 345.49,  0.026, 263.42,-99.000, -99.00,-99.000, -99.00,-99.000, -99.00,-99.000, -99.00,
9/6/2006 10:05:00, 11.4,275.9,  0.6,  3.3, 18.799, 29.15,  0.0,  0.0,  0.155, 240.62,  0.160, 294.00,  0.109, 276.34,  0.171, 294.17,  0.165, 303.88,  0.145, 302.92,  0.097, 303.69,  0.171, 290.56,  0.119,   3.85,  0.205, 312.03,  0.140, 289.60,  0.163, 317.99,  0.153, 295.06,  0.134, 325.36,  0.127, 348.69,  0.071, 320.71,-99.000, -99.00,-99.000, -99.00,-99.000, -99.00,-99.000, -99.00,
9/6/2006 10:10:00, 11.4,275.9,  0.6,  3.3, 18.799, 29.14,  0.0,  0.0,  0.137, 260.33,  0.173, 271.66,  0.141, 254.00,  0.154, 274.09,  0.131, 272.19,  0.194, 304.10,  0.086, 313.12,  0.097, 260.54,  0.111, 291.04,  0.081, 348.55,  0.091, 308.76,  0.031, 305.75,  0.100, 286.81,  0.115, 294.11,  0.081, 321.01,  0.154, 331.77,-99.000, -99.00,-99.000, -99.00,-99.000, -99.00,-99.000, -99.00,
9/6/2006 10:15:00, 11.4,276.0,  0.6,  3.3, 18.791, 29.13,  0.0,  0.0,  0.164, 283.02,  0.264, 276.75,  0.086, 250.93,  0.195, 272.06,  0.217, 273.97,  0.177, 270.00,  0.146, 282.23,  0.188, 290.84,  0.188, 294.24,  0.140, 343.38,  0.074, 341.81,  0.119, 326.31,  0.149, 318.27,  0.103, 336.43,  0.147, 340.08,  0.115, 351.52,-99.000, -99.00,-99.000, -99.00,-99.000, -99.00,-99.000, -99.00,
9/6/2006 10:20:00, 11.4,275.9,  0.6,  3.3, 18.780, 29.13,  0.0,  0.0,  0.121, 243.43,  0.207, 252.88,  0.199, 306.01,  0.080, 316.52,  0.163, 279.87,  0.159, 281.94,  0.101, 310.17,  0.132, 317.14,  0.118, 285.68,  0.072, 321.22,  0.126, 304.95,  0.123, 316.97,  0.094,  11.07,  0.101, 326.31,  0.113, 353.88,  0.118, 351.73,-99.000, -99.00,-99.000, -99.00,-99.000, -99.00,-99.000, -99.00,
9/6/2006 10:25:00, 11.4,276.0,  0.6,  3.3, 18.767, 29.13,  0.0,  0.0,  0.130, 246.97,  0.150, 237.79,  0.123, 255.85,  0.189, 270.61,  0.142, 260.67,  0.143, 210.34,  0.227, 292.83,  0.097, 285.62,  0.107, 280.78,  0.085, 330.42,  0.081, 307.01,  0.126, 300.65,  0.127, 321.06,  0.131, 315.93,  0.125, 346.08,  0.170, 350.21,-99.000, -99.00,-99.000, -99.00,-99.000, -99.00,-99.000, -99.00,
9/6/2006 10:30:00, 11.4,276.0,  0.6,  3.3, 18.756, 29.13,  0.0,  0.0,  0.040, 293.39,  0.136, 278.91,  0.097, 266.46,  0.134, 240.57,  0.113, 264.39,  0.209, 268.36,  0.079, 286.14,  0.150, 276.89,  0.082, 304.08,  0.117, 307.36,  0.138, 331.39,  0.094, 336.16,  0.092, 322.51,  0.092, 351.25,  0.161, 326.41,  0.189, 310.93,-99.000, -99.00,-99.000, -99.00,-99.000, -99.00,-99.000, -99.00,
9/6/2006 10:35:00, 11.4,275.9,  0.6,  3.3, 18.759, 29.13,  0.0,  0.0,  0.067, 240.36,  0.141, 274.90,  0.098, 229.97,  0.204, 246.95,  0.140, 255.96,  0.164, 239.52,  0.154, 256.50,  0.112, 267.44,  0.035, 304.59,  0.085, 295.67,  0.109, 296.80,  0.108, 330.58,  0.096,  20.14,  0.054, 347.24,  0.097, 346.25,  0.111, 348.08,-99.000, -99.00,-99.000, -99.00,-99.000, -99.00,-99.000, -99.00,
9/6/2006 10:40:00, 11.4,275.9,  0.6,  3.3, 18.758, 29.13,  0.0,  0.0,  0.011,  56.31,  0.066, 268.26,  0.061, 225.00,  0.064, 270.00,  0.101, 221.40,  0.172, 247.46,  0.104, 295.08,  0.184, 317.20,  0.081, 309.99,  0.102, 291.28,  0.063, 299.41,  0.073, 277.13,  0.164, 290.76,  0.063, 281.84,  0.086, 340.93,  0.121, 347.11,-99.000, -99.00,-99.000, -99.00,-99.000, -99.00,-99.000, -99.00,
9/6/2006 10:45:00, 11.4,275.9,  0.6,  3.3, 18.766, 29.13,  0.0,  0.0,  0.105, 272.73,  0.152, 284.49,  0.078, 299.20,  0.060, 248.55,  0.049, 224.17,  0.139, 251.96,  0.099, 293.20,  0.057, 252.53,  0.087, 281.31,  0.088, 313.15,  0.105, 321.93,  0.078, 311.88,  0.113, 306.36,  0.148, 329.63,  0.090, 333.72,  0.078, 330.80,-99.000, -99.00,-99.000, -99.00,-99.000, -99.00,-99.000, -99.00,
9/6/2006 10:50:00, 11.4,275.9,  0.6,  3.3, 18.743, 29.13,  0.0,  0.0,  0.106,  13.12,  0.071, 315.57,  0.016, 291.80,  0.036, 186.34,  0.025,  99.09,  0.041, 268.60,  0.122, 261.08,  0.079, 262.69,  0.107, 321.42,  0.081, 312.99,  0.137, 313.23,  0.114, 335.01,  0.186, 299.59,  0.167, 295.95,  0.183, 330.49,  0.116, 342.50,-99.000, -99.00,-99.000, -99.00,-99.000, -99.00,-99.000, -99.00,
9/6/2006 10:55:00, 11.4,275.8,  0.6,  3.3, 18.737, 29.13,  0.0,  0.0,  0.073, 192.70,  0.044, 216.61,  0.051, 271.12,  0.052, 287.74,  0.143, 261.53,  0.099, 202.66,  0.151, 237.47,  0.136, 267.47,  0.152, 280.64,  0.115, 273.48,  0.155, 278.91,  0.167, 277.21,  0.155, 281.53,  0.110, 345.20,  0.185, 346.56,  0.091, 332.59,-99.000, -99.00,-99.000, -99.00,-99.000, -99.00,-99.000, -99.00,
9/6/2006 11:00:00, 11.4,275.9,  0.6,  3.3, 18.731, 29.13,  0.0,  0.0,  0.040, 243.43,  0.081,  32.91,  0.044, 178.70,  0.057, 234.93,  0.079, 296.24,  0.079, 256.84,  0.064, 284.47,  0.029, 234.69,  0.067, 318.65,  0.104, 313.05,  0.200, 306.07,  0.178, 304.49,  0.111, 296.10,  0.072, 311.63,  0.117, 339.56,  0.160, 346.66,-99.000, -99.00,-99.000, -99.00,-99.000, -99.00,-99.000, -99.00,
9/6/2006 11:05:00, 11.4,276.0,  0.7,  3.3, 18.738, 29.13,  0.0,  0.0,  0.095, 324.81,  0.127, 287.86,  0.014,  94.09,  0.039, 244.09,  0.070, 320.19,  0.055, 257.47,  0.199, 251.84,  0.122, 236.05,  0.079, 259.11,  0.034, 195.26,  0.048, 329.66,  0.171, 310.02,  0.084, 301.43,  0.105, 331.48,  0.153, 311.29,  0.147, 324.14,-99.000, -99.00,-99.000, -99.00,-99.000, -99.00,-99.000, -99.00,
9/6/2006 11:10:00, 11.4,275.9,  0.7,  3.3, 18.714, 29.13,  0.0,  0.0,  0.086, 294.78,  0.116, 351.10,  0.060, 222.98,  0.143, 310.47,  0.085, 207.16,  0.148, 224.18,  0.129, 208.15,  0.154, 253.44,  0.129, 301.72,  0.070, 319.67,  0.088, 224.54,  0.125, 236.06,  0.151, 256.24,  0.140, 284.43,  0.067, 293.88,  0.107, 339.70,-99.000, -99.00,-99.000, -99.00,-99.000, -99.00,-99.000, -99.00,
9/6/2006 11:15:00, 11.4,275.9,  0.7,  3.3, 18.717, 29.13,  0.0,  0.0,  0.092, 144.25,  0.094, 115.20,  0.068, 299.95,  0.062, 223.03,  0.068, 235.84,  0.065, 226.25,  0.083, 233.82,  0.098, 246.57,  0.114, 212.86,  0.049, 240.83,  0.066, 253.22,  0.062, 225.66,  0.087, 323.92,  0.078, 321.80,  0.117, 326.17,  0.069,  32.54,-99.000, -99.00,-99.000, -99.00,-99.000, -99.00,-99.000, -99.00,
9/6/2006 11:20:00, 11.4,275.8,  0.7,  3.3, 18.713, 29.14,  0.0,  0.0,  0.064, 189.02,  0.096, 225.00,  0.067, 231.07,  0.098, 209.17,  0.103, 234.92,  0.067, 281.14,  0.054, 258.27,  0.096, 274.76,  0.125, 275.98,  0.077, 279.71,  0.088, 292.77,  0.085, 287.15,  0.092, 307.49,  0.040, 358.57,  0.099, 333.69,  0.171, 303.78,-99.000, -99.00,-99.000, -99.00,-99.000, -99.00,-99.000, -99.00,
9/6/2006 11:25:00, 11.4,275.9,  0.7,  3.3, 18.712, 29.14,  0.0,  0.0,  0.037, 287.45,  0.095, 236.98,  0.150, 207.42,  0.079, 208.84,  0.144, 243.26,  0.087, 213.69,  0.072, 234.55,  0.095, 218.19,  0.140, 256.76,  0.021, 292.83,  0.106, 315.76,  0.080, 267.85,  0.110, 267.40,  0.098, 295.26,  0.083, 291.29,  0.198, 353.63,-99.000, -99.00,-99.000, -99.00,-99.000, -99.00,-99.000, -99.00,
9/6/2006 11:30:00, 11.4,275.9,  0.7,  3.3, 18.705, 29.14,  0.0,  0.0,  0.049, 211.76,  0.008, 194.04,  0.024,  99.46,  0.022, 254.05,  0.107, 225.75,  0.091, 270.00,  0.031, 277.35,  0.068, 277.65,  0.149, 297.94,  0.104, 276.65,  0.101, 245.46,  0.082, 292.19,  0.108, 301.33,  0.006, 321.34,  0.028,  18.43,  0.172,  14.44,-99.000, -99.00,-99.000, -99.00,-99.000, -99.00,-99.000, -99.00,
9/6/2006 11:35:00, 11.4,275.9,  0.7,  3.3, 18.681, 29.14,  0.0,  0.0,  0.015, 156.80,  0.009, 290.56,  0.011, 180.00,  0.084, 212.37,  0.065, 258.52,  0.107, 262.48,  0.072, 243.79,  0.017, 293.63,  0.076, 276.01,  0.021,  81.87,  0.003,  45.00,  0.054, 261.42,  0.108, 283.91,  0.052, 322.03,  0.068,  38.40,  0.155, 346.95,-99.000, -99.00,-99.000, -99.00,-99.000, -99.00,-99.000, -99.00,
9/6/2006 11:40:00, 11.4,275.9,  0.7,  3.3, 18.690, 29.15,  0.0,  0.0,  0.129, 165.21,  0.032, 351.12,  0.023, 334.54,  0.033, 186.91,  0.057,  90.00,  0.054, 324.83,  0.039, 291.25,  0.102, 252.81,  0.078, 247.38,  0.037, 330.64,  0.047, 248.88,  0.030, 254.58,  0.035, 233.13,  0.066, 331.88,  0.082,  23.11,  0.111,   2.58,-99.000, -99.00,-99.000, -99.00,-99.000, -99.00,-99.000, -99.00,
9/6/2006 11:45:00, 11.4,275.9,  0.7,  3.3, 18.675, 29.15,  0.0,  0.0,  0.060, 150.02,  0.087, 202.17,  0.045, 245.14,  0.101, 173.16,  0.089, 181.93,  0.029, 257.91,  0.085, 252.20,  0.004, 194.04,  0.017, 115.02,  0.084, 255.47,  0.072, 212.59,  0.060, 215.54,  0.038, 169.29,  0.104, 286.17,  0.027, 304.29,  0.162, 353.27,-99.000, -99.00,-99.000, -99.00,-99.000, -99.00,-99.000, -99.00,
9/6/2006 11:50:00, 11.4,275.9,  0.7,  3.3, 18.682, 29.15,  0.0,  0.0,  0.119, 127.16,  0.079, 210.47,  0.058, 195.95,  0.079, 136.02,  0.078, 202.62,  0.098, 212.88,  0.045, 227.73,  0.047, 207.65,  0.044, 235.22,  0.077, 157.78,  0.051, 247.99,  0.042,   4.09,  0.052,  15.64,  0.024,  77.74,  0.056, 300.26,  0.091,   6.34,-99.000, -99.00,-99.000, -99.00,-99.000, -99.00,-99.000, -99.00,
9/6/2006 11:55:00, 11.4,275.9,  0.7,  3.3, 18.676, 29.15,  0.0,  0.0,  0.130, 190.19,  0.051,  96.71,  0.043, 169.22,  0.085, 254.33,  0.141, 118.94,  0.140, 183.27,  0.025, 138.18,  0.012,   9.46,  0.022,  97.77,  0.019, 278.97,  0.079, 140.66,  0.036, 102.88,  0.039, 295.91,  0.012,  24.44,  0.039, 230.19,  0.027, 318.01,-99.000, -99.00,-99.000, -99.00,-99.000, -99.00,-99.000, -99.00,
9/6/2006 12:00:00, 11.4,276.0,  0.7,  3.3, 18.669, 29.14,  0.0,  0.0,  0.089, 160.35,  0.105,  75.03,  0.084, 163.30,  0.148, 138.01,  0.108, 142.50,  0.058, 142.73,  0.045, 126.87,  0.094, 111.12,  0.065, 150.69,  0.032, 180.00,  0.088, 188.50,  0.011, 127.87,  0.034, 244.18,  0.024, 294.44,  0.092, 355.03,  0.198, 353.34,-99.000, -99.00,-99.000, -99.00,-99.000, -99.00,-99.000, -99.00,
9/6/2006 12:05:00, 11.4,275.8,  0.7,  3.3, 18.682, 29.14,  0.0,  0.0,  0.167, 191.71,  0.096, 203.90,  0.118, 123.96,  0.062, 153.02,  0.137, 141.21,  0.090, 122.28,  0.066,  73.22,  0.094,  96.75,  0.087,  90.00,  0.062, 178.15,  0.013, 184.40,  0.050, 356.57,  0.011, 259.70,  0.055, 268.96,  0.057, 317.12,  0.110,  15.80,-99.000, -99.00,-99.000, -99.00,-99.000, -99.00,-99.000, -99.00,
9/6/2006 12:10:00, 11.4,275.9,  0.7,  3.3, 18.677, 29.13,  0.0,  0.0,  0.095, 134.58,  0.055, 102.53,  0.024,   9.46,  0.125, 117.59,  0.082, 160.02,  0.115, 178.01,  0.092, 131.48,  0.045, 153.43,  0.142, 109.33,  0.027, 173.66,  0.033, 144.87,  0.035, 207.30,  0.110, 229.79,  0.106, 319.99,  0.194,  19.55,  0.130, 354.69,-99.000, -99.00,-99.000, -99.00,-99.000, -99.00,-99.000, -99.00,
9/6/2006 12:15:00, 11.4,275.9,  0.7,  3.3, 18.667, 29.13,  0.0,  0.0,  0.105, 101.52,  0.102, 131.82,  0.017, 287.35,  0.063, 193.82,  0.101, 171.47,  0.153, 127.32,  0.067, 111.96,  0.134,  78.35,  0.063, 108.43,  0.084, 156.18,  0.032, 248.20,  0.084, 141.77,  0.034, 217.87,  0.077,  90.74,  0.090, 319.95,  0.139, 358.76,-99.000, -99.00,-99.000, -99.00,-99.000, -99.00,-99.000, -99.00,
9/6/2006 12:20:00, 11.4,275.9,  0.7,  3.3, 18.661, 29.13,  0.0,  0.0,  0.110, 124.27,  0.073, 165.77,  0.016,  50.19,  0.121, 124.61,  0.112, 150.45,  0.147, 118.49,  0.167, 117.49,  0.081, 166.48,  0.087, 102.60,  0.138, 163.54,  0.065, 155.41,  0.028, 210.26,  0.045,  43.21,  0.007,   0.00,  0.082,  55.92,  0.178,  12.32,-99.000, -99.00,-99.000, -99.00,-99.000, -99.00,-99.000, -99.00,
9/6/2006 12:25:00, 11.4,275.9,  0.7,  3.3, 18.650, 29.13,  0.0,  0.0,  0.190, 126.45,  0.087, 161.98,  0.151, 136.61,  0.119, 113.33,  0.194, 152.64,  0.132, 124.53,  0.168, 104.45,  0.101,  93.40,  0.095, 114.94,  0.072,  73.07,  0.106,  57.36,  0.080, 103.69,  0.083,  95.51,  0.027, 197.10,  0.051,  36.19,  0.134, 353.14,-99.000, -99.00,-99.000, -99.00,-99.000, -99.00,-99.000, -99.00,
9/6/2006 12:30:00, 11.4,276.0,  0.7,  3.3, 18.659, 29.12,  0.0,  0.0,  0.180, 133.43,  0.195, 134.17,  0.153, 121.93,  0.076, 180.75,  0.117, 112.62,  0.131,  90.00,  0.183, 135.22,  0.162, 155.18,  0.136, 130.24,  0.100, 105.71,  0.042, 145.56,  0.001, 180.00,  0.069,  75.76,  0.095,  91.81,  0.078,  95.86,  0.116, 336.74,-99.000, -99.00,-99.000, -99.00,-99.000, -99.00,-99.000, -99.00,
9/6/2006 12:35:00, 11.4,275.9,  0.7,  3.3, 18.659, 29.12,  0.0,  0.0,  0.171, 127.14,  0.035,  96.52,  0.183, 114.18,  0.123, 101.77,  0.158, 113.82,  0.084, 120.85,  0.100, 146.78,  0.098, 150.83,  0.048, 156.64,  0.025, 221.82,  0.075, 104.59,  0.073, 112.68,  0.043, 236.31,  0.062,  73.03,  0.063,  59.35,  0.179, 308.86,-99.000, -99.00,-99.000, -99.00,-99.000, -99.00,-99.000, -99.00,
9/6/2006 12:40:00, 11.4,275.9,  0.7,  3.3, 18.651, 29.11,  0.0,  0.0,  0.216, 143.29,  0.146, 126.95,  0.146, 103.08,  0.146, 114.64,  0.168, 106.27,  0.215, 121.33,  0.178, 115.70,  0.148, 133.08,  0.151, 127.48,  0.178, 123.06,  0.043, 130.31,  0.080, 144.71,  0.108, 143.66,  0.095, 119.52,  0.074,  48.30,  0.041,  24.68,-99.000, -99.00,-99.000, -99.00,-99.000, -99.00,-99.000, -99.00,
9/6/2006 12:45:00, 11.4,275.9,  0.7,  3.3, 18.654, 29.11,  0.0,  0.0,  0.195, 132.10,  0.195, 133.34,  0.194, 104.32,  0.173, 105.40,  0.127, 104.58,  0.146, 139.44,  0.069, 141.47,  0.073, 142.19,  0.121, 138.68,  0.067, 142.28,  0.089, 102.32,  0.092, 147.86,  0.025, 208.61,  0.023, 293.20,  0.016,  14.93,  0.116, 304.51,-99.000, -99.00,-99.000, -99.00,-99.000, -99.00,-99.000, -99.00,
9/6/2006 12:50:00, 11.4,276.0,  0.7,  3.3, 18.643, 29.11,  0.0,  0.0,  0.191, 149.55,  0.125, 129.16,  0.097, 109.93,  0.179, 119.86,  0.142, 105.89,  0.199, 109.34,  0.083, 137.45,  0.148, 140.49,  0.145, 158.93,  0.111, 150.90,  0.129, 121.72,  0.112, 105.03,  0.057, 324.93,  0.018, 286.39,  0.047, 189.87,  0.140, 344.28,-99.000, -99.00,-99.000, -99.00,-99.000, -99.00,-99.000, -99.00,
9/6/2006 12:55:00, 11.4,276.0,  0.7,  3.3, 18.648, 29.11,  0.0,  0.0,  0.186, 127.79,  0.155,  98.91,  0.226, 106.19,  0.187, 101.07,  0.109, 123.40,  0.132, 122.97,  0.168, 133.79,  0.156, 120.84,  0.073, 119.36,  0.069, 144.46,  0.094, 152.89,  0.170, 133.81,  0.078, 146.51,  0.031,  95.53,  0.017,  79.99,  0.162, 331.53,-99.000, -99.00,-99.000, -99.00,-99.000, -99.00,-99.000, -99.00,
9/6/2006 13:00:00, 11.4,275.9,  0.7,  3.3, 18.639, 29.11,  0.0,  0.0,  0.178, 132.73,  0.158, 151.33,  0.149, 152.40,  0.152,  88.49,  0.157,  91.09,  0.102,  92.25,  0.113, 128.90,  0.124, 136.30,  0.128, 130.26,  0.176, 141.70,  0.098, 117.35,  0.110, 132.41,  0.032,  71.57,  0.060,  51.79,  0.068,  17.10,  0.160, 357.85,-99.000, -99.00,-99.000, -99.00,-99.000, -99.00,-99.000, -99.00,
9/6/2006 13:05:00, 11.4,275.9,  0.7,  3.3, 18.632, 29.11,  0.0,  0.0,  0.269, 150.39,  0.230, 151.77,  0.109, 107.10,  0.187, 114.65,  0.125, 116.57,  0.173,  97.99,  0.149,  99.65,  0.120, 113.57,  0.205,  99.55,  0.165, 104.71,  0.138, 127.62,  0.129, 152.84,  0.167, 135.97,  0.049, 171.87,  0.035,  42.71,  0.090, 347.20,-99.000, -99.00,-99.000, -99.00,-99.000, -99.00,-99.000, -99.00,
9/6/2006 13:10:00, 11.4,275.9,  0.7,  3.3, 18.658, 29.11,  0.0,  0.0,  0.304, 131.13,  0.292, 130.01,  0.218, 144.13,  0.141, 100.59,  0.187, 107.46,  0.188,  99.81,  0.117, 131.19,  0.110, 128.01,  0.118, 126.38,  0.174, 134.53,  0.115, 117.90,  0.070,  85.91,  0.098,  71.01,  0.053, 215.79,  0.046, 240.10,  0.085, 327.43,-99.000, -99.00,-99.000, -99.00,-99.000, -99.00,-99.000, -99.00,
9/6/2006 13:15:00, 11.4,276.0,  0.7,  3.3, 18.655, 29.11,  0.0,  0.0,  0.247, 142.57,  0.177, 166.59,  0.084, 115.35,  0.158, 142.19,  0.204, 112.53,  0.159, 130.91,  0.199, 115.66,  0.170, 129.03,  0.096, 123.52,  0.173, 106.45,  0.163, 133.01,  0.104, 149.98,  0.095, 123.02,  0.118, 130.55,  0.016, 104.04,  0.112, 277.70,-99.000, -99.00,-99.000, -99.00,-99.000, -99.00,-99.000, -99.00,
9/6/2006 13:20:00, 11.4,275.8,  0.7,  3.3, 18.650, 29.11,  0.0,  0.0,  0.186, 133.04,  0.135, 125.34,  0.136, 134.70,  0.058, 153.43,  0.108, 145.57,  0.181, 123.08,  0.189, 120.23,  0.103,  75.43,  0.177,  65.61,  0.021, 121.43,  0.044, 136.85,  0.087, 130.82,  0.108, 145.14,  0.072, 196.93,  0.026, 355.60,  0.131, 324.61,-99.000, -99.00,-99.000, -99.00,-99.000, -99.00,-99.000, -99.00,
9/6/2006 13:25:00, 11.4,275.9,  0.7,  3.3, 18.654, 29.11,  0.0,  0.0,  0.191, 151.82,  0.096,  80.44,  0.077, 112.22,  0.052, 147.53,  0.130,  92.64,  0.132, 128.86,  0.068,  99.32,  0.093,  93.69,  0.114, 111.61,  0.115, 104.64,  0.021, 142.59,  0.091,  87.48,  0.074, 126.25,  0.085, 204.44,  0.070, 282.44,  0.219, 350.80,-99.000, -99.00,-99.000, -99.00,-99.000, -99.00,-99.000, -99.00,
9/6/2006 13:30:00, 11.4,276.0,  0.7,  3.3, 18.667, 29.11,  0.0,  0.0,  0.226, 141.46,  0.124, 126.50,  0.064, 160.71,  0.205, 135.00,  0.109, 124.13,  0.132,  98.25,  0.080, 152.47,  0.198,  99.61,  0.108,  97.45,  0.142, 119.45,  0.041, 188.33,  0.020,  14.74,  0.056,  14.53,  0.064, 104.47,  0.069, 348.37,  0.165, 357.92,-99.000, -99.00,-99.000, -99.00,-99.000, -99.00,-99.000, -99.00,
9/6/2006 13:35:00, 11.4,276.1,  0.7,  3.2, 18.664, 29.11,  0.0,  0.0,  0.157, 177.81,  0.129, 122.33,  0.197, 132.74,  0.102, 111.28,  0.068,  97.65,  0.110, 114.70,  0.120, 144.18,  0.134, 116.57,  0.077,  89.26,  0.057,  47.12,  0.039, 313.96,  0.086,  71.77,  0.146,  93.92,  0.049,   5.83,  0.066,  16.78,  0.091,   1.26,-99.000, -99.00,-99.000, -99.00,-99.000, -99.00,-99.000, -99.00,
9/6/2006 13:40:00, 11.4,275.8,  0.7,  3.3, 18.650, 29.11,  0.0,  0.0,  0.187, 129.81,  0.161, 167.78,  0.087, 165.96,  0.086, 137.37,  0.115, 121.48,  0.085, 126.87,  0.226, 110.44,  0.034, 195.26,  0.009, 243.43,  0.059, 232.55,  0.037,  99.21,  0.037, 252.55,  0.074,  27.26,  0.034, 319.76,  0.057, 331.63,  0.119, 312.95,-99.000, -99.00,-99.000, -99.00,-99.000, -99.00,-99.000, -99.00,
9/6/2006 13:45:00, 11.4,275.9,  0.7,  3.3, 18.649, 29.11,  0.0,  0.0,  0.212, 136.91,  0.148, 134.73,  0.137, 127.87,  0.163, 141.23,  0.225, 107.07,  0.118,  81.73,  0.091,  67.96,  0.038,  54.64,  0.081,  60.60,  0.044,   7.77,  0.063, 352.65,  0.031, 281.31,  0.108, 309.74,  0.082, 335.61,  0.098, 352.95,  0.136, 293.36,-99.000, -99.00,-99.000, -99.00,-99.000, -99.00,-99.000, -99.00,
9/6/2006 13:50:00, 11.4,275.8,  0.7,  3.2, 18.654, 29.11,  0.0,  0.0,  0.044,  82.23,  0.035,  48.50,  0.124,  75.07,  0.203, 110.49,  0.072,  35.91,  0.133, 110.76,  0.111, 139.40,  0.091,  58.93,  0.077, 122.24,  0.029, 150.75,  0.007,  56.31,  0.035, 135.00,  0.073, 169.77,  0.068, 211.11,  0.035, 343.61,  0.112, 332.29,-99.000, -99.00,-99.000, -99.00,-99.000, -99.00,-99.000, -99.00,
9/6/2006 13:55:00, 11.4,275.9,  0.7,  3.3, 18.646, 29.11,  0.0,  0.0,  0.141,  99.80,  0.069, 143.79,  0.047,  17.28,  0.060,  54.46,  0.096,  59.14,  0.038,  93.01,  0.075, 305.80,  0.048, 187.13,  0.056, 186.12,  0.029, 306.47,  0.028, 122.01,  0.031, 114.90,  0.086, 238.35,  0.059, 354.19,  0.067,  45.60,  0.111, 355.36,-99.000, -99.00,-99.000, -99.00,-99.000, -99.00,-99.000, -99.00,
9/6/2006 14:00:00, 11.4,276.0,  0.7,  3.2, 18.648, 29.11,  0.0,  0.0,  0.115, 123.97,  0.016,  29.74,  0.066, 167.66,  0.048, 326.98,  0.054, 225.00,  0.005, 168.69,  0.014, 323.97,  0.055,  96.23,  0.033, 220.03,  0.072, 204.78,  0.063, 259.94,  0.075, 260.79,  0.056, 301.14,  0.068,   5.88,  0.065,  26.57,  0.165, 353.74,-99.000, -99.00,-99.000, -99.00,-99.000, -99.00,-99.000, -99.00,
9/6/2006 14:05:00, 11.4,275.9,  0.7,  3.3, 18.654, 29.11,  0.0,  0.0,  0.084, 173.88,  0.039, 111.25,  0.050, 134.19,  0.090,  65.14,  0.065, 107.88,  0.089, 166.28,  0.082, 132.04,  0.160,  66.47,  0.089,   9.04,  0.047,  32.01,  0.103,   2.22,  0.051, 353.29,  0.039, 272.94,  0.091, 292.62,  0.098, 339.17,  0.151,  16.15,-99.000, -99.00,-99.000, -99.00,-99.000, -99.00,-99.000, -99.00,
9/6/2006 14:10:00, 11.4,275.9,  0.7,  3.3, 18.659, 29.11,  0.0,  0.0,  0.061, 104.26,  0.084, 196.70,  0.109, 122.67,  0.121, 142.75,  0.102,  71.03,  0.068, 130.24,  0.112, 126.25,  0.059,  93.88,  0.086,   3.99,  0.085,  19.29,  0.089, 355.50,  0.092, 340.97,  0.047, 347.74,  0.013,   0.00,  0.024,   0.00,  0.144,   8.81,-99.000, -99.00,-99.000, -99.00,-99.000, -99.00,-99.000, -99.00,
9/6/2006 14:15:00, 11.4,275.9,  0.7,  3.3, 18.662, 29.11,  0.0,  0.0,  0.086, 118.35,  0.165, 117.34,  0.154, 165.69,  0.036,  85.24,  0.054, 141.01,  0.063,  84.56,  0.095,  75.38,  0.075,   3.81,  0.088,  81.50,  0.121,  65.13,  0.029,  46.40,  0.034,  73.14,  0.025, 104.04,  0.074,  13.28,  0.087, 344.69,  0.239, 358.08,-99.000, -99.00,-99.000, -99.00,-99.000, -99.00,-99.000, -99.00,
9/6/2006 14:20:00, 11.4,275.8,  0.7,  3.3, 18.679, 29.11,  0.0,  0.0,  0.174, 165.72,  0.145, 146.53,  0.110, 160.42,  0.132, 119.48,  0.053, 159.19,  0.061, 184.69,  0.025, 135.00,  0.099, 249.92,  0.083,  87.24,  0.048, 349.16,  0.070, 254.17,  0.043, 267.34,  0.064, 187.24,  0.051, 244.44,  0.078, 276.67,  0.149, 347.18,-99.000, -99.00,-99.000, -99.00,-99.000, -99.00,-99.000, -99.00,
9/6/2006 14:25:00, 11.4,276.0,  0.7,  3.3, 18.677, 29.10,  0.0,  0.0,  0.046,  90.00,  0.103, 130.66,  0.031, 160.97,  0.091,  99.46,  0.110,  87.92,  0.079, 352.69,  0.124, 339.66,  0.107, 321.09,  0.066, 265.67,  0.029,  30.96,  0.106, 315.76,  0.091, 326.66,  0.066, 257.85,  0.052, 300.02,  0.068, 298.07,  0.166, 355.15,-99.000, -99.00,-99.000, -99.00,-99.000, -99.00,-99.000, -99.00,
9/6/2006 14:30:00, 11.4,275.9,  0.7,  3.2, 18.694, 29.10,  0.0,  0.0,  0.088, 174.81,  0.114, 103.67,  0.091, 125.61,  0.040, 174.29,  0.002, 270.00,  0.049, 212.38,  0.125, 319.20,  0.044, 214.78,  0.078, 245.07,  0.073, 284.98,  0.103, 307.09,  0.049,  75.96,  0.009, 229.40,  0.010, 281.31,  0.032,  84.64,  0.078,   2.94,-99.000, -99.00,-99.000, -99.00,-99.000, -99.00,-99.000, -99.00,
9/6/2006 14:35:00, 11.4,275.8,  0.7,  3.3, 18.705, 29.10,  0.0,  0.0,  0.049, 162.30,  0.083,  49.40,  0.071, 108.18,  0.148,  77.93,  0.070, 350.13,  0.045,   7.59,  0.061, 311.01,  0.065, 218.80,  0.057, 304.25,  0.053,  75.70,  0.084, 336.18,  0.042,  42.09,  0.127, 329.81,  0.057,   6.01,  0.016,  55.30,  0.104,   0.55,-99.000, -99.00,-99.000, -99.00,-99.000, -99.00,-99.000, -99.00,
9/6/2006 14:40:00, 11.4,275.8,  0.7,  3.3, 18.710, 29.10,  0.0,  0.0,  0.045, 112.04,  0.118, 194.74,  0.018, 270.00,  0.035,  27.30,  0.070, 355.10,  0.036, 339.08,  0.073,  12.70,  0.050,  72.65,  0.068, 296.94,  0.073,  57.83,  0.053, 247.80,  0.033, 151.11,  0.035,  90.00,  0.032,  53.84,  0.102, 325.38,  0.104, 332.45,-99.000, -99.00,-99.000, -99.00,-99.000, -99.00,-99.000, -99.00,
9/6/2006 14:45:00, 11.4,275.9,  0.7,  3.3, 18.708, 29.10,  0.0,  0.0,  0.028, 251.57,  0.013,  90.00,  0.040, 180.00,  0.031, 128.37,  0.042,  12.38,  0.051, 335.46,  0.018, 202.38,  0.009, 341.57,  0.081,  15.07,  0.057,  44.29,  0.052, 278.91,  0.035, 297.30,  0.043, 259.22,  0.116, 252.97,  0.021, 328.57,  0.108,  17.26,-99.000, -99.00,-99.000, -99.00,-99.000, -99.00,-99.000, -99.00,
9/6/2006 14:50:00, 11.4,275.9,  0.7,  3.2, 18.713, 29.10,  0.0,  0.0,  0.070, 104.83,  0.026, 232.70,  0.029, 354.09,  0.006, 141.34,  0.056, 342.22,  0.041, 308.00,  0.122, 339.94,  0.058, 331.23,  0.085,  18.43,  0.005, 248.20,  0.045, 316.79,  0.105, 301.43,  0.022, 226.85,  0.051, 127.09,  0.054, 333.43,  0.079,  10.18,-99.000, -99.00,-99.000, -99.00,-99.000, -99.00,-99.000, -99.00,
9/6/2006 14:55:00, 11.4,275.9,  0.7,  3.3, 18.714, 29.10,  0.0,  0.0,  0.054, 206.57,  0.051, 102.41,  0.062, 309.09,  0.158,   3.62,  0.182,  13.65,  0.116,   1.97,  0.103, 335.92,  0.060, 344.58,  0.102, 291.80,  0.036, 300.14,  0.058, 226.40,  0.019, 207.90,  0.019,  71.57,  0.035, 258.37,  0.028, 319.40,  0.101, 350.91,-99.000, -99.00,-99.000, -99.00,-99.000, -99.00,-99.000, -99.00,
9/6/2006 15:00:00, 11.4,275.8,  0.7,  3.3, 18.699, 29.10,  0.0,  0.0,  0.065, 290.66,  0.012,   9.46,  0.095, 254.80,  0.081, 313.51,  0.135, 308.06,  0.130, 338.36,  0.107, 317.65,  0.031, 343.30,  0.010, 315.00,  0.011, 315.00,  0.015, 289.65,  0.057, 305.66,  0.060, 299.15,  0.016, 280.62,  0.046, 344.74,  0.235,  11.02,-99.000, -99.00,-99.000, -99.00,-99.000, -99.00,-99.000, -99.00,
9/6/2006 15:05:00, 11.4,276.0,  0.7,  3.2, 18.714, 29.10,  0.0,  0.0,  0.084, 206.87,  0.027, 357.88,  0.062, 309.09,  0.048, 311.63,  0.150, 354.63,  0.123, 333.02,  0.088,  54.69,  0.043,   2.66,  0.076, 299.93,  0.064, 327.80,  0.098,  43.76,  0.025,  99.09,  0.023, 226.74,  0.035, 112.11,  0.088, 302.97,  0.066, 300.82,-99.000, -99.00,-99.000, -99.00,-99.000, -99.00,-99.000, -99.00,
9/6/2006 15:10:00, 11.4,275.8,  0.7,  3.3, 18.715, 29.10,  0.0,  0.0,  0.114,  10.12,  0.068, 211.11,  0.041,  55.92,  0.018, 321.84,  0.203, 341.65,  0.163, 350.83,  0.101, 333.43,  0.128, 321.34,  0.095, 290.91,  0.040, 249.78,  0.011, 349.70,  0.080, 283.69,  0.034, 196.86,  0.027, 267.88,  0.046, 319.40,  0.111,   8.79,-99.000, -99.00,-99.000, -99.00,-99.000, -99.00,-99.000, -99.00,
9/6/2006 15:15:00, 11.4,275.9,  0.7,  3.3, 18.741, 29.10,  0.0,  0.0,  0.096,   2.98,  0.042, 333.43,  0.109, 333.90,  0.168,  36.53,  0.123,  56.96,  0.132,  21.32,  0.133, 328.22,  0.057, 339.33,  0.020, 243.43,  0.061, 275.62,  0.033, 336.57,  0.043, 132.18,  0.084, 290.16,  0.027, 344.93,  0.040,  88.57,  0.037, 244.13,-99.000, -99.00,-99.000, -99.00,-99.000, -99.00,-99.000, -99.00,
9/6/2006 15:20:00, 11.4,275.9,  0.7,  3.3, 18.731, 29.10,  0.0,  0.0,  0.065, 320.65,  0.085, 298.99,  0.105, 327.07,  0.199,   8.37,  0.165, 329.10,  0.103,  57.70,  0.050, 130.10,  0.046,  34.38,  0.055, 353.77,  0.063,  46.93,  0.059, 267.09,  0.036, 274.76,  0.049, 296.57,  0.013,  61.39,  0.045, 318.58,  0.097, 304.02,-99.000, -99.00,-99.000, -99.00,-99.000, -99.00,-99.000, -99.00,
9/6/2006 15:25:00, 11.4,275.8,  0.7,  3.2, 18.744, 29.09,  0.0,  0.0,  0.175, 334.61,  0.087, 321.03,  0.087, 319.18,  0.152, 310.72,  0.080,   3.58,  0.043, 324.46,  0.017, 162.65,  0.038,  85.49,  0.025,  11.31,  0.055, 239.22,  0.025, 233.13,  0.025, 251.57,  0.037,  45.00,  0.029, 254.05,  0.025, 229.90,  0.154, 340.62,-99.000, -99.00,-99.000, -99.00,-99.000, -99.00,-99.000, -99.00,
9/6/2006 15:30:00, 11.4,275.9,  0.7,  3.2, 18.744, 29.09,  0.0,  0.0,  0.035, 228.50,  0.054,   7.39,  0.145,   5.55,  0.049, 338.63,  0.125, 355.43,  0.044, 358.70,  0.037,  34.11,  0.034,  37.87,  0.077,  87.03,  0.069, 251.30,  0.074, 274.64,  0.063, 105.57,  0.035, 136.17,  0.033, 336.57,  0.052, 329.04,  0.117,   2.45,-99.000, -99.00,-99.000, -99.00,-99.000, -99.00,-99.000, -99.00,
9/6/2006 15:35:00, 11.4,275.7,  0.7,  3.3, 18.753, 29.09,  0.0,  0.0,  0.042,  45.00,  0.117, 319.50,  0.123,   0.47,  0.090, 354.29,  0.114,  10.62,  0.047, 299.29,  0.112, 339.62,  0.076, 299.93,  0.094, 267.56,  0.016, 309.81,  0.069, 315.59,  0.132, 303.57,  0.068, 247.57,  0.047, 219.81,  0.028, 180.00,  0.088, 334.31,-99.000, -99.00,-99.000, -99.00,-99.000, -99.00,-99.000, -99.00,
9/6/2006 15:40:00, 11.4,275.9,  0.7,  3.3, 18.764, 29.09,  0.0,  0.0,  0.201, 330.89,  0.086, 349.34,  0.110,   0.00,  0.105, 349.01,  0.141, 340.16,  0.089, 288.43,  0.141, 328.34,  0.065, 304.92,  0.055, 278.43,  0.044, 158.68,  0.077, 301.22,  0.021, 215.22,  0.105, 194.30,  0.059, 177.09,  0.061,  90.94,  0.098, 329.24,-99.000, -99.00,-99.000, -99.00,-99.000, -99.00,-99.000, -99.00,
9/6/2006 15:45:00, 11.4,275.9,  0.7,  3.2, 18.780, 29.09,  0.0,  0.0,  0.180, 324.72,  0.045, 329.47,  0.142, 359.19,  0.101, 302.43,  0.143, 348.30,  0.080,  20.47,  0.090, 324.54,  0.022,  82.23,  0.078, 281.02,  0.107, 264.08,  0.036, 228.37,  0.065, 274.40,  0.040, 247.93,  0.039, 232.25,  0.041, 329.04,  0.082, 317.96,-99.000, -99.00,-99.000, -99.00,-99.000, -99.00,-99.000, -99.00,
9/6/2006 15:50:00, 11.4,275.9,  0.7,  3.2, 18.786, 29.09,  0.0,  0.0,  0.076, 321.93,  0.116, 346.56,  0.065, 296.57,  0.069,  22.11,  0.168, 319.58,  0.078, 358.53,  0.122,   5.66,  0.191, 315.42,  0.121, 322.75,  0.122, 279.93,  0.046, 237.34,  0.054, 237.77,  0.126, 260.84,  0.085,  96.04,  0.110, 129.47,  0.058,  43.60,-99.000, -99.00,-99.000, -99.00,-99.000, -99.00,-99.000, -99.00,
9/6/2006 15:55:00, 11.4,276.0,  0.7,  3.2, 18.793, 29.09,  0.0,  0.0,  0.123, 331.98,  0.122, 352.00,  0.062, 355.39,  0.064, 334.23,  0.110,  23.06,  0.068,  21.64,  0.037, 358.45,  0.142, 328.21,  0.084, 301.43,  0.085, 250.07,  0.120, 270.48,  0.081, 182.83,  0.054, 135.00,  0.068, 221.42,  0.068, 197.90,  0.065, 209.31,-99.000, -99.00,-99.000, -99.00,-99.000, -99.00,-99.000, -99.00,
9/6/2006 16:00:00, 11.4,275.8,  0.7,  3.2, 18.804, 29.09,  0.0,  0.0,  0.087,  15.31,  0.076, 341.57,  0.113, 317.15,  0.047, 348.93,  0.103, 349.35,  0.071, 335.96,  0.063, 339.55,  0.097, 345.68,  0.035, 263.48,  0.047, 173.93,  0.079, 227.05,  0.045, 289.65,  0.040, 171.47,  0.019, 195.52,  0.086, 129.81,  0.066,   4.33,-99.000, -99.00,-99.000, -99.00,-99.000, -99.00,-99.000, -99.00,
9/6/2006 16:05:00, 11.4,275.8,  0.7,  3.2, 18.822, 29.09,  0.0,  0.0,  0.183, 313.45,  0.060,   0.00,  0.008, 315.00,  0.100, 318.65,  0.104, 356.70,  0.020, 329.53,  0.044,  37.65,  0.074, 238.24,  0.091, 206.00,  0.106, 105.35,  0.064, 147.80,  0.013, 208.61,  0.068, 137.39,  0.083, 171.67,  0.025, 186.84,  0.009, 167.47,-99.000, -99.00,-99.000, -99.00,-99.000, -99.00,-99.000, -99.00,
9/6/2006 16:10:00, 11.4,275.9,  0.7,  3.3, 18.839, 29.10,  0.0,  0.0,  0.116, 307.66,  0.097, 308.75,  0.034, 295.82,  0.144, 358.01,  0.091,  27.41,  0.105, 297.30,  0.105, 284.30,  0.053, 228.81,  0.018, 276.34,  0.061, 253.93,  0.069, 169.18,  0.053, 183.24,  0.023, 109.98,  0.051,  33.07,  0.034,   5.04,  0.068, 229.76,-99.000, -99.00,-99.000, -99.00,-99.000, -99.00,-99.000, -99.00,
9/6/2006 16:15:00, 11.4,275.8,  0.7,  3.2, 18.841, 29.10,  0.0,  0.0,  0.152, 337.15,  0.179, 340.76,  0.155, 354.81,  0.046, 299.90,  0.134, 343.59,  0.102,  41.03,  0.096, 331.29,  0.154, 325.59,  0.078, 321.80,  0.074,  30.03,  0.056,  78.69,  0.029, 120.96,  0.052, 262.33,  0.070, 303.92,  0.066, 294.23,  0.065, 235.08,-99.000, -99.00,-99.000, -99.00,-99.000, -99.00,-99.000, -99.00,
9/6/2006 16:20:00, 11.4,275.8,  0.7,  3.3, 18.849, 29.10,  0.0,  0.0,  0.151, 326.10,  0.090, 311.85,  0.122, 282.32,  0.208,  16.17,  0.167, 334.51,  0.022,  50.53,  0.104, 312.27,  0.061, 323.70,  0.066, 176.53,  0.060, 122.11,  0.019, 111.25,  0.066, 246.91,  0.030, 221.01,  0.050, 270.00,  0.053, 286.39,  0.017, 287.35,-99.000, -99.00,-99.000, -99.00,-99.000, -99.00,-99.000, -99.00,
9/6/2006 16:25:00, 11.4,275.9,  0.7,  3.3, 18.851, 29.10,  0.0,  0.0,  0.248, 301.96,  0.212, 312.33,  0.114, 325.75,  0.137, 349.10,  0.142,  13.45,  0.159, 358.20,  0.060, 318.37,  0.068, 282.80,  0.066, 213.21,  0.057, 177.99,  0.081, 256.48,  0.082, 251.57,  0.087, 270.66,  0.055, 328.32,  0.058, 316.40,  0.026,   0.00,-99.000, -99.00,-99.000, -99.00,-99.000, -99.00,-99.000, -99.00,
9/6/2006 16:30:00, 11.4,275.7,  0.7,  3.3, 18.859, 29.10,  0.0,  0.0,  0.110, 330.64,  0.085, 321.23,  0.155, 344.26,  0.205, 295.44,  0.190, 358.79,  0.113,  29.74,  0.076,  22.50,  0.076,   3.01,  0.058, 130.82,  0.022, 153.43,  0.088, 283.88,  0.092, 265.65,  0.125, 254.18,  0.094, 271.83,  0.044, 258.18,  0.058, 223.60,-99.000, -99.00,-99.000, -99.00,-99.000, -99.00,-99.000, -99.00,
9/6/2006 16:35:00, 11.4,275.9,  0.7,  3.2, 18.867, 29.11,  0.0,  0.0,  0.169, 310.20,  0.148, 315.82,  0.087, 316.40,  0.038,   1.51,  0.112, 330.70,  0.147, 332.91,  0.120, 311.63,  0.089, 266.78,  0.058, 357.04,  0.088,  92.60,  0.156, 237.02,  0.072, 266.03,  0.021,   0.00,  0.126, 299.01,  0.030,  13.57,  0.042, 160.71,-99.000, -99.00,-99.000, -99.00,-99.000, -99.00,-99.000, -99.00,
9/6/2006 16:40:00, 11.4,275.9,  0.7,  3.2, 18.866, 29.11,  0.0,  0.0,  0.226, 326.38,  0.224, 306.10,  0.189, 305.12,  0.066, 347.66,  0.049, 310.86,  0.091, 358.74,  0.074, 341.81,  0.024, 189.46,  0.026, 245.38,  0.009, 327.99,  0.025,  68.63,  0.034, 300.38,  0.100, 285.00,  0.089, 327.38,  0.119,   5.33,  0.027, 270.00,-99.000, -99.00,-99.000, -99.00,-99.000, -99.00,-99.000, -99.00,
9/6/2006 16:45:00, 11.4,275.8,  0.7,  3.3, 18.879, 29.11,  0.0,  0.0,  0.197,  10.80,  0.216, 303.10,  0.038, 332.10,  0.125, 305.86,  0.052, 327.53,  0.040, 345.62,  0.056, 353.88,  0.117, 354.58,  0.049, 330.83,  0.028, 165.47,  0.024, 267.61,  0.026, 307.30,  0.077, 302.24,  0.052, 261.09,  0.053, 248.81,  0.032, 245.85,-99.000, -99.00,-99.000, -99.00,-99.000, -99.00,-99.000, -99.00,
9/6/2006 16:50:00, 11.4,275.8,  0.7,  3.2, 18.879, 29.11,  0.0,  0.0,  0.160, 303.79,  0.183, 313.89,  0.181, 288.74,  0.075, 342.05,  0.096, 348.57,  0.073, 350.54,  0.064, 327.80,  0.029, 350.22,  0.030, 312.27,  0.081, 270.00,  0.099, 276.40,  0.117, 329.04,  0.072, 286.93,  0.076, 286.05,  0.050, 287.35,  0.077, 266.28,-99.000, -99.00,-99.000, -99.00,-99.000, -99.00,-99.000, -99.00,
9/6/2006 16:55:00, 11.4,275.9,  0.7,  3.2, 18.896, 29.12,  0.0,  0.0,  0.196, 324.36,  0.126, 319.50,  0.040, 328.30,  0.088,   4.55,  0.069, 352.46,  0.161, 320.79,  0.117, 312.57,  0.015, 301.61,  0.037,  77.47,  0.041, 318.95,  0.083, 127.15,  0.020, 139.09,  0.007, 270.00,  0.004, 180.00,  0.058, 317.79,  0.023, 187.43,-99.000, -99.00,-99.000, -99.00,-99.000, -99.00,-99.000, -99.00,
9/6/2006 17:00:00, 11.4,275.9,  0.7,  3.2, 18.911, 29.12,  0.0,  0.0,  0.134, 312.59,  0.180, 316.12,  0.048, 330.26,  0.104, 341.57,  0.041, 291.54,  0.071, 282.26,  0.152,   3.39,  0.158, 346.84,  0.098, 313.76,  0.043, 221.19,  0.082, 245.61,  0.110, 312.06,  0.034, 331.93,  0.065, 273.52,  0.046, 335.66,  0.113, 190.21,-99.000, -99.00,-99.000, -99.00,-99.000, -99.00,-99.000, -99.00,
9/6/2006 17:05:00, 11.4,275.9,  0.7,  3.2, 18.911, 29.12,  0.0,  0.0,  0.075, 342.05,  0.106, 273.24,  0.104, 349.99,  0.197, 304.66,  0.105, 300.22,  0.118, 291.80,  0.114, 308.58,  0.049,  47.49,  0.087,  17.39,  0.081, 275.64,  0.049, 319.14,  0.042, 353.21,  0.031,   0.00,  0.039,  76.68,  0.078,  38.77,  0.116, 129.05,-99.000, -99.00,-99.000, -99.00,-99.000, -99.00,-99.000, -99.00,
9/6/2006 17:10:00, 11.4,276.0,  0.7,  3.2, 18.916, 29.13,  0.0,  0.0,  0.191, 347.93,  0.170, 336.00,  0.159, 317.56,  0.183, 320.56,  0.119, 285.09,  0.136, 301.47,  0.127, 352.32,  0.075, 354.67,  0.114, 332.99,  0.127,   1.35,  0.090, 318.15,  0.072, 290.19,  0.132, 282.25,  0.125, 283.92,  0.121, 313.99,  0.089, 214.05,-99.000, -99.00,-99.000, -99.00,-99.000, -99.00,-99.000, -99.00,
9/6/2006 17:15:00, 11.4,275.8,  0.7,  3.3, 18.935, 29.13,  0.0,  0.0,  0.047,  36.38,  0.135, 275.54,  0.069, 286.06,  0.137, 337.19,  0.180, 306.17,  0.060, 271.91,  0.134, 294.27,  0.126, 318.86,  0.066, 321.75,  0.044, 323.39,  0.077, 340.40,  0.054,  15.07,  0.076, 283.67,  0.058, 298.77,  0.094, 350.84,  0.013, 243.43,-99.000, -99.00,-99.000, -99.00,-99.000, -99.00,-99.000, -99.00,
9/6/2006 17:20:00, 11.4,275.7,  0.7,  3.3, 18.954, 29.14,  0.0,  0.0,  0.066, 314.38,  0.107, 282.47,  0.062, 314.34,  0.095, 272.41,  0.119, 305.43,  0.241, 309.78,  0.110, 329.93,  0.085, 320.71,  0.120,   6.23,  0.118, 352.21,  0.139, 336.21,  0.118, 308.81,  0.129, 320.37,  0.055, 326.02,  0.036,  15.95,  0.058, 170.05,-99.000, -99.00,-99.000, -99.00,-99.000, -99.00,-99.000, -99.00,
9/6/2006 17:25:00, 11.4,275.7,  0.7,  3.3, 18.952, 29.15,  0.0,  0.0,  0.121, 284.84,  0.162, 328.85,  0.211, 342.08,  0.169, 332.53,  0.096, 352.21,  0.052, 277.67,  0.100, 350.26,  0.161, 323.06,  0.064, 337.86,  0.098, 315.00,  0.093, 346.26,  0.154, 315.53,  0.138, 331.39,  0.094, 330.71,  0.087, 280.54,  0.040, 348.41,-99.000, -99.00,-99.000, -99.00,-99.000, -99.00,-99.000, -99.00,
9/6/2006 17:30:00, 11.4,275.8,  0.7,  3.3, 18.957, 29.16,  0.0,  0.0,  0.097, 304.51,  0.123, 322.57,  0.113, 337.54,  0.123, 276.55,  0.200, 268.57,  0.113, 289.08,  0.173, 294.94,  0.180, 310.50,  0.196, 331.74,  0.090,   0.00,  0.197, 316.24,  0.136, 307.54,  0.120, 296.14,  0.096, 318.37,  0.154, 308.66,  0.025, 229.90,-99.000, -99.00,-99.000, -99.00,-99.000, -99.00,-99.000, -99.00,
9/6/2006 17:35:00, 11.4,275.8,  0.7,  3.2, 18.973, 29.16,  0.0,  0.0,  0.074,  22.38,  0.111, 324.88,  0.146, 299.55,  0.111, 288.92,  0.110, 314.63,  0.087, 305.15,  0.128, 300.96,  0.114, 287.96,  0.116, 311.51,  0.089, 310.46,  0.077, 359.26,  0.101, 294.54,  0.115, 286.22,  0.127, 314.04,  0.194, 319.17,  0.023, 149.04,-99.000, -99.00,-99.000, -99.00,-99.000, -99.00,-99.000, -99.00,
9/6/2006 17:40:00, 11.4,275.7,  0.7,  3.3, 18.992, 29.17,  0.0,  0.0,  0.168, 316.69,  0.161, 304.88,  0.155, 330.30,  0.187, 319.57,  0.161, 288.10,  0.165, 301.08,  0.088, 283.09,  0.156, 309.29,  0.092, 331.49,  0.118, 341.26,  0.102, 306.65,  0.146, 322.50,  0.179, 308.66,  0.192, 305.02,  0.181, 300.10,  0.099, 269.42,-99.000, -99.00,-99.000, -99.00,-99.000, -99.00,-99.000, -99.00,
9/6/2006 17:45:00, 11.4,275.8,  0.7,  3.2, 18.983, 29.17,  0.0,  0.0,  0.116,  11.99,  0.108, 341.73,  0.200, 312.56,  0.138, 304.04,  0.194, 309.35,  0.113, 311.76,  0.197, 290.45,  0.207, 314.80,  0.207, 317.74,  0.212, 306.76,  0.134, 314.40,  0.183, 326.14,  0.154, 317.63,  0.171, 311.69,  0.158, 327.92,  0.135, 285.07,-99.000, -99.00,-99.000, -99.00,-99.000, -99.00,-99.000, -99.00,
9/6/2006 17:50:00, 11.4,275.8,  0.7,  3.2, 18.984, 29.17,  0.0,  0.0,  0.145, 324.23,  0.170, 329.96,  0.100, 337.77,  0.164, 308.33,  0.186, 305.82,  0.150, 272.29,  0.174, 271.65,  0.168, 304.35,  0.157, 296.40,  0.158, 324.50,  0.171, 307.41,  0.192, 314.16,  0.130, 311.27,  0.194, 318.34,  0.174, 319.90,  0.072, 271.59,-99.000, -99.00,-99.000, -99.00,-99.000, -99.00,-99.000, -99.00,
9/6/2006 17:55:00, 11.4,275.9,  0.7,  3.3, 18.986, 29.17,  0.0,  0.0,  0.089, 341.57,  0.177, 326.04,  0.176, 317.99,  0.194, 305.57,  0.204, 309.23,  0.140, 310.96,  0.185, 290.88,  0.133, 310.14,  0.088, 338.68,  0.156, 320.71,  0.124, 344.62,  0.091, 334.56,  0.125, 315.32,  0.100, 322.33,  0.106, 289.80,  0.172, 262.67,-99.000, -99.00,-99.000, -99.00,-99.000, -99.00,-99.000, -99.00,
9/6/2006 18:00:00, 11.4,275.8,  0.7,  3.2, 19.008, 29.18,  0.0,  0.0,  0.107, 335.82,  0.217, 323.45,  0.167, 302.26,  0.124, 300.49,  0.171, 289.50,  0.161, 307.94,  0.151, 313.66,  0.160, 298.32,  0.094, 320.19,  0.143, 309.04,  0.062, 323.50,  0.116, 334.54,  0.207, 320.48,  0.185, 309.96,  0.117, 307.36,  0.174, 248.01,-99.000, -99.00,-99.000, -99.00,-99.000, -99.00,-99.000, -99.00,
9/6/2006 18:05:00, 11.4,275.8,  0.7,  3.2, 19.026, 29.18,  0.0,  0.0,  0.173, 352.34,  0.161, 296.57,  0.133, 338.44,  0.106, 352.94,  0.148, 306.48,  0.103, 330.95,  0.111, 335.05,  0.194, 289.55,  0.167, 287.03,  0.195, 297.22,  0.111, 335.51,  0.175, 311.99,  0.112, 315.00,  0.117, 297.00,  0.192, 302.04,  0.219, 277.09,-99.000, -99.00,-99.000, -99.00,-99.000, -99.00,-99.000, -99.00,
9/6/2006 18:10:00, 11.4,275.8,  0.7,  3.3, 19.010, 29.18,  0.0,  0.0,  0.247, 338.11,  0.174, 333.73,  0.166, 319.89,  0.234, 332.56,  0.159, 310.91,  0.167, 293.65,  0.207, 310.69,  0.197, 303.61,  0.169, 296.72,  0.165, 282.60,  0.203, 312.41,  0.189, 315.64,  0.173, 289.90,  0.145, 307.42,  0.108, 313.88,  0.185, 268.76,-99.000, -99.00,-99.000, -99.00,-99.000, -99.00,-99.000, -99.00,
9/6/2006 18:15:00, 11.4,275.7,  0.7,  3.2, 19.020, 29.18,  0.0,  0.0,  0.208, 334.92,  0.128, 322.95,  0.224, 313.37,  0.215, 302.29,  0.188, 304.79,  0.226, 309.81,  0.231, 291.57,  0.253, 284.42,  0.163, 304.27,  0.200, 306.07,  0.213, 305.63,  0.173, 315.47,  0.167, 336.67,  0.147, 311.41,  0.164, 288.10,  0.062, 213.18,-99.000, -99.00,-99.000, -99.00,-99.000, -99.00,-99.000, -99.00,
9/6/2006 18:20:00, 11.4,275.8,  0.7,  3.3, 19.024, 29.19,  0.0,  0.0,  0.144, 314.44,  0.146, 324.78,  0.195, 299.85,  0.186, 321.53,  0.236, 297.76,  0.126, 292.90,  0.117, 313.26,  0.187, 295.61,  0.207, 303.38,  0.159, 280.11,  0.124, 298.43,  0.129, 323.84,  0.204, 310.24,  0.191, 301.94,  0.105, 314.62,  0.067, 249.15,-99.000, -99.00,-99.000, -99.00,-99.000, -99.00,-99.000, -99.00,
9/6/2006 18:25:00, 11.4,275.8,  0.7,  3.3, 19.045, 29.19,  0.0,  0.0,  0.208, 320.87,  0.135, 316.50,  0.126, 314.36,  0.218, 312.77,  0.222, 294.15,  0.141, 309.55,  0.150, 297.76,  0.193, 291.64,  0.175, 281.89,  0.189, 298.05,  0.226, 305.45,  0.186, 313.91,  0.208, 311.29,  0.139, 290.65,  0.172, 279.68,  0.147, 266.11,-99.000, -99.00,-99.000, -99.00,-99.000, -99.00,-99.000, -99.00,
9/6/2006 18:30:00, 11.4,275.8,  0.7,  3.2, 19.051, 29.19,  0.0,  0.0,  0.148, 305.94,  0.150, 310.68,  0.230, 324.72,  0.223, 283.48,  0.076, 302.64,  0.116, 299.87,  0.203, 295.43,  0.240, 276.95,  0.237, 292.88,  0.154, 324.76,  0.212, 322.48,  0.169, 309.24,  0.153, 314.21,  0.144, 296.74,  0.145, 290.56,  0.066, 179.13,-99.000, -99.00,-99.000, -99.00,-99.000, -99.00,-99.000, -99.00,
9/6/2006 18:35:00, 11.4,275.9,  0.7,  3.3, 19.056, 29.19,  0.0,  0.0,  0.154, 350.29,  0.170, 289.29,  0.172, 325.66,  0.172, 342.09,  0.149, 286.00,  0.168, 324.70,  0.157, 319.40,  0.151, 317.68,  0.121, 289.33,  0.187, 310.43,  0.202, 305.11,  0.246, 305.56,  0.215, 290.12,  0.176, 304.32,  0.242, 289.33,  0.084, 270.00,-99.000, -99.00,-99.000, -99.00,-99.000, -99.00,-99.000, -99.00,
9/6/2006 18:40:00, 11.4,275.7,  0.7,  3.3, 19.068, 29.19,  0.0,  0.0,  0.161, 351.06,  0.199, 314.19,  0.127, 280.87,  0.099, 290.08,  0.118, 316.03,  0.214, 314.43,  0.174, 320.83,  0.197, 293.96,  0.157, 305.92,  0.140, 296.20,  0.169, 306.80,  0.158, 307.81,  0.155, 296.40,  0.180, 309.60,  0.149, 310.10,  0.108, 287.76,-99.000, -99.00,-99.000, -99.00,-99.000, -99.00,-99.000, -99.00,
9/6/2006 18:45:00, 11.4,275.8,  0.7,  3.3, 19.070, 29.19,  0.0,  0.0,  0.285, 307.59,  0.183, 307.43,  0.140, 324.27,  0.187, 313.26,  0.182, 287.54,  0.133, 282.99,  0.152, 281.75,  0.192, 316.90,  0.170, 303.50,  0.200, 311.75,  0.213, 302.72,  0.219, 315.37,  0.190, 302.77,  0.171, 300.16,  0.200, 301.06,  0.166, 292.25,-99.000, -99.00,-99.000, -99.00,-99.000, -99.00,-99.000, -99.00,
9/6/2006 18:50:00, 11.4,275.8,  0.7,  3.3, 19.071, 29.19,  0.0,  0.0,  0.150, 303.06,  0.212, 318.64,  0.256, 301.89,  0.147, 312.25,  0.113, 326.17,  0.184, 281.31,  0.188, 294.80,  0.167, 311.12,  0.207, 318.14,  0.164, 302.04,  0.170, 312.61,  0.266, 305.96,  0.215, 302.29,  0.157, 298.03,  0.224, 283.66,  0.198, 282.28,-99.000, -99.00,-99.000, -99.00,-99.000, -99.00,-99.000, -99.00,
9/6/2006 18:55:00, 11.4,275.8,  0.7,  3.2, 19.087, 29.20,  0.0,  0.0,  0.140, 354.66,  0.236, 302.55,  0.212, 323.62,  0.195, 307.28,  0.127, 308.94,  0.222, 309.14,  0.204, 295.31,  0.244, 309.69,  0.185, 293.52,  0.233, 306.28,  0.280, 308.18,  0.247, 326.37,  0.205, 296.94,  0.190, 287.10,  0.175, 286.26,  0.124, 263.51,-99.000, -99.00,-99.000, -99.00,-99.000, -99.00,-99.000, -99.00,
9/6/2006 19:00:00, 11.4,275.9,  0.7,  3.2, 19.096, 29.20,  0.0,  0.0,  0.134, 329.40,  0.141, 333.43,  0.221, 319.03,  0.154, 288.55,  0.164, 271.05,  0.171, 294.47,  0.226, 292.93,  0.217, 307.87,  0.202, 293.01,  0.258, 325.75,  0.221, 313.35,  0.155, 324.46,  0.168, 302.84,  0.206, 288.35,  0.149, 308.48,  0.139, 261.29,-99.000, -99.00,-99.000, -99.00,-99.000, -99.00,-99.000, -99.00,
9/6/2006 19:05:00, 11.4,275.7,  0.7,  3.2, 19.075, 29.20,  0.0,  0.0,  0.267, 307.86,  0.157, 317.58,  0.176, 329.65,  0.117, 314.65,  0.230, 302.38,  0.197, 285.03,  0.158, 305.20,  0.164, 320.96,  0.238, 290.95,  0.235, 304.43,  0.206, 311.66,  0.193, 319.21,  0.225, 310.68,  0.157, 289.70,  0.238, 292.47,  0.166, 295.33,-99.000, -99.00,-99.000, -99.00,-99.000, -99.00,-99.000, -99.00,
9/6/2006 19:10:00, 11.4,276.0,  0.7,  3.2, 19.093, 29.20,  0.0,  0.0,  0.196, 332.00,  0.191, 334.51,  0.140, 304.26,  0.120, 312.31,  0.162, 327.58,  0.158, 320.38,  0.192, 323.67,  0.191, 321.15,  0.212, 306.76,  0.161, 315.00,  0.055, 291.41,  0.224, 315.90,  0.201, 325.36,  0.224, 312.29,  0.234, 299.96,  0.107, 284.04,-99.000, -99.00,-99.000, -99.00,-99.000, -99.00,-99.000, -99.00,
9/6/2006 19:15:00, 11.4,275.8,  0.7,  3.2, 19.097, 29.20,  0.0,  0.0,  0.254, 345.42,  0.064, 265.53,  0.170, 304.44,  0.199, 292.18,  0.172, 290.44,  0.224, 280.81,  0.171, 283.87,  0.213, 309.67,  0.129, 317.19,  0.092, 323.38,  0.149, 306.79,  0.251, 299.63,  0.210, 300.59,  0.192, 319.85,  0.205, 299.81,  0.157, 273.64,-99.000, -99.00,-99.000, -99.00,-99.000, -99.00,-99.000, -99.00,
9/6/2006 19:20:00, 11.4,275.8,  0.7,  3.2, 19.086, 29.20,  0.0,  0.0,  0.232, 311.51,  0.108, 294.66,  0.186, 298.91,  0.271, 306.45,  0.317, 295.60,  0.201, 290.42,  0.210, 285.16,  0.198, 281.93,  0.098, 312.12,  0.179, 289.24,  0.240, 311.28,  0.173, 274.98,  0.150, 284.69,  0.210, 300.59,  0.229, 297.79,  0.206, 285.18,-99.000, -99.00,-99.000, -99.00,-99.000, -99.00,-99.000, -99.00,
9/6/2006 19:25:00, 11.4,275.8,  0.7,  3.3, 19.080, 29.21,  0.0,  0.0,  0.236, 298.09,  0.084, 307.28,  0.166, 293.79,  0.192, 309.08,  0.146, 317.78,  0.155, 288.79,  0.202, 302.28,  0.185, 285.69,  0.219, 277.61,  0.315, 279.13,  0.337, 272.72,  0.309, 282.15,  0.296, 276.98,  0.266, 262.23,  0.322, 273.02,  0.158, 279.10,-99.000, -99.00,-99.000, -99.00,-99.000, -99.00,-99.000, -99.00,
9/6/2006 19:30:00, 11.4,275.8,  0.7,  3.3, 19.069, 29.21,  0.0,  0.0,  0.063, 318.22,  0.203, 319.18,  0.158, 312.18,  0.303, 319.95,  0.228, 320.87,  0.097, 321.71,  0.220, 300.87,  0.108, 241.31,  0.128, 270.90,  0.182, 257.33,  0.255, 249.58,  0.347, 256.16,  0.214, 248.00,  0.206, 264.70,  0.194, 288.06,  0.106, 276.52,-99.000, -99.00,-99.000, -99.00,-99.000, -99.00,-99.000, -99.00,
9/6/2006 19:35:00, 11.4,275.9,  0.7,  3.2, 19.073, 29.22,  0.0,  0.0,  0.214, 297.88,  0.161, 315.25,  0.135, 300.17,  0.110, 281.00,  0.130, 327.90,  0.175, 307.59,  0.186, 283.06,  0.160, 270.00,  0.159, 274.70,  0.143, 267.20,  0.213, 276.73,  0.200, 274.00,  0.166, 303.98,  0.213, 288.60,  0.204, 294.05,  0.062, 332.20,-99.000, -99.00,-99.000, -99.00,-99.000, -99.00,-99.000, -99.00,
9/6/2006 19:40:00, 11.4,275.7,  0.7,  3.2, 19.060, 29.23,  0.0,  0.0,  0.193, 305.50,  0.211, 291.95,  0.230, 309.36,  0.174, 302.77,  0.102, 287.72,  0.198, 324.46,  0.229, 304.32,  0.211, 292.31,  0.135, 278.49,  0.195, 261.75,  0.215, 274.01,  0.241, 277.63,  0.260, 258.91,  0.279, 276.79,  0.197, 292.02,  0.101, 310.17,-99.000, -99.00,-99.000, -99.00,-99.000, -99.00,-99.000, -99.00,
9/6/2006 19:45:00, 11.3,275.8,  0.7,  3.3, 19.097, 29.24,  0.0,  0.0,  0.149, 350.35,  0.222, 310.43,  0.206, 317.16,  0.129, 276.24,  0.177, 320.28,  0.207, 298.92,  0.243, 287.02,  0.293, 286.89,  0.180, 285.51,  0.152, 263.95,  0.158, 297.54,  0.146, 287.94,  0.192, 270.00,  0.091, 281.43,  0.167, 298.25,  0.132, 324.87,-99.000, -99.00,-99.000, -99.00,-99.000, -99.00,-99.000, -99.00,
9/6/2006 19:50:00, 11.4,275.8,  0.7,  3.3, 19.122, 29.24,  0.0,  0.0,  0.175, 286.98,  0.127, 313.09,  0.211, 311.93,  0.153, 292.22,  0.127, 321.69,  0.228, 308.23,  0.115, 277.99,  0.126, 303.06,  0.237, 294.40,  0.172, 293.29,  0.240, 270.95,  0.237, 276.05,  0.280, 299.49,  0.213, 303.32,  0.180, 307.76,  0.088, 299.18,-99.000, -99.00,-99.000, -99.00,-99.000, -99.00,-99.000, -99.00,
9/6/2006 19:55:00, 11.3,275.9,  0.7,  3.3, 19.147, 29.25,  0.0,  0.0,  0.248, 334.68,  0.150, 308.78,  0.147, 295.87,  0.118, 333.87,  0.209, 315.19,  0.175, 292.90,  0.166, 277.59,  0.192, 306.09,  0.212, 295.47,  0.165, 310.07,  0.137, 280.90,  0.182, 265.91,  0.129, 240.26,  0.172, 263.33,  0.057, 271.01,  0.110, 306.87,-99.000, -99.00,-99.000, -99.00,-99.000, -99.00,-99.000, -99.00,
9/6/2006 20:00:00, 11.3,275.9,  0.7,  3.2, 19.151, 29.25,  0.0,  0.0,  0.144, 333.08,  0.165, 314.02,  0.154, 334.60,  0.108, 307.83,  0.130, 337.79,  0.147, 286.21,  0.250, 284.15,  0.182, 283.65,  0.214, 267.32,  0.281, 273.26,  0.279, 279.90,  0.273, 276.73,  0.213, 278.93,  0.250, 280.59,  0.163, 298.61,  0.111, 331.59,-99.000, -99.00,-99.000, -99.00,-99.000, -99.00,-99.000, -99.00,
9/6/2006 20:05:00, 11.3,275.9,  0.7,  3.2, 19.159, 29.25,  0.0,  0.0,  0.091, 313.67,  0.128, 270.00,  0.227, 308.74,  0.264, 288.30,  0.165, 295.48,  0.195, 294.20,  0.212, 285.35,  0.237, 278.75,  0.208, 280.50,  0.160, 294.80,  0.104, 325.55,  0.187, 304.11,  0.211, 286.54,  0.171, 283.55,  0.185, 298.78,  0.065, 281.48,-99.000, -99.00,-99.000, -99.00,-99.000, -99.00,-99.000, -99.00,
9/6/2006 20:10:00, 11.3,275.9,  0.7,  3.2, 19.148, 29.26,  0.0,  0.0,  0.133, 318.04,  0.237, 297.11,  0.224, 308.30,  0.154, 268.14,  0.154, 281.60,  0.184, 266.27,  0.294, 252.98,  0.194, 274.74,  0.299, 257.03,  0.278, 270.00,  0.261, 267.59,  0.177, 286.79,  0.245, 285.17,  0.174, 304.70,  0.217, 327.63,  0.079, 310.36,-99.000, -99.00,-99.000, -99.00,-99.000, -99.00,-99.000, -99.00,
9/6/2006 20:15:00, 11.3,275.9,  0.7,  3.3, 19.131, 29.26,  0.0,  0.0,  0.216, 309.36,  0.225, 303.97,  0.166, 296.41,  0.290, 299.13,  0.312, 288.90,  0.244, 275.17,  0.339, 275.93,  0.370, 266.90,  0.339, 272.36,  0.270, 287.70,  0.340, 282.73,  0.336, 290.92,  0.239, 308.02,  0.179, 310.71,  0.190, 313.29,  0.158, 308.32,-99.000, -99.00,-99.000, -99.00,-99.000, -99.00,-99.000, -99.00,
9/6/2006 20:20:00, 11.3,275.9,  0.8,  3.2, 19.104, 29.26,  0.0,  0.0,  0.199, 305.20,  0.196, 299.05,  0.310, 305.02,  0.324, 288.55,  0.278, 282.48,  0.236, 280.74,  0.338, 285.27,  0.335, 288.43,  0.344, 278.70,  0.309, 293.08,  0.304, 287.84,  0.329, 281.38,  0.308, 278.58,  0.210, 279.60,  0.150, 296.05,  0.070, 284.04,-99.000, -99.00,-99.000, -99.00,-99.000, -99.00,-99.000, -99.00,
9/6/2006 20:25:00, 11.3,275.8,  0.7,  3.2, 19.108, 29.27,  0.0,  0.0,  0.201, 298.86,  0.175, 310.35,  0.126, 322.77,  0.206, 327.70,  0.238, 319.76,  0.223, 291.61,  0.252, 295.35,  0.250, 284.59,  0.310, 272.40,  0.264, 275.00,  0.326, 267.89,  0.254, 262.54,  0.256, 274.93,  0.280, 278.42,  0.184, 293.65,  0.036, 352.09,-99.000, -99.00,-99.000, -99.00,-99.000, -99.00,-99.000, -99.00,
9/6/2006 20:30:00, 11.3,275.8,  0.7,  3.3, 19.105, 29.27,  0.0,  0.0,  0.271, 346.58,  0.193, 326.39,  0.151, 308.01,  0.127, 311.82,  0.179, 287.22,  0.212, 287.58,  0.209, 278.52,  0.147, 277.80,  0.268, 293.98,  0.273, 283.99,  0.228, 277.06,  0.249, 279.24,  0.232, 273.70,  0.266, 273.89,  0.230, 281.55,  0.145, 251.57,-99.000, -99.00,-99.000, -99.00,-99.000, -99.00,-99.000, -99.00,
9/6/2006 20:35:00, 11.3,275.8,  0.7,  3.3, 19.092, 29.28,  0.0,  0.0,  0.302, 322.26,  0.279, 330.41,  0.209, 314.23,  0.177, 332.71,  0.249, 298.83,  0.197, 312.12,  0.195, 310.22,  0.119, 312.95,  0.237, 300.47,  0.283, 280.59,  0.211, 277.90,  0.192, 262.80,  0.170, 267.31,  0.226, 268.48,  0.255, 278.80,  0.088, 245.18,-99.000, -99.00,-99.000, -99.00,-99.000, -99.00,-99.000, -99.00,
9/6/2006 20:40:00, 11.3,275.9,  0.7,  3.2, 19.088, 29.28,  0.0,  0.0,  0.231, 316.76,  0.190, 302.10,  0.125, 320.19,  0.219, 309.64,  0.253, 314.04,  0.157, 321.97,  0.160, 310.95,  0.151, 279.90,  0.225, 281.56,  0.236, 294.83,  0.277, 275.79,  0.220, 284.73,  0.264, 293.65,  0.217, 271.85,  0.197, 261.25,  0.190, 227.56,-99.000, -99.00,-99.000, -99.00,-99.000, -99.00,-99.000, -99.00,
9/6/2006 20:45:00, 11.3,275.9,  0.7,  3.3, 19.090, 29.28,  0.0,  0.0,  0.212, 306.76,  0.194, 319.40,  0.199, 308.48,  0.156, 297.88,  0.153, 282.04,  0.217, 306.18,  0.144, 315.00,  0.212, 327.74,  0.165, 315.00,  0.195, 293.55,  0.262, 304.11,  0.258, 281.18,  0.266, 283.25,  0.225, 294.40,  0.174, 298.48,  0.092, 263.11,-99.000, -99.00,-99.000, -99.00,-99.000, -99.00,-99.000, -99.00,
9/6/2006 20:50:00, 11.3,275.8,  0.7,  3.3, 19.092, 29.28,  0.0,  0.0,  0.243, 327.42,  0.055, 276.23,  0.211, 308.66,  0.141, 294.75,  0.240, 284.96,  0.209, 336.01,  0.155, 291.60,  0.184, 309.05,  0.184, 301.02,  0.218, 297.86,  0.217, 302.01,  0.205, 282.41,  0.132, 268.26,  0.249, 287.56,  0.297, 297.08,  0.163, 257.59,-99.000, -99.00,-99.000, -99.00,-99.000, -99.00,-99.000, -99.00,
9/6/2006 20:55:00, 11.3,275.9,  0.7,  3.3, 19.097, 29.28,  0.0,  0.0,  0.214, 326.24,  0.214, 318.79,  0.076, 285.32,  0.252, 326.31,  0.108, 298.23,  0.171, 303.04,  0.149, 307.64,  0.231, 290.24,  0.313, 287.28,  0.251, 293.20,  0.083, 286.04,  0.202, 284.31,  0.222, 290.31,  0.254, 267.52,  0.266, 281.06,  0.167, 255.05,-99.000, -99.00,-99.000, -99.00,-99.000, -99.00,-99.000, -99.00,
9/6/2006 21:00:00, 11.3,275.7,  0.7,  3.2, 19.091, 29.27,  0.0,  0.0,  0.120, 325.91,  0.237, 342.02,  0.184, 308.37,  0.174, 309.17,  0.269, 305.93,  0.246, 282.23,  0.256, 295.96,  0.279, 292.53,  0.209, 305.44,  0.259, 270.66,  0.247, 278.85,  0.284, 272.02,  0.212, 275.15,  0.148, 281.31,  0.286, 289.01,  0.178, 260.64,-99.000, -99.00,-99.000, -99.00,-99.000, -99.00,-99.000, -99.00,
9/6/2006 21:05:00, 11.3,275.9,  0.7,  3.3, 19.094, 29.25,  0.0,  0.0,  0.155, 340.74,  0.123, 330.72,  0.116, 340.94,  0.217, 346.41,  0.200, 341.02,  0.142, 326.20,  0.172, 291.18,  0.145, 290.19,  0.186, 276.48,  0.174, 305.88,  0.177, 297.58,  0.160, 303.79,  0.200, 291.70,  0.214, 270.80,  0.151, 292.65,  0.081, 252.69,-99.000, -99.00,-99.000, -99.00,-99.000, -99.00,-99.000, -99.00,
9/6/2006 21:10:00, 11.3,275.8,  0.7,  3.3, 19.073, 29.24,  0.0,  0.0,  0.127, 290.29,  0.186, 290.09,  0.164, 311.55,  0.080, 249.53,  0.167, 274.48,  0.173, 269.67,  0.216, 270.27,  0.135, 270.42,  0.165, 261.62,  0.266, 287.96,  0.238, 276.77,  0.188, 275.50,  0.195, 263.82,  0.188, 281.97,  0.135, 261.03,  0.108, 240.58,-99.000, -99.00,-99.000, -99.00,-99.000, -99.00,-99.000, -99.00,
9/6/2006 21:15:00, 11.3,275.8,  0.7,  3.2, 19.096, 29.24,  0.0,  0.0,  0.170, 305.19,  0.186, 300.01,  0.185, 341.08,  0.195, 287.88,  0.143, 285.01,  0.181, 307.82,  0.145, 304.35,  0.229, 295.89,  0.198, 303.45,  0.185, 299.05,  0.213, 324.74,  0.184, 328.56,  0.187, 319.57,  0.140, 300.40,  0.230, 293.00,  0.059, 289.65,-99.000, -99.00,-99.000, -99.00,-99.000, -99.00,-99.000, -99.00,
9/6/2006 21:20:00, 11.3,275.9,  0.7,  3.2, 19.101, 29.23,  0.0,  0.0,  0.195, 332.52,  0.177, 294.39,  0.094, 267.56,  0.197, 276.12,  0.183, 279.41,  0.257, 270.45,  0.344, 279.02,  0.221, 260.11,  0.219, 271.05,  0.273, 266.00,  0.216, 245.93,  0.307, 252.92,  0.252, 252.00,  0.180, 256.50,  0.225, 278.17,  0.089, 235.95,-99.000, -99.00,-99.000, -99.00,-99.000, -99.00,-99.000, -99.00,
9/6/2006 21:25:00, 11.3,275.8,  0.7,  3.3, 19.097, 29.22,  0.0,  0.0,  0.081, 294.97,  0.113, 304.95,  0.136, 292.04,  0.171, 303.04,  0.169, 308.29,  0.113, 283.30,  0.191, 296.70,  0.149, 283.94,  0.201, 271.42,  0.138, 270.83,  0.206, 270.28,  0.171, 283.22,  0.172, 289.70,  0.297, 284.65,  0.171, 289.81,  0.121, 272.37,-99.000, -99.00,-99.000, -99.00,-99.000, -99.00,-99.000, -99.00,
9/6/2006 21:30:00, 11.3,275.8,  0.7,  3.3, 19.096, 29.21,  0.0,  0.0,  0.173, 320.62,  0.085, 280.12,  0.186, 304.29,  0.203, 270.00,  0.201, 234.33,  0.188, 257.74,  0.261, 256.50,  0.215, 261.15,  0.226, 260.83,  0.200, 287.80,  0.161, 278.23,  0.195, 273.52,  0.141, 284.83,  0.189, 265.74,  0.088, 301.52,  0.052, 327.53,-99.000, -99.00,-99.000, -99.00,-99.000, -99.00,-99.000, -99.00,
9/6/2006 21:35:00, 11.3,275.8,  0.7,  3.2, 19.111, 29.21,  0.0,  0.0,  0.102, 241.43,  0.103, 282.95,  0.246, 278.89,  0.256, 260.79,  0.163, 225.74,  0.250, 260.09,  0.160, 235.42,  0.210, 264.81,  0.139, 271.65,  0.146, 261.31,  0.173, 265.02,  0.213, 247.90,  0.154, 243.77,  0.195, 261.45,  0.156, 275.53,  0.099, 248.63,-99.000, -99.00,-99.000, -99.00,-99.000, -99.00,-99.000, -99.00,
9/6/2006 21:40:00, 11.3,275.9,  0.7,  3.2, 19.086, 29.21,  0.0,  0.0,  0.041,  27.82,  0.131, 246.57,  0.076, 270.75,  0.126, 270.45,  0.183, 260.90,  0.164, 254.78,  0.212, 240.05,  0.253, 265.01,  0.255, 234.75,  0.162, 236.31,  0.123, 243.43,  0.161, 242.96,  0.165, 263.05,  0.141, 253.89,  0.089, 272.57,  0.097, 271.77,-99.000, -99.00,-99.000, -99.00,-99.000, -99.00,-99.000, -99.00,
9/6/2006 21:45:00, 11.3,275.8,  0.7,  3.3, 19.077, 29.22,  0.0,  0.0,  0.047, 271.22,  0.103, 313.03,  0.017, 147.26,  0.027, 257.01,  0.054, 247.22,  0.132, 253.22,  0.145, 254.81,  0.156, 208.70,  0.198, 235.10,  0.187, 260.79,  0.213, 245.00,  0.134, 211.55,  0.167, 223.06,  0.157, 238.03,  0.156, 274.03,  0.152, 219.13,-99.000, -99.00,-99.000, -99.00,-99.000, -99.00,-99.000, -99.00,
9/6/2006 21:50:00, 11.3,275.9,  0.7,  3.2, 19.062, 29.21,  0.0,  0.0,  0.083, 271.38,  0.057, 258.89,  0.110, 227.94,  0.183, 202.50,  0.147, 234.69,  0.145, 235.43,  0.171, 237.14,  0.211, 233.08,  0.173, 228.28,  0.164, 221.05,  0.163, 232.50,  0.155, 255.07,  0.134, 230.14,  0.168, 243.43,  0.086, 261.30,  0.093, 196.88,-99.000, -99.00,-99.000, -99.00,-99.000, -99.00,-99.000, -99.00,
9/6/2006 21:55:00, 11.3,276.0,  0.7,  3.2, 19.056, 29.21,  0.0,  0.0,  0.055,  21.41,  0.031, 258.69,  0.121,  51.71,  0.059,   3.88,  0.098, 240.83,  0.164, 219.81,  0.105, 268.36,  0.077, 250.40,  0.106, 241.26,  0.191, 259.75,  0.184, 245.25,  0.195, 249.62,  0.173, 275.97,  0.071, 258.69,  0.133, 280.80,  0.045, 228.58,-99.000, -99.00,-99.000, -99.00,-99.000, -99.00,-99.000, -99.00,
9/6/2006 22:00:00, 11.3,275.9,  0.7,  3.3, 19.024, 29.20,  0.0,  0.0,  0.036, 120.14,  0.037, 115.87,  0.044, 180.00,  0.091, 192.05,  0.140, 224.42,  0.150, 231.22,  0.138, 233.55,  0.171, 248.70,  0.128, 204.37,  0.165, 235.15,  0.120, 236.18,  0.200, 276.02,  0.158, 278.39,  0.143, 251.18,  0.086, 255.80,  0.113, 239.56,-99.000, -99.00,-99.000, -99.00,-99.000, -99.00,-99.000, -99.00,
9/6/2006 22:05:00, 11.3,275.8,  0.7,  3.2, 19.022, 29.18,  0.0,  0.0,  0.067, 321.07,  0.127, 208.18,  0.099, 171.30,  0.169, 129.72,  0.114, 181.51,  0.116, 183.45,  0.105, 245.15,  0.132, 233.30,  0.103, 283.50,  0.108, 259.32,  0.135, 277.65,  0.145, 252.32,  0.129, 264.64,  0.139, 252.87,  0.207, 268.06,  0.089, 262.87,-99.000, -99.00,-99.000, -99.00,-99.000, -99.00,-99.000, -99.00,
9/6/2006 22:10:00, 11.3,275.9,  0.7,  3.2, 19.030, 29.15,  0.0,  0.0,  0.137, 167.38,  0.128, 163.26,  0.051,  90.00,  0.020,  78.69,  0.075, 214.11,  0.086, 230.19,  0.106, 236.16,  0.113, 221.76,  0.156, 249.70,  0.149, 252.05,  0.176, 266.42,  0.152, 230.34,  0.153, 226.06,  0.201, 257.07,  0.144, 267.61,  0.101, 256.24,-99.000, -99.00,-99.000, -99.00,-99.000, -99.00,-99.000, -99.00,
9/6/2006 22:15:00, 11.3,276.1,  0.8,  3.2, 19.023, 29.13,  0.0,  0.0,  0.052, 214.90,  0.096, 173.40,  0.029, 210.96,  0.121, 180.00,  0.174, 207.30,  0.061, 242.59,  0.057, 324.34,  0.089, 267.43,  0.158, 244.57,  0.190, 243.43,  0.143, 237.87,  0.186, 256.94,  0.204, 264.09,  0.159, 238.11,  0.235, 264.63,  0.035, 180.00,-99.000, -99.00,-99.000, -99.00,-99.000, -99.00,-99.000, -99.00,
9/6/2006 22:20:00, 11.3,275.8,  0.7,  3.3, 19.012, 29.11,  0.0,  0.0,  0.047, 140.19,  0.091, 135.00,  0.053, 255.70,  0.022, 200.85,  0.141, 283.94,  0.043, 283.39,  0.156, 264.47,  0.103, 263.29,  0.214, 260.85,  0.158, 259.40,  0.108, 212.96,  0.150, 236.42,  0.132, 244.02,  0.147, 259.38,  0.151, 276.47,  0.115, 282.09,-99.000, -99.00,-99.000, -99.00,-99.000, -99.00,-99.000, -99.00,
9/6/2006 22:25:00, 11.3,275.9,  0.7,  3.3, 19.009, 29.10,  0.0,  0.0,  0.078, 138.12,  0.089, 150.26,  0.139,  91.24,  0.091, 138.11,  0.067, 245.34,  0.134, 253.05,  0.096, 251.19,  0.192, 246.64,  0.156, 222.40,  0.165, 236.89,  0.236, 246.04,  0.218, 270.53,  0.179, 260.01,  0.187, 250.98,  0.101, 277.97,  0.052, 227.35,-99.000, -99.00,-99.000, -99.00,-99.000, -99.00,-99.000, -99.00,
9/6/2006 22:30:00, 11.3,275.8,  0.7,  3.2, 19.019, 29.08,  0.0,  0.0,  0.057,  50.71,  0.089, 149.70,  0.087, 158.44,  0.029, 268.03,  0.050, 254.85,  0.117, 226.38,  0.032, 334.23,  0.071, 174.37,  0.111, 216.97,  0.120, 230.74,  0.044, 194.35,  0.078, 217.75,  0.138, 248.81,  0.083, 256.13,  0.075, 273.81,  0.061, 265.31,-99.000, -99.00,-99.000, -99.00,-99.000, -99.00,-99.000, -99.00,
9/6/2006 22:35:00, 11.3,275.9,  0.7,  3.2, 19.014, 29.07,  0.0,  0.0,  0.091, 190.08,  0.040,  92.86,  0.153, 170.60,  0.031, 119.05,  0.211, 226.15,  0.059, 211.80,  0.052, 236.00,  0.112, 174.34,  0.050, 185.71,  0.078, 235.49,  0.091, 270.00,  0.076, 252.28,  0.106, 243.68,  0.078, 255.07,  0.057, 283.30,  0.019, 186.01,-99.000, -99.00,-99.000, -99.00,-99.000, -99.00,-99.000, -99.00,
9/6/2006 22:40:00, 11.3,275.9,  0.7,  3.2, 19.011, 29.07,  0.0,  0.0,  0.066, 181.74,  0.143, 180.40,  0.138, 236.54,  0.072, 180.00,  0.072, 192.09,  0.034, 155.70,  0.025, 182.29,  0.095, 279.07,  0.090, 324.90,  0.058, 272.96,  0.017, 280.01,  0.153, 256.42,  0.140, 261.81,  0.128, 274.47,  0.151, 296.40,  0.028, 267.95,-99.000, -99.00,-99.000, -99.00,-99.000, -99.00,-99.000, -99.00,
9/6/2006 22:45:00, 11.3,275.7,  0.7,  3.3, 19.000, 29.06,  0.0,  0.0,  0.114, 208.81,  0.090, 180.00,  0.135, 200.85,  0.057, 229.29,  0.087, 149.04,  0.059, 153.87,  0.042, 204.10,  0.124, 200.34,  0.119, 115.92,  0.042, 267.27,  0.107, 267.32,  0.164, 279.12,  0.216, 276.11,  0.135, 265.34,  0.238, 284.62,  0.097, 271.77,-99.000, -99.00,-99.000, -99.00,-99.000, -99.00,-99.000, -99.00,
9/6/2006 22:50:00, 11.3,275.9,  0.7,  3.2, 18.991, 29.06,  0.0,  0.0,  0.076, 135.54,  0.146, 164.05,  0.086, 155.22,  0.117, 220.50,  0.091, 160.77,  0.112, 211.14,  0.145, 246.80,  0.087, 211.30,  0.084, 246.18,  0.089, 251.57,  0.098, 272.92,  0.164, 263.70,  0.132, 315.62,  0.112, 299.30,  0.094, 283.59,  0.085, 304.99,-99.000, -99.00,-99.000, -99.00,-99.000, -99.00,-99.000, -99.00,
9/6/2006 22:55:00, 11.3,275.8,  0.7,  3.3, 18.964, 29.05,  0.0,  0.0,  0.124, 151.17,  0.099, 155.51,  0.048, 158.20,  0.067, 159.94,  0.054, 211.33,  0.084, 210.85,  0.061, 270.00,  0.035,  70.02,  0.074, 144.37,  0.082, 285.56,  0.068, 197.90,  0.087, 277.29,  0.175, 277.57,  0.111, 251.08,  0.050, 276.84,  0.110, 292.38,-99.000, -99.00,-99.000, -99.00,-99.000, -99.00,-99.000, -99.00,
9/6/2006 23:00:00, 11.3,276.0,  0.7,  3.2, 18.957, 29.05,  0.0,  0.0,  0.053, 214.29,  0.153, 183.37,  0.074, 182.32,  0.035, 152.70,  0.154, 223.42,  0.135, 181.70,  0.100, 218.13,  0.082, 176.51,  0.015, 211.61,  0.038, 256.33,  0.066, 249.65,  0.147, 261.37,  0.090, 262.95,  0.147, 285.84,  0.075, 256.89,  0.048, 200.70,-99.000, -99.00,-99.000, -99.00,-99.000, -99.00,-99.000, -99.00,
9/6/2006 23:05:00, 11.3,275.8,  0.7,  3.3, 18.944, 29.04,  0.0,  0.0,  0.101, 135.40,  0.071, 127.03,  0.151, 183.03,  0.063, 148.57,  0.106, 172.94,  0.085, 165.64,  0.084, 211.43,  0.072, 184.76,  0.019, 180.00,  0.048, 321.71,  0.013, 112.62,  0.065, 251.00,  0.126, 261.36,  0.117, 252.65,  0.097, 289.93,  0.072, 278.02,-99.000, -99.00,-99.000, -99.00,-99.000, -99.00,-99.000, -99.00,
9/6/2006 23:10:00, 11.3,275.8,  0.7,  3.2, 18.949, 29.04,  0.0,  0.0,  0.113, 194.41,  0.223, 164.41,  0.139, 153.43,  0.083, 129.63,  0.039, 190.44,  0.062, 173.56,  0.062, 221.71,  0.023,  28.81,  0.024,   0.00,  0.019, 254.48,  0.043, 165.32,  0.075, 260.04,  0.089, 268.71,  0.142, 272.82,  0.070, 278.25,  0.070, 261.75,-99.000, -99.00,-99.000, -99.00,-99.000, -99.00,-99.000, -99.00,
9/6/2006 23:15:00, 11.3,275.9,  0.7,  3.3, 18.933, 29.03,  0.0,  0.0,  0.063, 157.52,  0.130, 181.32,  0.095, 197.86,  0.210, 186.28,  0.181, 171.74,  0.048, 102.01,  0.120, 123.42,  0.014,  17.10,  0.087,  67.83,  0.084, 210.85,  0.093, 186.82,  0.070, 260.94,  0.042, 178.64,  0.064, 270.00,  0.150, 281.53,  0.027, 250.20,-99.000, -99.00,-99.000, -99.00,-99.000, -99.00,-99.000, -99.00,
9/6/2006 23:20:00, 11.3,276.0,  0.7,  3.2, 18.926, 29.03,  0.0,  0.0,  0.146, 132.78,  0.080, 180.00,  0.190, 155.73,  0.169, 151.77,  0.137, 179.58,  0.094, 170.24,  0.151, 166.61,  0.143, 111.73,  0.068, 190.15,  0.041, 320.91,  0.037, 315.00,  0.086, 263.29,  0.107, 256.48,  0.120, 246.43,  0.097, 248.20,  0.042, 195.02,-99.000, -99.00,-99.000, -99.00,-99.000, -99.00,-99.000, -99.00,
9/6/2006 23:25:00, 11.3,275.8,  0.7,  3.3, 18.931, 29.03,  0.0,  0.0,  0.190, 131.16,  0.109, 114.92,  0.126, 125.33,  0.142, 134.71,  0.125, 158.96,  0.091, 150.33,  0.071, 168.69,  0.072, 158.79,  0.121, 130.29,  0.029, 119.25,  0.047, 149.04,  0.029, 215.31,  0.103, 269.44,  0.067, 259.70,  0.029,  86.05,  0.024, 167.74,-99.000, -99.00,-99.000, -99.00,-99.000, -99.00,-99.000, -99.00,
9/6/2006 23:30:00, 11.3,275.9,  0.7,  3.3, 18.912, 29.03,  0.0,  0.0,  0.115, 148.10,  0.105, 155.15,  0.052, 173.42,  0.059, 127.45,  0.150, 177.33,  0.154, 179.63,  0.140, 167.65,  0.100, 170.26,  0.096, 229.66,  0.073, 176.86,  0.081, 238.07,  0.120, 247.49,  0.078, 290.98,  0.015,   3.81,  0.077, 293.59,  0.022, 123.69,-99.000, -99.00,-99.000, -99.00,-99.000, -99.00,-99.000, -99.00,
9/6/2006 23:35:00, 11.3,275.9,  0.7,  3.2, 18.911, 29.02,  0.0,  0.0,  0.071, 104.62,  0.073, 142.19,  0.214, 130.08,  0.205, 132.82,  0.139, 139.67,  0.153, 129.42,  0.116, 131.51,  0.067, 177.44,  0.083, 198.22,  0.086, 203.29,  0.049, 178.83,  0.023, 175.03,  0.040, 238.30,  0.090, 253.18,  0.084, 229.84,  0.038, 190.71,-99.000, -99.00,-99.000, -99.00,-99.000, -99.00,-99.000, -99.00,
9/6/2006 23:40:00, 11.3,275.8,  0.7,  3.2, 18.896, 29.03,  0.0,  0.0,  0.092, 103.88,  0.135, 114.09,  0.139, 123.58,  0.152, 158.34,  0.117, 133.26,  0.197, 151.23,  0.140, 138.47,  0.173, 171.35,  0.172, 127.67,  0.073,  86.86,  0.077,  87.77,  0.017, 353.29,  0.121, 261.94,  0.117, 273.91,  0.080, 279.34,  0.049, 217.57,-99.000, -99.00,-99.000, -99.00,-99.000, -99.00,-99.000, -99.00,
9/6/2006 23:45:00, 11.3,275.9,  0.8,  3.2, 18.890, 29.03,  0.0,  0.0,  0.140, 149.04,  0.057,  96.01,  0.142, 147.65,  0.151, 103.02,  0.109, 165.71,  0.147, 172.20,  0.199, 130.73,  0.067, 140.41,  0.109, 161.23,  0.048, 129.96,  0.009, 290.56,  0.065, 188.00,  0.036, 226.12,  0.045, 310.46,  0.017, 315.00,  0.047, 252.72,-99.000, -99.00,-99.000, -99.00,-99.000, -99.00,-99.000, -99.00,
9/6/2006 23:50:00, 11.3,275.8,  0.7,  3.2, 18.888, 29.03,  0.0,  0.0,  0.191, 124.52,  0.160, 129.16,  0.132, 131.92,  0.096, 114.69,  0.155, 130.04,  0.166, 153.59,  0.095, 178.79,  0.166, 136.47,  0.153, 130.76,  0.083, 147.26,  0.057, 237.99,  0.067, 191.14,  0.084, 260.43,  0.026, 270.00,  0.042, 304.44,  0.015,  97.59,-99.000, -99.00,-99.000, -99.00,-99.000, -99.00,-99.000, -99.00,
9/6/2006 23:55:00, 11.3,275.9,  0.7,  3.2, 18.876, 29.03,  0.0,  0.0,  0.232, 127.46,  0.255, 103.16,  0.162, 103.18,  0.178, 118.58,  0.172, 163.14,  0.219, 133.89,  0.182, 133.89,  0.082, 130.53,  0.129, 122.95,  0.137, 202.27,  0.090, 163.79,  0.122, 238.79,  0.172, 254.51,  0.092, 242.88,  0.073, 263.75,  0.016, 284.93,-99.000, -99.00,-99.000, -99.00,-99.000, -99.00,-99.000, -99.00,
9/7/2006 00:00:00, 11.3,275.7,  0.7,  3.3, 18.900, 29.03,  0.0,  0.0,  0.192, 142.83,  0.254, 101.58,  0.164, 112.65,  0.202, 140.23,  0.216, 114.07,  0.181, 144.46,  0.125, 153.85,  0.132, 164.59,  0.145, 141.71,  0.091, 138.58,  0.107, 158.69,  0.047, 177.56,  0.036, 140.60,  0.062, 125.22,  0.022,  43.15,  0.027, 233.97,-99.000, -99.00,-99.000, -99.00,-99.000, -99.00,-99.000, -99.00,
9/7/2006 00:05:00, 11.3,275.9,  0.7,  3.2, 18.895, 29.02,  0.0,  0.0,  0.148,  83.79,  0.184, 127.06,  0.284, 125.98,  0.194, 122.38,  0.195, 105.18,  0.198, 117.99,  0.196, 126.93,  0.110, 126.87,  0.171, 123.32,  0.146, 121.30,  0.059, 188.82,  0.058, 200.32,  0.051, 302.12,  0.036, 301.50,  0.038, 322.52,  0.034,  37.87,-99.000, -99.00,-99.000, -99.00,-99.000, -99.00,-99.000, -99.00,
9/7/2006 00:10:00, 11.3,275.8,  0.7,  3.2, 18.873, 29.02,  0.0,  0.0,  0.242, 110.53,  0.182, 126.05,  0.164, 122.04,  0.127, 135.64,  0.103, 110.36,  0.084, 169.76,  0.159, 148.11,  0.125, 133.38,  0.166, 112.70,  0.185, 140.71,  0.118, 125.71,  0.055, 186.23,  0.024, 214.99,  0.046,  78.69,  0.051,  57.88,  0.082, 332.50,-99.000, -99.00,-99.000, -99.00,-99.000, -99.00,-99.000, -99.00,
9/7/2006 00:15:00, 11.3,275.9,  0.7,  3.2, 18.852, 29.02,  0.0,  0.0,  0.182, 101.74,  0.267, 104.09,  0.168, 129.67,  0.216, 115.50,  0.245, 112.80,  0.222, 125.84,  0.158, 144.80,  0.222, 138.47,  0.148, 123.15,  0.125, 144.78,  0.073, 177.65,  0.129, 188.44,  0.107, 215.48,  0.140, 244.54,  0.075, 240.35,  0.049, 278.30,-99.000, -99.00,-99.000, -99.00,-99.000, -99.00,-99.000, -99.00,
9/7/2006 00:20:00, 11.3,275.9,  0.7,  3.2, 18.846, 29.02,  0.0,  0.0,  0.306, 106.54,  0.165, 125.13,  0.159, 138.31,  0.196, 136.45,  0.198, 130.29,  0.215, 131.61,  0.198, 124.09,  0.140, 101.55,  0.122, 128.37,  0.078, 162.95,  0.043, 156.45,  0.128, 201.55,  0.034, 164.74,  0.045,  84.92,  0.056,   2.05,  0.032, 198.43,-99.000, -99.00,-99.000, -99.00,-99.000, -99.00,-99.000, -99.00,
9/7/2006 00:25:00, 11.3,276.0,  0.8,  3.2, 18.824, 29.02,  0.0,  0.0,  0.200, 101.25,  0.175, 129.89,  0.143, 112.25,  0.162, 144.05,  0.181, 110.33,  0.136,  97.18,  0.156, 119.20,  0.104, 118.04,  0.179, 122.72,  0.172, 110.75,  0.092, 124.38,  0.057, 234.34,  0.049, 163.41,  0.075, 198.68,  0.042, 167.62,  0.027, 338.20,-99.000, -99.00,-99.000, -99.00,-99.000, -99.00,-99.000, -99.00,
9/7/2006 00:30:00, 11.3,275.8,  0.7,  3.2, 18.819, 29.02,  0.0,  0.0,  0.300, 114.86,  0.234,  90.49,  0.256, 106.31,  0.281, 114.65,  0.244,  95.64,  0.257, 110.77,  0.185,  88.14,  0.068, 118.81,  0.101, 160.31,  0.075, 202.80,  0.113, 247.73,  0.076, 200.11,  0.061, 116.15,  0.027, 182.12,  0.020, 284.74,  0.070,  17.40,-99.000, -99.00,-99.000, -99.00,-99.000, -99.00,-99.000, -99.00,
9/7/2006 00:35:00, 11.3,275.9,  0.7,  3.2, 18.800, 29.03,  0.0,  0.0,  0.189, 125.29,  0.216, 125.60,  0.294, 112.20,  0.210, 112.41,  0.192, 105.70,  0.205, 116.69,  0.206,  98.91,  0.155, 122.04,  0.211, 125.73,  0.205, 140.55,  0.051, 173.29,  0.098, 131.30,  0.084, 130.16,  0.041, 102.68,  0.013, 112.62,  0.051, 323.81,-99.000, -99.00,-99.000, -99.00,-99.000, -99.00,-99.000, -99.00,
9/7/2006 00:40:00, 11.3,275.8,  0.7,  3.2, 18.798, 29.03,  0.0,  0.0,  0.176, 130.85,  0.198, 104.32,  0.270, 111.25,  0.246, 117.92,  0.216, 124.43,  0.243, 114.35,  0.273, 120.60,  0.239,  97.21,  0.122,  92.35,  0.078,  57.53,  0.058,  79.08,  0.021, 305.22,  0.076, 264.74,  0.105, 250.53,  0.094, 246.16,  0.055, 317.94,-99.000, -99.00,-99.000, -99.00,-99.000, -99.00,-99.000, -99.00,
9/7/2006 00:45:00, 11.3,275.8,  0.7,  3.2, 18.771, 29.03,  0.0,  0.0,  0.209, 118.89,  0.171, 128.35,  0.180, 135.22,  0.204, 131.42,  0.134, 134.40,  0.247, 126.27,  0.229, 141.73,  0.141, 126.95,  0.222, 115.06,  0.086, 106.96,  0.023, 118.81,  0.090,  90.00,  0.037, 115.87,  0.045,  90.00,  0.114,   5.56,  0.064, 333.84,-99.000, -99.00,-99.000, -99.00,-99.000, -99.00,-99.000, -99.00,
9/7/2006 00:50:00, 11.3,275.8,  0.7,  3.2, 18.781, 29.04,  0.0,  0.0,  0.090, 108.84,  0.063, 156.68,  0.213, 139.37,  0.260, 122.10,  0.171, 140.71,  0.240, 154.29,  0.180, 137.47,  0.190, 111.30,  0.084, 116.87,  0.068,  93.37,  0.031, 217.23,  0.053, 131.19,  0.034,  18.97,  0.098,   0.58,  0.094,  46.29,  0.092,  12.53,-99.000, -99.00,-99.000, -99.00,-99.000, -99.00,-99.000, -99.00,
9/7/2006 00:55:00, 11.3,275.9,  0.7,  3.2, 18.775, 29.04,  0.0,  0.0,  0.012, 180.00,  0.049,  87.66,  0.053, 335.38,  0.163, 129.76,  0.130, 140.31,  0.123, 123.69,  0.128, 184.02,  0.056, 132.83,  0.046, 106.46,  0.059, 215.31,  0.067, 217.72,  0.038, 209.93,  0.038, 307.48,  0.148, 334.82,  0.142, 340.67,  0.057, 347.91,-99.000, -99.00,-99.000, -99.00,-99.000, -99.00,-99.000, -99.00,
9/7/2006 01:00:00, 11.3,276.0,  0.7,  3.2, 18.771, 29.03,  0.0,  0.0,  0.035, 175.10,  0.123, 168.23,  0.088, 116.27,  0.007, 206.57,  0.126, 174.52,  0.124, 141.20,  0.109, 171.57,  0.078, 164.36,  0.098, 177.66,  0.008, 113.20,  0.085, 325.56,  0.043, 303.69,  0.051,   3.37,  0.142, 317.29,  0.123, 339.50,  0.073, 326.09,-99.000, -99.00,-99.000, -99.00,-99.000, -99.00,-99.000, -99.00,
9/7/2006 01:05:00, 11.3,275.9,  0.7,  3.2, 18.774, 29.03,  0.0,  0.0,  0.163, 149.04,  0.112,  85.41,  0.043, 154.03,  0.071,  76.94,  0.135, 102.39,  0.041,  74.25,  0.089, 302.07,  0.035,   8.13,  0.035,  59.04,  0.038,  76.33,  0.028, 343.50,  0.092, 328.72,  0.111, 311.33,  0.164, 318.45,  0.169, 339.21,  0.114, 353.94,-99.000, -99.00,-99.000, -99.00,-99.000, -99.00,-99.000, -99.00,
9/7/2006 01:10:00, 11.3,275.9,  0.7,  3.2, 18.763, 29.03,  0.0,  0.0,  0.035, 180.00,  0.011,  10.30,  0.015, 250.35,  0.035,  64.89,  0.029,  24.78,  0.015,  82.41,  0.018,  49.40,  0.031, 155.10,  0.110, 339.75,  0.079, 346.14,  0.108, 321.75,  0.146, 336.24,  0.170, 344.66,  0.071, 352.67,  0.129, 342.83,  0.107, 343.09,-99.000, -99.00,-99.000, -99.00,-99.000, -99.00,-99.000, -99.00,
9/7/2006 01:15:00, 11.3,275.8,  0.7,  3.2, 18.761, 29.03,  0.0,  0.0,  0.095, 180.00,  0.129,  43.74,  0.046,  28.81,  0.059,  17.82,  0.038, 198.43,  0.126, 287.57,  0.064,  18.15,  0.069, 293.96,  0.029,  46.40,  0.068,  10.15,  0.117, 315.69,  0.139, 323.46,  0.113, 330.26,  0.136, 315.89,  0.171, 317.14,  0.029,  30.96,-99.000, -99.00,-99.000, -99.00,-99.000, -99.00,-99.000, -99.00,
9/7/2006 01:20:00, 11.3,275.7,  0.7,  3.3, 18.757, 29.03,  0.0,  0.0,  0.161,  55.62,  0.072, 111.95,  0.124,  77.87,  0.091,  61.74,  0.051, 327.88,  0.059, 345.26,  0.072, 244.50,  0.114, 353.94,  0.104, 351.71,  0.164, 333.90,  0.139, 352.16,  0.127, 357.30,  0.119, 356.63,  0.128, 345.10,  0.047, 351.35,  0.082,  21.54,-99.000, -99.00,-99.000, -99.00,-99.000, -99.00,-99.000, -99.00,
9/7/2006 01:25:00, 11.3,275.8,  0.7,  3.2, 18.774, 29.03,  0.0,  0.0,  0.061, 182.82,  0.137,  29.74,  0.128, 358.21,  0.106, 326.91,  0.124, 341.71,  0.089, 295.41,  0.076, 328.39,  0.108, 334.15,  0.113, 295.66,  0.078, 285.64,  0.130, 307.49,  0.075, 291.80,  0.080, 290.47,  0.213, 308.70,  0.122, 304.99,  0.057, 331.63,-99.000, -99.00,-99.000, -99.00,-99.000, -99.00,-99.000, -99.00,
9/7/2006 01:30:00, 11.3,275.8,  0.7,  3.2, 18.756, 29.03,  0.0,  0.0,  0.143, 344.22,  0.160, 316.01,  0.109, 310.54,  0.067, 281.14,  0.073, 303.25,  0.104, 329.23,  0.132, 324.26,  0.121, 328.55,  0.160, 348.13,  0.196, 326.63,  0.218, 298.21,  0.174, 320.83,  0.155, 334.76,  0.192, 309.08,  0.187, 319.76,  0.120, 314.66,-99.000, -99.00,-99.000, -99.00,-99.000, -99.00,-99.000, -99.00,
9/7/2006 01:35:00, 11.3,275.9,  0.7,  3.2, 18.744, 29.03,  0.0,  0.0,  0.141,   3.25,  0.114, 345.84,  0.194, 315.42,  0.160, 344.74,  0.154, 327.76,  0.150, 351.98,  0.144, 334.50,  0.168, 340.48,  0.195, 336.72,  0.253, 316.44,  0.176, 343.11,  0.185, 321.58,  0.196, 331.74,  0.162, 321.78,  0.158, 324.29,  0.067, 317.44,-99.000, -99.00,-99.000, -99.00,-99.000, -99.00,-99.000, -99.00,
9/7/2006 01:40:00, 11.3,275.8,  0.7,  3.2, 18.746, 29.03,  0.0,  0.0,  0.144, 347.99,  0.154, 330.44,  0.078, 319.16,  0.071,  20.75,  0.162,   5.68,  0.205, 322.35,  0.214, 324.90,  0.143, 335.22,  0.188, 351.44,  0.220, 327.61,  0.209, 340.70,  0.186, 337.17,  0.136, 314.40,  0.130, 298.54,  0.144, 300.83,  0.114,   5.01,-99.000, -99.00,-99.000, -99.00,-99.000, -99.00,-99.000, -99.00,
9/7/2006 01:45:00, 11.3,275.9,  0.7,  3.2, 18.733, 29.03,  0.0,  0.0,  0.210, 351.52,  0.053, 324.21,  0.048,  39.96,  0.115, 328.52,  0.129, 353.32,  0.227, 336.60,  0.209, 353.42,  0.099, 339.38,  0.152, 326.52,  0.166,   9.35,  0.204, 337.21,  0.220, 326.31,  0.177, 335.61,  0.182, 344.05,  0.215, 325.05,  0.061,  15.17,-99.000, -99.00,-99.000, -99.00,-99.000, -99.00,-99.000, -99.00,
9/7/2006 01:50:00, 11.3,275.8,  0.7,  3.2, 18.720, 29.03,  0.0,  0.0,  0.089, 336.04,  0.154, 333.77,  0.196, 352.37,  0.202, 319.83,  0.174, 335.50,  0.220, 352.94,  0.239, 331.29,  0.131, 332.26,  0.184, 315.00,  0.111, 313.91,  0.217, 337.81,  0.209, 326.69,  0.202, 314.80,  0.163, 336.11,  0.221, 317.94,  0.034,  11.98,-99.000, -99.00,-99.000, -99.00,-99.000, -99.00,-99.000, -99.00,
9/7/2006 01:55:00, 11.3,275.9,  0.7,  3.2, 18.716, 29.03,  0.0,  0.0,  0.126,   6.39,  0.202, 350.86,  0.142, 336.85,  0.189, 343.68,  0.220, 334.13,  0.243, 341.79,  0.074, 350.67,  0.105, 329.04,  0.122, 322.66,  0.225, 331.04,  0.191, 306.69,  0.153, 301.61,  0.193, 313.11,  0.155, 327.64,  0.138, 333.25,  0.011,  84.81,-99.000, -99.00,-99.000, -99.00,-99.000, -99.00,-99.000, -99.00,
9/7/2006 02:00:00, 11.3,275.8,  0.7,  3.2, 18.713, 29.03,  0.0,  0.0,  0.139, 350.47,  0.206, 337.79,  0.193, 325.57,  0.201, 355.71,  0.117,   3.42,  0.104, 319.70,  0.240, 310.78,  0.218, 319.66,  0.193, 348.63,  0.256, 323.89,  0.283, 314.43,  0.208, 319.28,  0.189, 336.96,  0.217, 327.99,  0.119, 325.64,  0.087,  33.33,-99.000, -99.00,-99.000, -99.00,-99.000, -99.00,-99.000, -99.00,
9/7/2006 02:05:00, 11.3,275.8,  0.7,  3.2, 18.699, 29.03,  0.0,  0.0,  0.204,  28.32,  0.260, 341.63,  0.255,   9.46,  0.186,   0.62,  0.152, 347.06,  0.187, 328.35,  0.121, 344.12,  0.168, 328.39,  0.153, 334.10,  0.238, 315.34,  0.181, 301.67,  0.155, 342.38,  0.173, 337.58,  0.126, 345.74,  0.204, 348.97,  0.271,  15.83,-99.000, -99.00,-99.000, -99.00,-99.000, -99.00,-99.000, -99.00,
9/7/2006 02:10:00, 11.3,275.9,  0.7,  3.2, 18.701, 29.04,  0.0,  0.0,  0.133, 356.99,  0.238,   6.02,  0.195, 342.68,  0.192, 329.70,  0.253, 344.65,  0.209, 333.56,  0.098, 350.06,  0.166, 324.30,  0.168, 333.13,  0.105, 291.90,  0.128, 338.03,  0.118, 338.20,  0.145, 356.45,  0.174, 334.76,  0.242, 335.03,  0.304,   4.15,-99.000, -99.00,-99.000, -99.00,-99.000, -99.00,-99.000, -99.00,
9/7/2006 02:15:00, 11.3,275.9,  0.8,  3.2, 18.705, 29.04,  0.0,  0.0,  0.124, 346.97,  0.232, 356.04,  0.156, 359.27,  0.168,  14.45,  0.121, 358.11,  0.144, 350.41,  0.164,   5.26,  0.167,  11.71,  0.152,   0.00,  0.148, 311.99,  0.153, 311.82,  0.177, 351.55,  0.205,   1.68,  0.221, 345.09,  0.170,   0.00,  0.177, 335.32,-99.000, -99.00,-99.000, -99.00,-99.000, -99.00,-99.000, -99.00,
9/7/2006 02:20:00, 11.3,275.7,  0.7,  3.2, 18.687, 29.04,  0.0,  0.0,  0.168,   5.81,  0.160, 345.88,  0.160, 355.71,  0.137,  13.12,  0.137,   8.84,  0.188, 331.39,  0.153, 339.66,  0.112, 311.38,  0.145, 334.32,  0.177, 331.70,  0.098, 339.72,  0.119, 301.54,  0.052, 355.60,  0.129, 332.24,  0.203, 335.21,  0.326, 332.18,-99.000, -99.00,-99.000, -99.00,-99.000, -99.00,-99.000, -99.00,
9/7/2006 02:25:00, 11.3,275.9,  0.7,  3.2, 18.670, 29.04,  0.0,  0.0,  0.168, 351.10,  0.174, 357.70,  0.084, 357.27,  0.124,   6.49,  0.133, 336.52,  0.116, 327.68,  0.090, 314.55,  0.110, 321.26,  0.123, 339.06,  0.127, 347.28,  0.158, 320.66,  0.133, 341.16,  0.195, 355.29,  0.211, 330.52,  0.122, 351.54,  0.241, 340.36,-99.000, -99.00,-99.000, -99.00,-99.000, -99.00,-99.000, -99.00,
9/7/2006 02:30:00, 11.3,275.9,  0.7,  3.2, 18.682, 29.04,  0.0,  0.0,  0.149, 334.12,  0.198,  11.93,  0.125, 345.63,  0.099, 326.95,  0.130, 346.18,  0.220, 357.40,  0.174, 351.40,  0.154, 357.77,  0.182, 322.82,  0.143, 354.37,  0.075, 343.01,  0.114, 323.23,  0.130, 358.24,  0.166, 356.90,  0.199, 352.77,  0.140, 340.40,-99.000, -99.00,-99.000, -99.00,-99.000, -99.00,-99.000, -99.00,
9/7/2006 02:35:00, 11.3,275.9,  0.7,  3.3, 18.693, 29.04,  0.0,  0.0,  0.156, 340.87,  0.168, 313.07,  0.118, 357.09,  0.181, 334.14,  0.210, 331.24,  0.170, 334.94,  0.134,  30.38,  0.110, 350.62,  0.135, 354.46,  0.047, 347.74,  0.147, 353.75,  0.110, 335.30,  0.098, 343.97,  0.193, 353.17,  0.196,  17.23,  0.161,   8.23,-99.000, -99.00,-99.000, -99.00,-99.000, -99.00,-99.000, -99.00,
9/7/2006 02:40:00, 11.3,275.7,  0.7,  3.2, 18.702, 29.04,  0.0,  0.0,  0.216, 325.94,  0.251, 325.23,  0.160,  19.68,  0.120, 342.02,  0.088, 300.63,  0.068, 359.16,  0.199, 352.77,  0.155, 336.90,  0.112, 321.50,  0.094,  41.13,  0.116, 353.06,  0.134,  11.65,  0.154,   9.34,  0.199,   8.66,  0.198, 350.68,  0.068, 357.47,-99.000, -99.00,-99.000, -99.00,-99.000, -99.00,-99.000, -99.00,
9/7/2006 02:45:00, 11.3,275.9,  0.7,  3.2, 18.701, 29.04,  0.0,  0.0,  0.139, 351.29,  0.142, 340.67,  0.123, 355.35,  0.066, 331.88,  0.032, 345.53,  0.036,  37.18,  0.197, 302.56,  0.131, 341.29,  0.066, 309.47,  0.057, 335.22,  0.030,  11.69,  0.098, 318.32,  0.152, 350.54,  0.183, 359.69,  0.096,   7.79,  0.157, 353.78,-99.000, -99.00,-99.000, -99.00,-99.000, -99.00,-99.000, -99.00,
9/7/2006 02:50:00, 11.3,275.8,  0.7,  3.2, 18.707, 29.04,  0.0,  0.0,  0.148, 326.31,  0.101, 322.67,  0.090, 339.96,  0.065, 335.41,  0.071, 300.55,  0.094, 306.75,  0.155, 264.07,  0.152, 307.78,  0.129, 316.26,  0.143, 307.35,  0.068, 292.43,  0.017, 315.00,  0.107,   0.54,  0.052, 291.60,  0.059, 343.39,  0.135, 353.61,-99.000, -99.00,-99.000, -99.00,-99.000, -99.00,-99.000, -99.00,
9/7/2006 02:55:00, 11.3,275.8,  0.7,  3.2, 18.721, 29.04,  0.0,  0.0,  0.146,  11.08,  0.155,   0.74,  0.157, 355.99,  0.131, 319.97,  0.191, 328.73,  0.079,   5.78,  0.108,  27.04,  0.097, 332.38,  0.089, 319.12,  0.145, 330.79,  0.135, 354.04,  0.173, 327.96,  0.166, 339.61,  0.172, 309.34,  0.195, 329.89,  0.159, 322.91,-99.000, -99.00,-99.000, -99.00,-99.000, -99.00,-99.000, -99.00,
9/7/2006 03:00:00, 11.3,275.9,  0.7,  3.3, 18.701, 29.04,  0.0,  0.0,  0.158, 342.71,  0.199, 326.87,  0.129, 341.42,  0.086, 359.33,  0.112, 343.98,  0.166, 317.94,  0.181, 328.33,  0.191, 305.85,  0.151, 314.46,  0.089, 328.27,  0.168, 329.92,  0.154,   1.86,  0.133,   0.00,  0.079, 308.32,  0.110, 340.42,  0.111, 324.16,-99.000, -99.00,-99.000, -99.00,-99.000, -99.00,-99.000, -99.00,
9/7/2006 03:05:00, 11.3,275.9,  0.7,  3.2, 18.697, 29.04,  0.0,  0.0,  0.159,  23.67,  0.096,   2.98,  0.072,   0.00,  0.056, 338.01,  0.127, 320.77,  0.105, 317.32,  0.076, 323.58,  0.066,   5.19,  0.081, 335.03,  0.166, 320.37,  0.082, 340.68,  0.115, 338.57,  0.181, 323.07,  0.150,   2.29,  0.153, 335.28,  0.133, 318.65,-99.000, -99.00,-99.000, -99.00,-99.000, -99.00,-99.000, -99.00,
9/7/2006 03:10:00, 11.3,275.9,  0.7,  3.3, 18.705, 29.04,  0.0,  0.0,  0.141, 337.44,  0.151,  11.83,  0.098,   1.17,  0.162, 339.78,  0.114, 354.99,  0.070, 344.17,  0.060, 335.56,  0.173, 332.10,  0.110, 335.77,  0.075, 310.10,  0.104, 309.17,  0.109, 307.92,  0.077, 344.16,  0.171, 334.33,  0.159, 342.47,  0.090, 290.26,-99.000, -99.00,-99.000, -99.00,-99.000, -99.00,-99.000, -99.00,
9/7/2006 03:15:00, 11.3,275.9,  0.7,  3.2, 18.726, 29.05,  0.0,  0.0,  0.116, 340.31,  0.131, 311.60,  0.105, 317.69,  0.090, 324.54,  0.102, 303.38,  0.132, 305.74,  0.172, 334.92,  0.119, 334.72,  0.132, 279.18,  0.092, 286.46,  0.037, 344.48,  0.122, 336.80,  0.102, 336.21,  0.139, 338.96,  0.078,  15.64,  0.033, 178.26,-99.000, -99.00,-99.000, -99.00,-99.000, -99.00,-99.000, -99.00,
9/7/2006 03:20:00, 11.3,275.9,  0.7,  3.2, 18.714, 29.05,  0.0,  0.0,  0.129, 320.02,  0.077, 270.00,  0.023, 352.57,  0.049,   0.00,  0.109,  15.44,  0.173, 355.02,  0.077, 327.76,  0.079, 270.00,  0.049, 302.38,  0.130, 307.84,  0.095, 306.87,  0.154, 311.05,  0.060,   7.72,  0.034,  29.54,  0.059,  45.00,  0.026, 136.55,-99.000, -99.00,-99.000, -99.00,-99.000, -99.00,-99.000, -99.00,
9/7/2006 03:25:00, 11.3,276.0,  0.7,  3.3, 18.715, 29.05,  0.0,  0.0,  0.071,  25.84,  0.088, 344.86,  0.088, 313.63,  0.094, 291.12,  0.045, 312.27,  0.131, 326.55,  0.087, 322.47,  0.095, 311.58,  0.133, 322.61,  0.103, 303.54,  0.120, 294.01,  0.137, 291.34,  0.077,   0.00,  0.090,  16.21,  0.101,  42.20,  0.079,   3.62,-99.000, -99.00,-99.000, -99.00,-99.000, -99.00,-99.000, -99.00,
9/7/2006 03:30:00, 11.3,275.9,  0.7,  3.2, 18.719, 29.05,  0.0,  0.0,  0.151,   3.41,  0.115, 267.51,  0.065, 306.87,  0.104, 298.04,  0.046,  58.39,  0.090, 305.98,  0.103, 259.35,  0.067, 325.36,  0.158, 315.00,  0.056, 333.43,  0.062, 303.18,  0.075, 311.76,  0.104,  12.17,  0.065,  32.47,  0.075,  50.39,  0.048, 230.96,-99.000, -99.00,-99.000, -99.00,-99.000, -99.00,-99.000, -99.00,
9/7/2006 03:35:00, 11.3,275.9,  0.7,  3.2, 18.723, 29.05,  0.0,  0.0,  0.172,  19.70,  0.059,  57.38,  0.095, 335.06,  0.118, 357.09,  0.074, 354.60,  0.013, 355.60,  0.106,  40.78,  0.125, 292.66,  0.161, 312.99,  0.076, 313.39,  0.110, 293.54,  0.009, 249.44,  0.068, 241.93,  0.086, 313.58,  0.006, 321.34,  0.053, 105.35,-99.000, -99.00,-99.000, -99.00,-99.000, -99.00,-99.000, -99.00,
9/7/2006 03:40:00, 11.3,275.8,  0.7,  3.2, 18.724, 29.05,  0.0,  0.0,  0.144,   9.20,  0.095,  39.04,  0.018,   3.18,  0.027,   0.00,  0.069, 306.70,  0.039, 320.19,  0.045, 282.80,  0.137, 314.41,  0.067, 331.53,  0.053, 152.95,  0.075, 163.01,  0.055, 236.02,  0.042,  16.70,  0.065,  82.98,  0.078, 131.88,  0.086, 126.47,-99.000, -99.00,-99.000, -99.00,-99.000, -99.00,-99.000, -99.00,
9/7/2006 03:45:00, 11.3,276.0,  0.7,  3.2, 18.727, 29.06,  0.0,  0.0,  0.077, 321.34,  0.081,  31.93,  0.053,  38.83,  0.051, 300.58,  0.038,   0.00,  0.064,   3.58,  0.045,  15.59,  0.037,  18.92,  0.066, 296.18,  0.022, 159.15,  0.028,  25.64,  0.072, 273.18,  0.039, 287.97,  0.060, 219.56,  0.082, 226.97,  0.114, 241.19,-99.000, -99.00,-99.000, -99.00,-99.000, -99.00,-99.000, -99.00,
9/7/2006 03:50:00, 11.3,275.9,  0.7,  3.2, 18.754, 29.06,  0.0,  0.0,  0.131, 359.13,  0.048, 356.42,  0.048, 308.29,  0.081, 308.99,  0.055,  67.62,  0.016, 284.93,  0.033,  45.00,  0.105, 311.91,  0.020, 272.86,  0.106, 256.36,  0.031, 230.19,  0.049, 214.99,  0.003, 288.43,  0.096, 279.56,  0.050, 187.97,  0.122, 226.66,-99.000, -99.00,-99.000, -99.00,-99.000, -99.00,-99.000, -99.00,
9/7/2006 03:55:00, 11.3,276.0,  0.7,  3.2, 18.742, 29.06,  0.0,  0.0,  0.024, 270.00,  0.030,  11.69,  0.132, 357.40,  0.019, 344.48,  0.079, 318.07,  0.119, 319.09,  0.061, 287.24,  0.123, 302.01,  0.061, 259.61,  0.068, 179.16,  0.049, 261.87,  0.118, 263.18,  0.075, 243.09,  0.058, 288.12,  0.054, 318.01,  0.141, 225.86,-99.000, -99.00,-99.000, -99.00,-99.000, -99.00,-99.000, -99.00,
9/7/2006 04:00:00, 11.3,275.9,  0.7,  3.2, 18.726, 29.07,  0.0,  0.0,  0.098,   1.17,  0.108,  11.21,  0.034, 270.00,  0.123,  16.52,  0.041, 340.25,  0.061,  50.31,  0.067, 110.85,  0.019, 304.51,  0.019, 132.88,  0.169, 267.29,  0.091, 266.23,  0.075, 214.74,  0.145, 246.44,  0.084, 232.72,  0.034, 232.13,  0.106, 229.22,-99.000, -99.00,-99.000, -99.00,-99.000, -99.00,-99.000, -99.00,
9/7/2006 04:05:00, 11.3,275.9,  0.7,  3.2, 18.755, 29.07,  0.0,  0.0,  0.125,   0.00,  0.072, 357.61,  0.043,  25.97,  0.012, 189.46,  0.036,   6.34,  0.086,  18.23,  0.045, 306.87,  0.079, 203.96,  0.056, 276.12,  0.033, 128.93,  0.125, 220.45,  0.083, 221.58,  0.126, 238.33,  0.086, 286.13,  0.133, 246.52,  0.115, 187.50,-99.000, -99.00,-99.000, -99.00,-99.000, -99.00,-99.000, -99.00,
9/7/2006 04:10:00, 11.3,275.9,  0.7,  3.3, 18.763, 29.07,  0.0,  0.0,  0.070,   1.64,  0.120, 304.09,  0.094, 302.01,  0.068, 325.84,  0.063, 354.56,  0.052,   5.49,  0.046, 109.23,  0.113, 231.81,  0.061, 233.70,  0.085, 276.04,  0.058, 197.18,  0.053, 253.61,  0.103, 272.22,  0.070, 270.00,  0.011, 291.80,  0.076, 191.31,-99.000, -99.00,-99.000, -99.00,-99.000, -99.00,-99.000, -99.00,
9/7/2006 04:15:00, 11.3,275.9,  0.8,  3.2, 18.765, 29.07,  0.0,  0.0,  0.116, 325.49,  0.090, 319.95,  0.068, 307.87,  0.158, 332.46,  0.148,  11.31,  0.105,  22.41,  0.077, 333.10,  0.094, 310.67,  0.087, 309.38,  0.033,  95.19,  0.082, 239.04,  0.149, 264.98,  0.135, 255.45,  0.054, 314.26,  0.008, 150.26,  0.093, 239.57,-99.000, -99.00,-99.000, -99.00,-99.000, -99.00,-99.000, -99.00,
9/7/2006 04:20:00, 11.3,275.8,  0.8,  3.2, 18.749, 29.07,  0.0,  0.0,  0.057, 294.78,  0.048, 223.32,  0.081, 324.54,  0.061, 323.70,  0.034,  61.93,  0.100,  42.97,  0.035,  19.98,  0.047, 313.26,  0.065,  34.42,  0.062, 335.10,  0.095, 268.19,  0.093, 229.80,  0.122, 241.13,  0.120, 215.15,  0.028, 229.40,  0.086, 217.41,-99.000, -99.00,-99.000, -99.00,-99.000, -99.00,-99.000, -99.00,
9/7/2006 04:25:00, 11.3,275.9,  0.8,  3.2, 18.753, 29.07,  0.0,  0.0,  0.058, 341.88,  0.049,  42.51,  0.079,  73.16,  0.017, 298.07,  0.052, 261.09,  0.020, 237.09,  0.055, 319.40,  0.033,   5.19,  0.088, 322.87,  0.077, 316.58,  0.054, 264.71,  0.064, 228.81,  0.100, 253.74,  0.073, 205.16,  0.033, 229.97,  0.091, 204.60,-99.000, -99.00,-99.000, -99.00,-99.000, -99.00,-99.000, -99.00,
9/7/2006 04:30:00, 11.3,275.9,  0.7,  3.2, 18.758, 29.07,  0.0,  0.0,  0.099, 310.48,  0.137, 252.10,  0.079, 338.33,  0.073, 261.31,  0.034, 166.37,  0.044, 292.52,  0.057,  70.62,  0.051, 210.58,  0.041, 181.40,  0.072, 205.50,  0.104, 226.17,  0.092, 229.40,  0.136, 246.08,  0.143, 246.12,  0.029, 282.09,  0.124, 194.93,-99.000, -99.00,-99.000, -99.00,-99.000, -99.00,-99.000, -99.00,
9/7/2006 04:35:00, 11.3,275.9,  0.8,  3.2, 18.750, 29.08,  0.0,  0.0,  0.114, 344.74,  0.065,  29.31,  0.102,  18.79,  0.069, 335.28,  0.099,  29.67,  0.028,  39.29,  0.065, 214.42,  0.082, 170.88,  0.026, 302.47,  0.064, 105.33,  0.005,  90.00,  0.091, 238.06,  0.129, 209.74,  0.129, 190.70,  0.020, 255.26,  0.087, 241.97,-99.000, -99.00,-99.000, -99.00,-99.000, -99.00,-99.000, -99.00,
9/7/2006 04:40:00, 11.3,275.8,  0.8,  3.2, 18.776, 29.08,  0.0,  0.0,  0.034, 299.54,  0.083,  74.62,  0.058, 298.77,  0.076, 309.13,  0.051, 100.20,  0.002, 243.43,  0.014, 294.78,  0.038, 128.66,  0.085, 208.66,  0.086, 228.31,  0.043, 205.97,  0.055, 294.70,  0.065, 231.20,  0.094, 168.33,  0.040,  33.69,  0.095, 217.72,-99.000, -99.00,-99.000, -99.00,-99.000, -99.00,-99.000, -99.00,
9/7/2006 04:45:00, 11.3,275.8,  0.7,  3.3, 18.784, 29.08,  0.0,  0.0,  0.056,  11.31,  0.082, 346.64,  0.018, 257.47,  0.096, 124.85,  0.044, 225.00,  0.018, 312.71,  0.018, 266.82,  0.014, 300.26,  0.074, 243.43,  0.009, 282.53,  0.074, 266.13,  0.041, 284.04,  0.088, 211.52,  0.118, 173.18,  0.092, 125.25,  0.083, 168.83,-99.000, -99.00,-99.000, -99.00,-99.000, -99.00,-99.000, -99.00,
9/7/2006 04:50:00, 11.3,275.9,  0.7,  3.2, 18.790, 29.08,  0.0,  0.0,  0.124,  28.43,  0.056, 246.67,  0.034, 323.47,  0.123, 319.30,  0.062, 309.81,  0.046, 121.61,  0.038, 225.00,  0.057, 147.14,  0.065, 228.73,  0.064, 284.47,  0.054, 318.01,  0.069, 281.63,  0.026, 150.52,  0.028,  77.47,  0.046, 287.65,  0.143, 189.26,-99.000, -99.00,-99.000, -99.00,-99.000, -99.00,-99.000, -99.00,
9/7/2006 04:55:00, 11.3,275.8,  0.7,  3.3, 18.790, 29.08,  0.0,  0.0,  0.036, 153.43,  0.083, 291.29,  0.047, 350.13,  0.104, 352.81,  0.080, 121.70,  0.020,  53.13,  0.093, 251.76,  0.106, 212.64,  0.051, 190.20,  0.103, 257.05,  0.142, 259.48,  0.047, 261.35,  0.038, 181.51,  0.019, 244.80,  0.033, 317.49,  0.095, 259.64,-99.000, -99.00,-99.000, -99.00,-99.000, -99.00,-99.000, -99.00,
9/7/2006 05:00:00, 11.3,275.8,  0.7,  3.2, 18.789, 29.08,  0.0,  0.0,  0.049, 293.96,  0.123, 291.37,  0.138, 273.32,  0.078, 295.91,  0.039,  31.22,  0.071, 326.53,  0.006, 120.96,  0.030, 344.58,  0.047, 212.01,  0.051, 225.00,  0.080, 236.71,  0.049, 195.46,  0.103, 242.94,  0.100, 250.11,  0.067, 264.88,  0.011, 228.81,-99.000, -99.00,-99.000, -99.00,-99.000, -99.00,-99.000, -99.00,
9/7/2006 05:05:00, 11.3,275.9,  0.7,  3.2, 18.787, 29.08,  0.0,  0.0,  0.125, 359.54,  0.075,  63.09,  0.077, 233.43,  0.081,  42.99,  0.005,   0.00,  0.124, 262.59,  0.051, 208.07,  0.054, 213.69,  0.112, 175.91,  0.050, 214.33,  0.079, 186.58,  0.131, 210.89,  0.059, 188.82,  0.061, 211.61,  0.063, 145.30,  0.043, 113.03,-99.000, -99.00,-99.000, -99.00,-99.000, -99.00,-99.000, -99.00,
9/7/2006 05:10:00, 11.3,275.8,  0.7,  3.2, 18.821, 29.08,  0.0,  0.0,  0.052, 309.52,  0.143, 311.60,  0.032, 261.12,  0.047, 356.35,  0.042,   1.36,  0.042, 210.26,  0.083, 242.82,  0.085, 255.64,  0.074, 114.83,  0.026,  54.46,  0.045, 233.13,  0.118, 194.27,  0.101, 247.99,  0.179, 255.81,  0.084, 253.50,  0.029,   0.00,-99.000, -99.00,-99.000, -99.00,-99.000, -99.00,-99.000, -99.00,
9/7/2006 05:15:00, 11.3,275.8,  0.7,  3.2, 18.826, 29.08,  0.0,  0.0,  0.036, 300.14,  0.046, 162.35,  0.071, 293.30,  0.040, 124.88,  0.064,  12.72,  0.060, 289.33,  0.091, 234.39,  0.041, 316.97,  0.065, 168.52,  0.092, 179.38,  0.108, 138.37,  0.008, 320.19,  0.140, 270.41,  0.118, 248.20,  0.089, 185.77,  0.048, 159.30,-99.000, -99.00,-99.000, -99.00,-99.000, -99.00,-99.000, -99.00,
9/7/2006 05:20:00, 11.3,275.8,  0.7,  3.2, 18.840, 29.08,  0.0,  0.0,  0.070,   0.00,  0.046,  26.00,  0.103,  20.56,  0.020, 194.74,  0.105, 317.69,  0.072, 323.45,  0.093, 327.67,  0.100, 298.11,  0.061, 317.66,  0.246, 296.88,  0.045, 312.27,  0.063, 186.34,  0.034, 240.46,  0.103, 263.29,  0.095, 270.00,  0.063, 254.43,-99.000, -99.00,-99.000, -99.00,-99.000, -99.00,-99.000, -99.00,
9/7/2006 05:25:00, 11.3,275.9,  0.7,  3.3, 18.823, 29.08,  0.0,  0.0,  0.040, 259.82,  0.052, 318.09,  0.082, 292.19,  0.080, 245.67,  0.029, 206.57,  0.079,  43.98,  0.046,  47.64,  0.056, 350.71,  0.021, 234.78,  0.021, 207.76,  0.036, 180.00,  0.116, 228.86,  0.071, 239.45,  0.050, 287.35,  0.055, 303.11,  0.136, 281.06,-99.000, -99.00,-99.000, -99.00,-99.000, -99.00,-99.000, -99.00,
9/7/2006 05:30:00, 11.3,275.9,  0.7,  3.3, 18.842, 29.08,  0.0,  0.0,  0.023, 340.02,  0.062,  68.37,  0.121, 357.16,  0.058, 338.75,  0.064,  29.74,  0.098,  17.15,  0.081, 330.60,  0.023, 138.58,  0.033, 313.78,  0.027, 338.20,  0.005, 348.69,  0.069, 215.54,  0.160, 249.07,  0.092, 223.24,  0.130, 316.25,  0.045,  42.27,-99.000, -99.00,-99.000, -99.00,-99.000, -99.00,-99.000, -99.00,
9/7/2006 05:35:00, 11.3,275.7,  0.7,  3.3, 18.845, 29.08,  0.0,  0.0,  0.100, 349.59,  0.114, 304.25,  0.058, 357.04,  0.030,  64.29,  0.069,  30.26,  0.083, 310.60,  0.104, 349.45,  0.065, 262.98,  0.091, 254.74,  0.055, 248.59,  0.025, 198.43,  0.106, 251.91,  0.148, 276.60,  0.109, 279.55,  0.102, 331.16,  0.056, 342.22,-99.000, -99.00,-99.000, -99.00,-99.000, -99.00,-99.000, -99.00,
9/7/2006 05:40:00, 11.3,275.9,  0.7,  3.2, 18.848, 29.08,  0.0,  0.0,  0.040, 203.39,  0.038, 176.99,  0.044, 270.00,  0.070, 297.30,  0.064, 349.22,  0.154, 302.24,  0.098, 319.97,  0.073, 326.09,  0.114, 285.26,  0.169, 251.03,  0.132, 263.90,  0.104, 255.56,  0.048, 307.35,  0.225, 284.96,  0.159, 297.37,  0.069, 259.99,-99.000, -99.00,-99.000, -99.00,-99.000, -99.00,-99.000, -99.00,
9/7/2006 05:45:00, 11.3,275.9,  0.7,  3.2, 18.849, 29.09,  0.0,  0.0,  0.120, 311.95,  0.060, 328.71,  0.036,  58.50,  0.114, 320.00,  0.086, 316.88,  0.058,  83.12,  0.038, 251.57,  0.026,  57.53,  0.035, 248.50,  0.057, 233.53,  0.025, 113.50,  0.103, 269.44,  0.091, 235.27,  0.159, 243.43,  0.093, 214.54,  0.064, 235.81,-99.000, -99.00,-99.000, -99.00,-99.000, -99.00,-99.000, -99.00,
9/7/2006 05:50:00, 11.3,275.8,  0.7,  3.2, 18.839, 29.09,  0.0,  0.0,  0.070, 270.00,  0.126, 282.82,  0.104, 234.01,  0.054, 106.09,  0.038,  71.57,  0.090, 125.46,  0.068, 322.79,  0.034, 270.00,  0.054, 225.74,  0.038, 175.49,  0.027,   4.24,  0.035, 154.89,  0.093, 202.71,  0.066, 201.48,  0.076, 242.76,  0.093, 278.65,-99.000, -99.00,-99.000, -99.00,-99.000, -99.00,-99.000, -99.00,
9/7/2006 05:55:00, 11.3,275.9,  0.7,  3.2, 18.857, 29.09,  0.0,  0.0,  0.068, 270.00,  0.037,  32.83,  0.063,  11.84,  0.076,  47.12,  0.087, 279.25,  0.104, 268.35,  0.031, 301.61,  0.058, 317.79,  0.036, 320.60,  0.032,  69.86,  0.017,   3.37,  0.005, 248.20,  0.101, 197.35,  0.170, 233.13,  0.201, 239.48,  0.118, 240.62,-99.000, -99.00,-99.000, -99.00,-99.000, -99.00,-99.000, -99.00,
9/7/2006 06:00:00, 11.3,275.9,  0.7,  3.2, 18.862, 29.09,  0.0,  0.0,  0.154, 311.57,  0.067, 275.12,  0.090,  20.04,  0.097, 307.46,  0.046, 270.00,  0.025,  64.44,  0.062, 266.31,  0.025, 238.24,  0.008,  29.74,  0.125, 313.38,  0.074,  16.48,  0.092, 319.40,  0.015, 241.70,  0.098, 205.26,  0.067, 254.52,  0.031, 324.25,-99.000, -99.00,-99.000, -99.00,-99.000, -99.00,-99.000, -99.00,
9/7/2006 06:05:00, 11.3,275.9,  0.8,  3.2, 18.879, 29.09,  0.0,  0.0,  0.151,   0.38,  0.145, 345.58,  0.057, 344.74,  0.063,  10.06,  0.072, 323.45,  0.061, 346.65,  0.106, 285.87,  0.071, 319.57,  0.045,  29.43,  0.079, 277.31,  0.042, 353.21,  0.037,  46.08,  0.016,  63.43,  0.043, 190.78,  0.042, 245.90,  0.065, 285.10,-99.000, -99.00,-99.000, -99.00,-99.000, -99.00,-99.000, -99.00,
9/7/2006 06:10:00, 11.3,275.9,  0.7,  3.2, 18.881, 29.09,  0.0,  0.0,  0.054, 306.66,  0.140, 305.97,  0.137, 311.46,  0.138, 305.30,  0.106, 281.94,  0.130, 292.62,  0.083, 195.38,  0.103, 252.45,  0.032,  51.34,  0.025, 318.18,  0.059,   0.00,  0.116, 340.31,  0.092, 325.62,  0.048, 303.02,  0.088, 330.82,  0.046, 160.77,-99.000, -99.00,-99.000, -99.00,-99.000, -99.00,-99.000, -99.00,
9/7/2006 06:15:00, 11.3,275.8,  0.7,  3.2, 18.880, 29.09,  0.0,  0.0,  0.096,   1.19,  0.151,  14.59,  0.127, 326.56,  0.050,  33.69,  0.114, 348.40,  0.013,   0.00,  0.012,  24.44,  0.050, 213.69,  0.089, 256.43,  0.036, 219.40,  0.083, 327.26,  0.081, 307.01,  0.017, 239.04,  0.120, 278.60,  0.058, 300.11,  0.014, 188.13,-99.000, -99.00,-99.000, -99.00,-99.000, -99.00,-99.000, -99.00,
9/7/2006 06:20:00, 11.3,275.8,  0.7,  3.2, 18.890, 29.08,  0.0,  0.0,  0.049, 212.38,  0.065, 326.31,  0.085, 332.53,  0.107, 315.00,  0.121, 311.32,  0.144, 292.47,  0.079, 253.86,  0.035, 297.30,  0.058, 270.00,  0.048, 251.94,  0.052, 201.60,  0.014, 233.97,  0.063, 257.07,  0.089, 284.35,  0.030, 227.73,  0.062, 158.37,-99.000, -99.00,-99.000, -99.00,-99.000, -99.00,-99.000, -99.00,
9/7/2006 06:25:00, 11.3,275.6,  0.7,  3.2, 18.895, 29.08,  0.0,  0.0,  0.141,   6.92,  0.085, 278.80,  0.097, 328.12,  0.069, 310.87,  0.122, 323.32,  0.116, 312.90,  0.098, 282.91,  0.009, 110.56,  0.118, 214.63,  0.115, 237.84,  0.078, 315.52,  0.135, 289.51,  0.091, 285.86,  0.081, 293.39,  0.056, 304.82,  0.051, 240.95,-99.000, -99.00,-99.000, -99.00,-99.000, -99.00,-99.000, -99.00,
9/7/2006 06:30:00, 11.3,275.9,  0.8,  3.2, 18.907, 29.08,  0.0,  0.0,  0.169, 327.06,  0.079, 303.08,  0.090, 296.28,  0.129, 322.86,  0.113, 299.05,  0.142, 310.43,  0.180, 277.01,  0.089, 267.43,  0.125, 250.41,  0.074, 226.10,  0.072, 236.31,  0.084, 280.24,  0.109, 285.44,  0.094, 301.49,  0.128, 295.96,  0.051, 168.69,-99.000, -99.00,-99.000, -99.00,-99.000, -99.00,-99.000, -99.00,
9/7/2006 06:35:00, 11.3,275.8,  0.7,  3.2, 18.913, 29.08,  0.0,  0.0,  0.154, 351.40,  0.144, 314.44,  0.116, 316.40,  0.088, 330.82,  0.102, 320.99,  0.115, 335.22,  0.108, 271.59,  0.077, 256.50,  0.093, 301.81,  0.172, 260.65,  0.061, 194.26,  0.102, 236.62,  0.106, 280.35,  0.079, 317.58,  0.122, 270.00,  0.061, 249.78,-99.000, -99.00,-99.000, -99.00,-99.000, -99.00,-99.000, -99.00,
9/7/2006 06:40:00, 11.3,275.9,  0.7,  3.3, 18.912, 29.08,  0.0,  0.0,  0.061,   8.53,  0.021, 301.43,  0.089, 304.94,  0.132, 321.14,  0.228, 313.58,  0.123, 308.08,  0.179, 278.04,  0.123, 300.72,  0.101, 265.47,  0.192, 253.07,  0.174, 260.75,  0.101, 246.73,  0.101, 253.90,  0.137, 255.15,  0.020,  75.26,  0.028, 171.87,-99.000, -99.00,-99.000, -99.00,-99.000, -99.00,-99.000, -99.00,
9/7/2006 06:45:00, 11.3,275.8,  0.8,  3.2, 18.922, 29.08,  0.0,  0.0,  0.136,  10.15,  0.105, 349.55,  0.096, 310.79,  0.099, 309.29,  0.100, 326.78,  0.034, 288.97,  0.110, 301.95,  0.167, 268.97,  0.151, 270.00,  0.146, 270.39,  0.147, 268.44,  0.101, 290.96,  0.090, 245.71,  0.179, 274.82,  0.128, 289.56,  0.087, 288.85,-99.000, -99.00,-99.000, -99.00,-99.000, -99.00,-99.000, -99.00,
9/7/2006 06:50:00, 11.3,275.8,  0.7,  3.2, 18.924, 29.08,  0.0,  0.0,  0.093,  48.06,  0.143, 334.69,  0.197, 292.40,  0.103, 313.03,  0.084, 317.91,  0.117, 257.15,  0.159, 273.96,  0.158, 273.98,  0.206, 277.82,  0.135, 266.61,  0.147, 266.50,  0.139, 260.88,  0.154, 274.46,  0.121, 270.00,  0.107, 280.26,  0.020, 239.53,-99.000, -99.00,-99.000, -99.00,-99.000, -99.00,-99.000, -99.00,
9/7/2006 06:55:00, 11.3,275.8,  0.7,  3.2, 18.929, 29.08,  0.0,  0.0,  0.170, 292.80,  0.077, 319.72,  0.172, 288.96,  0.163, 285.66,  0.109, 274.20,  0.074, 263.83,  0.082, 262.96,  0.142, 269.19,  0.134, 277.71,  0.109, 278.95,  0.101, 264.91,  0.101, 229.03,  0.129, 246.63,  0.136, 289.37,  0.202, 313.19,  0.037, 297.26,-99.000, -99.00,-99.000, -99.00,-99.000, -99.00,-99.000, -99.00,
9/7/2006 07:00:00, 11.3,275.9,  0.7,  3.3, 18.915, 29.08,  0.0,  0.0,  0.009, 347.47,  0.088, 309.47,  0.034, 198.97,  0.124, 276.95,  0.127, 312.12,  0.119, 284.62,  0.057, 306.47,  0.078, 329.16,  0.136, 308.73,  0.168, 275.47,  0.121, 244.50,  0.089, 293.96,  0.035, 270.00,  0.144, 291.95,  0.128, 325.81,  0.081, 228.48,-99.000, -99.00,-99.000, -99.00,-99.000, -99.00,-99.000, -99.00,
9/7/2006 07:05:00, 11.3,275.9,  0.8,  3.2, 18.912, 29.08,  0.0,  0.0,  0.052, 230.48,  0.126, 316.93,  0.086, 322.07,  0.133, 293.09,  0.145, 336.44,  0.147, 320.24,  0.128, 304.81,  0.166, 286.04,  0.114, 274.51,  0.175, 297.88,  0.151, 293.00,  0.118, 260.70,  0.119, 284.62,  0.125, 315.32,  0.103, 321.69,  0.060, 259.44,-99.000, -99.00,-99.000, -99.00,-99.000, -99.00,-99.000, -99.00,
9/7/2006 07:10:00, 11.3,275.8,  0.8,  3.2, 18.922, 29.08,  0.0,  0.0,  0.139, 295.64,  0.066, 359.13,  0.110, 356.36,  0.054, 271.06,  0.072,   8.81,  0.062, 322.21,  0.022, 302.28,  0.123, 334.06,  0.140, 317.31,  0.059, 275.81,  0.125, 273.66,  0.109, 278.95,  0.116, 292.35,  0.106, 296.81,  0.084, 301.43,  0.097, 196.76,-99.000, -99.00,-99.000, -99.00,-99.000, -99.00,-99.000, -99.00,
9/7/2006 07:15:00, 11.3,275.8,  0.7,  3.2, 18.933, 29.08,  0.0,  0.0,  0.160, 320.84,  0.094, 303.69,  0.147, 333.78,  0.051, 280.20,  0.106, 324.96,  0.166, 299.96,  0.084, 323.27,  0.167, 315.00,  0.128, 317.21,  0.114, 292.74,  0.062, 293.68,  0.024, 262.87,  0.117, 320.19,  0.144, 323.45,  0.192, 276.27,  0.158, 235.60,-99.000, -99.00,-99.000, -99.00,-99.000, -99.00,-99.000, -99.00,
9/7/2006 07:20:00, 11.3,275.8,  0.7,  3.2, 18.929, 29.08,  0.0,  0.0,  0.210, 305.13,  0.095, 309.88,  0.102, 304.16,  0.138, 283.43,  0.114, 321.03,  0.125, 310.80,  0.099, 278.70,  0.157, 309.57,  0.102, 311.03,  0.211, 291.45,  0.102, 303.85,  0.100, 265.43,  0.137, 304.27,  0.164, 300.00,  0.179, 293.70,  0.105, 244.65,-99.000, -99.00,-99.000, -99.00,-99.000, -99.00,-99.000, -99.00,
9/7/2006 07:25:00, 11.3,275.9,  0.7,  3.2, 18.942, 29.08,  0.0,  0.0,  0.140, 359.18,  0.114, 287.80,  0.184, 319.64,  0.222, 310.80,  0.118, 311.23,  0.115, 265.03,  0.209, 294.35,  0.172, 291.18,  0.164, 265.82,  0.143, 279.26,  0.047, 303.69,  0.206, 296.57,  0.164, 291.87,  0.157, 272.92,  0.166, 295.33,  0.114, 279.05,-99.000, -99.00,-99.000, -99.00,-99.000, -99.00,-99.000, -99.00,
9/7/2006 07:30:00, 11.3,275.7,  0.7,  3.3, 18.935, 29.08,  0.0,  0.0,  0.188, 317.15,  0.131, 335.59,  0.216, 322.71,  0.108, 313.88,  0.072, 331.65,  0.062, 268.15,  0.147, 321.34,  0.158, 328.23,  0.113, 311.42,  0.242, 277.59,  0.094, 288.05,  0.179, 280.93,  0.185, 301.28,  0.227, 302.78,  0.173, 289.27,  0.067, 221.99,-99.000, -99.00,-99.000, -99.00,-99.000, -99.00,-99.000, -99.00,
9/7/2006 07:35:00, 11.3,275.8,  0.7,  3.2, 18.940, 29.08,  0.0,  0.0,  0.273, 321.70,  0.133, 333.24,  0.180, 318.15,  0.146, 315.56,  0.175, 302.42,  0.091, 304.73,  0.123, 296.98,  0.120, 295.71,  0.199, 314.80,  0.226, 287.47,  0.185, 300.59,  0.147, 292.02,  0.153, 312.88,  0.195, 296.43,  0.259, 285.22,  0.182, 257.64,-99.000, -99.00,-99.000, -99.00,-99.000, -99.00,-99.000, -99.00,
9/7/2006 07:40:00, 11.3,275.8,  0.7,  3.2, 18.937, 29.08,  0.0,  0.0,  0.226, 310.52,  0.115, 315.71,  0.179, 324.80,  0.147, 290.65,  0.150, 300.50,  0.229, 307.72,  0.192, 293.63,  0.170, 303.50,  0.167, 289.19,  0.146, 302.38,  0.190, 300.76,  0.128, 307.68,  0.246, 283.13,  0.126, 279.61,  0.224, 287.14,  0.122, 294.25,-99.000, -99.00,-99.000, -99.00,-99.000, -99.00,-99.000, -99.00,
9/7/2006 07:45:00, 11.3,275.8,  0.8,  3.2, 18.947, 29.08,  0.0,  0.0,  0.203, 325.45,  0.159, 310.41,  0.179, 321.79,  0.224, 304.61,  0.200, 330.36,  0.136, 298.44,  0.173, 299.09,  0.194, 277.42,  0.216, 275.58,  0.187, 281.43,  0.169, 297.47,  0.244, 289.92,  0.147, 303.04,  0.295, 289.17,  0.339, 284.00,  0.197, 264.17,-99.000, -99.00,-99.000, -99.00,-99.000, -99.00,-99.000, -99.00,
9/7/2006 07:50:00, 11.3,275.9,  0.7,  3.2, 18.969, 29.08,  0.0,  0.0,  0.274, 305.03,  0.221, 314.45,  0.098, 319.14,  0.145, 333.79,  0.152, 318.21,  0.208, 310.90,  0.212, 313.47,  0.144, 324.32,  0.156, 312.40,  0.202, 336.73,  0.174, 325.30,  0.221, 308.94,  0.228, 301.74,  0.296, 283.10,  0.228, 281.90,  0.145, 251.57,-99.000, -99.00,-99.000, -99.00,-99.000, -99.00,-99.000, -99.00,
9/7/2006 07:55:00, 11.3,275.8,  0.8,  3.2, 18.959, 29.08,  0.0,  0.0,  0.185, 315.87,  0.183, 318.55,  0.226, 314.64,  0.156, 346.68,  0.196, 330.29,  0.194, 311.02,  0.080, 275.00,  0.029, 300.96,  0.150, 301.36,  0.117, 315.00,  0.095, 299.52,  0.286, 315.99,  0.219, 283.47,  0.272, 272.74,  0.249, 275.53,  0.234, 268.29,-99.000, -99.00,-99.000, -99.00,-99.000, -99.00,-99.000, -99.00,
9/7/2006 08:00:00, 11.3,275.9,  0.8,  3.2, 18.961, 29.08,  0.0,  0.0,  0.284, 314.71,  0.202, 322.45,  0.236, 330.62,  0.162, 315.25,  0.150, 317.16,  0.191, 307.11,  0.140, 334.17,  0.210, 303.92,  0.222, 320.49,  0.194, 294.32,  0.277, 310.18,  0.307, 308.51,  0.247, 302.60,  0.272, 284.70,  0.305, 273.19,  0.247, 263.74,-99.000, -99.00,-99.000, -99.00,-99.000, -99.00,-99.000, -99.00,
9/7/2006 08:05:00, 11.3,275.8,  0.7,  3.2, 18.951, 29.07,  0.0,  0.0,  0.255, 301.50,  0.268, 315.15,  0.129, 306.78,  0.182, 319.91,  0.282, 329.80,  0.214, 340.89,  0.245, 345.57,  0.232, 331.45,  0.206, 301.68,  0.261, 297.65,  0.227, 286.60,  0.237, 274.60,  0.296, 279.72,  0.300, 278.24,  0.288, 289.06,  0.190, 272.71,-99.000, -99.00,-99.000, -99.00,-99.000, -99.00,-99.000, -99.00,
9/7/2006 08:10:00, 11.3,275.8,  0.7,  3.2, 18.955, 29.07,  0.0,  0.0,  0.240, 315.34,  0.185, 315.00,  0.268, 313.94,  0.239, 326.44,  0.274, 328.28,  0.134, 327.50,  0.147, 312.80,  0.066, 334.98,  0.195, 286.11,  0.218, 272.36,  0.196, 274.69,  0.261, 272.63,  0.244, 269.77,  0.319, 269.28,  0.341, 278.44,  0.261, 273.29,-99.000, -99.00,-99.000, -99.00,-99.000, -99.00,-99.000, -99.00,
9/7/2006 08:15:00, 11.3,275.9,  0.7,  3.2, 18.945, 29.07,  0.0,  0.0,  0.344, 315.82,  0.260, 296.27,  0.213, 307.35,  0.226, 325.11,  0.247, 322.06,  0.264, 332.27,  0.272, 335.89,  0.246, 321.45,  0.253, 312.59,  0.316, 299.16,  0.303, 305.74,  0.309, 292.08,  0.317, 279.61,  0.300, 287.05,  0.338, 284.41,  0.266, 269.78,-99.000, -99.00,-99.000, -99.00,-99.000, -99.00,-99.000, -99.00,
9/7/2006 08:20:00, 11.3,275.9,  0.7,  3.3, 18.958, 29.08,  0.0,  0.0,  0.279, 303.46,  0.219, 310.01,  0.138, 286.86,  0.285, 300.07,  0.180, 321.99,  0.271, 310.51,  0.239, 297.64,  0.182, 308.32,  0.218, 301.28,  0.252, 294.43,  0.248, 288.36,  0.233, 284.16,  0.323, 270.89,  0.342, 270.67,  0.339, 282.27,  0.259, 271.99,-99.000, -99.00,-99.000, -99.00,-99.000, -99.00,-99.000, -99.00,
9/7/2006 08:25:00, 11.3,275.9,  0.7,  3.2, 18.949, 29.08,  0.0,  0.0,  0.264, 325.35,  0.205, 296.06,  0.216, 323.08,  0.212, 327.51,  0.175, 353.44,  0.223, 335.96,  0.250, 306.55,  0.159, 311.19,  0.224, 287.38,  0.211, 287.06,  0.279, 279.90,  0.360, 274.94,  0.341, 277.42,  0.346, 282.87,  0.300, 296.31,  0.286, 284.18,-99.000, -99.00,-99.000, -99.00,-99.000, -99.00,-99.000, -99.00,
9/7/2006 08:30:00, 11.3,275.9,  0.7,  3.2, 18.950, 29.08,  0.0,  0.0,  0.279, 317.04,  0.189, 325.80,  0.235, 315.35,  0.226, 293.73,  0.279, 315.44,  0.197, 316.24,  0.258, 299.25,  0.273, 295.35,  0.216, 289.19,  0.168, 284.12,  0.267, 274.73,  0.369, 273.42,  0.342, 283.71,  0.365, 281.71,  0.368, 287.06,  0.332, 284.66,-99.000, -99.00,-99.000, -99.00,-99.000, -99.00,-99.000, -99.00,
9/7/2006 08:35:00, 11.3,275.8,  0.7,  3.2, 18.959, 29.08,  0.0,  0.0,  0.264, 300.55,  0.249, 303.18,  0.214, 331.28,  0.191, 296.16,  0.250, 317.11,  0.223, 296.34,  0.199, 302.89,  0.251, 299.63,  0.277, 305.75,  0.282, 279.19,  0.312, 281.45,  0.284, 289.33,  0.237, 273.62,  0.290, 279.53,  0.341, 291.83,  0.148, 278.19,-99.000, -99.00,-99.000, -99.00,-99.000, -99.00,-99.000, -99.00,
9/7/2006 08:40:00, 11.3,275.8,  0.8,  3.2, 18.960, 29.09,  0.0,  0.0,  0.207, 322.25,  0.287, 312.74,  0.184, 320.95,  0.213, 322.65,  0.242, 304.41,  0.175, 314.77,  0.257, 300.66,  0.252, 291.89,  0.242, 276.16,  0.355, 277.13,  0.374, 280.32,  0.246, 277.24,  0.245, 280.81,  0.269, 271.92,  0.333, 279.86,  0.235, 271.95,-99.000, -99.00,-99.000, -99.00,-99.000, -99.00,-99.000, -99.00,
9/7/2006 08:45:00, 11.3,275.8,  0.7,  3.2, 18.962, 29.09,  0.0,  0.0,  0.189, 318.87,  0.256, 313.73,  0.197, 306.52,  0.166, 314.27,  0.157, 331.48,  0.141, 316.15,  0.239, 301.83,  0.245, 293.11,  0.254, 288.58,  0.220, 280.75,  0.259, 295.08,  0.256, 263.71,  0.254, 279.28,  0.272, 263.45,  0.245, 288.29,  0.258, 278.70,-99.000, -99.00,-99.000, -99.00,-99.000, -99.00,-99.000, -99.00,
9/7/2006 08:50:00, 11.3,275.9,  0.7,  3.2, 18.950, 29.09,  0.0,  0.0,  0.252, 330.79,  0.258, 340.02,  0.205, 331.81,  0.227, 331.85,  0.215, 323.13,  0.204, 323.58,  0.314, 290.34,  0.260, 295.28,  0.278, 293.33,  0.276, 290.80,  0.253, 290.87,  0.250, 276.67,  0.217, 285.26,  0.212, 283.38,  0.214, 270.54,  0.226, 269.24,-99.000, -99.00,-99.000, -99.00,-99.000, -99.00,-99.000, -99.00,
9/7/2006 08:55:00, 11.3,275.8,  0.8,  3.2, 18.951, 29.09,  0.0,  0.0,  0.230, 330.87,  0.186, 317.40,  0.344, 300.59,  0.177, 296.13,  0.248, 319.42,  0.207, 308.92,  0.167, 268.29,  0.222, 276.45,  0.287, 290.39,  0.286, 288.56,  0.266, 272.58,  0.313, 275.87,  0.196, 265.89,  0.269, 270.00,  0.225, 282.06,  0.080, 247.27,-99.000, -99.00,-99.000, -99.00,-99.000, -99.00,-99.000, -99.00,
9/7/2006 09:00:00, 11.3,275.9,  0.8,  3.2, 18.938, 29.07,  0.0,  0.0,  0.172, 345.88,  0.118,  14.27,  0.191, 315.42,  0.141, 341.82,  0.274, 331.66,  0.309, 291.42,  0.206, 297.81,  0.214, 292.00,  0.243, 274.96,  0.247, 285.50,  0.329, 272.96,  0.319, 272.69,  0.303, 288.26,  0.290, 283.75,  0.202, 270.00,  0.151, 222.32,-99.000, -99.00,-99.000, -99.00,-99.000, -99.00,-99.000, -99.00,
9/7/2006 09:05:00, 11.3,275.9,  0.8,  3.2, 18.933, 29.07,  0.0,  0.0,  0.243, 349.57,  0.227, 310.71,  0.197, 328.09,  0.173, 324.65,  0.275, 312.93,  0.257, 296.37,  0.222, 293.33,  0.282, 291.20,  0.295, 293.61,  0.256, 281.27,  0.292, 275.30,  0.314, 269.82,  0.277, 274.14,  0.168, 281.64,  0.222, 283.03,  0.216, 218.25,-99.000, -99.00,-99.000, -99.00,-99.000, -99.00,-99.000, -99.00,
9/7/2006 09:10:00, 11.3,275.9,  0.7,  3.2, 18.937, 29.07,  0.0,  0.0,  0.251, 346.41,  0.278, 340.26,  0.169, 344.89,  0.214, 308.16,  0.241, 303.16,  0.154, 300.90,  0.305, 289.15,  0.222, 290.89,  0.231, 286.08,  0.282, 293.65,  0.204, 292.17,  0.297, 273.48,  0.254, 266.16,  0.268, 267.44,  0.172, 268.33,  0.121, 265.75,-99.000, -99.00,-99.000, -99.00,-99.000, -99.00,-99.000, -99.00,
9/7/2006 09:15:00, 11.3,275.9,  0.7,  3.3, 18.941, 29.07,  0.0,  0.0,  0.215,  12.88,  0.273, 309.94,  0.187, 330.56,  0.212, 305.41,  0.214, 306.66,  0.375, 295.95,  0.241, 284.67,  0.279, 279.70,  0.258, 278.04,  0.264, 274.13,  0.282, 278.36,  0.190, 279.41,  0.202, 273.68,  0.190, 252.52,  0.138, 219.70,  0.257, 196.96,-99.000, -99.00,-99.000, -99.00,-99.000, -99.00,-99.000, -99.00,
9/7/2006 09:20:00, 11.3,275.9,  0.8,  3.2, 18.937, 29.07,  0.0,  0.0,  0.207, 338.76,  0.233, 344.29,  0.085, 339.44,  0.148, 336.55,  0.174, 315.00,  0.208, 324.01,  0.167, 299.79,  0.249, 278.55,  0.310, 281.71,  0.250, 288.15,  0.288, 281.82,  0.269, 274.06,  0.215, 257.91,  0.220, 265.82,  0.171, 251.57,  0.200, 211.94,-99.000, -99.00,-99.000, -99.00,-99.000, -99.00,-99.000, -99.00,
9/7/2006 09:25:00, 11.3,275.9,  0.7,  3.3, 18.938, 29.07,  0.0,  0.0,  0.139, 311.50,  0.089, 300.30,  0.161, 257.43,  0.065, 309.35,  0.178, 294.98,  0.118, 236.04,  0.168, 257.62,  0.134, 271.71,  0.109, 284.29,  0.267, 264.20,  0.229, 256.39,  0.262, 252.26,  0.199, 263.37,  0.317, 277.06,  0.287, 279.82,  0.199, 256.66,-99.000, -99.00,-99.000, -99.00,-99.000, -99.00,-99.000, -99.00,
9/7/2006 09:30:00, 11.3,275.8,  0.7,  3.2, 18.932, 29.08,  0.0,  0.0,  0.215, 320.09,  0.165, 334.06,  0.251, 329.86,  0.131, 291.88,  0.193, 302.70,  0.151, 292.15,  0.137, 257.79,  0.082, 270.70,  0.184, 283.81,  0.248, 271.16,  0.270, 272.33,  0.273, 272.94,  0.242, 256.60,  0.273, 261.37,  0.168, 276.49,  0.159, 233.42,-99.000, -99.00,-99.000, -99.00,-99.000, -99.00,-99.000, -99.00,
9/7/2006 09:35:00, 11.3,275.9,  0.8,  3.2, 18.931, 29.08,  0.0,  0.0,  0.208, 310.51,  0.117, 300.71,  0.142, 326.20,  0.058, 333.43,  0.091, 316.33,  0.098, 289.73,  0.101, 310.17,  0.101, 297.07,  0.245, 263.92,  0.272, 251.57,  0.222, 234.73,  0.215, 249.88,  0.271, 245.14,  0.243, 251.04,  0.221, 276.48,  0.168, 249.08,-99.000, -99.00,-99.000, -99.00,-99.000, -99.00,-99.000, -99.00,
9/7/2006 09:40:00, 11.3,275.9,  0.8,  3.2, 18.921, 29.09,  0.0,  0.0,  0.096, 359.40,  0.134, 325.01,  0.115, 299.01,  0.123, 266.28,  0.152, 270.38,  0.179, 227.04,  0.215, 247.85,  0.249, 256.30,  0.261, 266.26,  0.251, 267.95,  0.317, 263.12,  0.318, 258.02,  0.319, 265.15,  0.247, 257.37,  0.207, 248.51,  0.167, 242.98,-99.000, -99.00,-99.000, -99.00,-99.000, -99.00,-99.000, -99.00,
9/7/2006 09:45:00, 11.3,275.9,  0.8,  3.2, 18.918, 29.09,  0.0,  0.0,  0.129, 285.33,  0.211, 258.26,  0.177, 258.56,  0.193, 268.81,  0.177, 257.61,  0.152, 263.95,  0.185, 264.72,  0.206, 255.69,  0.300, 258.65,  0.267, 261.17,  0.301, 273.62,  0.291, 262.70,  0.321, 270.18,  0.319, 275.59,  0.222, 285.16,  0.181, 235.34,-99.000, -99.00,-99.000, -99.00,-99.000, -99.00,-99.000, -99.00,
9/7/2006 09:50:00, 11.3,275.9,  0.7,  3.3, 18.921, 29.09,  0.0,  0.0,  0.159, 292.54,  0.100, 279.18,  0.035, 283.24,  0.128, 276.74,  0.252, 288.00,  0.173, 267.35,  0.264, 265.22,  0.214, 258.43,  0.236, 271.46,  0.271, 271.48,  0.224, 253.91,  0.217, 264.97,  0.236, 274.62,  0.201, 275.43,  0.186, 286.58,  0.128, 258.25,-99.000, -99.00,-99.000, -99.00,-99.000, -99.00,-99.000, -99.00,
9/7/2006 09:55:00, 11.3,275.9,  0.7,  3.2, 18.919, 29.09,  0.0,  0.0,  0.157, 319.64,  0.185, 294.21,  0.074, 274.64,  0.177, 296.57,  0.237, 300.47,  0.239, 285.02,  0.194, 266.75,  0.262, 264.75,  0.205, 263.84,  0.232, 278.93,  0.185, 269.38,  0.246, 263.71,  0.291, 267.25,  0.178, 274.18,  0.203, 287.19,  0.132, 248.28,-99.000, -99.00,-99.000, -99.00,-99.000, -99.00,-99.000, -99.00,
9/7/2006 10:00:00, 11.3,275.9,  0.7,  3.3, 18.918, 29.09,  0.0,  0.0,  0.078, 302.47,  0.155, 287.27,  0.253, 289.15,  0.126, 278.64,  0.187, 263.25,  0.172, 290.75,  0.220, 260.58,  0.270, 262.35,  0.223, 255.47,  0.301, 262.17,  0.253, 248.20,  0.270, 261.48,  0.215, 283.71,  0.232, 276.94,  0.222, 288.92,  0.153, 255.96,-99.000, -99.00,-99.000, -99.00,-99.000, -99.00,-99.000, -99.00,
9/7/2006 10:05:00, 11.3,275.9,  0.8,  3.2, 18.911, 29.09,  0.0,  0.0,  0.167, 333.28,  0.088, 286.57,  0.145, 298.33,  0.138, 304.96,  0.130, 298.54,  0.145, 291.07,  0.157, 257.83,  0.182, 259.25,  0.210, 280.99,  0.170, 294.61,  0.168, 279.97,  0.220, 270.52,  0.228, 252.36,  0.212, 284.17,  0.201, 295.67,  0.189, 273.03,-99.000, -99.00,-99.000, -99.00,-99.000, -99.00,-99.000, -99.00,
9/7/2006 10:10:00, 11.3,275.9,  0.7,  3.2, 18.898, 29.09,  0.0,  0.0,  0.071, 291.50,  0.103, 304.31,  0.127, 265.50,  0.138, 264.99,  0.211, 273.53,  0.190, 278.77,  0.094, 300.65,  0.237, 276.79,  0.135, 271.70,  0.163, 284.89,  0.269, 268.30,  0.285, 267.19,  0.231, 264.54,  0.249, 281.81,  0.278, 289.35,  0.175, 273.60,-99.000, -99.00,-99.000, -99.00,-99.000, -99.00,-99.000, -99.00,
9/7/2006 10:15:00, 11.3,276.0,  0.8,  3.2, 18.892, 29.10,  0.0,  0.0,  0.075, 353.91,  0.018, 250.56,  0.094, 286.11,  0.091, 260.54,  0.152, 263.58,  0.168, 263.85,  0.206, 253.06,  0.126, 249.55,  0.216, 268.41,  0.204, 260.95,  0.278, 270.00,  0.260, 275.95,  0.264, 273.04,  0.226, 264.67,  0.265, 272.59,  0.177, 252.90,-99.000, -99.00,-99.000, -99.00,-99.000, -99.00,-99.000, -99.00,
9/7/2006 10:20:00, 11.3,276.0,  0.8,  3.2, 18.883, 29.10,  0.0,  0.0,  0.072, 313.88,  0.077, 262.50,  0.090, 225.45,  0.057, 200.67,  0.130, 233.75,  0.139, 239.74,  0.111, 240.90,  0.062, 211.91,  0.186, 291.17,  0.204, 270.28,  0.214, 270.80,  0.226, 264.42,  0.260, 263.81,  0.148, 261.05,  0.151, 285.32,  0.097, 265.87,-99.000, -99.00,-99.000, -99.00,-99.000, -99.00,-99.000, -99.00,
9/7/2006 10:25:00, 11.3,276.0,  0.8,  3.3, 18.871, 29.11,  0.0,  0.0,  0.165, 347.06,  0.066, 333.82,  0.062, 334.26,  0.064, 306.16,  0.061, 341.86,  0.108, 321.75,  0.095, 260.34,  0.175, 260.11,  0.147, 275.09,  0.127, 285.02,  0.179, 284.89,  0.210, 288.87,  0.208, 280.55,  0.176, 260.16,  0.197, 290.56,  0.169, 258.42,-99.000, -99.00,-99.000, -99.00,-99.000, -99.00,-99.000, -99.00,
9/7/2006 10:30:00, 11.3,275.9,  0.7,  3.2, 18.863, 29.11,  0.0,  0.0,  0.196, 286.31,  0.072, 249.81,  0.028, 325.18,  0.161, 311.22,  0.254, 300.31,  0.083, 251.78,  0.074, 257.47,  0.166, 277.98,  0.134, 286.00,  0.158, 282.80,  0.224, 272.56,  0.238, 278.71,  0.272, 302.70,  0.297, 297.08,  0.190, 301.43,  0.114, 270.00,-99.000, -99.00,-99.000, -99.00,-99.000, -99.00,-99.000, -99.00,
9/7/2006 10:35:00, 11.3,275.9,  0.8,  3.2, 18.858, 29.12,  0.0,  0.0,  0.142, 316.42,  0.166, 306.18,  0.213, 325.34,  0.161, 324.83,  0.187, 298.76,  0.180, 324.02,  0.163, 282.41,  0.193, 267.63,  0.149, 270.77,  0.263, 278.75,  0.262, 279.21,  0.287, 279.43,  0.278, 269.59,  0.235, 280.30,  0.209, 295.83,  0.158, 309.85,-99.000, -99.00,-99.000, -99.00,-99.000, -99.00,-99.000, -99.00,
9/7/2006 10:40:00, 11.3,276.0,  0.8,  3.2, 18.857, 29.12,  0.0,  0.0,  0.130, 346.71,  0.160, 338.40,  0.126, 308.87,  0.089, 309.06,  0.136, 300.53,  0.144, 292.10,  0.205, 292.94,  0.132, 293.65,  0.141, 302.56,  0.192, 281.72,  0.155, 289.95,  0.232, 291.48,  0.202, 281.42,  0.199, 279.56,  0.153, 279.40,  0.194, 273.54,-99.000, -99.00,-99.000, -99.00,-99.000, -99.00,-99.000, -99.00,
9/7/2006 10:45:00, 11.3,275.9,  0.8,  3.2, 18.855, 29.12,  0.0,  0.0,  0.104, 331.96,  0.070, 273.27,  0.146, 311.11,  0.168, 299.15,  0.130, 289.27,  0.230, 295.00,  0.185, 282.16,  0.243, 291.71,  0.232, 272.71,  0.125, 290.18,  0.180, 280.56,  0.171, 281.84,  0.234, 282.32,  0.264, 273.47,  0.172, 290.01,  0.174, 262.38,-99.000, -99.00,-99.000, -99.00,-99.000, -99.00,-99.000, -99.00,
9/7/2006 10:50:00, 11.3,275.8,  0.8,  3.2, 18.855, 29.13,  0.0,  0.0,  0.058, 313.60,  0.114, 354.99,  0.138, 302.88,  0.087, 307.53,  0.075, 293.50,  0.126, 270.91,  0.113, 276.12,  0.099, 306.75,  0.161, 266.80,  0.124, 240.54,  0.259, 275.75,  0.285, 264.37,  0.292, 268.23,  0.243, 274.25,  0.203, 283.42,  0.165, 252.77,-99.000, -99.00,-99.000, -99.00,-99.000, -99.00,-99.000, -99.00,
9/7/2006 10:55:00, 11.3,276.0,  0.8,  3.2, 18.839, 29.13,  0.0,  0.0,  0.226, 319.84,  0.187, 306.32,  0.176, 292.77,  0.123, 284.60,  0.250, 305.40,  0.158, 296.73,  0.111, 262.23,  0.133, 248.44,  0.172, 247.46,  0.185, 275.59,  0.196, 276.44,  0.204, 262.67,  0.239, 259.63,  0.220, 263.49,  0.248, 282.58,  0.200, 276.59,-99.000, -99.00,-99.000, -99.00,-99.000, -99.00,-99.000, -99.00,
9/7/2006 11:00:00, 11.3,275.9,  0.8,  3.2, 18.830, 29.14,  0.0,  0.0,  0.138, 286.86,  0.230, 292.22,  0.112, 275.10,  0.094, 313.71,  0.093, 327.67,  0.136, 321.87,  0.158, 277.26,  0.218, 267.90,  0.166, 268.62,  0.179, 256.74,  0.111, 264.29,  0.185, 291.28,  0.193, 263.76,  0.149, 274.60,  0.151, 309.90,  0.169, 304.16,-99.000, -99.00,-99.000, -99.00,-99.000, -99.00,-99.000, -99.00,
9/7/2006 11:05:00, 11.3,275.9,  0.8,  3.2, 18.822, 29.14,  0.0,  0.0,  0.165, 308.61,  0.079, 253.86,  0.081, 281.45,  0.081, 332.80,  0.120, 299.33,  0.127, 263.21,  0.131, 271.75,  0.212, 240.05,  0.240, 257.24,  0.224, 258.69,  0.228, 255.29,  0.098, 257.09,  0.138, 326.20,  0.158, 318.85,  0.190, 317.77,  0.180, 269.36,-99.000, -99.00,-99.000, -99.00,-99.000, -99.00,-99.000, -99.00,
9/7/2006 11:10:00, 11.3,275.9,  0.8,  3.2, 18.814, 29.14,  0.0,  0.0,  0.152, 309.13,  0.052, 289.13,  0.148, 285.73,  0.114, 290.03,  0.113, 291.33,  0.130, 282.86,  0.207, 280.01,  0.233, 284.93,  0.232, 294.46,  0.251, 303.94,  0.185, 290.19,  0.234, 279.82,  0.200, 285.08,  0.125, 295.54,  0.141, 309.55,  0.120, 251.11,-99.000, -99.00,-99.000, -99.00,-99.000, -99.00,-99.000, -99.00,
9/7/2006 11:15:00, 11.3,275.9,  0.7,  3.2, 18.805, 29.15,  0.0,  0.0,  0.118, 310.18,  0.178, 322.74,  0.112, 277.70,  0.104, 268.35,  0.072, 296.57,  0.201, 268.86,  0.135, 281.98,  0.225, 281.56,  0.265, 281.99,  0.236, 272.91,  0.214, 295.73,  0.153, 289.03,  0.216, 287.76,  0.184, 302.57,  0.200, 320.27,  0.121, 296.57,-99.000, -99.00,-99.000, -99.00,-99.000, -99.00,-99.000, -99.00,
9/7/2006 11:20:00, 11.3,275.9,  0.8,  3.2, 18.796, 29.15,  0.0,  0.0,  0.068, 262.35,  0.057, 270.00,  0.085, 285.67,  0.161, 277.88,  0.095, 313.29,  0.187, 310.67,  0.228, 296.90,  0.221, 292.38,  0.098, 296.04,  0.172, 292.98,  0.261, 296.37,  0.216, 296.09,  0.184, 282.90,  0.147, 281.77,  0.140, 315.00,  0.180, 272.54,-99.000, -99.00,-99.000, -99.00,-99.000, -99.00,-99.000, -99.00,
9/7/2006 11:25:00, 11.3,275.9,  0.8,  3.2, 18.777, 29.15,  0.0,  0.0,  0.096, 332.10,  0.021, 115.35,  0.125, 296.15,  0.189, 263.03,  0.116, 275.46,  0.121, 321.71,  0.119, 284.15,  0.143, 278.47,  0.052, 325.10,  0.108, 277.45,  0.138, 265.86,  0.142, 256.94,  0.134, 263.14,  0.118, 270.00,  0.152, 290.82,  0.128, 263.26,-99.000, -99.00,-99.000, -99.00,-99.000, -99.00,-99.000, -99.00,
9/7/2006 11:30:00, 11.3,275.8,  0.7,  3.2, 18.790, 29.15,  0.0,  0.0,  0.065, 305.64,  0.118, 329.95,  0.103, 330.95,  0.116, 293.91,  0.132, 298.89,  0.065, 334.61,  0.103, 297.81,  0.146, 271.96,  0.091, 250.18,  0.153, 269.25,  0.160, 265.33,  0.122, 251.86,  0.144, 268.41,  0.151, 273.41,  0.204, 282.19,  0.173, 254.60,-99.000, -99.00,-99.000, -99.00,-99.000, -99.00,-99.000, -99.00,
9/7/2006 11:35:00, 11.3,275.9,  0.8,  3.2, 18.780, 29.16,  0.0,  0.0,  0.053, 332.95,  0.090,   8.94,  0.030,   3.81,  0.039, 340.64,  0.126, 285.69,  0.077, 334.76,  0.114, 259.88,  0.082, 235.92,  0.073, 304.35,  0.134, 295.22,  0.093, 267.54,  0.228, 261.94,  0.207, 266.41,  0.175, 251.98,  0.128, 255.53,  0.225, 266.69,-99.000, -99.00,-99.000, -99.00,-99.000, -99.00,-99.000, -99.00,
9/7/2006 11:40:00, 11.3,276.0,  0.8,  3.2, 18.775, 29.16,  0.0,  0.0,  0.144,   6.38,  0.107, 337.50,  0.075, 329.69,  0.025, 223.36,  0.104, 264.51,  0.027,  81.57,  0.036, 270.00,  0.127, 337.28,  0.146, 293.40,  0.104, 262.26,  0.070, 280.67,  0.190, 285.57,  0.169, 260.82,  0.159, 276.50,  0.162, 280.34,  0.133, 252.11,-99.000, -99.00,-99.000, -99.00,-99.000, -99.00,-99.000, -99.00,
9/7/2006 11:45:00, 11.3,275.9,  0.8,  3.2, 18.755, 29.17,  0.0,  0.0,  0.103, 337.17,  0.063, 332.62,  0.043,  37.41,  0.051, 353.29,  0.087,  30.40,  0.043, 113.55,  0.112, 245.73,  0.064, 237.80,  0.091, 273.77,  0.059, 296.13,  0.160, 295.92,  0.118, 276.34,  0.146, 283.08,  0.202, 275.68,  0.157, 283.24,  0.189, 253.10,-99.000, -99.00,-99.000, -99.00,-99.000, -99.00,-99.000, -99.00,
9/7/2006 11:50:00, 11.3,276.0,  0.8,  3.2, 18.762, 29.17,  0.0,  0.0,  0.061, 291.10,  0.085, 241.01,  0.021, 255.96,  0.100, 275.14,  0.080, 327.69,  0.141, 289.08,  0.073, 331.33,  0.028, 251.57,  0.165, 259.17,  0.051, 250.50,  0.183, 277.86,  0.177, 281.06,  0.155, 247.24,  0.161, 260.71,  0.172, 293.29,  0.128, 270.90,-99.000, -99.00,-99.000, -99.00,-99.000, -99.00,-99.000, -99.00,
9/7/2006 11:55:00, 11.3,275.9,  0.8,  3.2, 18.748, 29.18,  0.0,  0.0,  0.184, 214.12,  0.072, 196.93,  0.093, 181.85,  0.085, 322.18,  0.102,   4.48,  0.042, 350.31,  0.104, 295.08,  0.046, 321.15,  0.054, 237.20,  0.048, 292.25,  0.090, 307.76,  0.143, 330.75,  0.199, 293.35,  0.223, 286.65,  0.181, 285.34,  0.149, 261.92,-99.000, -99.00,-99.000, -99.00,-99.000, -99.00,-99.000, -99.00,
9/7/2006 12:00:00, 11.3,275.8,  0.8,  3.2, 18.751, 29.17,  0.0,  0.0,  0.169, 241.01,  0.130, 187.51,  0.117, 192.37,  0.115, 143.83,  0.069, 176.68,  0.081, 192.84,  0.020, 210.47,  0.093, 286.28,  0.062, 337.17,  0.064, 316.89,  0.052, 129.52,  0.092, 273.73,  0.166, 274.85,  0.059, 254.32,  0.052, 285.64,  0.158, 232.48,-99.000, -99.00,-99.000, -99.00,-99.000, -99.00,-99.000, -99.00,
9/7/2006 12:05:00, 11.3,275.9,  0.8,  3.2, 18.737, 29.16,  0.0,  0.0,  0.100, 199.89,  0.152, 186.05,  0.063, 188.26,  0.057, 159.33,  0.048, 140.96,  0.031, 232.77,  0.046,  27.12,  0.075, 346.89,  0.098,  10.62,  0.110, 304.99,  0.104, 278.83,  0.110, 338.59,  0.084, 333.13,  0.109, 298.44,  0.073, 330.26,  0.083, 241.28,-99.000, -99.00,-99.000, -99.00,-99.000, -99.00,-99.000, -99.00,
9/7/2006 12:10:00, 11.3,276.0,  0.8,  3.2, 18.731, 29.16,  0.0,  0.0,  0.121, 221.99,  0.142, 203.30,  0.134, 187.28,  0.022, 169.70,  0.129, 246.22,  0.086, 253.04,  0.031, 217.23,  0.066, 224.38,  0.096,  90.60,  0.074,  72.78,  0.078, 330.16,  0.093, 292.71,  0.096, 292.02,  0.055, 289.09,  0.065, 342.12,  0.130, 245.01,-99.000, -99.00,-99.000, -99.00,-99.000, -99.00,-99.000, -99.00,
9/7/2006 12:15:00, 11.3,275.9,  0.8,  3.2, 18.722, 29.15,  0.0,  0.0,  0.101, 273.96,  0.105, 221.13,  0.136, 202.04,  0.049, 252.30,  0.090, 209.43,  0.146, 219.70,  0.117, 186.39,  0.019, 152.10,  0.054, 146.31,  0.080, 134.49,  0.055,   4.16,  0.123, 352.07,  0.021,  35.22,  0.016, 190.62,  0.039,   2.94,  0.184, 261.56,-99.000, -99.00,-99.000, -99.00,-99.000, -99.00,-99.000, -99.00,
9/7/2006 12:20:00, 11.3,276.0,  0.8,  3.2, 18.708, 29.16,  0.0,  0.0,  0.047,  54.61,  0.138, 109.09,  0.081, 141.01,  0.086, 175.35,  0.045, 132.27,  0.111, 182.06,  0.081, 155.03,  0.098, 165.26,  0.024,   0.00,  0.013, 208.61,  0.016, 180.00,  0.053, 225.76,  0.081, 265.06,  0.025, 191.77,  0.062, 248.37,  0.058, 225.00,-99.000, -99.00,-99.000, -99.00,-99.000, -99.00,-99.000, -99.00,
9/7/2006 12:25:00, 11.3,276.0,  0.8,  3.2, 18.705, 29.16,  0.0,  0.0,  0.083, 121.20,  0.108, 173.60,  0.078, 180.73,  0.162, 151.53,  0.022, 239.93,  0.058, 164.05,  0.034,  36.53,  0.126,  96.84,  0.069, 180.83,  0.090, 169.81,  0.060, 151.31,  0.052, 234.46,  0.072, 168.85,  0.095, 209.82,  0.094, 276.14,  0.154, 294.57,-99.000, -99.00,-99.000, -99.00,-99.000, -99.00,-99.000, -99.00,
9/7/2006 12:30:00, 11.3,275.9,  0.8,  3.2, 18.703, 29.16,  0.0,  0.0,  0.125, 139.20,  0.081, 187.13,  0.094, 210.12,  0.084, 237.63,  0.025, 246.50,  0.045, 204.86,  0.031, 148.39,  0.033, 185.19,  0.020, 281.31,  0.007, 278.13,  0.076, 123.69,  0.092,  21.57,  0.037, 270.00,  0.047,  34.70,  0.105, 348.48,  0.148, 276.60,-99.000, -99.00,-99.000, -99.00,-99.000, -99.00,-99.000, -99.00,
9/7/2006 12:35:00, 11.3,275.9,  0.8,  3.2, 18.696, 29.16,  0.0,  0.0,  0.102, 144.14,  0.082, 165.96,  0.183, 154.42,  0.145, 169.70,  0.153, 164.88,  0.135, 192.39,  0.043, 177.34,  0.078, 174.14,  0.128, 142.95,  0.092, 168.69,  0.036, 265.24,  0.002, 206.57,  0.060,   5.71,  0.034,  36.53,  0.046, 172.57,  0.095, 225.86,-99.000, -99.00,-99.000, -99.00,-99.000, -99.00,-99.000, -99.00,
9/7/2006 12:40:00, 11.3,276.0,  0.8,  3.2, 18.700, 29.17,  0.0,  0.0,  0.070, 115.46,  0.070, 114.38,  0.071, 166.16,  0.079, 159.95,  0.131, 181.75,  0.022,  15.95,  0.131, 150.69,  0.127, 164.43,  0.124, 170.69,  0.070, 166.76,  0.015, 340.35,  0.050, 129.37,  0.046, 288.82,  0.122, 288.58,  0.058,   3.95,  0.072, 245.22,-99.000, -99.00,-99.000, -99.00,-99.000, -99.00,-99.000, -99.00,
9/7/2006 12:45:00, 11.3,275.9,  0.8,  3.2, 18.696, 29.17,  0.0,  0.0,  0.117, 117.44,  0.007, 164.05,  0.075, 183.81,  0.124, 122.79,  0.116, 170.05,  0.096, 164.22,  0.112, 136.45,  0.065, 162.12,  0.035, 126.87,  0.085,  95.38,  0.022, 129.47,  0.062, 248.37,  0.031, 200.77,  0.066, 269.13,  0.133, 260.47,  0.135, 205.43,-99.000, -99.00,-99.000, -99.00,-99.000, -99.00,-99.000, -99.00,
9/7/2006 12:50:00, 11.3,275.9,  0.8,  3.2, 18.693, 29.17,  0.0,  0.0,  0.100, 140.27,  0.046, 122.66,  0.101, 133.00,  0.144, 134.15,  0.138, 161.43,  0.022, 153.43,  0.082, 206.88,  0.027, 145.71,  0.132, 140.53,  0.127, 117.78,  0.074, 135.55,  0.059, 116.13,  0.047,  77.74,  0.032, 291.80,  0.015, 187.59,  0.095, 200.91,-99.000, -99.00,-99.000, -99.00,-99.000, -99.00,-99.000, -99.00,
9/7/2006 12:55:00, 11.3,275.9,  0.8,  3.2, 18.687, 29.18,  0.0,  0.0,  0.113,  93.04,  0.144, 115.50,  0.161, 145.12,  0.171,  92.34,  0.113, 105.39,  0.095, 182.41,  0.054, 127.50,  0.089, 162.38,  0.135, 140.41,  0.104, 140.48,  0.065, 100.62,  0.115, 103.07,  0.043, 276.63,  0.048,  41.63,  0.060, 121.29,  0.130, 279.75,-99.000, -99.00,-99.000, -99.00,-99.000, -99.00,-99.000, -99.00,
9/7/2006 13:00:00, 11.3,276.0,  0.8,  3.2, 18.677, 29.18,  0.0,  0.0,  0.057,  92.01,  0.062, 169.78,  0.121, 160.67,  0.086, 133.12,  0.108, 192.88,  0.171, 172.96,  0.103, 165.43,  0.066, 164.05,  0.110, 161.40,  0.137, 133.82,  0.077, 128.66,  0.101, 194.86,  0.082, 108.43,  0.024,  87.61,  0.019, 332.10,  0.141, 216.95,-99.000, -99.00,-99.000, -99.00,-99.000, -99.00,-99.000, -99.00,
9/7/2006 13:05:00, 11.3,276.1,  0.8,  3.2, 18.673, 29.18,  0.0,  0.0,  0.215, 106.75,  0.161, 117.04,  0.131, 139.64,  0.163, 105.99,  0.027, 336.25,  0.071, 160.29,  0.034, 112.75,  0.061, 150.49,  0.066, 167.66,  0.101, 121.64,  0.018,  73.61,  0.050,  49.90,  0.059,  69.10,  0.034,  36.53,  0.029, 324.69,  0.166, 292.70,-99.000, -99.00,-99.000, -99.00,-99.000, -99.00,-99.000, -99.00,
9/7/2006 13:10:00, 11.3,276.1,  0.8,  3.2, 18.660, 29.19,  0.0,  0.0,  0.059, 136.36,  0.135,  86.61,  0.157, 131.12,  0.139, 120.26,  0.124, 135.33,  0.066, 213.93,  0.059, 150.38,  0.110, 189.98,  0.174, 153.73,  0.112, 152.29,  0.059, 101.69,  0.064, 133.11,  0.029,  90.00,  0.075, 333.09,  0.052,  68.40,  0.112, 241.14,-99.000, -99.00,-99.000, -99.00,-99.000, -99.00,-99.000, -99.00,
9/7/2006 13:15:00, 11.3,276.0,  0.8,  3.2, 18.659, 29.19,  0.0,  0.0,  0.159, 114.15,  0.188,  93.65,  0.177, 115.41,  0.168, 118.39,  0.161, 137.51,  0.144, 119.94,  0.079, 123.69,  0.107, 130.83,  0.212, 143.62,  0.191, 171.87,  0.098, 119.96,  0.123,  74.50,  0.100,  26.05,  0.107, 330.79,  0.056, 345.47,  0.125, 219.81,-99.000, -99.00,-99.000, -99.00,-99.000, -99.00,-99.000, -99.00,
9/7/2006 13:20:00, 11.3,276.0,  0.8,  3.2, 18.659, 29.19,  0.0,  0.0,  0.105, 111.19,  0.202, 111.75,  0.206, 108.35,  0.166, 137.68,  0.140, 154.17,  0.066, 115.02,  0.090,  96.41,  0.135, 189.39,  0.140, 152.34,  0.091, 131.01,  0.054, 123.69,  0.064, 114.15,  0.102, 101.31,  0.090,  76.58,  0.037,  45.00,  0.120, 264.72,-99.000, -99.00,-99.000, -99.00,-99.000, -99.00,-99.000, -99.00,
9/7/2006 13:25:00, 11.3,276.0,  0.8,  3.2, 18.657, 29.20,  0.0,  0.0,  0.186,  97.09,  0.105, 143.89,  0.128, 170.98,  0.109, 139.46,  0.100, 168.47,  0.147, 181.17,  0.119, 143.90,  0.115, 121.48,  0.043, 127.41,  0.107, 107.93,  0.212, 103.64,  0.122, 140.97,  0.141, 154.34,  0.031, 157.52,  0.023, 342.35,  0.120, 209.98,-99.000, -99.00,-99.000, -99.00,-99.000, -99.00,-99.000, -99.00,
9/7/2006 13:30:00, 11.3,275.9,  0.8,  3.2, 18.652, 29.20,  0.0,  0.0,  0.199, 123.29,  0.116, 144.12,  0.195, 117.09,  0.075, 181.53,  0.189, 151.95,  0.162, 130.75,  0.190, 150.33,  0.145, 135.84,  0.165, 130.34,  0.096, 144.32,  0.109, 159.57,  0.063, 161.57,  0.089, 155.45,  0.049,  70.82,  0.051,   5.60,  0.090, 246.55,-99.000, -99.00,-99.000, -99.00,-99.000, -99.00,-99.000, -99.00,
9/7/2006 13:35:00, 11.3,275.9,  0.8,  3.2, 18.643, 29.20,  0.0,  0.0,  0.128,  85.53,  0.186, 125.14,  0.253, 120.61,  0.303, 122.07,  0.162, 140.51,  0.166, 126.94,  0.178, 127.26,  0.151, 142.52,  0.247, 126.78,  0.256, 119.27,  0.102, 126.19,  0.075, 118.61,  0.028, 137.86,  0.020, 191.31,  0.021,  39.09,  0.057, 188.13,-99.000, -99.00,-99.000, -99.00,-99.000, -99.00,-99.000, -99.00,
9/7/2006 13:40:00, 11.3,275.9,  0.8,  3.2, 18.641, 29.21,  0.0,  0.0,  0.155, 127.68,  0.270, 133.05,  0.200, 127.50,  0.219, 150.74,  0.222, 128.42,  0.173, 123.69,  0.170, 129.76,  0.061, 101.31,  0.155,  90.00,  0.098, 101.20,  0.104, 135.39,  0.068, 109.77,  0.028, 338.96,  0.009, 251.57,  0.028,  39.29,  0.199, 281.31,-99.000, -99.00,-99.000, -99.00,-99.000, -99.00,-99.000, -99.00,
9/7/2006 13:45:00, 11.3,276.0,  0.8,  3.2, 18.641, 29.21,  0.0,  0.0,  0.173, 132.43,  0.187, 127.61,  0.232, 127.46,  0.184,  79.06,  0.191, 118.44,  0.218, 123.03,  0.156,  99.58,  0.178,  97.09,  0.146, 104.70,  0.152, 114.88,  0.017, 353.29,  0.045, 132.27,  0.049, 253.41,  0.046,   2.49,  0.148, 322.13,  0.077, 260.29,-99.000, -99.00,-99.000, -99.00,-99.000, -99.00,-99.000, -99.00,
9/7/2006 13:50:00, 11.3,276.0,  0.8,  3.2, 18.637, 29.22,  0.0,  0.0,  0.110,  69.75,  0.155,  97.03,  0.257, 108.58,  0.285,  88.59,  0.266,  95.82,  0.181,  97.64,  0.132, 120.07,  0.101, 126.53,  0.142, 112.77,  0.087, 161.98,  0.074, 134.45,  0.027, 160.20,  0.046, 187.43,  0.044, 189.25,  0.085, 291.43,  0.120, 252.02,-99.000, -99.00,-99.000, -99.00,-99.000, -99.00,-99.000, -99.00,
9/7/2006 13:55:00, 11.3,275.9,  0.8,  3.2, 18.638, 29.23,  0.0,  0.0,  0.098,  60.55,  0.194, 107.12,  0.191, 107.01,  0.226, 111.80,  0.114, 133.22,  0.095, 114.15,  0.023, 109.98,  0.110, 121.68,  0.109, 138.72,  0.100, 193.34,  0.093, 273.69,  0.098, 222.94,  0.128, 204.56,  0.091, 249.37,  0.033, 217.57,  0.185, 235.11,-99.000, -99.00,-99.000, -99.00,-99.000, -99.00,-99.000, -99.00,
9/7/2006 14:00:00, 11.3,276.0,  0.8,  3.2, 18.628, 29.24,  0.0,  0.0,  0.187, 101.73,  0.069, 138.50,  0.111, 127.28,  0.101, 166.24,  0.140, 122.78,  0.145, 105.19,  0.117, 151.90,  0.095, 101.55,  0.026, 180.00,  0.078,  50.19,  0.045,  44.09,  0.017, 100.01,  0.028, 347.47,  0.123, 305.11,  0.137, 291.34,  0.168, 247.56,-99.000, -99.00,-99.000, -99.00,-99.000, -99.00,-99.000, -99.00,
9/7/2006 14:05:00, 11.3,275.9,  0.8,  3.2, 18.636, 29.24,  0.0,  0.0,  0.061,  90.00,  0.117, 126.67,  0.088, 109.26,  0.088, 117.15,  0.086, 129.81,  0.185, 135.00,  0.046,  83.80,  0.085,  64.94,  0.070, 143.13,  0.078, 127.16,  0.080, 167.70,  0.094, 172.04,  0.059, 253.11,  0.057, 253.78,  0.051, 300.58,  0.125, 258.96,-99.000, -99.00,-99.000, -99.00,-99.000, -99.00,-99.000, -99.00,
9/7/2006 14:10:00, 11.3,275.9,  0.8,  3.2, 18.633, 29.25,  0.0,  0.0,  0.074,  26.57,  0.068, 137.39,  0.104, 165.56,  0.120, 169.91,  0.072, 181.59,  0.093, 232.88,  0.039, 160.64,  0.098, 194.18,  0.028, 106.50,  0.127, 258.69,  0.040, 264.29,  0.092, 208.51,  0.078, 221.88,  0.082, 233.97,  0.115, 257.91,  0.179, 217.96,-99.000, -99.00,-99.000, -99.00,-99.000, -99.00,-99.000, -99.00,
9/7/2006 14:15:00, 11.3,276.0,  0.8,  3.2, 18.628, 29.25,  0.0,  0.0,  0.045, 305.10,  0.142, 310.43,  0.109, 192.76,  0.063, 198.43,  0.029, 167.91,  0.005,  90.00,  0.092, 205.73,  0.091, 258.57,  0.075, 215.80,  0.054, 220.49,  0.057, 270.00,  0.055, 323.13,  0.044, 284.35,  0.058, 300.11,  0.023, 311.42,  0.202, 235.29,-99.000, -99.00,-99.000, -99.00,-99.000, -99.00,-99.000, -99.00,
9/7/2006 14:20:00, 11.3,275.9,  0.8,  3.2, 18.631, 29.25,  0.0,  0.0,  0.044, 352.23,  0.051,   5.60,  0.006, 231.34,  0.037, 304.99,  0.059, 196.89,  0.016, 169.38,  0.052, 228.09,  0.050, 296.05,  0.112, 189.80,  0.115, 219.36,  0.054, 245.82,  0.122, 268.12,  0.025, 228.18,  0.054, 330.12,  0.086, 263.29,  0.176, 243.00,-99.000, -99.00,-99.000, -99.00,-99.000, -99.00,-99.000, -99.00,
9/7/2006 14:25:00, 11.3,275.9,  0.8,  3.2, 18.630, 29.24,  0.0,  0.0,  0.139, 320.83,  0.172, 339.99,  0.148, 334.47,  0.064, 358.21,  0.027,  68.20,  0.017,   0.00,  0.026,   0.00,  0.118, 340.64,  0.065, 354.73,  0.066, 335.77,  0.075, 325.89,  0.066, 352.12,  0.020,   5.71,  0.112, 355.41,  0.084, 351.10,  0.121, 300.80,-99.000, -99.00,-99.000, -99.00,-99.000, -99.00,-99.000, -99.00,
9/7/2006 14:30:00, 11.3,276.0,  0.8,  3.2, 18.629, 29.24,  0.0,  0.0,  0.128, 310.89,  0.111, 332.74,  0.121, 319.71,  0.138, 313.53,  0.074, 353.83,  0.114, 343.16,  0.093,   9.26,  0.103,   0.00,  0.014, 210.26,  0.068, 313.81,  0.092, 284.49,  0.065, 250.17,  0.094, 309.42,  0.146, 310.01,  0.106, 341.22,  0.158, 279.46,-99.000, -99.00,-99.000, -99.00,-99.000, -99.00,-99.000, -99.00,
9/7/2006 14:35:00, 11.3,276.0,  0.8,  3.2, 18.632, 29.23,  0.0,  0.0,  0.237,  23.10,  0.160, 357.49,  0.203, 340.76,  0.198, 348.07,  0.133,  19.80,  0.174,   0.00,  0.076,  23.20,  0.128,  14.04,  0.072,  23.72,  0.032, 268.21,  0.029,  14.04,  0.030, 325.78,  0.064, 327.05,  0.136, 330.99,  0.110, 345.84,  0.179, 280.93,-99.000, -99.00,-99.000, -99.00,-99.000, -99.00,-99.000, -99.00,
9/7/2006 14:40:00, 11.3,275.9,  0.8,  3.2, 18.627, 29.23,  0.0,  0.0,  0.234,  15.64,  0.188,   2.74,  0.190,   1.81,  0.102,  19.50,  0.222,  10.40,  0.165, 334.21,  0.071, 307.03,  0.059,   3.88,  0.035, 325.41,  0.075, 319.32,  0.082, 348.00,  0.053, 326.61,  0.056, 346.46,  0.097, 354.70,  0.088, 352.79,  0.131, 296.76,-99.000, -99.00,-99.000, -99.00,-99.000, -99.00,-99.000, -99.00,
9/7/2006 14:45:00, 11.3,276.0,  0.8,  3.2, 18.631, 29.23,  0.0,  0.0,  0.187,   0.00,  0.214, 353.57,  0.163, 357.19,  0.156, 341.68,  0.234, 350.42,  0.150,   0.00,  0.146,   3.92,  0.151, 314.19,  0.153, 332.43,  0.090, 332.30,  0.146, 358.43,  0.053,  25.60,  0.030, 331.70,  0.086, 301.65,  0.164, 319.21,  0.060, 306.87,-99.000, -99.00,-99.000, -99.00,-99.000, -99.00,-99.000, -99.00,
9/7/2006 14:50:00, 11.3,276.0,  0.8,  3.2, 18.626, 29.23,  0.0,  0.0,  0.191,   3.89,  0.112,   7.70,  0.152, 323.58,  0.180,   6.06,  0.192, 354.32,  0.167, 337.43,  0.070,   0.00,  0.152, 340.02,  0.160, 310.17,  0.166, 339.16,  0.130, 334.42,  0.151, 298.43,  0.101, 279.65,  0.091, 319.47,  0.110, 326.16,  0.155, 286.45,-99.000, -99.00,-99.000, -99.00,-99.000, -99.00,-99.000, -99.00,
9/7/2006 14:55:00, 11.3,276.0,  0.8,  3.2, 18.623, 29.23,  0.0,  0.0,  0.165, 325.63,  0.093, 355.70,  0.291, 327.35,  0.137, 358.33,  0.205, 314.60,  0.084, 338.33,  0.196, 315.21,  0.056, 351.72,  0.110, 310.94,  0.168, 344.15,  0.110, 338.10,  0.113, 316.43,  0.155, 306.35,  0.193, 302.70,  0.125, 305.22,  0.096, 259.16,-99.000, -99.00,-99.000, -99.00,-99.000, -99.00,-99.000, -99.00,
9/7/2006 15:00:00, 11.3,276.0,  0.8,  3.2, 18.625, 29.23,  0.0,  0.0,  0.209, 342.17,  0.226, 341.73,  0.154, 356.66,  0.187, 356.94,  0.184, 320.07,  0.119,   0.00,  0.169,  38.98,  0.118, 356.12,  0.104, 356.70,  0.146, 343.30,  0.092,   8.75,  0.092, 301.28,  0.140, 289.60,  0.162, 337.54,  0.129, 336.80,  0.167, 277.55,-99.000, -99.00,-99.000, -99.00,-99.000, -99.00,-99.000, -99.00,
9/7/2006 15:05:00, 11.3,275.9,  0.8,  3.2, 18.627, 29.23,  0.0,  0.0,  0.168,   3.41,  0.201, 356.87,  0.168, 335.42,  0.179, 335.29,  0.213, 327.05,  0.152, 325.47,  0.179, 344.41,  0.170, 341.46,  0.171,   4.71,  0.188, 329.35,  0.152, 343.12,  0.155, 319.44,  0.164, 324.67,  0.146, 315.83,  0.089, 352.87,  0.109, 295.62,-99.000, -99.00,-99.000, -99.00,-99.000, -99.00,-99.000, -99.00,
9/7/2006 15:10:00, 11.3,276.0,  0.8,  3.2, 18.632, 29.23,  0.0,  0.0,  0.257, 350.83,  0.196,   2.05,  0.176, 338.68,  0.259, 320.79,  0.120, 337.49,  0.125, 325.42,  0.209, 313.25,  0.161, 326.41,  0.136, 311.42,  0.081, 335.03,  0.124, 316.30,  0.103, 347.71,  0.093, 314.13,  0.121, 319.71,  0.080, 355.00,  0.115, 303.69,-99.000, -99.00,-99.000, -99.00,-99.000, -99.00,-99.000, -99.00,
9/7/2006 15:15:00, 11.3,275.9,  0.8,  3.2, 18.639, 29.23,  0.0,  0.0,  0.190, 344.43,  0.158, 353.10,  0.206, 344.82,  0.123, 359.07,  0.170, 328.92,  0.131, 302.84,  0.095, 278.47,  0.103, 287.55,  0.148, 339.49,  0.132, 343.22,  0.087, 323.92,  0.162, 305.95,  0.126, 334.05,  0.190, 326.81,  0.181, 321.74,  0.052, 301.53,-99.000, -99.00,-99.000, -99.00,-99.000, -99.00,-99.000, -99.00,
9/7/2006 15:20:00, 11.3,275.9,  0.8,  3.2, 18.641, 29.23,  0.0,  0.0,  0.200,  13.27,  0.105, 337.59,  0.118, 307.45,  0.113, 346.21,  0.162, 314.25,  0.145, 351.25,  0.184,  22.67,  0.230, 336.11,  0.190, 332.76,  0.091, 353.03,  0.088, 312.71,  0.093, 279.87,  0.189, 305.54,  0.159, 320.89,  0.167, 333.74,  0.074, 327.17,-99.000, -99.00,-99.000, -99.00,-99.000, -99.00,-99.000, -99.00,
9/7/2006 15:25:00, 11.3,275.8,  0.8,  3.2, 18.663, 29.23,  0.0,  0.0,  0.212,  15.35,  0.193,   1.48,  0.209, 341.05,  0.143, 353.97,  0.158, 345.70,  0.203, 334.95,  0.163, 334.22,  0.173, 311.96,  0.160, 316.01,  0.162, 276.03,  0.158, 306.51,  0.142, 329.11,  0.141, 325.07,  0.116,   4.44,  0.091, 349.19,  0.078, 294.26,-99.000, -99.00,-99.000, -99.00,-99.000, -99.00,-99.000, -99.00,
9/7/2006 15:30:00, 11.3,275.9,  0.8,  3.2, 18.662, 29.23,  0.0,  0.0,  0.187, 359.69,  0.160, 334.08,  0.172,   2.00,  0.141, 349.80,  0.192, 347.99,  0.129, 357.78,  0.136, 333.81,  0.149, 318.27,  0.175, 327.13,  0.117, 342.03,  0.148, 310.35,  0.112, 327.02,  0.062,   0.00,  0.124,   9.77,  0.169,  20.48,  0.061, 287.24,-99.000, -99.00,-99.000, -99.00,-99.000, -99.00,-99.000, -99.00,
9/7/2006 15:35:00, 11.3,275.9,  0.8,  3.2, 18.669, 29.24,  0.0,  0.0,  0.249, 350.05,  0.081,  24.97,  0.112, 333.43,  0.147, 337.62,  0.213, 351.07,  0.111, 350.11,  0.211, 327.22,  0.181, 310.74,  0.120, 312.63,  0.016, 333.43,  0.104, 357.25,  0.160, 327.01,  0.175, 329.77,  0.126, 357.73,  0.134, 355.31,  0.129, 293.20,-99.000, -99.00,-99.000, -99.00,-99.000, -99.00,-99.000, -99.00,
9/7/2006 15:40:00, 11.3,275.9,  0.8,  3.2, 18.673, 29.24,  0.0,  0.0,  0.019,   0.00,  0.067,   2.56,  0.177, 332.42,  0.218, 344.81,  0.185, 349.11,  0.099, 358.26,  0.206, 319.34,  0.172, 343.14,  0.097, 335.02,  0.122, 323.32,  0.103, 316.97,  0.126, 313.71,  0.111, 326.02,  0.124, 358.61,  0.139, 348.77,  0.092, 287.06,-99.000, -99.00,-99.000, -99.00,-99.000, -99.00,-99.000, -99.00,
9/7/2006 15:45:00, 11.3,275.9,  0.8,  3.2, 18.679, 29.25,  0.0,  0.0,  0.057,  40.71,  0.130,  25.97,  0.191, 334.64,  0.142,  10.99,  0.159, 354.58,  0.155, 321.80,  0.176, 279.84,  0.161, 291.93,  0.107, 308.58,  0.107, 321.84,  0.117,  42.57,  0.100, 312.97,  0.177, 340.13,  0.133, 345.23,  0.131, 350.75,  0.205, 281.26,-99.000, -99.00,-99.000, -99.00,-99.000, -99.00,-99.000, -99.00,
9/7/2006 15:50:00, 11.3,275.9,  0.8,  3.2, 18.687, 29.25,  0.0,  0.0,  0.108, 355.76,  0.125,   2.75,  0.133, 330.15,  0.214, 330.69,  0.154, 348.03,  0.112, 308.82,  0.083, 339.61,  0.138, 331.39,  0.051, 333.43,  0.150, 331.39,  0.094, 350.24,  0.094, 323.25,  0.097, 330.26,  0.093, 338.65,  0.083, 295.64,  0.072, 295.50,-99.000, -99.00,-99.000, -99.00,-99.000, -99.00,-99.000, -99.00,
9/7/2006 15:55:00, 11.3,275.8,  0.8,  3.2, 18.699, 29.26,  0.0,  0.0,  0.185, 336.07,  0.126, 347.18,  0.164, 311.28,  0.092, 356.89,  0.102, 347.59,  0.094, 359.39,  0.125, 300.26,  0.115, 311.84,  0.135, 330.78,  0.110, 313.89,  0.158, 308.83,  0.076, 358.49,  0.183, 310.13,  0.189, 328.41,  0.122, 349.61,  0.031, 289.03,-99.000, -99.00,-99.000, -99.00,-99.000, -99.00,-99.000, -99.00,
9/7/2006 16:00:00, 11.3,275.9,  0.8,  3.2, 18.699, 29.26,  0.0,  0.0,  0.117, 343.58,  0.066, 347.85,  0.147, 345.02,  0.152, 334.62,  0.160, 342.13,  0.115, 333.66,  0.141, 327.78,  0.097, 358.23,  0.061, 280.39,  0.100, 333.18,  0.095, 350.93,  0.069, 318.50,  0.128, 311.52,  0.080, 347.70,  0.077, 342.51,  0.075, 190.71,-99.000, -99.00,-99.000, -99.00,-99.000, -99.00,-99.000, -99.00,
9/7/2006 16:05:00, 11.3,276.0,  0.8,  3.2, 18.703, 29.26,  0.0,  0.0,  0.071,   0.00,  0.112,  54.46,  0.093, 356.31,  0.125, 330.37,  0.112, 334.12,  0.103, 332.94,  0.120, 328.30,  0.147, 353.75,  0.095, 352.72,  0.147, 321.34,  0.100, 338.84,  0.059, 348.31,  0.067,  20.85,  0.092, 323.88,  0.041, 318.95,  0.099, 258.92,-99.000, -99.00,-99.000, -99.00,-99.000, -99.00,-99.000, -99.00,
9/7/2006 16:10:00, 11.3,275.9,  0.8,  3.2, 18.707, 29.27,  0.0,  0.0,  0.160,   4.29,  0.144,   1.19,  0.064, 326.56,  0.126, 355.91,  0.103, 326.93,  0.101, 325.52,  0.106,  23.41,  0.091, 318.11,  0.097, 314.58,  0.093, 311.94,  0.136, 314.40,  0.108, 301.33,  0.090, 331.44,  0.117, 332.56,  0.083, 334.36,  0.036, 277.91,-99.000, -99.00,-99.000, -99.00,-99.000, -99.00,-99.000, -99.00,
9/7/2006 16:15:00, 11.3,275.9,  0.8,  3.2, 18.715, 29.27,  0.0,  0.0,  0.089, 335.45,  0.080, 303.29,  0.183, 332.04,  0.098, 359.42,  0.154, 355.91,  0.138, 340.12,  0.186, 332.05,  0.152, 346.69,  0.141, 317.01,  0.079,  17.74,  0.102, 336.21,  0.080, 337.27,  0.140, 293.63,  0.083, 293.47,  0.032, 326.31,  0.028, 332.53,-99.000, -99.00,-99.000, -99.00,-99.000, -99.00,-99.000, -99.00,
9/7/2006 16:20:00, 11.3,275.8,  0.8,  3.2, 18.723, 29.27,  0.0,  0.0,  0.115,   1.00,  0.051, 287.02,  0.105,  21.70,  0.106, 307.73,  0.036, 352.09,  0.108, 346.09,  0.118, 351.73,  0.113, 308.90,  0.075, 308.54,  0.150, 312.30,  0.143, 322.41,  0.131, 343.64,  0.091, 292.62,  0.102, 295.56,  0.100, 296.05,  0.097, 213.69,-99.000, -99.00,-99.000, -99.00,-99.000, -99.00,-99.000, -99.00,
9/7/2006 16:25:00, 11.3,275.9,  0.8,  3.2, 18.731, 29.27,  0.0,  0.0,  0.107, 354.66,  0.100,  25.54,  0.099,   5.19,  0.101, 313.00,  0.044, 354.81,  0.069, 316.77,  0.072, 342.32,  0.131, 314.69,  0.100, 286.81,  0.120, 347.94,  0.206, 329.94,  0.219, 329.80,  0.254, 315.80,  0.142, 322.73,  0.148, 338.63,  0.121, 319.04,-99.000, -99.00,-99.000, -99.00,-99.000, -99.00,-99.000, -99.00,
9/7/2006 16:30:00, 11.3,275.9,  0.8,  3.2, 18.740, 29.27,  0.0,  0.0,  0.084, 326.12,  0.104, 324.01,  0.132, 299.10,  0.119, 272.89,  0.103, 348.25,  0.031, 333.43,  0.032,  93.58,  0.063, 325.30,  0.075, 335.49,  0.090, 341.16,  0.043, 347.91,  0.014,   0.00,  0.117, 317.43,  0.061, 338.90,  0.038,  12.20,  0.096, 257.99,-99.000, -99.00,-99.000, -99.00,-99.000, -99.00,-99.000, -99.00,
9/7/2006 16:35:00, 11.3,275.8,  0.8,  3.2, 18.747, 29.27,  0.0,  0.0,  0.044, 270.00,  0.085, 327.06,  0.142,   0.81,  0.216,   2.92,  0.108, 357.35,  0.060, 301.29,  0.089, 294.55,  0.084, 355.91,  0.097, 317.09,  0.038, 352.50,  0.145, 299.21,  0.162, 348.97,  0.122, 306.68,  0.110, 317.20,  0.132, 341.43,  0.094, 257.74,-99.000, -99.00,-99.000, -99.00,-99.000, -99.00,-99.000, -99.00,
9/7/2006 16:40:00, 11.3,275.9,  0.8,  3.2, 18.752, 29.27,  0.0,  0.0,  0.088, 312.71,  0.035, 358.36,  0.132, 330.52,  0.032,  61.82,  0.060, 330.85,  0.022,  46.85,  0.071, 311.57,  0.053, 221.19,  0.108, 256.61,  0.080,   7.21,  0.079, 359.27,  0.100, 308.93,  0.095, 310.73,  0.102, 321.78,  0.072,   2.39,  0.072, 161.31,-99.000, -99.00,-99.000, -99.00,-99.000, -99.00,-99.000, -99.00,
9/7/2006 16:45:00, 11.3,275.9,  0.8,  3.2, 18.764, 29.27,  0.0,  0.0,  0.153, 329.42,  0.117,  19.52,  0.026, 322.70,  0.080, 353.50,  0.061, 358.12,  0.093, 333.16,  0.072, 292.99,  0.109, 289.94,  0.138, 304.04,  0.101, 332.93,  0.122, 350.07,  0.090, 308.66,  0.059,  38.81,  0.119, 338.38,  0.051,  10.20,  0.062, 209.86,-99.000, -99.00,-99.000, -99.00,-99.000, -99.00,-99.000, -99.00,
9/7/2006 16:50:00, 11.3,275.9,  0.8,  3.2, 18.770, 29.27,  0.0,  0.0,  0.091,  57.53,  0.061, 146.31,  0.037, 268.45,  0.032, 347.28,  0.035, 190.01,  0.006, 141.34,  0.062, 357.23,  0.017,  57.26,  0.025,  71.57,  0.096, 300.56,  0.126, 305.96,  0.105,  36.11,  0.129,  76.50,  0.227,  90.50,  0.228,  50.16,  0.204,  24.30,-99.000, -99.00,-99.000, -99.00,-99.000, -99.00,-99.000, -99.00,
9/7/2006 16:55:00, 11.3,275.9,  0.8,  3.2, 18.780, 29.27,  0.0,  0.0,  0.099, 253.02,  0.065, 352.00,  0.094, 347.74,  0.075,   6.09,  0.109, 340.73,  0.061, 354.38,  0.041, 325.92,  0.179, 338.32,  0.093, 341.18,  0.095,  24.94,  0.068, 327.01,  0.044,  72.80,  0.081, 311.99,  0.054, 338.20,  0.098, 351.79,  0.080, 224.49,-99.000, -99.00,-99.000, -99.00,-99.000, -99.00,-99.000, -99.00,
9/7/2006 17:00:00, 11.3,275.9,  0.8,  3.2, 18.784, 29.27,  0.0,  0.0,  0.149,  14.78,  0.064,  14.47,  0.115, 334.77,  0.105,  10.99,  0.080,  49.55,  0.047, 340.02,  0.117, 318.12,  0.062,  48.29,  0.047, 331.78,  0.108, 337.01,  0.120,  11.03,  0.151,   6.47,  0.148,  17.33,  0.242,  10.94,  0.187,  23.68,  0.102,  39.45,-99.000, -99.00,-99.000, -99.00,-99.000, -99.00,-99.000, -99.00,
9/7/2006 17:05:00, 11.3,275.9,  0.8,  3.2, 18.804, 29.26,  0.0,  0.0,  0.149, 333.78,  0.091, 286.03,  0.142, 349.01,  0.063,  10.06,  0.127, 329.81,  0.059, 277.85,  0.055, 323.13,  0.101, 324.26,  0.084, 344.15,  0.087, 321.03,  0.040, 205.28,  0.070, 268.36,  0.078, 319.16,  0.068, 334.57,  0.060,   0.00,  0.036, 202.99,-99.000, -99.00,-99.000, -99.00,-99.000, -99.00,-99.000, -99.00,
9/7/2006 17:10:00, 11.3,275.8,  0.8,  3.2, 18.810, 29.26,  0.0,  0.0,  0.066, 313.15,  0.085, 321.65,  0.104, 305.99,  0.086, 317.82,  0.079, 306.29,  0.053, 326.61,  0.036,   0.00,  0.046,   3.73,  0.107, 320.33,  0.131,  18.30,  0.068, 350.68,  0.128, 310.89,  0.072, 340.56,  0.064,  22.14,  0.038,   1.51,  0.092, 273.11,-99.000, -99.00,-99.000, -99.00,-99.000, -99.00,-99.000, -99.00,
9/7/2006 17:15:00, 11.3,275.8,  0.8,  3.2, 18.826, 29.26,  0.0,  0.0,  0.149, 302.41,  0.110, 294.23,  0.095, 334.51,  0.037,  43.92,  0.045, 325.95,  0.038, 298.61,  0.136, 321.87,  0.135, 311.11,  0.109, 349.41,  0.170, 306.87,  0.111, 351.72,  0.082, 289.32,  0.029, 128.05,  0.015,  47.73,  0.112, 324.46,  0.083, 280.37,-99.000, -99.00,-99.000, -99.00,-99.000, -99.00,-99.000, -99.00,
9/7/2006 17:20:00, 11.3,275.8,  0.8,  3.2, 18.831, 29.26,  0.0,  0.0,  0.085, 315.00,  0.132, 286.78,  0.109,  14.29,  0.039,  39.81,  0.049, 351.87,  0.172, 321.60,  0.056,  27.47,  0.119, 334.52,  0.033,  41.35,  0.169, 350.09,  0.120, 323.80,  0.088, 340.13,  0.077, 350.29,  0.063, 298.61,  0.049, 351.87,  0.120, 246.43,-99.000, -99.00,-99.000, -99.00,-99.000, -99.00,-99.000, -99.00,
9/7/2006 17:25:00, 11.3,275.8,  0.8,  3.2, 18.835, 29.26,  0.0,  0.0,  0.011, 270.00,  0.122, 287.69,  0.097, 344.38,  0.095,  29.82,  0.018, 317.29,  0.106, 336.09,  0.074, 332.74,  0.095,  29.82,  0.084, 341.35,  0.107, 357.32,  0.140, 359.59,  0.099, 327.75,  0.104, 328.75,  0.065, 343.81,  0.062, 334.26,  0.037, 170.79,-99.000, -99.00,-99.000, -99.00,-99.000, -99.00,-99.000, -99.00,
9/7/2006 17:30:00, 11.3,275.9,  0.8,  3.2, 18.855, 29.26,  0.0,  0.0,  0.069,  51.47,  0.124, 322.21,  0.054, 328.67,  0.122, 342.31,  0.054,  21.80,  0.081, 328.67,  0.121, 331.31,  0.111, 319.40,  0.107, 334.63,  0.027,  83.66,  0.109, 304.13,  0.061,   1.88,  0.038, 340.14,  0.038, 286.99,  0.043, 273.99,  0.093, 239.57,-99.000, -99.00,-99.000, -99.00,-99.000, -99.00,-99.000, -99.00,
9/7/2006 17:35:00, 11.3,275.8,  0.8,  3.2, 18.849, 29.26,  0.0,  0.0,  0.098, 296.57,  0.029,  80.22,  0.026, 322.70,  0.129, 332.84,  0.134, 353.57,  0.101, 332.93,  0.058, 326.31,  0.090, 344.58,  0.132, 332.46,  0.089, 350.96,  0.039, 352.69,  0.067,   9.46,  0.092,  18.43,  0.143, 327.31,  0.118, 323.62,  0.082, 227.96,-99.000, -99.00,-99.000, -99.00,-99.000, -99.00,-99.000, -99.00,
9/7/2006 17:40:00, 11.3,275.9,  0.8,  3.2, 18.864, 29.26,  0.0,  0.0,  0.029,   3.95,  0.139, 314.13,  0.030, 199.65,  0.072,  11.15,  0.061, 301.61,  0.099, 307.22,  0.046,   7.43,  0.041, 358.60,  0.108, 328.22,  0.062,   8.39,  0.110, 314.63,  0.156, 327.53,  0.153, 343.34,  0.105, 348.48,  0.102, 322.57,  0.086, 270.67,-99.000, -99.00,-99.000, -99.00,-99.000, -99.00,-99.000, -99.00,
9/7/2006 17:45:00, 11.3,275.9,  0.8,  3.2, 18.872, 29.26,  0.0,  0.0,  0.025,   0.00,  0.094, 311.13,  0.037, 325.01,  0.117, 334.75,  0.065, 268.24,  0.069, 308.53,  0.110, 337.62,  0.112,   4.09,  0.030, 358.09,  0.099, 319.90,  0.137, 308.46,  0.064, 298.18,  0.093, 330.95,  0.098, 291.58,  0.076, 307.48,  0.078, 302.47,-99.000, -99.00,-99.000, -99.00,-99.000, -99.00,-99.000, -99.00,
9/7/2006 17:50:00, 11.3,275.9,  0.8,  3.2, 18.870, 29.26,  0.0,  0.0,  0.038, 187.50,  0.052, 304.90,  0.149, 350.35,  0.064, 292.14,  0.081,   8.53,  0.115, 329.64,  0.054, 305.17,  0.130, 298.54,  0.159, 313.73,  0.106, 321.51,  0.058, 319.18,  0.156, 281.81,  0.149, 284.41,  0.040, 280.18,  0.115,  21.43,  0.129, 286.61,-99.000, -99.00,-99.000, -99.00,-99.000, -99.00,-99.000, -99.00,
9/7/2006 17:55:00, 11.3,275.9,  0.8,  3.2, 18.874, 29.26,  0.0,  0.0,  0.119, 348.88,  0.097, 321.71,  0.072,   0.00,  0.092, 338.20,  0.079, 293.01,  0.122,   0.00,  0.105, 350.72,  0.067, 322.28,  0.052, 339.83,  0.006,   0.00,  0.091, 326.66,  0.098, 313.76,  0.079, 312.95,  0.057, 320.71,  0.036, 204.44,  0.079, 242.14,-99.000, -99.00,-99.000, -99.00,-99.000, -99.00,-99.000, -99.00,
9/7/2006 18:00:00, 11.3,275.9,  0.8,  3.2, 18.897, 29.26,  0.0,  0.0,  0.085,   6.79,  0.083,  46.94,  0.097,  71.38,  0.035, 268.36,  0.052, 333.92,  0.026, 335.38,  0.077, 347.96,  0.039, 318.12,  0.045, 303.34,  0.043, 264.69,  0.163, 273.16,  0.075, 302.41,  0.069, 234.46,  0.162, 247.08,  0.139, 283.34,  0.105, 233.13,-99.000, -99.00,-99.000, -99.00,-99.000, -99.00,-99.000, -99.00,
9/7/2006 18:05:00, 11.3,275.8,  0.8,  3.2, 18.910, 29.26,  0.0,  0.0,  0.124,  20.77,  0.096, 351.62,  0.184,   4.04,  0.075,  16.26,  0.064,  25.77,  0.112, 333.43,  0.034,  16.86,  0.107,  18.60,  0.047, 320.19,  0.150, 316.08,  0.111, 344.84,  0.113, 358.48,  0.145, 349.23,  0.173, 317.57,  0.129, 296.17,  0.152, 260.17,-99.000, -99.00,-99.000, -99.00,-99.000, -99.00,-99.000, -99.00,
9/7/2006 18:10:00, 11.3,275.9,  0.8,  3.2, 18.916, 29.26,  0.0,  0.0,  0.062,  35.75,  0.078, 317.08,  0.126,   3.18,  0.227,  18.20,  0.117, 343.11,  0.060,  26.57,  0.029, 245.22,  0.052, 327.53,  0.108, 305.60,  0.127,  18.29,  0.106,  22.70,  0.161,  78.20,  0.069, 114.72,  0.028,   6.12,  0.085,  36.87,  0.072, 182.39,-99.000, -99.00,-99.000, -99.00,-99.000, -99.00,-99.000, -99.00,
9/7/2006 18:15:00, 11.3,275.8,  0.8,  3.2, 18.915, 29.26,  0.0,  0.0,  0.104, 311.50,  0.067, 282.99,  0.161, 280.75,  0.031,  38.37,  0.114, 307.17,  0.066, 310.70,  0.116, 315.00,  0.107, 340.89,  0.087, 346.76,  0.180, 285.51,  0.071, 303.47,  0.038, 283.67,  0.091, 317.22,  0.115, 321.34,  0.152, 300.77,  0.124, 256.97,-99.000, -99.00,-99.000, -99.00,-99.000, -99.00,-99.000, -99.00,
9/7/2006 18:20:00, 11.3,275.8,  0.8,  3.2, 18.929, 29.26,  0.0,  0.0,  0.057, 274.01,  0.158, 332.46,  0.115,  15.60,  0.121, 325.12,  0.215, 309.33,  0.205, 310.06,  0.154, 319.48,  0.151, 334.11,  0.129, 303.94,  0.090,   3.18,  0.103, 307.09,  0.142, 293.15,  0.113, 286.50,  0.095, 274.21,  0.041, 289.75,  0.118, 278.75,-99.000, -99.00,-99.000, -99.00,-99.000, -99.00,-99.000, -99.00,
9/7/2006 18:25:00, 11.3,275.9,  0.8,  3.2, 18.946, 29.26,  0.0,  0.0,  0.068,  10.98,  0.110, 335.77,  0.057, 327.99,  0.218, 307.18,  0.094, 330.71,  0.043, 314.06,  0.047, 314.14,  0.047, 308.09,  0.146, 300.96,  0.147, 297.96,  0.126, 313.71,  0.070, 283.24,  0.158, 307.02,  0.071,   7.33,  0.100,   0.00,  0.041,  22.83,-99.000, -99.00,-99.000, -99.00,-99.000, -99.00,-99.000, -99.00,
9/7/2006 18:30:00, 11.3,275.9,  0.8,  3.2, 18.946, 29.26,  0.0,  0.0,  0.168, 321.29,  0.119, 359.52,  0.167, 327.74,  0.150,   1.15,  0.157, 307.75,  0.120, 314.66,  0.114, 337.26,  0.080, 321.56,  0.093, 330.95,  0.139, 327.91,  0.171, 295.97,  0.197, 285.95,  0.183, 291.51,  0.140, 277.38,  0.166, 308.39,  0.064, 278.13,-99.000, -99.00,-99.000, -99.00,-99.000, -99.00,-99.000, -99.00,
9/7/2006 18:35:00, 11.3,275.9,  0.8,  3.2, 18.959, 29.26,  0.0,  0.0,  0.147, 300.56,  0.144, 345.09,  0.111, 319.01,  0.153, 333.94,  0.059, 322.55,  0.047,  76.55,  0.073, 344.81,  0.075, 270.00,  0.009, 251.57,  0.031, 324.25,  0.154, 303.90,  0.125, 280.14,  0.144, 269.20,  0.196, 288.16,  0.172, 291.18,  0.085, 214.44,-99.000, -99.00,-99.000, -99.00,-99.000, -99.00,-99.000, -99.00,
9/7/2006 18:40:00, 11.3,275.8,  0.8,  3.2, 18.958, 29.27,  0.0,  0.0,  0.179, 346.43,  0.147, 329.24,  0.090,   8.31,  0.202,   6.25,  0.144, 336.64,  0.122, 299.51,  0.108, 277.45,  0.119, 321.12,  0.127, 295.76,  0.159, 302.69,  0.221, 281.46,  0.137, 279.67,  0.130, 274.84,  0.244, 277.07,  0.163, 292.32,  0.202, 243.56,-99.000, -99.00,-99.000, -99.00,-99.000, -99.00,-99.000, -99.00,
9/7/2006 18:45:00, 11.3,275.9,  0.8,  3.2, 18.967, 29.27,  0.0,  0.0,  0.079, 336.99,  0.058,  63.43,  0.106, 340.20,  0.224, 327.94,  0.174, 339.79,  0.157, 356.36,  0.196, 354.73,  0.134, 334.78,  0.183, 290.81,  0.107, 305.48,  0.092, 290.41,  0.098, 299.17,  0.076, 300.96,  0.111, 323.44,  0.159, 273.60,  0.158, 267.83,-99.000, -99.00,-99.000, -99.00,-99.000, -99.00,-99.000, -99.00,
9/7/2006 18:50:00, 11.3,275.8,  0.8,  3.2, 18.969, 29.28,  0.0,  0.0,  0.073, 316.67,  0.161, 324.34,  0.160, 309.67,  0.185, 306.87,  0.146, 311.67,  0.201, 314.60,  0.078, 315.52,  0.115, 317.83,  0.134, 298.47,  0.142, 287.67,  0.119, 284.15,  0.171, 300.62,  0.138, 303.46,  0.136, 288.83,  0.184, 309.05,  0.070, 238.34,-99.000, -99.00,-99.000, -99.00,-99.000, -99.00,-99.000, -99.00,
9/7/2006 18:55:00, 11.3,275.9,  0.8,  3.2, 18.983, 29.30,  0.0,  0.0,  0.069, 270.00,  0.108, 313.13,  0.147, 354.13,  0.157, 340.99,  0.132, 355.67,  0.094, 340.80,  0.189, 294.67,  0.130, 338.36,  0.170, 332.38,  0.109, 302.23,  0.117, 340.02,  0.078, 345.96,  0.103, 326.93,  0.139, 304.72,  0.209, 298.65,  0.153, 239.42,-99.000, -99.00,-99.000, -99.00,-99.000, -99.00,-99.000, -99.00,
9/7/2006 19:00:00, 11.3,275.9,  0.8,  3.2, 18.991, 29.30,  0.0,  0.0,  0.170,  16.73,  0.165, 339.48,  0.147,   0.78,  0.111,  10.40,  0.211, 348.80,  0.146, 335.36,  0.160, 338.73,  0.182, 305.61,  0.224, 314.46,  0.143, 305.35,  0.121, 287.24,  0.266, 287.75,  0.172, 294.03,  0.245, 289.54,  0.267, 294.36,  0.163, 256.90,-99.000, -99.00,-99.000, -99.00,-99.000, -99.00,-99.000, -99.00,
9/7/2006 19:05:00, 11.3,275.8,  0.8,  3.2, 18.988, 29.31,  0.0,  0.0,  0.211, 329.78,  0.186, 343.42,  0.176, 330.66,  0.288, 340.56,  0.138, 309.70,  0.137, 318.26,  0.142, 341.95,  0.156, 335.40,  0.194, 337.92,  0.174, 330.34,  0.250, 297.59,  0.199, 309.29,  0.202, 295.17,  0.232, 292.26,  0.211, 310.78,  0.167, 264.49,-99.000, -99.00,-99.000, -99.00,-99.000, -99.00,-99.000, -99.00,
9/7/2006 19:10:00, 11.3,275.8,  0.8,  3.2, 18.987, 29.32,  0.0,  0.0,  0.095, 313.73,  0.141, 309.55,  0.171, 306.94,  0.219, 325.80,  0.216, 323.29,  0.206, 315.00,  0.131, 309.41,  0.183, 295.58,  0.252, 298.90,  0.233, 310.65,  0.137, 296.00,  0.243, 285.98,  0.222, 288.92,  0.208, 287.30,  0.290, 296.39,  0.073, 262.87,-99.000, -99.00,-99.000, -99.00,-99.000, -99.00,-99.000, -99.00,
9/7/2006 19:15:00, 11.3,275.8,  0.8,  3.2, 18.999, 29.33,  0.0,  0.0,  0.258, 315.78,  0.144, 335.39,  0.189, 321.43,  0.117, 316.04,  0.111, 286.80,  0.184, 312.36,  0.259, 311.71,  0.170, 315.71,  0.241, 304.68,  0.162, 319.01,  0.205, 309.05,  0.198, 287.98,  0.251, 304.77,  0.213, 301.38,  0.249, 301.20,  0.147, 298.49,-99.000, -99.00,-99.000, -99.00,-99.000, -99.00,-99.000, -99.00,
9/7/2006 19:20:00, 11.3,275.9,  0.8,  3.2, 19.006, 29.34,  0.0,  0.0,  0.229, 324.23,  0.250, 352.19,  0.238, 322.70,  0.245, 323.13,  0.245, 291.32,  0.224, 307.74,  0.308, 298.31,  0.270, 306.87,  0.259, 301.42,  0.319, 301.40,  0.333, 302.35,  0.202, 287.00,  0.166, 306.66,  0.132, 341.02,  0.233, 315.00,  0.139, 313.83,-99.000, -99.00,-99.000, -99.00,-99.000, -99.00,-99.000, -99.00,
9/7/2006 19:25:00, 11.3,275.9,  0.8,  3.2, 19.005, 29.34,  0.0,  0.0,  0.251, 335.48,  0.246, 316.32,  0.219, 327.11,  0.265, 313.77,  0.272, 315.30,  0.298, 309.14,  0.280, 311.96,  0.239, 325.58,  0.248, 317.12,  0.267, 316.97,  0.208, 318.71,  0.225, 292.23,  0.179, 300.85,  0.192, 312.25,  0.249, 320.69,  0.099, 279.27,-99.000, -99.00,-99.000, -99.00,-99.000, -99.00,-99.000, -99.00,
9/7/2006 19:30:00, 11.3,275.8,  0.8,  3.2, 19.024, 29.35,  0.0,  0.0,  0.165, 297.81,  0.157, 324.08,  0.170, 332.23,  0.162, 285.75,  0.186, 303.35,  0.185, 307.55,  0.128, 306.42,  0.127, 321.06,  0.174, 304.24,  0.170, 291.43,  0.172, 286.86,  0.226, 286.43,  0.159, 298.18,  0.154, 273.72,  0.232, 285.78,  0.041, 192.68,-99.000, -99.00,-99.000, -99.00,-99.000, -99.00,-99.000, -99.00,
9/7/2006 19:35:00, 11.3,275.8,  0.8,  3.2, 19.032, 29.35,  0.0,  0.0,  0.230, 341.72,  0.177, 316.37,  0.203, 330.78,  0.219, 312.41,  0.168, 302.37,  0.240, 312.80,  0.231, 313.59,  0.270, 293.81,  0.272, 308.89,  0.235, 314.65,  0.250, 306.55,  0.282, 301.66,  0.226, 308.90,  0.225, 292.23,  0.254, 304.75,  0.194, 264.67,-99.000, -99.00,-99.000, -99.00,-99.000, -99.00,-99.000, -99.00,
9/7/2006 19:40:00, 11.3,275.9,  0.8,  3.2, 19.036, 29.35,  0.0,  0.0,  0.157, 302.78,  0.226, 293.17,  0.202, 327.33,  0.255, 313.73,  0.186, 315.22,  0.166, 336.53,  0.124, 299.05,  0.224, 303.55,  0.219, 300.20,  0.233, 285.41,  0.165, 267.22,  0.193, 272.67,  0.223, 266.92,  0.230, 281.02,  0.242, 303.56,  0.255, 283.38,-99.000, -99.00,-99.000, -99.00,-99.000, -99.00,-99.000, -99.00,
9/7/2006 19:45:00, 11.3,275.8,  0.8,  3.2, 19.051, 29.34,  0.0,  0.0,  0.196, 340.37,  0.137, 331.76,  0.144, 314.72,  0.158, 319.36,  0.244, 323.83,  0.176, 312.69,  0.175, 321.03,  0.188, 326.73,  0.198, 332.92,  0.209, 303.08,  0.164, 276.30,  0.216, 278.81,  0.264, 267.61,  0.206, 272.78,  0.171, 291.30,  0.105, 279.28,-99.000, -99.00,-99.000, -99.00,-99.000, -99.00,-99.000, -99.00,
9/7/2006 19:50:00, 11.3,275.8,  0.8,  3.2, 19.054, 29.34,  0.0,  0.0,  0.250, 336.41,  0.151, 295.04,  0.256, 331.34,  0.251, 311.61,  0.252, 313.71,  0.287, 310.34,  0.205, 307.48,  0.199, 329.18,  0.192, 329.29,  0.243, 287.47,  0.317, 297.86,  0.229, 311.99,  0.219, 307.97,  0.271, 306.91,  0.265, 300.15,  0.147, 270.78,-99.000, -99.00,-99.000, -99.00,-99.000, -99.00,-99.000, -99.00,
9/7/2006 19:55:00, 11.3,276.0,  0.8,  3.2, 19.057, 29.34,  0.0,  0.0,  0.165, 328.14,  0.194, 292.46,  0.209, 309.56,  0.237, 317.56,  0.275, 315.44,  0.177, 306.29,  0.264, 309.61,  0.338, 307.07,  0.283, 316.72,  0.320, 298.72,  0.191, 313.30,  0.210, 313.65,  0.275, 310.42,  0.252, 303.19,  0.361, 299.55,  0.146, 287.57,-99.000, -99.00,-99.000, -99.00,-99.000, -99.00,-99.000, -99.00,
9/7/2006 20:00:00, 11.3,275.9,  0.8,  3.2, 19.055, 29.34,  0.0,  0.0,  0.165, 301.86,  0.082,   2.10,  0.187, 344.18,  0.076, 318.74,  0.130, 325.33,  0.151, 327.99,  0.202, 294.28,  0.141, 304.93,  0.237, 311.75,  0.099, 310.91,  0.157, 318.09,  0.166, 308.66,  0.164, 292.65,  0.208, 287.04,  0.265, 286.86,  0.118, 260.22,-99.000, -99.00,-99.000, -99.00,-99.000, -99.00,-99.000, -99.00,
9/7/2006 20:05:00, 11.3,275.8,  0.8,  3.2, 19.059, 29.34,  0.0,  0.0,  0.115, 326.73,  0.219, 306.09,  0.180, 316.80,  0.179, 321.59,  0.219, 300.43,  0.125, 336.50,  0.182, 312.99,  0.179, 305.02,  0.144, 314.44,  0.214, 320.50,  0.160, 312.47,  0.107, 293.69,  0.194, 296.04,  0.181, 295.86,  0.162, 303.69,  0.052, 237.53,-99.000, -99.00,-99.000, -99.00,-99.000, -99.00,-99.000, -99.00,
9/7/2006 20:10:00, 11.3,275.9,  0.8,  3.2, 19.068, 29.33,  0.0,  0.0,  0.150, 301.88,  0.163, 332.18,  0.183, 334.42,  0.146, 347.77,  0.143, 313.87,  0.122, 317.00,  0.114, 310.00,  0.110, 308.01,  0.156, 318.12,  0.179, 308.86,  0.081, 307.01,  0.154, 308.66,  0.191, 297.51,  0.154, 296.57,  0.111, 293.81,  0.137, 259.10,-99.000, -99.00,-99.000, -99.00,-99.000, -99.00,-99.000, -99.00,
9/7/2006 20:15:00, 11.3,275.8,  0.8,  3.2, 19.066, 29.33,  0.0,  0.0,  0.216, 308.41,  0.212, 311.95,  0.223, 318.81,  0.145, 300.63,  0.114, 329.38,  0.149, 342.05,  0.168, 336.80,  0.102, 270.56,  0.066, 254.29,  0.258, 281.88,  0.125, 296.15,  0.147, 289.05,  0.117, 281.31,  0.173, 297.60,  0.158, 305.71,  0.183, 267.18,-99.000, -99.00,-99.000, -99.00,-99.000, -99.00,-99.000, -99.00,
9/7/2006 20:20:00, 11.3,275.9,  0.8,  3.2, 19.080, 29.33,  0.0,  0.0,  0.169, 346.62,  0.165, 309.85,  0.211, 297.66,  0.135,  15.07,  0.123, 319.60,  0.173, 317.10,  0.228, 328.61,  0.278, 330.66,  0.193, 321.94,  0.176, 340.43,  0.224, 342.62,  0.189, 334.65,  0.195, 312.29,  0.235, 305.11,  0.157, 331.48,  0.108, 252.74,-99.000, -99.00,-99.000, -99.00,-99.000, -99.00,-99.000, -99.00,
9/7/2006 20:25:00, 11.3,275.8,  0.8,  3.2, 19.069, 29.33,  0.0,  0.0,  0.095, 314.14,  0.134, 299.05,  0.164, 326.41,  0.276, 324.29,  0.192, 310.15,  0.184, 318.96,  0.232, 302.32,  0.200, 327.02,  0.199, 306.41,  0.129, 290.82,  0.107, 288.60,  0.131, 304.78,  0.223, 290.47,  0.187, 283.96,  0.218, 280.33,  0.191, 252.99,-99.000, -99.00,-99.000, -99.00,-99.000, -99.00,-99.000, -99.00,
9/7/2006 20:30:00, 11.3,275.9,  0.8,  3.2, 19.073, 29.32,  0.0,  0.0,  0.258, 328.96,  0.147, 306.40,  0.199, 309.29,  0.146, 293.76,  0.141, 308.09,  0.070, 332.70,  0.207, 319.91,  0.156, 315.00,  0.204, 295.56,  0.192, 290.70,  0.203, 295.43,  0.210, 301.34,  0.263, 293.26,  0.227, 294.76,  0.188, 319.96,  0.184, 258.08,-99.000, -99.00,-99.000, -99.00,-99.000, -99.00,-99.000, -99.00,
9/7/2006 20:35:00, 11.3,275.8,  0.8,  3.2, 19.076, 29.32,  0.0,  0.0,  0.171, 316.42,  0.237, 296.57,  0.209, 316.36,  0.210, 298.39,  0.191, 318.39,  0.160, 315.51,  0.132, 332.46,  0.157, 312.94,  0.202, 315.80,  0.140, 332.34,  0.118, 248.65,  0.118, 269.03,  0.116, 259.56,  0.226, 280.71,  0.297, 297.86,  0.139, 241.59,-99.000, -99.00,-99.000, -99.00,-99.000, -99.00,-99.000, -99.00,
9/7/2006 20:40:00, 11.3,275.9,  0.8,  3.2, 19.083, 29.32,  0.0,  0.0,  0.260, 296.96,  0.182, 305.61,  0.237, 315.86,  0.171, 325.01,  0.278, 327.34,  0.224, 310.10,  0.226, 317.15,  0.202, 320.01,  0.200, 297.08,  0.181, 288.03,  0.145, 282.79,  0.153, 284.04,  0.237, 292.34,  0.193, 283.17,  0.171, 283.22,  0.141, 243.07,-99.000, -99.00,-99.000, -99.00,-99.000, -99.00,-99.000, -99.00,
9/7/2006 20:45:00, 11.3,275.8,  0.8,  3.2, 19.085, 29.32,  0.0,  0.0,  0.257, 302.45,  0.165, 302.34,  0.230, 302.59,  0.243, 302.58,  0.193, 307.41,  0.207, 302.77,  0.165, 322.37,  0.266, 340.20,  0.207, 311.47,  0.232, 309.24,  0.162, 284.29,  0.167, 278.62,  0.216, 293.72,  0.262, 282.77,  0.184, 292.38,  0.065, 262.00,-99.000, -99.00,-99.000, -99.00,-99.000, -99.00,-99.000, -99.00,
9/7/2006 20:50:00, 11.3,275.8,  0.8,  3.2, 19.099, 29.31,  0.0,  0.0,  0.230, 325.27,  0.155, 304.20,  0.200, 294.78,  0.132, 313.77,  0.124, 309.09,  0.162, 335.50,  0.100, 328.54,  0.087, 315.47,  0.139, 312.08,  0.224, 292.90,  0.193, 281.95,  0.165, 272.43,  0.223, 282.42,  0.238, 282.87,  0.286, 299.52,  0.174, 292.29,-99.000, -99.00,-99.000, -99.00,-99.000, -99.00,-99.000, -99.00,
9/7/2006 20:55:00, 11.3,275.8,  0.8,  3.2, 19.095, 29.31,  0.0,  0.0,  0.221, 307.28,  0.147, 301.63,  0.179, 273.84,  0.193, 313.53,  0.120, 312.31,  0.184, 306.62,  0.176, 287.92,  0.192, 313.32,  0.203, 315.60,  0.206, 300.30,  0.169, 302.47,  0.244, 272.11,  0.251, 271.37,  0.246, 271.40,  0.185, 301.55,  0.059, 242.56,-99.000, -99.00,-99.000, -99.00,-99.000, -99.00,-99.000, -99.00,
9/7/2006 21:00:00, 11.3,275.8,  0.8,  3.2, 19.098, 29.31,  0.0,  0.0,  0.167, 326.21,  0.088, 286.57,  0.177, 359.68,  0.199, 309.92,  0.169, 303.69,  0.138, 315.88,  0.137, 321.80,  0.160, 336.80,  0.159, 303.19,  0.129, 285.76,  0.178, 274.84,  0.191, 280.55,  0.240, 269.28,  0.270, 282.85,  0.238, 292.47,  0.158, 251.91,-99.000, -99.00,-99.000, -99.00,-99.000, -99.00,-99.000, -99.00,
9/7/2006 21:05:00, 11.3,275.9,  0.8,  3.2, 19.085, 29.31,  0.0,  0.0,  0.194, 330.40,  0.203, 339.25,  0.198, 292.93,  0.155, 333.10,  0.157, 331.80,  0.164, 320.96,  0.094, 319.73,  0.160, 320.06,  0.288, 302.09,  0.205, 292.32,  0.277, 293.14,  0.253, 292.31,  0.248, 283.03,  0.323, 285.80,  0.201, 282.93,  0.093, 222.81,-99.000, -99.00,-99.000, -99.00,-99.000, -99.00,-99.000, -99.00,
9/7/2006 21:10:00, 11.3,275.8,  0.8,  3.2, 19.089, 29.31,  0.0,  0.0,  0.104, 300.49,  0.179, 305.20,  0.138, 296.75,  0.210, 310.36,  0.196, 303.53,  0.190, 309.65,  0.266, 321.10,  0.259, 299.83,  0.244, 291.63,  0.253, 287.72,  0.184, 281.62,  0.179, 262.28,  0.221, 273.62,  0.209, 292.16,  0.284, 287.22,  0.118, 252.79,-99.000, -99.00,-99.000, -99.00,-99.000, -99.00,-99.000, -99.00,
9/7/2006 21:15:00, 11.3,275.9,  0.8,  3.2, 19.088, 29.31,  0.0,  0.0,  0.063, 283.82,  0.190, 304.70,  0.082, 310.53,  0.086, 318.75,  0.139, 319.67,  0.234, 278.62,  0.244, 287.62,  0.234, 289.21,  0.297, 283.43,  0.266, 280.84,  0.244, 273.05,  0.199, 266.26,  0.272, 274.22,  0.166, 281.85,  0.249, 289.96,  0.195, 263.24,-99.000, -99.00,-99.000, -99.00,-99.000, -99.00,-99.000, -99.00,
9/7/2006 21:20:00, 11.3,275.9,  0.8,  3.2, 19.103, 29.31,  0.0,  0.0,  0.129, 305.54,  0.219, 299.61,  0.153, 309.42,  0.162, 294.03,  0.070, 310.33,  0.188, 289.59,  0.102, 274.48,  0.125, 227.91,  0.184, 263.76,  0.276, 266.05,  0.198, 273.76,  0.188, 261.14,  0.238, 265.42,  0.296, 282.86,  0.231, 285.84,  0.219, 249.66,-99.000, -99.00,-99.000, -99.00,-99.000, -99.00,-99.000, -99.00,
9/7/2006 21:25:00, 11.3,275.9,  0.8,  3.2, 19.091, 29.32,  0.0,  0.0,  0.142, 324.18,  0.236, 329.74,  0.212, 329.69,  0.225, 311.21,  0.196, 302.31,  0.283, 308.98,  0.314, 296.08,  0.216, 290.87,  0.277, 295.18,  0.333, 275.33,  0.307, 273.93,  0.285, 286.53,  0.230, 280.04,  0.263, 268.04,  0.260, 280.40,  0.178, 278.72,-99.000, -99.00,-99.000, -99.00,-99.000, -99.00,-99.000, -99.00,
9/7/2006 21:30:00, 11.3,275.8,  0.8,  3.2, 19.076, 29.32,  0.0,  0.0,  0.290, 295.33,  0.186, 321.53,  0.195, 291.31,  0.225, 294.97,  0.245, 305.37,  0.248, 276.72,  0.210, 289.47,  0.229, 278.80,  0.204, 271.40,  0.165, 282.26,  0.202, 282.31,  0.136, 267.05,  0.245, 299.08,  0.209, 282.44,  0.155, 296.40,  0.152, 285.69,-99.000, -99.00,-99.000, -99.00,-99.000, -99.00,-99.000, -99.00,
9/7/2006 21:35:00, 11.3,275.8,  0.8,  3.2, 19.071, 29.31,  0.0,  0.0,  0.167, 323.54,  0.137, 311.74,  0.177, 308.81,  0.125, 299.63,  0.206, 287.82,  0.196, 294.73,  0.173, 316.41,  0.201, 279.46,  0.211, 284.30,  0.189, 272.42,  0.279, 293.71,  0.242, 303.56,  0.258, 290.40,  0.239, 285.02,  0.255, 282.46,  0.169, 254.89,-99.000, -99.00,-99.000, -99.00,-99.000, -99.00,-99.000, -99.00,
9/7/2006 21:40:00, 11.3,275.9,  0.8,  3.2, 19.061, 29.31,  0.0,  0.0,  0.131, 333.24,  0.166, 309.63,  0.210, 311.13,  0.197, 300.86,  0.227, 295.55,  0.185, 285.39,  0.142, 263.93,  0.271, 262.38,  0.232, 266.55,  0.202, 279.14,  0.222, 285.98,  0.248, 287.85,  0.245, 273.75,  0.245, 271.64,  0.159, 275.78,  0.124, 251.13,-99.000, -99.00,-99.000, -99.00,-99.000, -99.00,-99.000, -99.00,
9/7/2006 21:45:00, 11.3,275.9,  0.8,  3.2, 19.060, 29.31,  0.0,  0.0,  0.097, 271.18,  0.083, 341.13,  0.207, 299.78,  0.165, 317.21,  0.088, 291.32,  0.179, 260.70,  0.139, 285.04,  0.140, 263.43,  0.155, 265.17,  0.213, 263.54,  0.253, 276.12,  0.136, 295.25,  0.170, 274.37,  0.214, 266.26,  0.146, 279.46,  0.185, 256.56,-99.000, -99.00,-99.000, -99.00,-99.000, -99.00,-99.000, -99.00,
9/7/2006 21:50:00, 11.3,275.8,  0.8,  3.2, 19.049, 29.30,  0.0,  0.0,  0.185, 322.45,  0.052, 273.30,  0.152, 287.24,  0.132, 276.10,  0.167, 308.45,  0.205, 280.38,  0.170, 262.58,  0.125, 267.71,  0.186, 264.75,  0.216, 272.12,  0.232, 265.54,  0.197, 246.95,  0.208, 274.42,  0.205, 263.84,  0.251, 276.42,  0.083, 212.15,-99.000, -99.00,-99.000, -99.00,-99.000, -99.00,-99.000, -99.00,
9/7/2006 21:55:00, 11.3,275.9,  0.8,  3.2, 19.046, 29.30,  0.0,  0.0,  0.098, 296.04,  0.138, 318.23,  0.103, 330.95,  0.141, 240.15,  0.099, 239.83,  0.203, 289.60,  0.121, 281.96,  0.205, 273.63,  0.207, 274.99,  0.166, 259.57,  0.225, 276.90,  0.174, 265.73,  0.237, 240.73,  0.163, 251.34,  0.080, 257.70,  0.042, 213.31,-99.000, -99.00,-99.000, -99.00,-99.000, -99.00,-99.000, -99.00,
9/7/2006 22:00:00, 11.3,275.8,  0.8,  3.2, 19.053, 29.29,  0.0,  0.0,  0.152, 296.57,  0.103, 322.91,  0.085, 261.87,  0.169, 308.02,  0.105, 267.82,  0.096, 245.31,  0.121, 262.87,  0.175, 240.21,  0.154, 259.93,  0.185, 269.38,  0.189, 273.03,  0.176, 274.90,  0.214, 273.21,  0.151, 270.00,  0.093, 278.04,  0.129, 194.79,-99.000, -99.00,-99.000, -99.00,-99.000, -99.00,-99.000, -99.00,
9/7/2006 22:05:00, 11.3,276.0,  0.8,  3.2, 19.072, 29.29,  0.0,  0.0,  0.034, 356.63,  0.131, 321.82,  0.088, 338.68,  0.167, 324.02,  0.126, 299.01,  0.108, 267.35,  0.164, 255.54,  0.243, 270.24,  0.148, 288.56,  0.209, 260.09,  0.223, 263.57,  0.226, 261.08,  0.215, 264.13,  0.137, 286.06,  0.181, 297.98,  0.090, 229.05,-99.000, -99.00,-99.000, -99.00,-99.000, -99.00,-99.000, -99.00,
9/7/2006 22:10:00, 11.3,275.9,  0.8,  3.2, 19.058, 29.29,  0.0,  0.0,  0.159, 351.31,  0.054, 290.43,  0.095, 250.22,  0.143, 272.40,  0.194, 282.18,  0.083, 315.97,  0.139, 295.09,  0.120, 227.02,  0.169, 267.29,  0.202, 266.04,  0.142, 275.27,  0.216, 282.56,  0.151, 285.32,  0.197, 278.17,  0.105, 271.09,  0.125, 227.91,-99.000, -99.00,-99.000, -99.00,-99.000, -99.00,-99.000, -99.00,
9/7/2006 22:15:00, 11.3,275.8,  0.8,  3.2, 19.056, 29.29,  0.0,  0.0,  0.101, 323.47,  0.039, 237.53,  0.030, 197.24,  0.110, 242.97,  0.129, 276.68,  0.143, 268.40,  0.142, 269.60,  0.161, 252.24,  0.185, 232.45,  0.235, 262.42,  0.229, 250.38,  0.149, 268.46,  0.190, 256.91,  0.216, 253.91,  0.112, 281.31,  0.086, 272.00,-99.000, -99.00,-99.000, -99.00,-99.000, -99.00,-99.000, -99.00,
9/7/2006 22:20:00, 11.3,275.9,  0.8,  3.1, 19.030, 29.29,  0.0,  0.0,  0.048, 127.35,  0.077, 317.63,  0.082, 298.44,  0.112, 266.93,  0.109, 277.39,  0.209, 260.63,  0.102, 251.21,  0.190, 259.99,  0.142, 264.73,  0.088, 252.80,  0.140, 251.69,  0.150, 270.76,  0.164, 263.35,  0.138, 264.58,  0.118, 280.26,  0.050, 218.48,-99.000, -99.00,-99.000, -99.00,-99.000, -99.00,-99.000, -99.00,
9/7/2006 22:25:00, 11.3,275.8,  0.8,  3.2, 19.029, 29.29,  0.0,  0.0,  0.039, 270.00,  0.039, 278.75,  0.031, 308.37,  0.084, 272.05,  0.143, 287.04,  0.100, 267.14,  0.143, 266.40,  0.144, 260.80,  0.182, 265.26,  0.225, 268.98,  0.137, 258.61,  0.133, 273.87,  0.151, 293.00,  0.100, 290.42,  0.148, 310.60,  0.072,  16.16,-99.000, -99.00,-99.000, -99.00,-99.000, -99.00,-99.000, -99.00,
9/7/2006 22:30:00, 11.3,276.0,  0.8,  3.2, 19.025, 29.28,  0.0,  0.0,  0.121, 235.12,  0.144, 271.19,  0.107, 256.48,  0.112, 235.18,  0.160, 268.21,  0.192, 253.64,  0.146, 254.54,  0.170, 242.68,  0.185, 268.45,  0.194, 258.98,  0.130, 244.03,  0.165, 270.00,  0.158, 248.13,  0.205, 244.56,  0.170, 246.00,  0.149, 232.36,-99.000, -99.00,-99.000, -99.00,-99.000, -99.00,-99.000, -99.00,
9/7/2006 22:35:00, 11.3,275.9,  0.8,  3.2, 19.029, 29.28,  0.0,  0.0,  0.126, 225.64,  0.160, 204.00,  0.137, 265.83,  0.080, 223.48,  0.129, 250.58,  0.127, 219.23,  0.116, 251.88,  0.132, 205.59,  0.111, 259.60,  0.149, 261.92,  0.168, 272.39,  0.194, 270.30,  0.165, 268.61,  0.174, 265.37,  0.215, 288.43,  0.093, 233.75,-99.000, -99.00,-99.000, -99.00,-99.000, -99.00,-99.000, -99.00,
9/7/2006 22:40:00, 11.3,275.8,  0.8,  3.2, 19.023, 29.25,  0.0,  0.0,  0.060, 214.22,  0.127, 222.12,  0.197, 246.95,  0.141, 288.56,  0.161, 342.24,  0.088,  10.42,  0.136,   4.62,  0.196,   3.21,  0.091, 318.11,  0.114, 296.11,  0.184, 303.26,  0.083, 308.12,  0.195, 277.38,  0.216, 266.82,  0.136, 270.84,  0.096, 196.93,-99.000, -99.00,-99.000, -99.00,-99.000, -99.00,-99.000, -99.00,
9/7/2006 22:45:00, 11.3,275.8,  0.8,  3.2, 19.010, 29.22,  0.0,  0.0,  0.144, 262.43,  0.201, 212.82,  0.235, 221.21,  0.143, 250.43,  0.060, 282.43,  0.137, 249.44,  0.150, 255.69,  0.088, 254.86,  0.141, 237.78,  0.185, 254.61,  0.107, 296.09,  0.196, 276.15,  0.162, 273.88,  0.075, 248.91,  0.131, 281.91,  0.060, 216.87,-99.000, -99.00,-99.000, -99.00,-99.000, -99.00,-99.000, -99.00,
9/7/2006 22:50:00, 11.3,275.8,  0.8,  3.2, 19.003, 29.20,  0.0,  0.0,  0.036, 230.60,  0.204, 221.42,  0.113, 237.30,  0.100, 157.03,  0.094, 130.27,  0.110, 259.00,  0.095, 319.27,  0.085, 339.21,  0.097,   1.18,  0.148, 314.18,  0.143, 292.62,  0.089, 289.65,  0.152, 278.34,  0.158, 289.92,  0.146, 297.80,  0.085, 245.83,-99.000, -99.00,-99.000, -99.00,-99.000, -99.00,-99.000, -99.00,
9/7/2006 22:55:00, 11.3,275.8,  0.8,  3.2, 18.992, 29.19,  0.0,  0.0,  0.194, 219.35,  0.170, 218.55,  0.068, 199.77,  0.139, 179.18,  0.080, 237.69,  0.027, 206.57,  0.133, 356.13,  0.089, 342.38,  0.081, 248.20,  0.110, 277.32,  0.145, 298.33,  0.108, 282.88,  0.103, 269.44,  0.147, 290.78,  0.170, 290.36,  0.089, 233.64,-99.000, -99.00,-99.000, -99.00,-99.000, -99.00,-99.000, -99.00,
9/7/2006 23:00:00, 11.3,275.8,  0.8,  3.2, 18.984, 29.17,  0.0,  0.0,  0.052, 217.97,  0.089, 198.43,  0.157, 205.26,  0.029, 240.75,  0.100, 279.74,  0.072, 210.14,  0.073, 293.40,  0.021, 272.73,  0.081, 313.99,  0.165, 268.61,  0.074, 282.53,  0.218, 282.70,  0.157, 298.20,  0.172, 291.80,  0.121, 307.63,  0.053, 232.70,-99.000, -99.00,-99.000, -99.00,-99.000, -99.00,-99.000, -99.00,
9/7/2006 23:05:00, 11.3,275.9,  0.8,  3.2, 18.976, 29.16,  0.0,  0.0,  0.055, 148.32,  0.089, 230.03,  0.139, 211.18,  0.092, 249.01,  0.098, 236.63,  0.145, 224.16,  0.128, 239.42,  0.093, 255.66,  0.154, 256.50,  0.168, 263.51,  0.160, 294.33,  0.157, 285.10,  0.085, 242.53,  0.100, 268.28,  0.129, 279.39,  0.089, 227.73,-99.000, -99.00,-99.000, -99.00,-99.000, -99.00,-99.000, -99.00,
9/7/2006 23:10:00, 11.3,275.9,  0.8,  3.2, 18.962, 29.16,  0.0,  0.0,  0.115, 122.16,  0.088, 181.95,  0.063, 186.34,  0.162, 200.56,  0.120, 171.40,  0.050, 242.40,  0.116, 244.98,  0.123, 260.61,  0.042, 316.91,  0.064, 104.47,  0.052, 333.92,  0.127, 296.77,  0.090, 272.54,  0.174, 290.52,  0.118, 319.45,  0.148, 242.22,-99.000, -99.00,-99.000, -99.00,-99.000, -99.00,-99.000, -99.00,
9/7/2006 23:15:00, 11.3,275.8,  0.8,  3.2, 18.956, 29.15,  0.0,  0.0,  0.113, 149.12,  0.097, 180.00,  0.151, 211.16,  0.147, 189.01,  0.086, 225.94,  0.096, 240.77,  0.045, 326.66,  0.114, 278.56,  0.092, 236.48,  0.056, 202.93,  0.085, 314.05,  0.144, 313.03,  0.134, 292.36,  0.060, 258.50,  0.041, 263.05,  0.082, 192.00,-99.000, -99.00,-99.000, -99.00,-99.000, -99.00,-99.000, -99.00,
9/7/2006 23:20:00, 11.3,275.8,  0.8,  3.2, 18.936, 29.14,  0.0,  0.0,  0.047,  46.74,  0.131, 180.00,  0.048, 225.00,  0.114, 244.11,  0.127, 228.18,  0.029, 210.96,  0.094, 261.44,  0.136, 241.93,  0.144, 218.54,  0.090, 247.14,  0.074, 215.63,  0.089, 254.41,  0.131, 273.06,  0.050, 283.76,  0.062, 262.53,  0.203, 211.11,-99.000, -99.00,-99.000, -99.00,-99.000, -99.00,-99.000, -99.00,
9/7/2006 23:25:00, 11.3,275.9,  0.8,  3.2, 18.948, 29.14,  0.0,  0.0,  0.118, 159.73,  0.086, 180.00,  0.147, 231.34,  0.043, 182.66,  0.114, 242.76,  0.050, 196.26,  0.053, 227.29,  0.071, 234.74,  0.103, 267.22,  0.008,  60.26,  0.050, 292.44,  0.090, 286.82,  0.059, 254.32,  0.135, 261.51,  0.058, 247.83,  0.085, 190.12,-99.000, -99.00,-99.000, -99.00,-99.000, -99.00,-99.000, -99.00,
9/7/2006 23:30:00, 11.3,275.8,  0.8,  3.2, 18.951, 29.14,  0.0,  0.0,  0.013, 184.40,  0.055, 129.14,  0.093, 208.22,  0.086, 266.67,  0.157, 220.60,  0.087, 219.38,  0.110, 231.67,  0.042, 281.04,  0.132, 237.03,  0.156, 239.98,  0.099, 215.13,  0.038, 317.12,  0.044, 270.00,  0.023, 162.35,  0.069, 302.54,  0.098, 283.04,-99.000, -99.00,-99.000, -99.00,-99.000, -99.00,-99.000, -99.00,
9/7/2006 23:35:00, 11.3,275.9,  0.8,  3.2, 18.945, 29.14,  0.0,  0.0,  0.118, 358.06,  0.096, 252.50,  0.154, 193.13,  0.078, 207.55,  0.149, 233.21,  0.129, 212.33,  0.096, 250.63,  0.076, 255.60,  0.100, 253.74,  0.128, 290.56,  0.060, 299.98,  0.090, 284.19,  0.021, 228.81,  0.095, 269.40,  0.103, 312.65,  0.113, 239.56,-99.000, -99.00,-99.000, -99.00,-99.000, -99.00,-99.000, -99.00,
9/7/2006 23:40:00, 11.3,275.8,  0.8,  3.2, 18.939, 29.15,  0.0,  0.0,  0.108, 164.93,  0.058, 279.95,  0.035,  90.00,  0.127, 226.27,  0.210, 213.92,  0.123, 241.98,  0.088, 254.86,  0.030, 181.91,  0.095, 194.04,  0.099, 245.51,  0.090, 275.71,  0.089, 261.60,  0.047, 325.30,  0.037, 313.92,  0.118, 293.96,  0.124, 219.09,-99.000, -99.00,-99.000, -99.00,-99.000, -99.00,-99.000, -99.00,
9/7/2006 23:45:00, 11.3,275.9,  0.8,  3.2, 18.926, 29.15,  0.0,  0.0,  0.046, 214.38,  0.027, 221.99,  0.089, 250.35,  0.102, 279.55,  0.159, 253.51,  0.102, 241.93,  0.046, 222.36,  0.073, 184.70,  0.072, 228.96,  0.067, 234.66,  0.141, 303.13,  0.155, 289.95,  0.064, 258.34,  0.064, 275.36,  0.087, 334.90,  0.136, 241.56,-99.000, -99.00,-99.000, -99.00,-99.000, -99.00,-99.000, -99.00,
9/7/2006 23:50:00, 11.3,275.9,  0.8,  3.1, 18.924, 29.16,  0.0,  0.0,  0.122, 111.71,  0.046, 343.54,  0.100, 196.81,  0.064, 247.86,  0.063, 168.16,  0.115, 224.29,  0.106, 242.95,  0.052, 237.53,  0.117, 237.53,  0.115, 271.49,  0.020, 249.78,  0.070, 274.90,  0.022, 333.43,  0.080, 287.53,  0.040, 249.78,  0.101, 230.63,-99.000, -99.00,-99.000, -99.00,-99.000, -99.00,-99.000, -99.00,
9/7/2006 23:55:00, 11.3,275.9,  0.8,  3.2, 18.901, 29.16,  0.0,  0.0,  0.109,  10.59,  0.063, 246.68,  0.100, 176.57,  0.120, 209.33,  0.096, 256.11,  0.088, 268.05,  0.094, 241.53,  0.026, 200.56,  0.160, 244.40,  0.069, 209.54,  0.075, 125.18,  0.018, 130.60,  0.046, 334.00,  0.076, 283.67,  0.028, 130.60,  0.153, 218.37,-99.000, -99.00,-99.000, -99.00,-99.000, -99.00,-99.000, -99.00,
9/8/2006 00:00:00, 11.3,275.9,  0.8,  3.2, 18.909, 29.16,  0.0,  0.0,  0.066, 131.92,  0.092, 111.57,  0.077, 252.73,  0.030, 137.73,  0.126, 225.64,  0.049, 188.30,  0.012, 318.37,  0.109, 234.71,  0.112, 185.10,  0.099, 203.20,  0.063, 228.22,  0.012, 239.04,  0.027, 252.90,  0.038, 232.52,  0.066, 226.85,  0.185, 217.98,-99.000, -99.00,-99.000, -99.00,-99.000, -99.00,-99.000, -99.00,
9/8/2006 00:05:00, 11.3,275.9,  0.8,  3.2, 18.892, 29.16,  0.0,  0.0,  0.078,  17.05,  0.033, 192.34,  0.060, 270.00,  0.041, 287.10,  0.068, 197.90,  0.042, 160.71,  0.081, 207.82,  0.089, 217.26,  0.074, 151.02,  0.056, 221.38,  0.062, 226.97,  0.021, 215.22,  0.028, 237.99,  0.057, 246.14,  0.020, 264.29,  0.100, 184.57,-99.000, -99.00,-99.000, -99.00,-99.000, -99.00,-99.000, -99.00,
9/8/2006 00:10:00, 11.3,275.9,  0.8,  3.2, 18.885, 29.17,  0.0,  0.0,  0.070,  10.67,  0.131, 180.00,  0.055, 270.00,  0.064, 277.24,  0.045, 209.43,  0.111, 207.95,  0.168, 195.85,  0.150, 226.62,  0.070, 257.56,  0.039,  50.19,  0.059, 217.45,  0.051, 308.66,  0.048, 253.07,  0.107, 244.63,  0.082, 282.68,  0.023, 277.43,-99.000, -99.00,-99.000, -99.00,-99.000, -99.00,-99.000, -99.00,
9/8/2006 00:15:00, 11.3,275.8,  0.8,  3.2, 18.861, 29.17,  0.0,  0.0,  0.096,   8.97,  0.036, 144.09,  0.028, 265.91,  0.021,  16.70,  0.128, 180.00,  0.117, 215.59,  0.131, 213.21,  0.073, 191.00,  0.046, 184.97,  0.097, 168.11,  0.055, 168.49,  0.088, 195.77,  0.034, 259.70,  0.038,   1.51,  0.031, 299.05,  0.163, 209.88,-99.000, -99.00,-99.000, -99.00,-99.000, -99.00,-99.000, -99.00,
9/8/2006 00:20:00, 11.3,275.8,  0.8,  3.2, 18.847, 29.17,  0.0,  0.0,  0.046, 184.97,  0.066, 159.65,  0.078, 180.00,  0.060, 187.72,  0.160, 199.34,  0.015, 203.20,  0.120, 207.85,  0.062, 181.85,  0.114, 248.85,  0.079, 272.90,  0.015, 250.35,  0.061, 169.61,  0.078, 225.00,  0.049, 249.72,  0.011, 354.81,  0.092, 196.46,-99.000, -99.00,-99.000, -99.00,-99.000, -99.00,-99.000, -99.00,
9/8/2006 00:25:00, 11.3,275.9,  0.8,  3.2, 18.820, 29.17,  0.0,  0.0,  0.051, 254.05,  0.072, 193.65,  0.130, 127.49,  0.127, 220.85,  0.138, 217.62,  0.098, 238.74,  0.094, 214.20,  0.113, 285.88,  0.060, 154.29,  0.064, 168.34,  0.041, 177.21,  0.064, 170.10,  0.033, 160.46,  0.054, 236.31,  0.076, 147.36,  0.109, 209.16,-99.000, -99.00,-99.000, -99.00,-99.000, -99.00,-99.000, -99.00,
9/8/2006 00:30:00, 11.3,275.9,  0.8,  3.2, 18.826, 29.18,  0.0,  0.0,  0.039, 180.00,  0.070, 181.64,  0.041, 145.92,  0.072, 215.45,  0.070, 216.87,  0.077, 244.76,  0.059, 314.31,  0.120, 199.04,  0.044, 270.00,  0.090, 152.86,  0.028, 226.47,  0.025, 135.00,  0.086, 123.14,  0.075, 147.99,  0.037, 154.13,  0.076, 176.24,-99.000, -99.00,-99.000, -99.00,-99.000, -99.00,-99.000, -99.00,
9/8/2006 00:35:00, 11.3,275.9,  0.8,  3.1, 18.803, 29.18,  0.0,  0.0,  0.081, 118.16,  0.074, 126.71,  0.101, 145.52,  0.163, 179.65,  0.052, 178.90,  0.084, 203.82,  0.105, 183.27,  0.024, 282.26,  0.065, 107.88,  0.115, 173.49,  0.155, 144.46,  0.101, 138.60,  0.041, 154.06,  0.115, 153.66,  0.055, 164.20,  0.040, 180.00,-99.000, -99.00,-99.000, -99.00,-99.000, -99.00,-99.000, -99.00,
9/8/2006 00:40:00, 11.3,275.8,  0.8,  3.2, 18.825, 29.18,  0.0,  0.0,  0.075, 118.61,  0.126, 133.07,  0.045, 183.81,  0.027, 201.80,  0.039, 342.03,  0.044, 225.00,  0.055, 140.19,  0.085, 190.12,  0.047,  51.91,  0.044, 193.09,  0.075, 171.54,  0.079, 175.66,  0.038, 273.01,  0.078, 301.85,  0.037,  11.00,  0.051, 209.60,-99.000, -99.00,-99.000, -99.00,-99.000, -99.00,-99.000, -99.00,
9/8/2006 00:45:00, 11.3,275.9,  0.8,  3.2, 18.805, 29.19,  0.0,  0.0,  0.144,  86.42,  0.123, 146.57,  0.109, 128.66,  0.134, 146.90,  0.118, 116.78,  0.116, 219.05,  0.022, 195.95,  0.130, 203.60,  0.083, 191.17,  0.060, 131.63,  0.025,   0.00,  0.140,  95.75,  0.064, 127.41,  0.090, 119.12,  0.109, 109.27,  0.038, 225.00,-99.000, -99.00,-99.000, -99.00,-99.000, -99.00,-99.000, -99.00,
9/8/2006 00:50:00, 11.3,275.8,  0.8,  3.1, 18.818, 29.19,  0.0,  0.0,  0.052,  71.92,  0.179, 134.32,  0.048, 165.38,  0.112, 161.24,  0.136, 167.29,  0.123, 171.15,  0.114, 206.11,  0.097, 121.88,  0.028, 109.09,  0.065, 174.73,  0.078, 108.67,  0.070, 236.08,  0.109, 175.80,  0.069, 207.68,  0.039, 131.88,  0.032, 299.74,-99.000, -99.00,-99.000, -99.00,-99.000, -99.00,-99.000, -99.00,
9/8/2006 00:55:00, 11.3,275.8,  0.8,  3.2, 18.806, 29.19,  0.0,  0.0,  0.127, 135.96,  0.191, 162.61,  0.160, 160.32,  0.076, 138.74,  0.144, 143.21,  0.046,  11.31,  0.080,  80.66,  0.024, 194.62,  0.095, 178.79,  0.155, 168.84,  0.100, 161.38,  0.067, 234.16,  0.077, 192.04,  0.083, 203.47,  0.058, 169.08,  0.010,  36.87,-99.000, -99.00,-99.000, -99.00,-99.000, -99.00,-99.000, -99.00,
9/8/2006 01:00:00, 11.3,275.8,  0.8,  3.2, 18.804, 29.19,  0.0,  0.0,  0.148,  77.09,  0.110, 126.87,  0.058, 180.00,  0.124, 108.87,  0.136, 113.92,  0.113, 112.93,  0.067, 106.53,  0.118, 125.71,  0.048, 140.96,  0.051, 152.93,  0.070, 101.47,  0.063, 161.57,  0.081, 167.86,  0.026, 117.55,  0.075, 167.64,  0.055, 211.68,-99.000, -99.00,-99.000, -99.00,-99.000, -99.00,-99.000, -99.00,
9/8/2006 01:05:00, 11.3,275.8,  0.8,  3.1, 18.784, 29.18,  0.0,  0.0,  0.167, 118.56,  0.193, 129.96,  0.132, 137.46,  0.044,  90.00,  0.130, 136.87,  0.118, 117.22,  0.098, 116.04,  0.139,  97.84,  0.066, 158.52,  0.115, 195.12,  0.064, 239.81,  0.065, 174.73,  0.139, 152.15,  0.100, 176.57,  0.060,  96.65,  0.032, 180.00,-99.000, -99.00,-99.000, -99.00,-99.000, -99.00,-99.000, -99.00,
9/8/2006 01:10:00, 11.3,275.7,  0.8,  3.1, 18.774, 29.18,  0.0,  0.0,  0.174, 116.27,  0.157,  94.37,  0.076, 106.77,  0.135, 130.19,  0.081, 127.01,  0.086,  89.33,  0.089,  99.04,  0.104, 120.02,  0.035, 156.37,  0.011,  90.00,  0.108, 124.43,  0.071, 134.43,  0.060, 144.46,  0.079, 132.95,  0.111, 103.54,  0.020,  14.74,-99.000, -99.00,-99.000, -99.00,-99.000, -99.00,-99.000, -99.00,
9/8/2006 01:15:00, 11.3,275.9,  0.8,  3.1, 18.766, 29.18,  0.0,  0.0,  0.194, 138.76,  0.136, 113.92,  0.146, 103.47,  0.098, 112.13,  0.215,  95.87,  0.205,  97.85,  0.173, 113.90,  0.161, 102.91,  0.245, 110.06,  0.216, 120.60,  0.162, 139.74,  0.122, 156.37,  0.131, 111.48,  0.074, 133.36,  0.141, 124.03,  0.105, 160.53,-99.000, -99.00,-99.000, -99.00,-99.000, -99.00,-99.000, -99.00,
9/8/2006 01:20:00, 11.3,275.8,  0.8,  3.1, 18.755, 29.18,  0.0,  0.0,  0.201, 112.86,  0.167, 148.51,  0.137, 133.23,  0.134, 126.18,  0.184, 111.97,  0.134, 106.53,  0.122, 137.32,  0.090, 158.55,  0.161, 126.16,  0.111, 104.04,  0.197, 109.91,  0.153, 110.21,  0.142, 104.72,  0.170,  92.02,  0.165, 100.49,  0.044, 129.47,-99.000, -99.00,-99.000, -99.00,-99.000, -99.00,-99.000, -99.00,
9/8/2006 01:25:00, 11.3,276.0,  0.8,  3.2, 18.761, 29.18,  0.0,  0.0,  0.098, 116.04,  0.171, 125.27,  0.241, 149.61,  0.184, 118.24,  0.155, 106.91,  0.122, 140.97,  0.199, 124.33,  0.164, 111.41,  0.127, 106.44,  0.180, 137.02,  0.197, 136.44,  0.197, 114.88,  0.113, 108.60,  0.149, 115.36,  0.152, 118.76,  0.085, 224.05,-99.000, -99.00,-99.000, -99.00,-99.000, -99.00,-99.000, -99.00,
9/8/2006 01:30:00, 11.3,275.8,  0.8,  3.2, 18.743, 29.17,  0.0,  0.0,  0.085, 141.23,  0.184, 131.92,  0.110, 104.80,  0.187, 139.76,  0.112, 101.81,  0.039, 177.06,  0.134, 140.14,  0.131, 132.21,  0.131, 126.00,  0.093, 127.12,  0.151, 146.31,  0.206, 127.70,  0.113, 145.05,  0.136, 127.21,  0.202, 129.37,  0.064, 151.03,-99.000, -99.00,-99.000, -99.00,-99.000, -99.00,-99.000, -99.00,
9/8/2006 01:35:00, 11.3,275.9,  0.8,  3.1, 18.740, 29.17,  0.0,  0.0,  0.102,  86.07,  0.250, 153.85,  0.140, 162.08,  0.061, 156.80,  0.098, 107.88,  0.134, 105.18,  0.243,  97.10,  0.146, 100.23,  0.136,  98.91,  0.119,  80.30,  0.100, 122.74,  0.116, 110.79,  0.098, 107.88,  0.121, 124.88,  0.056,  82.87,  0.069, 349.99,-99.000, -99.00,-99.000, -99.00,-99.000, -99.00,-99.000, -99.00,
9/8/2006 01:40:00, 11.3,275.9,  0.8,  3.2, 18.733, 29.16,  0.0,  0.0,  0.118, 102.26,  0.130,  75.32,  0.241,  94.29,  0.227,  94.30,  0.130, 124.67,  0.251,  98.94,  0.177, 115.11,  0.225,  99.46,  0.150, 120.50,  0.103, 113.57,  0.063,  71.57,  0.115,  74.40,  0.151,  95.33,  0.076, 133.94,  0.156,  98.13,  0.028, 190.12,-99.000, -99.00,-99.000, -99.00,-99.000, -99.00,-99.000, -99.00,
9/8/2006 01:45:00, 11.3,275.8,  0.8,  3.2, 18.732, 29.17,  0.0,  0.0,  0.183, 122.04,  0.054, 116.57,  0.131, 123.81,  0.105, 122.93,  0.157, 145.91,  0.145, 107.19,  0.090, 147.19,  0.035, 109.98,  0.037,  49.40,  0.012, 160.02,  0.069, 131.50,  0.070, 191.47,  0.077, 220.28,  0.009, 249.44,  0.032, 257.28,  0.023, 241.19,-99.000, -99.00,-99.000, -99.00,-99.000, -99.00,-99.000, -99.00,
9/8/2006 01:50:00, 11.3,275.9,  0.8,  3.2, 18.718, 29.17,  0.0,  0.0,  0.086, 144.46,  0.170, 201.74,  0.061, 252.76,  0.052, 157.38,  0.086, 262.63,  0.075, 235.26,  0.072, 328.08,  0.090, 341.97,  0.138, 307.62,  0.144, 330.40,  0.141, 297.83,  0.117, 303.15,  0.064, 290.97,  0.047, 160.02,  0.020, 249.78,  0.035, 323.13,-99.000, -99.00,-99.000, -99.00,-99.000, -99.00,-99.000, -99.00,
9/8/2006 01:55:00, 11.3,275.9,  0.8,  3.1, 18.711, 29.16,  0.0,  0.0,  0.055, 199.09,  0.134, 170.54,  0.080, 179.28,  0.026, 112.62,  0.027, 216.03,  0.087, 146.67,  0.047, 272.44,  0.019,  18.43,  0.035,  19.98,  0.061,   0.00,  0.065,  40.60,  0.115,  15.12,  0.024,  19.18,  0.074,  67.91,  0.063,  12.93,  0.041, 330.95,-99.000, -99.00,-99.000, -99.00,-99.000, -99.00,-99.000, -99.00,
9/8/2006 02:00:00, 11.3,275.8,  0.8,  3.1, 18.705, 29.16,  0.0,  0.0,  0.015,  36.87,  0.071, 248.50,  0.018, 231.84,  0.110, 225.00,  0.047, 227.56,  0.136, 188.43,  0.069, 138.50,  0.033,  77.66,  0.038,  81.03,  0.066, 341.57,  0.125,  40.80,  0.057,  17.47,  0.057,  47.86,  0.095, 358.19,  0.087, 352.71,  0.031,   1.85,-99.000, -99.00,-99.000, -99.00,-99.000, -99.00,-99.000, -99.00,
9/8/2006 02:05:00, 11.3,275.8,  0.8,  3.2, 18.707, 29.15,  0.0,  0.0,  0.048, 144.32,  0.037, 290.38,  0.080, 246.33,  0.069, 265.86,  0.068, 194.44,  0.014,  90.00,  0.046,   8.84,  0.073,  21.66,  0.047, 299.29,  0.067, 332.28,  0.129, 341.42,  0.148, 325.99,  0.106, 332.95,  0.111, 306.97,  0.147, 315.55,  0.026, 324.46,-99.000, -99.00,-99.000, -99.00,-99.000, -99.00,-99.000, -99.00,
9/8/2006 02:10:00, 11.3,275.8,  0.8,  3.2, 18.710, 29.15,  0.0,  0.0,  0.091,   4.40,  0.033, 252.12,  0.038, 338.20,  0.084, 246.18,  0.046, 306.12,  0.053, 320.33,  0.055, 282.53,  0.009,  26.57,  0.084, 320.81,  0.122, 308.37,  0.113, 321.81,  0.118, 304.63,  0.082, 340.68,  0.150, 315.54,  0.135, 308.06,  0.049,  44.17,-99.000, -99.00,-99.000, -99.00,-99.000, -99.00,-99.000, -99.00,
9/8/2006 02:15:00, 11.2,275.9,  0.8,  3.2, 18.694, 29.15,  0.0,  0.0,  0.104, 353.90,  0.056, 208.86,  0.082, 289.98,  0.076, 232.98,  0.103, 253.14,  0.096, 267.02,  0.144, 290.32,  0.126, 356.82,  0.040, 325.12,  0.068, 330.05,  0.124, 338.80,  0.130, 319.35,  0.159, 312.71,  0.231, 319.21,  0.186, 312.17,  0.032, 275.36,-99.000, -99.00,-99.000, -99.00,-99.000, -99.00,-99.000, -99.00,
9/8/2006 02:20:00, 11.2,275.8,  0.8,  3.2, 18.691, 29.15,  0.0,  0.0,  0.053, 227.29,  0.145, 321.71,  0.063, 272.73,  0.150, 302.74,  0.114, 306.06,  0.077, 332.10,  0.173, 340.73,  0.154, 333.77,  0.096,  20.14,  0.078, 351.87,  0.129, 333.83,  0.148, 326.31,  0.151, 318.49,  0.149, 328.97,  0.219, 311.48,  0.071, 314.43,-99.000, -99.00,-99.000, -99.00,-99.000, -99.00,-99.000, -99.00,
9/8/2006 02:25:00, 11.2,275.9,  0.8,  3.1, 18.682, 29.15,  0.0,  0.0,  0.206, 303.92,  0.062, 273.69,  0.123, 322.29,  0.194, 319.59,  0.126, 328.33,  0.200, 336.12,  0.108, 321.75,  0.236, 316.20,  0.106, 336.09,  0.167, 347.88,  0.202, 325.29,  0.209, 324.33,  0.225, 306.51,  0.167, 330.68,  0.135, 315.30,  0.020, 323.13,-99.000, -99.00,-99.000, -99.00,-99.000, -99.00,-99.000, -99.00,
9/8/2006 02:30:00, 11.2,276.0,  0.8,  3.2, 18.669, 29.15,  0.0,  0.0,  0.218, 353.43,  0.141, 306.95,  0.107, 303.54,  0.217, 313.32,  0.093, 320.67,  0.145, 355.66,  0.202, 333.82,  0.099,   2.89,  0.228,   2.01,  0.115,   4.47,  0.143, 317.27,  0.156, 348.55,  0.200, 328.94,  0.146, 315.83,  0.202, 298.09,  0.027, 296.57,-99.000, -99.00,-99.000, -99.00,-99.000, -99.00,-99.000, -99.00,
9/8/2006 02:35:00, 11.2,275.8,  0.8,  3.1, 18.671, 29.15,  0.0,  0.0,  0.145, 329.72,  0.194,   3.54,  0.201, 325.36,  0.139, 341.57,  0.136, 345.96,  0.156, 337.72,  0.215, 333.79,  0.195, 327.37,  0.160, 337.60,  0.181, 335.84,  0.221, 315.18,  0.152, 330.07,  0.163, 333.75,  0.201, 323.70,  0.255, 320.88,  0.097, 337.65,-99.000, -99.00,-99.000, -99.00,-99.000, -99.00,-99.000, -99.00,
9/8/2006 02:40:00, 11.2,275.9,  0.8,  3.2, 18.662, 29.15,  0.0,  0.0,  0.157,   7.67,  0.160, 351.36,  0.111, 305.84,  0.166, 338.84,  0.161, 355.35,  0.122, 322.00,  0.078, 325.49,  0.137, 323.88,  0.163, 320.46,  0.175, 307.59,  0.170, 328.46,  0.273, 324.68,  0.174, 338.44,  0.183, 331.61,  0.195, 304.75,  0.059, 312.27,-99.000, -99.00,-99.000, -99.00,-99.000, -99.00,-99.000, -99.00,
9/8/2006 02:45:00, 11.2,275.9,  0.8,  3.2, 18.670, 29.15,  0.0,  0.0,  0.262,   5.91,  0.211, 332.95,  0.106,   0.54,  0.178,   6.13,  0.178, 333.72,  0.198, 318.08,  0.160, 333.27,  0.193, 324.26,  0.256, 325.81,  0.152, 324.64,  0.234, 308.58,  0.158, 326.11,  0.147, 333.26,  0.268, 335.06,  0.278, 333.25,  0.072,  12.09,-99.000, -99.00,-99.000, -99.00,-99.000, -99.00,-99.000, -99.00,
9/8/2006 02:50:00, 11.2,275.9,  0.8,  3.2, 18.667, 29.15,  0.0,  0.0,  0.165, 357.22,  0.225, 331.04,  0.144, 343.45,  0.173, 337.89,  0.200, 346.38,  0.208, 346.36,  0.210, 345.10,  0.148, 349.90,  0.232, 318.84,  0.171, 324.54,  0.178, 325.06,  0.146, 339.08,  0.155, 335.59,  0.204, 337.47,  0.247, 331.98,  0.064, 327.80,-99.000, -99.00,-99.000, -99.00,-99.000, -99.00,-99.000, -99.00,
9/8/2006 02:55:00, 11.2,275.9,  0.8,  3.2, 18.673, 29.16,  0.0,  0.0,  0.198,  14.04,  0.293, 352.56,  0.212, 346.88,  0.199, 328.15,  0.201, 327.81,  0.142, 327.09,  0.167, 322.79,  0.214, 316.32,  0.171, 336.58,  0.275, 312.64,  0.254, 298.99,  0.205, 333.31,  0.181, 349.19,  0.195, 340.54,  0.171, 334.03,  0.037, 317.20,-99.000, -99.00,-99.000, -99.00,-99.000, -99.00,-99.000, -99.00,
9/8/2006 03:00:00, 11.2,275.9,  0.8,  3.2, 18.665, 29.16,  0.0,  0.0,  0.189,   3.63,  0.252, 350.65,  0.237, 349.78,  0.226, 321.81,  0.231, 337.32,  0.214, 351.42,  0.188, 326.06,  0.182, 332.45,  0.149, 313.10,  0.176, 329.20,  0.169, 308.02,  0.158, 313.72,  0.207, 329.84,  0.262, 315.46,  0.175, 347.47,  0.045,  60.57,-99.000, -99.00,-99.000, -99.00,-99.000, -99.00,-99.000, -99.00,
9/8/2006 03:05:00, 11.2,275.9,  0.8,  3.2, 18.667, 29.16,  0.0,  0.0,  0.214, 358.39,  0.166,   4.13,  0.168, 340.92,  0.145, 344.43,  0.157, 338.00,  0.199, 333.69,  0.217, 335.21,  0.178, 342.99,  0.142, 345.28,  0.125, 326.06,  0.120, 323.80,  0.126, 349.94,  0.172, 350.65,  0.158, 336.52,  0.113, 332.53,  0.068,  21.64,-99.000, -99.00,-99.000, -99.00,-99.000, -99.00,-99.000, -99.00,
9/8/2006 03:10:00, 11.2,275.9,  0.8,  3.2, 18.653, 29.17,  0.0,  0.0,  0.170,  12.89,  0.178,   8.40,  0.176,  12.46,  0.153, 332.76,  0.223, 345.47,  0.195, 329.89,  0.164, 344.44,  0.138, 327.12,  0.166, 323.06,  0.232, 326.79,  0.257, 322.91,  0.248, 332.40,  0.217, 336.97,  0.212, 328.48,  0.203, 322.00,  0.057,  13.07,-99.000, -99.00,-99.000, -99.00,-99.000, -99.00,-99.000, -99.00,
9/8/2006 03:15:00, 11.2,275.8,  0.8,  3.2, 18.667, 29.17,  0.0,  0.0,  0.193, 338.36,  0.205, 345.28,  0.138, 349.18,  0.169,   7.84,  0.189, 336.28,  0.155,  13.05,  0.169, 335.11,  0.186, 321.77,  0.174, 329.15,  0.237, 334.19,  0.183, 333.43,  0.295, 327.17,  0.224, 325.39,  0.192, 323.25,  0.189, 322.52,  0.044,  13.09,-99.000, -99.00,-99.000, -99.00,-99.000, -99.00,-99.000, -99.00,
9/8/2006 03:20:00, 11.2,275.9,  0.8,  3.1, 18.667, 29.17,  0.0,  0.0,  0.135,   5.96,  0.157,  42.42,  0.141, 351.87,  0.219, 354.50,  0.160,   2.15,  0.205, 335.56,  0.186,   5.25,  0.161, 359.64,  0.162, 346.82,  0.273, 344.69,  0.238, 328.38,  0.193, 299.08,  0.125, 340.41,  0.175, 352.79,  0.169, 343.17,  0.054,   0.00,-99.000, -99.00,-99.000, -99.00,-99.000, -99.00,-99.000, -99.00,
9/8/2006 03:25:00, 11.2,275.8,  0.8,  3.2, 18.672, 29.17,  0.0,  0.0,  0.181, 326.05,  0.112, 352.81,  0.198,   5.80,  0.223, 349.65,  0.182, 352.09,  0.178,  10.68,  0.153, 359.25,  0.243, 329.52,  0.268, 323.64,  0.256, 339.65,  0.249, 329.63,  0.203, 330.15,  0.227, 332.98,  0.188, 333.43,  0.153, 341.33,  0.089,  71.77,-99.000, -99.00,-99.000, -99.00,-99.000, -99.00,-99.000, -99.00,
9/8/2006 03:30:00, 11.2,275.8,  0.8,  3.2, 18.668, 29.17,  0.0,  0.0,  0.135, 334.96,  0.181, 321.29,  0.199, 321.12,  0.157, 341.45,  0.114, 313.22,  0.114, 333.89,  0.215, 332.01,  0.189, 339.94,  0.183, 300.48,  0.098, 315.00,  0.196, 321.84,  0.193, 305.74,  0.156, 328.34,  0.171, 355.99,  0.143, 316.70,  0.027, 208.44,-99.000, -99.00,-99.000, -99.00,-99.000, -99.00,-99.000, -99.00,
9/8/2006 03:35:00, 11.2,275.8,  0.8,  3.1, 18.667, 29.17,  0.0,  0.0,  0.197, 317.26,  0.155, 338.75,  0.095,   1.21,  0.081,  19.56,  0.123,  18.43,  0.150,   0.00,  0.121, 359.53,  0.151, 324.95,  0.134, 350.12,  0.125, 328.72,  0.069, 343.94,  0.124, 341.13,  0.166, 338.07,  0.145, 321.16,  0.075, 354.67,  0.011, 180.00,-99.000, -99.00,-99.000, -99.00,-99.000, -99.00,-99.000, -99.00,
9/8/2006 03:40:00, 11.2,275.9,  0.8,  3.2, 18.682, 29.17,  0.0,  0.0,  0.105, 304.90,  0.150, 301.68,  0.143, 353.17,  0.117, 316.04,  0.128, 332.03,  0.116, 333.88,  0.167, 328.98,  0.127, 338.28,  0.125, 310.45,  0.248, 313.04,  0.225, 319.15,  0.140, 333.62,  0.173,   5.97,  0.135, 336.47,  0.135, 339.15,  0.043,   1.33,-99.000, -99.00,-99.000, -99.00,-99.000, -99.00,-99.000, -99.00,
9/8/2006 03:45:00, 11.2,275.9,  0.8,  3.1, 18.681, 29.17,  0.0,  0.0,  0.144, 333.08,  0.112, 340.10,  0.107, 345.96,  0.150, 359.24,  0.133, 329.18,  0.108, 322.92,  0.092, 338.43,  0.150, 320.15,  0.160, 348.13,  0.179, 332.43,  0.109, 320.93,  0.084, 314.52,  0.125, 317.60,  0.086, 336.71,  0.094,  23.84,  0.040, 165.62,-99.000, -99.00,-99.000, -99.00,-99.000, -99.00,-99.000, -99.00,
9/8/2006 03:50:00, 11.2,275.9,  0.8,  3.1, 18.673, 29.18,  0.0,  0.0,  0.091,   9.46,  0.117, 346.20,  0.097,   4.13,  0.111, 293.33,  0.123, 333.43,  0.129, 298.15,  0.100, 322.33,  0.099, 331.11,  0.092, 334.27,  0.102, 308.66,  0.148, 333.95,  0.047, 324.61,  0.095, 303.02,  0.120, 327.89,  0.114, 338.39,  0.096, 136.68,-99.000, -99.00,-99.000, -99.00,-99.000, -99.00,-99.000, -99.00,
9/8/2006 03:55:00, 11.2,275.8,  0.8,  3.2, 18.686, 29.18,  0.0,  0.0,  0.093, 325.46,  0.056, 331.14,  0.087,   7.94,  0.053, 325.71,  0.046, 340.77,  0.053, 308.16,  0.075, 325.89,  0.036, 322.82,  0.106, 333.19,  0.132, 323.30,  0.082, 333.12,  0.102, 332.43,  0.170, 330.42,  0.151, 326.10,  0.132, 321.75,  0.061, 276.55,-99.000, -99.00,-99.000, -99.00,-99.000, -99.00,-99.000, -99.00,
9/8/2006 04:00:00, 11.2,275.9,  0.8,  3.1, 18.695, 29.18,  0.0,  0.0,  0.148, 333.61,  0.138, 342.74,  0.179, 332.72,  0.035,  41.50,  0.123, 326.31,  0.113, 324.34,  0.086, 317.37,  0.088, 273.90,  0.079, 311.93,  0.224, 304.82,  0.110, 328.32,  0.156, 345.16,  0.081, 322.56,  0.088, 324.69,  0.122, 333.23,  0.085, 227.86,-99.000, -99.00,-99.000, -99.00,-99.000, -99.00,-99.000, -99.00,
9/8/2006 04:05:00, 11.2,275.8,  0.8,  3.2, 18.691, 29.18,  0.0,  0.0,  0.154,   8.24,  0.192, 344.59,  0.210, 359.73,  0.104,   0.55,  0.152, 346.33,  0.099, 278.13,  0.103, 318.55,  0.125, 288.73,  0.171, 320.92,  0.142, 307.84,  0.145, 328.83,  0.119, 352.28,  0.162, 339.78,  0.172, 336.71,  0.107, 328.39,  0.146, 252.93,-99.000, -99.00,-99.000, -99.00,-99.000, -99.00,-99.000, -99.00,
9/8/2006 04:10:00, 11.2,275.8,  0.8,  3.1, 18.688, 29.18,  0.0,  0.0,  0.173, 352.34,  0.179, 321.79,  0.150, 351.17,  0.100, 321.87,  0.100, 345.55,  0.022, 339.15,  0.100, 317.03,  0.117, 302.47,  0.161, 320.56,  0.123, 349.24,  0.081, 307.01,  0.218, 336.73,  0.159, 322.41,  0.136, 353.66,  0.177, 348.63,  0.085, 214.44,-99.000, -99.00,-99.000, -99.00,-99.000, -99.00,-99.000, -99.00,
9/8/2006 04:15:00, 11.2,275.8,  0.8,  3.2, 18.704, 29.18,  0.0,  0.0,  0.093,  20.19,  0.128, 311.52,  0.142, 314.14,  0.103, 304.31,  0.110, 279.98,  0.071, 307.03,  0.097, 270.00,  0.216, 300.24,  0.111, 296.80,  0.178, 285.68,  0.131, 298.72,  0.150, 318.24,  0.145, 337.32,  0.233, 343.51,  0.178, 326.94,  0.123, 232.57,-99.000, -99.00,-99.000, -99.00,-99.000, -99.00,-99.000, -99.00,
9/8/2006 04:20:00, 11.2,275.9,  0.8,  3.1, 18.698, 29.18,  0.0,  0.0,  0.114, 323.94,  0.073, 354.52,  0.174, 339.48,  0.191, 283.31,  0.134, 285.59,  0.075, 293.50,  0.094, 318.87,  0.158, 315.00,  0.093, 294.90,  0.154, 300.07,  0.101, 353.72,  0.103, 319.34,  0.123, 333.43,  0.144,   1.99,  0.121, 354.76,  0.112, 211.14,-99.000, -99.00,-99.000, -99.00,-99.000, -99.00,-99.000, -99.00,
9/8/2006 04:25:00, 11.2,275.8,  0.8,  3.1, 18.704, 29.18,  0.0,  0.0,  0.095, 337.20,  0.139, 313.83,  0.134, 355.73,  0.125, 298.21,  0.125, 319.55,  0.155, 272.22,  0.124, 333.64,  0.085, 257.11,  0.041, 252.90,  0.128, 289.14,  0.127, 282.72,  0.072, 317.25,  0.102, 319.76,  0.114, 357.99,  0.136, 315.00,  0.164, 194.80,-99.000, -99.00,-99.000, -99.00,-99.000, -99.00,-99.000, -99.00,
9/8/2006 04:30:00, 11.2,275.9,  0.8,  3.1, 18.715, 29.18,  0.0,  0.0,  0.116,  32.32,  0.085, 336.45,  0.116,   6.45,  0.096, 353.99,  0.137, 327.24,  0.079, 273.62,  0.153, 293.54,  0.139, 312.08,  0.145, 288.43,  0.099, 288.80,  0.029, 296.57,  0.107, 288.60,  0.100, 337.77,  0.092, 340.39,  0.066, 347.85,  0.123, 262.99,-99.000, -99.00,-99.000, -99.00,-99.000, -99.00,-99.000, -99.00,
9/8/2006 04:35:00, 11.2,275.8,  0.8,  3.1, 18.730, 29.18,  0.0,  0.0,  0.098,  29.45,  0.198, 332.01,  0.041,   6.95,  0.047, 270.00,  0.105, 333.92,  0.055, 324.58,  0.027,  38.99,  0.134, 266.58,  0.015, 168.69,  0.224, 309.94,  0.020, 336.04,  0.098, 342.12,  0.087, 353.37,  0.152, 320.87,  0.118, 338.65,  0.082,  78.00,-99.000, -99.00,-99.000, -99.00,-99.000, -99.00,-99.000, -99.00,
9/8/2006 04:40:00, 11.2,275.9,  0.8,  3.2, 18.725, 29.18,  0.0,  0.0,  0.016,   0.00,  0.116, 255.00,  0.068, 281.80,  0.024, 284.62,  0.071, 270.81,  0.042, 350.31,  0.100, 234.73,  0.077, 270.00,  0.075, 294.51,  0.155, 272.22,  0.045, 288.03,  0.058, 300.11,  0.137, 291.34,  0.128, 311.52,  0.134, 306.18,  0.036, 249.08,-99.000, -99.00,-99.000, -99.00,-99.000, -99.00,-99.000, -99.00,
9/8/2006 04:45:00, 11.2,275.8,  0.8,  3.2, 18.743, 29.18,  0.0,  0.0,  0.049, 304.99,  0.058, 245.64,  0.142, 263.53,  0.053, 228.81,  0.079, 296.24,  0.059, 297.44,  0.051,  60.95,  0.137, 292.81,  0.095, 308.57,  0.045,  40.46,  0.080, 327.69,  0.107, 315.00,  0.073, 290.92,  0.082, 265.82,  0.023, 270.00,  0.061, 264.38,-99.000, -99.00,-99.000, -99.00,-99.000, -99.00,-99.000, -99.00,
9/8/2006 04:50:00, 11.2,275.8,  0.8,  3.1, 18.756, 29.17,  0.0,  0.0,  0.057,  55.75,  0.121, 306.96,  0.048, 305.68,  0.047,  55.30,  0.113, 320.39,  0.140, 296.20,  0.057, 353.99,  0.061, 298.24,  0.084, 278.23,  0.057, 318.53,  0.098, 314.17,  0.122, 325.66,  0.066, 357.40,  0.133, 304.89,  0.047, 294.94,  0.134, 201.41,-99.000, -99.00,-99.000, -99.00,-99.000, -99.00,-99.000, -99.00,
9/8/2006 04:55:00, 11.2,275.8,  0.8,  3.2, 18.760, 29.17,  0.0,  0.0,  0.119,  96.77,  0.085, 172.54,  0.048, 308.29,  0.087, 330.50,  0.179, 324.54,  0.045, 344.41,  0.108, 295.85,  0.113, 286.99,  0.088, 275.84,  0.108, 282.88,  0.059, 256.20,  0.047, 345.07,  0.045,  18.03,  0.097, 306.16,  0.084, 268.64,  0.085, 195.02,-99.000, -99.00,-99.000, -99.00,-99.000, -99.00,-99.000, -99.00,
9/8/2006 05:00:00, 11.2,275.8,  0.8,  3.2, 18.752, 29.17,  0.0,  0.0,  0.053, 263.54,  0.082, 277.73,  0.137, 312.05,  0.102, 292.53,  0.089, 341.57,  0.035, 253.61,  0.041,  88.60,  0.096, 283.89,  0.107, 258.17,  0.136, 276.34,  0.164, 285.56,  0.127, 243.23,  0.104, 241.21,  0.083, 238.80,  0.076, 275.26,  0.049, 239.24,-99.000, -99.00,-99.000, -99.00,-99.000, -99.00,-99.000, -99.00,
9/8/2006 05:05:00, 11.2,275.8,  0.8,  3.1, 18.763, 29.17,  0.0,  0.0,  0.082, 306.59,  0.085, 298.99,  0.075, 271.53,  0.085, 131.19,  0.062, 340.10,  0.084, 258.29,  0.118, 258.79,  0.060, 318.37,  0.082, 270.00,  0.123, 257.32,  0.115, 226.05,  0.104, 265.05,  0.052, 295.08,  0.051, 271.12,  0.054,  42.77,  0.157, 143.79,-99.000, -99.00,-99.000, -99.00,-99.000, -99.00,-99.000, -99.00,
9/8/2006 05:10:00, 11.2,275.8,  0.8,  3.1, 18.761, 29.17,  0.0,  0.0,  0.029, 218.05,  0.097, 357.64,  0.070, 299.13,  0.099,   1.16,  0.036, 356.82,  0.013, 355.60,  0.006, 308.66,  0.038, 234.64,  0.070, 298.02,  0.042, 213.31,  0.033, 280.62,  0.028,  52.31,  0.056, 281.31,  0.029, 330.75,  0.052,  40.36,  0.059, 232.55,-99.000, -99.00,-99.000, -99.00,-99.000, -99.00,-99.000, -99.00,
9/8/2006 05:15:00, 11.2,275.8,  0.8,  3.2, 18.782, 29.16,  0.0,  0.0,  0.084, 319.33,  0.066, 311.92,  0.086, 318.31,  0.047, 225.86,  0.031, 337.52,  0.110, 296.57,  0.151, 273.41,  0.055, 267.92,  0.211, 278.44,  0.142, 290.60,  0.180, 280.56,  0.141, 265.10,  0.130, 312.18,  0.035,   8.13,  0.049, 170.54,  0.187, 212.33,-99.000, -99.00,-99.000, -99.00,-99.000, -99.00,-99.000, -99.00,
9/8/2006 05:20:00, 11.2,275.9,  0.8,  3.2, 18.787, 29.16,  0.0,  0.0,  0.154, 347.23,  0.082, 300.96,  0.122, 319.65,  0.094,  97.35,  0.041, 308.00,  0.117, 270.98,  0.113, 294.07,  0.145, 291.43,  0.093, 298.22,  0.034, 294.30,  0.074, 234.37,  0.078, 275.86,  0.090, 267.46,  0.082, 277.04,  0.105, 233.13,  0.139, 211.18,-99.000, -99.00,-99.000, -99.00,-99.000, -99.00,-99.000, -99.00,
9/8/2006 05:25:00, 11.2,275.8,  0.8,  3.1, 18.799, 29.16,  0.0,  0.0,  0.065, 325.58,  0.033,  23.43,  0.079,   0.00,  0.091, 266.86,  0.107, 308.58,  0.177, 304.86,  0.096, 269.40,  0.087, 255.32,  0.102, 274.48,  0.063, 238.57,  0.048, 260.34,  0.037,  34.11,  0.103, 319.34,  0.071, 282.26,  0.092, 255.51,  0.195, 222.51,-99.000, -99.00,-99.000, -99.00,-99.000, -99.00,-99.000, -99.00,
9/8/2006 05:30:00, 11.2,275.8,  0.8,  3.1, 18.796, 29.16,  0.0,  0.0,  0.035, 340.02,  0.093, 305.39,  0.118,  10.74,  0.038, 332.10,  0.123, 295.10,  0.065, 304.92,  0.079, 312.42,  0.140, 302.44,  0.113, 311.42,  0.113, 280.21,  0.097, 291.04,  0.098, 281.77,  0.094, 295.75,  0.034, 325.84,  0.170, 114.75,  0.228, 122.99,-99.000, -99.00,-99.000, -99.00,-99.000, -99.00,-99.000, -99.00,
9/8/2006 05:35:00, 11.2,275.9,  0.8,  3.2, 18.802, 29.16,  0.0,  0.0,  0.135, 318.61,  0.090, 257.82,  0.039, 286.56,  0.119, 299.80,  0.080, 320.10,  0.015,   0.00,  0.069, 281.63,  0.061, 233.70,  0.052, 272.20,  0.145, 243.79,  0.024, 231.71,  0.062, 182.77,  0.089, 216.36,  0.036, 294.44,  0.036, 287.93,  0.063, 111.30,-99.000, -99.00,-99.000, -99.00,-99.000, -99.00,-99.000, -99.00,
9/8/2006 05:40:00, 11.2,275.8,  0.8,  3.1, 18.790, 29.16,  0.0,  0.0,  0.083,  55.35,  0.138, 174.99,  0.056, 193.54,  0.024, 172.87,  0.033, 215.13,  0.080,  93.58,  0.064, 350.98,  0.062, 290.77,  0.058, 333.43,  0.133, 248.84,  0.055, 280.49,  0.140, 297.66,  0.012, 214.99,  0.106, 261.34,  0.073, 209.36,  0.132, 172.18,-99.000, -99.00,-99.000, -99.00,-99.000, -99.00,-99.000, -99.00,
9/8/2006 05:45:00, 11.2,275.8,  0.8,  3.1, 18.812, 29.16,  0.0,  0.0,  0.074, 326.52,  0.032,  55.30,  0.121,  87.16,  0.076, 209.28,  0.038, 155.43,  0.106, 191.94,  0.073, 315.56,  0.071, 263.57,  0.056, 232.93,  0.020, 116.57,  0.043, 259.22,  0.060, 204.44,  0.068, 243.81,  0.067, 220.14,  0.072, 273.18,  0.017, 200.56,-99.000, -99.00,-99.000, -99.00,-99.000, -99.00,-99.000, -99.00,
9/8/2006 05:50:00, 11.2,275.9,  0.8,  3.2, 18.811, 29.16,  0.0,  0.0,  0.085, 353.21,  0.033, 135.00,  0.076,  91.51,  0.084, 110.16,  0.061, 214.99,  0.051, 178.88,  0.069, 200.27,  0.098, 135.83,  0.039, 203.96,  0.076, 120.96,  0.061,  93.75,  0.027, 291.80,  0.081, 207.82,  0.065, 219.35,  0.015,  82.41,  0.085, 184.04,-99.000, -99.00,-99.000, -99.00,-99.000, -99.00,-99.000, -99.00,
9/8/2006 05:55:00, 11.2,275.8,  0.8,  3.1, 18.824, 29.16,  0.0,  0.0,  0.112, 265.91,  0.122, 124.99,  0.082, 152.50,  0.087,  80.75,  0.080, 156.33,  0.070,  85.10,  0.112, 198.27,  0.042, 351.87,  0.035, 213.23,  0.077, 281.16,  0.051, 154.44,  0.074, 276.17,  0.101, 200.96,  0.189, 206.43,  0.319, 229.83,  0.349, 202.23,-99.000, -99.00,-99.000, -99.00,-99.000, -99.00,-99.000, -99.00,
9/8/2006 06:00:00, 11.2,275.8,  0.8,  3.1, 18.844, 29.16,  0.0,  0.0,  0.104, 340.35,  0.131, 330.69,  0.061,  51.63,  0.120, 324.18,  0.118, 294.61,  0.076, 328.39,  0.039,  59.53,  0.050,  74.85,  0.060,  49.71,  0.013,  90.00,  0.056, 134.27,  0.034, 149.62,  0.056, 221.38,  0.077, 262.50,  0.043, 259.22,  0.116, 227.79,-99.000, -99.00,-99.000, -99.00,-99.000, -99.00,-99.000, -99.00,
9/8/2006 06:05:00, 11.2,275.8,  0.8,  3.2, 18.853, 29.16,  0.0,  0.0,  0.029, 345.96,  0.126, 324.04,  0.057, 353.00,  0.079, 316.55,  0.062, 286.97,  0.037,  42.80,  0.091, 330.33,  0.101, 264.35,  0.107, 245.60,  0.094, 275.47,  0.120, 257.47,  0.089, 212.07,  0.059, 249.10,  0.065, 297.35,  0.038, 282.20,  0.097, 185.30,-99.000, -99.00,-99.000, -99.00,-99.000, -99.00,-99.000, -99.00,
9/8/2006 06:10:00, 11.2,275.9,  0.8,  3.2, 18.863, 29.15,  0.0,  0.0,  0.136, 288.03,  0.107, 300.87,  0.122, 308.37,  0.117, 299.62,  0.069, 222.05,  0.112, 327.02,  0.064, 326.56,  0.119, 291.18,  0.088, 288.64,  0.145, 290.19,  0.025, 310.10,  0.074, 292.38,  0.075, 302.01,  0.077, 332.10,  0.110, 332.97,  0.102, 224.20,-99.000, -99.00,-99.000, -99.00,-99.000, -99.00,-99.000, -99.00,
9/8/2006 06:15:00, 11.2,275.8,  0.8,  3.2, 18.860, 29.14,  0.0,  0.0,  0.031, 335.10,  0.067, 270.86,  0.125, 289.59,  0.031, 333.43,  0.064, 327.80,  0.057, 299.25,  0.077, 303.90,  0.073, 270.00,  0.105, 303.69,  0.096, 344.22,  0.096, 354.64,  0.134, 321.67,  0.129, 307.76,  0.065, 352.98,  0.050, 334.98,  0.129, 207.76,-99.000, -99.00,-99.000, -99.00,-99.000, -99.00,-99.000, -99.00,
9/8/2006 06:20:00, 11.2,275.8,  0.8,  3.1, 18.874, 29.14,  0.0,  0.0,  0.084, 321.77,  0.121, 315.34,  0.110, 302.39,  0.135, 291.25,  0.093, 341.76,  0.063,  15.57,  0.100, 270.00,  0.064, 302.20,  0.062, 347.97,  0.086, 270.00,  0.010, 270.00,  0.017, 353.29,  0.106, 324.96,  0.033,  12.34,  0.043,  95.31,  0.197, 179.42,-99.000, -99.00,-99.000, -99.00,-99.000, -99.00,-99.000, -99.00,
9/8/2006 06:25:00, 11.2,275.8,  0.8,  3.1, 18.877, 29.13,  0.0,  0.0,  0.086, 280.78,  0.048,  23.36,  0.014, 265.91,  0.145, 328.50,  0.094, 320.19,  0.153, 324.55,  0.061, 291.10,  0.122, 293.20,  0.162, 338.33,  0.221, 323.29,  0.135, 337.41,  0.112, 340.76,  0.062, 328.09,  0.025, 258.69,  0.031, 337.52,  0.109, 201.61,-99.000, -99.00,-99.000, -99.00,-99.000, -99.00,-99.000, -99.00,
9/8/2006 06:30:00, 11.2,275.8,  0.8,  3.1, 18.887, 29.14,  0.0,  0.0,  0.109,  32.67,  0.002, 296.57,  0.096, 308.66,  0.080, 275.71,  0.123, 351.61,  0.117, 356.58,  0.151, 281.09,  0.068, 354.12,  0.083, 350.31,  0.022,  15.95,  0.047, 298.22,  0.061, 300.80,  0.054, 330.12,  0.087, 334.03,  0.023, 311.42,  0.111, 195.66,-99.000, -99.00,-99.000, -99.00,-99.000, -99.00,-99.000, -99.00,
9/8/2006 06:35:00, 11.2,275.9,  0.8,  3.2, 18.882, 29.14,  0.0,  0.0,  0.108,   5.87,  0.116, 343.92,  0.156, 340.87,  0.056, 294.27,  0.099, 272.31,  0.092, 322.51,  0.081, 312.99,  0.055, 347.47,  0.071, 349.48,  0.066, 311.92,  0.113, 308.90,  0.117, 320.57,  0.046, 254.74,  0.004, 123.69,  0.103, 109.84,  0.100, 173.66,-99.000, -99.00,-99.000, -99.00,-99.000, -99.00,-99.000, -99.00,
9/8/2006 06:40:00, 11.2,275.8,  0.8,  3.1, 18.903, 29.14,  0.0,  0.0,  0.007, 153.43,  0.098,   9.37,  0.063,  41.78,  0.089, 352.23,  0.069,   2.49,  0.196, 325.18,  0.146, 336.96,  0.103, 307.87,  0.085, 321.65,  0.168, 312.83,  0.098, 290.83,  0.083, 342.44,  0.115, 326.73,  0.046,   1.25,  0.012, 255.96,  0.123, 203.44,-99.000, -99.00,-99.000, -99.00,-99.000, -99.00,-99.000, -99.00,
9/8/2006 06:45:00, 11.2,275.8,  0.8,  3.2, 18.905, 29.14,  0.0,  0.0,  0.029, 110.32,  0.086, 349.99,  0.134, 321.67,  0.152, 308.60,  0.065, 301.72,  0.082, 297.50,  0.047,  13.45,  0.089, 305.84,  0.100, 268.85,  0.089, 263.52,  0.140, 247.82,  0.102, 247.47,  0.034, 276.71,  0.030,   1.91,  0.014, 204.78,  0.099, 186.40,-99.000, -99.00,-99.000, -99.00,-99.000, -99.00,-99.000, -99.00,
9/8/2006 06:50:00, 11.2,275.8,  0.8,  3.1, 18.916, 29.14,  0.0,  0.0,  0.088, 335.18,  0.060, 318.37,  0.126, 310.50,  0.119, 309.87,  0.043, 298.93,  0.120, 292.07,  0.257, 278.51,  0.191, 254.80,  0.205, 272.51,  0.142, 283.45,  0.122, 267.18,  0.127, 305.70,  0.196, 309.21,  0.111, 274.12,  0.082, 269.30,  0.148, 210.37,-99.000, -99.00,-99.000, -99.00,-99.000, -99.00,-99.000, -99.00,
9/8/2006 06:55:00, 11.2,275.7,  0.8,  3.2, 18.922, 29.14,  0.0,  0.0,  0.064,  16.44,  0.156, 322.03,  0.097, 334.23,  0.194, 323.19,  0.122, 318.99,  0.146, 320.30,  0.106, 309.25,  0.098, 307.10,  0.186, 278.04,  0.083, 257.47,  0.096, 263.40,  0.012, 221.63,  0.005, 233.13,  0.058, 269.01,  0.050, 304.33,  0.148, 217.87,-99.000, -99.00,-99.000, -99.00,-99.000, -99.00,-99.000, -99.00,
9/8/2006 07:00:00, 11.2,275.7,  0.8,  3.2, 18.927, 29.13,  0.0,  0.0,  0.030,  66.04,  0.138, 352.51,  0.148, 295.18,  0.077, 332.10,  0.076, 325.68,  0.029, 270.00,  0.122, 276.13,  0.141, 287.79,  0.135, 269.58,  0.188, 258.03,  0.184, 238.13,  0.171, 245.53,  0.193, 268.52,  0.120, 280.56,  0.065, 277.02,  0.196, 198.71,-99.000, -99.00,-99.000, -99.00,-99.000, -99.00,-99.000, -99.00,
9/8/2006 07:05:00, 11.2,275.9,  0.8,  3.2, 18.932, 29.13,  0.0,  0.0,  0.088, 332.85,  0.178, 328.10,  0.065, 310.03,  0.170, 329.67,  0.220, 324.43,  0.091, 289.82,  0.093, 235.97,  0.095, 267.59,  0.140, 271.23,  0.164, 288.43,  0.129, 285.33,  0.154, 280.51,  0.148, 267.68,  0.101, 244.20,  0.056, 255.47,  0.110, 237.61,-99.000, -99.00,-99.000, -99.00,-99.000, -99.00,-99.000, -99.00,
9/8/2006 07:10:00, 11.2,275.9,  0.8,  3.1, 18.940, 29.13,  0.0,  0.0,  0.146,  40.56,  0.108, 327.49,  0.127, 253.00,  0.069, 320.30,  0.079, 337.66,  0.120, 337.93,  0.109, 263.66,  0.153, 271.50,  0.112, 290.38,  0.058, 280.92,  0.159, 274.32,  0.162, 283.18,  0.050, 272.29,  0.057, 267.99,  0.061, 301.61,  0.133, 257.85,-99.000, -99.00,-99.000, -99.00,-99.000, -99.00,-99.000, -99.00,
9/8/2006 07:15:00, 11.2,275.8,  0.8,  3.1, 18.946, 29.13,  0.0,  0.0,  0.046, 349.92,  0.134,   1.71,  0.151, 303.90,  0.065, 283.39,  0.141, 292.56,  0.127, 298.79,  0.040, 187.13,  0.067, 270.00,  0.155, 286.91,  0.152, 265.86,  0.147, 257.01,  0.155, 267.78,  0.195, 272.35,  0.109, 271.05,  0.094, 286.11,  0.144, 232.33,-99.000, -99.00,-99.000, -99.00,-99.000, -99.00,-99.000, -99.00,
9/8/2006 07:20:00, 11.2,275.8,  0.8,  3.2, 18.958, 29.13,  0.0,  0.0,  0.078, 343.65,  0.121, 325.78,  0.061,  10.39,  0.114, 332.31,  0.066, 315.00,  0.084, 318.37,  0.072, 344.60,  0.099, 319.09,  0.081, 284.21,  0.139, 269.18,  0.129, 315.00,  0.124, 293.26,  0.168, 275.81,  0.122, 291.71,  0.198, 293.20,  0.102, 237.40,-99.000, -99.00,-99.000, -99.00,-99.000, -99.00,-99.000, -99.00,
9/8/2006 07:25:00, 11.2,275.8,  0.8,  3.1, 18.966, 29.14,  0.0,  0.0,  0.128,  69.44,  0.093, 341.76,  0.144, 331.83,  0.155, 323.95,  0.164, 354.74,  0.171, 298.96,  0.104, 305.22,  0.138, 334.73,  0.150, 317.70,  0.168, 291.23,  0.180, 297.85,  0.130, 294.99,  0.141, 279.40,  0.166, 300.73,  0.218, 279.76,  0.102, 231.78,-99.000, -99.00,-99.000, -99.00,-99.000, -99.00,-99.000, -99.00,
9/8/2006 07:30:00, 11.2,275.8,  0.8,  3.1, 18.982, 29.14,  0.0,  0.0,  0.103, 304.31,  0.131, 303.21,  0.098, 317.06,  0.119, 312.95,  0.129, 304.55,  0.088, 267.40,  0.125, 320.19,  0.133, 303.33,  0.056, 328.86,  0.159, 316.78,  0.166, 312.81,  0.102, 298.84,  0.124, 299.05,  0.137, 292.27,  0.145, 266.05,  0.073, 240.26,-99.000, -99.00,-99.000, -99.00,-99.000, -99.00,-99.000, -99.00,
9/8/2006 07:35:00, 11.2,275.7,  0.8,  3.1, 18.978, 29.14,  0.0,  0.0,  0.211,   2.44,  0.141, 307.52,  0.140, 323.70,  0.091, 320.36,  0.201, 310.57,  0.166, 350.31,  0.102, 325.84,  0.116, 275.96,  0.134, 295.22,  0.155, 301.85,  0.130, 290.66,  0.153, 267.38,  0.185, 251.76,  0.118, 264.14,  0.170, 247.51,  0.125, 209.23,-99.000, -99.00,-99.000, -99.00,-99.000, -99.00,-99.000, -99.00,
9/8/2006 07:40:00, 11.2,275.8,  0.8,  3.1, 18.984, 29.14,  0.0,  0.0,  0.135, 354.46,  0.070, 305.73,  0.136, 296.75,  0.097, 330.26,  0.185, 330.95,  0.126, 349.49,  0.185, 337.74,  0.117, 330.80,  0.100, 315.00,  0.167, 302.55,  0.132, 295.98,  0.158, 272.17,  0.171, 281.11,  0.189, 278.22,  0.176, 301.52,  0.070, 266.73,-99.000, -99.00,-99.000, -99.00,-99.000, -99.00,-99.000, -99.00,
9/8/2006 07:45:00, 11.2,275.7,  0.8,  3.2, 18.986, 29.14,  0.0,  0.0,  0.176, 280.80,  0.138, 301.96,  0.119, 301.29,  0.204, 281.31,  0.101, 289.16,  0.200, 301.31,  0.146, 312.78,  0.143, 280.92,  0.176, 310.39,  0.197, 285.31,  0.154, 296.57,  0.129, 282.96,  0.201, 284.38,  0.154, 262.92,  0.246, 277.24,  0.058, 208.77,-99.000, -99.00,-99.000, -99.00,-99.000, -99.00,-99.000, -99.00,
9/8/2006 07:50:00, 11.2,275.8,  0.8,  3.2, 18.988, 29.14,  0.0,  0.0,  0.067, 306.53,  0.144, 284.91,  0.125, 284.81,  0.192, 308.01,  0.141, 309.81,  0.163, 275.29,  0.099, 321.16,  0.111, 293.81,  0.125, 305.22,  0.189, 327.74,  0.194, 303.85,  0.233, 308.54,  0.221, 292.04,  0.187, 295.33,  0.157, 296.89,  0.104, 265.05,-99.000, -99.00,-99.000, -99.00,-99.000, -99.00,-99.000, -99.00,
9/8/2006 07:55:00, 11.2,275.8,  0.8,  3.1, 18.983, 29.14,  0.0,  0.0,  0.119, 298.73,  0.122, 317.00,  0.179, 307.06,  0.211, 327.59,  0.219, 307.39,  0.199, 310.73,  0.243, 324.87,  0.100, 296.05,  0.165, 314.75,  0.156, 313.70,  0.210, 306.27,  0.285, 285.89,  0.226, 285.14,  0.183, 278.79,  0.189, 286.61,  0.124, 231.56,-99.000, -99.00,-99.000, -99.00,-99.000, -99.00,-99.000, -99.00,
9/8/2006 08:00:00, 11.2,275.8,  0.8,  3.1, 18.996, 29.14,  0.0,  0.0,  0.177, 329.09,  0.199, 334.98,  0.180, 318.15,  0.121, 321.71,  0.190, 323.55,  0.130, 310.31,  0.205, 326.93,  0.191, 325.89,  0.194, 315.63,  0.153, 314.74,  0.303, 303.27,  0.241, 288.66,  0.263, 294.03,  0.292, 294.28,  0.281, 278.79,  0.202, 256.24,-99.000, -99.00,-99.000, -99.00,-99.000, -99.00,-99.000, -99.00,
9/8/2006 08:05:00, 11.2,275.8,  0.8,  3.1, 19.002, 29.14,  0.0,  0.0,  0.276, 329.53,  0.197, 313.35,  0.166, 314.27,  0.106, 343.61,  0.208, 310.90,  0.199, 301.46,  0.174, 329.60,  0.171, 300.62,  0.177, 289.15,  0.128, 288.15,  0.242, 276.65,  0.244, 281.36,  0.256, 283.11,  0.273, 288.37,  0.210, 279.87,  0.189, 262.08,-99.000, -99.00,-99.000, -99.00,-99.000, -99.00,-99.000, -99.00,
9/8/2006 08:10:00, 11.2,275.8,  0.8,  3.2, 19.012, 29.14,  0.0,  0.0,  0.275, 335.30,  0.232, 332.77,  0.268, 331.71,  0.122, 310.35,  0.214, 337.15,  0.283, 326.53,  0.314, 312.16,  0.191, 309.04,  0.178, 305.65,  0.228, 301.39,  0.265, 293.09,  0.204, 296.19,  0.239, 291.09,  0.262, 283.24,  0.242, 272.84,  0.171, 233.80,-99.000, -99.00,-99.000, -99.00,-99.000, -99.00,-99.000, -99.00,
9/8/2006 08:15:00, 11.2,275.7,  0.8,  3.1, 19.015, 29.14,  0.0,  0.0,  0.152, 326.83,  0.198, 332.66,  0.146, 332.20,  0.253, 348.16,  0.312, 322.43,  0.191, 322.89,  0.273, 309.81,  0.292, 297.97,  0.286, 304.47,  0.269, 294.18,  0.321, 291.93,  0.263, 280.29,  0.319, 282.86,  0.261, 282.39,  0.201, 277.44,  0.141, 265.10,-99.000, -99.00,-99.000, -99.00,-99.000, -99.00,-99.000, -99.00,
9/8/2006 08:20:00, 11.2,275.7,  0.8,  3.2, 19.023, 29.14,  0.0,  0.0,  0.266, 350.25,  0.219, 337.42,  0.227,   1.26,  0.224,   8.46,  0.230, 311.30,  0.206, 320.12,  0.227, 335.24,  0.205, 340.59,  0.180, 325.16,  0.162, 309.49,  0.238, 289.35,  0.253, 283.49,  0.264, 286.51,  0.311, 287.62,  0.333, 264.31,  0.237, 255.32,-99.000, -99.00,-99.000, -99.00,-99.000, -99.00,-99.000, -99.00,
9/8/2006 08:25:00, 11.2,275.7,  0.8,  3.2, 19.023, 29.14,  0.0,  0.0,  0.228, 348.89,  0.259, 331.95,  0.296, 305.36,  0.287, 317.54,  0.319, 330.05,  0.250, 302.74,  0.284, 306.55,  0.326, 311.52,  0.263, 305.87,  0.303, 310.72,  0.300, 310.27,  0.279, 297.30,  0.242, 284.61,  0.281, 289.34,  0.267, 289.93,  0.225, 269.49,-99.000, -99.00,-99.000, -99.00,-99.000, -99.00,-99.000, -99.00,
9/8/2006 08:30:00, 11.2,275.8,  0.8,  3.2, 19.032, 29.13,  0.0,  0.0,  0.119, 334.72,  0.235, 335.07,  0.255, 325.56,  0.215, 330.82,  0.267, 306.48,  0.241, 305.87,  0.230, 292.77,  0.254, 288.58,  0.297, 284.41,  0.325, 285.70,  0.286, 281.90,  0.234, 299.74,  0.316, 289.98,  0.336, 273.42,  0.289, 284.42,  0.286, 280.68,-99.000, -99.00,-99.000, -99.00,-99.000, -99.00,-99.000, -99.00,
9/8/2006 08:35:00, 11.2,275.7,  0.8,  3.2, 19.017, 29.13,  0.0,  0.0,  0.251, 350.35,  0.256, 348.51,  0.251, 326.37,  0.318, 326.41,  0.338, 338.83,  0.262, 314.23,  0.263, 320.56,  0.282, 314.86,  0.287, 306.51,  0.345, 308.06,  0.257, 299.16,  0.203, 297.19,  0.237, 307.11,  0.319, 306.58,  0.304, 306.04,  0.217, 294.55,-99.000, -99.00,-99.000, -99.00,-99.000, -99.00,-99.000, -99.00,
9/8/2006 08:40:00, 11.2,275.8,  0.8,  3.1, 19.030, 29.14,  0.0,  0.0,  0.272, 286.44,  0.234, 317.78,  0.229, 303.76,  0.288, 309.65,  0.254, 317.39,  0.217, 317.42,  0.161, 309.71,  0.258, 304.12,  0.274, 302.01,  0.323, 308.96,  0.302, 316.21,  0.293, 298.58,  0.278, 286.48,  0.328, 298.75,  0.306, 289.26,  0.073, 267.65,-99.000, -99.00,-99.000, -99.00,-99.000, -99.00,-99.000, -99.00,
9/8/2006 08:45:00, 11.2,275.8,  0.8,  3.1, 19.028, 29.14,  0.0,  0.0,  0.255, 305.75,  0.317, 295.19,  0.230, 283.55,  0.287, 283.89,  0.295, 288.37,  0.231, 277.46,  0.298, 290.02,  0.219, 299.49,  0.308, 300.64,  0.336, 304.21,  0.256, 282.41,  0.272, 292.23,  0.194, 303.20,  0.251, 298.50,  0.214, 296.68,  0.165, 270.00,-99.000, -99.00,-99.000, -99.00,-99.000, -99.00,-99.000, -99.00,
9/8/2006 08:50:00, 11.2,275.8,  0.8,  3.2, 19.040, 29.15,  0.0,  0.0,  0.303, 321.96,  0.283, 311.41,  0.303, 315.40,  0.231, 294.24,  0.281, 317.74,  0.267, 296.47,  0.293, 294.64,  0.353, 291.98,  0.276, 289.03,  0.340, 295.06,  0.330, 308.36,  0.259, 302.52,  0.221, 298.42,  0.308, 304.82,  0.306, 299.74,  0.148, 273.48,-99.000, -99.00,-99.000, -99.00,-99.000, -99.00,-99.000, -99.00,
9/8/2006 08:55:00, 11.2,275.7,  0.8,  3.1, 19.027, 29.15,  0.0,  0.0,  0.304, 301.81,  0.305, 295.81,  0.314, 282.71,  0.269, 277.68,  0.248, 290.26,  0.287, 312.88,  0.280, 303.80,  0.277, 307.66,  0.322, 318.78,  0.215, 317.83,  0.260, 316.56,  0.222, 313.18,  0.227, 311.07,  0.219, 311.48,  0.249, 315.00,  0.214, 279.68,-99.000, -99.00,-99.000, -99.00,-99.000, -99.00,-99.000, -99.00,
9/8/2006 09:00:00, 11.2,275.7,  0.8,  3.1, 19.040, 29.15,  0.0,  0.0,  0.207, 314.02,  0.199, 285.15,  0.314, 290.92,  0.287, 303.47,  0.236, 304.63,  0.251, 291.04,  0.244, 300.04,  0.249, 302.86,  0.222, 299.46,  0.238, 300.88,  0.257, 311.06,  0.250, 331.08,  0.288, 315.70,  0.239, 306.68,  0.201, 323.30,  0.107, 302.06,-99.000, -99.00,-99.000, -99.00,-99.000, -99.00,-99.000, -99.00,
9/8/2006 09:05:00, 11.2,275.9,  0.8,  3.1, 19.038, 29.15,  0.0,  0.0,  0.241, 320.04,  0.332, 303.83,  0.179, 316.58,  0.368, 311.26,  0.328, 301.80,  0.301, 295.55,  0.355, 302.71,  0.243, 301.21,  0.318, 295.35,  0.289, 302.43,  0.244, 294.46,  0.211, 300.08,  0.223, 296.91,  0.328, 283.57,  0.269, 289.78,  0.274, 277.98,-99.000, -99.00,-99.000, -99.00,-99.000, -99.00,-99.000, -99.00,
9/8/2006 09:10:00, 11.2,275.7,  0.8,  3.2, 19.037, 29.15,  0.0,  0.0,  0.202, 359.15,  0.277, 303.35,  0.267, 310.30,  0.278, 318.50,  0.303, 317.41,  0.237, 303.62,  0.360, 310.60,  0.278, 324.82,  0.305, 309.28,  0.266, 305.66,  0.232, 289.69,  0.203, 273.38,  0.287, 273.40,  0.245, 276.08,  0.321, 273.58,  0.230, 259.23,-99.000, -99.00,-99.000, -99.00,-99.000, -99.00,-99.000, -99.00,
9/8/2006 09:15:00, 11.2,275.8,  0.8,  3.1, 19.038, 29.16,  0.0,  0.0,  0.245, 323.46,  0.257, 319.25,  0.254, 320.60,  0.269, 304.70,  0.222, 304.19,  0.219, 315.37,  0.240, 296.46,  0.213, 291.15,  0.237, 290.50,  0.254, 285.29,  0.219, 278.13,  0.193, 269.11,  0.223, 269.49,  0.217, 283.07,  0.215, 277.49,  0.213, 248.85,-99.000, -99.00,-99.000, -99.00,-99.000, -99.00,-99.000, -99.00,
9/8/2006 09:20:00, 11.2,275.8,  0.8,  3.2, 19.041, 29.16,  0.0,  0.0,  0.189, 309.42,  0.246, 301.68,  0.211, 289.98,  0.216, 305.75,  0.276, 289.68,  0.254, 298.99,  0.281, 299.85,  0.247, 288.66,  0.269, 298.19,  0.343, 286.96,  0.215, 279.90,  0.216, 267.08,  0.311, 279.07,  0.277, 282.28,  0.214, 279.42,  0.174, 255.72,-99.000, -99.00,-99.000, -99.00,-99.000, -99.00,-99.000, -99.00,
9/8/2006 09:25:00, 11.2,275.8,  0.8,  3.1, 19.029, 29.16,  0.0,  0.0,  0.159, 340.20,  0.190, 315.64,  0.259, 334.33,  0.245, 329.36,  0.173, 309.13,  0.219, 299.84,  0.279, 312.67,  0.244, 308.18,  0.163, 307.29,  0.258, 301.23,  0.255, 299.08,  0.289, 291.95,  0.216, 287.76,  0.272, 290.43,  0.276, 278.75,  0.230, 240.32,-99.000, -99.00,-99.000, -99.00,-99.000, -99.00,-99.000, -99.00,
9/8/2006 09:30:00, 11.2,275.7,  0.8,  3.1, 19.029, 29.16,  0.0,  0.0,  0.240, 353.53,  0.297, 331.19,  0.275, 333.62,  0.230, 316.59,  0.192, 300.96,  0.204, 296.19,  0.214, 303.17,  0.233, 289.06,  0.266, 282.37,  0.296, 281.88,  0.184, 282.23,  0.249, 282.98,  0.257, 267.10,  0.351, 273.92,  0.241, 266.91,  0.261, 262.74,-99.000, -99.00,-99.000, -99.00,-99.000, -99.00,-99.000, -99.00,
9/8/2006 09:35:00, 11.2,275.8,  0.8,  3.1, 19.040, 29.16,  0.0,  0.0,  0.238,   5.78,  0.212, 305.79,  0.236, 335.50,  0.189, 327.06,  0.177, 317.75,  0.186, 301.81,  0.176, 298.17,  0.217, 295.97,  0.215, 281.83,  0.354, 287.26,  0.231, 283.80,  0.224, 260.75,  0.299, 263.47,  0.186, 266.00,  0.203, 270.56,  0.183, 264.04,-99.000, -99.00,-99.000, -99.00,-99.000, -99.00,-99.000, -99.00,
9/8/2006 09:40:00, 11.2,275.7,  0.8,  3.2, 19.033, 29.16,  0.0,  0.0,  0.207, 356.13,  0.222, 340.02,  0.238, 342.17,  0.198, 358.55,  0.278, 335.56,  0.187, 344.48,  0.230, 314.82,  0.128, 293.55,  0.197, 288.07,  0.167, 270.69,  0.293, 267.85,  0.371, 273.56,  0.257, 283.50,  0.252, 259.72,  0.240, 261.13,  0.159, 255.09,-99.000, -99.00,-99.000, -99.00,-99.000, -99.00,-99.000, -99.00,
9/8/2006 09:45:00, 11.2,275.8,  0.8,  3.2, 19.024, 29.17,  0.0,  0.0,  0.258,   2.88,  0.153, 334.44,  0.116, 304.79,  0.097, 334.23,  0.184, 309.93,  0.124, 325.16,  0.209, 306.65,  0.251, 303.12,  0.228, 294.09,  0.273, 278.22,  0.216, 285.84,  0.250, 279.42,  0.230, 271.74,  0.250, 275.96,  0.243, 269.53,  0.156, 225.00,-99.000, -99.00,-99.000, -99.00,-99.000, -99.00,-99.000, -99.00,
9/8/2006 09:50:00, 11.2,275.8,  0.8,  3.2, 19.027, 29.17,  0.0,  0.0,  0.259, 357.79,  0.235, 340.10,  0.200, 343.11,  0.170, 343.59,  0.189, 326.65,  0.160, 338.40,  0.110, 307.60,  0.202, 306.36,  0.234, 297.77,  0.219, 282.96,  0.301, 283.44,  0.269, 280.93,  0.286, 266.39,  0.341, 261.92,  0.258, 269.33,  0.199, 233.99,-99.000, -99.00,-99.000, -99.00,-99.000, -99.00,-99.000, -99.00,
9/8/2006 09:55:00, 11.2,275.8,  0.8,  3.1, 19.030, 29.18,  0.0,  0.0,  0.260, 331.57,  0.187, 353.86,  0.217, 344.24,  0.175, 336.07,  0.189, 313.50,  0.204, 316.19,  0.179, 308.66,  0.188, 290.56,  0.243, 281.86,  0.266, 289.52,  0.338, 288.43,  0.291, 273.75,  0.304, 270.75,  0.294, 272.34,  0.283, 276.70,  0.224, 263.60,-99.000, -99.00,-99.000, -99.00,-99.000, -99.00,-99.000, -99.00,
9/8/2006 10:00:00, 11.2,275.8,  0.8,  3.2, 19.030, 29.18,  0.0,  0.0,  0.180, 351.06,  0.104, 324.01,  0.085,  16.31,  0.213, 340.80,  0.182, 343.06,  0.185, 334.68,  0.187, 329.04,  0.163, 305.54,  0.187, 297.80,  0.119, 268.56,  0.241, 298.48,  0.206, 285.79,  0.249, 273.92,  0.162, 259.32,  0.205, 282.95,  0.191, 261.28,-99.000, -99.00,-99.000, -99.00,-99.000, -99.00,-99.000, -99.00,
9/8/2006 10:05:00, 11.2,276.0,  0.8,  3.1, 19.031, 29.18,  0.0,  0.0,  0.125, 337.94,  0.214, 327.57,  0.175, 331.68,  0.236, 337.02,  0.304, 328.45,  0.196, 333.96,  0.306, 311.56,  0.211, 320.19,  0.231, 320.80,  0.209, 286.70,  0.247, 287.19,  0.177, 270.00,  0.240, 276.21,  0.254, 271.13,  0.185, 281.25,  0.063, 245.48,-99.000, -99.00,-99.000, -99.00,-99.000, -99.00,-99.000, -99.00,
9/8/2006 10:10:00, 11.2,275.8,  0.8,  3.2, 19.028, 29.19,  0.0,  0.0,  0.170, 314.29,  0.291, 277.10,  0.258, 282.53,  0.282, 296.29,  0.206, 294.95,  0.128, 283.06,  0.076, 299.28,  0.141, 259.80,  0.103, 309.88,  0.134, 282.90,  0.197, 259.49,  0.248, 258.37,  0.310, 263.33,  0.191, 253.85,  0.202, 263.75,  0.113, 221.76,-99.000, -99.00,-99.000, -99.00,-99.000, -99.00,-99.000, -99.00,
9/8/2006 10:15:00, 11.2,275.7,  0.8,  3.2, 19.024, 29.19,  0.0,  0.0,  0.266, 326.19,  0.293, 304.56,  0.152, 286.05,  0.176, 298.90,  0.220, 280.75,  0.260, 275.95,  0.303, 284.54,  0.206, 296.57,  0.295, 290.65,  0.237, 308.66,  0.233, 285.95,  0.206, 283.77,  0.156, 286.00,  0.220, 279.16,  0.303, 270.19,  0.146, 239.04,-99.000, -99.00,-99.000, -99.00,-99.000, -99.00,-99.000, -99.00,
9/8/2006 10:20:00, 11.2,275.7,  0.8,  3.2, 19.019, 29.19,  0.0,  0.0,  0.274, 339.52,  0.168, 307.49,  0.245, 299.08,  0.217, 302.37,  0.232, 298.00,  0.246, 320.43,  0.205, 313.03,  0.213, 292.35,  0.165, 299.05,  0.239, 287.07,  0.255, 276.54,  0.289, 271.59,  0.215, 263.87,  0.272, 273.80,  0.188, 277.66,  0.266, 260.04,-99.000, -99.00,-99.000, -99.00,-99.000, -99.00,-99.000, -99.00,
9/8/2006 10:25:00, 11.2,275.8,  0.8,  3.1, 19.020, 29.19,  0.0,  0.0,  0.214, 322.22,  0.185, 305.75,  0.253, 309.54,  0.262, 305.21,  0.221, 298.30,  0.243, 291.27,  0.243, 300.36,  0.187, 309.14,  0.230, 274.25,  0.200, 265.40,  0.215, 273.46,  0.211, 276.25,  0.250, 275.51,  0.298, 267.31,  0.228, 271.01,  0.093, 243.98,-99.000, -99.00,-99.000, -99.00,-99.000, -99.00,-99.000, -99.00,
9/8/2006 10:30:00, 11.2,275.9,  0.8,  3.2, 19.013, 29.20,  0.0,  0.0,  0.152, 324.64,  0.160, 326.71,  0.231, 325.21,  0.123, 330.72,  0.196,   4.40,  0.139, 314.13,  0.205, 304.47,  0.098, 327.93,  0.201, 302.58,  0.192, 268.81,  0.258, 277.57,  0.222, 283.03,  0.215, 276.96,  0.172, 272.66,  0.255, 265.50,  0.228, 238.82,-99.000, -99.00,-99.000, -99.00,-99.000, -99.00,-99.000, -99.00,
9/8/2006 10:35:00, 11.2,275.9,  0.8,  3.1, 19.002, 29.20,  0.0,  0.0,  0.183, 330.22,  0.168, 317.41,  0.166, 320.86,  0.143, 303.91,  0.172, 272.66,  0.189, 282.20,  0.211, 294.98,  0.203, 287.81,  0.182, 296.42,  0.271, 296.09,  0.248, 297.91,  0.224, 287.95,  0.175, 266.40,  0.245, 272.10,  0.224, 277.70,  0.195, 244.22,-99.000, -99.00,-99.000, -99.00,-99.000, -99.00,-99.000, -99.00,
9/8/2006 10:40:00, 11.2,275.7,  0.8,  3.1, 19.008, 29.21,  0.0,  0.0,  0.220, 309.27,  0.255, 319.13,  0.231, 319.21,  0.272, 316.19,  0.308, 295.40,  0.192, 305.68,  0.167, 295.49,  0.197, 294.61,  0.127, 254.43,  0.213, 288.09,  0.221, 280.70,  0.226, 265.17,  0.276, 255.11,  0.272, 262.82,  0.256, 266.41,  0.204, 240.29,-99.000, -99.00,-99.000, -99.00,-99.000, -99.00,-99.000, -99.00,
9/8/2006 10:45:00, 11.2,275.9,  0.8,  3.1, 18.998, 29.21,  0.0,  0.0,  0.160, 309.67,  0.176, 299.18,  0.134, 326.90,  0.176, 306.93,  0.150, 310.39,  0.112, 325.60,  0.103, 315.78,  0.175, 318.01,  0.147, 310.86,  0.181, 285.73,  0.184, 290.01,  0.185, 313.03,  0.233, 294.91,  0.345, 300.28,  0.265, 288.71,  0.170, 248.57,-99.000, -99.00,-99.000, -99.00,-99.000, -99.00,-99.000, -99.00,
9/8/2006 10:50:00, 11.2,275.7,  0.8,  3.1, 18.981, 29.21,  0.0,  0.0,  0.145, 311.07,  0.132, 291.32,  0.127, 310.21,  0.133, 324.16,  0.129, 333.24,  0.142, 334.16,  0.162, 329.64,  0.183, 311.69,  0.229, 293.43,  0.315, 294.37,  0.189, 284.99,  0.287, 292.10,  0.280, 281.55,  0.192, 265.81,  0.218, 256.22,  0.222, 261.72,-99.000, -99.00,-99.000, -99.00,-99.000, -99.00,-99.000, -99.00,
9/8/2006 10:55:00, 11.2,275.9,  0.9,  3.1, 18.979, 29.22,  0.0,  0.0,  0.173, 327.05,  0.136, 308.73,  0.151, 286.99,  0.267, 290.88,  0.240, 278.40,  0.146, 296.39,  0.157, 294.11,  0.197, 278.46,  0.222, 287.54,  0.224, 284.72,  0.272, 274.43,  0.185, 271.86,  0.236, 285.98,  0.188, 278.56,  0.205, 277.58,  0.227, 264.19,-99.000, -99.00,-99.000, -99.00,-99.000, -99.00,-99.000, -99.00,
9/8/2006 11:00:00, 11.2,275.8,  0.8,  3.1, 18.973, 29.22,  0.0,  0.0,  0.148, 305.63,  0.106, 296.32,  0.215, 265.72,  0.231, 312.89,  0.036, 320.60,  0.201, 305.67,  0.181, 282.73,  0.122, 286.65,  0.120, 301.70,  0.135, 262.35,  0.072, 298.35,  0.147, 274.28,  0.199, 273.45,  0.205, 263.84,  0.208, 242.57,  0.173, 246.10,-99.000, -99.00,-99.000, -99.00,-99.000, -99.00,-99.000, -99.00,
9/8/2006 11:05:00, 11.2,275.9,  0.8,  3.2, 18.964, 29.22,  0.0,  0.0,  0.148, 358.45,  0.143, 273.60,  0.125, 317.60,  0.099, 305.94,  0.207, 293.60,  0.195, 296.17,  0.230, 278.24,  0.240, 287.98,  0.248, 271.16,  0.182, 266.86,  0.248, 271.62,  0.256, 268.66,  0.275, 262.69,  0.321, 254.10,  0.243, 255.68,  0.192, 249.58,-99.000, -99.00,-99.000, -99.00,-99.000, -99.00,-99.000, -99.00,
9/8/2006 11:10:00, 11.2,275.9,  0.9,  3.1, 18.948, 29.22,  0.0,  0.0,  0.052, 346.76,  0.125, 284.81,  0.116, 294.36,  0.111, 305.12,  0.171, 326.96,  0.137, 316.18,  0.186, 331.78,  0.222, 306.77,  0.114, 299.49,  0.170, 284.69,  0.236, 300.80,  0.159, 290.60,  0.290, 298.42,  0.263, 292.85,  0.239, 281.08,  0.197, 275.54,-99.000, -99.00,-99.000, -99.00,-99.000, -99.00,-99.000, -99.00,
9/8/2006 11:15:00, 11.2,275.9,  0.9,  3.1, 18.946, 29.23,  0.0,  0.0,  0.248, 326.18,  0.093, 333.16,  0.202, 296.44,  0.128, 322.95,  0.163, 285.99,  0.192, 304.60,  0.118, 326.45,  0.106, 303.84,  0.124, 315.98,  0.103, 314.60,  0.210, 274.92,  0.207, 263.05,  0.156, 281.81,  0.215, 267.60,  0.246, 270.47,  0.118, 252.79,-99.000, -99.00,-99.000, -99.00,-99.000, -99.00,-99.000, -99.00,
9/8/2006 11:20:00, 11.2,275.9,  0.9,  3.2, 18.934, 29.23,  0.0,  0.0,  0.265, 317.14,  0.242, 329.20,  0.114, 331.19,  0.106, 305.04,  0.043, 321.55,  0.143, 302.13,  0.083, 270.69,  0.176, 311.55,  0.154, 337.09,  0.152, 350.54,  0.224, 343.10,  0.237, 316.54,  0.268, 310.76,  0.220, 299.71,  0.232, 291.48,  0.177, 276.16,-99.000, -99.00,-99.000, -99.00,-99.000, -99.00,-99.000, -99.00,
9/8/2006 11:25:00, 11.2,275.9,  0.9,  3.1, 18.936, 29.23,  0.0,  0.0,  0.057, 263.99,  0.129, 316.89,  0.114, 323.53,  0.118, 307.75,  0.149, 310.64,  0.145, 300.63,  0.151, 246.65,  0.148, 294.32,  0.145, 293.20,  0.173, 298.35,  0.196, 301.42,  0.080, 299.12,  0.211, 273.53,  0.157, 278.44,  0.193, 307.64,  0.120, 291.45,-99.000, -99.00,-99.000, -99.00,-99.000, -99.00,-99.000, -99.00,
9/8/2006 11:30:00, 11.2,275.8,  0.9,  3.2, 18.930, 29.24,  0.0,  0.0,  0.087, 316.40,  0.202, 314.40,  0.153, 319.52,  0.074, 329.97,  0.195, 323.13,  0.141, 304.59,  0.213, 315.19,  0.201, 309.95,  0.240, 320.07,  0.211, 311.54,  0.239, 310.76,  0.206, 294.95,  0.218, 289.27,  0.185, 260.33,  0.212, 272.43,  0.160, 258.13,-99.000, -99.00,-99.000, -99.00,-99.000, -99.00,-99.000, -99.00,
9/8/2006 11:35:00, 11.2,275.9,  0.9,  3.1, 18.923, 29.24,  0.0,  0.0,  0.129, 309.98,  0.126, 299.01,  0.157, 292.14,  0.078, 299.20,  0.190, 308.80,  0.149, 331.54,  0.158, 302.58,  0.123, 328.24,  0.097, 326.31,  0.098, 327.44,  0.179, 284.19,  0.251, 296.46,  0.116, 309.74,  0.206, 279.51,  0.172, 274.32,  0.140, 255.07,-99.000, -99.00,-99.000, -99.00,-99.000, -99.00,-99.000, -99.00,
9/8/2006 11:40:00, 11.2,276.0,  0.9,  3.2, 18.919, 29.24,  0.0,  0.0,  0.144, 287.81,  0.120, 285.42,  0.107, 351.95,  0.138, 282.53,  0.110, 295.87,  0.084, 325.18,  0.121, 307.25,  0.097, 289.18,  0.136, 258.52,  0.246, 286.74,  0.137, 307.87,  0.131, 285.10,  0.236, 284.21,  0.208, 281.36,  0.234, 303.15,  0.114, 259.88,-99.000, -99.00,-99.000, -99.00,-99.000, -99.00,-99.000, -99.00,
9/8/2006 11:45:00, 11.2,275.9,  0.9,  3.1, 18.910, 29.24,  0.0,  0.0,  0.171, 311.69,  0.138, 310.87,  0.185, 334.68,  0.219, 344.88,  0.187, 329.88,  0.209, 315.00,  0.174, 298.93,  0.154, 292.56,  0.179, 294.71,  0.188, 285.74,  0.052, 293.63,  0.127, 279.98,  0.128, 288.72,  0.218, 263.95,  0.099, 265.38,  0.096, 251.75,-99.000, -99.00,-99.000, -99.00,-99.000, -99.00,-99.000, -99.00,
9/8/2006 11:50:00, 11.2,275.9,  0.9,  3.1, 18.902, 29.25,  0.0,  0.0,  0.149, 341.20,  0.186, 298.91,  0.191, 337.59,  0.148, 327.38,  0.107, 278.58,  0.158, 298.84,  0.213, 298.98,  0.137, 279.67,  0.160, 270.36,  0.148, 295.18,  0.085, 282.89,  0.143, 280.05,  0.112, 292.66,  0.094, 292.48,  0.155, 274.06,  0.077, 232.39,-99.000, -99.00,-99.000, -99.00,-99.000, -99.00,-99.000, -99.00,
9/8/2006 11:55:00, 11.2,275.8,  0.9,  3.1, 18.897, 29.25,  0.0,  0.0,  0.135, 308.06,  0.183, 295.87,  0.177, 319.36,  0.216, 320.26,  0.222, 307.49,  0.147, 335.52,  0.216, 332.96,  0.151, 313.12,  0.106, 272.16,  0.122, 270.94,  0.196, 289.36,  0.125, 266.79,  0.139, 260.88,  0.272, 272.11,  0.224, 279.25,  0.180, 267.77,-99.000, -99.00,-99.000, -99.00,-99.000, -99.00,-99.000, -99.00,
9/8/2006 12:00:00, 11.2,276.0,  0.9,  3.1, 18.882, 29.25,  0.0,  0.0,  0.127, 286.87,  0.185, 301.55,  0.152, 334.28,  0.130, 342.96,  0.147, 332.04,  0.103, 345.96,  0.162, 321.51,  0.091, 322.62,  0.191, 304.11,  0.205, 324.92,  0.222, 314.64,  0.174, 307.53,  0.142, 343.61,  0.102, 341.03,  0.150, 316.08,  0.157, 287.40,-99.000, -99.00,-99.000, -99.00,-99.000, -99.00,-99.000, -99.00,
9/8/2006 12:05:00, 11.2,275.8,  0.8,  3.2, 18.869, 29.25,  0.0,  0.0,  0.073, 294.12,  0.111, 324.16,  0.122, 336.37,  0.172, 267.67,  0.228, 290.59,  0.119, 278.67,  0.132, 278.25,  0.050, 270.00,  0.160, 281.87,  0.229, 263.74,  0.235, 270.49,  0.161, 258.90,  0.140, 264.25,  0.215, 264.40,  0.120, 294.01,  0.073, 213.25,-99.000, -99.00,-99.000, -99.00,-99.000, -99.00,-99.000, -99.00,
9/8/2006 12:10:00, 11.2,276.0,  0.9,  3.1, 18.862, 29.26,  0.0,  0.0,  0.056, 333.43,  0.118, 328.87,  0.166, 314.27,  0.115, 314.29,  0.099, 337.34,  0.065, 323.13,  0.161, 314.75,  0.158, 300.78,  0.117, 253.58,  0.154, 270.00,  0.156, 278.86,  0.128, 255.53,  0.112, 254.48,  0.197, 260.97,  0.195, 265.29,  0.138, 242.88,-99.000, -99.00,-99.000, -99.00,-99.000, -99.00,-99.000, -99.00,
9/8/2006 12:15:00, 11.2,275.9,  0.9,  3.1, 18.854, 29.26,  0.0,  0.0,  0.156, 319.16,  0.169, 310.67,  0.163, 303.50,  0.152, 281.38,  0.141, 305.16,  0.058, 302.32,  0.057, 286.22,  0.109, 254.56,  0.176, 292.04,  0.156, 276.26,  0.172, 282.09,  0.288, 279.79,  0.162, 275.68,  0.168, 279.57,  0.192, 269.70,  0.202, 243.56,-99.000, -99.00,-99.000, -99.00,-99.000, -99.00,-99.000, -99.00,
9/8/2006 12:20:00, 11.2,276.0,  0.9,  3.1, 18.845, 29.26,  0.0,  0.0,  0.110, 338.10,  0.118, 304.63,  0.102, 311.03,  0.110, 356.36,  0.047, 222.44,  0.061, 249.78,  0.031, 178.15,  0.074, 288.19,  0.158, 290.39,  0.145, 295.68,  0.151, 297.58,  0.125, 274.57,  0.124, 287.41,  0.165, 288.00,  0.193, 280.73,  0.197, 225.41,-99.000, -99.00,-99.000, -99.00,-99.000, -99.00,-99.000, -99.00,
9/8/2006 12:25:00, 11.2,275.9,  0.9,  3.1, 18.842, 29.27,  0.0,  0.0,  0.078, 330.16,  0.029, 313.60,  0.128, 315.32,  0.158, 345.70,  0.151, 305.27,  0.074, 336.19,  0.096, 311.63,  0.108, 305.60,  0.066, 285.71,  0.192, 333.70,  0.108, 341.73,  0.141, 298.94,  0.161, 299.44,  0.084, 286.50,  0.111, 279.29,  0.108, 251.57,-99.000, -99.00,-99.000, -99.00,-99.000, -99.00,-99.000, -99.00,
9/8/2006 12:30:00, 11.2,276.0,  0.9,  3.1, 18.838, 29.27,  0.0,  0.0,  0.106, 354.02,  0.021, 299.05,  0.063, 110.45,  0.110, 296.33,  0.120, 303.42,  0.067, 305.34,  0.103, 342.45,  0.130, 331.46,  0.088, 315.00,  0.046, 250.77,  0.114, 266.99,  0.077, 245.43,  0.066, 263.09,  0.165, 265.12,  0.172, 277.00,  0.178, 244.30,-99.000, -99.00,-99.000, -99.00,-99.000, -99.00,-99.000, -99.00,
9/8/2006 12:35:00, 11.2,276.0,  0.9,  3.1, 18.829, 29.28,  0.0,  0.0,  0.141, 311.26,  0.108, 292.99,  0.103, 291.60,  0.116, 242.33,  0.082, 310.07,  0.127, 291.30,  0.128, 328.42,  0.106, 261.87,  0.125, 303.56,  0.121, 288.29,  0.170, 261.54,  0.135, 272.12,  0.164, 288.10,  0.211, 289.98,  0.199, 291.27,  0.192, 271.19,-99.000, -99.00,-99.000, -99.00,-99.000, -99.00,-99.000, -99.00,
9/8/2006 12:40:00, 11.2,275.9,  0.9,  3.1, 18.824, 29.28,  0.0,  0.0,  0.040, 321.12,  0.030, 176.19,  0.170, 328.92,  0.126, 329.97,  0.179, 324.80,  0.104, 329.98,  0.180, 326.31,  0.072, 315.00,  0.064, 329.81,  0.076, 345.60,  0.128, 338.03,  0.111, 310.27,  0.156, 334.58,  0.146, 306.63,  0.063, 268.18,  0.144, 231.78,-99.000, -99.00,-99.000, -99.00,-99.000, -99.00,-99.000, -99.00,
9/8/2006 12:45:00, 11.2,276.0,  0.9,  3.1, 18.820, 29.28,  0.0,  0.0,  0.118,  57.12,  0.021, 244.65,  0.053, 297.05,  0.068, 298.81,  0.145, 288.43,  0.144, 294.61,  0.127, 282.28,  0.111, 281.92,  0.146, 273.14,  0.057, 241.63,  0.114, 243.89,  0.145, 241.14,  0.119, 233.90,  0.174, 266.05,  0.103, 255.96,  0.139, 146.77,-99.000, -99.00,-99.000, -99.00,-99.000, -99.00,-99.000, -99.00,
9/8/2006 12:50:00, 11.2,276.0,  0.9,  3.1, 18.804, 29.29,  0.0,  0.0,  0.025,  41.82,  0.072, 300.83,  0.074, 313.90,  0.145, 338.57,  0.101, 352.03,  0.076, 311.26,  0.073, 356.08,  0.085, 327.06,  0.072, 312.75,  0.075, 352.30,  0.076, 301.61,  0.040, 264.29,  0.200, 288.71,  0.134, 306.53,  0.148, 271.93,  0.097, 238.93,-99.000, -99.00,-99.000, -99.00,-99.000, -99.00,-99.000, -99.00,
9/8/2006 12:55:00, 11.2,276.0,  0.9,  3.1, 18.793, 29.29,  0.0,  0.0,  0.179, 308.86,  0.143, 271.60,  0.087, 298.93,  0.101, 275.09,  0.083, 291.29,  0.153, 297.57,  0.093, 300.43,  0.100, 249.58,  0.146, 290.92,  0.125, 273.66,  0.130, 294.99,  0.152, 300.96,  0.145, 294.80,  0.112, 264.34,  0.108, 274.24,  0.153, 264.74,-99.000, -99.00,-99.000, -99.00,-99.000, -99.00,-99.000, -99.00,
9/8/2006 13:00:00, 11.2,275.9,  0.9,  3.1, 18.796, 29.29,  0.0,  0.0,  0.121, 303.16,  0.094, 320.58,  0.103, 211.06,  0.034, 319.76,  0.051, 282.41,  0.112, 269.49,  0.097, 305.33,  0.088, 283.09,  0.082, 287.10,  0.056, 211.14,  0.008, 156.80,  0.089, 244.87,  0.159, 265.68,  0.091, 268.11,  0.127, 219.57,  0.182, 226.56,-99.000, -99.00,-99.000, -99.00,-99.000, -99.00,-99.000, -99.00,
9/8/2006 13:05:00, 11.2,276.1,  0.9,  3.2, 18.777, 29.29,  0.0,  0.0,  0.015, 246.80,  0.088, 321.44,  0.085, 341.57,  0.113, 305.24,  0.151, 325.26,  0.109, 278.95,  0.177, 295.41,  0.046, 338.43,  0.150, 350.04,  0.133, 327.26,  0.202, 319.83,  0.176, 343.52,  0.139, 342.47,  0.051, 300.58,  0.139, 300.26,  0.080, 253.37,-99.000, -99.00,-99.000, -99.00,-99.000, -99.00,-99.000, -99.00,
9/8/2006 13:10:00, 11.2,276.0,  0.9,  3.1, 18.762, 29.30,  0.0,  0.0,  0.170, 195.34,  0.048, 279.66,  0.155, 295.24,  0.064, 183.58,  0.040, 317.05,  0.127, 295.15,  0.119, 340.80,  0.050, 279.27,  0.057, 332.99,  0.098, 330.55,  0.081, 249.78,  0.129, 258.86,  0.120, 260.85,  0.176, 270.98,  0.135, 276.81,  0.123, 235.28,-99.000, -99.00,-99.000, -99.00,-99.000, -99.00,-99.000, -99.00,
9/8/2006 13:15:00, 11.2,275.9,  0.9,  3.1, 18.760, 29.31,  0.0,  0.0,  0.067, 289.25,  0.087, 316.40,  0.095, 197.10,  0.046, 332.88,  0.088, 134.54,  0.066, 288.43,  0.092, 310.60,  0.065, 306.87,  0.057,  13.07,  0.082, 338.46,  0.134, 293.31,  0.070, 351.75,  0.078, 300.20,  0.099, 255.40,  0.035, 191.63,  0.126, 212.68,-99.000, -99.00,-99.000, -99.00,-99.000, -99.00,-99.000, -99.00,
9/8/2006 13:20:00, 11.2,275.9,  0.9,  3.2, 18.761, 29.31,  0.0,  0.0,  0.010,   0.00,  0.044, 313.15,  0.053, 317.29,  0.061, 320.31,  0.091, 304.22,  0.062, 289.90,  0.140, 288.31,  0.016, 299.74,  0.066, 291.16,  0.119, 276.29,  0.069, 254.96,  0.043, 314.06,  0.051, 318.18,  0.127, 264.11,  0.102, 259.80,  0.136, 225.00,-99.000, -99.00,-99.000, -99.00,-99.000, -99.00,-99.000, -99.00,
9/8/2006 13:25:00, 11.2,275.9,  0.9,  3.1, 18.756, 29.32,  0.0,  0.0,  0.064, 312.46,  0.058, 303.69,  0.046, 334.00,  0.108,  51.01,  0.088,  21.32,  0.035, 251.57,  0.063,  33.94,  0.068,   0.00,  0.068, 319.76,  0.083, 317.45,  0.072, 342.32,  0.099, 295.02,  0.047, 224.14,  0.065, 244.61,  0.036, 122.35,  0.106, 205.84,-99.000, -99.00,-99.000, -99.00,-99.000, -99.00,-99.000, -99.00,
9/8/2006 13:30:00, 11.2,275.9,  0.9,  3.2, 18.738, 29.32,  0.0,  0.0,  0.121, 295.50,  0.099, 305.13,  0.087, 218.45,  0.036, 260.27,  0.022, 236.31,  0.144, 307.11,  0.005,  53.13,  0.044,  41.31,  0.045,  55.95,  0.040,  39.99,  0.027,  38.99,  0.057,  32.86,  0.047, 346.55,  0.038, 298.61,  0.054, 271.06,  0.101, 176.60,-99.000, -99.00,-99.000, -99.00,-99.000, -99.00,-99.000, -99.00,
9/8/2006 13:35:00, 11.2,275.9,  0.9,  3.2, 18.737, 29.32,  0.0,  0.0,  0.040, 198.89,  0.088, 282.46,  0.034, 155.70,  0.036, 297.98,  0.082, 274.18,  0.025, 225.00,  0.035, 220.43,  0.062, 284.04,  0.046, 251.18,  0.027, 250.20,  0.089, 246.89,  0.035, 270.00,  0.018,  96.34,  0.046, 244.00,  0.082, 226.97,  0.155, 205.24,-99.000, -99.00,-99.000, -99.00,-99.000, -99.00,-99.000, -99.00,
9/8/2006 13:40:00, 11.2,275.9,  0.9,  3.2, 18.733, 29.33,  0.0,  0.0,  0.096, 128.66,  0.042, 288.00,  0.055, 280.49,  0.132, 263.47,  0.080, 349.95,  0.040, 278.53,  0.069, 314.41,  0.028, 226.47,  0.100, 153.95,  0.066, 135.00,  0.012, 131.63,  0.023, 270.00,  0.017, 100.01,  0.111, 108.92,  0.076, 276.01,  0.130, 208.54,-99.000, -99.00,-99.000, -99.00,-99.000, -99.00,-99.000, -99.00,
9/8/2006 13:45:00, 11.2,275.9,  0.9,  3.1, 18.727, 29.33,  0.0,  0.0,  0.039, 301.22,  0.076,  65.81,  0.043,  56.31,  0.041,   0.00,  0.054,  18.43,  0.031, 354.47,  0.046,  78.69,  0.072, 356.82,  0.060, 285.42,  0.063, 352.65,  0.062,  75.07,  0.069, 280.82,  0.018, 326.31,  0.087, 269.34,  0.086, 240.17,  0.138, 193.03,-99.000, -99.00,-99.000, -99.00,-99.000, -99.00,-99.000, -99.00,
9/8/2006 13:50:00, 11.2,275.9,  0.9,  3.1, 18.721, 29.33,  0.0,  0.0,  0.061, 118.24,  0.139, 211.18,  0.042, 136.91,  0.131, 196.36,  0.072, 182.39,  0.085, 151.34,  0.004, 213.69,  0.008,  66.80,  0.032, 339.86,  0.057, 103.30,  0.073, 255.02,  0.070, 237.22,  0.062, 221.71,  0.004, 255.96,  0.023,   7.43,  0.019,  32.01,-99.000, -99.00,-99.000, -99.00,-99.000, -99.00,-99.000, -99.00,
9/8/2006 13:55:00, 11.2,276.0,  0.9,  3.2, 18.715, 29.32,  0.0,  0.0,  0.170, 204.30,  0.036, 146.31,  0.138, 117.12,  0.012, 340.02,  0.104, 173.35,  0.064, 128.66,  0.049, 261.87,  0.048,  74.22,  0.051,  29.60,  0.050, 321.52,  0.016, 119.74,  0.064, 118.97,  0.027, 318.01,  0.043,  13.39,  0.028,  81.87,  0.134, 158.59,-99.000, -99.00,-99.000, -99.00,-99.000, -99.00,-99.000, -99.00,
9/8/2006 14:00:00, 11.2,275.9,  0.9,  3.2, 18.719, 29.30,  0.0,  0.0,  0.061, 143.70,  0.090, 161.97,  0.045,  73.18,  0.094, 187.96,  0.031,   0.00,  0.023, 221.42,  0.008, 270.00,  0.063, 203.32,  0.062, 178.15,  0.059, 226.36,  0.016, 100.62,  0.037, 202.38,  0.066,  46.22,  0.030, 235.78,  0.034, 229.76,  0.035, 151.26,-99.000, -99.00,-99.000, -99.00,-99.000, -99.00,-99.000, -99.00,
9/8/2006 14:05:00, 11.2,276.0,  0.9,  3.2, 18.712, 29.29,  0.0,  0.0,  0.077, 113.89,  0.132, 179.57,  0.124, 221.40,  0.049, 100.62,  0.051,  69.44,  0.098,  73.97,  0.048, 109.57,  0.065, 319.97,  0.057, 194.28,  0.101, 175.47,  0.033, 257.66,  0.052,  93.30,  0.057, 248.39,  0.073,  92.35,  0.064, 102.72,  0.025, 184.57,-99.000, -99.00,-99.000, -99.00,-99.000, -99.00,-99.000, -99.00,
9/8/2006 14:10:00, 11.2,275.9,  0.9,  3.2, 18.703, 29.29,  0.0,  0.0,  0.032, 128.66,  0.028,  73.50,  0.077, 179.26,  0.067, 179.14,  0.038, 257.80,  0.109,  90.00,  0.037,  57.17,  0.066,  39.47,  0.005, 158.20,  0.111,  96.74,  0.081,  42.51,  0.043,  54.46,  0.024, 123.02,  0.038, 244.80,  0.025, 148.24,  0.056, 212.55,-99.000, -99.00,-99.000, -99.00,-99.000, -99.00,-99.000, -99.00,
9/8/2006 14:15:00, 11.2,275.8,  0.9,  3.1, 18.706, 29.28,  0.0,  0.0,  0.066, 126.35,  0.145, 160.19,  0.076,  93.76,  0.048, 111.80,  0.123, 142.57,  0.078, 155.07,  0.023, 265.03,  0.039, 120.47,  0.060, 202.69,  0.068, 119.22,  0.029, 110.32,  0.014, 309.29,  0.058, 112.17,  0.034,  72.65,  0.060, 103.57,  0.093, 253.72,-99.000, -99.00,-99.000, -99.00,-99.000, -99.00,-99.000, -99.00,
9/8/2006 14:20:00, 11.2,276.0,  0.9,  3.1, 18.697, 29.28,  0.0,  0.0,  0.137, 121.25,  0.111, 169.60,  0.051,  86.63,  0.105, 120.22,  0.059, 166.20,  0.110, 171.65,  0.097, 140.42,  0.061,  37.63,  0.082, 103.36,  0.067, 140.41,  0.032, 223.73,  0.085,  74.98,  0.087,  12.60,  0.087, 319.69,  0.049,  42.51,  0.043, 189.46,-99.000, -99.00,-99.000, -99.00,-99.000, -99.00,-99.000, -99.00,
9/8/2006 14:25:00, 11.2,275.8,  0.9,  3.2, 18.702, 29.28,  0.0,  0.0,  0.174, 106.35,  0.185, 136.10,  0.025,  26.57,  0.020, 246.04,  0.084,  93.41,  0.073, 165.02,  0.112, 132.10,  0.103,  92.78,  0.063, 131.78,  0.101, 180.00,  0.013, 311.99,  0.063, 303.94,  0.063, 281.84,  0.061, 143.70,  0.119, 126.49,  0.133, 195.29,-99.000, -99.00,-99.000, -99.00,-99.000, -99.00,-99.000, -99.00,
9/8/2006 14:30:00, 11.2,275.9,  0.9,  3.1, 18.690, 29.28,  0.0,  0.0,  0.045,  14.04,  0.115, 135.00,  0.096, 145.15,  0.065,  73.81,  0.117, 117.44,  0.054, 148.67,  0.056, 152.53,  0.078, 194.93,  0.111, 163.20,  0.059, 195.68,  0.040, 115.28,  0.070, 238.34,  0.087, 183.29,  0.161, 153.91,  0.109, 153.90,  0.069, 136.17,-99.000, -99.00,-99.000, -99.00,-99.000, -99.00,-99.000, -99.00,
9/8/2006 14:35:00, 11.2,275.8,  0.9,  3.2, 18.697, 29.27,  0.0,  0.0,  0.076,  96.01,  0.117, 155.84,  0.119, 166.90,  0.135, 125.69,  0.082, 144.38,  0.094, 148.51,  0.142, 131.87,  0.172, 105.90,  0.104, 155.65,  0.061, 126.30,  0.057,  96.01,  0.051, 149.42,  0.083, 147.26,  0.081, 127.44,  0.069, 133.23,  0.071, 154.16,-99.000, -99.00,-99.000, -99.00,-99.000, -99.00,-99.000, -99.00,
9/8/2006 14:40:00, 11.2,275.9,  0.9,  3.1, 18.698, 29.27,  0.0,  0.0,  0.076, 105.32,  0.122, 136.33,  0.076, 124.32,  0.058,  89.01,  0.116, 126.57,  0.079, 144.29,  0.140, 132.69,  0.062,  84.47,  0.071, 157.75,  0.055, 177.92,  0.082, 130.07,  0.093, 161.76,  0.072, 106.16,  0.067, 143.47,  0.049,  36.63,  0.180, 139.95,-99.000, -99.00,-99.000, -99.00,-99.000, -99.00,-99.000, -99.00,
9/8/2006 14:45:00, 11.2,276.0,  0.9,  3.1, 18.683, 29.27,  0.0,  0.0,  0.125, 130.80,  0.135, 131.70,  0.076,  91.51,  0.042, 121.43,  0.076,  90.75,  0.038, 142.52,  0.167, 142.31,  0.019,  55.49,  0.120, 112.51,  0.070, 133.26,  0.185,  98.39,  0.170, 120.79,  0.148, 135.27,  0.117, 111.07,  0.144, 101.23,  0.128, 142.32,-99.000, -99.00,-99.000, -99.00,-99.000, -99.00,-99.000, -99.00,
9/8/2006 14:50:00, 11.2,275.8,  0.9,  3.2, 18.681, 29.26,  0.0,  0.0,  0.107, 148.39,  0.119, 168.88,  0.209, 122.47,  0.107, 162.07,  0.043,  80.54,  0.066, 178.26,  0.119, 102.16,  0.136,  92.11,  0.121,  95.71,  0.091,  33.34,  0.051, 109.50,  0.182, 122.21,  0.189, 113.44,  0.223, 128.46,  0.151, 137.14,  0.165, 149.10,-99.000, -99.00,-99.000, -99.00,-99.000, -99.00,-99.000, -99.00,
9/8/2006 14:55:00, 11.2,276.0,  0.9,  3.2, 18.679, 29.26,  0.0,  0.0,  0.048, 149.66,  0.110, 152.51,  0.074, 174.60,  0.064, 133.11,  0.076, 154.11,  0.102, 178.32,  0.072, 113.72,  0.077, 109.86,  0.107, 155.60,  0.131, 167.23,  0.097, 129.12,  0.120, 141.79,  0.130, 133.13,  0.108, 140.26,  0.173, 151.36,  0.220, 151.22,-99.000, -99.00,-99.000, -99.00,-99.000, -99.00,-99.000, -99.00,
9/8/2006 15:00:00, 11.2,275.9,  0.9,  3.2, 18.673, 29.27,  0.0,  0.0,  0.097, 107.32,  0.042, 141.77,  0.079, 177.10,  0.055, 338.59,  0.030, 174.29,  0.034, 145.84,  0.055, 118.44,  0.103, 161.39,  0.208, 123.84,  0.141, 128.09,  0.086, 127.41,  0.151, 126.95,  0.166, 134.27,  0.116, 116.12,  0.172, 130.28,  0.292, 159.15,-99.000, -99.00,-99.000, -99.00,-99.000, -99.00,-99.000, -99.00,
9/8/2006 15:05:00, 11.2,275.9,  0.9,  3.2, 18.670, 29.27,  0.0,  0.0,  0.010, 168.69,  0.100, 175.43,  0.059, 226.36,  0.026, 184.40,  0.086, 193.39,  0.039,  91.47,  0.085, 231.23,  0.115, 165.96,  0.069, 153.43,  0.114, 152.99,  0.103, 163.67,  0.129, 156.22,  0.074, 161.08,  0.020, 306.87,  0.110, 207.73,  0.160, 178.93,-99.000, -99.00,-99.000, -99.00,-99.000, -99.00,-99.000, -99.00,
9/8/2006 15:10:00, 11.2,275.9,  0.9,  3.2, 18.674, 29.27,  0.0,  0.0,  0.076, 141.93,  0.109, 205.62,  0.057, 145.75,  0.051, 162.98,  0.074, 177.68,  0.064, 117.76,  0.056, 131.38,  0.152, 126.19,  0.104, 156.15,  0.109, 163.55,  0.116, 164.53,  0.007, 270.00,  0.049,  80.54,  0.028, 261.87,  0.105, 159.32,  0.121, 173.35,-99.000, -99.00,-99.000, -99.00,-99.000, -99.00,-99.000, -99.00,
9/8/2006 15:15:00, 11.2,275.9,  0.9,  3.1, 18.673, 29.27,  0.0,  0.0,  0.077, 270.00,  0.078, 188.13,  0.048, 250.43,  0.050, 121.16,  0.073, 131.11,  0.043, 207.76,  0.128, 180.90,  0.053, 217.30,  0.053, 178.92,  0.127, 163.56,  0.042, 158.96,  0.111, 113.81,  0.060, 138.37,  0.051, 118.07,  0.078, 180.00,  0.130, 204.01,-99.000, -99.00,-99.000, -99.00,-99.000, -99.00,-99.000, -99.00,
9/8/2006 15:20:00, 11.2,275.8,  0.9,  3.1, 18.672, 29.27,  0.0,  0.0,  0.062,  12.03,  0.076, 278.34,  0.054, 305.17,  0.070, 257.56,  0.085, 263.96,  0.044, 197.20,  0.026, 276.58,  0.023, 340.02,  0.052, 290.17,  0.067, 311.99,  0.060, 243.43,  0.120, 269.52,  0.101, 198.43,  0.127, 197.86,  0.101, 189.09,  0.124, 168.33,-99.000, -99.00,-99.000, -99.00,-99.000, -99.00,-99.000, -99.00,
9/8/2006 15:25:00, 11.2,275.8,  0.9,  3.2, 18.686, 29.27,  0.0,  0.0,  0.077, 250.14,  0.050,  13.76,  0.069, 253.14,  0.063, 134.36,  0.062, 269.08,  0.106, 270.54,  0.031, 247.52,  0.048, 349.16,  0.154, 260.66,  0.078, 247.38,  0.086, 253.87,  0.080, 306.87,  0.019, 295.20,  0.033, 194.04,  0.065, 240.69,  0.140, 222.11,-99.000, -99.00,-99.000, -99.00,-99.000, -99.00,-99.000, -99.00,
9/8/2006 15:30:00, 11.2,275.9,  0.9,  3.2, 18.676, 29.27,  0.0,  0.0,  0.126, 292.90,  0.113, 318.58,  0.209, 313.07,  0.137, 336.25,  0.176, 324.24,  0.104, 344.36,  0.193, 328.53,  0.067,  19.25,  0.065, 286.19,  0.111, 249.44,  0.050, 321.52,  0.058, 344.05,  0.055, 292.38,  0.104, 293.13,  0.186, 270.31,  0.055, 213.98,-99.000, -99.00,-99.000, -99.00,-99.000, -99.00,-99.000, -99.00,
9/8/2006 15:35:00, 11.2,275.9,  0.9,  3.1, 18.679, 29.27,  0.0,  0.0,  0.121, 281.96,  0.153, 333.94,  0.081, 317.49,  0.072, 345.58,  0.071, 314.43,  0.038, 195.12,  0.090,   3.81,  0.045, 296.57,  0.122, 300.96,  0.072, 329.86,  0.095, 321.43,  0.052, 300.96,  0.058, 334.32,  0.055, 262.75,  0.144, 271.19,  0.063, 217.23,-99.000, -99.00,-99.000, -99.00,-99.000, -99.00,-99.000, -99.00,
9/8/2006 15:40:00, 11.2,275.9,  0.9,  3.2, 18.666, 29.27,  0.0,  0.0,  0.118, 284.74,  0.146, 322.50,  0.097, 331.06,  0.088, 319.61,  0.152, 308.31,  0.115, 316.41,  0.079, 293.01,  0.105, 291.19,  0.099, 325.67,  0.149, 328.44,  0.100, 321.07,  0.120, 316.69,  0.132, 358.70,  0.083, 290.39,  0.114, 273.01,  0.174, 201.25,-99.000, -99.00,-99.000, -99.00,-99.000, -99.00,-99.000, -99.00,
9/8/2006 15:45:00, 11.2,275.9,  0.9,  3.1, 18.676, 29.27,  0.0,  0.0,  0.141, 273.65,  0.081, 317.01,  0.117, 299.62,  0.228, 316.78,  0.166, 327.26,  0.133, 345.23,  0.112, 331.84,  0.045, 344.41,  0.043, 326.31,  0.115, 333.66,  0.151, 320.39,  0.076, 348.54,  0.076, 333.43,  0.146, 310.01,  0.152, 321.93,  0.101, 262.59,-99.000, -99.00,-99.000, -99.00,-99.000, -99.00,-99.000, -99.00,
9/8/2006 15:50:00, 11.2,275.9,  0.9,  3.1, 18.665, 29.27,  0.0,  0.0,  0.097, 343.24,  0.084, 344.15,  0.079, 309.34,  0.100, 346.10,  0.101,  23.27,  0.147, 318.04,  0.214, 315.38,  0.182, 325.09,  0.163, 307.50,  0.132, 349.97,  0.148, 322.43,  0.136, 337.02,  0.109, 347.87,  0.111, 323.44,  0.169, 301.72,  0.098, 267.08,-99.000, -99.00,-99.000, -99.00,-99.000, -99.00,-99.000, -99.00,
9/8/2006 15:55:00, 11.2,275.9,  0.9,  3.2, 18.668, 29.27,  0.0,  0.0,  0.027, 351.57,  0.165, 306.10,  0.047, 303.69,  0.096, 292.02,  0.082, 300.96,  0.062, 301.91,  0.075, 358.47,  0.100, 325.99,  0.147,   5.48,  0.141, 313.56,  0.199, 308.25,  0.069, 289.49,  0.067, 336.12,  0.129, 314.69,  0.098, 302.88,  0.115, 306.17,-99.000, -99.00,-99.000, -99.00,-99.000, -99.00,-99.000, -99.00,
9/8/2006 16:00:00, 11.2,275.8,  0.9,  3.2, 18.680, 29.27,  0.0,  0.0,  0.141,  19.08,  0.100, 311.35,  0.050, 301.16,  0.110,   5.19,  0.205, 318.16,  0.186, 348.21,  0.170, 331.17,  0.164, 330.00,  0.146, 339.95,  0.133, 325.71,  0.154, 297.06,  0.184, 328.82,  0.125, 325.80,  0.193, 309.12,  0.124, 298.83,  0.179, 252.78,-99.000, -99.00,-99.000, -99.00,-99.000, -99.00,-99.000, -99.00,
9/8/2006 16:05:00, 11.2,275.9,  0.9,  3.1, 18.688, 29.27,  0.0,  0.0,  0.157,  12.89,  0.132, 339.09,  0.100, 323.93,  0.139, 328.26,  0.098, 315.83,  0.212, 350.76,  0.158,  11.31,  0.178, 328.82,  0.162, 327.58,  0.177, 357.41,  0.131, 306.00,  0.167, 315.97,  0.105, 323.13,  0.115, 322.43,  0.176, 322.15,  0.060,  10.56,-99.000, -99.00,-99.000, -99.00,-99.000, -99.00,-99.000, -99.00,
9/8/2006 16:10:00, 11.2,275.8,  0.9,  3.1, 18.689, 29.27,  0.0,  0.0,  0.048, 356.42,  0.213, 341.40,  0.127,   7.68,  0.061, 329.68,  0.086, 321.13,  0.141, 336.53,  0.155, 333.60,  0.165, 319.44,  0.167, 319.36,  0.202, 319.61,  0.212, 332.47,  0.172, 344.10,  0.146, 320.55,  0.080, 327.69,  0.083, 307.15,  0.082, 218.55,-99.000, -99.00,-99.000, -99.00,-99.000, -99.00,-99.000, -99.00,
9/8/2006 16:15:00, 11.2,275.9,  0.9,  3.1, 18.685, 29.27,  0.0,  0.0,  0.103, 355.01,  0.098, 316.66,  0.023,   0.00,  0.098,   9.37,  0.104,  25.08,  0.219,   8.13,  0.164, 349.79,  0.106, 305.79,  0.135, 284.14,  0.137, 320.03,  0.171, 328.63,  0.179, 338.73,  0.122, 310.35,  0.115, 325.62,  0.016, 312.51,  0.065, 214.42,-99.000, -99.00,-99.000, -99.00,-99.000, -99.00,-99.000, -99.00,
9/8/2006 16:20:00, 11.2,275.8,  0.9,  3.2, 18.687, 29.27,  0.0,  0.0,  0.158, 296.24,  0.064, 279.02,  0.068, 345.56,  0.125,  12.48,  0.175, 323.85,  0.183, 358.43,  0.146, 353.70,  0.132, 324.26,  0.090, 343.79,  0.141, 312.41,  0.128, 297.36,  0.139, 316.75,  0.068,  16.29,  0.112, 327.02,  0.140, 304.82,  0.020, 264.29,-99.000, -99.00,-99.000, -99.00,-99.000, -99.00,-99.000, -99.00,
9/8/2006 16:25:00, 11.2,275.9,  0.9,  3.1, 18.689, 29.27,  0.0,  0.0,  0.139, 353.80,  0.148, 313.63,  0.114, 345.84,  0.067,   5.12,  0.106, 336.59,  0.045, 321.34,  0.126, 349.49,  0.129,   5.36,  0.130, 356.48,  0.161, 352.12,  0.125, 354.47,  0.156,   1.10,  0.109,   1.58,  0.106, 303.09,  0.164, 295.31,  0.083, 270.69,-99.000, -99.00,-99.000, -99.00,-99.000, -99.00,-99.000, -99.00,
9/8/2006 16:30:00, 11.2,275.8,  0.9,  3.2, 18.702, 29.28,  0.0,  0.0,  0.087, 291.56,  0.165, 294.39,  0.144, 328.08,  0.133, 302.74,  0.072, 309.91,  0.104, 309.95,  0.105, 349.55,  0.153, 345.24,  0.086, 329.84,  0.143, 334.69,  0.153, 333.27,  0.084, 320.81,  0.093, 307.98,  0.140, 328.47,  0.140, 337.82,  0.111, 349.60,-99.000, -99.00,-99.000, -99.00,-99.000, -99.00,-99.000, -99.00,
9/8/2006 16:35:00, 11.2,275.9,  1.0,  3.1, 18.716, 29.28,  0.0,  0.0,  0.095,   0.00,  0.080, 295.28,  0.149, 305.18,  0.056,   1.02,  0.082,  33.11,  0.026,  24.62,  0.022, 180.00,  0.086, 337.33,  0.110,  45.37,  0.177, 314.77,  0.118, 324.97,  0.048,  58.63,  0.049, 304.99,  0.084, 301.79,  0.089, 309.97,  0.014, 294.78,-99.000, -99.00,-99.000, -99.00,-99.000, -99.00,-99.000, -99.00,
9/8/2006 16:40:00, 11.2,275.9,  1.0,  3.2, 18.713, 29.28,  0.0,  0.0,  0.072, 307.67,  0.051, 217.78,  0.056, 311.38,  0.059, 317.07,  0.055, 309.81,  0.077, 293.89,  0.153, 287.13,  0.237, 284.15,  0.155, 279.28,  0.080, 277.93,  0.082, 268.60,  0.014, 335.22,  0.048, 351.53,  0.151, 312.32,  0.188, 301.07,  0.053, 225.76,-99.000, -99.00,-99.000, -99.00,-99.000, -99.00,-99.000, -99.00,
9/8/2006 16:45:00, 11.2,275.9,  1.0,  3.1, 18.727, 29.28,  0.0,  0.0,  0.026,  20.56,  0.049, 336.04,  0.129, 299.74,  0.080,  34.88,  0.041, 344.62,  0.052,  25.08,  0.129, 324.46,  0.085, 308.35,  0.049, 356.50,  0.082, 309.09,  0.139, 321.73,  0.032, 331.82,  0.020, 255.26,  0.034,  42.61,  0.090, 358.09,  0.082, 289.98,-99.000, -99.00,-99.000, -99.00,-99.000, -99.00,-99.000, -99.00,
9/8/2006 16:50:00, 11.2,276.0,  1.0,  3.1, 18.722, 29.28,  0.0,  0.0,  0.082, 320.46,  0.102, 313.41,  0.186, 319.13,  0.126, 286.57,  0.118, 280.26,  0.090, 302.81,  0.058, 322.73,  0.132, 316.53,  0.034,  29.54,  0.066, 321.75,  0.060, 304.76,  0.047, 303.69,  0.051,  17.02,  0.076, 355.49,  0.039, 324.29,  0.083, 222.55,-99.000, -99.00,-99.000, -99.00,-99.000, -99.00,-99.000, -99.00,
9/8/2006 16:55:00, 11.2,275.9,  1.0,  3.1, 18.736, 29.28,  0.0,  0.0,  0.059, 306.67,  0.062, 345.96,  0.087, 340.52,  0.044, 346.91,  0.080, 252.47,  0.055, 347.47,  0.099, 286.42,  0.091, 261.16,  0.094, 290.56,  0.051, 329.42,  0.102, 339.97,  0.075, 331.39,  0.078, 339.70,  0.072, 338.05,  0.101, 295.29,  0.059, 195.68,-99.000, -99.00,-99.000, -99.00,-99.000, -99.00,-99.000, -99.00,
9/8/2006 17:00:00, 11.2,275.9,  1.0,  3.2, 18.738, 29.28,  0.0,  0.0,  0.080, 349.95,  0.052,  47.35,  0.037, 216.25,  0.068, 322.13,  0.074,   0.77,  0.078, 322.84,  0.049, 306.63,  0.035, 226.17,  0.040, 352.87,  0.074, 340.35,  0.069, 294.72,  0.050,   4.57,  0.097, 351.12,  0.028, 340.91,  0.086, 265.35,  0.070, 220.96,-99.000, -99.00,-99.000, -99.00,-99.000, -99.00,-99.000, -99.00,
9/8/2006 17:05:00, 11.2,275.9,  1.0,  3.1, 18.740, 29.28,  0.0,  0.0,  0.090, 347.20,  0.045, 330.57,  0.111, 345.34,  0.085, 346.45,  0.068, 104.44,  0.038,  73.01,  0.090,  45.45,  0.079,   0.00,  0.054, 317.23,  0.032, 321.34,  0.157, 351.92,  0.276,   0.83,  0.431, 356.54,  0.466,   1.11,  0.510, 342.42,  0.424, 326.46,-99.000, -99.00,-99.000, -99.00,-99.000, -99.00,-99.000, -99.00,
9/8/2006 17:10:00, 11.2,275.9,  1.0,  3.1, 18.742, 29.28,  0.0,  0.0,  0.075, 264.67,  0.044,  65.77,  0.098,  11.20,  0.082, 318.95,  0.059, 297.44,  0.121, 348.04,  0.099, 331.62,  0.046,  37.12,  0.055, 354.81,  0.043,  40.31,  0.058,  28.77,  0.081,   0.71,  0.088,  27.73,  0.044, 307.65,  0.079, 331.16,  0.086, 195.49,-99.000, -99.00,-99.000, -99.00,-99.000, -99.00,-99.000, -99.00,
9/8/2006 17:15:00, 11.2,275.9,  1.0,  3.1, 18.755, 29.28,  0.0,  0.0,  0.162,  57.09,  0.055, 248.59,  0.196, 331.74,  0.076,  21.52,  0.108, 276.40,  0.082, 272.79,  0.107, 335.11,  0.045, 350.96,  0.055,  46.47,  0.061, 323.70,  0.105, 320.40,  0.088, 291.32,  0.142, 302.01,  0.041, 287.10,  0.038, 215.36,  0.083, 174.49,-99.000, -99.00,-99.000, -99.00,-99.000, -99.00,-99.000, -99.00,
9/8/2006 17:20:00, 11.2,275.9,  1.0,  3.1, 18.759, 29.28,  0.0,  0.0,  0.070, 355.91,  0.061, 122.91,  0.023,   4.97,  0.246, 342.01,  0.098, 301.26,  0.059, 289.65,  0.060, 248.55,  0.019, 231.34,  0.098, 304.66,  0.113, 305.24,  0.027, 304.29,  0.152, 252.40,  0.036, 320.60,  0.042, 326.69,  0.039, 271.47,  0.116, 185.96,-99.000, -99.00,-99.000, -99.00,-99.000, -99.00,-99.000, -99.00,
9/8/2006 17:25:00, 11.2,275.9,  1.0,  3.1, 18.775, 29.29,  0.0,  0.0,  0.062, 292.83,  0.103, 340.16,  0.099, 334.21,  0.161, 333.43,  0.076,  10.57,  0.041,  72.90,  0.113, 235.47,  0.017, 298.07,  0.121, 348.04,  0.038, 296.57,  0.076, 245.81,  0.060, 283.57,  0.035, 303.23,  0.112, 303.69,  0.039, 283.32,  0.061, 246.80,-99.000, -99.00,-99.000, -99.00,-99.000, -99.00,-99.000, -99.00,
9/8/2006 17:30:00, 11.2,275.8,  1.0,  3.1, 18.787, 29.29,  0.0,  0.0,  0.096,  21.47,  0.092, 322.51,  0.096, 279.56,  0.118,  16.28,  0.094, 331.53,  0.086, 345.15,  0.058, 352.01,  0.052, 322.03,  0.037, 341.08,  0.026, 256.50,  0.037, 276.17,  0.061,  39.69,  0.061, 302.91,  0.049, 314.17,  0.087, 268.68,  0.106, 222.71,-99.000, -99.00,-99.000, -99.00,-99.000, -99.00,-99.000, -99.00,
9/8/2006 17:35:00, 11.2,276.0,  1.0,  3.2, 18.795, 29.29,  0.0,  0.0,  0.027,  51.01,  0.032, 187.13,  0.075, 300.31,  0.004, 270.00,  0.173, 317.35,  0.107, 320.33,  0.032,   5.36,  0.070,  14.04,  0.123, 291.37,  0.090, 299.43,  0.175, 328.76,  0.113, 328.43,  0.113, 303.41,  0.049, 310.86,  0.078, 356.33,  0.062, 314.34,-99.000, -99.00,-99.000, -99.00,-99.000, -99.00,-99.000, -99.00,
9/8/2006 17:40:00, 11.2,275.9,  1.0,  3.1, 18.795, 29.29,  0.0,  0.0,  0.054,  93.18,  0.096, 315.84,  0.102, 358.88,  0.073, 307.81,  0.051, 308.66,  0.065, 292.62,  0.105, 286.02,  0.073, 263.75,  0.088, 274.55,  0.063, 311.78,  0.086, 313.12,  0.074, 289.65,  0.130, 294.99,  0.113, 305.24,  0.024, 308.29,  0.087, 207.45,-99.000, -99.00,-99.000, -99.00,-99.000, -99.00,-99.000, -99.00,
9/8/2006 17:45:00, 11.2,275.9,  1.0,  3.1, 18.804, 29.29,  0.0,  0.0,  0.036, 217.18,  0.105,   3.81,  0.121, 309.99,  0.082, 359.30,  0.039,  35.71,  0.069, 336.04,  0.140, 313.84,  0.092, 327.86,  0.177, 322.35,  0.047,   0.00,  0.049, 255.68,  0.099, 278.70,  0.122, 306.30,  0.057, 283.30,  0.082, 279.81,  0.095, 215.19,-99.000, -99.00,-99.000, -99.00,-99.000, -99.00,-99.000, -99.00,
9/8/2006 17:50:00, 11.2,275.9,  1.0,  3.1, 18.803, 29.29,  0.0,  0.0,  0.100,   2.86,  0.074, 337.91,  0.076,  25.56,  0.134, 329.40,  0.153, 302.44,  0.019, 278.97,  0.109, 250.24,  0.077, 317.63,  0.061, 333.85,  0.118, 291.98,  0.070, 317.89,  0.092, 324.75,  0.123, 302.01,  0.049,  16.59,  0.163, 316.24,  0.011, 158.20,-99.000, -99.00,-99.000, -99.00,-99.000, -99.00,-99.000, -99.00,
9/8/2006 17:55:00, 11.2,275.9,  1.0,  3.1, 18.815, 29.29,  0.0,  0.0,  0.062, 313.70,  0.103,  15.79,  0.147, 333.78,  0.064, 287.30,  0.026,   8.75,  0.099, 308.84,  0.110, 290.74,  0.093, 292.71,  0.033, 273.47,  0.090, 329.15,  0.125, 298.21,  0.095, 346.55,  0.114, 325.75,  0.108, 307.50,  0.071,   1.61,  0.051, 169.80,-99.000, -99.00,-99.000, -99.00,-99.000, -99.00,-99.000, -99.00,
9/8/2006 18:00:00, 11.2,275.9,  1.0,  3.1, 18.820, 29.29,  0.0,  0.0,  0.073, 254.05,  0.024, 350.54,  0.104, 357.80,  0.141, 357.56,  0.023, 355.03,  0.043,   0.00,  0.014,  94.09,  0.088, 283.88,  0.060, 297.85,  0.074, 307.33,  0.102, 284.17,  0.090, 305.98,  0.120, 329.36,  0.063,  13.82,  0.046, 306.12,  0.095, 231.43,-99.000, -99.00,-99.000, -99.00,-99.000, -99.00,-99.000, -99.00,
9/8/2006 18:05:00, 11.2,275.9,  1.0,  3.1, 18.838, 29.29,  0.0,  0.0,  0.077, 325.07,  0.118,  34.63,  0.074, 356.91,  0.094, 352.04,  0.107, 331.52,  0.150, 333.95,  0.062, 345.96,  0.145, 298.33,  0.083, 345.29,  0.079, 293.01,  0.041, 230.91,  0.166, 307.15,  0.074, 309.51,  0.020, 275.71,  0.134, 259.70,  0.096, 230.50,-99.000, -99.00,-99.000, -99.00,-99.000, -99.00,-99.000, -99.00,
9/8/2006 18:10:00, 11.2,275.8,  1.0,  3.1, 18.841, 29.29,  0.0,  0.0,  0.020, 270.00,  0.074,  11.77,  0.088,   0.65,  0.075, 335.49,  0.134, 330.95,  0.090, 328.60,  0.016,  50.19,  0.085, 305.93,  0.094, 345.23,  0.179, 312.51,  0.125, 307.51,  0.147, 293.25,  0.090, 277.68,  0.097, 270.00,  0.164, 307.08,  0.092, 323.38,-99.000, -99.00,-99.000, -99.00,-99.000, -99.00,-99.000, -99.00,
9/8/2006 18:15:00, 11.2,275.9,  1.0,  3.1, 18.837, 29.29,  0.0,  0.0,  0.042, 141.77,  0.068, 280.98,  0.091, 307.38,  0.183, 340.58,  0.058, 321.95,  0.057, 332.99,  0.061, 201.97,  0.108, 301.33,  0.099, 287.70,  0.064, 296.97,  0.061,  37.06,  0.095, 256.55,  0.071, 292.25,  0.018, 315.00,  0.017, 193.24,  0.026, 190.89,-99.000, -99.00,-99.000, -99.00,-99.000, -99.00,-99.000, -99.00,
9/8/2006 18:20:00, 11.2,275.8,  1.0,  3.1, 18.842, 29.29,  0.0,  0.0,  0.080,  60.88,  0.040,  22.07,  0.046, 256.26,  0.082,  54.95,  0.088, 327.58,  0.062,  19.90,  0.101, 290.96,  0.084, 286.50,  0.082,   4.88,  0.068, 351.51,  0.083, 271.38,  0.032, 282.72,  0.011,  48.81,  0.026, 357.80,  0.059, 317.07,  0.059, 257.37,-99.000, -99.00,-99.000, -99.00,-99.000, -99.00,-99.000, -99.00,
9/8/2006 18:25:00, 11.2,275.8,  1.0,  3.2, 18.853, 29.29,  0.0,  0.0,  0.069, 326.77,  0.061, 346.65,  0.106, 310.01,  0.016, 291.80,  0.062, 351.61,  0.104, 273.30,  0.084, 323.67,  0.087, 291.56,  0.169, 332.83,  0.136, 348.94,  0.142, 304.36,  0.158, 285.45,  0.097, 303.69,  0.087, 344.69,  0.105, 341.05,  0.011, 138.81,-99.000, -99.00,-99.000, -99.00,-99.000, -99.00,-99.000, -99.00,
9/8/2006 18:30:00, 11.2,275.9,  1.0,  3.1, 18.871, 29.29,  0.0,  0.0,  0.089, 257.05,  0.005,   0.00,  0.021, 337.17,  0.088, 345.49,  0.060, 294.84,  0.046, 323.88,  0.057, 315.71,  0.079, 312.42,  0.045, 279.04,  0.107, 290.30,  0.071, 307.03,  0.056, 307.07,  0.057, 315.71,  0.111, 305.84,  0.124, 327.21,  0.141, 296.93,-99.000, -99.00,-99.000, -99.00,-99.000, -99.00,-99.000, -99.00,
9/8/2006 18:35:00, 11.2,275.9,  1.0,  3.1, 18.884, 29.29,  0.0,  0.0,  0.046, 244.00,  0.133, 330.74,  0.035, 292.11,  0.080,  87.14,  0.072,  10.38,  0.071, 280.52,  0.072, 319.48,  0.048, 326.98,  0.065, 298.54,  0.055, 326.02,  0.116, 281.89,  0.068, 307.21,  0.107,   7.52,  0.075, 323.13,  0.037, 270.00,  0.028, 122.01,-99.000, -99.00,-99.000, -99.00,-99.000, -99.00,-99.000, -99.00,
9/8/2006 18:40:00, 11.2,275.9,  1.0,  3.1, 18.893, 29.29,  0.0,  0.0,  0.060, 268.09,  0.076, 349.43,  0.120, 309.93,  0.056, 247.07,  0.064, 318.81,  0.059,  28.30,  0.066, 273.47,  0.072, 325.20,  0.098, 283.61,  0.085, 284.36,  0.187, 300.81,  0.115, 317.83,  0.038,  12.20,  0.096, 317.97,  0.122, 296.35,  0.123, 249.50,-99.000, -99.00,-99.000, -99.00,-99.000, -99.00,-99.000, -99.00,
9/8/2006 18:45:00, 11.2,275.9,  1.0,  3.1, 18.898, 29.29,  0.0,  0.0,  0.013, 243.43,  0.048,   0.00,  0.048, 315.00,  0.039, 322.25,  0.059, 321.19,  0.069, 326.77,  0.102, 342.81,  0.121, 321.04,  0.149, 315.81,  0.129, 314.69,  0.129, 314.37,  0.067, 287.35,  0.030,  11.69,  0.038, 356.99,  0.099, 293.20,  0.186, 255.66,-99.000, -99.00,-99.000, -99.00,-99.000, -99.00,-99.000, -99.00,
9/8/2006 18:50:00, 11.2,275.9,  1.0,  3.2, 18.913, 29.29,  0.0,  0.0,  0.032, 133.73,  0.059,  56.04,  0.048, 294.44,  0.050,   5.71,  0.094, 277.35,  0.117, 320.19,  0.116, 303.00,  0.086, 317.37,  0.054, 274.24,  0.064, 315.63,  0.077, 307.61,  0.141, 309.81,  0.188, 313.71,  0.164, 300.00,  0.122, 307.34,  0.144, 236.31,-99.000, -99.00,-99.000, -99.00,-99.000, -99.00,-99.000, -99.00,
9/8/2006 18:55:00, 11.2,275.9,  1.0,  3.1, 18.909, 29.29,  0.0,  0.0,  0.081, 355.06,  0.147, 345.40,  0.108, 259.32,  0.031, 255.07,  0.087, 299.50,  0.152, 299.60,  0.044, 260.75,  0.084, 302.37,  0.026, 267.80,  0.052,   4.40,  0.123, 317.63,  0.107, 304.73,  0.060,  61.31,  0.067,   0.00,  0.122, 344.83,  0.050, 260.73,-99.000, -99.00,-99.000, -99.00,-99.000, -99.00,-99.000, -99.00,
9/8/2006 19:00:00, 11.2,275.8,  1.0,  3.1, 18.914, 29.29,  0.0,  0.0,  0.024,  51.71,  0.138, 354.58,  0.120, 343.99,  0.096, 344.22,  0.035,  21.50,  0.081, 313.51,  0.084, 270.68,  0.151, 273.41,  0.057, 307.87,  0.070, 271.64,  0.168, 315.00,  0.040, 304.88,  0.159, 312.71,  0.159, 298.50,  0.061, 308.37,  0.026, 274.40,-99.000, -99.00,-99.000, -99.00,-99.000, -99.00,-99.000, -99.00,
9/8/2006 19:05:00, 11.2,275.9,  1.0,  3.1, 18.919, 29.29,  0.0,  0.0,  0.024, 279.46,  0.060, 338.55,  0.136, 318.58,  0.130, 313.75,  0.081, 306.44,  0.075, 292.80,  0.147, 283.37,  0.097, 356.46,  0.067, 338.04,  0.096, 315.84,  0.069, 286.86,  0.155, 310.80,  0.110, 320.53,  0.124, 327.85,  0.128, 304.81,  0.052, 230.48,-99.000, -99.00,-99.000, -99.00,-99.000, -99.00,-99.000, -99.00,
9/8/2006 19:10:00, 11.2,275.8,  1.0,  3.1, 18.935, 29.29,  0.0,  0.0,  0.111, 220.99,  0.028,  81.87,  0.142, 337.60,  0.116, 295.02,  0.110, 317.59,  0.144, 306.79,  0.117, 259.17,  0.092, 334.27,  0.082, 300.96,  0.055, 341.90,  0.178, 289.05,  0.057, 305.66,  0.040, 290.22,  0.130, 289.83,  0.174, 291.56,  0.078, 275.86,-99.000, -99.00,-99.000, -99.00,-99.000, -99.00,-99.000, -99.00,
9/8/2006 19:15:00, 11.2,275.8,  1.0,  3.1, 18.938, 29.29,  0.0,  0.0,  0.016, 172.87,  0.096, 329.14,  0.094, 274.86,  0.104, 345.56,  0.120, 298.27,  0.141, 293.47,  0.056, 295.20,  0.058, 290.32,  0.129, 278.44,  0.144, 270.40,  0.108, 253.25,  0.024, 177.61,  0.100, 291.70,  0.164, 308.33,  0.065, 327.53,  0.075, 221.76,-99.000, -99.00,-99.000, -99.00,-99.000, -99.00,-99.000, -99.00,
9/8/2006 19:20:00, 11.2,275.9,  1.0,  3.1, 18.938, 29.29,  0.0,  0.0,  0.106, 277.59,  0.062, 301.12,  0.181, 298.41,  0.122, 322.00,  0.156, 265.60,  0.025, 313.36,  0.077, 320.76,  0.145, 305.45,  0.159, 283.86,  0.122, 274.69,  0.146, 334.84,  0.101, 317.00,  0.076, 320.87,  0.103, 340.16,  0.159, 309.11,  0.133, 292.12,-99.000, -99.00,-99.000, -99.00,-99.000, -99.00,-99.000, -99.00,
9/8/2006 19:25:00, 11.2,275.9,  1.0,  3.1, 18.965, 29.29,  0.0,  0.0,  0.055, 195.80,  0.166, 330.34,  0.172, 313.82,  0.160, 311.46,  0.171, 309.08,  0.139, 291.04,  0.172, 294.78,  0.183, 315.22,  0.152, 299.60,  0.122, 315.33,  0.148, 293.10,  0.162, 303.69,  0.178, 312.04,  0.188, 320.39,  0.081,   2.12,  0.158, 261.97,-99.000, -99.00,-99.000, -99.00,-99.000, -99.00,-99.000, -99.00,
9/8/2006 19:30:00, 11.2,275.9,  1.0,  3.1, 18.960, 29.29,  0.0,  0.0,  0.040, 298.50,  0.091, 323.00,  0.138, 325.96,  0.114, 347.31,  0.171, 329.38,  0.102, 333.69,  0.101, 271.13,  0.102, 302.12,  0.231, 290.56,  0.261, 301.68,  0.187, 315.22,  0.185, 312.38,  0.158, 302.08,  0.136, 326.08,  0.196, 331.09,  0.073, 310.01,-99.000, -99.00,-99.000, -99.00,-99.000, -99.00,-99.000, -99.00,
9/8/2006 19:35:00, 11.2,275.8,  1.0,  3.2, 18.964, 29.30,  0.0,  0.0,  0.194,   4.74,  0.126, 350.39,  0.128, 331.43,  0.125, 314.03,  0.248, 329.51,  0.124, 313.70,  0.198, 299.28,  0.151, 316.34,  0.233, 301.30,  0.131, 334.61,  0.163, 305.54,  0.145, 316.40,  0.138, 339.59,  0.150, 330.87,  0.111, 335.05,  0.045, 192.80,-99.000, -99.00,-99.000, -99.00,-99.000, -99.00,-99.000, -99.00,
9/8/2006 19:40:00, 11.2,275.9,  1.0,  3.1, 18.971, 29.30,  0.0,  0.0,  0.120, 299.33,  0.186, 310.63,  0.164, 311.78,  0.149, 308.72,  0.097, 328.43,  0.279, 329.11,  0.170, 322.39,  0.185, 313.69,  0.139, 323.46,  0.205, 307.65,  0.180, 299.55,  0.122, 294.25,  0.153, 311.29,  0.148, 308.96,  0.101, 341.57,  0.082, 239.39,-99.000, -99.00,-99.000, -99.00,-99.000, -99.00,-99.000, -99.00,
9/8/2006 19:45:00, 11.2,275.9,  1.0,  3.1, 18.976, 29.30,  0.0,  0.0,  0.093, 316.31,  0.131, 301.87,  0.120, 348.97,  0.146, 326.42,  0.200, 312.77,  0.180, 319.74,  0.199, 304.17,  0.187, 321.96,  0.183, 298.81,  0.246, 312.04,  0.252, 320.81,  0.215, 303.25,  0.196, 300.76,  0.059, 356.12,  0.143, 318.40,  0.044, 316.85,-99.000, -99.00,-99.000, -99.00,-99.000, -99.00,-99.000, -99.00,
9/8/2006 19:50:00, 11.2,275.8,  1.0,  3.1, 18.981, 29.30,  0.0,  0.0,  0.082, 308.55,  0.154, 308.43,  0.179, 300.58,  0.233, 286.72,  0.155, 331.12,  0.284, 308.57,  0.203, 313.60,  0.210, 298.76,  0.151, 305.58,  0.184, 292.67,  0.146, 281.08,  0.152, 291.66,  0.143, 293.51,  0.114, 317.49,  0.138, 314.71,  0.053, 260.18,-99.000, -99.00,-99.000, -99.00,-99.000, -99.00,-99.000, -99.00,
9/8/2006 19:55:00, 11.2,275.8,  1.0,  3.1, 18.992, 29.30,  0.0,  0.0,  0.089, 284.97,  0.089, 328.27,  0.172, 314.29,  0.130, 301.12,  0.104, 317.73,  0.148, 318.56,  0.147, 313.90,  0.274, 310.26,  0.188, 296.57,  0.258, 304.25,  0.189, 295.35,  0.246, 289.25,  0.200, 289.62,  0.148, 307.87,  0.175, 305.96,  0.185, 254.99,-99.000, -99.00,-99.000, -99.00,-99.000, -99.00,-99.000, -99.00,
9/8/2006 20:00:00, 11.2,275.9,  1.0,  3.1, 18.998, 29.30,  0.0,  0.0,  0.040, 270.00,  0.184, 306.37,  0.190, 311.58,  0.263, 308.05,  0.177, 303.24,  0.157, 318.61,  0.145, 298.86,  0.190, 324.64,  0.222, 290.80,  0.108, 289.44,  0.069, 317.95,  0.161, 325.91,  0.168, 316.69,  0.157, 310.60,  0.107, 314.25,  0.072, 303.02,-99.000, -99.00,-99.000, -99.00,-99.000, -99.00,-99.000, -99.00,
9/8/2006 20:05:00, 11.2,275.8,  1.0,  3.1, 19.005, 29.30,  0.0,  0.0,  0.132, 334.41,  0.234, 298.10,  0.183, 296.57,  0.191, 271.20,  0.229, 311.28,  0.218, 300.33,  0.147, 305.31,  0.182, 286.64,  0.197, 304.01,  0.183, 336.10,  0.200, 322.50,  0.160, 299.61,  0.134, 323.82,  0.226, 306.72,  0.154, 320.00,  0.128, 294.96,-99.000, -99.00,-99.000, -99.00,-99.000, -99.00,-99.000, -99.00,
9/8/2006 20:10:00, 11.2,275.8,  1.0,  3.1, 19.007, 29.30,  0.0,  0.0,  0.165, 281.92,  0.216, 306.92,  0.219, 284.54,  0.147, 326.63,  0.183, 316.11,  0.198, 275.51,  0.197, 319.11,  0.096, 316.68,  0.111, 329.74,  0.110, 333.43,  0.094, 306.75,  0.216, 296.45,  0.181, 298.69,  0.176, 300.35,  0.183, 304.73,  0.152, 253.23,-99.000, -99.00,-99.000, -99.00,-99.000, -99.00,-99.000, -99.00,
9/8/2006 20:15:00, 11.2,275.9,  1.0,  3.1, 19.022, 29.31,  0.0,  0.0,  0.100, 271.15,  0.126, 303.06,  0.040, 290.22,  0.218, 311.09,  0.178, 297.86,  0.165, 316.23,  0.187, 306.32,  0.130, 310.65,  0.169, 320.28,  0.233, 324.26,  0.127, 314.68,  0.121, 294.44,  0.136, 283.22,  0.153, 319.52,  0.148, 294.32,  0.035, 309.17,-99.000, -99.00,-99.000, -99.00,-99.000, -99.00,-99.000, -99.00,
9/8/2006 20:20:00, 11.2,275.9,  1.0,  3.1, 19.017, 29.31,  0.0,  0.0,  0.110, 321.99,  0.241, 299.86,  0.194, 287.97,  0.159, 308.10,  0.165, 285.47,  0.211, 292.91,  0.120, 294.01,  0.182, 294.31,  0.243, 298.78,  0.160, 295.12,  0.187, 315.87,  0.174, 293.33,  0.200, 298.11,  0.129, 348.34,  0.113, 333.21,  0.117, 241.47,-99.000, -99.00,-99.000, -99.00,-99.000, -99.00,-99.000, -99.00,
9/8/2006 20:25:00, 11.2,275.9,  1.0,  3.2, 19.022, 29.31,  0.0,  0.0,  0.175, 282.53,  0.180, 313.65,  0.186, 275.25,  0.191, 271.50,  0.169, 287.58,  0.166, 313.78,  0.171, 278.75,  0.236, 282.74,  0.148, 286.11,  0.123, 319.96,  0.166, 289.31,  0.218, 295.51,  0.224, 310.10,  0.201, 306.30,  0.174, 303.05,  0.087, 305.69,-99.000, -99.00,-99.000, -99.00,-99.000, -99.00,-99.000, -99.00,
9/8/2006 20:30:00, 11.2,275.9,  1.0,  3.2, 19.029, 29.31,  0.0,  0.0,  0.174, 287.08,  0.195, 305.81,  0.168, 294.58,  0.249, 295.43,  0.232, 299.65,  0.170, 294.30,  0.144, 298.17,  0.146, 281.46,  0.128, 279.90,  0.190, 299.93,  0.155, 306.35,  0.189, 315.21,  0.172, 318.53,  0.205, 287.29,  0.163, 259.38,  0.134, 232.87,-99.000, -99.00,-99.000, -99.00,-99.000, -99.00,-99.000, -99.00,
9/8/2006 20:35:00, 11.2,275.8,  1.0,  3.1, 19.031, 29.32,  0.0,  0.0,  0.166, 310.60,  0.188, 308.52,  0.195, 317.71,  0.159, 291.40,  0.140, 313.84,  0.165, 298.28,  0.219, 312.96,  0.215, 295.61,  0.188, 305.47,  0.197, 295.53,  0.164, 282.00,  0.174, 284.68,  0.158, 303.08,  0.151, 306.95,  0.171, 298.66,  0.173, 273.64,-99.000, -99.00,-99.000, -99.00,-99.000, -99.00,-99.000, -99.00,
9/8/2006 20:40:00, 11.2,275.8,  1.0,  3.1, 19.029, 29.32,  0.0,  0.0,  0.156, 317.33,  0.136, 308.73,  0.162, 309.49,  0.259, 322.20,  0.239, 331.50,  0.226, 290.20,  0.195, 304.75,  0.106, 299.95,  0.235, 265.60,  0.275, 305.08,  0.226, 302.92,  0.210, 303.16,  0.184, 306.81,  0.156, 289.13,  0.148, 304.55,  0.078, 275.13,-99.000, -99.00,-99.000, -99.00,-99.000, -99.00,-99.000, -99.00,
9/8/2006 20:45:00, 11.2,275.8,  1.0,  3.1, 19.051, 29.32,  0.0,  0.0,  0.108, 312.74,  0.103, 318.55,  0.188, 286.99,  0.184, 289.32,  0.181, 277.95,  0.217, 282.24,  0.168, 282.38,  0.232, 270.00,  0.196, 263.85,  0.170, 266.63,  0.242, 277.83,  0.191, 270.30,  0.194, 270.00,  0.288, 272.19,  0.134, 285.18,  0.126, 271.82,-99.000, -99.00,-99.000, -99.00,-99.000, -99.00,-99.000, -99.00,
9/8/2006 20:50:00, 11.2,275.9,  1.0,  3.1, 19.045, 29.33,  0.0,  0.0,  0.226, 289.96,  0.089, 298.30,  0.120, 307.54,  0.136, 327.95,  0.158, 316.28,  0.116, 282.48,  0.244, 274.71,  0.150, 287.10,  0.141, 283.54,  0.148, 316.92,  0.278, 278.28,  0.150, 280.34,  0.184, 298.51,  0.202, 295.17,  0.164, 294.53,  0.189, 237.99,-99.000, -99.00,-99.000, -99.00,-99.000, -99.00,-99.000, -99.00,
9/8/2006 20:55:00, 11.2,275.9,  1.0,  3.1, 19.037, 29.33,  0.0,  0.0,  0.194, 327.21,  0.198, 320.12,  0.248, 298.63,  0.221, 298.42,  0.246, 297.61,  0.215, 311.99,  0.128, 312.15,  0.149, 309.56,  0.212, 297.53,  0.264, 296.08,  0.228, 294.09,  0.297, 300.53,  0.208, 310.90,  0.186, 307.36,  0.226, 301.44,  0.177, 254.63,-99.000, -99.00,-99.000, -99.00,-99.000, -99.00,-99.000, -99.00,
9/8/2006 21:00:00, 11.2,275.8,  1.0,  3.1, 19.044, 29.34,  0.0,  0.0,  0.173, 324.19,  0.176, 312.47,  0.167, 311.35,  0.169, 300.96,  0.192, 319.85,  0.191, 308.61,  0.224, 278.20,  0.168, 296.57,  0.205, 312.82,  0.246, 302.72,  0.247, 279.31,  0.160, 301.21,  0.243, 294.25,  0.219, 295.74,  0.270, 292.67,  0.101, 268.30,-99.000, -99.00,-99.000, -99.00,-99.000, -99.00,-99.000, -99.00,
9/8/2006 21:05:00, 11.2,275.8,  1.0,  3.1, 19.055, 29.34,  0.0,  0.0,  0.120, 307.54,  0.186, 283.66,  0.090, 310.95,  0.189, 273.03,  0.179, 282.56,  0.190, 284.91,  0.235, 296.02,  0.176, 273.58,  0.235, 277.58,  0.117, 315.69,  0.229, 292.87,  0.251, 284.31,  0.189, 292.08,  0.141, 298.38,  0.189, 295.35,  0.162, 266.82,-99.000, -99.00,-99.000, -99.00,-99.000, -99.00,-99.000, -99.00,
9/8/2006 21:10:00, 11.2,275.8,  1.0,  3.1, 19.053, 29.34,  0.0,  0.0,  0.106, 308.49,  0.220, 310.21,  0.189, 308.57,  0.108, 315.37,  0.236, 280.26,  0.185, 312.38,  0.139, 297.49,  0.244, 289.18,  0.250, 286.04,  0.195, 294.86,  0.136, 268.32,  0.179, 270.96,  0.208, 298.04,  0.204, 302.21,  0.240, 296.99,  0.151, 236.31,-99.000, -99.00,-99.000, -99.00,-99.000, -99.00,-99.000, -99.00,
9/8/2006 21:15:00, 11.2,275.8,  1.0,  3.1, 19.061, 29.34,  0.0,  0.0,  0.174, 348.04,  0.127, 313.73,  0.018, 321.84,  0.178, 313.18,  0.185, 300.86,  0.252, 283.32,  0.168, 281.64,  0.292, 280.27,  0.219, 284.04,  0.175, 282.53,  0.223, 293.23,  0.288, 288.62,  0.286, 298.90,  0.285, 292.06,  0.341, 295.74,  0.206, 250.16,-99.000, -99.00,-99.000, -99.00,-99.000, -99.00,-99.000, -99.00,
9/8/2006 21:20:00, 11.2,275.9,  1.0,  3.2, 19.071, 29.34,  0.0,  0.0,  0.155, 313.17,  0.096, 266.42,  0.159, 284.56,  0.204, 267.47,  0.255, 295.76,  0.105, 284.97,  0.172, 263.66,  0.177, 275.52,  0.279, 292.79,  0.346, 285.60,  0.295, 288.99,  0.256, 291.05,  0.229, 284.95,  0.259, 283.87,  0.199, 276.91,  0.148, 259.52,-99.000, -99.00,-99.000, -99.00,-99.000, -99.00,-99.000, -99.00,
9/8/2006 21:25:00, 11.2,275.9,  1.0,  3.1, 19.077, 29.34,  0.0,  0.0,  0.207, 320.48,  0.132, 340.05,  0.205, 291.18,  0.170, 279.46,  0.185, 275.28,  0.196, 275.86,  0.148, 275.83,  0.205, 282.41,  0.259, 289.42,  0.292, 300.96,  0.228, 279.59,  0.193, 297.76,  0.219, 306.82,  0.236, 310.18,  0.268, 288.30,  0.097, 242.90,-99.000, -99.00,-99.000, -99.00,-99.000, -99.00,-99.000, -99.00,
9/8/2006 21:30:00, 11.2,275.8,  1.0,  3.1, 19.070, 29.34,  0.0,  0.0,  0.082, 248.46,  0.152, 294.54,  0.124, 272.31,  0.190, 272.71,  0.228, 268.74,  0.228, 263.72,  0.193, 284.40,  0.175, 294.23,  0.115, 275.51,  0.247, 278.39,  0.192, 285.41,  0.211, 297.05,  0.210, 298.76,  0.118, 274.84,  0.234, 289.75,  0.112, 270.00,-99.000, -99.00,-99.000, -99.00,-99.000, -99.00,-99.000, -99.00,
9/8/2006 21:35:00, 11.2,275.8,  1.0,  3.1, 19.072, 29.34,  0.0,  0.0,  0.163, 301.75,  0.218, 289.02,  0.142, 290.60,  0.228, 286.84,  0.193, 292.85,  0.184, 270.31,  0.266, 273.67,  0.217, 281.73,  0.245, 287.10,  0.192, 304.60,  0.257, 294.08,  0.156, 274.03,  0.167, 285.29,  0.241, 301.45,  0.237, 304.36,  0.165, 287.67,-99.000, -99.00,-99.000, -99.00,-99.000, -99.00,-99.000, -99.00,
9/8/2006 21:40:00, 11.2,275.9,  1.0,  3.1, 19.071, 29.34,  0.0,  0.0,  0.014,  17.10,  0.194, 276.80,  0.122, 256.76,  0.106, 279.82,  0.191, 265.49,  0.188, 256.18,  0.193, 291.25,  0.262, 279.21,  0.264, 285.14,  0.267, 287.42,  0.295, 280.93,  0.281, 283.39,  0.234, 270.00,  0.218, 275.53,  0.184, 290.41,  0.153, 259.43,-99.000, -99.00,-99.000, -99.00,-99.000, -99.00,-99.000, -99.00,
9/8/2006 21:45:00, 11.2,275.9,  1.0,  3.1, 19.066, 29.34,  0.0,  0.0,  0.154, 291.73,  0.202, 301.64,  0.194, 311.66,  0.152, 288.79,  0.218, 279.51,  0.170, 270.67,  0.308, 267.21,  0.211, 275.71,  0.276, 277.69,  0.266, 291.64,  0.268, 294.94,  0.265, 303.75,  0.273, 292.62,  0.214, 288.27,  0.143, 297.46,  0.090, 247.72,-99.000, -99.00,-99.000, -99.00,-99.000, -99.00,-99.000, -99.00,
9/8/2006 21:50:00, 11.2,275.9,  1.0,  3.1, 19.059, 29.34,  0.0,  0.0,  0.115, 284.04,  0.122, 270.00,  0.175, 267.06,  0.169, 267.29,  0.110, 287.94,  0.165, 254.87,  0.138, 255.76,  0.186, 256.94,  0.185, 268.14,  0.283, 272.43,  0.168, 270.00,  0.202, 268.58,  0.205, 270.84,  0.165, 268.61,  0.163, 298.13,  0.100, 265.43,-99.000, -99.00,-99.000, -99.00,-99.000, -99.00,-99.000, -99.00,
9/8/2006 21:55:00, 11.2,275.8,  1.0,  3.1, 19.063, 29.34,  0.0,  0.0,  0.118, 279.30,  0.151, 284.59,  0.243, 293.82,  0.185, 258.14,  0.150, 273.05,  0.204, 290.92,  0.213, 278.36,  0.243, 268.82,  0.247, 261.38,  0.281, 266.74,  0.211, 270.81,  0.277, 269.79,  0.265, 278.68,  0.237, 290.27,  0.183, 295.30,  0.123, 253.48,-99.000, -99.00,-99.000, -99.00,-99.000, -99.00,-99.000, -99.00,
9/8/2006 22:00:00, 11.2,275.8,  1.0,  3.1, 19.057, 29.34,  0.0,  0.0,  0.132, 300.44,  0.184, 275.00,  0.151, 287.35,  0.159, 274.70,  0.224, 274.36,  0.198, 270.87,  0.156, 284.13,  0.180, 301.40,  0.185, 294.21,  0.207, 292.73,  0.250, 287.42,  0.257, 291.97,  0.197, 289.54,  0.186, 294.50,  0.210, 299.74,  0.183, 274.40,-99.000, -99.00,-99.000, -99.00,-99.000, -99.00,-99.000, -99.00,
9/8/2006 22:05:00, 11.2,275.9,  1.0,  3.1, 19.067, 29.34,  0.0,  0.0,  0.078, 240.16,  0.112, 245.26,  0.154, 245.92,  0.208, 259.50,  0.205, 265.52,  0.223, 256.77,  0.220, 286.95,  0.153, 297.24,  0.277, 282.53,  0.212, 271.62,  0.224, 259.44,  0.211, 275.98,  0.262, 276.36,  0.197, 278.17,  0.185, 279.67,  0.103, 226.57,-99.000, -99.00,-99.000, -99.00,-99.000, -99.00,-99.000, -99.00,
9/8/2006 22:10:00, 11.2,275.8,  1.0,  3.1, 19.056, 29.34,  0.0,  0.0,  0.176, 293.50,  0.169, 289.40,  0.128, 248.03,  0.194, 269.70,  0.130, 264.25,  0.166, 262.75,  0.172, 279.68,  0.252, 255.96,  0.191, 265.19,  0.176, 269.02,  0.220, 285.05,  0.171, 297.16,  0.136, 264.08,  0.153, 264.36,  0.197, 303.85,  0.047, 252.72,-99.000, -99.00,-99.000, -99.00,-99.000, -99.00,-99.000, -99.00,
9/8/2006 22:15:00, 11.2,275.9,  1.0,  3.1, 19.048, 29.34,  0.0,  0.0,  0.154, 313.42,  0.242, 273.31,  0.171, 286.96,  0.199, 281.31,  0.275, 270.00,  0.240, 272.62,  0.295, 277.20,  0.241, 276.68,  0.223, 261.51,  0.207, 270.55,  0.154, 286.20,  0.221, 283.34,  0.162, 289.89,  0.121, 284.84,  0.114, 278.56,  0.166, 275.19,-99.000, -99.00,-99.000, -99.00,-99.000, -99.00,-99.000, -99.00,
9/8/2006 22:20:00, 11.2,275.8,  1.0,  3.1, 19.048, 29.34,  0.0,  0.0,  0.173, 295.38,  0.131, 280.11,  0.296, 278.35,  0.268, 293.51,  0.205, 273.63,  0.216, 274.26,  0.232, 275.44,  0.318, 270.72,  0.189, 276.67,  0.311, 262.99,  0.193, 271.19,  0.214, 275.63,  0.145, 293.56,  0.228, 303.90,  0.225, 293.03,  0.159, 240.52,-99.000, -99.00,-99.000, -99.00,-99.000, -99.00,-99.000, -99.00,
9/8/2006 22:25:00, 11.2,275.9,  1.0,  3.1, 19.039, 29.34,  0.0,  0.0,  0.215, 289.28,  0.199, 294.37,  0.099, 249.92,  0.127, 290.29,  0.250, 274.13,  0.221, 262.71,  0.193, 273.56,  0.286, 283.55,  0.217, 268.42,  0.229, 267.75,  0.165, 268.26,  0.197, 287.15,  0.208, 287.91,  0.173, 295.68,  0.172, 292.98,  0.132, 279.61,-99.000, -99.00,-99.000, -99.00,-99.000, -99.00,-99.000, -99.00,
9/8/2006 22:30:00, 11.2,275.8,  1.0,  3.1, 19.037, 29.34,  0.0,  0.0,  0.165, 261.28,  0.268, 256.17,  0.160, 284.47,  0.289, 267.42,  0.284, 266.78,  0.305, 275.26,  0.279, 291.23,  0.192, 281.13,  0.257, 307.72,  0.238, 300.22,  0.227, 284.28,  0.249, 279.73,  0.285, 287.35,  0.215, 284.55,  0.223, 289.08,  0.159, 280.89,-99.000, -99.00,-99.000, -99.00,-99.000, -99.00,-99.000, -99.00,
9/8/2006 22:35:00, 11.2,275.8,  1.0,  3.1, 19.042, 29.33,  0.0,  0.0,  0.201, 286.18,  0.251, 285.98,  0.225, 271.78,  0.211, 274.09,  0.179, 266.16,  0.203, 293.79,  0.260, 291.23,  0.211, 283.44,  0.204, 266.63,  0.218, 281.62,  0.241, 284.15,  0.184, 292.38,  0.208, 286.78,  0.214, 285.98,  0.255, 272.69,  0.083, 260.99,-99.000, -99.00,-99.000, -99.00,-99.000, -99.00,-99.000, -99.00,
9/8/2006 22:40:00, 11.2,275.9,  1.0,  3.1, 19.044, 29.33,  0.0,  0.0,  0.199, 284.52,  0.176, 254.86,  0.201, 279.46,  0.251, 267.04,  0.322, 280.93,  0.257, 281.00,  0.226, 255.41,  0.246, 285.05,  0.162, 287.21,  0.285, 303.41,  0.291, 304.78,  0.254, 284.36,  0.200, 301.94,  0.229, 293.10,  0.169, 289.40,  0.093, 245.10,-99.000, -99.00,-99.000, -99.00,-99.000, -99.00,-99.000, -99.00,
9/8/2006 22:45:00, 11.2,275.9,  1.0,  3.1, 19.032, 29.33,  0.0,  0.0,  0.099, 260.73,  0.290, 270.00,  0.300, 276.51,  0.257, 267.55,  0.226, 283.85,  0.263, 262.15,  0.235, 269.76,  0.225, 272.29,  0.270, 277.23,  0.268, 289.18,  0.253, 293.32,  0.189, 305.54,  0.211, 303.77,  0.198, 307.62,  0.125, 299.86,  0.103, 272.78,-99.000, -99.00,-99.000, -99.00,-99.000, -99.00,-99.000, -99.00,
9/8/2006 22:50:00, 11.2,275.8,  1.0,  3.2, 19.036, 29.33,  0.0,  0.0,  0.200, 286.89,  0.257, 258.34,  0.242, 278.80,  0.182, 276.93,  0.174, 268.68,  0.249, 263.30,  0.185, 259.11,  0.285, 281.35,  0.252, 275.69,  0.243, 256.42,  0.308, 279.34,  0.248, 292.53,  0.199, 290.62,  0.100, 270.00,  0.141, 258.53,  0.125, 268.63,-99.000, -99.00,-99.000, -99.00,-99.000, -99.00,-99.000, -99.00,
9/8/2006 22:55:00, 11.2,275.9,  1.0,  3.1, 19.021, 29.33,  0.0,  0.0,  0.204, 266.07,  0.225, 259.24,  0.205, 270.56,  0.181, 270.00,  0.292, 263.90,  0.266, 275.60,  0.196, 273.21,  0.212, 290.40,  0.138, 267.51,  0.261, 281.05,  0.220, 275.22,  0.251, 293.20,  0.188, 302.42,  0.157, 314.48,  0.164, 316.97,  0.059, 288.74,-99.000, -99.00,-99.000, -99.00,-99.000, -99.00,-99.000, -99.00,
9/8/2006 23:00:00, 11.2,275.8,  1.0,  3.1, 19.024, 29.33,  0.0,  0.0,  0.246, 264.17,  0.227, 273.78,  0.217, 274.50,  0.350, 270.49,  0.288, 280.41,  0.360, 262.97,  0.330, 253.10,  0.257, 270.00,  0.257, 260.35,  0.248, 254.12,  0.194, 254.46,  0.199, 250.29,  0.078, 245.07,  0.079, 177.83,  0.142, 272.02,  0.125, 236.06,-99.000, -99.00,-99.000, -99.00,-99.000, -99.00,-99.000, -99.00,
9/8/2006 23:05:00, 11.2,275.9,  1.0,  3.1, 19.013, 29.33,  0.0,  0.0,  0.257, 262.41,  0.213, 241.75,  0.270, 258.90,  0.304, 246.73,  0.271, 274.03,  0.293, 268.63,  0.273, 254.08,  0.206, 277.54,  0.264, 276.96,  0.237, 277.99,  0.191, 283.96,  0.193, 293.78,  0.157, 284.04,  0.168, 275.81,  0.175, 291.74,  0.059, 240.38,-99.000, -99.00,-99.000, -99.00,-99.000, -99.00,-99.000, -99.00,
9/8/2006 23:10:00, 11.2,275.9,  1.0,  3.1, 18.995, 29.32,  0.0,  0.0,  0.138, 256.17,  0.225, 275.61,  0.208, 269.72,  0.199, 283.69,  0.264, 263.04,  0.137, 269.58,  0.114, 263.94,  0.187, 255.74,  0.179, 283.26,  0.308, 276.89,  0.211, 281.20,  0.258, 285.76,  0.179, 287.93,  0.129, 296.17,  0.183, 295.30,  0.143, 297.10,-99.000, -99.00,-99.000, -99.00,-99.000, -99.00,-99.000, -99.00,
9/8/2006 23:15:00, 11.2,275.9,  1.0,  3.1, 19.001, 29.32,  0.0,  0.0,  0.163, 298.13,  0.160, 299.92,  0.169, 254.89,  0.093, 258.21,  0.260, 266.70,  0.213, 269.73,  0.210, 286.28,  0.212, 297.17,  0.222, 271.03,  0.201, 279.74,  0.158, 289.92,  0.080, 272.15,  0.237, 286.68,  0.167, 278.95,  0.165, 288.33,  0.129, 245.81,-99.000, -99.00,-99.000, -99.00,-99.000, -99.00,-99.000, -99.00,
9/8/2006 23:20:00, 11.2,275.8,  1.0,  3.1, 18.990, 29.32,  0.0,  0.0,  0.087, 283.24,  0.166, 251.78,  0.184, 244.55,  0.150, 273.05,  0.178, 288.33,  0.230, 274.00,  0.201, 279.46,  0.171, 296.71,  0.117, 300.96,  0.158, 279.82,  0.278, 284.59,  0.191, 298.18,  0.179, 299.43,  0.152, 289.63,  0.085, 295.06,  0.017, 331.93,-99.000, -99.00,-99.000, -99.00,-99.000, -99.00,-99.000, -99.00,
9/8/2006 23:25:00, 11.2,275.9,  1.0,  3.1, 18.984, 29.32,  0.0,  0.0,  0.101, 273.40,  0.110, 296.57,  0.223, 270.26,  0.154, 248.61,  0.171, 242.54,  0.142, 266.78,  0.222, 267.42,  0.133, 266.99,  0.158, 282.80,  0.164, 269.30,  0.220, 271.82,  0.181, 272.53,  0.142, 264.33,  0.163, 278.13,  0.136, 270.00,  0.079, 274.34,-99.000, -99.00,-99.000, -99.00,-99.000, -99.00,-99.000, -99.00,
9/8/2006 23:30:00, 11.2,275.9,  1.0,  3.1, 18.968, 29.32,  0.0,  0.0,  0.125, 268.17,  0.129, 246.63,  0.251, 260.35,  0.198, 276.37,  0.258, 251.21,  0.264, 270.43,  0.194, 271.48,  0.212, 279.77,  0.202, 285.21,  0.113, 276.62,  0.115, 302.16,  0.186, 299.59,  0.077, 307.61,  0.092, 306.62,  0.147, 297.09,  0.103, 225.00,-99.000, -99.00,-99.000, -99.00,-99.000, -99.00,-99.000, -99.00,
9/8/2006 23:35:00, 11.2,275.8,  1.0,  3.1, 18.964, 29.31,  0.0,  0.0,  0.138, 250.51,  0.181, 260.43,  0.222, 277.77,  0.179, 279.67,  0.203, 270.00,  0.111, 256.46,  0.161, 260.36,  0.200, 266.28,  0.092, 279.97,  0.102, 271.12,  0.108, 256.61,  0.058, 304.51,  0.173, 310.31,  0.165, 293.93,  0.188, 283.82,  0.084, 259.76,-99.000, -99.00,-99.000, -99.00,-99.000, -99.00,-99.000, -99.00,
9/8/2006 23:40:00, 11.2,275.9,  1.0,  3.1, 18.958, 29.31,  0.0,  0.0,  0.096, 249.86,  0.204, 241.30,  0.105, 263.42,  0.114, 278.06,  0.107, 243.43,  0.206, 253.06,  0.192, 257.70,  0.153, 296.40,  0.091, 265.60,  0.192, 275.09,  0.122, 311.01,  0.141, 285.22,  0.124, 240.54,  0.060, 233.13,  0.034, 270.00,  0.049, 183.50,-99.000, -99.00,-99.000, -99.00,-99.000, -99.00,-99.000, -99.00,
9/8/2006 23:45:00, 11.2,275.9,  1.0,  3.1, 18.960, 29.31,  0.0,  0.0,  0.125, 262.65,  0.119, 303.69,  0.190, 261.83,  0.219, 260.02,  0.234, 233.18,  0.157, 250.99,  0.189, 262.08,  0.210, 263.99,  0.229, 273.75,  0.152, 280.20,  0.186, 291.74,  0.236, 303.76,  0.151, 285.79,  0.046, 252.35,  0.102, 300.58,  0.143, 240.21,-99.000, -99.00,-99.000, -99.00,-99.000, -99.00,-99.000, -99.00,
9/8/2006 23:50:00, 11.2,275.9,  1.0,  3.1, 18.959, 29.31,  0.0,  0.0,  0.059, 312.93,  0.165, 270.00,  0.216, 249.97,  0.130, 252.54,  0.148, 261.43,  0.133, 240.74,  0.104, 257.17,  0.159, 278.33,  0.121, 272.84,  0.177, 252.28,  0.142, 272.42,  0.172, 280.07,  0.161, 291.47,  0.133, 303.69,  0.103, 290.56,  0.092, 236.48,-99.000, -99.00,-99.000, -99.00,-99.000, -99.00,-99.000, -99.00,
9/8/2006 23:55:00, 11.2,275.9,  1.0,  3.1, 18.943, 29.31,  0.0,  0.0,  0.168, 266.25,  0.166, 251.35,  0.155, 265.94,  0.141, 263.88,  0.150, 250.96,  0.185, 267.52,  0.104, 278.29,  0.120, 275.28,  0.180, 280.87,  0.164, 263.70,  0.164, 294.53,  0.167, 296.72,  0.260, 301.80,  0.150, 304.65,  0.154, 299.05,  0.098, 234.53,-99.000, -99.00,-99.000, -99.00,-99.000, -99.00,-99.000, -99.00,
9/9/2006 00:00:00, 11.2,275.8,  1.0,  3.1, 18.938, 29.31,  0.0,  0.0,  0.206, 309.49,  0.144, 266.82,  0.164, 282.00,  0.145, 286.05,  0.098, 275.25,  0.134, 263.14,  0.238, 270.00,  0.167, 264.49,  0.195, 291.96,  0.260, 275.51,  0.139, 249.73,  0.124, 268.15,  0.154, 274.86,  0.081, 290.89,  0.148, 285.26,  0.079, 258.26,-99.000, -99.00,-99.000, -99.00,-99.000, -99.00,-99.000, -99.00,
9/9/2006 00:05:00, 11.2,275.9,  1.0,  3.1, 18.914, 29.31,  0.0,  0.0,  0.127, 260.46,  0.210, 248.45,  0.242, 255.39,  0.124, 252.15,  0.222, 265.09,  0.164, 259.79,  0.240, 275.26,  0.133, 238.22,  0.165, 265.12,  0.138, 265.44,  0.172, 277.00,  0.120, 260.85,  0.097, 268.82,  0.157, 281.02,  0.185, 268.76,  0.136, 196.18,-99.000, -99.00,-99.000, -99.00,-99.000, -99.00,-99.000, -99.00,
9/9/2006 00:10:00, 11.2,275.8,  1.0,  3.1, 18.904, 29.31,  0.0,  0.0,  0.141, 252.21,  0.087, 271.32,  0.056, 296.57,  0.124, 253.61,  0.179, 259.07,  0.196, 285.38,  0.128, 258.25,  0.144, 270.00,  0.132, 295.02,  0.152, 313.67,  0.118, 302.88,  0.148, 277.36,  0.081, 232.00,  0.064, 262.87,  0.143, 284.62,  0.145, 291.43,-99.000, -99.00,-99.000, -99.00,-99.000, -99.00,-99.000, -99.00,
9/9/2006 00:15:00, 11.2,275.9,  1.0,  3.1, 18.907, 29.31,  0.0,  0.0,  0.201, 265.71,  0.098, 286.03,  0.169, 260.48,  0.120, 241.08,  0.138, 229.13,  0.156, 282.25,  0.158, 270.00,  0.209, 245.65,  0.148, 258.69,  0.124, 262.59,  0.117, 264.58,  0.094, 266.35,  0.034, 319.76,  0.148, 290.51,  0.135, 293.14,  0.107, 228.41,-99.000, -99.00,-99.000, -99.00,-99.000, -99.00,-99.000, -99.00,
9/9/2006 00:20:00, 11.2,275.8,  1.0,  3.1, 18.888, 29.30,  0.0,  0.0,  0.201, 250.58,  0.195, 282.75,  0.097, 265.29,  0.085, 250.71,  0.171, 267.99,  0.228, 247.59,  0.187, 279.56,  0.147, 262.59,  0.223, 257.33,  0.219, 283.47,  0.177, 274.87,  0.129, 284.79,  0.114, 297.24,  0.087, 348.69,  0.095, 306.03,  0.039, 190.44,-99.000, -99.00,-99.000, -99.00,-99.000, -99.00,-99.000, -99.00,
9/9/2006 00:25:00, 11.2,275.9,  1.0,  3.1, 18.881, 29.30,  0.0,  0.0,  0.113, 229.29,  0.181, 270.00,  0.113, 249.33,  0.112, 282.92,  0.104, 202.11,  0.131, 235.22,  0.169, 237.53,  0.129, 230.65,  0.077, 282.77,  0.120, 302.36,  0.142, 322.16,  0.133, 285.71,  0.132, 289.54,  0.043, 321.55,  0.026, 186.58,  0.109, 195.44,-99.000, -99.00,-99.000, -99.00,-99.000, -99.00,-99.000, -99.00,
9/9/2006 00:30:00, 11.2,275.8,  1.1,  3.1, 18.881, 29.30,  0.0,  0.0,  0.166, 240.34,  0.166, 240.81,  0.105, 233.13,  0.171, 285.58,  0.105, 256.23,  0.151, 299.28,  0.158, 275.10,  0.142, 269.60,  0.131, 278.32,  0.109, 267.90,  0.202, 276.25,  0.086, 286.13,  0.103, 304.77,  0.118, 273.88,  0.152, 276.80,  0.090, 206.28,-99.000, -99.00,-99.000, -99.00,-99.000, -99.00,-99.000, -99.00,
9/9/2006 00:35:00, 11.2,275.8,  1.0,  3.1, 18.870, 29.29,  0.0,  0.0,  0.191, 295.36,  0.150, 266.19,  0.157, 245.07,  0.175, 225.92,  0.124, 222.71,  0.133, 250.20,  0.156, 276.26,  0.134, 288.71,  0.143, 282.49,  0.125, 260.31,  0.103, 271.67,  0.164, 269.30,  0.125, 266.79,  0.091, 268.74,  0.029, 296.57,  0.084, 203.20,-99.000, -99.00,-99.000, -99.00,-99.000, -99.00,-99.000, -99.00,
9/9/2006 00:40:00, 11.2,275.8,  1.1,  3.1, 18.864, 29.29,  0.0,  0.0,  0.142, 273.22,  0.156, 268.53,  0.109, 273.15,  0.059, 279.78,  0.135, 280.65,  0.125, 260.31,  0.152, 262.46,  0.141, 253.11,  0.137, 253.02,  0.141, 250.54,  0.082, 244.69,  0.035, 326.77,  0.065, 352.98,  0.048,  28.71,  0.014,  85.91,  0.093, 212.33,-99.000, -99.00,-99.000, -99.00,-99.000, -99.00,-99.000, -99.00,
9/9/2006 00:45:00, 11.2,275.9,  1.0,  3.1, 18.852, 29.29,  0.0,  0.0,  0.076, 246.80,  0.123, 249.50,  0.184, 266.89,  0.036, 219.40,  0.105, 248.30,  0.081, 282.14,  0.172, 245.22,  0.113, 304.95,  0.160, 252.13,  0.182, 247.38,  0.093, 277.43,  0.024, 204.44,  0.008, 284.04,  0.101, 310.17,  0.018,   9.46,  0.116, 182.96,-99.000, -99.00,-99.000, -99.00,-99.000, -99.00,-99.000, -99.00,
9/9/2006 00:50:00, 11.2,275.9,  1.0,  3.1, 18.847, 29.29,  0.0,  0.0,  0.146, 264.88,  0.190, 263.66,  0.091, 231.24,  0.175, 245.34,  0.072, 238.08,  0.129, 257.91,  0.210, 262.06,  0.226, 265.93,  0.189, 266.37,  0.099, 270.00,  0.092, 280.70,  0.080, 319.55,  0.104, 300.49,  0.079, 277.31,  0.074, 277.80,  0.094, 206.57,-99.000, -99.00,-99.000, -99.00,-99.000, -99.00,-99.000, -99.00,
9/9/2006 00:55:00, 11.2,275.9,  1.0,  3.1, 18.826, 29.29,  0.0,  0.0,  0.164, 284.80,  0.131, 229.02,  0.158, 254.55,  0.168, 256.95,  0.142, 237.99,  0.159, 260.60,  0.107, 242.24,  0.126, 258.06,  0.118, 269.03,  0.015, 246.80,  0.060, 294.84,  0.051,  59.42,  0.062, 275.53,  0.092, 297.96,  0.073, 280.23,  0.076, 159.18,-99.000, -99.00,-99.000, -99.00,-99.000, -99.00,-99.000, -99.00,
9/9/2006 01:00:00, 11.2,275.9,  1.0,  3.1, 18.826, 29.29,  0.0,  0.0,  0.174, 237.68,  0.110, 256.85,  0.125, 228.56,  0.121, 210.15,  0.126, 238.96,  0.171, 214.06,  0.141, 252.21,  0.076, 232.52,  0.080, 265.71,  0.148, 273.48,  0.031, 262.65,  0.014, 329.74,  0.058, 282.85,  0.126, 308.23,  0.081, 320.01,  0.042, 250.71,-99.000, -99.00,-99.000, -99.00,-99.000, -99.00,-99.000, -99.00,
9/9/2006 01:05:00, 11.2,275.8,  1.0,  3.1, 18.807, 29.28,  0.0,  0.0,  0.137, 259.51,  0.166, 233.82,  0.098, 243.96,  0.151, 283.02,  0.124, 252.15,  0.200, 238.30,  0.187, 225.87,  0.124, 224.35,  0.056, 248.01,  0.047, 320.19,  0.035, 318.50,  0.010, 233.13,  0.040, 302.91,  0.006,   0.00,  0.005,  36.87,  0.069, 224.41,-99.000, -99.00,-99.000, -99.00,-99.000, -99.00,-99.000, -99.00,
9/9/2006 01:10:00, 11.2,275.9,  1.1,  3.1, 18.813, 29.28,  0.0,  0.0,  0.165, 292.06,  0.176, 272.28,  0.105, 295.35,  0.090, 240.88,  0.092, 219.73,  0.109, 245.56,  0.087, 259.46,  0.118, 268.06,  0.095, 263.33,  0.105, 274.36,  0.106, 314.24,  0.054, 299.88,  0.116, 297.67,  0.025, 274.57,  0.014, 162.90,  0.078, 182.94,-99.000, -99.00,-99.000, -99.00,-99.000, -99.00,-99.000, -99.00,
9/9/2006 01:15:00, 11.2,275.8,  1.0,  3.1, 18.802, 29.28,  0.0,  0.0,  0.217, 248.39,  0.132, 233.91,  0.163, 252.90,  0.255, 273.14,  0.144, 264.81,  0.176, 232.61,  0.056, 233.75,  0.106, 262.94,  0.095, 303.35,  0.017, 346.76,  0.086, 319.25,  0.138, 260.40,  0.128, 292.96,  0.040, 347.01,  0.062, 217.79,  0.115, 173.49,-99.000, -99.00,-99.000, -99.00,-99.000, -99.00,-99.000, -99.00,
9/9/2006 01:20:00, 11.2,275.8,  1.1,  3.1, 18.793, 29.28,  0.0,  0.0,  0.082, 325.92,  0.035, 251.57,  0.052, 238.47,  0.103, 206.57,  0.017, 183.37,  0.065, 247.38,  0.104, 230.83,  0.065, 277.02,  0.026, 252.26,  0.022, 320.53,  0.038, 333.43,  0.076, 322.98,  0.032, 248.20,  0.053, 217.30,  0.066, 221.92,  0.081, 196.43,-99.000, -99.00,-99.000, -99.00,-99.000, -99.00,-99.000, -99.00,
9/9/2006 01:25:00, 11.2,275.8,  1.1,  3.1, 18.782, 29.28,  0.0,  0.0,  0.066, 270.00,  0.048, 253.07,  0.105, 245.15,  0.060, 214.22,  0.016, 243.43,  0.069, 188.37,  0.095, 234.81,  0.112, 256.58,  0.108, 267.35,  0.086, 270.00,  0.047, 318.47,  0.072, 217.67,  0.037, 210.70,  0.071,  23.30,  0.021,  39.09,  0.123, 156.56,-99.000, -99.00,-99.000, -99.00,-99.000, -99.00,-99.000, -99.00,
9/9/2006 01:30:00, 11.2,275.8,  1.0,  3.1, 18.776, 29.28,  0.0,  0.0,  0.070, 191.47,  0.200, 247.40,  0.176, 247.66,  0.173, 246.10,  0.122, 230.68,  0.151, 250.24,  0.118, 251.72,  0.056, 288.76,  0.037, 344.48,  0.027, 235.71,  0.050, 270.00,  0.016, 194.93,  0.054,  46.51,  0.059, 338.20,  0.049,  57.62,  0.052,  19.13,-99.000, -99.00,-99.000, -99.00,-99.000, -99.00,-99.000, -99.00,
9/9/2006 01:35:00, 11.2,275.8,  1.0,  3.1, 18.776, 29.28,  0.0,  0.0,  0.119, 243.00,  0.081, 223.51,  0.114, 188.56,  0.166, 238.80,  0.166, 223.78,  0.076, 200.11,  0.037, 198.92,  0.092, 196.46,  0.121, 204.44,  0.097, 231.71,  0.066, 296.18,  0.034,  42.61,  0.088,  97.85,  0.062, 316.30,  0.046, 342.35,  0.136, 185.50,-99.000, -99.00,-99.000, -99.00,-99.000, -99.00,-99.000, -99.00,
9/9/2006 01:40:00, 11.2,275.9,  1.1,  3.1, 18.767, 29.28,  0.0,  0.0,  0.118, 277.31,  0.156, 251.68,  0.051, 166.50,  0.055, 310.60,  0.107, 240.79,  0.134, 233.82,  0.087, 262.06,  0.099, 226.64,  0.109, 257.24,  0.104, 246.15,  0.043, 115.97,  0.018, 317.29,  0.057, 228.53,  0.042, 116.57,  0.021, 182.73,  0.150, 197.10,-99.000, -99.00,-99.000, -99.00,-99.000, -99.00,-99.000, -99.00,
9/9/2006 01:45:00, 11.2,275.9,  1.0,  3.1, 18.754, 29.27,  0.0,  0.0,  0.012, 210.96,  0.091, 140.36,  0.139, 145.28,  0.148, 225.55,  0.161, 247.41,  0.104, 221.50,  0.127, 259.57,  0.053, 268.92,  0.105, 231.60,  0.079, 246.99,  0.119, 202.25,  0.068, 217.21,  0.048, 195.78,  0.041, 322.85,  0.057, 315.71,  0.040, 115.28,-99.000, -99.00,-99.000, -99.00,-99.000, -99.00,-99.000, -99.00,
9/9/2006 01:50:00, 11.2,275.8,  1.1,  3.1, 18.750, 29.27,  0.0,  0.0,  0.054,  33.69,  0.134, 167.94,  0.074, 212.83,  0.098, 194.18,  0.077, 159.44,  0.019, 122.01,  0.092, 167.47,  0.051, 275.60,  0.031, 308.37,  0.099, 284.04,  0.029, 277.85,  0.054, 180.00,  0.032, 205.77,  0.030, 115.71,  0.059, 156.93,  0.113, 155.47,-99.000, -99.00,-99.000, -99.00,-99.000, -99.00,-99.000, -99.00,
9/9/2006 01:55:00, 11.2,275.8,  1.0,  3.1, 18.748, 29.27,  0.0,  0.0,  0.067, 168.86,  0.079, 218.32,  0.106, 185.39,  0.086, 183.33,  0.056, 202.93,  0.116, 157.65,  0.110, 237.61,  0.069, 195.04,  0.102, 216.65,  0.025,  87.71,  0.037, 150.64,  0.101, 150.89,  0.024,  97.13,  0.060, 214.22,  0.099, 253.02,  0.031,  90.00,-99.000, -99.00,-99.000, -99.00,-99.000, -99.00,-99.000, -99.00,
9/9/2006 02:00:00, 11.2,275.8,  1.0,  3.1, 18.749, 29.27,  0.0,  0.0,  0.043, 150.42,  0.100, 180.57,  0.072, 140.09,  0.044, 168.18,  0.023, 149.04,  0.089, 219.97,  0.064, 160.71,  0.112, 181.53,  0.089, 185.77,  0.080, 196.63,  0.084, 215.78,  0.084, 212.37,  0.077, 185.93,  0.060, 135.67,  0.008, 277.13,  0.025,  99.09,-99.000, -99.00,-99.000, -99.00,-99.000, -99.00,-99.000, -99.00,
9/9/2006 02:05:00, 11.2,275.8,  1.0,  3.1, 18.739, 29.27,  0.0,  0.0,  0.041, 209.05,  0.115, 237.41,  0.075, 195.52,  0.119, 159.27,  0.065, 113.43,  0.074, 187.80,  0.037, 257.47,  0.034,  90.00,  0.077, 224.47,  0.031, 292.48,  0.075, 167.64,  0.032, 126.16,  0.085, 122.57,  0.079, 254.55,  0.086, 158.82,  0.054,  57.77,-99.000, -99.00,-99.000, -99.00,-99.000, -99.00,-99.000, -99.00,
9/9/2006 02:10:00, 11.2,275.9,  1.0,  3.1, 18.732, 29.26,  0.0,  0.0,  0.035,   1.64,  0.108, 173.07,  0.085, 120.50,  0.030,  76.43,  0.079, 126.72,  0.085, 122.94,  0.062, 145.54,  0.073, 156.60,  0.067, 110.06,  0.019,  34.51,  0.037, 207.26,  0.027, 252.90,  0.073, 280.23,  0.056, 280.30,  0.052, 197.74,  0.057, 106.22,-99.000, -99.00,-99.000, -99.00,-99.000, -99.00,-99.000, -99.00,
9/9/2006 02:15:00, 11.2,275.8,  1.0,  3.1, 18.721, 29.26,  0.0,  0.0,  0.145, 174.05,  0.079, 198.43,  0.125,  97.35,  0.017,  93.37,  0.140, 135.00,  0.085, 180.00,  0.101, 216.53,  0.153, 112.22,  0.063, 107.57,  0.037, 235.01,  0.091, 172.41,  0.057, 147.99,  0.052, 199.13,  0.063, 165.30,  0.040, 236.31,  0.050, 156.50,-99.000, -99.00,-99.000, -99.00,-99.000, -99.00,-99.000, -99.00,
9/9/2006 02:20:00, 11.2,275.9,  1.0,  3.1, 18.717, 29.25,  0.0,  0.0,  0.110, 197.94,  0.095, 152.35,  0.016,  55.30,  0.084, 134.52,  0.041, 194.04,  0.116, 132.21,  0.088,  96.56,  0.165, 100.49,  0.061, 358.12,  0.018, 317.29,  0.007,  26.57,  0.030, 191.69,  0.060, 114.44,  0.025, 123.69,  0.042, 174.56,  0.056, 117.47,-99.000, -99.00,-99.000, -99.00,-99.000, -99.00,-99.000, -99.00,
9/9/2006 02:25:00, 11.1,275.8,  1.0,  3.1, 18.711, 29.23,  0.0,  0.0,  0.133, 131.35,  0.237, 132.44,  0.127, 147.18,  0.168, 144.22,  0.151, 153.60,  0.162, 130.49,  0.078, 119.20,  0.123,  79.24,  0.075, 116.91,  0.114, 164.26,  0.062, 143.50,  0.114, 288.91,  0.045, 235.95,  0.089, 126.74,  0.065, 124.42,  0.111,  97.77,-99.000, -99.00,-99.000, -99.00,-99.000, -99.00,-99.000, -99.00,
9/9/2006 02:30:00, 11.1,275.8,  1.0,  3.2, 18.703, 29.22,  0.0,  0.0,  0.168, 135.73,  0.150, 147.79,  0.083, 131.58,  0.061, 150.49,  0.089, 138.63,  0.128, 113.55,  0.121, 115.50,  0.200, 138.65,  0.123, 163.48,  0.093, 120.43,  0.053,  94.32,  0.064, 129.92,  0.050, 125.27,  0.036,  93.18,  0.063, 161.57,  0.124, 164.62,-99.000, -99.00,-99.000, -99.00,-99.000, -99.00,-99.000, -99.00,
9/9/2006 02:35:00, 11.1,275.8,  1.1,  3.1, 18.704, 29.21,  0.0,  0.0,  0.149, 133.64,  0.111, 106.16,  0.109, 135.74,  0.185, 139.60,  0.222, 126.77,  0.127, 126.33,  0.110, 126.14,  0.145, 116.21,  0.081, 104.21,  0.123, 118.65,  0.120, 114.01,  0.083,  94.82,  0.043,  84.69,  0.126,  86.82,  0.062, 103.13,  0.137, 150.62,-99.000, -99.00,-99.000, -99.00,-99.000, -99.00,-99.000, -99.00,
9/9/2006 02:40:00, 11.1,275.8,  1.0,  3.1, 18.687, 29.20,  0.0,  0.0,  0.173, 126.54,  0.052,  71.92,  0.150, 105.89,  0.124, 104.48,  0.109,  93.67,  0.071, 141.84,  0.130, 130.31,  0.076, 126.42,  0.063, 100.06,  0.162, 120.36,  0.009,  71.57,  0.115, 151.43,  0.129, 159.03,  0.097, 114.98,  0.090,  88.09,  0.134, 117.14,-99.000, -99.00,-99.000, -99.00,-99.000, -99.00,-99.000, -99.00,
9/9/2006 02:45:00, 11.1,275.9,  1.0,  3.1, 18.687, 29.19,  0.0,  0.0,  0.115, 143.13,  0.115, 149.64,  0.135, 176.19,  0.170, 114.00,  0.092, 136.76,  0.181, 131.19,  0.161, 122.31,  0.098, 135.00,  0.133, 118.68,  0.138, 107.78,  0.125, 131.10,  0.101, 103.21,  0.075, 119.65,  0.108, 103.91,  0.075, 154.80,  0.125, 131.10,-99.000, -99.00,-99.000, -99.00,-99.000, -99.00,-99.000, -99.00,
9/9/2006 02:50:00, 11.1,275.9,  1.1,  3.1, 18.681, 29.19,  0.0,  0.0,  0.122, 131.67,  0.121, 133.99,  0.170, 126.40,  0.094, 180.00,  0.108, 173.07,  0.155, 109.95,  0.121, 119.10,  0.174, 143.39,  0.114, 115.44,  0.154, 120.39,  0.127, 137.88,  0.117, 125.59,  0.183, 104.57,  0.084, 125.78,  0.145, 105.57,  0.150, 120.83,-99.000, -99.00,-99.000, -99.00,-99.000, -99.00,-99.000, -99.00,
9/9/2006 02:55:00, 11.1,275.9,  1.0,  3.1, 18.671, 29.18,  0.0,  0.0,  0.109, 132.77,  0.030, 221.01,  0.128, 180.00,  0.121, 169.06,  0.128, 156.04,  0.058, 123.69,  0.068, 137.39,  0.133, 151.70,  0.181, 130.74,  0.269, 124.40,  0.172, 153.73,  0.151, 153.60,  0.106,  72.42,  0.068, 124.16,  0.174, 156.24,  0.172, 136.65,-99.000, -99.00,-99.000, -99.00,-99.000, -99.00,-99.000, -99.00,
9/9/2006 03:00:00, 11.1,275.8,  1.1,  3.1, 18.670, 29.18,  0.0,  0.0,  0.138, 144.13,  0.126, 187.29,  0.146, 122.71,  0.083, 144.78,  0.055, 146.89,  0.111, 121.41,  0.177,  86.12,  0.174, 123.05,  0.121, 114.87,  0.131, 109.68,  0.107, 114.40,  0.133, 107.48,  0.117, 133.26,  0.123, 111.37,  0.104, 116.81,  0.111, 118.41,-99.000, -99.00,-99.000, -99.00,-99.000, -99.00,-99.000, -99.00,
9/9/2006 03:05:00, 11.1,275.9,  1.1,  3.1, 18.667, 29.18,  0.0,  0.0,  0.145, 150.60,  0.153, 166.42,  0.122, 175.31,  0.141, 182.84,  0.085, 117.16,  0.072, 201.21,  0.108, 148.67,  0.128, 155.44,  0.072, 119.05,  0.075, 139.32,  0.120, 162.47,  0.069, 128.53,  0.170, 118.83,  0.037,  25.87,  0.034, 132.61,  0.081, 151.84,-99.000, -99.00,-99.000, -99.00,-99.000, -99.00,-99.000, -99.00,
9/9/2006 03:10:00, 11.1,275.8,  1.1,  3.1, 18.660, 29.18,  0.0,  0.0,  0.114, 110.03,  0.089, 211.18,  0.142, 148.21,  0.131, 164.05,  0.070, 163.38,  0.040, 308.88,  0.083, 127.69,  0.152, 158.34,  0.016, 255.07,  0.106, 115.11,  0.083, 109.75,  0.071, 104.62,  0.121, 140.01,  0.063, 188.26,  0.076, 176.99,  0.042, 160.71,-99.000, -99.00,-99.000, -99.00,-99.000, -99.00,-99.000, -99.00,
9/9/2006 03:15:00, 11.1,275.8,  1.1,  3.1, 18.670, 29.18,  0.0,  0.0,  0.136, 250.63,  0.121, 202.77,  0.055, 191.51,  0.032,  98.88,  0.054, 169.32,  0.082, 155.61,  0.104, 147.53,  0.126, 152.62,  0.064, 181.79,  0.033, 139.97,  0.060, 193.57,  0.039, 207.22,  0.043, 314.06,  0.006,  59.04,  0.028, 102.53,  0.071, 148.76,-99.000, -99.00,-99.000, -99.00,-99.000, -99.00,-99.000, -99.00,
9/9/2006 03:20:00, 11.1,275.9,  1.0,  3.1, 18.673, 29.17,  0.0,  0.0,  0.067, 309.59,  0.059, 284.74,  0.138, 264.58,  0.069, 253.94,  0.067, 195.48,  0.074, 221.70,  0.045, 270.00,  0.039, 112.62,  0.037, 249.62,  0.065, 229.97,  0.096, 237.30,  0.046, 266.27,  0.005, 143.13,  0.056, 326.59,  0.112, 322.62,  0.024,  82.87,-99.000, -99.00,-99.000, -99.00,-99.000, -99.00,-99.000, -99.00,
9/9/2006 03:25:00, 11.1,275.8,  1.0,  3.1, 18.663, 29.17,  0.0,  0.0,  0.093, 343.72,  0.171, 306.94,  0.141, 270.00,  0.143, 326.98,  0.035, 270.00,  0.110, 317.94,  0.056, 307.07,  0.056, 237.45,  0.109, 262.61,  0.068, 337.57,  0.119, 283.10,  0.098, 275.25,  0.079, 316.55,  0.035, 343.61,  0.160, 304.79,  0.096, 164.95,-99.000, -99.00,-99.000, -99.00,-99.000, -99.00,-99.000, -99.00,
9/9/2006 03:30:00, 11.1,275.8,  1.1,  3.1, 18.661, 29.17,  0.0,  0.0,  0.118, 322.94,  0.063, 297.38,  0.144, 284.91,  0.091, 313.21,  0.099, 315.82,  0.114, 320.00,  0.105, 295.35,  0.045, 324.90,  0.128, 322.32,  0.121, 342.76,  0.135, 337.41,  0.144, 342.57,  0.118, 354.63,  0.195, 335.41,  0.099, 318.27,  0.057, 132.88,-99.000, -99.00,-99.000, -99.00,-99.000, -99.00,-99.000, -99.00,
9/9/2006 03:35:00, 11.1,275.8,  1.1,  3.1, 18.654, 29.17,  0.0,  0.0,  0.171, 298.21,  0.165, 302.63,  0.118, 313.29,  0.104, 313.05,  0.131, 297.35,  0.105, 315.38,  0.123, 331.35,  0.096,  20.14,  0.217, 336.04,  0.191, 329.81,  0.122, 317.98,  0.136, 338.36,  0.092,  17.65,  0.194, 334.36,  0.148, 338.99,  0.113, 357.47,-99.000, -99.00,-99.000, -99.00,-99.000, -99.00,-99.000, -99.00,
9/9/2006 03:40:00, 11.1,275.8,  1.0,  3.1, 18.656, 29.17,  0.0,  0.0,  0.136, 296.75,  0.177, 293.24,  0.153, 307.02,  0.116, 311.14,  0.107, 290.81,  0.216, 316.50,  0.099, 317.45,  0.137, 326.89,  0.095, 320.12,  0.127, 323.94,  0.106, 343.61,  0.092, 297.12,  0.118, 339.73,  0.170, 331.17,  0.145, 323.13,  0.008, 330.26,-99.000, -99.00,-99.000, -99.00,-99.000, -99.00,-99.000, -99.00,
9/9/2006 03:45:00, 11.1,275.9,  1.1,  3.1, 18.643, 29.17,  0.0,  0.0,  0.191, 311.19,  0.084, 283.71,  0.130, 323.75,  0.242, 323.41,  0.171, 298.21,  0.110, 313.15,  0.121, 320.01,  0.090, 287.43,  0.154, 314.47,  0.162, 346.05,  0.134, 330.57,  0.141, 352.67,  0.256, 339.86,  0.253, 332.73,  0.200, 311.35,  0.009, 206.57,-99.000, -99.00,-99.000, -99.00,-99.000, -99.00,-99.000, -99.00,
9/9/2006 03:50:00, 11.1,275.9,  1.1,  3.1, 18.648, 29.17,  0.0,  0.0,  0.147, 355.33,  0.173, 317.57,  0.228, 331.97,  0.159, 313.22,  0.107, 319.92,  0.215, 323.50,  0.195, 317.71,  0.275, 326.71,  0.227, 328.69,  0.215, 316.51,  0.274, 325.85,  0.194, 327.62,  0.214, 324.90,  0.256, 327.61,  0.252, 330.28,  0.031, 232.77,-99.000, -99.00,-99.000, -99.00,-99.000, -99.00,-99.000, -99.00,
9/9/2006 03:55:00, 11.1,275.8,  1.1,  3.2, 18.643, 29.18,  0.0,  0.0,  0.201, 322.90,  0.253, 331.71,  0.147, 324.14,  0.179, 298.71,  0.169, 321.50,  0.128, 308.03,  0.211, 329.92,  0.172, 349.61,  0.175, 342.70,  0.188, 329.35,  0.183, 323.88,  0.225, 327.16,  0.183, 333.72,  0.213, 327.65,  0.235, 327.53,  0.044,  83.52,-99.000, -99.00,-99.000, -99.00,-99.000, -99.00,-99.000, -99.00,
9/9/2006 04:00:00, 11.1,275.8,  1.1,  3.1, 18.641, 29.18,  0.0,  0.0,  0.258, 358.45,  0.227,   7.59,  0.233,   7.40,  0.283, 323.33,  0.175, 327.86,  0.143, 347.51,  0.147, 321.89,  0.164, 352.31,  0.183, 336.51,  0.208, 334.42,  0.265, 341.98,  0.191, 336.25,  0.197, 339.44,  0.258, 337.70,  0.214, 339.19,  0.063,  90.91,-99.000, -99.00,-99.000, -99.00,-99.000, -99.00,-99.000, -99.00,
9/9/2006 04:05:00, 11.1,275.8,  1.1,  3.1, 18.639, 29.18,  0.0,  0.0,  0.174, 348.37,  0.176, 351.82,  0.150, 309.32,  0.164, 311.55,  0.179, 326.84,  0.168, 321.77,  0.143, 326.98,  0.234, 326.51,  0.210, 318.28,  0.205, 332.06,  0.163, 331.08,  0.133, 316.83,  0.235, 323.81,  0.182, 347.64,  0.161, 304.88,  0.028, 147.99,-99.000, -99.00,-99.000, -99.00,-99.000, -99.00,-99.000, -99.00,
9/9/2006 04:10:00, 11.1,275.8,  1.1,  3.1, 18.649, 29.18,  0.0,  0.0,  0.229, 358.75,  0.245, 330.92,  0.252, 326.50,  0.153, 307.02,  0.203, 326.86,  0.200, 318.03,  0.255, 326.50,  0.222, 345.40,  0.201, 336.24,  0.261, 329.90,  0.187, 336.32,  0.182, 334.00,  0.189, 334.65,  0.197, 331.23,  0.121, 342.16,  0.085,  66.45,-99.000, -99.00,-99.000, -99.00,-99.000, -99.00,-99.000, -99.00,
9/9/2006 04:15:00, 11.1,275.8,  1.1,  3.1, 18.653, 29.18,  0.0,  0.0,  0.167,  10.03,  0.142, 357.58,  0.140, 335.08,  0.146, 330.11,  0.173, 322.73,  0.150, 308.78,  0.144, 309.09,  0.215, 350.63,  0.263, 331.88,  0.258, 340.30,  0.233, 345.61,  0.252, 338.33,  0.218, 342.06,  0.140, 350.13,  0.038, 318.24,  0.040,  78.41,-99.000, -99.00,-99.000, -99.00,-99.000, -99.00,-99.000, -99.00,
9/9/2006 04:20:00, 11.1,275.8,  1.1,  3.1, 18.653, 29.19,  0.0,  0.0,  0.144,  10.84,  0.174,   9.95,  0.155, 344.26,  0.206, 321.69,  0.072, 321.22,  0.165, 333.75,  0.167, 328.51,  0.190, 319.27,  0.193, 325.98,  0.179, 339.74,  0.155, 352.60,  0.259, 355.79,  0.186,   4.00,  0.166, 344.62,  0.137, 307.29,  0.064,  43.11,-99.000, -99.00,-99.000, -99.00,-99.000, -99.00,-99.000, -99.00,
9/9/2006 04:25:00, 11.1,275.8,  1.1,  3.1, 18.654, 29.19,  0.0,  0.0,  0.178, 355.48,  0.151,   6.47,  0.131,   5.71,  0.209, 332.70,  0.210, 351.52,  0.221, 325.16,  0.213, 318.23,  0.201, 326.78,  0.102, 342.28,  0.103, 306.31,  0.208, 338.86,  0.197, 331.48,  0.120, 340.96,  0.135, 344.93,  0.091, 345.35,  0.039, 302.47,-99.000, -99.00,-99.000, -99.00,-99.000, -99.00,-99.000, -99.00,
9/9/2006 04:30:00, 11.1,275.8,  1.1,  3.1, 18.664, 29.19,  0.0,  0.0,  0.122, 357.65,  0.209, 317.91,  0.166, 331.58,  0.151, 357.72,  0.163, 331.08,  0.173,   7.29,  0.186, 322.64,  0.231, 311.49,  0.184, 319.40,  0.246, 332.19,  0.250, 322.63,  0.138, 339.20,  0.181, 344.27,  0.204, 342.63,  0.224, 313.19,  0.051,  17.02,-99.000, -99.00,-99.000, -99.00,-99.000, -99.00,-99.000, -99.00,
9/9/2006 04:35:00, 11.1,276.0,  1.1,  3.1, 18.665, 29.19,  0.0,  0.0,  0.080, 319.55,  0.140, 317.89,  0.132, 296.57,  0.081, 333.75,  0.222, 318.11,  0.127, 291.72,  0.169, 318.85,  0.188, 327.15,  0.143, 310.47,  0.148, 324.91,  0.122, 352.00,  0.164, 350.88,  0.215, 337.61,  0.295, 312.94,  0.131, 311.60,  0.042, 128.23,-99.000, -99.00,-99.000, -99.00,-99.000, -99.00,-99.000, -99.00,
9/9/2006 04:40:00, 11.1,275.9,  1.1,  3.1, 18.670, 29.19,  0.0,  0.0,  0.076, 338.48,  0.181, 342.27,  0.125, 307.87,  0.200, 289.89,  0.227, 309.29,  0.145, 325.43,  0.181, 327.19,  0.173, 331.36,  0.214, 325.49,  0.270, 307.46,  0.200, 319.06,  0.162, 350.07,  0.202, 332.55,  0.133,   4.73,  0.155, 319.44,  0.101,  41.40,-99.000, -99.00,-99.000, -99.00,-99.000, -99.00,-99.000, -99.00,
9/9/2006 04:45:00, 11.1,275.8,  1.1,  3.1, 18.677, 29.19,  0.0,  0.0,  0.139, 303.58,  0.082, 277.04,  0.156, 318.12,  0.142, 341.05,  0.165, 310.83,  0.144, 314.72,  0.177, 327.48,  0.143, 310.73,  0.101, 311.78,  0.193, 323.84,  0.161, 311.22,  0.173, 318.28,  0.173, 326.31,  0.162, 308.99,  0.128, 305.80,  0.003, 108.43,-99.000, -99.00,-99.000, -99.00,-99.000, -99.00,-99.000, -99.00,
9/9/2006 04:50:00, 11.1,275.7,  1.1,  3.1, 18.674, 29.19,  0.0,  0.0,  0.065,   1.76,  0.096, 348.57,  0.154, 307.61,  0.101, 322.22,  0.141, 282.66,  0.159, 315.76,  0.183, 326.14,  0.200, 309.51,  0.156, 309.52,  0.080, 294.33,  0.162, 303.40,  0.100, 306.07,  0.121,   1.42,  0.121, 339.61,  0.051, 263.29,  0.079, 110.05,-99.000, -99.00,-99.000, -99.00,-99.000, -99.00,-99.000, -99.00,
9/9/2006 04:55:00, 11.1,275.9,  1.1,  3.1, 18.679, 29.19,  0.0,  0.0,  0.055, 331.56,  0.087, 288.02,  0.101, 326.31,  0.165, 304.85,  0.165, 327.85,  0.201, 312.58,  0.124, 306.78,  0.100, 292.23,  0.102, 324.59,  0.158, 327.42,  0.098, 282.91,  0.139, 323.79,  0.080, 334.08,  0.078, 299.20,  0.007, 236.31,  0.188, 118.20,-99.000, -99.00,-99.000, -99.00,-99.000, -99.00,-99.000, -99.00,
9/9/2006 05:00:00, 11.1,275.8,  1.1,  3.1, 18.690, 29.19,  0.0,  0.0,  0.066, 345.96,  0.082,  33.11,  0.129, 348.86,  0.196,   1.75,  0.118, 338.02,  0.069, 323.79,  0.122, 278.46,  0.062, 294.90,  0.040, 286.14,  0.121, 308.96,  0.137, 330.62,  0.129, 343.81,  0.143, 289.20,  0.031, 172.65,  0.080, 196.63,  0.106, 152.95,-99.000, -99.00,-99.000, -99.00,-99.000, -99.00,-99.000, -99.00,
9/9/2006 05:05:00, 11.1,275.8,  1.1,  3.1, 18.691, 29.19,  0.0,  0.0,  0.158, 345.70,  0.141, 334.34,  0.115, 306.87,  0.061, 287.24,  0.103, 296.57,  0.072, 311.04,  0.099, 300.17,  0.106, 331.26,  0.121, 301.86,  0.117, 276.39,  0.095, 311.58,  0.151, 323.36,  0.160, 335.67,  0.165, 329.39,  0.086, 337.33,  0.031, 218.37,-99.000, -99.00,-99.000, -99.00,-99.000, -99.00,-99.000, -99.00,
9/9/2006 05:10:00, 11.1,275.8,  1.1,  3.1, 18.710, 29.19,  0.0,  0.0,  0.102, 352.11,  0.097, 330.26,  0.156, 353.38,  0.053,  16.39,  0.028, 319.40,  0.107, 310.08,  0.077, 291.25,  0.047, 331.78,  0.131, 329.71,  0.114, 287.96,  0.050, 319.90,  0.130, 301.12,  0.160, 299.12,  0.137, 317.95,  0.077, 286.56,  0.076,  80.17,-99.000, -99.00,-99.000, -99.00,-99.000, -99.00,-99.000, -99.00,
9/9/2006 05:15:00, 11.1,275.9,  1.1,  3.1, 18.715, 29.19,  0.0,  0.0,  0.130, 348.95,  0.099, 338.09,  0.017, 305.54,  0.076, 330.72,  0.096, 351.03,  0.085, 256.45,  0.126, 283.27,  0.198, 279.89,  0.116, 277.92,  0.086, 263.29,  0.115, 274.97,  0.109, 281.10,  0.108, 292.99,  0.083, 346.13,  0.102, 354.40,  0.126, 131.78,-99.000, -99.00,-99.000, -99.00,-99.000, -99.00,-99.000, -99.00,
9/9/2006 05:20:00, 11.1,275.8,  1.1,  3.1, 18.713, 29.19,  0.0,  0.0,  0.100, 341.38,  0.191, 350.34,  0.056,   3.07,  0.128, 296.37,  0.092, 252.94,  0.063, 264.56,  0.048, 230.96,  0.057, 319.94,  0.073, 296.92,  0.156, 311.36,  0.129, 314.06,  0.144, 334.50,  0.102, 313.41,  0.117, 317.07,  0.018, 303.69,  0.092,  78.08,-99.000, -99.00,-99.000, -99.00,-99.000, -99.00,-99.000, -99.00,
9/9/2006 05:25:00, 11.1,275.8,  1.1,  3.1, 18.725, 29.19,  0.0,  0.0,  0.104, 357.80,  0.129,   0.00,  0.170, 335.25,  0.052, 347.83,  0.078, 294.93,  0.103, 302.77,  0.109, 299.16,  0.120, 244.93,  0.127, 272.70,  0.150, 296.57,  0.139, 300.61,  0.102, 297.32,  0.106, 318.81,  0.086, 340.93,  0.071,  15.61,  0.090, 100.19,-99.000, -99.00,-99.000, -99.00,-99.000, -99.00,-99.000, -99.00,
9/9/2006 05:30:00, 11.1,275.9,  1.1,  3.1, 18.727, 29.19,  0.0,  0.0,  0.063, 313.07,  0.116, 293.26,  0.111, 354.85,  0.160,  16.73,  0.048, 310.73,  0.145, 329.72,  0.143, 303.91,  0.118, 289.36,  0.141, 315.29,  0.086, 298.35,  0.125, 317.26,  0.070,   4.09,  0.077,  54.03,  0.199,  78.41,  0.153,  64.10,  0.153, 105.12,-99.000, -99.00,-99.000, -99.00,-99.000, -99.00,-99.000, -99.00,
9/9/2006 05:35:00, 11.1,275.9,  1.1,  3.1, 18.736, 29.19,  0.0,  0.0,  0.103, 337.17,  0.121, 353.82,  0.157, 308.26,  0.126, 283.82,  0.090,  41.85,  0.052, 295.08,  0.093, 325.97,  0.055, 282.53,  0.078, 282.61,  0.046, 245.66,  0.079,  81.25,  0.021,  16.70,  0.043, 331.07,  0.076, 356.24,  0.091,  25.44,  0.034, 132.61,-99.000, -99.00,-99.000, -99.00,-99.000, -99.00,-99.000, -99.00,
9/9/2006 05:40:00, 11.1,275.9,  1.1,  3.1, 18.732, 29.19,  0.0,  0.0,  0.075,  49.90,  0.085,   2.69,  0.125, 347.52,  0.174, 301.59,  0.027, 353.66,  0.074,  23.81,  0.105, 349.01,  0.132, 301.04,  0.092, 304.38,  0.165, 351.28,  0.072, 334.50,  0.077, 306.57,  0.048, 254.22,  0.075, 246.50,  0.073, 241.33,  0.021,  75.96,-99.000, -99.00,-99.000, -99.00,-99.000, -99.00,-99.000, -99.00,
9/9/2006 05:45:00, 11.1,275.9,  1.1,  3.1, 18.738, 29.19,  0.0,  0.0,  0.086,  24.78,  0.125, 342.29,  0.061, 209.51,  0.041, 185.57,  0.129, 218.73,  0.094, 139.33,  0.163, 166.13,  0.215, 174.66,  0.266, 169.83,  0.210, 177.00,  0.129, 167.04,  0.053, 358.92,  0.093,  32.66,  0.074,  47.73,  0.098,  11.20,  0.111,  62.74,-99.000, -99.00,-99.000, -99.00,-99.000, -99.00,-99.000, -99.00,
9/9/2006 05:50:00, 11.1,275.9,  1.1,  3.1, 18.751, 29.19,  0.0,  0.0,  0.062, 318.90,  0.075,  21.80,  0.081,  17.31,  0.071,  98.93,  0.073, 190.23,  0.136, 168.94,  0.148, 207.78,  0.087, 186.63,  0.085, 202.05,  0.024, 277.13,  0.092, 142.51,  0.054, 188.58,  0.078, 209.20,  0.068, 206.19,  0.051, 166.50,  0.057,  94.01,-99.000, -99.00,-99.000, -99.00,-99.000, -99.00,-99.000, -99.00,
9/9/2006 05:55:00, 11.1,275.9,  1.1,  3.1, 18.762, 29.19,  0.0,  0.0,  0.149, 323.44,  0.082, 355.12,  0.028,  18.43,  0.088, 291.92,  0.073, 349.77,  0.070, 306.87,  0.054, 327.77,  0.045, 257.20,  0.081, 204.03,  0.031, 193.13,  0.075, 312.84,  0.045,  53.13,  0.096, 354.64,  0.132,  42.54,  0.108,  23.48,  0.073,  46.67,-99.000, -99.00,-99.000, -99.00,-99.000, -99.00,-99.000, -99.00,
9/9/2006 06:00:00, 11.1,275.9,  1.1,  3.1, 18.767, 29.19,  0.0,  0.0,  0.033, 264.81,  0.071, 358.39,  0.023, 311.42,  0.082, 325.92,  0.087, 287.39,  0.116, 310.82,  0.069, 325.62,  0.078, 331.80,  0.040, 251.11,  0.122, 287.10,  0.079, 295.59,  0.038, 285.12,  0.072, 318.96,  0.026,  17.74,  0.126, 297.99,  0.016, 183.58,-99.000, -99.00,-99.000, -99.00,-99.000, -99.00,-99.000, -99.00,
9/9/2006 06:05:00, 11.1,275.9,  1.1,  3.1, 18.776, 29.18,  0.0,  0.0,  0.097, 334.23,  0.083, 306.18,  0.096, 342.32,  0.057, 331.63,  0.041, 294.68,  0.040, 243.43,  0.075, 268.47,  0.070, 320.19,  0.054, 348.27,  0.045, 253.18,  0.021, 221.19,  0.058,  30.11,  0.022, 339.15,  0.053,   7.52,  0.038, 332.10,  0.027, 180.00,-99.000, -99.00,-99.000, -99.00,-99.000, -99.00,-99.000, -99.00,
9/9/2006 06:10:00, 11.1,275.9,  1.1,  3.1, 18.788, 29.19,  0.0,  0.0,  0.101,  26.57,  0.023,   4.97,  0.139, 265.03,  0.130, 242.06,  0.111, 278.28,  0.060, 317.02,  0.097, 338.96,  0.008, 330.26,  0.066, 260.39,  0.091, 284.65,  0.112, 276.68,  0.106, 267.30,  0.079, 297.86,  0.066, 333.82,  0.040, 339.27,  0.072, 347.12,-99.000, -99.00,-99.000, -99.00,-99.000, -99.00,-99.000, -99.00,
9/9/2006 06:15:00, 11.1,275.8,  1.1,  3.1, 18.795, 29.19,  0.0,  0.0,  0.121, 109.78,  0.078, 281.02,  0.088, 302.97,  0.149, 359.62,  0.078, 339.70,  0.057, 332.99,  0.057, 299.25,  0.057, 278.13,  0.063, 269.09,  0.076, 324.64,  0.080, 319.55,  0.079, 313.98,  0.015, 233.13,  0.060, 340.67,  0.034, 200.56,  0.052, 319.64,-99.000, -99.00,-99.000, -99.00,-99.000, -99.00,-99.000, -99.00,
9/9/2006 06:20:00, 11.1,275.9,  1.1,  3.1, 18.803, 29.19,  0.0,  0.0,  0.039, 120.47,  0.031, 281.31,  0.028,  83.88,  0.025,  18.43,  0.031, 232.77,  0.039, 297.22,  0.143, 311.04,  0.070, 225.58,  0.093, 237.34,  0.050, 210.17,  0.054, 240.12,  0.048,   8.47,  0.045, 282.80,  0.069, 322.63,  0.069, 292.11,  0.050, 120.17,-99.000, -99.00,-99.000, -99.00,-99.000, -99.00,-99.000, -99.00,
9/9/2006 06:25:00, 11.1,275.9,  1.1,  3.1, 18.812, 29.19,  0.0,  0.0,  0.085, 334.04,  0.123, 291.97,  0.060,  11.50,  0.038,  35.36,  0.062, 346.87,  0.040, 313.99,  0.043, 205.97,  0.026, 322.70,  0.052, 354.51,  0.066, 344.05,  0.038, 330.07,  0.022, 236.31,  0.053,  38.16,  0.051,  11.31,  0.107, 296.57,  0.023, 270.00,-99.000, -99.00,-99.000, -99.00,-99.000, -99.00,-99.000, -99.00,
9/9/2006 06:30:00, 11.1,275.8,  1.1,  3.1, 18.819, 29.19,  0.0,  0.0,  0.093, 236.82,  0.059, 207.44,  0.076, 225.00,  0.024, 323.62,  0.105, 266.73,  0.007,  26.57,  0.075, 212.41,  0.094, 303.69,  0.077, 247.78,  0.117, 287.35,  0.036, 265.24,  0.051,  24.08,  0.049, 105.46,  0.008, 336.80,  0.056, 167.69,  0.035, 295.11,-99.000, -99.00,-99.000, -99.00,-99.000, -99.00,-99.000, -99.00,
9/9/2006 06:35:00, 11.1,275.9,  1.1,  3.1, 18.826, 29.19,  0.0,  0.0,  0.097, 275.95,  0.137, 216.12,  0.063, 280.06,  0.041,  60.95,  0.046, 285.26,  0.096, 284.47,  0.128, 271.79,  0.090, 247.72,  0.076, 249.89,  0.107, 270.00,  0.128, 296.97,  0.080, 215.29,  0.074, 183.09,  0.079, 245.38,  0.094, 134.57,  0.085, 200.79,-99.000, -99.00,-99.000, -99.00,-99.000, -99.00,-99.000, -99.00,
9/9/2006 06:40:00, 11.1,275.9,  1.1,  3.1, 18.831, 29.18,  0.0,  0.0,  0.043, 149.26,  0.044,  13.09,  0.079,  31.46,  0.030, 122.62,  0.044,  58.82,  0.096, 355.83,  0.053, 320.33,  0.127, 295.56,  0.071, 147.65,  0.046, 340.77,  0.032, 249.86,  0.020,  11.31,  0.030,  60.02,  0.056, 329.74,  0.020, 182.86,  0.046, 176.27,-99.000, -99.00,-99.000, -99.00,-99.000, -99.00,-99.000, -99.00,
9/9/2006 06:45:00, 11.1,275.8,  1.1,  3.1, 18.844, 29.18,  0.0,  0.0,  0.114,  26.11,  0.127, 259.13,  0.033, 289.54,  0.068, 218.40,  0.151, 209.28,  0.114, 248.39,  0.082, 229.47,  0.036, 146.31,  0.024,  87.61,  0.024, 160.82,  0.090, 249.15,  0.019, 312.88,  0.048,   7.13,  0.118, 303.96,  0.075, 262.30,  0.013, 128.66,-99.000, -99.00,-99.000, -99.00,-99.000, -99.00,-99.000, -99.00,
9/9/2006 06:50:00, 11.1,275.9,  1.1,  3.1, 18.853, 29.18,  0.0,  0.0,  0.057, 130.71,  0.007,  81.87,  0.048, 268.81,  0.084, 285.20,  0.058, 270.00,  0.047, 304.70,  0.057, 297.01,  0.052, 273.30,  0.091, 248.78,  0.093, 317.60,  0.084, 311.63,  0.044, 323.39,  0.074,  14.04,  0.060, 283.57,  0.033, 270.00,  0.096, 233.49,-99.000, -99.00,-99.000, -99.00,-99.000, -99.00,-99.000, -99.00,
9/9/2006 06:55:00, 11.1,275.8,  1.1,  3.1, 18.866, 29.18,  0.0,  0.0,  0.038, 236.73,  0.081, 336.61,  0.017,  64.98,  0.044, 249.90,  0.013, 180.00,  0.013,  81.25,  0.025, 244.44,  0.053, 118.01,  0.034, 341.03,  0.127, 332.22,  0.132, 271.74,  0.049, 296.57,  0.059, 316.36,  0.046,  78.69,  0.021,  67.17,  0.050, 116.05,-99.000, -99.00,-99.000, -99.00,-99.000, -99.00,-99.000, -99.00,
9/9/2006 07:00:00, 11.1,275.8,  1.1,  3.1, 18.866, 29.18,  0.0,  0.0,  0.067, 216.53,  0.073, 297.61,  0.006, 270.00,  0.039, 268.53,  0.032, 200.14,  0.076, 306.42,  0.070, 242.70,  0.086, 299.25,  0.081, 315.00,  0.035, 273.27,  0.068, 301.11,  0.017,  72.65,  0.042, 291.04,  0.045,  59.47,  0.074, 341.81,  0.114, 306.77,-99.000, -99.00,-99.000, -99.00,-99.000, -99.00,-99.000, -99.00,
9/9/2006 07:05:00, 11.1,275.9,  1.1,  3.1, 18.881, 29.18,  0.0,  0.0,  0.017, 353.29,  0.107, 242.72,  0.053, 289.80,  0.035, 283.24,  0.143, 269.20,  0.066, 306.35,  0.063, 281.84,  0.032, 106.19,  0.028, 280.12,  0.064, 332.24,  0.132, 300.44,  0.072, 262.78,  0.090, 336.30,  0.014, 355.91,  0.088, 281.18,  0.066, 167.66,-99.000, -99.00,-99.000, -99.00,-99.000, -99.00,-99.000, -99.00,
9/9/2006 07:10:00, 11.1,275.8,  1.1,  3.1, 18.884, 29.18,  0.0,  0.0,  0.091, 211.07,  0.083, 233.82,  0.021, 247.17,  0.066, 344.05,  0.042, 283.71,  0.080, 307.87,  0.139, 328.82,  0.108, 338.20,  0.050, 326.31,  0.004,  56.31,  0.097, 338.96,  0.026, 349.11,  0.023, 270.00,  0.038, 253.01,  0.083, 283.20,  0.080, 212.69,-99.000, -99.00,-99.000, -99.00,-99.000, -99.00,-99.000, -99.00,
9/9/2006 07:15:00, 11.1,275.8,  1.1,  3.1, 18.896, 29.18,  0.0,  0.0,  0.111, 292.18,  0.061, 251.86,  0.043, 349.22,  0.051, 304.62,  0.046, 164.74,  0.077, 303.90,  0.017,  64.98,  0.067, 297.72,  0.068, 298.07,  0.061, 316.33,  0.096, 323.01,  0.143, 285.78,  0.103, 309.88,  0.054, 276.34,  0.028, 214.82,  0.014, 162.90,-99.000, -99.00,-99.000, -99.00,-99.000, -99.00,-99.000, -99.00,
9/9/2006 07:20:00, 11.1,275.9,  1.1,  3.1, 18.904, 29.18,  0.0,  0.0,  0.083, 359.31,  0.054, 227.23,  0.107, 275.92,  0.116, 339.21,  0.100, 285.71,  0.073, 316.67,  0.131, 315.31,  0.086, 322.07,  0.062, 301.91,  0.151, 308.01,  0.062, 328.88,  0.100, 305.27,  0.095, 326.14,  0.135, 281.14,  0.105, 261.79,  0.072, 239.17,-99.000, -99.00,-99.000, -99.00,-99.000, -99.00,-99.000, -99.00,
9/9/2006 07:25:00, 11.1,275.9,  1.1,  3.1, 18.906, 29.18,  0.0,  0.0,  0.021, 238.57,  0.133, 281.73,  0.070, 346.76,  0.087, 302.77,  0.142, 272.02,  0.099, 275.83,  0.074, 312.80,  0.067, 270.86,  0.107, 302.06,  0.073, 346.53,  0.084, 278.90,  0.119, 320.44,  0.106, 342.94,  0.060, 287.53,  0.088, 321.44,  0.079, 300.47,-99.000, -99.00,-99.000, -99.00,-99.000, -99.00,-99.000, -99.00,
9/9/2006 07:30:00, 11.1,275.8,  1.1,  3.1, 18.917, 29.18,  0.0,  0.0,  0.071, 334.16,  0.047, 256.55,  0.189, 302.94,  0.129, 314.69,  0.196, 333.96,  0.160, 326.71,  0.129, 290.40,  0.018,   3.18,  0.058, 324.12,  0.115, 330.99,  0.068, 340.23,  0.121, 318.01,  0.152, 348.25,  0.132, 334.41,  0.092, 300.75,  0.033, 192.34,-99.000, -99.00,-99.000, -99.00,-99.000, -99.00,-99.000, -99.00,
9/9/2006 07:35:00, 11.1,275.8,  1.1,  3.1, 18.929, 29.18,  0.0,  0.0,  0.113, 333.66,  0.153, 296.90,  0.137, 262.46,  0.112, 295.42,  0.134, 277.28,  0.111, 305.12,  0.139, 312.96,  0.171, 305.27,  0.104, 280.01,  0.050, 308.48,  0.161, 321.56,  0.065, 311.27,  0.115, 273.48,  0.053, 289.80,  0.110, 272.08,  0.117, 239.71,-99.000, -99.00,-99.000, -99.00,-99.000, -99.00,-99.000, -99.00,
9/9/2006 07:40:00, 11.1,275.9,  1.1,  3.1, 18.931, 29.18,  0.0,  0.0,  0.089, 269.36,  0.130, 248.36,  0.120, 323.13,  0.139, 312.38,  0.168, 297.33,  0.170, 309.76,  0.045, 297.70,  0.087, 336.97,  0.157, 317.58,  0.124, 340.25,  0.227, 351.66,  0.132, 309.47,  0.079, 277.31,  0.111, 348.59,  0.146, 317.22,  0.084, 228.88,-99.000, -99.00,-99.000, -99.00,-99.000, -99.00,-99.000, -99.00,
9/9/2006 07:45:00, 11.1,275.9,  1.1,  3.1, 18.950, 29.19,  0.0,  0.0,  0.148, 236.85,  0.161,   1.07,  0.182, 325.09,  0.172, 308.14,  0.096, 285.78,  0.086, 289.70,  0.155, 325.80,  0.134, 282.06,  0.110, 304.99,  0.132, 306.70,  0.095, 307.72,  0.163, 263.31,  0.135, 267.88,  0.112, 261.80,  0.193, 262.84,  0.125, 265.43,-99.000, -99.00,-99.000, -99.00,-99.000, -99.00,-99.000, -99.00,
9/9/2006 07:50:00, 11.1,275.8,  1.1,  3.1, 18.955, 29.19,  0.0,  0.0,  0.135, 298.85,  0.177, 303.96,  0.091, 323.00,  0.121, 334.50,  0.202, 273.40,  0.193, 278.05,  0.148, 295.70,  0.171, 297.46,  0.167, 295.49,  0.104, 313.05,  0.102, 249.97,  0.096, 272.39,  0.085, 306.87,  0.084, 306.33,  0.069, 323.79,  0.104, 230.05,-99.000, -99.00,-99.000, -99.00,-99.000, -99.00,-99.000, -99.00,
9/9/2006 07:55:00, 11.1,275.9,  1.1,  3.1, 18.956, 29.19,  0.0,  0.0,  0.114, 281.60,  0.157, 279.52,  0.088, 297.15,  0.128, 323.58,  0.081,   0.71,  0.173, 298.64,  0.127, 323.31,  0.144, 312.46,  0.159, 291.06,  0.187, 283.89,  0.180, 300.69,  0.162, 324.05,  0.158, 298.35,  0.246, 302.52,  0.214, 289.11,  0.133, 254.29,-99.000, -99.00,-99.000, -99.00,-99.000, -99.00,-99.000, -99.00,
9/9/2006 08:00:00, 11.1,275.8,  1.1,  3.1, 18.972, 29.19,  0.0,  0.0,  0.152, 317.40,  0.224, 310.30,  0.151, 316.88,  0.125, 331.79,  0.187, 340.59,  0.162, 324.05,  0.157, 311.91,  0.119, 302.62,  0.103, 301.53,  0.136, 329.47,  0.150, 301.36,  0.137, 282.62,  0.194, 279.80,  0.233, 262.84,  0.302, 282.61,  0.126, 216.96,-99.000, -99.00,-99.000, -99.00,-99.000, -99.00,-99.000, -99.00,
9/9/2006 08:05:00, 11.1,275.9,  1.1,  3.1, 18.976, 29.19,  0.0,  0.0,  0.157, 302.78,  0.173, 326.77,  0.148, 323.52,  0.159, 309.39,  0.137, 317.36,  0.194, 294.98,  0.205, 298.81,  0.202, 298.34,  0.126, 282.38,  0.152, 286.77,  0.166, 307.91,  0.142, 290.98,  0.161, 296.88,  0.099, 282.22,  0.191, 294.15,  0.138, 283.03,-99.000, -99.00,-99.000, -99.00,-99.000, -99.00,-99.000, -99.00,
9/9/2006 08:10:00, 11.1,275.9,  1.1,  3.1, 18.983, 29.19,  0.0,  0.0,  0.153, 322.98,  0.096, 281.43,  0.211, 290.24,  0.207, 278.60,  0.155, 316.83,  0.137, 297.31,  0.111, 294.95,  0.229, 303.07,  0.188, 326.73,  0.233, 314.13,  0.200, 298.36,  0.226, 302.01,  0.182, 298.54,  0.218, 300.92,  0.202, 291.49,  0.163, 249.90,-99.000, -99.00,-99.000, -99.00,-99.000, -99.00,-99.000, -99.00,
9/9/2006 08:15:00, 11.1,275.8,  1.1,  3.1, 18.987, 29.19,  0.0,  0.0,  0.028, 272.05,  0.028,  81.87,  0.091, 288.63,  0.180, 277.01,  0.198, 263.92,  0.181, 281.81,  0.100, 316.61,  0.195, 282.75,  0.179, 310.46,  0.227, 296.68,  0.261, 293.92,  0.212, 280.89,  0.224, 291.99,  0.182, 292.33,  0.131, 276.15,  0.114, 231.03,-99.000, -99.00,-99.000, -99.00,-99.000, -99.00,-99.000, -99.00,
9/9/2006 08:20:00, 11.1,275.8,  1.1,  3.1, 18.995, 29.19,  0.0,  0.0,  0.242, 299.22,  0.224, 281.31,  0.271, 309.75,  0.234, 311.53,  0.184, 301.02,  0.200, 300.91,  0.213, 297.41,  0.180, 309.81,  0.107, 270.54,  0.235, 282.03,  0.177, 288.74,  0.216, 274.26,  0.192, 285.99,  0.194, 264.08,  0.194, 272.66,  0.144, 228.66,-99.000, -99.00,-99.000, -99.00,-99.000, -99.00,-99.000, -99.00,
9/9/2006 08:25:00, 11.1,275.8,  1.1,  3.1, 19.002, 29.19,  0.0,  0.0,  0.205, 296.69,  0.213, 277.83,  0.179, 288.23,  0.119, 308.88,  0.242, 310.14,  0.184, 325.19,  0.200, 278.05,  0.222, 301.18,  0.194, 272.07,  0.210, 273.00,  0.137, 265.41,  0.263, 266.95,  0.130, 270.00,  0.125, 298.61,  0.146, 287.07,  0.054, 276.34,-99.000, -99.00,-99.000, -99.00,-99.000, -99.00,-99.000, -99.00,
9/9/2006 08:30:00, 11.1,275.9,  1.1,  3.1, 19.003, 29.19,  0.0,  0.0,  0.135, 302.28,  0.194, 281.02,  0.203, 283.69,  0.196, 269.12,  0.251, 279.88,  0.237, 297.65,  0.222, 305.84,  0.227, 278.34,  0.256, 272.91,  0.268, 291.68,  0.238, 299.15,  0.097, 292.35,  0.144, 313.03,  0.161, 310.72,  0.204, 300.34,  0.068, 260.68,-99.000, -99.00,-99.000, -99.00,-99.000, -99.00,-99.000, -99.00,
9/9/2006 08:35:00, 11.1,275.8,  1.2,  3.1, 19.022, 29.18,  0.0,  0.0,  0.090, 198.84,  0.108, 266.29,  0.175, 273.27,  0.239, 292.16,  0.206, 275.02,  0.181, 302.81,  0.098, 290.83,  0.145, 285.19,  0.242, 283.12,  0.180, 288.13,  0.227, 299.49,  0.207, 294.58,  0.178, 265.16,  0.194, 274.74,  0.195, 282.46,  0.102, 246.95,-99.000, -99.00,-99.000, -99.00,-99.000, -99.00,-99.000, -99.00,
9/9/2006 08:40:00, 11.1,275.8,  1.1,  3.1, 19.009, 29.18,  0.0,  0.0,  0.215, 289.53,  0.144, 279.59,  0.208, 289.65,  0.191, 295.09,  0.160, 292.87,  0.195, 301.97,  0.206, 290.20,  0.243, 286.27,  0.187, 307.85,  0.134, 286.95,  0.192, 289.19,  0.228, 278.59,  0.171, 285.26,  0.276, 287.06,  0.237, 296.02,  0.141, 288.18,-99.000, -99.00,-99.000, -99.00,-99.000, -99.00,-99.000, -99.00,
9/9/2006 08:45:00, 11.1,275.8,  1.1,  3.1, 19.018, 29.17,  0.0,  0.0,  0.224, 271.28,  0.166, 279.01,  0.243, 288.21,  0.151, 268.48,  0.180, 295.00,  0.155, 275.19,  0.127, 284.15,  0.229, 305.77,  0.178, 289.05,  0.214, 300.64,  0.196, 302.31,  0.274, 294.60,  0.165, 280.83,  0.183, 265.60,  0.254, 284.80,  0.099, 240.33,-99.000, -99.00,-99.000, -99.00,-99.000, -99.00,-99.000, -99.00,
9/9/2006 08:50:00, 11.1,275.8,  1.1,  3.1, 19.020, 29.17,  0.0,  0.0,  0.145, 250.19,  0.204, 262.39,  0.140, 279.87,  0.228, 272.51,  0.186, 266.92,  0.189, 265.14,  0.125, 273.21,  0.110, 281.51,  0.168, 268.30,  0.189, 271.21,  0.215, 299.18,  0.158, 309.34,  0.145, 287.19,  0.159, 258.06,  0.225, 270.00,  0.139, 279.53,-99.000, -99.00,-99.000, -99.00,-99.000, -99.00,-99.000, -99.00,
9/9/2006 08:55:00, 11.1,275.8,  1.2,  3.1, 19.036, 29.17,  0.0,  0.0,  0.161, 262.52,  0.156, 288.32,  0.132, 305.74,  0.234, 284.10,  0.190, 298.32,  0.182, 283.35,  0.198, 309.25,  0.230, 291.99,  0.194, 290.49,  0.178, 304.49,  0.159, 283.43,  0.238, 277.01,  0.194, 304.92,  0.152, 307.78,  0.136, 289.37,  0.134, 286.95,-99.000, -99.00,-99.000, -99.00,-99.000, -99.00,-99.000, -99.00,
9/9/2006 09:00:00, 11.1,275.9,  1.2,  3.1, 19.034, 29.16,  0.0,  0.0,  0.183, 263.73,  0.185, 269.38,  0.247, 256.64,  0.184, 305.94,  0.271, 276.36,  0.183, 275.02,  0.210, 298.39,  0.249, 299.55,  0.190, 284.62,  0.195, 273.23,  0.188, 273.04,  0.194, 289.55,  0.187, 286.79,  0.253, 291.30,  0.258, 286.89,  0.118, 268.06,-99.000, -99.00,-99.000, -99.00,-99.000, -99.00,-99.000, -99.00,
9/9/2006 09:05:00, 11.1,275.8,  1.2,  3.1, 19.042, 29.15,  0.0,  0.0,  0.269, 262.32,  0.179, 284.27,  0.257, 280.78,  0.268, 271.28,  0.285, 272.41,  0.263, 289.54,  0.217, 282.24,  0.155, 274.83,  0.168, 286.60,  0.214, 289.96,  0.228, 285.81,  0.179, 315.23,  0.215, 295.02,  0.239, 306.49,  0.177, 310.64,  0.079, 256.84,-99.000, -99.00,-99.000, -99.00,-99.000, -99.00,-99.000, -99.00,
9/9/2006 09:10:00, 11.1,275.8,  1.2,  3.1, 19.049, 29.14,  0.0,  0.0,  0.235, 233.67,  0.245, 280.12,  0.232, 278.69,  0.286, 271.20,  0.273, 284.65,  0.290, 262.46,  0.235, 280.78,  0.276, 276.66,  0.157, 299.02,  0.256, 289.14,  0.162, 302.91,  0.265, 298.59,  0.203, 291.12,  0.186, 305.14,  0.204, 299.08,  0.125, 293.08,-99.000, -99.00,-99.000, -99.00,-99.000, -99.00,-99.000, -99.00,
9/9/2006 09:15:00, 11.1,275.9,  1.2,  3.1, 19.059, 29.14,  0.0,  0.0,  0.206, 243.81,  0.136, 266.21,  0.285, 295.76,  0.247, 263.97,  0.332, 272.24,  0.242, 283.12,  0.302, 277.22,  0.345, 276.16,  0.216, 271.33,  0.271, 286.96,  0.282, 276.32,  0.267, 288.37,  0.214, 285.47,  0.173, 313.83,  0.192, 279.90,  0.149, 246.19,-99.000, -99.00,-99.000, -99.00,-99.000, -99.00,-99.000, -99.00,
9/9/2006 09:20:00, 11.1,275.8,  1.2,  3.1, 19.049, 29.14,  0.0,  0.0,  0.254, 255.64,  0.307, 269.07,  0.309, 278.18,  0.265, 276.51,  0.259, 271.33,  0.219, 266.34,  0.299, 283.53,  0.235, 272.92,  0.218, 288.77,  0.111, 278.79,  0.187, 274.30,  0.141, 288.18,  0.109, 307.92,  0.129, 307.76,  0.122, 302.65,  0.136, 208.64,-99.000, -99.00,-99.000, -99.00,-99.000, -99.00,-99.000, -99.00,
9/9/2006 09:25:00, 11.1,275.8,  1.2,  3.1, 19.059, 29.13,  0.0,  0.0,  0.266, 258.52,  0.276, 259.99,  0.388, 275.62,  0.327, 275.97,  0.292, 283.27,  0.292, 293.40,  0.242, 277.36,  0.214, 282.41,  0.214, 285.98,  0.189, 306.63,  0.167, 295.95,  0.134, 276.43,  0.194, 289.93,  0.250, 288.87,  0.123, 298.65,  0.080, 208.50,-99.000, -99.00,-99.000, -99.00,-99.000, -99.00,-99.000, -99.00,
9/9/2006 09:30:00, 11.1,275.8,  1.2,  3.1, 19.053, 29.13,  0.0,  0.0,  0.250, 240.57,  0.233, 291.94,  0.226, 275.33,  0.230, 269.50,  0.287, 296.48,  0.286, 270.80,  0.170, 274.74,  0.189, 296.02,  0.331, 294.86,  0.243, 290.75,  0.211, 300.82,  0.213, 302.35,  0.176, 313.85,  0.216, 318.56,  0.169, 327.06,  0.093, 244.54,-99.000, -99.00,-99.000, -99.00,-99.000, -99.00,-99.000, -99.00,
9/9/2006 09:35:00, 11.1,275.8,  1.2,  3.1, 19.063, 29.13,  0.0,  0.0,  0.172, 273.99,  0.312, 280.70,  0.293, 274.31,  0.184, 281.31,  0.277, 290.53,  0.232, 278.16,  0.260, 275.95,  0.326, 272.11,  0.300, 284.27,  0.223, 269.74,  0.270, 291.25,  0.256, 288.93,  0.259, 295.87,  0.222, 278.02,  0.180, 277.32,  0.132, 299.10,-99.000, -99.00,-99.000, -99.00,-99.000, -99.00,-99.000, -99.00,
9/9/2006 09:40:00, 11.1,275.8,  1.2,  3.1, 19.071, 29.13,  0.0,  0.0,  0.252, 267.27,  0.332, 256.59,  0.279, 275.55,  0.282, 266.33,  0.265, 281.52,  0.278, 291.76,  0.216, 283.91,  0.206, 279.78,  0.189, 290.73,  0.228, 280.37,  0.212, 292.20,  0.276, 298.05,  0.235, 289.13,  0.210, 318.28,  0.145, 329.37,  0.084, 320.81,-99.000, -99.00,-99.000, -99.00,-99.000, -99.00,-99.000, -99.00,
9/9/2006 09:45:00, 11.1,275.8,  1.2,  3.1, 19.076, 29.13,  0.0,  0.0,  0.290, 250.69,  0.192, 284.76,  0.228, 287.32,  0.219, 290.34,  0.249, 279.24,  0.319, 274.14,  0.201, 289.79,  0.216, 297.87,  0.238, 284.33,  0.314, 288.20,  0.196, 277.63,  0.223, 290.71,  0.248, 296.88,  0.179, 294.42,  0.244, 295.20,  0.167, 253.63,-99.000, -99.00,-99.000, -99.00,-99.000, -99.00,-99.000, -99.00,
9/9/2006 09:50:00, 11.1,275.8,  1.2,  3.1, 19.057, 29.13,  0.0,  0.0,  0.296, 265.16,  0.194, 270.00,  0.224, 280.56,  0.240, 297.53,  0.226, 280.96,  0.263, 283.61,  0.187, 283.29,  0.268, 288.03,  0.237, 307.64,  0.268, 272.56,  0.209, 292.16,  0.128, 279.46,  0.096, 257.99,  0.125, 276.44,  0.173, 287.18,  0.094, 241.53,-99.000, -99.00,-99.000, -99.00,-99.000, -99.00,-99.000, -99.00,
9/9/2006 09:55:00, 11.1,275.8,  1.2,  3.1, 19.073, 29.14,  0.0,  0.0,  0.220, 258.74,  0.200, 255.55,  0.270, 274.89,  0.227, 268.99,  0.252, 276.39,  0.238, 287.14,  0.309, 278.76,  0.318, 288.49,  0.322, 296.80,  0.259, 292.21,  0.276, 302.42,  0.254, 309.40,  0.255, 302.69,  0.192, 301.37,  0.137, 306.70,  0.072, 231.22,-99.000, -99.00,-99.000, -99.00,-99.000, -99.00,-99.000, -99.00,
9/9/2006 10:00:00, 11.1,275.8,  1.2,  3.1, 19.071, 29.14,  0.0,  0.0,  0.219, 272.61,  0.250, 269.31,  0.276, 272.70,  0.272, 282.51,  0.279, 292.15,  0.303, 285.32,  0.295, 277.80,  0.261, 281.48,  0.281, 274.09,  0.195, 285.18,  0.247, 281.45,  0.261, 302.66,  0.211, 304.97,  0.169, 321.98,  0.214, 294.29,  0.123, 295.10,-99.000, -99.00,-99.000, -99.00,-99.000, -99.00,-99.000, -99.00,
9/9/2006 10:05:00, 11.1,275.9,  1.2,  3.1, 19.070, 29.14,  0.0,  0.0,  0.219, 298.09,  0.305, 294.63,  0.211, 286.54,  0.282, 282.26,  0.290, 290.99,  0.273, 296.10,  0.260, 299.03,  0.279, 297.12,  0.273, 299.38,  0.271, 296.28,  0.283, 301.55,  0.291, 295.86,  0.333, 301.88,  0.265, 303.75,  0.218, 315.19,  0.062, 339.23,-99.000, -99.00,-99.000, -99.00,-99.000, -99.00,-99.000, -99.00,
9/9/2006 10:10:00, 11.1,276.0,  1.2,  3.1, 19.066, 29.14,  0.0,  0.0,  0.365, 279.31,  0.324, 281.38,  0.248, 273.00,  0.311, 274.24,  0.322, 271.96,  0.340, 278.46,  0.277, 288.76,  0.338, 295.05,  0.320, 292.23,  0.289, 291.32,  0.354, 298.16,  0.204, 304.23,  0.188, 288.34,  0.243, 299.63,  0.142, 297.29,  0.071, 252.07,-99.000, -99.00,-99.000, -99.00,-99.000, -99.00,-99.000, -99.00,
9/9/2006 10:15:00, 11.1,275.8,  1.2,  3.1, 19.074, 29.13,  0.0,  0.0,  0.187, 276.75,  0.319, 287.87,  0.360, 295.35,  0.193, 289.37,  0.257, 287.17,  0.176, 295.98,  0.230, 292.22,  0.256, 301.58,  0.260, 295.78,  0.218, 299.74,  0.302, 300.05,  0.253, 297.78,  0.272, 306.62,  0.245, 317.98,  0.244, 303.62,  0.047, 263.93,-99.000, -99.00,-99.000, -99.00,-99.000, -99.00,-99.000, -99.00,
9/9/2006 10:20:00, 11.1,276.0,  1.2,  3.1, 19.074, 29.13,  0.0,  0.0,  0.256, 279.90,  0.254, 261.61,  0.243, 270.94,  0.303, 267.54,  0.241, 273.09,  0.234, 295.25,  0.240, 287.45,  0.257, 296.07,  0.251, 297.99,  0.271, 286.29,  0.226, 292.60,  0.154, 308.95,  0.150, 328.64,  0.179, 328.71,  0.218, 306.98,  0.080, 275.00,-99.000, -99.00,-99.000, -99.00,-99.000, -99.00,-99.000, -99.00,
9/9/2006 10:25:00, 11.1,275.9,  1.2,  3.1, 19.075, 29.13,  0.0,  0.0,  0.213, 262.71,  0.154, 272.97,  0.182, 284.95,  0.253, 270.00,  0.278, 289.54,  0.233, 290.30,  0.256, 291.05,  0.252, 288.72,  0.206, 292.58,  0.214, 293.94,  0.230, 291.99,  0.211, 283.44,  0.248, 297.60,  0.244, 307.34,  0.236, 309.15,  0.171, 307.87,-99.000, -99.00,-99.000, -99.00,-99.000, -99.00,-99.000, -99.00,
9/9/2006 10:30:00, 11.1,276.0,  1.2,  3.1, 19.078, 29.13,  0.0,  0.0,  0.232, 285.00,  0.299, 262.90,  0.257, 281.44,  0.301, 289.22,  0.303, 292.33,  0.276, 288.17,  0.307, 290.38,  0.308, 293.74,  0.305, 299.67,  0.218, 289.85,  0.268, 300.96,  0.211, 304.59,  0.257, 293.67,  0.268, 307.13,  0.206, 300.92,  0.076, 267.74,-99.000, -99.00,-99.000, -99.00,-99.000, -99.00,-99.000, -99.00,
9/9/2006 10:35:00, 11.1,275.9,  1.2,  3.1, 19.059, 29.13,  0.0,  0.0,  0.287, 279.82,  0.271, 272.96,  0.254, 278.39,  0.333, 286.42,  0.270, 264.69,  0.272, 258.11,  0.273, 258.61,  0.266, 278.86,  0.314, 272.19,  0.324, 265.93,  0.252, 273.18,  0.275, 272.08,  0.224, 295.99,  0.212, 303.84,  0.203, 304.95,  0.094, 291.12,-99.000, -99.00,-99.000, -99.00,-99.000, -99.00,-99.000, -99.00,
9/9/2006 10:40:00, 11.1,275.9,  1.2,  3.1, 19.076, 29.15,  0.0,  0.0,  0.055, 324.58,  0.175, 316.16,  0.230, 311.65,  0.205, 290.82,  0.136, 274.21,  0.167, 272.74,  0.267, 285.44,  0.275, 275.83,  0.239, 292.38,  0.243, 284.04,  0.175, 295.69,  0.111, 287.78,  0.142, 263.93,  0.096, 307.35,  0.105, 299.00,  0.021, 182.73,-99.000, -99.00,-99.000, -99.00,-99.000, -99.00,-99.000, -99.00,
9/9/2006 10:45:00, 11.1,276.0,  1.2,  3.1, 19.058, 29.17,  0.0,  0.0,  0.210, 295.10,  0.108, 270.00,  0.142, 293.68,  0.266, 299.26,  0.228, 272.01,  0.207, 277.50,  0.210, 307.85,  0.221, 312.80,  0.198, 283.12,  0.248, 284.26,  0.317, 275.80,  0.232, 266.55,  0.148, 259.07,  0.223, 258.34,  0.112, 271.02,  0.167, 267.94,-99.000, -99.00,-99.000, -99.00,-99.000, -99.00,-99.000, -99.00,
9/9/2006 10:50:00, 11.1,275.8,  1.2,  3.1, 19.053, 29.19,  0.0,  0.0,  0.109, 345.71,  0.156, 326.21,  0.159, 302.69,  0.170, 339.33,  0.284, 322.28,  0.221, 331.58,  0.197, 330.44,  0.127, 313.73,  0.197, 315.21,  0.204, 314.01,  0.170, 295.06,  0.161, 293.85,  0.210, 279.33,  0.192, 281.72,  0.205, 268.04,  0.120, 271.91,-99.000, -99.00,-99.000, -99.00,-99.000, -99.00,-99.000, -99.00,
9/9/2006 10:55:00, 11.1,275.8,  1.2,  3.1, 19.042, 29.20,  0.0,  0.0,  0.197, 259.77,  0.113, 303.41,  0.168, 290.60,  0.131, 280.11,  0.133, 274.73,  0.205, 270.28,  0.198, 272.89,  0.247, 281.90,  0.183, 289.42,  0.234, 288.43,  0.262, 282.77,  0.312, 282.39,  0.241, 296.88,  0.259, 283.61,  0.252, 272.05,  0.107, 266.26,-99.000, -99.00,-99.000, -99.00,-99.000, -99.00,-99.000, -99.00,
9/9/2006 11:00:00, 11.1,275.8,  1.2,  3.1, 19.043, 29.21,  0.0,  0.0,  0.105, 303.69,  0.214, 305.48,  0.139, 325.85,  0.205, 318.76,  0.235, 313.27,  0.205, 301.83,  0.212, 287.84,  0.189, 299.14,  0.192, 276.57,  0.225, 278.71,  0.150, 267.33,  0.183, 285.17,  0.242, 309.29,  0.190, 292.64,  0.157, 293.63,  0.007,  33.69,-99.000, -99.00,-99.000, -99.00,-99.000, -99.00,-99.000, -99.00,
9/9/2006 11:05:00, 11.1,275.9,  1.2,  3.1, 19.039, 29.21,  0.0,  0.0,  0.142, 307.84,  0.121, 270.00,  0.209, 278.25,  0.177, 272.59,  0.121, 274.25,  0.203, 287.45,  0.185, 300.59,  0.213, 283.58,  0.191, 292.14,  0.176, 271.63,  0.209, 280.45,  0.238, 278.47,  0.189, 270.91,  0.205, 263.29,  0.261, 275.71,  0.144, 263.22,-99.000, -99.00,-99.000, -99.00,-99.000, -99.00,-99.000, -99.00,
9/9/2006 11:10:00, 11.1,276.0,  1.2,  3.1, 19.038, 29.21,  0.0,  0.0,  0.234, 280.35,  0.180, 303.42,  0.197, 300.47,  0.076, 324.64,  0.130, 285.22,  0.187, 329.46,  0.225, 307.58,  0.194, 286.19,  0.190, 298.32,  0.228, 305.92,  0.197, 274.38,  0.189, 265.74,  0.198, 268.55,  0.263, 271.74,  0.231, 265.53,  0.137, 286.98,-99.000, -99.00,-99.000, -99.00,-99.000, -99.00,-99.000, -99.00,
9/9/2006 11:15:00, 11.1,275.9,  1.2,  3.1, 19.045, 29.21,  0.0,  0.0,  0.254, 308.45,  0.220, 276.80,  0.151, 294.19,  0.102, 279.55,  0.143, 292.99,  0.229, 284.95,  0.156, 270.73,  0.217, 289.69,  0.145, 283.56,  0.124, 281.13,  0.171, 284.20,  0.234, 272.69,  0.250, 275.05,  0.229, 271.00,  0.183, 271.88,  0.057, 186.01,-99.000, -99.00,-99.000, -99.00,-99.000, -99.00,-99.000, -99.00,
9/9/2006 11:20:00, 11.1,275.9,  1.2,  3.1, 19.031, 29.21,  0.0,  0.0,  0.131, 263.42,  0.216, 268.14,  0.280, 273.90,  0.284, 292.77,  0.180, 292.16,  0.293, 308.63,  0.251, 302.49,  0.195, 305.40,  0.203, 300.87,  0.256, 270.67,  0.195, 267.94,  0.201, 253.19,  0.189, 261.48,  0.204, 278.72,  0.201, 285.00,  0.123, 241.35,-99.000, -99.00,-99.000, -99.00,-99.000, -99.00,-99.000, -99.00,
9/9/2006 11:25:00, 11.1,275.9,  1.2,  3.1, 19.024, 29.21,  0.0,  0.0,  0.208, 285.91,  0.205, 274.21,  0.225, 271.02,  0.211, 282.85,  0.262, 276.15,  0.213, 296.20,  0.094, 275.47,  0.215, 266.54,  0.134, 270.86,  0.169, 262.54,  0.227, 272.27,  0.277, 252.81,  0.173, 265.35,  0.212, 274.61,  0.204, 264.09,  0.084, 243.74,-99.000, -99.00,-99.000, -99.00,-99.000, -99.00,-99.000, -99.00,
9/9/2006 11:30:00, 11.1,275.8,  1.2,  3.1, 19.017, 29.21,  0.0,  0.0,  0.248, 280.22,  0.160, 283.34,  0.180, 285.12,  0.182, 303.60,  0.206, 309.88,  0.210, 274.65,  0.164, 298.75,  0.147, 281.00,  0.171, 265.65,  0.132, 277.82,  0.137, 231.54,  0.183, 264.66,  0.197, 270.00,  0.272, 282.76,  0.135, 276.81,  0.073, 250.82,-99.000, -99.00,-99.000, -99.00,-99.000, -99.00,-99.000, -99.00,
9/9/2006 11:35:00, 11.1,275.8,  1.2,  3.1, 19.011, 29.21,  0.0,  0.0,  0.172, 261.30,  0.116, 270.00,  0.169, 284.78,  0.148, 286.48,  0.213, 311.77,  0.185, 317.41,  0.196, 323.31,  0.194, 292.73,  0.177, 278.13,  0.127, 287.00,  0.172, 270.00,  0.193, 278.34,  0.120, 266.19,  0.195, 273.81,  0.173, 259.99,  0.124, 229.25,-99.000, -99.00,-99.000, -99.00,-99.000, -99.00,-99.000, -99.00,
9/9/2006 11:40:00, 11.1,275.9,  1.2,  3.1, 19.004, 29.22,  0.0,  0.0,  0.146, 270.78,  0.168, 284.45,  0.177, 252.28,  0.212, 288.18,  0.164, 295.31,  0.169, 282.64,  0.169, 300.21,  0.240, 282.24,  0.223, 286.65,  0.143, 275.63,  0.146, 280.23,  0.130, 278.38,  0.202, 270.00,  0.221, 273.37,  0.252, 270.91,  0.032, 255.53,-99.000, -99.00,-99.000, -99.00,-99.000, -99.00,-99.000, -99.00,
9/9/2006 11:45:00, 11.1,275.9,  1.2,  3.1, 19.005, 29.22,  0.0,  0.0,  0.153, 290.34,  0.222, 304.19,  0.239, 304.42,  0.134, 291.41,  0.179, 290.26,  0.157, 284.04,  0.190, 290.63,  0.172, 263.99,  0.145, 266.84,  0.178, 270.97,  0.205, 275.60,  0.198, 260.68,  0.221, 246.56,  0.263, 244.02,  0.161, 232.06,  0.085, 208.66,-99.000, -99.00,-99.000, -99.00,-99.000, -99.00,-99.000, -99.00,
9/9/2006 11:50:00, 11.1,276.0,  1.2,  3.1, 19.014, 29.22,  0.0,  0.0,  0.199, 302.10,  0.136, 270.00,  0.219, 272.09,  0.143, 268.40,  0.146, 296.39,  0.207, 277.50,  0.163, 283.44,  0.159, 308.88,  0.127, 306.06,  0.157, 315.00,  0.223, 268.20,  0.184, 258.69,  0.180, 277.01,  0.264, 262.82,  0.166, 261.67,  0.189, 242.21,-99.000, -99.00,-99.000, -99.00,-99.000, -99.00,-99.000, -99.00,
9/9/2006 11:55:00, 11.1,275.9,  1.2,  3.1, 18.995, 29.22,  0.0,  0.0,  0.189, 259.34,  0.213, 292.10,  0.206, 280.65,  0.184, 293.77,  0.070, 317.89,  0.252, 302.87,  0.163, 293.11,  0.139, 287.13,  0.162, 308.99,  0.178, 292.10,  0.141, 263.08,  0.220, 258.49,  0.149, 274.60,  0.191, 278.43,  0.175, 277.57,  0.083, 226.47,-99.000, -99.00,-99.000, -99.00,-99.000, -99.00,-99.000, -99.00,
9/9/2006 12:00:00, 11.1,275.9,  1.2,  3.1, 18.992, 29.22,  0.0,  0.0,  0.172, 269.33,  0.181, 297.98,  0.120, 303.42,  0.184, 295.04,  0.239, 291.31,  0.233, 319.53,  0.243, 302.58,  0.252, 286.85,  0.138, 272.49,  0.121, 302.91,  0.142, 317.86,  0.180, 292.86,  0.158, 289.92,  0.173, 287.18,  0.218, 277.13,  0.098, 268.83,-99.000, -99.00,-99.000, -99.00,-99.000, -99.00,-99.000, -99.00,
9/9/2006 12:05:00, 11.1,275.9,  1.2,  3.1, 18.988, 29.22,  0.0,  0.0,  0.227, 292.27,  0.202, 258.86,  0.200, 283.27,  0.185, 280.58,  0.172, 288.96,  0.210, 290.33,  0.201, 287.35,  0.243, 294.25,  0.223, 300.48,  0.185, 289.90,  0.186, 278.96,  0.133, 280.80,  0.162, 282.14,  0.211, 309.04,  0.235, 286.28,  0.086, 240.75,-99.000, -99.00,-99.000, -99.00,-99.000, -99.00,-99.000, -99.00,
9/9/2006 12:10:00, 11.1,276.0,  1.2,  3.1, 18.972, 29.22,  0.0,  0.0,  0.229, 263.99,  0.249, 273.22,  0.106, 283.12,  0.169, 276.79,  0.137, 321.54,  0.059, 323.90,  0.123, 319.96,  0.144, 309.65,  0.163, 261.52,  0.157, 272.92,  0.178, 275.17,  0.119, 291.18,  0.133, 274.73,  0.256, 262.60,  0.277, 278.51,  0.126, 295.95,-99.000, -99.00,-99.000, -99.00,-99.000, -99.00,-99.000, -99.00,
9/9/2006 12:15:00, 11.1,276.0,  1.2,  3.1, 18.966, 29.23,  0.0,  0.0,  0.194, 296.96,  0.189, 296.43,  0.227, 291.94,  0.120, 316.35,  0.203, 290.13,  0.169, 286.18,  0.132, 299.48,  0.119, 299.80,  0.164, 289.54,  0.167, 293.33,  0.096, 284.47,  0.191, 285.20,  0.153, 268.50,  0.189, 261.48,  0.189, 278.22,  0.061, 238.39,-99.000, -99.00,-99.000, -99.00,-99.000, -99.00,-99.000, -99.00,
9/9/2006 12:20:00, 11.1,276.0,  1.2,  3.1, 18.954, 29.23,  0.0,  0.0,  0.195, 298.80,  0.159, 304.49,  0.191, 312.88,  0.131, 273.06,  0.264, 305.61,  0.187, 296.98,  0.158, 297.05,  0.187, 275.22,  0.177, 286.39,  0.140, 271.64,  0.153, 269.25,  0.189, 273.33,  0.207, 279.74,  0.206, 275.85,  0.225, 282.06,  0.169, 253.17,-99.000, -99.00,-99.000, -99.00,-99.000, -99.00,-99.000, -99.00,
9/9/2006 12:25:00, 11.1,276.0,  1.2,  3.1, 18.940, 29.24,  0.0,  0.0,  0.192, 307.59,  0.228, 296.57,  0.232, 282.96,  0.127, 280.87,  0.048, 320.04,  0.163, 287.88,  0.089, 306.74,  0.195, 277.96,  0.165, 292.83,  0.075, 319.32,  0.215, 297.76,  0.163, 299.88,  0.129, 262.00,  0.225, 264.14,  0.185, 251.08,  0.074, 255.96,-99.000, -99.00,-99.000, -99.00,-99.000, -99.00,-99.000, -99.00,
9/9/2006 12:30:00, 11.1,275.9,  1.2,  3.1, 18.935, 29.24,  0.0,  0.0,  0.162, 296.72,  0.146, 282.23,  0.182, 290.92,  0.237, 313.46,  0.146, 279.85,  0.191, 301.53,  0.202, 287.00,  0.112, 269.49,  0.227, 284.83,  0.212, 273.51,  0.203, 276.50,  0.159, 279.40,  0.155, 268.89,  0.119, 268.07,  0.158, 270.73,  0.144, 214.80,-99.000, -99.00,-99.000, -99.00,-99.000, -99.00,-99.000, -99.00,
9/9/2006 12:35:00, 11.1,275.9,  1.2,  3.1, 18.929, 29.25,  0.0,  0.0,  0.164, 324.67,  0.217, 300.10,  0.245, 274.92,  0.185, 270.00,  0.217, 307.50,  0.155, 280.44,  0.103, 281.20,  0.107, 272.14,  0.226, 285.14,  0.184, 303.00,  0.247, 298.22,  0.136, 276.34,  0.202, 268.30,  0.144, 281.23,  0.215, 264.93,  0.093, 235.11,-99.000, -99.00,-99.000, -99.00,-99.000, -99.00,-99.000, -99.00,
9/9/2006 12:40:00, 11.1,275.9,  1.2,  3.1, 18.919, 29.25,  0.0,  0.0,  0.173, 280.66,  0.167, 302.26,  0.222, 315.36,  0.114, 299.93,  0.224, 282.61,  0.175, 297.59,  0.148, 287.33,  0.092, 293.77,  0.144, 306.79,  0.105, 313.85,  0.209, 292.51,  0.105, 300.96,  0.116, 292.81,  0.210, 283.77,  0.196, 294.08,  0.114, 288.43,-99.000, -99.00,-99.000, -99.00,-99.000, -99.00,-99.000, -99.00,
9/9/2006 12:45:00, 11.1,276.0,  1.2,  3.1, 18.900, 29.26,  0.0,  0.0,  0.199, 304.57,  0.158, 283.95,  0.189, 281.61,  0.135, 272.97,  0.217, 307.87,  0.120, 290.56,  0.183, 291.80,  0.178, 287.32,  0.232, 309.05,  0.260, 294.10,  0.144, 288.18,  0.142, 285.89,  0.208, 291.39,  0.143, 314.43,  0.124, 288.87,  0.126, 266.82,-99.000, -99.00,-99.000, -99.00,-99.000, -99.00,-99.000, -99.00,
9/9/2006 12:50:00, 11.1,276.0,  1.2,  3.1, 18.910, 29.26,  0.0,  0.0,  0.109, 292.09,  0.189, 304.03,  0.121, 279.54,  0.163, 280.27,  0.105, 273.27,  0.084, 303.88,  0.230, 274.49,  0.183, 289.82,  0.220, 261.91,  0.224, 259.99,  0.132, 260.82,  0.134, 260.12,  0.178, 254.01,  0.180, 278.94,  0.083, 265.87,  0.094, 210.65,-99.000, -99.00,-99.000, -99.00,-99.000, -99.00,-99.000, -99.00,
9/9/2006 12:55:00, 11.1,275.9,  1.2,  3.1, 18.896, 29.26,  0.0,  0.0,  0.011, 180.00,  0.091, 275.65,  0.112, 258.69,  0.094, 270.00,  0.114, 286.84,  0.182, 288.63,  0.057, 305.66,  0.137, 306.12,  0.085, 259.88,  0.124, 257.87,  0.135, 241.15,  0.124, 263.05,  0.090, 249.96,  0.125, 250.41,  0.158, 248.13,  0.105, 188.21,-99.000, -99.00,-99.000, -99.00,-99.000, -99.00,-99.000, -99.00,
9/9/2006 13:00:00, 11.1,275.9,  1.2,  3.1, 18.893, 29.27,  0.0,  0.0,  0.124, 270.46,  0.096, 273.58,  0.124, 258.33,  0.065, 250.17,  0.160, 286.73,  0.105, 289.47,  0.242, 263.11,  0.164, 269.65,  0.185, 271.24,  0.209, 265.33,  0.161, 268.93,  0.142, 251.05,  0.146, 292.53,  0.118, 265.16,  0.170, 263.92,  0.140, 260.94,-99.000, -99.00,-99.000, -99.00,-99.000, -99.00,-99.000, -99.00,
9/9/2006 13:05:00, 11.1,275.9,  1.2,  3.1, 18.892, 29.27,  0.0,  0.0,  0.157, 262.33,  0.120, 276.71,  0.060, 279.62,  0.116, 248.29,  0.151, 280.71,  0.090, 280.19,  0.115, 240.99,  0.147, 266.11,  0.158, 290.73,  0.230, 274.74,  0.094, 262.04,  0.110, 233.13,  0.137, 249.98,  0.081, 231.01,  0.162, 244.38,  0.112, 258.69,-99.000, -99.00,-99.000, -99.00,-99.000, -99.00,-99.000, -99.00,
9/9/2006 13:10:00, 11.1,276.0,  1.2,  3.1, 18.889, 29.27,  0.0,  0.0,  0.106, 314.24,  0.030,  27.41,  0.073, 314.44,  0.009, 288.43,  0.126, 260.84,  0.206, 241.94,  0.175, 266.40,  0.153, 261.34,  0.143, 309.04,  0.135, 266.19,  0.116, 273.45,  0.111, 278.79,  0.142, 265.57,  0.136, 264.08,  0.130, 246.97,  0.138, 243.25,-99.000, -99.00,-99.000, -99.00,-99.000, -99.00,-99.000, -99.00,
9/9/2006 13:15:00, 11.1,275.9,  1.2,  3.1, 18.873, 29.27,  0.0,  0.0,  0.084, 316.44,  0.022, 283.39,  0.089, 309.56,  0.067, 312.56,  0.138, 302.54,  0.094, 300.65,  0.063, 232.05,  0.057, 251.57,  0.105, 271.64,  0.148, 296.05,  0.092, 270.00,  0.268, 271.50,  0.210, 256.23,  0.194, 261.70,  0.196, 264.14,  0.088, 207.73,-99.000, -99.00,-99.000, -99.00,-99.000, -99.00,-99.000, -99.00,
9/9/2006 13:20:00, 11.1,276.0,  1.2,  3.1, 18.859, 29.27,  0.0,  0.0,  0.124,  33.82,  0.051, 319.76,  0.050, 226.64,  0.088, 316.37,  0.078,  11.89,  0.103, 299.54,  0.113, 307.79,  0.109, 289.94,  0.163, 297.04,  0.079, 288.43,  0.112, 257.08,  0.148, 260.28,  0.193, 265.24,  0.182, 280.45,  0.128, 284.90,  0.032, 205.77,-99.000, -99.00,-99.000, -99.00,-99.000, -99.00,-99.000, -99.00,
9/9/2006 13:25:00, 11.1,276.0,  1.2,  3.1, 18.844, 29.27,  0.0,  0.0,  0.113, 250.28,  0.114,   1.51,  0.113, 350.87,  0.105, 338.81,  0.186, 296.84,  0.164,   1.05,  0.107, 314.62,  0.080, 243.43,  0.107, 267.86,  0.116, 317.79,  0.140, 266.32,  0.132, 273.04,  0.119, 243.65,  0.169, 263.88,  0.183, 276.27,  0.046, 251.18,-99.000, -99.00,-99.000, -99.00,-99.000, -99.00,-99.000, -99.00,
9/9/2006 13:30:00, 11.1,276.0,  1.2,  3.1, 18.837, 29.27,  0.0,  0.0,  0.049, 347.09,  0.091, 327.53,  0.137, 334.93,  0.155, 298.88,  0.093, 265.08,  0.084, 280.24,  0.051, 348.69,  0.093, 311.94,  0.074, 335.17,  0.070, 291.04,  0.132, 238.36,  0.154, 249.44,  0.134, 265.31,  0.178, 275.81,  0.143, 262.78,  0.011, 164.74,-99.000, -99.00,-99.000, -99.00,-99.000, -99.00,-99.000, -99.00,
9/9/2006 13:35:00, 11.1,275.9,  1.2,  3.1, 18.832, 29.27,  0.0,  0.0,  0.112, 345.47,  0.016, 219.81,  0.053,  14.30,  0.170, 305.19,  0.096, 333.43,  0.036,  11.31,  0.191, 298.18,  0.048, 324.32,  0.120, 276.71,  0.130, 278.38,  0.139, 256.26,  0.126, 262.26,  0.080, 208.50,  0.102, 243.94,  0.143, 267.20,  0.108, 267.35,-99.000, -99.00,-99.000, -99.00,-99.000, -99.00,-99.000, -99.00,
9/9/2006 13:40:00, 11.1,276.0,  1.2,  3.1, 18.824, 29.27,  0.0,  0.0,  0.138, 283.03,  0.035, 303.23,  0.021,   0.00,  0.034,  40.24,  0.038, 308.66,  0.095, 313.73,  0.022, 344.05,  0.045, 314.09,  0.144, 289.06,  0.154, 303.07,  0.152, 285.22,  0.084, 193.05,  0.117, 204.81,  0.104, 243.68,  0.093, 255.07,  0.072, 256.35,-99.000, -99.00,-99.000, -99.00,-99.000, -99.00,-99.000, -99.00,
9/9/2006 13:45:00, 11.1,276.1,  1.2,  3.1, 18.816, 29.26,  0.0,  0.0,  0.118, 348.79,  0.011,  21.80,  0.168, 349.36,  0.113, 357.47,  0.086, 318.31,  0.083, 346.13,  0.048, 352.87,  0.063, 301.43,  0.091, 281.43,  0.070, 219.17,  0.045, 267.46,  0.069, 213.69,  0.061, 270.00,  0.121, 278.53,  0.049, 173.02,  0.061, 150.49,-99.000, -99.00,-99.000, -99.00,-99.000, -99.00,-99.000, -99.00,
9/9/2006 13:50:00, 11.1,276.0,  1.2,  3.1, 18.821, 29.26,  0.0,  0.0,  0.109, 348.38,  0.017, 229.76,  0.057, 354.99,  0.111,   3.09,  0.092, 340.39,  0.028, 297.47,  0.087, 295.97,  0.150, 268.47,  0.089, 194.97,  0.111, 241.35,  0.133, 281.73,  0.083, 274.13,  0.117, 237.53,  0.061, 315.00,  0.076, 297.24,  0.060, 181.91,-99.000, -99.00,-99.000, -99.00,-99.000, -99.00,-99.000, -99.00,
9/9/2006 13:55:00, 11.1,276.0,  1.2,  3.1, 18.809, 29.26,  0.0,  0.0,  0.030,   3.81,  0.038, 215.36,  0.048, 123.02,  0.044,  48.69,  0.057,  75.72,  0.078, 228.12,  0.045,  49.54,  0.141, 274.46,  0.095, 230.96,  0.112, 259.70,  0.130, 252.54,  0.115, 240.99,  0.097, 271.18,  0.071, 243.07,  0.105, 277.13,  0.137, 211.25,-99.000, -99.00,-99.000, -99.00,-99.000, -99.00,-99.000, -99.00,
9/9/2006 14:00:00, 11.1,275.9,  1.2,  3.1, 18.803, 29.27,  0.0,  0.0,  0.039, 329.53,  0.050, 205.02,  0.044,  69.90,  0.031, 204.90,  0.029, 180.00,  0.141, 282.66,  0.052, 324.46,  0.122, 258.14,  0.139, 255.47,  0.141, 220.69,  0.171, 208.96,  0.049, 266.50,  0.108, 265.24,  0.107, 223.10,  0.119, 249.89,  0.059, 222.27,-99.000, -99.00,-99.000, -99.00,-99.000, -99.00,-99.000, -99.00,
9/9/2006 14:05:00, 11.1,276.1,  1.2,  3.1, 18.794, 29.27,  0.0,  0.0,  0.036, 348.69,  0.153, 255.24,  0.049, 233.37,  0.046,  68.43,  0.075, 267.71,  0.102, 197.19,  0.107, 245.60,  0.122, 290.06,  0.117, 264.58,  0.095, 224.14,  0.080, 240.88,  0.084, 236.69,  0.119, 228.41,  0.136, 237.95,  0.112, 208.16,  0.073, 193.47,-99.000, -99.00,-99.000, -99.00,-99.000, -99.00,-99.000, -99.00,
9/9/2006 14:10:00, 11.1,276.0,  1.2,  3.1, 18.780, 29.28,  0.0,  0.0,  0.052,  50.48,  0.048, 330.26,  0.030, 356.19,  0.059,  79.26,  0.108, 330.12,  0.028, 133.53,  0.047, 271.22,  0.052, 289.13,  0.043, 330.42,  0.085, 225.95,  0.113, 238.43,  0.139, 243.99,  0.145, 268.03,  0.051, 268.88,  0.095, 288.43,  0.107, 226.90,-99.000, -99.00,-99.000, -99.00,-99.000, -99.00,-99.000, -99.00,
9/9/2006 14:15:00, 11.1,276.0,  1.2,  3.1, 18.776, 29.29,  0.0,  0.0,  0.078, 308.20,  0.062, 291.63,  0.129,  25.18,  0.057, 180.00,  0.066, 305.13,  0.057, 232.13,  0.137, 268.75,  0.079, 243.76,  0.095, 238.83,  0.077, 240.44,  0.111, 216.56,  0.131, 242.85,  0.131, 224.07,  0.127, 193.16,  0.060, 235.78,  0.070, 330.87,-99.000, -99.00,-99.000, -99.00,-99.000, -99.00,-99.000, -99.00,
9/9/2006 14:20:00, 11.1,276.0,  1.2,  3.1, 18.772, 29.29,  0.0,  0.0,  0.047, 226.74,  0.058, 222.21,  0.081, 260.77,  0.044, 344.05,  0.011, 280.30,  0.094, 242.89,  0.021, 177.27,  0.065, 313.75,  0.087, 244.90,  0.110, 223.53,  0.094, 245.35,  0.041, 217.15,  0.044, 239.93,  0.080, 214.29,  0.098, 256.96,  0.103, 155.92,-99.000, -99.00,-99.000, -99.00,-99.000, -99.00,-99.000, -99.00,
9/9/2006 14:25:00, 11.1,276.2,  1.2,  3.1, 18.776, 29.29,  0.0,  0.0,  0.123, 304.72,  0.056, 216.25,  0.131, 242.65,  0.033, 227.49,  0.116, 261.10,  0.063, 190.06,  0.027, 323.97,  0.051, 142.22,  0.055, 230.19,  0.107, 223.10,  0.106, 202.70,  0.050, 138.27,  0.028, 205.64,  0.054, 225.00,  0.151, 255.41,  0.023, 235.62,-99.000, -99.00,-99.000, -99.00,-99.000, -99.00,-99.000, -99.00,
9/9/2006 14:30:00, 11.1,275.9,  1.2,  3.1, 18.755, 29.29,  0.0,  0.0,  0.110, 181.56,  0.032, 216.16,  0.010,  45.00,  0.051, 165.14,  0.014, 355.91,  0.034,  79.70,  0.094,  69.44,  0.029, 139.18,  0.019, 278.97,  0.047,  94.86,  0.068, 232.13,  0.038, 195.12,  0.019, 205.20,  0.016,  18.43,  0.004, 194.04,  0.076, 157.50,-99.000, -99.00,-99.000, -99.00,-99.000, -99.00,-99.000, -99.00,
9/9/2006 14:35:00, 11.1,276.0,  1.2,  3.1, 18.745, 29.30,  0.0,  0.0,  0.092,  47.64,  0.036, 127.18,  0.009,   6.34,  0.125, 302.93,  0.110, 269.48,  0.071,  74.39,  0.015, 241.70,  0.030, 107.24,  0.063,  64.65,  0.025, 203.50,  0.078, 173.33,  0.060, 111.45,  0.069, 214.38,  0.094, 203.84,  0.106, 213.09,  0.009, 153.43,-99.000, -99.00,-99.000, -99.00,-99.000, -99.00,-99.000, -99.00,
9/9/2006 14:40:00, 11.1,276.0,  1.2,  3.1, 18.746, 29.29,  0.0,  0.0,  0.086, 150.75,  0.033, 158.84,  0.042, 174.56,  0.047, 267.56,  0.012, 221.63,  0.047,  26.57,  0.018, 192.53,  0.026,  60.52,  0.052,  25.08,  0.014, 143.97,  0.019, 218.66,  0.076, 280.57,  0.060, 271.91,  0.045, 303.34,  0.064, 245.04,  0.073, 178.43,-99.000, -99.00,-99.000, -99.00,-99.000, -99.00,-99.000, -99.00,
9/9/2006 14:45:00, 11.1,276.0,  1.2,  3.1, 18.727, 29.29,  0.0,  0.0,  0.138, 106.86,  0.089, 149.70,  0.105, 132.31,  0.029,  84.09,  0.076, 223.39,  0.068, 147.01,  0.026, 232.70,  0.052,  58.47,  0.027, 315.00,  0.078, 323.86,  0.040, 132.95,  0.075,  87.71,  0.019, 137.12,  0.042, 346.29,  0.087,  95.91,  0.127, 140.43,-99.000, -99.00,-99.000, -99.00,-99.000, -99.00,-99.000, -99.00,
9/9/2006 14:50:00, 11.1,276.0,  1.2,  3.1, 18.725, 29.29,  0.0,  0.0,  0.070, 196.62,  0.016, 153.43,  0.086, 182.00,  0.104, 142.03,  0.079, 129.34,  0.042, 204.10,  0.027, 180.00,  0.044, 138.69,  0.097, 151.58,  0.118, 177.57,  0.009, 147.99,  0.040,  84.29,  0.037,  91.55,  0.026, 299.48,  0.068, 227.39,  0.017,  69.44,-99.000, -99.00,-99.000, -99.00,-99.000, -99.00,-99.000, -99.00,
9/9/2006 14:55:00, 11.1,276.0,  1.2,  3.1, 18.725, 29.29,  0.0,  0.0,  0.131, 149.71,  0.167, 168.29,  0.022, 185.19,  0.042,   0.00,  0.100, 146.78,  0.034, 143.47,  0.035, 188.13,  0.097, 192.46,  0.079, 150.52,  0.097, 169.96,  0.036, 140.60,  0.030, 279.46,  0.043, 180.00,  0.115, 136.76,  0.064,  64.23,  0.085, 109.29,-99.000, -99.00,-99.000, -99.00,-99.000, -99.00,-99.000, -99.00,
9/9/2006 15:00:00, 11.1,275.9,  1.2,  3.1, 18.716, 29.29,  0.0,  0.0,  0.082, 164.44,  0.145, 144.55,  0.215, 148.67,  0.093,  77.01,  0.088, 169.58,  0.086, 188.04,  0.041,  65.32,  0.021, 112.83,  0.075, 268.47,  0.098, 137.88,  0.043, 260.54,  0.092, 239.25,  0.085, 134.05,  0.093, 106.88,  0.045, 131.42,  0.054, 132.77,-99.000, -99.00,-99.000, -99.00,-99.000, -99.00,-99.000, -99.00,
9/9/2006 15:05:00, 11.1,275.9,  1.2,  3.1, 18.707, 29.30,  0.0,  0.0,  0.128, 152.03,  0.110, 173.20,  0.086, 162.41,  0.178, 121.46,  0.081, 136.49,  0.033, 125.13,  0.028, 242.53,  0.094,  81.44,  0.070,  95.71,  0.139, 132.38,  0.042,  95.44,  0.035, 143.13,  0.015, 137.73,  0.078, 140.19,  0.098, 161.57,  0.054, 158.20,-99.000, -99.00,-99.000, -99.00,-99.000, -99.00,-99.000, -99.00,
9/9/2006 15:10:00, 11.1,275.9,  1.2,  3.1, 18.710, 29.30,  0.0,  0.0,  0.181, 139.26,  0.083,  99.69,  0.097, 121.57,  0.065, 141.89,  0.101, 116.57,  0.051, 127.09,  0.092, 123.00,  0.053,  80.18,  0.107, 124.29,  0.079, 136.55,  0.095, 119.52,  0.094, 128.09,  0.075, 145.89,  0.086, 134.06,  0.160, 125.87,  0.100, 146.78,-99.000, -99.00,-99.000, -99.00,-99.000, -99.00,-99.000, -99.00,
9/9/2006 15:15:00, 11.1,276.0,  1.2,  3.1, 18.699, 29.30,  0.0,  0.0,  0.088, 129.47,  0.061, 182.82,  0.062, 243.02,  0.070, 197.40,  0.146, 116.39,  0.123, 130.40,  0.064, 180.00,  0.059, 126.10,  0.093, 131.07,  0.034, 169.70,  0.097, 138.76,  0.046, 130.60,  0.096, 108.25,  0.090,  66.30,  0.119, 106.14,  0.138, 103.43,-99.000, -99.00,-99.000, -99.00,-99.000, -99.00,-99.000, -99.00,
9/9/2006 15:20:00, 11.1,275.9,  1.2,  3.1, 18.696, 29.31,  0.0,  0.0,  0.158, 153.76,  0.097, 113.12,  0.040,  81.47,  0.133, 153.24,  0.156, 132.67,  0.157, 155.22,  0.098, 134.17,  0.151, 136.88,  0.171, 138.31,  0.202, 148.99,  0.099, 169.49,  0.118, 147.12,  0.105, 121.72,  0.149, 111.73,  0.204, 133.81,  0.149, 129.56,-99.000, -99.00,-99.000, -99.00,-99.000, -99.00,-99.000, -99.00,
9/9/2006 15:25:00, 11.1,276.0,  1.3,  3.1, 18.683, 29.31,  0.0,  0.0,  0.092, 112.38,  0.122, 129.03,  0.162, 145.33,  0.159, 105.35,  0.048, 114.44,  0.144, 165.96,  0.128, 131.52,  0.137, 143.63,  0.194, 169.62,  0.165, 156.39,  0.115, 163.30,  0.115, 117.90,  0.111, 104.04,  0.169, 127.07,  0.207, 123.00,  0.108, 115.85,-99.000, -99.00,-99.000, -99.00,-99.000, -99.00,-99.000, -99.00,
9/9/2006 15:30:00, 11.1,276.0,  1.2,  3.1, 18.685, 29.32,  0.0,  0.0,  0.175, 126.41,  0.092, 127.49,  0.045, 156.30,  0.142, 163.22,  0.152, 111.17,  0.083, 101.17,  0.070, 122.09,  0.087, 168.04,  0.078, 136.04,  0.086, 138.75,  0.092, 119.90,  0.147, 110.28,  0.215, 131.99,  0.181, 131.19,  0.188, 127.23,  0.113, 120.88,-99.000, -99.00,-99.000, -99.00,-99.000, -99.00,-99.000, -99.00,
9/9/2006 15:35:00, 11.1,275.9,  1.3,  3.1, 18.686, 29.32,  0.0,  0.0,  0.175, 187.21,  0.089, 143.64,  0.178, 140.24,  0.184, 176.27,  0.167, 177.94,  0.055, 152.97,  0.114, 166.33,  0.136, 135.30,  0.184, 153.85,  0.011, 164.74,  0.095, 133.29,  0.070,  90.00,  0.061,  72.76,  0.093, 124.89,  0.098, 105.31,  0.083, 126.18,-99.000, -99.00,-99.000, -99.00,-99.000, -99.00,-99.000, -99.00,
9/9/2006 15:40:00, 11.1,276.0,  1.3,  3.1, 18.683, 29.33,  0.0,  0.0,  0.099, 161.75,  0.061, 100.39,  0.121, 174.81,  0.077, 139.24,  0.066,  93.47,  0.075, 176.95,  0.068, 169.02,  0.138, 173.75,  0.165, 155.30,  0.104, 149.23,  0.067,  73.47,  0.106,  98.13,  0.045, 112.04,  0.070, 122.78,  0.064, 172.87,  0.114, 137.49,-99.000, -99.00,-99.000, -99.00,-99.000, -99.00,-99.000, -99.00,
9/9/2006 15:45:00, 11.1,275.9,  1.2,  3.1, 18.699, 29.33,  0.0,  0.0,  0.070, 187.43,  0.127, 210.19,  0.187, 188.61,  0.088, 140.53,  0.078, 200.30,  0.158, 159.95,  0.089, 148.82,  0.127, 181.80,  0.096, 122.20,  0.103, 114.58,  0.075, 217.94,  0.116, 162.50,  0.129, 136.89,  0.059,  97.85,  0.019, 117.90,  0.038,  65.43,-99.000, -99.00,-99.000, -99.00,-99.000, -99.00,-99.000, -99.00,
9/9/2006 15:50:00, 11.1,276.0,  1.2,  3.1, 18.683, 29.33,  0.0,  0.0,  0.108, 106.75,  0.117, 195.34,  0.062, 197.85,  0.021,  58.57,  0.033, 227.49,  0.142, 132.71,  0.033, 234.87,  0.128, 156.45,  0.084, 129.19,  0.069, 170.81,  0.068, 153.81,  0.118, 126.38,  0.029,  77.91,  0.101,  53.47,  0.054,  42.77,  0.089,  72.38,-99.000, -99.00,-99.000, -99.00,-99.000, -99.00,-99.000, -99.00,
9/9/2006 15:55:00, 11.1,276.0,  1.2,  3.1, 18.685, 29.33,  0.0,  0.0,  0.072, 206.21,  0.070, 161.57,  0.066, 239.18,  0.118, 213.96,  0.025, 313.36,  0.140, 180.41,  0.042, 180.00,  0.090, 131.85,  0.017, 300.96,  0.051, 323.81,  0.033, 208.89,  0.043, 347.91,  0.026,  54.46,  0.071, 319.57,  0.059, 329.53,  0.126, 145.68,-99.000, -99.00,-99.000, -99.00,-99.000, -99.00,-99.000, -99.00,
9/9/2006 16:00:00, 11.1,275.9,  1.2,  3.1, 18.684, 29.33,  0.0,  0.0,  0.040, 355.71,  0.024, 180.00,  0.109, 292.58,  0.083, 217.69,  0.129, 233.22,  0.116, 275.96,  0.078, 223.96,  0.102, 251.03,  0.115, 223.24,  0.110, 201.41,  0.009, 159.44,  0.017, 149.04,  0.045, 196.82,  0.028, 111.04,  0.052, 236.00,  0.020, 348.69,-99.000, -99.00,-99.000, -99.00,-99.000, -99.00,-99.000, -99.00,
9/9/2006 16:05:00, 11.1,276.0,  1.2,  3.1, 18.664, 29.33,  0.0,  0.0,  0.111, 247.14,  0.099, 278.70,  0.089, 264.86,  0.099, 231.97,  0.049, 203.96,  0.091, 276.34,  0.090, 237.72,  0.084, 301.79,  0.068, 301.11,  0.040, 156.61,  0.068, 299.95,  0.105, 313.08,  0.043, 330.42,  0.102, 292.53,  0.112, 272.56,  0.072, 159.54,-99.000, -99.00,-99.000, -99.00,-99.000, -99.00,-99.000, -99.00,
9/9/2006 16:10:00, 11.1,276.1,  1.2,  3.1, 18.670, 29.33,  0.0,  0.0,  0.176, 321.70,  0.166, 287.13,  0.145, 350.08,  0.140, 299.13,  0.110, 256.34,  0.142, 256.16,  0.186, 250.49,  0.184, 270.93,  0.086, 284.20,  0.115, 315.71,  0.009, 173.66,  0.123, 286.07,  0.087, 299.50,  0.069, 333.43,  0.070, 297.30,  0.025, 270.00,-99.000, -99.00,-99.000, -99.00,-99.000, -99.00,-99.000, -99.00,
9/9/2006 16:15:00, 11.1,275.9,  1.2,  3.1, 18.657, 29.33,  0.0,  0.0,  0.109, 315.74,  0.221, 298.65,  0.122, 285.17,  0.098, 315.83,  0.195, 307.93,  0.113, 292.46,  0.176, 284.51,  0.110, 280.49,  0.149, 272.69,  0.112, 299.55,  0.197, 309.02,  0.277, 288.50,  0.159, 335.05,  0.186, 314.78,  0.180, 305.72,  0.051, 240.40,-99.000, -99.00,-99.000, -99.00,-99.000, -99.00,-99.000, -99.00,
9/9/2006 16:20:00, 11.1,276.0,  1.2,  3.1, 18.660, 29.32,  0.0,  0.0,  0.089, 338.32,  0.188, 321.48,  0.171, 301.83,  0.139, 304.72,  0.150, 299.65,  0.128, 315.95,  0.117, 293.07,  0.229, 300.49,  0.156, 311.88,  0.090, 317.25,  0.151, 305.27,  0.220, 311.87,  0.218, 311.09,  0.146, 313.62,  0.159, 309.90,  0.040, 231.12,-99.000, -99.00,-99.000, -99.00,-99.000, -99.00,-99.000, -99.00,
9/9/2006 16:25:00, 11.1,275.9,  1.2,  3.1, 18.646, 29.32,  0.0,  0.0,  0.154, 316.58,  0.208, 294.72,  0.159, 308.88,  0.169, 309.72,  0.147, 321.89,  0.225, 307.23,  0.113, 329.56,  0.170, 299.28,  0.163, 315.00,  0.181, 308.51,  0.092, 342.94,  0.145, 291.07,  0.167, 308.93,  0.182, 299.67,  0.145, 299.21,  0.015,   0.00,-99.000, -99.00,-99.000, -99.00,-99.000, -99.00,-99.000, -99.00,
9/9/2006 16:30:00, 11.1,275.9,  1.2,  3.1, 18.663, 29.32,  0.0,  0.0,  0.172,   0.00,  0.194, 335.68,  0.240, 348.46,  0.195, 323.78,  0.171, 322.86,  0.264, 309.47,  0.202, 295.17,  0.148, 338.13,  0.162, 308.49,  0.209, 301.10,  0.141, 315.86,  0.105, 308.40,  0.110, 313.15,  0.177, 319.82,  0.227, 328.34,  0.104, 357.25,-99.000, -99.00,-99.000, -99.00,-99.000, -99.00,-99.000, -99.00,
9/9/2006 16:35:00, 11.1,276.0,  1.2,  3.1, 18.664, 29.32,  0.0,  0.0,  0.108,  33.69,  0.123, 300.32,  0.223, 337.34,  0.146,   3.92,  0.172, 317.12,  0.151, 320.92,  0.183, 318.11,  0.176, 337.96,  0.167, 338.20,  0.196, 329.64,  0.132, 335.38,  0.219, 337.76,  0.249, 318.42,  0.180, 324.02,  0.144, 311.34,  0.145,  29.40,-99.000, -99.00,-99.000, -99.00,-99.000, -99.00,-99.000, -99.00,
9/9/2006 16:40:00, 11.1,276.0,  1.2,  3.1, 18.666, 29.32,  0.0,  0.0,  0.118, 338.02,  0.139, 324.94,  0.161, 343.37,  0.092, 298.51,  0.124, 299.46,  0.216, 325.94,  0.118, 337.12,  0.158, 315.00,  0.102, 356.63,  0.174, 338.44,  0.122, 309.03,  0.183, 305.68,  0.104, 327.53,  0.227, 344.68,  0.114, 345.84,  0.116,  20.79,-99.000, -99.00,-99.000, -99.00,-99.000, -99.00,-99.000, -99.00,
9/9/2006 16:45:00, 11.1,275.9,  1.2,  3.1, 18.661, 29.32,  0.0,  0.0,  0.100, 353.09,  0.152, 336.80,  0.136, 347.70,  0.105,   0.55,  0.173, 329.89,  0.128, 332.03,  0.184, 333.16,  0.124, 333.23,  0.180, 343.57,  0.173, 336.10,  0.150, 346.52,  0.093, 355.08,  0.132, 301.64,  0.216, 306.34,  0.179, 317.94,  0.091,  14.65,-99.000, -99.00,-99.000, -99.00,-99.000, -99.00,-99.000, -99.00,
9/9/2006 16:50:00, 11.1,275.9,  1.2,  3.1, 18.668, 29.32,  0.0,  0.0,  0.124, 323.50,  0.204, 334.44,  0.126, 340.56,  0.191, 322.23,  0.182, 308.32,  0.129, 334.82,  0.142, 321.59,  0.173, 311.72,  0.236, 309.15,  0.141, 328.90,  0.178, 325.33,  0.130, 337.79,  0.135, 334.96,  0.151, 321.46,  0.116, 315.70,  0.106,  27.53,-99.000, -99.00,-99.000, -99.00,-99.000, -99.00,-99.000, -99.00,
9/9/2006 16:55:00, 11.1,275.9,  1.2,  3.1, 18.668, 29.32,  0.0,  0.0,  0.142,  32.01,  0.200, 340.38,  0.169, 346.29,  0.151, 315.00,  0.128, 345.96,  0.128, 345.96,  0.124, 310.10,  0.181, 317.68,  0.206, 330.95,  0.141, 340.92,  0.161, 319.28,  0.217, 317.80,  0.213, 321.47,  0.219, 327.11,  0.196, 331.09,  0.215, 356.27,-99.000, -99.00,-99.000, -99.00,-99.000, -99.00,-99.000, -99.00,
9/9/2006 17:00:00, 11.1,276.0,  1.2,  3.1, 18.673, 29.32,  0.0,  0.0,  0.121, 282.89,  0.192, 334.37,  0.144, 314.72,  0.124,   0.46,  0.128, 338.87,  0.079, 358.55,  0.164, 336.25,  0.158, 333.76,  0.225, 313.20,  0.181, 334.43,  0.140, 301.31,  0.185, 313.03,  0.202, 325.29,  0.187, 310.24,  0.163, 304.27,  0.121,  15.88,-99.000, -99.00,-99.000, -99.00,-99.000, -99.00,-99.000, -99.00,
9/9/2006 17:05:00, 11.1,275.9,  1.2,  3.1, 18.684, 29.32,  0.0,  0.0,  0.088,  34.78,  0.106, 340.71,  0.167,  10.03,  0.150, 344.95,  0.148, 336.04,  0.180, 328.87,  0.215, 307.24,  0.178, 312.73,  0.133, 307.04,  0.151, 320.92,  0.207, 301.39,  0.131, 282.77,  0.164, 292.65,  0.103, 324.46,  0.055, 310.60,  0.125,  38.52,-99.000, -99.00,-99.000, -99.00,-99.000, -99.00,-99.000, -99.00,
9/9/2006 17:10:00, 11.1,276.0,  1.2,  3.1, 18.682, 29.32,  0.0,  0.0,  0.109, 333.20,  0.185, 344.99,  0.172, 323.73,  0.095, 310.73,  0.141, 344.00,  0.137, 342.10,  0.248, 325.03,  0.144, 295.50,  0.118, 324.69,  0.139, 309.75,  0.165, 306.87,  0.110, 312.80,  0.148, 301.43,  0.140, 333.62,  0.177, 315.46,  0.202,  17.90,-99.000, -99.00,-99.000, -99.00,-99.000, -99.00,-99.000, -99.00,
9/9/2006 17:15:00, 11.1,276.0,  1.2,  3.1, 18.685, 29.32,  0.0,  0.0,  0.134,   4.27,  0.186, 316.96,  0.147, 335.88,  0.063, 294.52,  0.084, 313.56,  0.113, 265.45,  0.043,  37.41,  0.115,   7.50,  0.129, 348.34,  0.169, 304.63,  0.126, 310.50,  0.091,   8.22,  0.136, 336.64,  0.170, 322.18,  0.106, 311.95,  0.020,  49.09,-99.000, -99.00,-99.000, -99.00,-99.000, -99.00,-99.000, -99.00,
9/9/2006 17:20:00, 11.1,276.0,  1.2,  3.1, 18.678, 29.32,  0.0,  0.0,  0.117,  10.35,  0.111, 310.27,  0.097, 339.51,  0.098, 284.74,  0.134, 317.73,  0.062, 295.74,  0.121, 315.34,  0.115, 294.57,  0.122, 322.66,  0.197, 310.25,  0.202, 306.53,  0.204, 306.42,  0.255, 329.81,  0.305, 350.57,  0.216, 316.31,  0.081,  20.22,-99.000, -99.00,-99.000, -99.00,-99.000, -99.00,-99.000, -99.00,
9/9/2006 17:25:00, 11.1,276.0,  1.2,  3.1, 18.691, 29.31,  0.0,  0.0,  0.010, 323.13,  0.155,   0.37,  0.111, 337.14,  0.123,   8.39,  0.119,  31.29,  0.034,   1.68,  0.147, 341.81,  0.119,   8.20,  0.108, 328.22,  0.063, 337.52,  0.071, 217.03,  0.094, 288.05,  0.135, 318.89,  0.082, 297.50,  0.149, 288.43,  0.033, 317.49,-99.000, -99.00,-99.000, -99.00,-99.000, -99.00,-99.000, -99.00,
9/9/2006 17:30:00, 11.1,275.9,  1.2,  3.1, 18.691, 29.31,  0.0,  0.0,  0.071, 299.45,  0.058, 322.73,  0.046, 330.10,  0.138, 349.99,  0.134, 331.53,  0.122,   7.07,  0.091,  45.44,  0.105, 327.82,  0.104, 352.81,  0.132, 295.20,  0.135, 301.33,  0.049, 259.38,  0.058, 352.01,  0.114, 317.49,  0.108, 308.25,  0.071,  66.70,-99.000, -99.00,-99.000, -99.00,-99.000, -99.00,-99.000, -99.00,
9/9/2006 17:35:00, 11.1,276.0,  1.2,  3.0, 18.693, 29.31,  0.0,  0.0,  0.136, 325.49,  0.041, 341.57,  0.075, 296.91,  0.135, 328.89,  0.084, 319.33,  0.088, 302.97,  0.105,   1.64,  0.061,  87.18,  0.050, 354.29,  0.086, 347.91,  0.069, 328.61,  0.086, 323.00,  0.150, 322.06,  0.139,   9.12,  0.074, 284.78,  0.024,  51.71,-99.000, -99.00,-99.000, -99.00,-99.000, -99.00,-99.000, -99.00,
9/9/2006 17:40:00, 11.1,276.0,  1.2,  3.1, 18.700, 29.31,  0.0,  0.0,  0.136, 320.95,  0.109,   9.46,  0.055, 317.94,  0.057, 354.99,  0.090, 330.02,  0.044,  35.84,  0.144, 337.17,  0.132, 332.46,  0.040,  28.50,  0.102, 298.57,  0.062, 313.70,  0.080, 299.12,  0.080, 308.44,  0.080, 303.29,  0.089, 268.71,  0.106,  14.17,-99.000, -99.00,-99.000, -99.00,-99.000, -99.00,-99.000, -99.00,
9/9/2006 17:45:00, 11.1,276.0,  1.2,  3.1, 18.726, 29.31,  0.0,  0.0,  0.051,   0.00,  0.058,  59.04,  0.089, 336.04,  0.080, 352.07,  0.134,   2.56,  0.099, 343.02,  0.064, 358.21,  0.073, 330.26,  0.077, 303.90,  0.048, 313.32,  0.041, 308.00,  0.077, 289.60,  0.065, 289.83,  0.071, 319.57,  0.084, 286.50,  0.053, 356.76,-99.000, -99.00,-99.000, -99.00,-99.000, -99.00,-99.000, -99.00,
9/9/2006 17:50:00, 11.1,275.8,  1.2,  3.1, 18.718, 29.30,  0.0,  0.0,  0.081, 299.74,  0.126, 343.87,  0.151, 315.27,  0.103, 315.78,  0.133, 311.96,  0.113, 286.50,  0.080, 285.95,  0.142, 300.55,  0.077, 254.16,  0.042, 288.00,  0.120, 315.34,  0.129, 305.54,  0.096, 324.32,  0.080, 307.87,  0.056, 345.47,  0.120,  23.14,-99.000, -99.00,-99.000, -99.00,-99.000, -99.00,-99.000, -99.00,
9/9/2006 17:55:00, 11.1,275.9,  1.2,  3.0, 18.732, 29.30,  0.0,  0.0,  0.070, 301.66,  0.069, 319.13,  0.082, 316.97,  0.185, 311.71,  0.128, 335.63,  0.135, 328.89,  0.097, 328.93,  0.110, 320.53,  0.168, 331.91,  0.214, 315.38,  0.138, 309.70,  0.077, 282.04,  0.122, 294.25,  0.098, 336.57,  0.029, 292.17,  0.143,   0.00,-99.000, -99.00,-99.000, -99.00,-99.000, -99.00,-99.000, -99.00,
9/9/2006 18:00:00, 11.1,275.9,  1.2,  3.0, 18.720, 29.29,  0.0,  0.0,  0.080, 329.90,  0.134, 345.76,  0.116, 338.75,  0.065, 299.31,  0.126, 306.60,  0.095, 299.82,  0.035, 270.00,  0.030, 270.00,  0.027,   2.12,  0.071, 288.95,  0.070, 306.87,  0.105, 302.18,  0.066, 353.95,  0.084, 331.61,  0.113, 310.71,  0.076, 312.88,-99.000, -99.00,-99.000, -99.00,-99.000, -99.00,-99.000, -99.00,
9/9/2006 18:05:00, 11.1,275.9,  1.1,  3.1, 18.739, 29.29,  0.0,  0.0,  0.099,  14.04,  0.103, 348.80,  0.085,  37.82,  0.158,  12.80,  0.156, 357.06,  0.091, 333.15,  0.202, 309.37,  0.151, 319.56,  0.054, 314.26,  0.131, 330.31,  0.135, 332.10,  0.150, 312.84,  0.162, 288.77,  0.088, 315.00,  0.178, 290.67,  0.094, 289.20,-99.000, -99.00,-99.000, -99.00,-99.000, -99.00,-99.000, -99.00,
9/9/2006 18:10:00, 11.1,275.8,  1.2,  3.0, 18.742, 29.29,  0.0,  0.0,  0.090, 290.85,  0.127, 320.77,  0.204,   1.68,  0.099, 298.38,  0.028, 307.69,  0.153, 331.09,  0.137, 283.12,  0.144, 265.20,  0.077, 208.55,  0.073, 275.48,  0.172, 326.86,  0.112, 315.00,  0.134, 303.45,  0.144, 313.32,  0.047, 318.47,  0.110, 345.84,-99.000, -99.00,-99.000, -99.00,-99.000, -99.00,-99.000, -99.00,
9/9/2006 18:15:00, 11.1,275.9,  1.1,  3.1, 18.735, 29.29,  0.0,  0.0,  0.098, 315.83,  0.133, 336.91,  0.102,   4.48,  0.085, 314.05,  0.159, 308.60,  0.172, 297.01,  0.206, 310.27,  0.111, 266.39,  0.236, 292.43,  0.225, 291.66,  0.174, 294.50,  0.055, 294.70,  0.116, 330.13,  0.176, 311.55,  0.119, 323.51,  0.115,   1.99,-99.000, -99.00,-99.000, -99.00,-99.000, -99.00,-99.000, -99.00,
9/9/2006 18:20:00, 11.1,275.9,  1.2,  3.0, 18.754, 29.29,  0.0,  0.0,  0.026, 324.46,  0.149,   1.15,  0.087,  25.10,  0.084, 305.78,  0.166, 307.42,  0.196, 313.14,  0.186, 312.60,  0.148, 308.42,  0.104, 287.91,  0.101, 270.00,  0.150, 281.16,  0.124, 288.29,  0.101, 300.87,  0.146, 310.01,  0.122, 303.30,  0.062, 309.09,-99.000, -99.00,-99.000, -99.00,-99.000, -99.00,-99.000, -99.00,
9/9/2006 18:25:00, 11.1,275.9,  1.1,  3.1, 18.764, 29.29,  0.0,  0.0,  0.059,  44.31,  0.068, 347.20,  0.153, 323.50,  0.130, 301.12,  0.089, 248.32,  0.070, 280.67,  0.195, 253.61,  0.086, 315.47,  0.145, 276.73,  0.156, 300.34,  0.098, 310.03,  0.098, 338.42,  0.166, 320.86,  0.084, 299.91,  0.036, 279.73,  0.119, 358.07,-99.000, -99.00,-99.000, -99.00,-99.000, -99.00,-99.000, -99.00,
9/9/2006 18:30:00, 11.1,275.9,  1.1,  3.0, 18.769, 29.29,  0.0,  0.0,  0.177, 320.73,  0.074, 307.33,  0.076, 317.68,  0.060, 174.29,  0.036, 322.82,  0.128, 292.55,  0.045, 315.91,  0.141, 289.84,  0.180, 302.28,  0.102, 295.56,  0.114, 277.56,  0.084, 279.57,  0.165, 290.96,  0.100, 322.33,  0.051, 296.57,  0.117, 341.57,-99.000, -99.00,-99.000, -99.00,-99.000, -99.00,-99.000, -99.00,
9/9/2006 18:35:00, 11.1,275.9,  1.1,  3.1, 18.774, 29.29,  0.0,  0.0,  0.196, 343.41,  0.128, 353.26,  0.075, 336.50,  0.096, 336.64,  0.089, 338.32,  0.188, 329.35,  0.132, 285.41,  0.104, 286.17,  0.149, 313.10,  0.087, 285.95,  0.106, 278.13,  0.100, 334.46,  0.117, 315.69,  0.107, 293.69,  0.100, 289.89,  0.059, 333.00,-99.000, -99.00,-99.000, -99.00,-99.000, -99.00,-99.000, -99.00,
9/9/2006 18:40:00, 11.1,275.9,  1.1,  3.0, 18.789, 29.30,  0.0,  0.0,  0.065, 317.49,  0.047, 323.62,  0.030, 346.43,  0.061, 301.61,  0.081,  17.99,  0.115, 305.48,  0.092, 307.49,  0.194, 327.87,  0.122, 304.99,  0.172, 302.68,  0.130, 321.55,  0.034, 334.18,  0.035, 312.71,  0.105, 333.92,  0.076,   0.00,  0.090,   5.08,-99.000, -99.00,-99.000, -99.00,-99.000, -99.00,-99.000, -99.00,
9/9/2006 18:45:00, 11.1,275.9,  1.1,  3.0, 18.786, 29.30,  0.0,  0.0,  0.085, 335.83,  0.115, 324.93,  0.131, 344.48,  0.069, 348.37,  0.090, 340.56,  0.057, 338.39,  0.103, 283.50,  0.130, 291.23,  0.105, 269.45,  0.111, 308.42,  0.092, 315.88,  0.043, 217.41,  0.117, 263.61,  0.091, 320.36,  0.055, 343.20,  0.083, 332.82,-99.000, -99.00,-99.000, -99.00,-99.000, -99.00,-99.000, -99.00,
9/9/2006 18:50:00, 11.1,275.9,  1.1,  3.0, 18.801, 29.30,  0.0,  0.0,  0.090,  12.80,  0.129, 318.14,  0.154, 311.05,  0.039, 158.75,  0.000,   0.00,  0.087, 317.33,  0.062, 303.18,  0.196, 292.51,  0.142, 293.68,  0.072, 253.07,  0.078, 358.53,  0.115, 326.03,  0.129, 324.46,  0.145, 328.50,  0.044, 328.13,  0.045, 130.46,-99.000, -99.00,-99.000, -99.00,-99.000, -99.00,-99.000, -99.00,
9/9/2006 18:55:00, 11.1,275.9,  1.1,  3.0, 18.798, 29.30,  0.0,  0.0,  0.166, 305.70,  0.078, 334.09,  0.064,   4.47,  0.114, 334.11,  0.110,   8.86,  0.107, 348.69,  0.077, 284.22,  0.113, 268.99,  0.068, 260.68,  0.118, 258.79,  0.131, 294.41,  0.131, 352.55,  0.084, 346.95,  0.047,  80.13,  0.157, 277.67,  0.056,  15.52,-99.000, -99.00,-99.000, -99.00,-99.000, -99.00,-99.000, -99.00,
9/9/2006 19:00:00, 11.1,275.8,  1.1,  3.0, 18.809, 29.30,  0.0,  0.0,  0.039, 286.56,  0.059, 299.62,  0.054, 338.20,  0.112,  23.13,  0.038, 351.03,  0.102,   3.37,  0.027, 182.12,  0.025, 238.24,  0.018, 206.57,  0.053, 298.01,  0.061, 276.55,  0.052, 278.91,  0.101, 294.54,  0.082, 300.61,  0.046, 184.97,  0.049,  19.18,-99.000, -99.00,-99.000, -99.00,-99.000, -99.00,-99.000, -99.00,
9/9/2006 19:05:00, 11.1,275.9,  1.2,  3.0, 18.808, 29.31,  0.0,  0.0,  0.143, 310.47,  0.122, 301.61,  0.126, 343.87,  0.141, 270.00,  0.104, 359.45,  0.103,   6.16,  0.071, 355.97,  0.025, 286.26,  0.082, 357.90,  0.072, 351.98,  0.102, 255.28,  0.072, 279.59,  0.043, 298.93,  0.021, 295.35,  0.032, 294.15,  0.085,  19.93,-99.000, -99.00,-99.000, -99.00,-99.000, -99.00,-99.000, -99.00,
9/9/2006 19:10:00, 11.1,275.9,  1.1,  3.0, 18.810, 29.31,  0.0,  0.0,  0.106, 343.61,  0.023, 149.04,  0.128, 133.42,  0.074, 157.62,  0.157,  91.46,  0.100,  62.67,  0.072, 123.69,  0.063,  77.07,  0.050,   0.00,  0.090, 128.26,  0.022, 272.60,  0.036,   6.34,  0.102,  19.50,  0.071,  62.35,  0.016, 225.00,  0.056,  60.26,-99.000, -99.00,-99.000, -99.00,-99.000, -99.00,-99.000, -99.00,
9/9/2006 19:15:00, 11.1,275.8,  1.1,  3.0, 18.824, 29.31,  0.0,  0.0,  0.042, 305.22,  0.026, 351.25,  0.184,  78.38,  0.151,  96.47,  0.155,  82.97,  0.132,  99.61,  0.047,  62.35,  0.032,  61.82,  0.104, 300.49,  0.042,   9.69,  0.085, 251.57,  0.061, 206.15,  0.088, 261.50,  0.038, 256.33,  0.023, 225.00,  0.087,  80.75,-99.000, -99.00,-99.000, -99.00,-99.000, -99.00,-99.000, -99.00,
9/9/2006 19:20:00, 11.1,276.0,  1.1,  3.0, 18.829, 29.31,  0.0,  0.0,  0.040,  75.62,  0.051, 303.07,  0.065,  19.83,  0.038,  64.80,  0.084, 102.38,  0.044,   6.48,  0.091, 169.19,  0.054,  90.00,  0.103, 180.00,  0.033, 152.65,  0.014,  33.69,  0.044, 268.70,  0.081, 227.49,  0.075, 279.96,  0.044, 208.30,  0.083, 252.44,-99.000, -99.00,-99.000, -99.00,-99.000, -99.00,-99.000, -99.00,
9/9/2006 19:25:00, 11.1,275.9,  1.1,  3.0, 18.831, 29.31,  0.0,  0.0,  0.034, 300.38,  0.009, 339.44,  0.081,   1.41,  0.056,   3.07,  0.046, 348.69,  0.031,  93.69,  0.044,  50.53,  0.040, 304.88,  0.040, 159.78,  0.025,  78.23,  0.068, 148.17,  0.027, 301.33,  0.064, 354.64,  0.153,  38.89,  0.054, 343.91,  0.023, 350.13,-99.000, -99.00,-99.000, -99.00,-99.000, -99.00,-99.000, -99.00,
9/9/2006 19:30:00, 11.1,275.9,  1.1,  3.0, 18.859, 29.31,  0.0,  0.0,  0.020, 315.00,  0.038,  61.39,  0.046,  90.00,  0.084, 330.68,  0.039, 217.75,  0.047, 150.71,  0.110, 191.00,  0.076, 263.16,  0.004, 165.96,  0.104, 160.87,  0.084, 230.81,  0.054, 267.88,  0.034, 299.54,  0.018, 282.53,  0.083, 254.62,  0.074, 264.60,-99.000, -99.00,-99.000, -99.00,-99.000, -99.00,-99.000, -99.00,
9/9/2006 19:35:00, 11.1,275.9,  1.1,  3.0, 18.865, 29.31,  0.0,  0.0,  0.021, 322.59,  0.023, 300.96,  0.087, 309.38,  0.018, 343.61,  0.080,   6.50,  0.033,  83.09,  0.086, 317.37,  0.078,  29.84,  0.141, 306.95,  0.086, 302.22,  0.035,  27.30,  0.035, 145.41,  0.052, 161.92,  0.058, 188.97,  0.019, 141.34,  0.085, 310.24,-99.000, -99.00,-99.000, -99.00,-99.000, -99.00,-99.000, -99.00,
9/9/2006 19:40:00, 11.1,275.9,  1.1,  3.0, 18.881, 29.32,  0.0,  0.0,  0.050, 358.85,  0.072, 334.50,  0.080, 286.63,  0.096, 290.14,  0.126, 256.18,  0.078, 335.74,  0.109, 315.74,  0.112, 322.62,  0.136, 283.22,  0.105, 337.59,  0.029, 321.95,  0.075, 294.51,  0.094, 271.22,  0.051, 193.50,  0.075, 270.00,  0.050,  25.02,-99.000, -99.00,-99.000, -99.00,-99.000, -99.00,-99.000, -99.00,
9/9/2006 19:45:00, 11.1,275.9,  1.1,  3.0, 18.884, 29.32,  0.0,  0.0,  0.139, 335.28,  0.092, 315.00,  0.016, 111.80,  0.040, 342.47,  0.057, 267.99,  0.049, 238.24,  0.076, 297.58,  0.164, 312.04,  0.138, 279.60,  0.116, 304.10,  0.100, 306.87,  0.040, 113.39,  0.009, 180.00,  0.013,  12.99,  0.047, 318.47,  0.038, 125.36,-99.000, -99.00,-99.000, -99.00,-99.000, -99.00,-99.000, -99.00,
9/9/2006 19:50:00, 11.1,275.9,  1.2,  3.0, 18.894, 29.32,  0.0,  0.0,  0.042, 225.97,  0.055, 104.80,  0.040, 357.14,  0.134,  28.10,  0.055, 352.75,  0.027, 173.66,  0.066,  69.65,  0.027, 303.11,  0.055, 347.47,  0.095, 307.72,  0.100, 267.71,  0.186, 281.19,  0.113, 289.08,  0.117,   0.98,  0.037, 332.74,  0.033, 302.74,-99.000, -99.00,-99.000, -99.00,-99.000, -99.00,-99.000, -99.00,
9/9/2006 19:55:00, 11.1,275.9,  1.1,  3.0, 18.897, 29.32,  0.0,  0.0,  0.083, 296.57,  0.093, 347.01,  0.023, 239.04,  0.032,  41.19,  0.024, 337.75,  0.046, 261.16,  0.126, 265.01,  0.130, 276.19,  0.144, 333.97,  0.078, 278.13,  0.167, 288.11,  0.158, 316.28,  0.115, 328.10,  0.122, 313.67,  0.074, 259.14,  0.093, 270.62,-99.000, -99.00,-99.000, -99.00,-99.000, -99.00,-99.000, -99.00,
9/9/2006 20:00:00, 11.1,275.9,  1.1,  3.0, 18.894, 29.32,  0.0,  0.0,  0.125,  32.93,  0.029, 159.68,  0.119, 302.62,  0.103, 293.57,  0.096, 340.43,  0.050, 312.58,  0.106, 257.41,  0.129, 336.80,  0.202, 307.95,  0.181, 326.92,  0.106, 301.15,  0.109, 274.72,  0.156, 286.00,  0.101, 341.57,  0.112, 315.73,  0.036, 308.16,-99.000, -99.00,-99.000, -99.00,-99.000, -99.00,-99.000, -99.00,
9/9/2006 20:05:00, 11.1,275.9,  1.1,  3.0, 18.893, 29.32,  0.0,  0.0,  0.107, 273.21,  0.028,  27.47,  0.096, 325.15,  0.188, 296.57,  0.110, 354.24,  0.155, 288.79,  0.091, 301.07,  0.198, 302.40,  0.216, 310.49,  0.208, 310.90,  0.115, 297.46,  0.115, 307.57,  0.149, 332.92,  0.176,  12.78,  0.059, 355.16,  0.051, 266.63,-99.000, -99.00,-99.000, -99.00,-99.000, -99.00,-99.000, -99.00,
9/9/2006 20:10:00, 11.1,275.9,  1.1,  3.0, 18.910, 29.32,  0.0,  0.0,  0.092, 337.05,  0.093, 307.98,  0.089, 270.00,  0.092, 281.92,  0.069, 354.21,  0.135, 308.06,  0.045,   9.04,  0.116, 292.35,  0.151, 282.65,  0.131, 297.35,  0.134, 299.43,  0.190, 314.79,  0.161, 301.82,  0.060, 298.69,  0.103, 318.55,  0.064, 334.23,-99.000, -99.00,-99.000, -99.00,-99.000, -99.00,-99.000, -99.00,
9/9/2006 20:15:00, 11.1,276.0,  1.1,  3.0, 18.903, 29.32,  0.0,  0.0,  0.042, 344.98,  0.115, 347.42,  0.064, 320.08,  0.064, 352.87,  0.062, 327.60,  0.120, 315.34,  0.144, 257.12,  0.078, 351.14,  0.105, 341.05,  0.049, 322.43,  0.144, 264.41,  0.080, 313.48,  0.154, 334.27,  0.080,  71.11,  0.038, 228.24,  0.008, 129.81,-99.000, -99.00,-99.000, -99.00,-99.000, -99.00,-99.000, -99.00,
9/9/2006 20:20:00, 11.1,275.9,  1.1,  3.0, 18.922, 29.32,  0.0,  0.0,  0.075,  73.01,  0.106, 271.62,  0.119, 280.18,  0.197, 333.43,  0.085, 334.94,  0.133, 353.95,  0.040, 331.50,  0.199, 270.00,  0.265, 290.28,  0.186, 286.20,  0.139, 304.15,  0.149, 323.21,  0.044, 342.80,  0.023, 221.42,  0.098, 276.47,  0.020, 300.47,-99.000, -99.00,-99.000, -99.00,-99.000, -99.00,-99.000, -99.00,
9/9/2006 20:25:00, 11.1,275.9,  1.1,  3.0, 18.931, 29.32,  0.0,  0.0,  0.038, 330.07,  0.083, 328.80,  0.066,   7.88,  0.023, 279.87,  0.059,  33.96,  0.152, 304.84,  0.181, 301.23,  0.053, 184.32,  0.163, 318.98,  0.125, 319.55,  0.114, 323.94,  0.100, 301.46,  0.143, 299.25,  0.133, 311.96,  0.149, 320.98,  0.049, 278.30,-99.000, -99.00,-99.000, -99.00,-99.000, -99.00,-99.000, -99.00,
9/9/2006 20:30:00, 11.1,276.0,  1.1,  3.0, 18.939, 29.32,  0.0,  0.0,  0.016,  39.81,  0.072, 308.78,  0.106, 273.78,  0.136, 350.26,  0.172, 324.00,  0.181, 307.38,  0.177, 320.28,  0.127, 315.00,  0.115, 320.64,  0.180, 295.00,  0.156, 323.86,  0.094, 336.72,  0.148, 302.62,  0.085, 301.08,  0.027, 272.12,  0.044,  93.90,-99.000, -99.00,-99.000, -99.00,-99.000, -99.00,-99.000, -99.00,
9/9/2006 20:35:00, 11.1,275.9,  1.2,  3.0, 18.939, 29.32,  0.0,  0.0,  0.127, 332.22,  0.189, 345.89,  0.123,  16.07,  0.232, 325.90,  0.133, 311.02,  0.074, 324.37,  0.194, 290.49,  0.194, 298.02,  0.192, 320.27,  0.164, 291.41,  0.139, 265.48,  0.132, 308.52,  0.094, 353.25,  0.106, 301.89,  0.120, 305.54,  0.114, 329.38,-99.000, -99.00,-99.000, -99.00,-99.000, -99.00,-99.000, -99.00,
9/9/2006 20:40:00, 11.1,275.8,  1.1,  3.0, 18.956, 29.32,  0.0,  0.0,  0.103, 313.81,  0.109, 272.63,  0.155, 278.18,  0.057, 259.88,  0.065, 295.39,  0.142, 341.05,  0.093, 302.66,  0.111, 284.04,  0.164, 266.16,  0.056, 300.26,  0.182, 275.05,  0.170, 291.43,  0.086, 315.00,  0.101, 309.37,  0.039, 274.40,  0.046, 297.12,-99.000, -99.00,-99.000, -99.00,-99.000, -99.00,-99.000, -99.00,
9/9/2006 20:45:00, 11.1,275.9,  1.1,  3.0, 18.961, 29.32,  0.0,  0.0,  0.116, 315.70,  0.140, 297.66,  0.058, 276.88,  0.104, 271.10,  0.136, 305.10,  0.098, 267.08,  0.114, 266.99,  0.045, 325.95,  0.082, 289.32,  0.110, 309.47,  0.058, 303.69,  0.077, 333.77,  0.150, 316.08,  0.185, 312.59,  0.094, 274.86,  0.085, 260.54,-99.000, -99.00,-99.000, -99.00,-99.000, -99.00,-99.000, -99.00,
9/9/2006 20:50:00, 11.1,275.8,  1.1,  3.0, 18.969, 29.32,  0.0,  0.0,  0.090, 353.59,  0.107, 293.69,  0.104, 328.75,  0.200, 300.91,  0.194, 301.07,  0.086, 310.75,  0.232, 278.16,  0.193, 281.95,  0.247, 279.08,  0.076, 280.57,  0.127, 302.44,  0.196, 299.31,  0.122, 282.78,  0.107, 300.41,  0.053, 270.00,  0.049, 340.82,-99.000, -99.00,-99.000, -99.00,-99.000, -99.00,-99.000, -99.00,
9/9/2006 20:55:00, 11.1,275.9,  1.1,  3.0, 18.964, 29.32,  0.0,  0.0,  0.138, 278.78,  0.118,   3.88,  0.143, 316.70,  0.103, 292.83,  0.120, 333.86,  0.122, 316.33,  0.188, 286.03,  0.231, 287.65,  0.190, 291.58,  0.230, 283.07,  0.154, 276.71,  0.125, 267.71,  0.147, 308.66,  0.130, 297.94,  0.097, 276.54,  0.061, 222.34,-99.000, -99.00,-99.000, -99.00,-99.000, -99.00,-99.000, -99.00,
9/9/2006 21:00:00, 11.1,275.9,  1.1,  3.0, 18.974, 29.32,  0.0,  0.0,  0.166, 323.06,  0.073, 319.99,  0.110, 319.06,  0.078, 330.16,  0.118, 328.87,  0.150, 289.04,  0.211, 303.01,  0.143, 295.31,  0.154, 288.55,  0.103, 270.00,  0.084, 251.35,  0.076, 249.89,  0.133, 282.58,  0.102, 266.63,  0.080, 277.21,  0.052, 300.02,-99.000, -99.00,-99.000, -99.00,-99.000, -99.00,-99.000, -99.00,
9/9/2006 21:05:00, 11.1,276.0,  1.1,  3.0, 18.974, 29.32,  0.0,  0.0,  0.139, 285.04,  0.218, 303.98,  0.208, 287.04,  0.168, 300.08,  0.147, 335.88,  0.163, 263.31,  0.132, 266.53,  0.288, 286.55,  0.176, 285.14,  0.271, 270.42,  0.147, 273.89,  0.089, 281.69,  0.128, 278.51,  0.131, 276.15,  0.148, 267.68,  0.110, 268.96,-99.000, -99.00,-99.000, -99.00,-99.000, -99.00,-99.000, -99.00,
9/9/2006 21:10:00, 11.1,275.9,  1.1,  3.0, 18.965, 29.32,  0.0,  0.0,  0.057, 312.88,  0.220, 316.66,  0.177, 319.12,  0.140, 310.38,  0.187, 291.35,  0.140, 313.26,  0.169, 263.21,  0.190, 292.92,  0.217, 283.33,  0.250, 268.40,  0.228, 290.03,  0.196, 299.31,  0.197, 299.42,  0.121, 323.41,  0.100, 309.73,  0.065, 266.48,-99.000, -99.00,-99.000, -99.00,-99.000, -99.00,-99.000, -99.00,
9/9/2006 21:15:00, 11.1,275.9,  1.1,  3.0, 18.974, 29.32,  0.0,  0.0,  0.248, 316.14,  0.127, 330.20,  0.181, 328.77,  0.198, 324.87,  0.221, 314.63,  0.152, 304.53,  0.255, 285.24,  0.247, 270.46,  0.323, 280.34,  0.172, 285.49,  0.135, 292.20,  0.273, 295.81,  0.164, 320.19,  0.160, 305.87,  0.099, 278.13,  0.111, 239.74,-99.000, -99.00,-99.000, -99.00,-99.000, -99.00,-99.000, -99.00,
9/9/2006 21:20:00, 11.1,275.9,  1.1,  3.0, 18.979, 29.32,  0.0,  0.0,  0.118, 316.03,  0.164, 333.59,  0.216, 323.29,  0.161, 296.88,  0.217, 292.78,  0.211, 289.64,  0.163, 293.11,  0.243, 282.84,  0.240, 296.99,  0.170, 307.34,  0.207, 301.39,  0.161, 303.59,  0.109, 302.23,  0.058, 336.54,  0.171, 306.94,  0.110, 283.66,-99.000, -99.00,-99.000, -99.00,-99.000, -99.00,-99.000, -99.00,
9/9/2006 21:25:00, 11.1,275.9,  1.1,  3.1, 18.981, 29.32,  0.0,  0.0,  0.207, 340.25,  0.124, 350.23,  0.131, 310.98,  0.319, 310.17,  0.195, 312.92,  0.111, 322.72,  0.178, 275.81,  0.207, 273.59,  0.243, 278.76,  0.239, 263.77,  0.109, 287.10,  0.231, 297.90,  0.156, 317.33,  0.140, 354.66,  0.146, 317.22,  0.069, 305.54,-99.000, -99.00,-99.000, -99.00,-99.000, -99.00,-99.000, -99.00,
9/9/2006 21:30:00, 11.1,275.9,  1.1,  3.0, 18.989, 29.31,  0.0,  0.0,  0.184, 314.12,  0.201, 323.30,  0.178, 309.31,  0.247, 315.33,  0.260, 295.97,  0.223, 299.90,  0.197, 282.62,  0.135, 301.69,  0.222, 312.45,  0.245, 283.47,  0.218, 296.68,  0.257, 297.56,  0.218, 299.03,  0.074, 322.67,  0.117, 330.38,  0.058, 293.46,-99.000, -99.00,-99.000, -99.00,-99.000, -99.00,-99.000, -99.00,
9/9/2006 21:35:00, 11.1,275.9,  1.1,  3.0, 18.992, 29.32,  0.0,  0.0,  0.175, 292.17,  0.093, 311.94,  0.226, 291.57,  0.116, 317.10,  0.173, 289.59,  0.234, 283.62,  0.182, 256.65,  0.157, 248.00,  0.189, 279.11,  0.252, 292.90,  0.215, 286.49,  0.226, 292.13,  0.162, 306.44,  0.146, 301.30,  0.142, 313.01,  0.078, 312.92,-99.000, -99.00,-99.000, -99.00,-99.000, -99.00,-99.000, -99.00,
9/9/2006 21:40:00, 11.1,275.9,  1.1,  3.0, 19.008, 29.32,  0.0,  0.0,  0.160, 308.16,  0.181, 295.15,  0.090, 311.85,  0.094, 279.16,  0.224, 303.69,  0.258, 296.27,  0.177, 305.58,  0.201, 295.93,  0.269, 302.10,  0.272, 290.90,  0.240, 289.72,  0.230, 296.57,  0.170, 298.83,  0.166, 310.11,  0.231, 300.45,  0.135, 278.49,-99.000, -99.00,-99.000, -99.00,-99.000, -99.00,-99.000, -99.00,
9/9/2006 21:45:00, 11.1,275.9,  1.1,  3.0, 19.006, 29.31,  0.0,  0.0,  0.190, 316.92,  0.171, 311.69,  0.099, 319.90,  0.121, 289.33,  0.204, 292.43,  0.260, 316.40,  0.158, 288.43,  0.221, 297.84,  0.268, 304.22,  0.225, 286.82,  0.202, 293.65,  0.158, 285.80,  0.214, 282.15,  0.121, 299.10,  0.153, 305.67,  0.062, 213.18,-99.000, -99.00,-99.000, -99.00,-99.000, -99.00,-99.000, -99.00,
9/9/2006 21:50:00, 11.1,275.9,  1.1,  3.0, 19.010, 29.31,  0.0,  0.0,  0.206, 300.68,  0.165, 301.38,  0.103, 285.26,  0.239, 309.74,  0.202, 301.26,  0.156, 302.47,  0.172, 298.80,  0.208, 295.58,  0.231, 289.77,  0.236, 288.82,  0.244, 297.30,  0.252, 299.01,  0.172, 292.98,  0.134, 278.13,  0.079, 332.78,  0.073, 284.23,-99.000, -99.00,-99.000, -99.00,-99.000, -99.00,-99.000, -99.00,
9/9/2006 21:55:00, 11.1,275.9,  1.1,  3.0, 19.004, 29.31,  0.0,  0.0,  0.205, 311.24,  0.087, 299.50,  0.111, 321.58,  0.232, 302.53,  0.218, 315.74,  0.300, 312.57,  0.154, 300.07,  0.275, 297.50,  0.215, 290.71,  0.153, 285.95,  0.214, 279.68,  0.186, 270.31,  0.193, 278.93,  0.148, 278.19,  0.192, 280.20,  0.096, 255.53,-99.000, -99.00,-99.000, -99.00,-99.000, -99.00,-99.000, -99.00,
9/9/2006 22:00:00, 11.1,275.9,  1.1,  3.0, 19.001, 29.30,  0.0,  0.0,  0.136, 307.54,  0.142, 302.35,  0.159, 343.51,  0.173, 308.19,  0.185, 301.97,  0.205, 306.09,  0.192, 282.95,  0.171, 303.32,  0.173, 313.59,  0.223, 286.65,  0.185, 292.26,  0.205, 299.81,  0.231, 286.08,  0.194, 300.00,  0.292, 306.36,  0.021,   0.00,-99.000, -99.00,-99.000, -99.00,-99.000, -99.00,-99.000, -99.00,
9/9/2006 22:05:00, 11.1,275.9,  1.1,  3.0, 18.998, 29.29,  0.0,  0.0,  0.180, 281.87,  0.220, 303.11,  0.180, 302.28,  0.044, 315.00,  0.182, 288.93,  0.183, 285.86,  0.210, 289.47,  0.275, 306.87,  0.249, 301.52,  0.190, 297.24,  0.207, 290.62,  0.208, 280.55,  0.132, 295.20,  0.264, 282.03,  0.240, 296.99,  0.139, 293.79,-99.000, -99.00,-99.000, -99.00,-99.000, -99.00,-99.000, -99.00,
9/9/2006 22:10:00, 11.1,275.9,  1.1,  3.0, 19.004, 29.29,  0.0,  0.0,  0.138, 296.19,  0.122, 322.66,  0.197, 334.74,  0.237, 317.56,  0.165, 284.04,  0.141, 283.54,  0.167, 273.43,  0.206, 302.54,  0.160, 280.47,  0.183, 278.17,  0.217, 299.29,  0.217, 292.19,  0.224, 286.58,  0.291, 290.49,  0.125, 308.16,  0.091, 302.47,-99.000, -99.00,-99.000, -99.00,-99.000, -99.00,-99.000, -99.00,
9/9/2006 22:15:00, 11.1,275.9,  1.1,  3.0, 18.999, 29.29,  0.0,  0.0,  0.143, 322.65,  0.153, 301.61,  0.213, 285.80,  0.241, 296.88,  0.200, 299.64,  0.208, 293.49,  0.167, 304.74,  0.163, 289.77,  0.138, 280.82,  0.168, 270.00,  0.260, 277.51,  0.242, 307.44,  0.157, 299.02,  0.234, 284.87,  0.234, 305.79,  0.103, 315.40,-99.000, -99.00,-99.000, -99.00,-99.000, -99.00,-99.000, -99.00,
9/9/2006 22:20:00, 11.1,275.8,  1.1,  3.0, 19.000, 29.28,  0.0,  0.0,  0.174, 318.26,  0.198, 281.08,  0.142, 267.58,  0.216, 286.67,  0.260, 271.98,  0.196, 310.03,  0.175, 293.93,  0.173, 285.81,  0.173, 300.57,  0.171, 289.81,  0.239, 289.04,  0.195, 313.13,  0.164, 299.53,  0.206, 302.30,  0.268, 305.29,  0.099, 326.95,-99.000, -99.00,-99.000, -99.00,-99.000, -99.00,-99.000, -99.00,
9/9/2006 22:25:00, 11.1,275.9,  1.1,  3.0, 19.003, 29.29,  0.0,  0.0,  0.189, 271.82,  0.197, 303.61,  0.112, 276.68,  0.193, 305.74,  0.128, 282.63,  0.288, 306.95,  0.210, 304.90,  0.233, 307.51,  0.185, 295.60,  0.125, 294.10,  0.209, 277.70,  0.230, 284.58,  0.243, 302.91,  0.183, 286.85,  0.336, 308.47,  0.151, 322.83,-99.000, -99.00,-99.000, -99.00,-99.000, -99.00,-99.000, -99.00,
9/9/2006 22:30:00, 11.1,275.9,  1.1,  3.0, 19.013, 29.29,  0.0,  0.0,  0.190, 283.67,  0.178, 318.18,  0.187, 300.54,  0.180, 312.53,  0.174, 274.63,  0.266, 298.78,  0.221, 284.91,  0.188, 292.20,  0.197, 288.34,  0.204, 291.54,  0.209, 289.30,  0.219, 282.39,  0.197, 307.80,  0.227, 304.25,  0.165, 295.79,  0.084, 285.20,-99.000, -99.00,-99.000, -99.00,-99.000, -99.00,-99.000, -99.00,
9/9/2006 22:35:00, 11.1,275.9,  1.2,  3.0, 19.003, 29.29,  0.0,  0.0,  0.191, 318.39,  0.220, 307.44,  0.080, 295.28,  0.114, 313.93,  0.239, 280.60,  0.241, 292.73,  0.151, 297.58,  0.177, 290.90,  0.243, 268.35,  0.195, 301.17,  0.242, 288.06,  0.266, 289.12,  0.242, 305.59,  0.228, 298.59,  0.262, 309.89,  0.107, 341.40,-99.000, -99.00,-99.000, -99.00,-99.000, -99.00,-99.000, -99.00,
9/9/2006 22:40:00, 11.1,275.9,  1.1,  3.0, 18.999, 29.30,  0.0,  0.0,  0.156, 295.91,  0.288, 302.36,  0.181, 326.05,  0.217, 291.61,  0.255, 291.13,  0.207, 297.06,  0.168, 284.87,  0.225, 310.85,  0.278, 282.24,  0.167, 280.70,  0.209, 287.22,  0.141, 304.93,  0.243, 298.46,  0.179, 310.01,  0.125, 317.60,  0.051, 353.29,-99.000, -99.00,-99.000, -99.00,-99.000, -99.00,-99.000, -99.00,
9/9/2006 22:45:00, 11.1,275.9,  1.1,  3.0, 19.007, 29.30,  0.0,  0.0,  0.264, 306.83,  0.233, 315.17,  0.199, 325.83,  0.174, 296.71,  0.232, 283.44,  0.200, 297.08,  0.146, 289.18,  0.208, 279.69,  0.222, 276.74,  0.250, 281.08,  0.188, 290.56,  0.178, 292.52,  0.230, 291.99,  0.236, 304.30,  0.212, 303.24,  0.084, 296.87,-99.000, -99.00,-99.000, -99.00,-99.000, -99.00,-99.000, -99.00,
9/9/2006 22:50:00, 11.0,275.8,  1.1,  3.0, 18.996, 29.31,  0.0,  0.0,  0.212, 311.75,  0.127, 295.15,  0.163, 332.65,  0.259, 306.52,  0.240, 316.52,  0.222, 307.13,  0.242, 315.67,  0.190, 304.70,  0.116, 282.96,  0.137, 268.33,  0.225, 284.41,  0.191, 299.52,  0.238, 310.73,  0.268, 295.42,  0.168, 291.99,  0.059, 283.80,-99.000, -99.00,-99.000, -99.00,-99.000, -99.00,-99.000, -99.00,
9/9/2006 22:55:00, 11.0,275.8,  1.1,  3.0, 18.990, 29.31,  0.0,  0.0,  0.198, 287.34,  0.128, 312.15,  0.238, 295.92,  0.305, 315.66,  0.230, 292.54,  0.237, 291.04,  0.243, 281.40,  0.208, 296.20,  0.301, 286.21,  0.148, 282.91,  0.261, 293.03,  0.272, 298.83,  0.226, 307.63,  0.241, 322.08,  0.222, 307.13,  0.092, 287.06,-99.000, -99.00,-99.000, -99.00,-99.000, -99.00,-99.000, -99.00,
9/9/2006 23:00:00, 11.0,275.8,  1.1,  3.0, 18.994, 29.31,  0.0,  0.0,  0.103, 288.08,  0.215, 303.62,  0.221, 320.69,  0.230, 324.03,  0.152, 305.36,  0.140, 289.21,  0.183, 298.11,  0.192, 304.19,  0.167, 259.30,  0.132, 270.87,  0.260, 276.85,  0.242, 284.84,  0.220, 278.90,  0.213, 275.92,  0.237, 302.95,  0.127, 313.09,-99.000, -99.00,-99.000, -99.00,-99.000, -99.00,-99.000, -99.00,
9/9/2006 23:05:00, 11.0,275.9,  1.1,  3.0, 18.987, 29.31,  0.0,  0.0,  0.165, 281.51,  0.281, 317.45,  0.183, 309.44,  0.177, 316.83,  0.160, 288.21,  0.183, 270.00,  0.246, 275.59,  0.195, 270.59,  0.237, 286.44,  0.194, 273.83,  0.197, 288.34,  0.277, 297.77,  0.246, 274.43,  0.202, 302.91,  0.252, 302.37,  0.128, 312.15,-99.000, -99.00,-99.000, -99.00,-99.000, -99.00,-99.000, -99.00,
9/9/2006 23:10:00, 11.0,275.9,  1.1,  3.0, 18.990, 29.31,  0.0,  0.0,  0.133, 299.26,  0.209, 300.87,  0.251, 307.05,  0.296, 300.03,  0.218, 289.85,  0.177, 276.16,  0.175, 271.64,  0.207, 279.46,  0.190, 285.57,  0.126, 290.02,  0.212, 268.65,  0.237, 272.66,  0.215, 290.12,  0.243, 292.46,  0.227, 297.02,  0.066, 307.04,-99.000, -99.00,-99.000, -99.00,-99.000, -99.00,-99.000, -99.00,
9/9/2006 23:15:00, 11.0,275.9,  1.1,  3.0, 18.977, 29.32,  0.0,  0.0,  0.136, 309.91,  0.223, 309.18,  0.165, 301.08,  0.215, 281.26,  0.242, 291.80,  0.216, 283.39,  0.168, 308.71,  0.090, 271.91,  0.188, 296.84,  0.209, 279.37,  0.271, 271.27,  0.300, 279.02,  0.189, 276.07,  0.165, 272.08,  0.132, 296.57,  0.062, 289.90,-99.000, -99.00,-99.000, -99.00,-99.000, -99.00,-99.000, -99.00,
9/9/2006 23:20:00, 11.0,275.9,  1.2,  3.0, 18.978, 29.32,  0.0,  0.0,  0.255, 299.88,  0.159, 290.26,  0.136, 294.30,  0.189, 260.24,  0.255, 299.38,  0.202, 300.62,  0.177, 286.39,  0.185, 275.59,  0.226, 289.88,  0.213, 298.01,  0.214, 289.62,  0.252, 289.44,  0.230, 286.15,  0.194, 294.32,  0.173, 301.30,  0.113, 300.44,-99.000, -99.00,-99.000, -99.00,-99.000, -99.00,-99.000, -99.00,
9/9/2006 23:25:00, 11.0,275.9,  1.1,  3.0, 18.975, 29.32,  0.0,  0.0,  0.099, 300.96,  0.139, 276.20,  0.171, 291.61,  0.200, 280.97,  0.158, 290.39,  0.147, 284.60,  0.175, 285.95,  0.180, 280.56,  0.197, 280.51,  0.266, 273.44,  0.188, 293.84,  0.232, 284.45,  0.238, 291.18,  0.214, 309.70,  0.206, 310.48,  0.042, 357.27,-99.000, -99.00,-99.000, -99.00,-99.000, -99.00,-99.000, -99.00,
9/9/2006 23:30:00, 11.0,276.0,  1.1,  3.0, 18.977, 29.32,  0.0,  0.0,  0.187, 308.28,  0.148, 288.92,  0.127, 296.16,  0.129, 318.14,  0.200, 299.64,  0.229, 278.02,  0.217, 276.08,  0.115, 309.36,  0.125, 291.63,  0.248, 308.30,  0.155, 301.85,  0.147, 283.75,  0.198, 296.69,  0.196, 289.63,  0.188, 299.71,  0.095, 293.59,-99.000, -99.00,-99.000, -99.00,-99.000, -99.00,-99.000, -99.00,
9/9/2006 23:35:00, 11.0,275.9,  1.1,  3.0, 18.972, 29.32,  0.0,  0.0,  0.148, 307.87,  0.182, 330.06,  0.155, 291.60,  0.138, 300.47,  0.175, 296.42,  0.145, 275.55,  0.164, 274.18,  0.237, 272.17,  0.184, 268.75,  0.221, 284.16,  0.158, 289.24,  0.137, 281.80,  0.179, 285.59,  0.165, 297.03,  0.109, 289.27,  0.068, 270.84,-99.000, -99.00,-99.000, -99.00,-99.000, -99.00,-99.000, -99.00,
9/9/2006 23:40:00, 11.0,275.9,  1.1,  3.0, 18.971, 29.33,  0.0,  0.0,  0.142, 342.33,  0.132, 339.65,  0.095, 315.00,  0.205, 315.40,  0.137, 280.90,  0.077, 294.57,  0.161, 271.78,  0.160, 257.35,  0.233, 266.56,  0.207, 250.25,  0.164, 257.66,  0.109, 277.39,  0.167, 264.15,  0.130, 238.51,  0.178, 274.84,  0.011, 138.81,-99.000, -99.00,-99.000, -99.00,-99.000, -99.00,-99.000, -99.00,
9/9/2006 23:45:00, 11.0,275.9,  1.1,  3.0, 18.964, 29.33,  0.0,  0.0,  0.104, 306.43,  0.158, 298.67,  0.169, 305.85,  0.068, 270.00,  0.136, 278.01,  0.161, 304.09,  0.171, 253.04,  0.194, 272.36,  0.160, 270.00,  0.274, 262.46,  0.226, 250.60,  0.191, 286.15,  0.191, 267.60,  0.207, 273.59,  0.167, 275.51,  0.094, 301.49,-99.000, -99.00,-99.000, -99.00,-99.000, -99.00,-99.000, -99.00,
9/9/2006 23:50:00, 11.0,275.8,  1.1,  3.0, 18.957, 29.33,  0.0,  0.0,  0.108, 308.25,  0.177, 341.87,  0.070,  12.44,  0.042, 283.71,  0.178, 285.99,  0.182, 286.64,  0.219, 286.70,  0.186, 275.86,  0.179, 274.15,  0.190, 282.14,  0.215, 290.71,  0.161, 262.52,  0.212, 268.65,  0.237, 282.92,  0.286, 282.53,  0.126, 254.86,-99.000, -99.00,-99.000, -99.00,-99.000, -99.00,-99.000, -99.00,
9/9/2006 23:55:00, 11.0,275.9,  1.2,  3.0, 18.949, 29.33,  0.0,  0.0,  0.123, 298.02,  0.186, 282.09,  0.044, 217.65,  0.239, 289.04,  0.151, 276.84,  0.133, 296.76,  0.229, 274.51,  0.163, 275.29,  0.278, 269.59,  0.221, 279.12,  0.139, 282.44,  0.226, 298.27,  0.111, 308.42,  0.144, 288.69,  0.233, 304.17,  0.091, 315.00,-99.000, -99.00,-99.000, -99.00,-99.000, -99.00,-99.000, -99.00,
9/10/2006 00:00:00, 11.0,275.9,  1.1,  3.0, 18.934, 29.33,  0.0,  0.0,  0.112, 296.57,  0.191, 263.99,  0.160, 281.87,  0.171, 306.94,  0.197, 293.05,  0.190, 281.55,  0.121, 279.00,  0.175, 285.54,  0.112, 287.63,  0.200, 268.00,  0.234, 288.98,  0.127, 291.72,  0.127, 296.16,  0.105, 299.00,  0.159, 276.50,  0.056, 276.12,-99.000, -99.00,-99.000, -99.00,-99.000, -99.00,-99.000, -99.00,
9/10/2006 00:05:00, 11.0,275.9,  1.1,  3.0, 18.934, 29.34,  0.0,  0.0,  0.123, 314.34,  0.092, 276.89,  0.205, 271.96,  0.281, 283.79,  0.181, 296.28,  0.112, 311.38,  0.153, 289.03,  0.202, 291.22,  0.086, 264.03,  0.183, 288.14,  0.122, 281.31,  0.165, 279.75,  0.184, 280.33,  0.139, 275.38,  0.097, 277.71,  0.018, 356.82,-99.000, -99.00,-99.000, -99.00,-99.000, -99.00,-99.000, -99.00,
9/10/2006 00:10:00, 11.0,275.9,  1.1,  3.0, 18.931, 29.34,  0.0,  0.0,  0.164, 329.22,  0.230, 303.83,  0.178, 304.49,  0.159, 311.42,  0.151, 281.09,  0.162, 300.36,  0.217, 283.84,  0.130, 303.08,  0.119, 261.80,  0.087, 275.25,  0.149, 295.02,  0.270, 269.79,  0.139, 271.65,  0.140, 291.80,  0.103, 314.60,  0.098, 282.91,-99.000, -99.00,-99.000, -99.00,-99.000, -99.00,-99.000, -99.00,
9/10/2006 00:15:00, 11.0,275.9,  1.1,  3.0, 18.919, 29.34,  0.0,  0.0,  0.112, 294.74,  0.196, 318.10,  0.166, 282.53,  0.109, 288.10,  0.182, 290.92,  0.178, 292.52,  0.107, 286.91,  0.145, 287.31,  0.118, 292.88,  0.111, 297.26,  0.109, 273.67,  0.092, 301.28,  0.127, 313.09,  0.208, 298.04,  0.144, 316.12,  0.084, 296.87,-99.000, -99.00,-99.000, -99.00,-99.000, -99.00,-99.000, -99.00,
9/10/2006 00:20:00, 11.0,275.9,  1.1,  3.0, 18.921, 29.34,  0.0,  0.0,  0.193, 276.24,  0.215, 271.86,  0.195, 302.63,  0.244, 309.17,  0.082, 259.51,  0.164, 270.00,  0.171, 269.66,  0.119, 285.55,  0.045, 249.15,  0.102, 278.45,  0.132, 296.57,  0.116, 278.41,  0.173, 304.61,  0.183, 318.55,  0.074, 301.76,  0.058, 284.04,-99.000, -99.00,-99.000, -99.00,-99.000, -99.00,-99.000, -99.00,
9/10/2006 00:25:00, 11.0,276.0,  1.1,  3.0, 18.907, 29.35,  0.0,  0.0,  0.148, 246.90,  0.194, 279.80,  0.176, 291.01,  0.150, 309.32,  0.109, 272.10,  0.154, 256.14,  0.205, 270.56,  0.175, 276.23,  0.275, 296.57,  0.194, 272.95,  0.187, 279.21,  0.196, 288.16,  0.143, 285.40,  0.166, 286.47,  0.155, 275.19,  0.123, 266.74,-99.000, -99.00,-99.000, -99.00,-99.000, -99.00,-99.000, -99.00,
9/10/2006 00:30:00, 11.0,275.9,  1.1,  3.0, 18.889, 29.35,  0.0,  0.0,  0.171, 287.37,  0.136, 270.84,  0.202, 268.02,  0.149, 275.02,  0.189, 271.21,  0.096, 246.10,  0.130, 301.49,  0.148, 307.33,  0.180, 284.50,  0.154, 293.74,  0.146, 284.23,  0.125, 295.54,  0.155, 306.87,  0.201, 296.31,  0.226, 296.23,  0.092, 320.27,-99.000, -99.00,-99.000, -99.00,-99.000, -99.00,-99.000, -99.00,
9/10/2006 00:35:00, 11.0,275.9,  1.1,  3.0, 18.879, 29.35,  0.0,  0.0,  0.129, 270.00,  0.123, 270.47,  0.143, 293.51,  0.194, 306.63,  0.054, 274.24,  0.143, 285.78,  0.155, 307.91,  0.095, 333.71,  0.124, 304.84,  0.121, 249.78,  0.050, 253.74,  0.171, 257.83,  0.114, 235.34,  0.116, 248.75,  0.243, 288.21,  0.210, 293.27,-99.000, -99.00,-99.000, -99.00,-99.000, -99.00,-99.000, -99.00,
9/10/2006 00:40:00, 11.0,275.9,  1.1,  3.0, 18.880, 29.35,  0.0,  0.0,  0.084, 306.33,  0.113, 296.34,  0.111, 262.75,  0.096, 293.36,  0.032, 308.66,  0.042, 323.67,  0.148, 280.93,  0.043, 241.07,  0.187, 286.79,  0.159, 299.48,  0.102, 236.15,  0.164, 270.00,  0.144, 265.63,  0.104, 277.19,  0.085, 312.14,  0.072, 242.72,-99.000, -99.00,-99.000, -99.00,-99.000, -99.00,-99.000, -99.00,
9/10/2006 00:45:00, 11.0,275.9,  1.2,  3.0, 18.878, 29.35,  0.0,  0.0,  0.065,  19.83,  0.117, 260.13,  0.126, 299.41,  0.251, 285.03,  0.300, 271.15,  0.212, 272.16,  0.112, 295.42,  0.049, 278.30,  0.145, 303.14,  0.115, 274.97,  0.182, 297.55,  0.081, 274.94,  0.084, 265.24,  0.049, 261.87,  0.148, 296.05,  0.080, 270.00,-99.000, -99.00,-99.000, -99.00,-99.000, -99.00,-99.000, -99.00,
9/10/2006 00:50:00, 11.0,275.9,  1.1,  3.0, 18.875, 29.35,  0.0,  0.0,  0.127, 295.15,  0.073, 254.05,  0.099, 324.06,  0.154, 330.44,  0.085, 276.79,  0.145, 244.32,  0.098, 310.86,  0.096, 332.10,  0.091, 350.54,  0.082, 323.41,  0.089, 262.23,  0.121, 263.35,  0.111, 242.05,  0.148, 252.67,  0.148, 274.25,  0.073, 284.23,-99.000, -99.00,-99.000, -99.00,-99.000, -99.00,-99.000, -99.00,
9/10/2006 00:55:00, 11.0,275.8,  1.1,  3.0, 18.864, 29.35,  0.0,  0.0,  0.140, 285.33,  0.208, 284.50,  0.169, 275.10,  0.136, 292.98,  0.077, 296.23,  0.049, 320.79,  0.067, 319.86,  0.051,   6.71,  0.045,   0.00,  0.007,  90.00,  0.081, 285.75,  0.118, 272.91,  0.141, 268.38,  0.173, 250.41,  0.076, 270.75,  0.092, 274.97,-99.000, -99.00,-99.000, -99.00,-99.000, -99.00,-99.000, -99.00,
9/10/2006 01:00:00, 11.0,275.9,  1.2,  3.0, 18.856, 29.34,  0.0,  0.0,  0.123, 249.06,  0.141, 304.93,  0.113, 273.04,  0.156, 275.89,  0.113, 264.94,  0.144, 298.71,  0.104, 309.17,  0.083, 248.71,  0.079, 264.94,  0.080, 246.33,  0.161, 265.74,  0.087, 229.69,  0.127, 246.86,  0.104, 253.30,  0.085, 246.45,  0.043, 283.39,-99.000, -99.00,-99.000, -99.00,-99.000, -99.00,-99.000, -99.00,
9/10/2006 01:05:00, 11.0,275.9,  1.1,  3.0, 18.842, 29.34,  0.0,  0.0,  0.048, 332.90,  0.099, 282.22,  0.149, 311.47,  0.143, 286.28,  0.191, 267.60,  0.215, 277.49,  0.170, 295.51,  0.198, 286.70,  0.131, 280.54,  0.073, 261.31,  0.093, 245.10,  0.094, 281.07,  0.067, 260.54,  0.139, 264.62,  0.080, 302.31,  0.072, 301.92,-99.000, -99.00,-99.000, -99.00,-99.000, -99.00,-99.000, -99.00,
9/10/2006 01:10:00, 11.0,275.9,  1.1,  3.0, 18.847, 29.34,  0.0,  0.0,  0.098, 268.25,  0.066, 289.54,  0.085, 296.57,  0.183, 281.99,  0.170, 262.92,  0.173, 277.29,  0.120, 261.87,  0.073, 254.05,  0.125, 242.41,  0.074, 264.60,  0.077, 272.97,  0.152, 289.15,  0.139, 301.18,  0.100, 274.57,  0.141, 275.31,  0.058, 260.05,-99.000, -99.00,-99.000, -99.00,-99.000, -99.00,-99.000, -99.00,
9/10/2006 01:15:00, 11.0,275.9,  1.1,  3.0, 18.833, 29.34,  0.0,  0.0,  0.044, 357.40,  0.049, 312.51,  0.119, 287.07,  0.075, 320.98,  0.126, 284.26,  0.120, 277.66,  0.078, 291.94,  0.148, 316.92,  0.068, 280.15,  0.064, 249.03,  0.076, 263.16,  0.045, 270.00,  0.014, 239.74,  0.095, 262.13,  0.103, 253.14,  0.049, 250.82,-99.000, -99.00,-99.000, -99.00,-99.000, -99.00,-99.000, -99.00,
9/10/2006 01:20:00, 11.0,275.9,  1.2,  3.0, 18.828, 29.33,  0.0,  0.0,  0.026, 256.50,  0.155, 280.44,  0.113, 260.87,  0.055, 249.93,  0.112, 288.76,  0.167, 247.43,  0.187, 281.73,  0.154, 278.60,  0.141, 248.73,  0.093, 258.21,  0.024, 189.46,  0.059, 297.44,  0.066, 284.88,  0.048, 230.04,  0.120, 250.51,  0.041, 315.00,-99.000, -99.00,-99.000, -99.00,-99.000, -99.00,-99.000, -99.00,
9/10/2006 01:25:00, 11.0,275.9,  1.2,  3.0, 18.808, 29.33,  0.0,  0.0,  0.020, 270.00,  0.089, 304.94,  0.155, 266.31,  0.118, 238.20,  0.085, 291.43,  0.052, 271.10,  0.051, 258.69,  0.096, 277.20,  0.157, 288.20,  0.143, 234.65,  0.121, 287.38,  0.054, 296.57,  0.046, 331.19,  0.102, 256.37,  0.108, 250.56,  0.006, 108.43,-99.000, -99.00,-99.000, -99.00,-99.000, -99.00,-99.000, -99.00,
9/10/2006 01:30:00, 11.0,275.9,  1.1,  3.0, 18.811, 29.33,  0.0,  0.0,  0.094, 267.56,  0.051,   0.00,  0.103, 273.33,  0.075, 324.20,  0.058, 298.77,  0.080, 281.59,  0.120, 294.01,  0.067, 293.88,  0.019,  38.66,  0.059, 263.23,  0.150, 281.91,  0.048, 273.58,  0.066, 220.70,  0.068, 124.85,  0.049, 175.33,  0.038, 118.61,-99.000, -99.00,-99.000, -99.00,-99.000, -99.00,-99.000, -99.00,
9/10/2006 01:35:00, 11.0,275.9,  1.1,  3.0, 18.796, 29.33,  0.0,  0.0,  0.036, 270.00,  0.114, 270.00,  0.202, 277.13,  0.172, 291.18,  0.096, 326.48,  0.070, 293.63,  0.063, 254.43,  0.111, 293.33,  0.115, 245.89,  0.037, 325.01,  0.053, 263.54,  0.097, 181.18,  0.067, 249.15,  0.012, 235.01,  0.066, 191.31,  0.067, 230.41,-99.000, -99.00,-99.000, -99.00,-99.000, -99.00,-99.000, -99.00,
9/10/2006 01:40:00, 11.0,275.9,  1.2,  3.0, 18.788, 29.33,  0.0,  0.0,  0.097, 242.38,  0.136, 242.30,  0.079, 268.55,  0.088, 277.21,  0.082, 289.98,  0.112, 223.55,  0.139, 265.48,  0.077, 308.66,  0.074, 215.63,  0.085, 218.35,  0.038, 187.50,  0.097, 255.11,  0.067, 194.66,  0.098, 196.03,  0.086, 263.29,  0.062, 275.53,-99.000, -99.00,-99.000, -99.00,-99.000, -99.00,-99.000, -99.00,
9/10/2006 01:45:00, 11.0,275.9,  1.2,  3.0, 18.785, 29.33,  0.0,  0.0,  0.115, 287.65,  0.096, 323.01,  0.131, 345.01,  0.074, 287.22,  0.059, 298.30,  0.004,  63.43,  0.067, 297.72,  0.014,  68.96,  0.094, 246.72,  0.100, 189.18,  0.063, 237.32,  0.019, 191.89,  0.031, 150.95,  0.029, 107.82,  0.021, 247.17,  0.043, 244.03,-99.000, -99.00,-99.000, -99.00,-99.000, -99.00,-99.000, -99.00,
9/10/2006 01:50:00, 11.0,275.9,  1.1,  3.0, 18.775, 29.33,  0.0,  0.0,  0.078, 337.38,  0.121, 260.46,  0.068, 226.19,  0.033, 358.26,  0.094, 300.12,  0.043, 314.06,  0.057, 253.78,  0.014, 188.13,  0.027, 280.49,  0.070, 265.10,  0.077, 186.75,  0.059, 268.06,  0.051, 288.43,  0.120, 252.02,  0.054, 180.00,  0.053,   5.39,-99.000, -99.00,-99.000, -99.00,-99.000, -99.00,-99.000, -99.00,
9/10/2006 01:55:00, 11.0,275.8,  1.2,  3.0, 18.766, 29.33,  0.0,  0.0,  0.028, 272.05,  0.107, 246.31,  0.029, 300.96,  0.156, 317.08,  0.156, 287.51,  0.095, 330.48,  0.030,   5.71,  0.067, 215.84,  0.050, 187.97,  0.043, 166.61,  0.054, 247.22,  0.022, 180.00,  0.024, 262.87,  0.093, 268.15,  0.070, 262.57,  0.008, 140.19,-99.000, -99.00,-99.000, -99.00,-99.000, -99.00,-99.000, -99.00,
9/10/2006 02:00:00, 11.0,275.9,  1.2,  3.0, 18.755, 29.33,  0.0,  0.0,  0.012,   0.00,  0.062, 337.17,  0.047, 241.78,  0.058, 261.03,  0.096, 252.50,  0.077, 270.00,  0.071, 312.71,  0.047, 271.22,  0.057, 136.43,  0.066, 241.88,  0.026, 322.70,  0.076, 205.56,  0.041, 257.32,  0.002, 153.43,  0.059, 225.00,  0.035, 317.29,-99.000, -99.00,-99.000, -99.00,-99.000, -99.00,-99.000, -99.00,
9/10/2006 02:05:00, 11.0,275.8,  1.1,  3.0, 18.753, 29.33,  0.0,  0.0,  0.117, 310.50,  0.098, 262.95,  0.013, 278.75,  0.103, 265.56,  0.059, 314.31,  0.063, 131.78,  0.017,  69.44,  0.026, 144.46,  0.029, 102.09,  0.041, 210.96,  0.045, 277.59,  0.032, 259.05,  0.045, 233.13,  0.063, 144.04,  0.034, 161.03,  0.059, 225.00,-99.000, -99.00,-99.000, -99.00,-99.000, -99.00,-99.000, -99.00,
9/10/2006 02:10:00, 11.0,275.8,  1.2,  3.0, 18.748, 29.33,  0.0,  0.0,  0.067,  41.35,  0.077, 219.71,  0.029,  40.82,  0.026, 193.50,  0.002, 153.43,  0.092, 228.52,  0.045, 198.03,  0.088, 210.63,  0.123, 239.28,  0.099, 251.20,  0.105, 202.91,  0.080, 161.11,  0.078, 179.27,  0.053, 222.71,  0.049, 249.72,  0.065,  15.10,-99.000, -99.00,-99.000, -99.00,-99.000, -99.00,-99.000, -99.00,
9/10/2006 02:15:00, 11.0,275.9,  1.2,  3.0, 18.737, 29.33,  0.0,  0.0,  0.081, 186.42,  0.083, 233.82,  0.055, 202.38,  0.080, 202.73,  0.110, 264.81,  0.051, 173.29,  0.075, 271.53,  0.042, 198.00,  0.051, 147.88,  0.089, 197.01,  0.099, 211.76,  0.043, 231.55,  0.062, 233.50,  0.070, 242.70,  0.112, 275.66,  0.085, 277.46,-99.000, -99.00,-99.000, -99.00,-99.000, -99.00,-99.000, -99.00,
9/10/2006 02:20:00, 11.0,275.9,  1.2,  3.0, 18.732, 29.33,  0.0,  0.0,  0.088, 315.00,  0.057, 212.86,  0.003, 251.57,  0.070,  95.71,  0.044, 223.15,  0.075, 341.32,  0.020, 104.74,  0.029,  99.78,  0.061, 129.69,  0.033, 122.74,  0.065, 281.48,  0.029, 149.04,  0.030, 138.99,  0.058, 168.11,  0.044, 237.03,  0.023, 293.20,-99.000, -99.00,-99.000, -99.00,-99.000, -99.00,-99.000, -99.00,
9/10/2006 02:25:00, 11.0,275.9,  1.1,  3.0, 18.720, 29.33,  0.0,  0.0,  0.068, 160.23,  0.153, 220.24,  0.113, 163.50,  0.052, 143.57,  0.127, 186.79,  0.054, 237.77,  0.060, 204.44,  0.025,  78.69,  0.046, 218.85,  0.035, 152.70,  0.061, 204.06,  0.035, 289.98,  0.049, 132.51,  0.101, 256.79,  0.039, 242.78,  0.037, 271.55,-99.000, -99.00,-99.000, -99.00,-99.000, -99.00,-99.000, -99.00,
9/10/2006 02:30:00, 11.0,275.9,  1.2,  3.0, 18.708, 29.33,  0.0,  0.0,  0.077, 140.76,  0.120, 171.40,  0.118, 184.36,  0.069, 170.81,  0.055, 121.68,  0.033, 212.74,  0.065, 165.75,  0.090, 183.81,  0.086, 134.53,  0.102, 116.82,  0.017, 166.76,  0.082, 180.70,  0.049, 239.24,  0.041, 270.00,  0.054,  53.34,  0.009, 305.54,-99.000, -99.00,-99.000, -99.00,-99.000, -99.00,-99.000, -99.00,
9/10/2006 02:35:00, 11.0,275.9,  1.2,  3.0, 18.704, 29.33,  0.0,  0.0,  0.085, 170.54,  0.124, 130.10,  0.194, 165.39,  0.107, 103.52,  0.106, 157.30,  0.103, 187.26,  0.062, 200.77,  0.074,  67.91,  0.074, 144.37,  0.079, 132.95,  0.045, 280.30,  0.061,  19.03,  0.053, 104.30,  0.086, 178.67,  0.089, 154.87,  0.023, 270.00,-99.000, -99.00,-99.000, -99.00,-99.000, -99.00,-99.000, -99.00,
9/10/2006 02:40:00, 11.0,275.9,  1.2,  3.0, 18.710, 29.33,  0.0,  0.0,  0.117, 132.93,  0.159, 141.90,  0.079, 203.01,  0.111, 166.46,  0.035, 178.36,  0.109, 135.00,  0.050, 139.90,  0.125, 117.59,  0.062, 138.90,  0.036, 262.09,  0.041, 250.25,  0.034, 240.46,  0.011, 243.43,  0.062,  88.15,  0.029,  30.96,  0.106,  16.39,-99.000, -99.00,-99.000, -99.00,-99.000, -99.00,-99.000, -99.00,
9/10/2006 02:45:00, 11.0,275.9,  1.2,  3.0, 18.708, 29.32,  0.0,  0.0,  0.058, 118.77,  0.043,  84.69,  0.131, 113.43,  0.076,  65.12,  0.117, 124.91,  0.112, 160.76,  0.082, 159.36,  0.080, 163.37,  0.093, 129.33,  0.111, 113.33,  0.048,  79.16,  0.087,  45.47,  0.075, 122.41,  0.090,  90.00,  0.129, 346.50,  0.168,  11.64,-99.000, -99.00,-99.000, -99.00,-99.000, -99.00,-99.000, -99.00,
9/10/2006 02:50:00, 11.0,275.9,  1.2,  3.0, 18.691, 29.32,  0.0,  0.0,  0.195, 120.11,  0.139, 163.26,  0.130, 124.06,  0.151, 127.48,  0.100, 125.60,  0.076, 152.76,  0.126, 121.67,  0.147, 138.59,  0.065, 113.43,  0.055, 200.07,  0.068, 142.79,  0.067, 125.84,  0.123, 121.36,  0.096, 109.57,  0.031,  73.30,  0.070,  26.20,-99.000, -99.00,-99.000, -99.00,-99.000, -99.00,-99.000, -99.00,
9/10/2006 02:55:00, 11.0,275.9,  1.2,  3.0, 18.680, 29.31,  0.0,  0.0,  0.059, 143.33,  0.194, 138.34,  0.172, 131.00,  0.089, 129.56,  0.072, 120.14,  0.101, 121.64,  0.142, 145.64,  0.202, 126.53,  0.023,  90.00,  0.078, 161.33,  0.074,  86.91,  0.091, 107.24,  0.073, 107.45,  0.056,  95.10,  0.118,  67.12,  0.101,  48.22,-99.000, -99.00,-99.000, -99.00,-99.000, -99.00,-99.000, -99.00,
9/10/2006 03:00:00, 11.0,275.8,  1.2,  3.0, 18.673, 29.31,  0.0,  0.0,  0.076, 115.56,  0.082, 107.10,  0.094, 138.01,  0.147, 176.88,  0.094, 151.53,  0.092, 146.48,  0.060, 148.71,  0.136, 178.32,  0.160, 127.37,  0.099, 120.96,  0.151, 153.27,  0.190, 140.12,  0.129, 145.45,  0.146, 121.30,  0.116, 124.10,  0.077, 167.96,-99.000, -99.00,-99.000, -99.00,-99.000, -99.00,-99.000, -99.00,
9/10/2006 03:05:00, 11.0,275.9,  1.1,  3.0, 18.668, 29.31,  0.0,  0.0,  0.120, 169.91,  0.115, 119.68,  0.150, 128.24,  0.155, 105.74,  0.165, 144.38,  0.107, 133.10,  0.222, 139.57,  0.157, 148.85,  0.104, 101.63,  0.162, 133.75,  0.165, 151.72,  0.151, 148.84,  0.133, 127.39,  0.186, 124.46,  0.156, 111.80,  0.078,  45.00,-99.000, -99.00,-99.000, -99.00,-99.000, -99.00,-99.000, -99.00,
9/10/2006 03:10:00, 11.0,275.9,  1.2,  3.0, 18.672, 29.30,  0.0,  0.0,  0.164, 128.82,  0.082, 123.50,  0.225, 109.24,  0.117, 150.38,  0.156, 113.44,  0.226, 129.81,  0.137, 141.80,  0.061, 129.69,  0.071, 129.29,  0.139, 124.72,  0.134, 152.48,  0.125, 139.55,  0.218, 140.97,  0.146, 120.96,  0.093,  88.15,  0.050,  51.52,-99.000, -99.00,-99.000, -99.00,-99.000, -99.00,-99.000, -99.00,
9/10/2006 03:15:00, 11.0,276.0,  1.2,  3.0, 18.663, 29.30,  0.0,  0.0,  0.112, 134.64,  0.131, 123.45,  0.101, 138.60,  0.098, 180.58,  0.135, 110.85,  0.080, 120.72,  0.160, 129.94,  0.078, 128.20,  0.209, 129.95,  0.115, 138.16,  0.130, 139.69,  0.122, 143.32,  0.205, 137.97,  0.209, 118.28,  0.110,  95.19,  0.184, 102.90,-99.000, -99.00,-99.000, -99.00,-99.000, -99.00,-99.000, -99.00,
9/10/2006 03:20:00, 11.0,275.9,  1.2,  3.0, 18.665, 29.29,  0.0,  0.0,  0.204, 145.61,  0.164, 140.69,  0.088, 222.23,  0.067, 122.74,  0.112, 123.69,  0.200, 138.65,  0.160, 135.51,  0.154, 154.60,  0.171, 121.37,  0.223, 101.11,  0.141, 109.84,  0.127, 124.07,  0.211, 124.97,  0.066, 140.53,  0.162, 118.47,  0.102,  95.04,-99.000, -99.00,-99.000, -99.00,-99.000, -99.00,-99.000, -99.00,
9/10/2006 03:25:00, 11.0,275.9,  1.2,  3.0, 18.656, 29.29,  0.0,  0.0,  0.077, 151.09,  0.162, 145.82,  0.149, 145.13,  0.160, 124.29,  0.215, 119.55,  0.178, 124.49,  0.176, 124.14,  0.127, 137.88,  0.240, 126.34,  0.103, 138.55,  0.143, 123.58,  0.087, 112.17,  0.196, 107.23,  0.112, 102.92,  0.063, 112.48,  0.059, 123.96,-99.000, -99.00,-99.000, -99.00,-99.000, -99.00,-99.000, -99.00,
9/10/2006 03:30:00, 11.0,275.8,  1.2,  3.0, 18.655, 29.29,  0.0,  0.0,  0.116, 180.49,  0.109, 174.18,  0.056, 243.43,  0.047, 145.30,  0.135, 191.14,  0.040, 237.09,  0.030, 105.42,  0.052, 143.57,  0.113, 162.53,  0.061, 142.37,  0.067, 172.23,  0.054, 169.32,  0.132, 112.69,  0.112, 170.20,  0.118, 227.76,  0.083,  51.88,-99.000, -99.00,-99.000, -99.00,-99.000, -99.00,-99.000, -99.00,
9/10/2006 03:35:00, 11.0,275.9,  1.1,  3.0, 18.644, 29.29,  0.0,  0.0,  0.061, 274.69,  0.072, 200.46,  0.014, 303.69,  0.117, 169.65,  0.083, 177.93,  0.076, 170.91,  0.164, 171.57,  0.097, 179.41,  0.097, 183.54,  0.080, 156.33,  0.052, 188.91,  0.015, 270.00,  0.059, 117.00,  0.023, 241.19,  0.020,  90.00,  0.118,  80.22,-99.000, -99.00,-99.000, -99.00,-99.000, -99.00,-99.000, -99.00,
9/10/2006 03:40:00, 11.0,275.9,  1.1,  3.0, 18.641, 29.29,  0.0,  0.0,  0.123, 178.60,  0.147, 266.11,  0.050, 164.85,  0.025, 279.09,  0.068, 204.30,  0.060, 160.67,  0.048, 159.30,  0.075, 170.04,  0.077, 174.07,  0.028, 300.26,  0.040, 281.59,  0.019, 261.03,  0.004, 270.00,  0.020,   0.00,  0.094, 108.63,  0.031, 120.65,-99.000, -99.00,-99.000, -99.00,-99.000, -99.00,-99.000, -99.00,
9/10/2006 03:45:00, 11.0,275.8,  1.1,  3.0, 18.645, 29.29,  0.0,  0.0,  0.122, 278.92,  0.100, 233.93,  0.062, 243.02,  0.053, 196.39,  0.116, 168.11,  0.009, 263.66,  0.059, 217.45,  0.116, 301.22,  0.054, 250.56,  0.088, 286.57,  0.056, 251.24,  0.072, 323.45,  0.086,  22.67,  0.022, 291.80,  0.019,  98.97,  0.081,  32.91,-99.000, -99.00,-99.000, -99.00,-99.000, -99.00,-99.000, -99.00,
9/10/2006 03:50:00, 11.0,275.9,  1.2,  3.0, 18.641, 29.29,  0.0,  0.0,  0.073, 223.33,  0.124, 258.87,  0.103, 233.69,  0.090, 257.20,  0.164, 264.39,  0.053, 289.80,  0.047, 243.43,  0.108, 307.83,  0.169, 313.80,  0.113, 309.61,  0.016, 262.87,  0.085, 206.57,  0.093, 229.80,  0.085, 202.93,  0.059, 223.64,  0.069,  72.35,-99.000, -99.00,-99.000, -99.00,-99.000, -99.00,-99.000, -99.00,
9/10/2006 03:55:00, 11.0,275.9,  1.2,  3.0, 18.634, 29.28,  0.0,  0.0,  0.057,  17.47,  0.115, 295.68,  0.120, 285.42,  0.107, 271.07,  0.054, 315.74,  0.102, 296.31,  0.051, 310.24,  0.090, 270.00,  0.095, 289.01,  0.114, 290.50,  0.171, 308.61,  0.131, 311.60,  0.069, 311.50,  0.050, 315.81,  0.135, 333.62,  0.067,   5.12,-99.000, -99.00,-99.000, -99.00,-99.000, -99.00,-99.000, -99.00,
9/10/2006 04:00:00, 11.0,275.9,  1.2,  3.0, 18.622, 29.28,  0.0,  0.0,  0.133, 318.04,  0.070, 333.80,  0.072, 313.88,  0.095, 320.96,  0.205, 290.56,  0.088, 315.00,  0.130, 317.49,  0.146, 322.50,  0.138, 316.47,  0.144, 300.83,  0.098, 304.66,  0.139, 314.42,  0.277, 303.80,  0.139, 333.07,  0.136, 344.23,  0.110,  12.02,-99.000, -99.00,-99.000, -99.00,-99.000, -99.00,-99.000, -99.00,
9/10/2006 04:05:00, 11.0,275.9,  1.2,  3.0, 18.620, 29.28,  0.0,  0.0,  0.194, 312.08,  0.168, 317.17,  0.178, 306.10,  0.195, 316.25,  0.218, 324.34,  0.233, 301.64,  0.150, 335.14,  0.184, 310.60,  0.072, 290.46,  0.166, 303.98,  0.109, 324.71,  0.183, 324.32,  0.166, 318.91,  0.153, 340.14,  0.120, 299.98,  0.099,  18.25,-99.000, -99.00,-99.000, -99.00,-99.000, -99.00,-99.000, -99.00,
9/10/2006 04:10:00, 11.0,275.9,  1.1,  3.0, 18.617, 29.28,  0.0,  0.0,  0.141, 278.99,  0.166, 302.44,  0.167, 317.91,  0.064, 339.86,  0.194, 343.81,  0.169, 345.22,  0.157, 347.47,  0.237, 325.84,  0.163, 328.07,  0.217, 334.97,  0.179, 351.64,  0.196, 339.72,  0.233, 324.61,  0.164, 326.70,  0.196, 307.34,  0.113, 338.67,-99.000, -99.00,-99.000, -99.00,-99.000, -99.00,-99.000, -99.00,
9/10/2006 04:15:00, 11.0,275.8,  1.1,  3.0, 18.618, 29.28,  0.0,  0.0,  0.160, 335.20,  0.195, 308.34,  0.220, 321.46,  0.165, 320.15,  0.158, 349.05,  0.166, 334.98,  0.191, 342.99,  0.238, 340.57,  0.226, 343.25,  0.190, 320.54,  0.174, 340.52,  0.177, 312.25,  0.262, 324.00,  0.257, 322.42,  0.168, 326.40,  0.032,   5.36,-99.000, -99.00,-99.000, -99.00,-99.000, -99.00,-99.000, -99.00,
9/10/2006 04:20:00, 11.0,275.9,  1.1,  3.0, 18.613, 29.28,  0.0,  0.0,  0.298, 314.46,  0.124, 343.61,  0.136, 340.63,  0.087, 354.75,  0.139, 330.31,  0.200, 331.00,  0.102, 338.72,  0.194, 315.63,  0.164, 322.43,  0.262, 324.79,  0.287, 325.20,  0.212, 325.56,  0.169, 350.15,  0.178, 342.68,  0.228, 315.89,  0.131, 320.25,-99.000, -99.00,-99.000, -99.00,-99.000, -99.00,-99.000, -99.00,
9/10/2006 04:25:00, 11.0,275.9,  1.2,  3.0, 18.611, 29.28,  0.0,  0.0,  0.068, 331.19,  0.139, 299.34,  0.201, 337.14,  0.180, 307.32,  0.147, 309.76,  0.179, 331.01,  0.146, 354.09,  0.232, 338.20,  0.142, 354.73,  0.149, 343.63,  0.193, 341.28,  0.270, 337.80,  0.236, 346.55,  0.185, 331.91,  0.204, 328.02,  0.097, 346.25,-99.000, -99.00,-99.000, -99.00,-99.000, -99.00,-99.000, -99.00,
9/10/2006 04:30:00, 11.0,275.9,  1.1,  3.0, 18.616, 29.28,  0.0,  0.0,  0.122, 317.66,  0.192, 351.91,  0.192, 329.04,  0.213, 340.55,  0.182, 326.22,  0.156, 334.92,  0.244, 345.05,  0.158, 350.54,  0.190, 314.57,  0.188, 343.97,  0.271, 341.97,  0.248, 350.23,  0.239, 352.07,  0.286, 339.54,  0.211, 341.22,  0.096,  14.47,-99.000, -99.00,-99.000, -99.00,-99.000, -99.00,-99.000, -99.00,
9/10/2006 04:35:00, 11.0,275.9,  1.2,  3.0, 18.603, 29.28,  0.0,  0.0,  0.162, 356.82,  0.186, 329.72,  0.143, 326.98,  0.205, 312.63,  0.168, 309.67,  0.081, 296.25,  0.134, 306.53,  0.202, 317.00,  0.211, 319.22,  0.156, 316.30,  0.189, 325.97,  0.170, 335.39,  0.221, 341.81,  0.179, 329.15,  0.045, 303.34,  0.019, 266.99,-99.000, -99.00,-99.000, -99.00,-99.000, -99.00,-99.000, -99.00,
9/10/2006 04:40:00, 11.0,275.9,  1.2,  3.0, 18.605, 29.29,  0.0,  0.0,  0.078, 324.89,  0.259, 345.21,  0.249, 332.71,  0.224, 338.48,  0.172, 301.93,  0.203, 311.40,  0.120, 309.93,  0.164, 338.59,  0.189, 310.08,  0.185, 314.56,  0.154, 345.33,  0.192, 337.98,  0.176, 325.86,  0.138, 325.04,  0.149, 293.81,  0.062,  17.85,-99.000, -99.00,-99.000, -99.00,-99.000, -99.00,-99.000, -99.00,
9/10/2006 04:45:00, 11.0,275.8,  1.1,  3.0, 18.614, 29.29,  0.0,  0.0,  0.173, 353.37,  0.085, 342.20,  0.176, 327.03,  0.200, 347.91,  0.184, 338.31,  0.172, 329.26,  0.133, 341.16,  0.161, 314.24,  0.272, 333.62,  0.180,   2.23,  0.171, 334.78,  0.169, 335.87,  0.207, 336.91,  0.174, 348.37,  0.182, 317.45,  0.113, 302.70,-99.000, -99.00,-99.000, -99.00,-99.000, -99.00,-99.000, -99.00,
9/10/2006 04:50:00, 11.0,275.9,  1.2,  3.0, 18.604, 29.29,  0.0,  0.0,  0.161,  19.22,  0.175,  10.22,  0.155, 354.81,  0.147, 311.70,  0.153, 359.63,  0.203, 330.53,  0.108, 350.36,  0.154, 342.62,  0.165, 346.72,  0.316, 340.59,  0.205, 340.33,  0.166, 329.27,  0.185, 335.38,  0.105, 295.35,  0.113, 286.99,  0.094, 339.44,-99.000, -99.00,-99.000, -99.00,-99.000, -99.00,-99.000, -99.00,
9/10/2006 04:55:00, 11.0,275.9,  1.1,  3.0, 18.616, 29.29,  0.0,  0.0,  0.137,   3.34,  0.104, 356.15,  0.052, 340.87,  0.117, 331.47,  0.185, 308.42,  0.139, 294.72,  0.159, 326.51,  0.109, 347.87,  0.171, 320.45,  0.115, 330.99,  0.144, 342.57,  0.218, 307.55,  0.062, 312.40,  0.090,   6.41,  0.025, 146.31,  0.084,   3.41,-99.000, -99.00,-99.000, -99.00,-99.000, -99.00,-99.000, -99.00,
9/10/2006 05:00:00, 11.0,275.8,  1.1,  3.0, 18.628, 29.29,  0.0,  0.0,  0.133, 357.42,  0.128,  29.97,  0.056, 343.50,  0.168,  39.19,  0.089, 338.92,  0.146, 323.05,  0.197, 316.65,  0.111, 357.94,  0.167, 326.21,  0.095, 327.48,  0.130, 313.13,  0.084,   3.41,  0.120, 352.34,  0.113,  14.41,  0.070,  38.02,  0.133,  63.63,-99.000, -99.00,-99.000, -99.00,-99.000, -99.00,-99.000, -99.00,
9/10/2006 05:05:00, 11.0,275.9,  1.2,  3.0, 18.633, 29.29,  0.0,  0.0,  0.087,  20.10,  0.075,   2.29,  0.146, 327.83,  0.149, 340.84,  0.082,   4.88,  0.084, 303.31,  0.124, 317.29,  0.110, 351.65,  0.148, 340.22,  0.198,   0.00,  0.233, 343.51,  0.141, 306.95,  0.150, 320.15,  0.165, 341.24,  0.103, 351.09,  0.097, 353.46,-99.000, -99.00,-99.000, -99.00,-99.000, -99.00,-99.000, -99.00,
9/10/2006 05:10:00, 11.0,275.9,  1.2,  3.0, 18.641, 29.29,  0.0,  0.0,  0.136,  36.62,  0.094,  15.36,  0.194, 342.03,  0.104, 320.48,  0.106, 319.57,  0.141, 338.73,  0.121, 311.32,  0.121, 289.33,  0.116, 310.44,  0.141, 346.46,  0.165,  14.04,  0.123, 348.23,  0.138,   2.08,  0.136, 353.66,  0.182, 318.78,  0.131, 339.90,-99.000, -99.00,-99.000, -99.00,-99.000, -99.00,-99.000, -99.00,
9/10/2006 05:15:00, 11.0,275.9,  1.2,  3.0, 18.646, 29.29,  0.0,  0.0,  0.115,   3.48,  0.043, 345.32,  0.077,  17.27,  0.125, 337.94,  0.106, 354.61,  0.061,   4.69,  0.092, 316.76,  0.096, 300.04,  0.135, 337.41,  0.109,   3.15,  0.134, 338.99,  0.135, 334.57,  0.114, 335.68,  0.121, 326.44,  0.106,  13.12,  0.128,  44.68,-99.000, -99.00,-99.000, -99.00,-99.000, -99.00,-99.000, -99.00,
9/10/2006 05:20:00, 11.0,275.8,  1.2,  3.0, 18.652, 29.29,  0.0,  0.0,  0.105, 308.83,  0.172,  11.77,  0.111, 346.46,  0.110, 335.30,  0.073,   1.57,  0.106,   8.13,  0.153, 349.06,  0.067, 347.01,  0.056, 337.07,  0.048, 308.29,  0.116, 291.71,  0.102, 311.03,  0.082, 357.90,  0.093, 358.15,  0.089, 107.01,  0.111, 100.91,-99.000, -99.00,-99.000, -99.00,-99.000, -99.00,-99.000, -99.00,
9/10/2006 05:25:00, 11.0,275.9,  1.1,  3.0, 18.659, 29.29,  0.0,  0.0,  0.123, 347.32,  0.116,  20.79,  0.137, 331.19,  0.029,   0.00,  0.139, 313.55,  0.117,  32.47,  0.135,  18.17,  0.087,   2.63,  0.202, 322.45,  0.136, 339.84,  0.160, 315.00,  0.109, 315.74,  0.036,  20.92,  0.117,  24.16,  0.160,  87.85,  0.232,  95.44,-99.000, -99.00,-99.000, -99.00,-99.000, -99.00,-99.000, -99.00,
9/10/2006 05:30:00, 11.0,275.9,  1.2,  3.0, 18.652, 29.29,  0.0,  0.0,  0.157,   1.09,  0.151, 317.14,  0.100, 349.03,  0.125,  32.30,  0.074, 329.97,  0.130, 294.99,  0.090, 327.19,  0.121,   9.54,  0.011, 236.31,  0.059,  33.15,  0.064,  96.24,  0.054, 268.94,  0.045, 273.81,  0.165, 113.61,  0.277, 135.73,  0.180, 130.95,-99.000, -99.00,-99.000, -99.00,-99.000, -99.00,-99.000, -99.00,
9/10/2006 05:35:00, 11.0,275.9,  1.1,  3.0, 18.672, 29.29,  0.0,  0.0,  0.093, 332.61,  0.061, 323.70,  0.122, 314.67,  0.080, 320.10,  0.108, 301.33,  0.042,  95.44,  0.046,  60.10,  0.141,  32.56,  0.037,  90.00,  0.044, 320.53,  0.104,   9.37,  0.104,  56.77,  0.082,  57.48,  0.155, 152.28,  0.059, 196.89,  0.090, 221.85,-99.000, -99.00,-99.000, -99.00,-99.000, -99.00,-99.000, -99.00,
9/10/2006 05:40:00, 11.0,275.9,  1.1,  3.0, 18.676, 29.29,  0.0,  0.0,  0.185, 354.72,  0.104, 354.51,  0.080,   0.00,  0.034, 227.39,  0.082,  14.04,  0.135, 350.19,  0.137, 334.93,  0.119, 283.10,  0.070, 222.11,  0.143, 268.00,  0.148, 251.93,  0.122, 230.97,  0.082, 250.02,  0.119, 299.15,  0.052, 325.10,  0.122, 302.25,-99.000, -99.00,-99.000, -99.00,-99.000, -99.00,-99.000, -99.00,
9/10/2006 05:45:00, 11.0,275.9,  1.2,  3.0, 18.679, 29.29,  0.0,  0.0,  0.232, 245.31,  0.153, 262.13,  0.065, 345.75,  0.083, 236.31,  0.111, 168.08,  0.159, 151.02,  0.160, 177.49,  0.208, 180.55,  0.228, 174.21,  0.195, 195.18,  0.218, 155.08,  0.208, 159.99,  0.356, 151.13,  0.273, 159.64,  0.196, 158.79,  0.106, 162.94,-99.000, -99.00,-99.000, -99.00,-99.000, -99.00,-99.000, -99.00,
9/10/2006 05:50:00, 11.0,275.9,  1.2,  3.0, 18.682, 29.29,  0.0,  0.0,  0.069, 315.59,  0.092, 310.13,  0.117, 302.47,  0.123, 319.96,  0.129, 313.11,  0.089, 310.46,  0.093, 306.25,  0.128, 345.10,  0.179, 322.04,  0.217, 349.62,  0.184, 304.12,  0.123, 330.31,  0.103, 258.25,  0.057, 173.00,  0.134, 158.59,  0.108, 146.31,-99.000, -99.00,-99.000, -99.00,-99.000, -99.00,-99.000, -99.00,
9/10/2006 05:55:00, 11.0,275.9,  1.1,  3.0, 18.690, 29.29,  0.0,  0.0,  0.120, 347.94,  0.091, 308.76,  0.120, 263.77,  0.201, 324.33,  0.089, 324.16,  0.085, 328.92,  0.026, 344.36,  0.143, 302.69,  0.082, 297.50,  0.109, 333.20,  0.142, 289.33,  0.063, 295.35,  0.112, 308.82,  0.168, 279.57,  0.190, 290.63,  0.132,   6.10,-99.000, -99.00,-99.000, -99.00,-99.000, -99.00,-99.000, -99.00,
9/10/2006 06:00:00, 11.0,275.8,  1.2,  3.0, 18.683, 29.29,  0.0,  0.0,  0.130, 342.54,  0.082, 327.48,  0.094,   1.22,  0.039, 226.04,  0.105, 276.04,  0.125, 314.68,  0.172, 324.00,  0.098, 347.66,  0.182, 314.78,  0.147, 330.30,  0.189, 331.53,  0.046, 306.12,  0.155, 301.85,  0.138, 316.47,  0.089, 306.36,  0.078, 338.06,-99.000, -99.00,-99.000, -99.00,-99.000, -99.00,-99.000, -99.00,
9/10/2006 06:05:00, 11.0,275.9,  1.2,  3.0, 18.708, 29.29,  0.0,  0.0,  0.103, 312.24,  0.098, 306.29,  0.087, 337.83,  0.028, 307.69,  0.035,   3.27,  0.080, 349.25,  0.108, 332.49,  0.108, 341.06,  0.041, 315.00,  0.096, 310.34,  0.071, 340.29,  0.088, 291.32,  0.061, 329.20,  0.156, 313.19,  0.089, 287.62,  0.071,  45.57,-99.000, -99.00,-99.000, -99.00,-99.000, -99.00,-99.000, -99.00,
9/10/2006 06:10:00, 11.0,275.8,  1.2,  3.0, 18.708, 29.29,  0.0,  0.0,  0.046, 321.15,  0.082,  17.77,  0.104, 309.95,  0.030, 277.59,  0.099, 297.08,  0.034, 287.35,  0.104, 352.26,  0.105, 356.19,  0.078, 336.71,  0.133, 331.32,  0.124, 323.87,  0.154, 308.66,  0.173, 305.61,  0.100, 298.11,  0.084, 289.52,  0.031, 348.69,-99.000, -99.00,-99.000, -99.00,-99.000, -99.00,-99.000, -99.00,
9/10/2006 06:15:00, 11.0,275.9,  1.2,  3.0, 18.719, 29.29,  0.0,  0.0,  0.087, 314.53,  0.118, 294.61,  0.078, 325.49,  0.058, 326.31,  0.104, 313.83,  0.089, 299.74,  0.093,   0.62,  0.141, 326.31,  0.047,   9.87,  0.097,   2.36,  0.110, 355.32,  0.071,  45.00,  0.057, 297.01,  0.071, 313.30,  0.102, 302.60,  0.066, 336.91,-99.000, -99.00,-99.000, -99.00,-99.000, -99.00,-99.000, -99.00,
9/10/2006 06:20:00, 11.0,275.9,  1.2,  3.0, 18.727, 29.29,  0.0,  0.0,  0.062, 346.87,  0.053, 325.71,  0.084, 270.68,  0.037, 273.09,  0.045, 339.15,  0.125, 291.63,  0.029, 330.75,  0.138, 322.96,  0.079, 267.83,  0.063, 358.18,  0.097, 324.19,  0.104, 307.97,  0.090, 316.35,  0.086, 324.46,  0.015, 246.80,  0.052, 311.08,-99.000, -99.00,-99.000, -99.00,-99.000, -99.00,-99.000, -99.00,
9/10/2006 06:25:00, 11.0,275.8,  1.1,  3.0, 18.730, 29.29,  0.0,  0.0,  0.081, 336.61,  0.083,   5.51,  0.095, 345.38,  0.139, 321.15,  0.018, 326.31,  0.080, 341.11,  0.101, 334.71,  0.126, 321.77,  0.116, 331.67,  0.158, 327.11,  0.121, 304.22,  0.158, 322.19,  0.096, 357.02,  0.121, 325.39,  0.043, 326.31,  0.059,  19.65,-99.000, -99.00,-99.000, -99.00,-99.000, -99.00,-99.000, -99.00,
9/10/2006 06:30:00, 11.0,275.9,  1.2,  3.0, 18.744, 29.29,  0.0,  0.0,  0.040, 339.78,  0.056, 291.04,  0.082, 272.79,  0.052, 341.92,  0.114, 345.23,  0.088, 312.23,  0.136, 313.81,  0.121, 272.84,  0.186, 277.43,  0.117, 304.23,  0.055, 339.93,  0.085, 317.86,  0.073, 284.98,  0.093, 326.82,  0.092, 310.13,  0.037, 306.25,-99.000, -99.00,-99.000, -99.00,-99.000, -99.00,-99.000, -99.00,
9/10/2006 06:35:00, 11.0,275.9,  1.2,  3.0, 18.743, 29.29,  0.0,  0.0,  0.126, 327.32,  0.047, 260.13,  0.081, 355.06,  0.065, 292.62,  0.087, 326.31,  0.083,  15.38,  0.115, 334.77,  0.086, 330.17,  0.107, 342.07,  0.109, 309.07,  0.116, 324.81,  0.088,  37.65,  0.038, 288.43,  0.138, 316.47,  0.094, 332.89,  0.059, 269.03,-99.000, -99.00,-99.000, -99.00,-99.000, -99.00,-99.000, -99.00,
9/10/2006 06:40:00, 11.0,276.0,  1.2,  3.0, 18.745, 29.29,  0.0,  0.0,  0.050,  38.48,  0.068,  10.98,  0.104, 346.10,  0.084, 344.15,  0.113, 294.53,  0.045, 203.70,  0.060, 340.67,  0.062, 279.31,  0.055, 257.47,  0.024,  33.02,  0.080, 339.53,  0.089, 346.28,  0.082, 309.09,  0.076, 264.74,  0.062, 283.13,  0.020, 264.29,-99.000, -99.00,-99.000, -99.00,-99.000, -99.00,-99.000, -99.00,
9/10/2006 06:45:00, 11.0,275.9,  1.2,  3.0, 18.751, 29.29,  0.0,  0.0,  0.055, 110.07,  0.070, 293.63,  0.084,  53.67,  0.060,  25.71,  0.105, 316.92,  0.105, 281.52,  0.103, 267.78,  0.037, 287.45,  0.085, 340.07,  0.190, 332.35,  0.101, 345.14,  0.057, 283.07,  0.037, 330.64,  0.095, 333.71,  0.146, 313.33,  0.079, 326.92,-99.000, -99.00,-99.000, -99.00,-99.000, -99.00,-99.000, -99.00,
9/10/2006 06:50:00, 11.0,275.9,  1.2,  3.0, 18.764, 29.29,  0.0,  0.0,  0.044,   7.77,  0.102, 331.93,  0.117, 294.81,  0.106, 267.84,  0.030,  46.33,  0.107, 306.66,  0.134, 278.55,  0.120, 287.53,  0.079, 302.08,  0.086, 317.37,  0.135, 281.98,  0.036, 183.18,  0.058, 345.96,  0.036, 333.43,  0.086, 286.96,  0.085, 289.29,-99.000, -99.00,-99.000, -99.00,-99.000, -99.00,-99.000, -99.00,
9/10/2006 06:55:00, 11.0,275.9,  1.2,  3.0, 18.782, 29.29,  0.0,  0.0,  0.148,  17.33,  0.123,   1.86,  0.075,  29.65,  0.038,  79.29,  0.060, 321.04,  0.136, 303.34,  0.097,   4.13,  0.107, 318.41,  0.037, 271.55,  0.115, 264.49,  0.044, 287.20,  0.067, 332.28,  0.051, 356.63,  0.108, 259.32,  0.104, 253.83,  0.056, 282.31,-99.000, -99.00,-99.000, -99.00,-99.000, -99.00,-99.000, -99.00,
9/10/2006 07:00:00, 11.0,275.9,  1.2,  3.0, 18.787, 29.29,  0.0,  0.0,  0.039, 275.86,  0.070, 283.24,  0.091, 249.37,  0.113, 292.46,  0.046, 258.69,  0.108, 277.45,  0.090, 248.55,  0.064, 228.14,  0.046, 338.43,  0.088, 354.16,  0.118, 334.95,  0.075, 291.80,  0.056, 295.20,  0.037, 274.64,  0.058, 270.00,  0.042, 263.21,-99.000, -99.00,-99.000, -99.00,-99.000, -99.00,-99.000, -99.00,
9/10/2006 07:05:00, 11.0,275.9,  1.2,  3.0, 18.802, 29.29,  0.0,  0.0,  0.125, 311.44,  0.088, 243.73,  0.055, 317.94,  0.063,   4.54,  0.108, 316.87,  0.075, 265.43,  0.054, 284.04,  0.018,  38.16,  0.036, 327.65,  0.014, 149.74,  0.030, 162.76,  0.046, 108.82,  0.086, 308.87,  0.071, 320.71,  0.045, 239.47,  0.030, 277.59,-99.000, -99.00,-99.000, -99.00,-99.000, -99.00,-99.000, -99.00,
9/10/2006 07:10:00, 11.0,275.9,  1.2,  3.0, 18.817, 29.29,  0.0,  0.0,  0.030, 214.22,  0.075, 305.18,  0.110, 293.54,  0.123, 317.63,  0.068, 293.53,  0.032, 218.66,  0.062, 108.73,  0.057, 296.11,  0.026, 240.52,  0.071, 270.00,  0.074, 315.00,  0.144, 284.91,  0.051, 254.05,  0.095, 292.25,  0.139, 278.25,  0.129, 282.09,-99.000, -99.00,-99.000, -99.00,-99.000, -99.00,-99.000, -99.00,
9/10/2006 07:15:00, 11.0,275.9,  1.2,  3.0, 18.819, 29.29,  0.0,  0.0,  0.046, 263.80,  0.021,  27.76,  0.054,  61.05,  0.124, 314.02,  0.129, 318.14,  0.094, 346.41,  0.079, 307.30,  0.050, 323.13,  0.054, 220.49,  0.106, 249.51,  0.084, 270.00,  0.110, 306.87,  0.129, 299.14,  0.066, 300.07,  0.045, 234.90,  0.056, 298.86,-99.000, -99.00,-99.000, -99.00,-99.000, -99.00,-99.000, -99.00,
9/10/2006 07:20:00, 11.0,275.8,  1.2,  3.0, 18.832, 29.29,  0.0,  0.0,  0.043, 324.46,  0.102, 344.05,  0.027,  23.75,  0.082, 315.00,  0.084, 293.82,  0.049, 319.14,  0.045, 167.20,  0.055, 346.22,  0.022, 110.85,  0.079, 220.91,  0.119, 280.18,  0.067, 299.64,  0.060, 308.21,  0.054, 212.23,  0.045, 216.87,  0.005,  21.80,-99.000, -99.00,-99.000, -99.00,-99.000, -99.00,-99.000, -99.00,
9/10/2006 07:25:00, 11.0,275.9,  1.2,  3.0, 18.850, 29.29,  0.0,  0.0,  0.099, 320.34,  0.063,  37.95,  0.066, 302.01,  0.078,   2.94,  0.038,  90.00,  0.095, 203.59,  0.051, 273.37,  0.072, 296.57,  0.091, 309.64,  0.092, 325.62,  0.067, 290.85,  0.075, 291.09,  0.047, 302.01,  0.049, 298.14,  0.038, 305.36,  0.022, 256.61,-99.000, -99.00,-99.000, -99.00,-99.000, -99.00,-99.000, -99.00,
9/10/2006 07:30:00, 11.0,275.8,  1.2,  3.0, 18.858, 29.29,  0.0,  0.0,  0.102, 335.70,  0.176, 338.99,  0.042, 350.31,  0.101, 341.57,  0.077, 310.28,  0.044, 337.48,  0.061,   7.59,  0.070, 312.11,  0.072, 308.78,  0.097, 291.25,  0.052, 298.52,  0.117, 321.95,  0.055, 199.09,  0.074, 270.77,  0.078, 306.14,  0.031, 330.95,-99.000, -99.00,-99.000, -99.00,-99.000, -99.00,-99.000, -99.00,
9/10/2006 07:35:00, 11.0,275.9,  1.2,  3.0, 18.856, 29.30,  0.0,  0.0,  0.076, 353.16,  0.068, 209.95,  0.071,  40.43,  0.083, 312.55,  0.058, 302.32,  0.087, 330.50,  0.124, 264.43,  0.115, 284.04,  0.025, 173.16,  0.065, 311.27,  0.078, 307.75,  0.066, 221.92,  0.041, 254.62,  0.088, 249.29,  0.112, 260.79,  0.041, 261.67,-99.000, -99.00,-99.000, -99.00,-99.000, -99.00,-99.000, -99.00,
9/10/2006 07:40:00, 11.0,275.7,  1.2,  3.0, 18.869, 29.30,  0.0,  0.0,  0.067, 335.34,  0.025,   9.09,  0.086, 342.41,  0.089,  17.01,  0.080, 355.00,  0.036,  35.91,  0.052, 283.24,  0.028, 229.40,  0.002, 153.43,  0.046, 277.43,  0.092, 270.00,  0.090, 177.46,  0.088, 238.48,  0.064, 260.98,  0.067, 237.72,  0.002, 270.00,-99.000, -99.00,-99.000, -99.00,-99.000, -99.00,-99.000, -99.00,
9/10/2006 07:45:00, 11.0,275.9,  1.2,  3.0, 18.883, 29.30,  0.0,  0.0,  0.072, 211.92,  0.058, 321.95,  0.007, 278.13,  0.138,   3.73,  0.096, 254.95,  0.068, 247.57,  0.082, 250.68,  0.113, 291.80,  0.031, 309.81,  0.108, 292.78,  0.147, 278.63,  0.063, 308.52,  0.057, 302.01,  0.058, 284.04,  0.086, 280.78,  0.033, 336.57,-99.000, -99.00,-99.000, -99.00,-99.000, -99.00,-99.000, -99.00,
9/10/2006 07:50:00, 11.0,275.9,  1.2,  3.0, 18.889, 29.30,  0.0,  0.0,  0.072,   0.00,  0.088, 210.63,  0.054, 139.51,  0.024, 337.75,  0.028, 175.91,  0.112, 296.57,  0.077,  50.29,  0.036,  15.95,  0.053, 298.01,  0.114, 288.43,  0.129, 313.43,  0.052, 324.46,  0.069, 359.17,  0.028, 322.31,  0.037, 257.47,  0.034, 335.70,-99.000, -99.00,-99.000, -99.00,-99.000, -99.00,-99.000, -99.00,
9/10/2006 07:55:00, 11.0,275.9,  1.2,  3.0, 18.896, 29.30,  0.0,  0.0,  0.082, 284.04,  0.111, 309.87,  0.056, 274.09,  0.070, 353.48,  0.052, 251.92,  0.131, 334.61,  0.052,  84.51,  0.053, 304.29,  0.064,  30.96,  0.073, 281.93,  0.108, 341.06,  0.027,  15.07,  0.032,  81.12,  0.086,  23.90,  0.060, 312.98,  0.073, 281.00,-99.000, -99.00,-99.000, -99.00,-99.000, -99.00,-99.000, -99.00,
9/10/2006 08:00:00, 11.0,275.8,  1.2,  3.0, 18.905, 29.30,  0.0,  0.0,  0.032, 321.34,  0.103, 270.56,  0.103, 275.55,  0.098, 284.18,  0.056, 334.80,  0.028, 357.95,  0.072, 313.88,  0.081, 340.44,  0.048,  39.04,  0.083,   6.95,  0.057, 300.62,  0.078, 341.33,  0.171, 293.73,  0.069, 337.13,  0.050, 352.03,  0.051, 231.34,-99.000, -99.00,-99.000, -99.00,-99.000, -99.00,-99.000, -99.00,
9/10/2006 08:05:00, 11.0,275.9,  1.2,  3.0, 18.908, 29.30,  0.0,  0.0,  0.116, 303.00,  0.106, 323.02,  0.138, 326.54,  0.089, 276.48,  0.059, 356.12,  0.065, 305.64,  0.016, 201.80,  0.065, 250.17,  0.027, 213.11,  0.049, 345.96,  0.064, 275.36,  0.102, 263.22,  0.020,  49.09,  0.028, 322.31,  0.084, 311.63,  0.070, 328.34,-99.000, -99.00,-99.000, -99.00,-99.000, -99.00,-99.000, -99.00,
9/10/2006 08:10:00, 11.0,275.9,  1.1,  3.0, 18.928, 29.29,  0.0,  0.0,  0.155, 246.41,  0.005, 323.13,  0.121, 237.49,  0.067, 310.14,  0.065, 327.53,  0.063, 269.09,  0.070,  92.45,  0.060, 355.24,  0.015, 156.80,  0.143, 224.43,  0.055, 281.51,  0.107, 259.74,  0.071, 276.43,  0.035, 349.99,  0.030, 315.00,  0.012, 318.37,-99.000, -99.00,-99.000, -99.00,-99.000, -99.00,-99.000, -99.00,
9/10/2006 08:15:00, 11.0,275.8,  1.2,  3.0, 18.930, 29.29,  0.0,  0.0,  0.037, 337.62,  0.182, 257.64,  0.122, 304.34,  0.078, 313.96,  0.030, 187.59,  0.130, 323.13,  0.135, 321.60,  0.055, 278.43,  0.048, 259.16,  0.113, 329.82,  0.060, 299.15,  0.100, 315.81,  0.026, 351.25,  0.058, 261.03,  0.092, 260.03,  0.083, 265.87,-99.000, -99.00,-99.000, -99.00,-99.000, -99.00,-99.000, -99.00,
9/10/2006 08:20:00, 11.0,275.9,  1.2,  3.0, 18.941, 29.28,  0.0,  0.0,  0.044, 357.40,  0.034, 281.98,  0.038, 219.61,  0.173, 266.03,  0.128, 299.58,  0.083, 304.26,  0.126, 316.93,  0.099, 323.59,  0.065, 352.00,  0.065, 271.76,  0.063, 286.70,  0.038, 341.57,  0.116, 275.46,  0.096, 275.36,  0.146, 300.96,  0.121, 339.61,-99.000, -99.00,-99.000, -99.00,-99.000, -99.00,-99.000, -99.00,
9/10/2006 08:25:00, 11.0,275.8,  1.2,  3.0, 18.938, 29.28,  0.0,  0.0,  0.194, 265.56,  0.154, 308.14,  0.126, 345.30,  0.035, 317.29,  0.057, 298.37,  0.053, 349.11,  0.109, 333.90,  0.176, 309.47,  0.141, 323.37,  0.079, 310.36,  0.054, 318.01,  0.066, 293.09,  0.088, 312.71,  0.090, 300.85,  0.086, 286.96,  0.042, 305.22,-99.000, -99.00,-99.000, -99.00,-99.000, -99.00,-99.000, -99.00,
9/10/2006 08:30:00, 11.0,275.9,  1.2,  3.0, 18.949, 29.28,  0.0,  0.0,  0.089, 313.18,  0.118, 286.28,  0.096, 277.79,  0.080, 322.13,  0.065, 284.25,  0.126, 305.33,  0.131, 315.31,  0.121, 300.80,  0.180, 342.57,  0.134, 329.62,  0.146, 311.11,  0.127, 318.52,  0.080, 310.45,  0.062, 303.18,  0.027, 246.25,  0.041, 255.96,-99.000, -99.00,-99.000, -99.00,-99.000, -99.00,-99.000, -99.00,
9/10/2006 08:35:00, 11.0,275.8,  1.2,  3.0, 18.966, 29.28,  0.0,  0.0,  0.133, 326.67,  0.151, 282.65,  0.171, 280.45,  0.121, 287.24,  0.118, 271.94,  0.158, 304.40,  0.153, 305.45,  0.121, 295.50,  0.097, 320.04,  0.159, 318.81,  0.131, 309.41,  0.101, 294.02,  0.041, 279.93,  0.149, 293.30,  0.059, 275.81,  0.046, 298.81,-99.000, -99.00,-99.000, -99.00,-99.000, -99.00,-99.000, -99.00,
9/10/2006 08:40:00, 11.0,275.9,  1.2,  3.0, 18.969, 29.28,  0.0,  0.0,  0.166, 275.19,  0.149, 303.26,  0.124, 308.44,  0.178, 307.00,  0.085, 314.05,  0.140, 301.31,  0.100, 274.57,  0.156, 291.46,  0.190, 258.16,  0.006,  90.00,  0.120, 276.23,  0.166, 264.46,  0.229, 284.95,  0.154, 304.93,  0.126, 292.90,  0.009, 319.40,-99.000, -99.00,-99.000, -99.00,-99.000, -99.00,-99.000, -99.00,
9/10/2006 08:45:00, 11.0,275.8,  1.2,  3.0, 18.986, 29.28,  0.0,  0.0,  0.156, 300.52,  0.157, 306.43,  0.133, 303.69,  0.085, 325.01,  0.119, 296.35,  0.120, 330.43,  0.142, 304.70,  0.184, 295.45,  0.105, 318.87,  0.157, 291.67,  0.128, 278.07,  0.100, 282.09,  0.115, 276.01,  0.074, 307.33,  0.099, 347.22,  0.030, 316.33,-99.000, -99.00,-99.000, -99.00,-99.000, -99.00,-99.000, -99.00,
9/10/2006 08:50:00, 11.0,275.8,  1.2,  3.0, 19.000, 29.28,  0.0,  0.0,  0.177, 262.19,  0.190, 322.47,  0.083, 271.38,  0.181, 305.10,  0.090,   8.94,  0.171, 306.94,  0.076, 325.68,  0.175, 313.84,  0.136, 282.30,  0.133, 337.88,  0.183, 279.41,  0.151, 294.70,  0.138, 324.46,  0.079, 283.16,  0.113, 268.99,  0.046, 334.00,-99.000, -99.00,-99.000, -99.00,-99.000, -99.00,-99.000, -99.00,
9/10/2006 08:55:00, 11.0,275.8,  1.2,  3.0, 19.020, 29.28,  0.0,  0.0,  0.069, 329.74,  0.117, 314.65,  0.113, 295.66,  0.163, 330.12,  0.093, 336.48,  0.089, 328.82,  0.115, 277.00,  0.098, 251.57,  0.122, 263.40,  0.115, 287.18,  0.144, 275.19,  0.204, 255.56,  0.194, 259.62,  0.162, 268.94,  0.094, 276.75,  0.066, 220.70,-99.000, -99.00,-99.000, -99.00,-99.000, -99.00,-99.000, -99.00,
9/10/2006 09:00:00, 11.0,275.9,  1.2,  3.0, 19.019, 29.28,  0.0,  0.0,  0.130, 314.38,  0.023, 282.80,  0.100, 291.16,  0.092, 333.43,  0.141, 304.03,  0.118, 297.87,  0.198, 294.11,  0.186, 294.78,  0.103, 347.05,  0.141, 330.15,  0.113, 278.63,  0.061, 270.00,  0.127, 278.13,  0.072, 273.97,  0.109, 294.92,  0.049, 261.87,-99.000, -99.00,-99.000, -99.00,-99.000, -99.00,-99.000, -99.00,
9/10/2006 09:05:00, 11.0,275.9,  1.2,  3.0, 19.023, 29.29,  0.0,  0.0,  0.102, 262.11,  0.233, 286.49,  0.136, 304.51,  0.249, 285.38,  0.118, 281.69,  0.045, 315.00,  0.152, 253.59,  0.172, 262.67,  0.135, 261.51,  0.139, 253.26,  0.116, 276.45,  0.171, 284.20,  0.118, 283.68,  0.121, 269.05,  0.112, 280.81,  0.080, 305.29,-99.000, -99.00,-99.000, -99.00,-99.000, -99.00,-99.000, -99.00,
9/10/2006 09:10:00, 11.0,275.8,  1.2,  3.0, 19.025, 29.29,  0.0,  0.0,  0.154, 321.34,  0.160, 259.18,  0.134, 317.12,  0.187, 287.76,  0.114, 281.60,  0.174, 287.71,  0.175, 266.40,  0.122, 312.34,  0.157, 297.38,  0.221, 294.02,  0.213, 291.75,  0.161, 281.80,  0.199, 293.35,  0.188, 265.72,  0.223, 282.67,  0.122, 313.00,-99.000, -99.00,-99.000, -99.00,-99.000, -99.00,-99.000, -99.00,
9/10/2006 09:15:00, 11.0,275.9,  1.2,  3.0, 19.036, 29.29,  0.0,  0.0,  0.125, 335.90,  0.216, 295.85,  0.141, 282.26,  0.154, 278.60,  0.186, 283.06,  0.169, 267.29,  0.140, 284.43,  0.153, 300.58,  0.134, 290.61,  0.241, 278.10,  0.160, 275.03,  0.122, 269.53,  0.198, 309.47,  0.161, 296.57,  0.175, 296.86,  0.139, 316.45,-99.000, -99.00,-99.000, -99.00,-99.000, -99.00,-99.000, -99.00,
9/10/2006 09:20:00, 11.0,275.8,  1.2,  3.0, 19.032, 29.30,  0.0,  0.0,  0.098, 278.21,  0.154, 304.93,  0.158, 291.87,  0.172, 310.53,  0.153, 291.04,  0.228, 283.73,  0.158, 289.24,  0.235, 293.62,  0.201, 299.11,  0.141, 294.75,  0.165, 274.16,  0.103, 282.95,  0.172, 299.54,  0.235, 283.80,  0.212, 286.98,  0.121, 291.89,-99.000, -99.00,-99.000, -99.00,-99.000, -99.00,-99.000, -99.00,
9/10/2006 09:25:00, 11.0,275.9,  1.2,  3.0, 19.040, 29.30,  0.0,  0.0,  0.091, 264.35,  0.158, 269.27,  0.055, 337.62,  0.111, 286.80,  0.239, 278.91,  0.192, 290.14,  0.158, 290.39,  0.242, 278.33,  0.188, 282.26,  0.155, 284.22,  0.174, 273.29,  0.225, 282.06,  0.158, 281.31,  0.168, 287.35,  0.209, 283.57,  0.042, 294.10,-99.000, -99.00,-99.000, -99.00,-99.000, -99.00,-99.000, -99.00,
9/10/2006 09:30:00, 11.0,275.8,  1.2,  3.0, 19.054, 29.29,  0.0,  0.0,  0.111, 282.53,  0.120, 289.94,  0.231, 300.45,  0.317, 304.99,  0.214, 297.52,  0.180, 300.69,  0.177, 289.46,  0.132, 323.65,  0.145, 299.40,  0.138, 284.64,  0.253, 272.04,  0.161, 272.49,  0.222, 274.40,  0.224, 289.00,  0.191, 300.86,  0.063, 344.43,-99.000, -99.00,-99.000, -99.00,-99.000, -99.00,-99.000, -99.00,
9/10/2006 09:35:00, 11.0,275.8,  1.2,  3.0, 19.065, 29.29,  0.0,  0.0,  0.245, 289.03,  0.230, 282.58,  0.315, 279.88,  0.215, 317.26,  0.104, 300.49,  0.151, 285.79,  0.288, 296.12,  0.210, 288.35,  0.127, 289.71,  0.175, 274.25,  0.211, 297.42,  0.180, 309.36,  0.122, 304.34,  0.170, 315.24,  0.220, 309.47,  0.083, 274.82,-99.000, -99.00,-99.000, -99.00,-99.000, -99.00,-99.000, -99.00,
9/10/2006 09:40:00, 11.0,275.8,  1.1,  3.0, 19.065, 29.29,  0.0,  0.0,  0.226, 305.10,  0.197, 300.86,  0.233, 285.71,  0.292, 292.17,  0.252, 309.05,  0.195, 278.84,  0.201, 278.85,  0.201, 303.22,  0.226, 303.27,  0.313, 287.28,  0.293, 299.62,  0.218, 301.28,  0.237, 288.21,  0.218, 302.45,  0.173, 302.95,  0.105, 304.14,-99.000, -99.00,-99.000, -99.00,-99.000, -99.00,-99.000, -99.00,
9/10/2006 09:45:00, 11.0,275.8,  1.2,  3.0, 19.077, 29.29,  0.0,  0.0,  0.262, 296.57,  0.207, 299.16,  0.288, 285.48,  0.251, 293.50,  0.265, 289.19,  0.233, 285.41,  0.201, 294.40,  0.180, 313.20,  0.218, 289.85,  0.223, 287.46,  0.203, 312.41,  0.244, 304.67,  0.178, 299.59,  0.252, 314.03,  0.242, 329.40,  0.088, 320.53,-99.000, -99.00,-99.000, -99.00,-99.000, -99.00,-99.000, -99.00,
9/10/2006 09:50:00, 11.0,275.9,  1.2,  3.0, 19.082, 29.29,  0.0,  0.0,  0.247, 297.70,  0.253, 284.92,  0.216, 287.76,  0.198, 286.42,  0.199, 313.17,  0.256, 297.47,  0.280, 288.31,  0.361, 290.95,  0.232, 302.66,  0.248, 302.67,  0.283, 305.37,  0.213, 303.32,  0.246, 321.45,  0.217, 319.48,  0.214, 302.43,  0.074, 315.55,-99.000, -99.00,-99.000, -99.00,-99.000, -99.00,-99.000, -99.00,
9/10/2006 09:55:00, 11.0,275.8,  1.2,  3.0, 19.081, 29.30,  0.0,  0.0,  0.278, 287.13,  0.187, 300.54,  0.301, 290.85,  0.269, 287.96,  0.320, 295.52,  0.313, 280.66,  0.258, 281.88,  0.289, 294.53,  0.305, 290.75,  0.187, 290.95,  0.284, 300.27,  0.258, 301.53,  0.176, 300.35,  0.171, 301.83,  0.243, 304.93,  0.109, 326.60,-99.000, -99.00,-99.000, -99.00,-99.000, -99.00,-99.000, -99.00,
9/10/2006 10:00:00, 11.0,275.8,  1.2,  3.0, 19.098, 29.30,  0.0,  0.0,  0.221, 305.42,  0.263, 303.39,  0.176, 304.32,  0.269, 283.78,  0.237, 281.69,  0.311, 279.61,  0.201, 270.57,  0.282, 282.26,  0.234, 293.71,  0.311, 309.26,  0.243, 300.36,  0.180, 298.56,  0.273, 312.33,  0.277, 305.47,  0.259, 300.13,  0.042, 288.00,-99.000, -99.00,-99.000, -99.00,-99.000, -99.00,-99.000, -99.00,
9/10/2006 10:05:00, 11.0,275.9,  1.2,  3.0, 19.103, 29.30,  0.0,  0.0,  0.142, 334.52,  0.174, 305.88,  0.191, 310.54,  0.267, 306.48,  0.288, 293.28,  0.270, 297.32,  0.312, 301.75,  0.241, 304.35,  0.271, 291.92,  0.234, 293.94,  0.178, 292.82,  0.176, 289.57,  0.293, 303.04,  0.234, 305.79,  0.250, 298.72,  0.096, 329.44,-99.000, -99.00,-99.000, -99.00,-99.000, -99.00,-99.000, -99.00,
9/10/2006 10:10:00, 11.0,275.8,  1.2,  3.0, 19.101, 29.30,  0.0,  0.0,  0.318, 298.58,  0.223, 269.74,  0.252, 280.73,  0.258, 303.44,  0.300, 270.00,  0.252, 289.01,  0.237, 288.74,  0.221, 277.03,  0.310, 284.17,  0.296, 292.23,  0.245, 291.54,  0.293, 306.67,  0.310, 305.54,  0.261, 318.73,  0.279, 315.15,  0.189, 297.11,-99.000, -99.00,-99.000, -99.00,-99.000, -99.00,-99.000, -99.00,
9/10/2006 10:15:00, 11.0,275.9,  1.2,  3.0, 19.109, 29.30,  0.0,  0.0,  0.277, 327.40,  0.224, 303.69,  0.165, 300.61,  0.122, 297.82,  0.254, 284.58,  0.197, 276.98,  0.229, 273.50,  0.181, 296.99,  0.224, 289.00,  0.225, 273.83,  0.302, 290.96,  0.249, 289.75,  0.203, 307.38,  0.224, 299.78,  0.201, 311.78,  0.140, 299.13,-99.000, -99.00,-99.000, -99.00,-99.000, -99.00,-99.000, -99.00,
9/10/2006 10:20:00, 11.0,275.9,  1.2,  3.0, 19.114, 29.29,  0.0,  0.0,  0.232, 261.55,  0.225, 293.60,  0.299, 291.16,  0.299, 284.92,  0.300, 283.11,  0.306, 269.44,  0.257, 281.92,  0.199, 296.57,  0.308, 292.73,  0.248, 297.91,  0.310, 297.89,  0.225, 302.28,  0.205, 292.94,  0.211, 303.01,  0.216, 293.13,  0.113, 257.69,-99.000, -99.00,-99.000, -99.00,-99.000, -99.00,-99.000, -99.00,
9/10/2006 10:25:00, 11.0,275.9,  1.2,  3.0, 19.121, 29.29,  0.0,  0.0,  0.242, 280.71,  0.263, 284.51,  0.237, 302.95,  0.258, 284.14,  0.265, 289.87,  0.246, 291.46,  0.242, 278.33,  0.374, 274.14,  0.277, 281.23,  0.265, 300.82,  0.316, 286.19,  0.276, 318.23,  0.281, 313.41,  0.348, 299.21,  0.290, 315.00,  0.198, 300.72,-99.000, -99.00,-99.000, -99.00,-99.000, -99.00,-99.000, -99.00,
9/10/2006 10:30:00, 11.0,275.8,  1.2,  3.0, 19.114, 29.29,  0.0,  0.0,  0.234, 317.43,  0.288, 280.41,  0.260, 284.73,  0.267, 279.71,  0.330, 270.69,  0.254, 266.16,  0.255, 281.09,  0.223, 256.77,  0.271, 279.12,  0.251, 287.86,  0.174, 284.68,  0.218, 277.39,  0.222, 275.68,  0.194, 279.51,  0.257, 283.98,  0.174, 291.25,-99.000, -99.00,-99.000, -99.00,-99.000, -99.00,-99.000, -99.00,
9/10/2006 10:35:00, 11.0,276.0,  1.2,  3.0, 19.120, 29.30,  0.0,  0.0,  0.190, 288.72,  0.117, 313.96,  0.165, 303.88,  0.247, 327.92,  0.226, 324.90,  0.191, 302.36,  0.168, 311.38,  0.163, 286.43,  0.280, 293.17,  0.174, 278.92,  0.152, 275.30,  0.149, 273.46,  0.247, 283.59,  0.274, 279.46,  0.274, 291.14,  0.105, 292.41,-99.000, -99.00,-99.000, -99.00,-99.000, -99.00,-99.000, -99.00,
9/10/2006 10:40:00, 11.0,275.9,  1.2,  3.0, 19.113, 29.31,  0.0,  0.0,  0.213, 335.60,  0.242, 302.51,  0.222, 329.74,  0.325, 322.88,  0.246, 323.60,  0.256, 337.04,  0.204, 310.02,  0.289, 289.63,  0.193, 279.22,  0.212, 276.49,  0.275, 290.02,  0.280, 275.96,  0.237, 287.67,  0.183, 285.17,  0.154, 261.76,  0.099, 241.11,-99.000, -99.00,-99.000, -99.00,-99.000, -99.00,-99.000, -99.00,
9/10/2006 10:45:00, 11.0,275.8,  1.2,  3.0, 19.102, 29.33,  0.0,  0.0,  0.259, 307.93,  0.206, 300.92,  0.224, 318.62,  0.183, 303.17,  0.161, 293.39,  0.204, 305.24,  0.264, 296.76,  0.180, 297.85,  0.229, 296.12,  0.272, 301.00,  0.246, 298.13,  0.233, 298.43,  0.255, 290.21,  0.183, 287.15,  0.245, 299.60,  0.164, 306.59,-99.000, -99.00,-99.000, -99.00,-99.000, -99.00,-99.000, -99.00,
9/10/2006 10:50:00, 11.0,275.8,  1.2,  3.0, 19.110, 29.33,  0.0,  0.0,  0.159, 298.98,  0.202, 301.64,  0.189, 265.74,  0.198, 314.18,  0.176, 317.53,  0.118, 289.36,  0.131, 315.31,  0.271, 299.59,  0.207, 303.15,  0.268, 279.01,  0.216, 281.47,  0.184, 289.32,  0.202, 275.96,  0.174, 279.57,  0.224, 288.52,  0.102, 287.02,-99.000, -99.00,-99.000, -99.00,-99.000, -99.00,-99.000, -99.00,
9/10/2006 10:55:00, 11.0,275.9,  1.2,  3.0, 19.120, 29.33,  0.0,  0.0,  0.137, 302.76,  0.216, 313.69,  0.285, 321.12,  0.185, 312.38,  0.170, 321.92,  0.241, 307.25,  0.249, 303.69,  0.247, 294.90,  0.257, 302.27,  0.214, 301.84,  0.202, 286.37,  0.167, 285.95,  0.253, 299.30,  0.216, 272.65,  0.196, 278.50,  0.140, 311.80,-99.000, -99.00,-99.000, -99.00,-99.000, -99.00,-99.000, -99.00,
9/10/2006 11:00:00, 11.0,275.8,  1.2,  3.0, 19.113, 29.34,  0.0,  0.0,  0.208, 332.82,  0.274, 305.03,  0.196, 331.34,  0.217, 315.93,  0.241, 302.43,  0.186, 317.40,  0.221, 301.68,  0.213, 284.69,  0.195, 286.95,  0.184, 296.15,  0.175, 277.90,  0.184, 284.79,  0.145, 265.27,  0.189, 253.68,  0.247, 260.46,  0.137, 249.05,-99.000, -99.00,-99.000, -99.00,-99.000, -99.00,-99.000, -99.00,
9/10/2006 11:05:00, 11.0,275.9,  1.2,  3.0, 19.112, 29.35,  0.0,  0.0,  0.236, 316.55,  0.175, 337.10,  0.166, 314.27,  0.175, 311.06,  0.155, 295.57,  0.268, 287.83,  0.186, 318.49,  0.220, 308.90,  0.220, 316.29,  0.229, 282.09,  0.251, 294.01,  0.239, 274.80,  0.215, 272.40,  0.287, 276.60,  0.195, 263.53,  0.080, 197.53,-99.000, -99.00,-99.000, -99.00,-99.000, -99.00,-99.000, -99.00,
9/10/2006 11:10:00, 11.0,275.9,  1.2,  3.0, 19.114, 29.35,  0.0,  0.0,  0.159, 319.59,  0.197, 297.47,  0.119, 313.64,  0.211, 277.90,  0.169, 294.13,  0.105, 314.23,  0.184, 298.51,  0.210, 283.24,  0.176, 292.34,  0.163, 294.21,  0.105, 283.77,  0.196, 285.66,  0.174, 276.92,  0.209, 257.29,  0.215, 263.87,  0.124, 295.74,-99.000, -99.00,-99.000, -99.00,-99.000, -99.00,-99.000, -99.00,
9/10/2006 11:15:00, 11.0,275.9,  1.2,  3.0, 19.107, 29.36,  0.0,  0.0,  0.303, 297.75,  0.202, 304.32,  0.262, 306.78,  0.110, 296.57,  0.136, 288.03,  0.208, 300.40,  0.265, 312.55,  0.200, 297.97,  0.138, 305.87,  0.183, 316.99,  0.242, 305.26,  0.252, 292.60,  0.313, 290.17,  0.243, 287.99,  0.159, 279.05,  0.193, 304.02,-99.000, -99.00,-99.000, -99.00,-99.000, -99.00,-99.000, -99.00,
9/10/2006 11:20:00, 11.0,275.9,  1.2,  3.0, 19.103, 29.36,  0.0,  0.0,  0.166, 306.66,  0.205, 300.44,  0.191, 283.96,  0.264, 294.91,  0.220, 324.07,  0.157, 285.54,  0.302, 302.01,  0.217, 326.82,  0.216, 285.84,  0.249, 292.66,  0.185, 288.63,  0.152, 276.05,  0.144, 283.65,  0.142, 272.42,  0.197, 299.56,  0.072, 283.65,-99.000, -99.00,-99.000, -99.00,-99.000, -99.00,-99.000, -99.00,
9/10/2006 11:25:00, 11.0,275.9,  1.2,  3.0, 19.105, 29.36,  0.0,  0.0,  0.232, 303.21,  0.248, 285.66,  0.266, 279.96,  0.270, 278.73,  0.209, 291.90,  0.223, 283.73,  0.194, 278.00,  0.228, 296.90,  0.181, 295.86,  0.158, 290.73,  0.196, 298.91,  0.229, 296.79,  0.269, 300.67,  0.205, 288.17,  0.175, 269.35,  0.111, 266.39,-99.000, -99.00,-99.000, -99.00,-99.000, -99.00,-99.000, -99.00,
9/10/2006 11:30:00, 11.0,275.9,  1.2,  3.0, 19.115, 29.36,  0.0,  0.0,  0.289, 283.80,  0.241, 292.73,  0.216, 300.01,  0.241, 267.62,  0.242, 260.27,  0.328, 280.90,  0.197, 288.99,  0.224, 277.95,  0.243, 288.96,  0.203, 306.98,  0.196, 319.14,  0.240, 295.71,  0.197, 292.02,  0.197, 294.61,  0.228, 313.22,  0.150, 278.83,-99.000, -99.00,-99.000, -99.00,-99.000, -99.00,-99.000, -99.00,
9/10/2006 11:35:00, 11.0,275.8,  1.2,  3.0, 19.113, 29.35,  0.0,  0.0,  0.206, 287.82,  0.149, 280.03,  0.189, 265.14,  0.183, 293.49,  0.288, 271.59,  0.294, 289.85,  0.329, 267.39,  0.207, 287.47,  0.173, 267.68,  0.141, 256.85,  0.140, 296.38,  0.183, 317.66,  0.258, 293.78,  0.211, 299.85,  0.237, 296.35,  0.110, 279.98,-99.000, -99.00,-99.000, -99.00,-99.000, -99.00,-99.000, -99.00,
9/10/2006 11:40:00, 11.0,275.9,  1.2,  3.0, 19.101, 29.35,  0.0,  0.0,  0.189, 283.74,  0.254, 270.00,  0.337, 275.27,  0.271, 287.63,  0.294, 288.43,  0.206, 277.54,  0.298, 284.97,  0.276, 265.63,  0.183, 260.23,  0.275, 285.80,  0.321, 282.95,  0.242, 263.84,  0.246, 287.26,  0.260, 308.90,  0.250, 303.56,  0.096, 298.71,-99.000, -99.00,-99.000, -99.00,-99.000, -99.00,-99.000, -99.00,
9/10/2006 11:45:00, 11.0,275.8,  1.2,  3.0, 19.096, 29.35,  0.0,  0.0,  0.134, 254.00,  0.191, 249.09,  0.150, 262.35,  0.112, 243.43,  0.289, 260.83,  0.299, 284.31,  0.226, 277.88,  0.287, 273.19,  0.297, 289.90,  0.310, 296.81,  0.267, 310.44,  0.253, 286.79,  0.251, 287.35,  0.182, 279.83,  0.200, 306.47,  0.095, 339.66,-99.000, -99.00,-99.000, -99.00,-99.000, -99.00,-99.000, -99.00,
9/10/2006 11:50:00, 11.0,275.9,  1.2,  3.0, 19.090, 29.35,  0.0,  0.0,  0.090, 278.94,  0.181, 273.79,  0.165, 276.61,  0.182, 279.83,  0.201, 265.43,  0.245, 289.32,  0.214, 268.13,  0.293, 281.62,  0.293, 283.23,  0.259, 278.00,  0.226, 290.76,  0.181, 285.34,  0.120, 321.79,  0.194, 296.04,  0.295, 295.70,  0.163, 291.21,-99.000, -99.00,-99.000, -99.00,-99.000, -99.00,-99.000, -99.00,
9/10/2006 11:55:00, 11.0,275.9,  1.2,  3.0, 19.095, 29.35,  0.0,  0.0,  0.175, 269.02,  0.274, 264.98,  0.235, 274.40,  0.284, 277.28,  0.177, 283.09,  0.290, 289.56,  0.229, 284.64,  0.231, 291.89,  0.213, 292.95,  0.177, 299.74,  0.209, 265.05,  0.222, 273.61,  0.217, 275.29,  0.187, 299.17,  0.124, 299.05,  0.044, 276.48,-99.000, -99.00,-99.000, -99.00,-99.000, -99.00,-99.000, -99.00,
9/10/2006 12:00:00, 11.0,275.9,  1.2,  3.0, 19.075, 29.35,  0.0,  0.0,  0.189, 286.32,  0.257, 281.00,  0.163, 270.70,  0.266, 285.24,  0.243, 268.82,  0.238, 290.19,  0.252, 277.97,  0.291, 281.89,  0.213, 277.56,  0.193, 267.33,  0.295, 270.58,  0.259, 280.01,  0.156, 282.97,  0.150, 276.89,  0.163, 268.59,  0.020, 239.53,-99.000, -99.00,-99.000, -99.00,-99.000, -99.00,-99.000, -99.00,
9/10/2006 12:05:00, 11.0,275.9,  1.2,  3.0, 19.079, 29.35,  0.0,  0.0,  0.193, 306.57,  0.263, 300.66,  0.273, 289.89,  0.284, 275.45,  0.298, 275.39,  0.326, 277.76,  0.268, 281.65,  0.298, 279.08,  0.311, 289.54,  0.261, 291.15,  0.237, 282.69,  0.195, 284.89,  0.209, 279.10,  0.247, 290.64,  0.250, 304.39,  0.110, 284.80,-99.000, -99.00,-99.000, -99.00,-99.000, -99.00,-99.000, -99.00,
9/10/2006 12:10:00, 11.0,275.9,  1.2,  3.0, 19.074, 29.35,  0.0,  0.0,  0.196, 269.42,  0.159, 268.56,  0.277, 272.07,  0.250, 279.69,  0.253, 277.71,  0.248, 268.61,  0.229, 270.75,  0.255, 264.38,  0.238, 270.72,  0.288, 276.58,  0.287, 282.49,  0.284, 285.75,  0.215, 288.69,  0.240, 295.71,  0.188, 299.29,  0.079, 293.01,-99.000, -99.00,-99.000, -99.00,-99.000, -99.00,-99.000, -99.00,
9/10/2006 12:15:00, 11.0,275.9,  1.2,  3.0, 19.076, 29.35,  0.0,  0.0,  0.145, 264.84,  0.154, 273.34,  0.211, 283.97,  0.229, 271.00,  0.289, 274.96,  0.313, 292.14,  0.218, 278.73,  0.266, 267.42,  0.238, 261.53,  0.236, 270.24,  0.234, 269.51,  0.229, 269.50,  0.201, 256.17,  0.191, 270.00,  0.114, 288.91,  0.055,   5.19,-99.000, -99.00,-99.000, -99.00,-99.000, -99.00,-99.000, -99.00,
9/10/2006 12:20:00, 11.0,275.9,  1.2,  3.0, 19.073, 29.35,  0.0,  0.0,  0.110, 281.51,  0.158, 252.71,  0.207, 266.41,  0.306, 280.36,  0.199, 274.62,  0.273, 282.71,  0.282, 271.62,  0.297, 275.21,  0.285, 260.11,  0.225, 293.03,  0.192, 276.57,  0.166, 283.20,  0.249, 283.92,  0.211, 287.40,  0.142, 283.84,  0.144, 289.06,-99.000, -99.00,-99.000, -99.00,-99.000, -99.00,-99.000, -99.00,
9/10/2006 12:25:00, 11.0,275.9,  1.2,  3.0, 19.067, 29.35,  0.0,  0.0,  0.089, 270.00,  0.177, 267.74,  0.191, 243.30,  0.256, 261.46,  0.211, 269.73,  0.169, 295.65,  0.165, 265.84,  0.219, 293.16,  0.308, 279.92,  0.214, 287.08,  0.190, 281.25,  0.264, 282.46,  0.266, 254.29,  0.264, 288.78,  0.130, 323.75,  0.004, 255.96,-99.000, -99.00,-99.000, -99.00,-99.000, -99.00,-99.000, -99.00,
9/10/2006 12:30:00, 11.0,275.9,  1.2,  3.0, 19.057, 29.35,  0.0,  0.0,  0.198, 307.39,  0.227, 273.53,  0.187, 274.61,  0.219, 283.97,  0.265, 266.54,  0.225, 273.56,  0.240, 267.38,  0.249, 279.46,  0.177, 291.50,  0.185, 279.67,  0.234, 278.34,  0.216, 267.08,  0.292, 282.66,  0.307, 285.30,  0.164, 284.80,  0.046, 306.12,-99.000, -99.00,-99.000, -99.00,-99.000, -99.00,-99.000, -99.00,
9/10/2006 12:35:00, 11.0,275.9,  1.2,  3.0, 19.047, 29.35,  0.0,  0.0,  0.186, 338.83,  0.213, 294.76,  0.175, 274.25,  0.260, 290.45,  0.203, 272.54,  0.319, 273.78,  0.253, 271.13,  0.197, 285.03,  0.202, 290.22,  0.226, 284.59,  0.219, 283.72,  0.179, 292.28,  0.240, 289.49,  0.199, 273.16,  0.157, 303.28,  0.131,   7.88,-99.000, -99.00,-99.000, -99.00,-99.000, -99.00,-99.000, -99.00,
9/10/2006 12:40:00, 11.0,275.9,  1.2,  3.0, 19.039, 29.36,  0.0,  0.0,  0.231, 280.24,  0.214, 289.62,  0.199, 283.06,  0.124, 288.87,  0.152, 273.39,  0.195, 296.17,  0.185, 282.46,  0.245, 277.50,  0.194, 277.42,  0.174, 297.01,  0.205, 279.28,  0.256, 273.81,  0.232, 272.22,  0.229, 273.50,  0.114, 292.08,  0.117, 341.57,-99.000, -99.00,-99.000, -99.00,-99.000, -99.00,-99.000, -99.00,
9/10/2006 12:45:00, 11.0,275.8,  1.2,  3.0, 19.032, 29.36,  0.0,  0.0,  0.172, 266.67,  0.178, 285.28,  0.172, 286.22,  0.130, 278.88,  0.232, 283.74,  0.231, 288.67,  0.179, 269.68,  0.264, 268.70,  0.246, 277.47,  0.265, 285.98,  0.138, 269.17,  0.186, 256.34,  0.217, 283.33,  0.173, 274.30,  0.227, 285.32,  0.072, 286.16,-99.000, -99.00,-99.000, -99.00,-99.000, -99.00,-99.000, -99.00,
9/10/2006 12:50:00, 11.0,275.9,  1.2,  3.0, 19.029, 29.36,  0.0,  0.0,  0.228, 291.61,  0.247, 285.50,  0.198, 255.68,  0.258, 282.09,  0.217, 268.42,  0.237, 272.90,  0.212, 273.51,  0.252, 276.39,  0.156, 283.68,  0.294, 284.37,  0.280, 271.23,  0.239, 267.36,  0.147, 282.61,  0.217, 298.93,  0.148, 303.15,  0.141, 315.29,-99.000, -99.00,-99.000, -99.00,-99.000, -99.00,-99.000, -99.00,
9/10/2006 12:55:00, 11.0,276.0,  1.2,  3.0, 19.020, 29.36,  0.0,  0.0,  0.085, 308.77,  0.183, 289.13,  0.227, 309.45,  0.185, 292.26,  0.245, 287.55,  0.212, 267.57,  0.199, 290.25,  0.222, 284.60,  0.233, 288.28,  0.231, 275.22,  0.268, 283.62,  0.274, 266.87,  0.234, 277.13,  0.282, 272.84,  0.209, 293.99,  0.032,  16.19,-99.000, -99.00,-99.000, -99.00,-99.000, -99.00,-99.000, -99.00,
9/10/2006 13:00:00, 11.0,276.0,  1.2,  3.0, 19.019, 29.36,  0.0,  0.0,  0.122, 309.03,  0.122, 267.65,  0.112, 306.25,  0.231, 269.50,  0.120, 280.56,  0.217, 283.59,  0.262, 277.67,  0.278, 277.02,  0.185, 270.00,  0.259, 284.79,  0.169, 282.31,  0.178, 279.36,  0.202, 266.32,  0.237, 273.38,  0.212, 284.17,  0.115, 273.98,-99.000, -99.00,-99.000, -99.00,-99.000, -99.00,-99.000, -99.00,
9/10/2006 13:05:00, 11.0,276.0,  1.2,  3.0, 19.002, 29.36,  0.0,  0.0,  0.207, 301.39,  0.155, 273.69,  0.127, 281.84,  0.156, 284.13,  0.162, 272.12,  0.156, 280.37,  0.136, 282.30,  0.175, 280.22,  0.134, 268.29,  0.213, 265.68,  0.220, 254.20,  0.241, 280.05,  0.197, 281.71,  0.142, 265.57,  0.201, 280.58,  0.130, 279.75,-99.000, -99.00,-99.000, -99.00,-99.000, -99.00,-99.000, -99.00,
9/10/2006 13:10:00, 11.0,276.0,  1.2,  3.0, 19.004, 29.37,  0.0,  0.0,  0.127, 301.43,  0.124, 259.78,  0.245, 286.88,  0.213, 270.54,  0.123, 276.55,  0.203, 254.25,  0.178, 261.60,  0.173, 255.64,  0.212, 277.59,  0.239, 270.48,  0.218, 254.05,  0.236, 272.67,  0.215, 263.34,  0.210, 268.91,  0.240, 288.74,  0.069,  36.70,-99.000, -99.00,-99.000, -99.00,-99.000, -99.00,-99.000, -99.00,
9/10/2006 13:15:00, 11.0,276.0,  1.2,  3.0, 18.996, 29.37,  0.0,  0.0,  0.073, 298.67,  0.172, 267.00,  0.215, 257.38,  0.246, 277.70,  0.209, 263.69,  0.127, 256.84,  0.201, 269.14,  0.310, 276.85,  0.183, 298.11,  0.152, 278.34,  0.145, 286.81,  0.214, 258.69,  0.219, 283.72,  0.194, 275.92,  0.151, 266.21,  0.117, 237.94,-99.000, -99.00,-99.000, -99.00,-99.000, -99.00,-99.000, -99.00,
9/10/2006 13:20:00, 11.0,276.0,  1.2,  3.0, 18.981, 29.37,  0.0,  0.0,  0.156, 288.67,  0.269, 277.26,  0.150, 285.05,  0.184, 294.06,  0.172, 291.18,  0.191, 263.99,  0.216, 267.61,  0.147, 270.39,  0.219, 276.28,  0.204, 260.12,  0.142, 293.68,  0.175, 274.93,  0.161, 283.69,  0.203, 264.35,  0.207, 273.04,  0.076, 282.94,-99.000, -99.00,-99.000, -99.00,-99.000, -99.00,-99.000, -99.00,
9/10/2006 13:25:00, 11.0,275.9,  1.2,  3.0, 18.975, 29.38,  0.0,  0.0,  0.167, 281.71,  0.232, 271.23,  0.121, 254.70,  0.168, 261.10,  0.209, 275.22,  0.165, 285.80,  0.112, 258.69,  0.181, 281.50,  0.214, 268.93,  0.328, 280.56,  0.207, 269.45,  0.230, 253.30,  0.274, 268.33,  0.216, 267.88,  0.134, 261.38,  0.109, 274.72,-99.000, -99.00,-99.000, -99.00,-99.000, -99.00,-99.000, -99.00,
9/10/2006 13:30:00, 11.0,275.9,  1.2,  3.0, 18.968, 29.38,  0.0,  0.0,  0.183, 278.48,  0.228, 256.33,  0.155, 259.56,  0.184, 255.51,  0.217, 268.42,  0.235, 258.69,  0.154, 272.60,  0.166, 267.93,  0.172, 266.67,  0.168, 230.33,  0.136, 250.23,  0.198, 268.55,  0.170, 270.00,  0.182, 266.23,  0.174, 271.65,  0.110, 319.06,-99.000, -99.00,-99.000, -99.00,-99.000, -99.00,-99.000, -99.00,
9/10/2006 13:35:00, 11.0,275.9,  1.2,  3.0, 18.965, 29.39,  0.0,  0.0,  0.146, 277.85,  0.150, 307.94,  0.229, 263.99,  0.154, 243.77,  0.196, 286.59,  0.092, 278.13,  0.173, 272.32,  0.154, 254.52,  0.141, 277.33,  0.234, 270.73,  0.134, 253.47,  0.189, 256.55,  0.198, 266.82,  0.213, 260.54,  0.178, 276.77,  0.083, 338.07,-99.000, -99.00,-99.000, -99.00,-99.000, -99.00,-99.000, -99.00,
9/10/2006 13:40:00, 11.0,275.9,  1.2,  3.0, 18.956, 29.40,  0.0,  0.0,  0.194, 288.90,  0.161, 281.10,  0.181, 303.08,  0.161, 264.29,  0.239, 270.48,  0.209, 276.89,  0.159, 290.26,  0.169, 268.31,  0.103, 264.45,  0.161, 246.94,  0.124, 258.87,  0.139, 257.16,  0.160, 285.26,  0.155, 275.93,  0.132, 293.26,  0.058, 333.43,-99.000, -99.00,-99.000, -99.00,-99.000, -99.00,-99.000, -99.00,
9/10/2006 13:45:00, 11.0,276.0,  1.2,  3.0, 18.948, 29.40,  0.0,  0.0,  0.143, 282.09,  0.052, 304.90,  0.193, 301.47,  0.176, 268.37,  0.141, 284.33,  0.165, 278.03,  0.152, 286.77,  0.137, 304.62,  0.101, 252.65,  0.132, 295.02,  0.144, 257.60,  0.156, 254.71,  0.136, 258.94,  0.129, 263.76,  0.159, 284.56,  0.107, 314.25,-99.000, -99.00,-99.000, -99.00,-99.000, -99.00,-99.000, -99.00,
9/10/2006 13:50:00, 11.0,276.0,  1.2,  3.0, 18.931, 29.40,  0.0,  0.0,  0.102, 338.72,  0.098, 331.86,  0.094, 245.61,  0.106, 256.36,  0.138, 279.60,  0.096, 263.99,  0.141, 269.59,  0.148, 264.17,  0.109, 255.07,  0.179, 247.72,  0.137, 247.73,  0.183, 273.13,  0.138, 247.89,  0.130, 266.92,  0.108, 277.98,  0.136, 243.43,-99.000, -99.00,-99.000, -99.00,-99.000, -99.00,-99.000, -99.00,
9/10/2006 13:55:00, 11.0,276.1,  1.2,  3.0, 18.926, 29.41,  0.0,  0.0,  0.128, 324.83,  0.088, 310.39,  0.151, 290.11,  0.053, 279.82,  0.156, 267.80,  0.058, 255.96,  0.208, 267.80,  0.150, 258.47,  0.189, 263.03,  0.208, 289.04,  0.089, 302.62,  0.134, 261.87,  0.169, 266.95,  0.195, 266.77,  0.081, 266.47,  0.103, 294.58,-99.000, -99.00,-99.000, -99.00,-99.000, -99.00,-99.000, -99.00,
9/10/2006 14:00:00, 11.0,275.9,  1.2,  3.0, 18.920, 29.41,  0.0,  0.0,  0.098, 248.42,  0.082, 300.00,  0.151, 289.76,  0.024, 286.93,  0.161, 263.23,  0.179, 262.28,  0.222, 266.39,  0.184, 290.30,  0.128, 299.58,  0.142, 257.82,  0.195, 247.11,  0.161, 244.70,  0.109, 274.72,  0.151, 277.59,  0.118, 263.66,  0.105, 282.06,-99.000, -99.00,-99.000, -99.00,-99.000, -99.00,-99.000, -99.00,
9/10/2006 14:05:00, 11.0,275.9,  1.2,  3.0, 18.912, 29.41,  0.0,  0.0,  0.036, 305.91,  0.079, 303.69,  0.121, 290.22,  0.044,   6.48,  0.052, 287.74,  0.138, 262.10,  0.166, 257.81,  0.171, 256.78,  0.111, 234.88,  0.134, 253.47,  0.243, 268.82,  0.073, 267.65,  0.105, 248.10,  0.056, 268.98,  0.079, 267.83,  0.085, 265.96,-99.000, -99.00,-99.000, -99.00,-99.000, -99.00,-99.000, -99.00,
9/10/2006 14:10:00, 11.0,275.9,  1.2,  3.0, 18.901, 29.41,  0.0,  0.0,  0.184, 317.20,  0.076, 332.76,  0.100, 289.89,  0.082,   4.88,  0.144, 275.99,  0.103, 252.45,  0.136, 259.43,  0.094, 273.65,  0.101, 269.43,  0.156, 289.48,  0.116, 270.00,  0.063, 247.52,  0.087, 288.85,  0.121, 270.00,  0.147, 282.15,  0.043, 280.78,-99.000, -99.00,-99.000, -99.00,-99.000, -99.00,-99.000, -99.00,
9/10/2006 14:15:00, 11.0,276.0,  1.2,  3.0, 18.892, 29.41,  0.0,  0.0,  0.079, 245.38,  0.133, 318.65,  0.175, 280.54,  0.122, 300.96,  0.123, 234.63,  0.119, 181.44,  0.115, 234.52,  0.135, 269.58,  0.176, 254.55,  0.226, 257.50,  0.213, 261.64,  0.064, 241.82,  0.122, 272.35,  0.027, 246.25,  0.048, 309.96,  0.026,  15.64,-99.000, -99.00,-99.000, -99.00,-99.000, -99.00,-99.000, -99.00,
9/10/2006 14:20:00, 11.0,276.0,  1.2,  3.0, 18.890, 29.41,  0.0,  0.0,  0.146, 243.61,  0.009, 353.66,  0.045, 125.10,  0.140, 233.70,  0.102, 257.59,  0.039, 278.75,  0.102, 219.81,  0.172, 245.97,  0.142, 239.11,  0.100, 222.97,  0.103, 282.95,  0.117, 245.19,  0.039, 223.96,  0.067, 289.25,  0.094, 291.91,  0.039,  94.40,-99.000, -99.00,-99.000, -99.00,-99.000, -99.00,-99.000, -99.00,
9/10/2006 14:25:00, 11.0,276.0,  1.2,  3.0, 18.880, 29.41,  0.0,  0.0,  0.035,  85.10,  0.047,  44.14,  0.045,  88.73,  0.003,   0.00,  0.040, 202.07,  0.077, 212.24,  0.134, 252.65,  0.109, 248.39,  0.098, 222.51,  0.074, 243.43,  0.126, 278.19,  0.125, 290.61,  0.167, 220.16,  0.080, 221.46,  0.081, 263.58,  0.039, 291.25,-99.000, -99.00,-99.000, -99.00,-99.000, -99.00,-99.000, -99.00,
9/10/2006 14:30:00, 11.0,276.0,  1.2,  3.0, 18.872, 29.41,  0.0,  0.0,  0.059, 311.55,  0.089, 298.87,  0.086, 313.58,  0.062,  46.30,  0.009,   0.00,  0.098, 221.68,  0.155, 231.28,  0.067, 200.85,  0.085, 249.21,  0.097, 251.94,  0.091, 320.36,  0.183, 280.39,  0.169, 282.64,  0.062, 291.63,  0.092, 285.69,  0.055,   9.46,-99.000, -99.00,-99.000, -99.00,-99.000, -99.00,-99.000, -99.00,
9/10/2006 14:35:00, 11.0,276.0,  1.2,  3.0, 18.848, 29.41,  0.0,  0.0,  0.083, 187.64,  0.041, 128.00,  0.100, 177.14,  0.051, 307.09,  0.089, 320.03,  0.078, 182.94,  0.052, 295.08,  0.018, 257.47,  0.063, 269.09,  0.116, 257.04,  0.056, 194.53,  0.108, 246.52,  0.040, 246.61,  0.075, 272.29,  0.068, 298.07,  0.013, 128.66,-99.000, -99.00,-99.000, -99.00,-99.000, -99.00,-99.000, -99.00,
9/10/2006 14:40:00, 11.0,275.9,  1.2,  3.0, 18.840, 29.41,  0.0,  0.0,  0.049, 169.38,  0.058, 176.05,  0.054, 169.32,  0.113, 177.47,  0.000,   0.00,  0.080, 196.63,  0.041, 157.17,  0.033, 250.46,  0.034, 227.39,  0.079, 246.04,  0.067, 264.04,  0.073, 266.86,  0.044, 245.77,  0.139, 247.13,  0.104, 267.80,  0.021,  73.30,-99.000, -99.00,-99.000, -99.00,-99.000, -99.00,-99.000, -99.00,
9/10/2006 14:45:00, 11.0,276.0,  1.2,  3.0, 18.837, 29.41,  0.0,  0.0,  0.093, 153.16,  0.104, 139.70,  0.039, 138.12,  0.111, 246.19,  0.018, 270.00,  0.033,  72.12,  0.049, 104.04,  0.087, 230.62,  0.077, 232.39,  0.068, 301.11,  0.057, 113.86,  0.097, 200.49,  0.067, 188.62,  0.104, 219.52,  0.088, 213.87,  0.058,  38.66,-99.000, -99.00,-99.000, -99.00,-99.000, -99.00,-99.000, -99.00,
9/10/2006 14:50:00, 11.0,275.9,  1.2,  3.0, 18.832, 29.41,  0.0,  0.0,  0.139, 111.95,  0.005, 270.00,  0.071, 252.07,  0.035, 184.90,  0.090, 266.19,  0.095, 258.45,  0.080, 248.86,  0.106, 230.75,  0.056, 209.74,  0.021, 315.00,  0.047, 263.93,  0.114, 231.03,  0.073, 254.81,  0.072, 284.42,  0.042, 323.67,  0.052,  18.08,-99.000, -99.00,-99.000, -99.00,-99.000, -99.00,-99.000, -99.00,
9/10/2006 14:55:00, 11.0,276.0,  1.2,  3.0, 18.817, 29.41,  0.0,  0.0,  0.082, 247.81,  0.014, 219.29,  0.034, 186.71,  0.064, 166.40,  0.032, 248.20,  0.049, 208.14,  0.069, 203.20,  0.016, 172.87,  0.075, 216.87,  0.035, 173.48,  0.025, 189.09,  0.045, 214.05,  0.069, 234.46,  0.134, 217.72,  0.082, 201.54,  0.034, 356.63,-99.000, -99.00,-99.000, -99.00,-99.000, -99.00,-99.000, -99.00,
9/10/2006 15:00:00, 11.0,275.9,  1.2,  3.0, 18.814, 29.41,  0.0,  0.0,  0.094, 209.29,  0.012,  24.44,  0.073, 204.12,  0.040, 237.09,  0.017, 225.00,  0.081, 226.49,  0.085, 191.58,  0.066, 263.09,  0.040, 205.28,  0.097, 231.71,  0.048, 109.57,  0.062, 245.10,  0.112, 227.90,  0.015, 199.65,  0.035, 329.04,  0.091, 286.03,-99.000, -99.00,-99.000, -99.00,-99.000, -99.00,-99.000, -99.00,
9/10/2006 15:05:00, 11.0,276.1,  1.2,  3.0, 18.801, 29.41,  0.0,  0.0,  0.072,  13.65,  0.026, 215.54,  0.070, 246.37,  0.103,  46.19,  0.016, 209.74,  0.104, 149.23,  0.087, 160.52,  0.052, 111.60,  0.023, 129.81,  0.073, 214.99,  0.104, 224.61,  0.108, 197.26,  0.069, 208.41,  0.127, 172.32,  0.152, 178.87,  0.071, 191.31,-99.000, -99.00,-99.000, -99.00,-99.000, -99.00,-99.000, -99.00,
9/10/2006 15:10:00, 11.0,275.9,  1.2,  3.0, 18.799, 29.40,  0.0,  0.0,  0.032, 174.64,  0.015, 180.00,  0.122,  62.59,  0.037,  38.42,  0.045, 164.41,  0.020, 206.57,  0.062, 156.32,  0.049,  77.09,  0.017, 159.44,  0.085, 295.67,  0.045, 198.03,  0.092, 197.65,  0.112, 197.14,  0.087, 203.03,  0.063, 251.57,  0.058, 267.04,-99.000, -99.00,-99.000, -99.00,-99.000, -99.00,-99.000, -99.00,
9/10/2006 15:15:00, 11.0,276.0,  1.2,  3.0, 18.796, 29.40,  0.0,  0.0,  0.073, 186.25,  0.068,  87.47,  0.037,  91.55,  0.158, 147.42,  0.087, 151.07,  0.047, 202.71,  0.082, 129.09,  0.033, 107.88,  0.020, 147.09,  0.025,  18.43,  0.075, 151.39,  0.056, 248.01,  0.068, 145.84,  0.026, 209.48,  0.097, 140.88,  0.050, 181.15,-99.000, -99.00,-99.000, -99.00,-99.000, -99.00,-99.000, -99.00,
9/10/2006 15:20:00, 11.0,275.9,  1.2,  3.0, 18.777, 29.40,  0.0,  0.0,  0.052, 149.04,  0.107, 117.28,  0.131, 113.43,  0.029, 183.95,  0.074,  23.10,  0.068, 145.84,  0.071, 143.62,  0.047, 140.19,  0.066, 136.22,  0.140, 168.05,  0.118, 172.21,  0.083, 116.57,  0.085, 112.05,  0.079, 132.42,  0.147, 131.15,  0.028, 109.09,-99.000, -99.00,-99.000, -99.00,-99.000, -99.00,-99.000, -99.00,
9/10/2006 15:25:00, 11.0,276.0,  1.2,  3.0, 18.778, 29.40,  0.0,  0.0,  0.059, 119.62,  0.080, 196.63,  0.067,  84.04,  0.086, 169.22,  0.004, 123.69,  0.131, 161.29,  0.039, 111.25,  0.109, 135.74,  0.135, 159.15,  0.125, 207.18,  0.114, 147.57,  0.069, 145.62,  0.070, 141.34,  0.096, 128.66,  0.091, 133.21,  0.107,  85.72,-99.000, -99.00,-99.000, -99.00,-99.000, -99.00,-99.000, -99.00,
9/10/2006 15:30:00, 11.0,275.9,  1.2,  3.0, 18.770, 29.40,  0.0,  0.0,  0.119, 135.00,  0.062, 213.18,  0.064, 135.63,  0.068, 124.16,  0.149, 128.48,  0.121, 145.39,  0.058,  98.97,  0.094, 129.42,  0.056, 132.83,  0.016, 142.43,  0.065, 145.58,  0.117, 171.18,  0.122, 144.35,  0.076, 103.67,  0.145, 119.74,  0.149, 140.98,-99.000, -99.00,-99.000, -99.00,-99.000, -99.00,-99.000, -99.00,
9/10/2006 15:35:00, 11.0,276.1,  1.2,  3.0, 18.767, 29.40,  0.0,  0.0,  0.042, 101.04,  0.092,  93.11,  0.122, 131.01,  0.079,  82.69,  0.129, 170.17,  0.116, 123.00,  0.164, 137.96,  0.155, 148.15,  0.122, 170.54,  0.060, 145.24,  0.038, 128.66,  0.023, 127.87,  0.057, 160.62,  0.146, 134.44,  0.168, 144.22,  0.167, 139.62,-99.000, -99.00,-99.000, -99.00,-99.000, -99.00,-99.000, -99.00,
9/10/2006 15:40:00, 11.0,276.0,  1.2,  3.0, 18.756, 29.40,  0.0,  0.0,  0.125,  98.71,  0.053, 161.22,  0.093, 124.03,  0.093, 142.02,  0.125, 168.96,  0.068, 153.06,  0.118, 121.13,  0.141, 133.56,  0.124, 121.12,  0.071, 140.71,  0.104, 129.52,  0.081, 155.97,  0.123, 145.92,  0.179, 100.93,  0.145, 107.19,  0.123,  88.14,-99.000, -99.00,-99.000, -99.00,-99.000, -99.00,-99.000, -99.00,
9/10/2006 15:45:00, 11.0,275.9,  1.2,  3.0, 18.747, 29.41,  0.0,  0.0,  0.078, 161.33,  0.093, 102.99,  0.110, 135.00,  0.141, 126.63,  0.139, 166.66,  0.044, 168.18,  0.124, 150.54,  0.106, 115.11,  0.123, 123.04,  0.061, 104.26,  0.091, 124.73,  0.138, 141.47,  0.066, 110.35,  0.056, 103.54,  0.081,  93.53,  0.120, 106.01,-99.000, -99.00,-99.000, -99.00,-99.000, -99.00,-99.000, -99.00,
9/10/2006 15:50:00, 11.0,276.0,  1.2,  3.0, 18.752, 29.41,  0.0,  0.0,  0.134, 169.28,  0.146, 119.02,  0.115, 123.69,  0.127, 168.16,  0.207, 159.90,  0.120, 138.05,  0.088, 166.91,  0.134, 145.01,  0.122, 143.70,  0.138, 118.61,  0.195, 159.24,  0.194, 147.87,  0.146, 120.96,  0.187, 121.91,  0.171, 139.51,  0.090,  21.45,-99.000, -99.00,-99.000, -99.00,-99.000, -99.00,-99.000, -99.00,
9/10/2006 15:55:00, 11.0,276.1,  1.2,  3.0, 18.753, 29.41,  0.0,  0.0,  0.091, 186.34,  0.091, 133.21,  0.136, 163.82,  0.080, 154.72,  0.115, 162.35,  0.123, 149.68,  0.055, 180.00,  0.090, 165.81,  0.066, 175.67,  0.079, 137.58,  0.165, 167.40,  0.144, 172.83,  0.091, 203.20,  0.153, 144.85,  0.175, 116.42,  0.099, 108.80,-99.000, -99.00,-99.000, -99.00,-99.000, -99.00,-99.000, -99.00,
9/10/2006 16:00:00, 11.0,275.9,  1.2,  3.0, 18.734, 29.41,  0.0,  0.0,  0.059, 173.23,  0.118, 142.25,  0.079,  68.60,  0.073, 141.10,  0.113, 120.88,  0.102, 155.70,  0.115, 126.87,  0.108, 136.12,  0.077, 180.74,  0.141, 196.50,  0.085, 113.55,  0.047, 112.71,  0.062, 137.60,  0.079, 103.86,  0.071, 122.35,  0.059,  61.70,-99.000, -99.00,-99.000, -99.00,-99.000, -99.00,-99.000, -99.00,
9/10/2006 16:05:00, 11.0,275.9,  1.2,  3.0, 18.728, 29.41,  0.0,  0.0,  0.103, 184.99,  0.025, 180.00,  0.056,  81.72,  0.143, 139.53,  0.109, 104.93,  0.145, 166.06,  0.113, 152.53,  0.083, 130.60,  0.069, 123.23,  0.159, 106.39,  0.137, 117.88,  0.094, 121.49,  0.081, 116.25,  0.104, 130.30,  0.084, 115.35,  0.036,  15.95,-99.000, -99.00,-99.000, -99.00,-99.000, -99.00,-99.000, -99.00,
9/10/2006 16:10:00, 11.0,275.9,  1.2,  3.0, 18.721, 29.41,  0.0,  0.0,  0.099, 149.83,  0.154, 155.77,  0.103, 182.78,  0.099, 192.22,  0.076, 209.93,  0.087, 139.69,  0.040, 255.62,  0.091, 135.90,  0.068, 157.57,  0.140, 122.78,  0.152, 157.15,  0.093, 186.82,  0.083, 153.43,  0.114, 124.66,  0.163, 109.32,  0.066, 129.47,-99.000, -99.00,-99.000, -99.00,-99.000, -99.00,-99.000, -99.00,
9/10/2006 16:15:00, 11.0,276.0,  1.2,  3.0, 18.722, 29.41,  0.0,  0.0,  0.099, 137.45,  0.122, 276.13,  0.109, 235.87,  0.039,  67.38,  0.075, 186.09,  0.055,  98.43,  0.050,  53.13,  0.033, 158.84,  0.038, 144.64,  0.053, 187.52,  0.072, 153.43,  0.093, 109.41,  0.098, 120.76,  0.053, 180.00,  0.117, 146.17,  0.009, 327.99,-99.000, -99.00,-99.000, -99.00,-99.000, -99.00,-99.000, -99.00,
9/10/2006 16:20:00, 11.0,275.9,  1.2,  3.0, 18.715, 29.41,  0.0,  0.0,  0.073, 189.46,  0.063, 270.00,  0.111, 256.46,  0.061, 167.77,  0.074, 225.55,  0.027, 254.93,  0.032,  20.14,  0.041, 133.03,  0.089,  98.40,  0.066,  97.88,  0.056, 228.62,  0.085, 258.42,  0.037, 342.55,  0.031, 328.39,  0.013, 237.53,  0.025, 326.31,-99.000, -99.00,-99.000, -99.00,-99.000, -99.00,-99.000, -99.00,
9/10/2006 16:25:00, 11.0,275.9,  1.2,  3.0, 18.701, 29.42,  0.0,  0.0,  0.194, 243.04,  0.105, 263.96,  0.081, 211.93,  0.039, 242.78,  0.069, 182.49,  0.060, 135.67,  0.056, 271.02,  0.095, 299.82,  0.076, 286.05,  0.041, 282.68,  0.048, 103.17,  0.016, 129.81,  0.091, 332.59,  0.110, 313.53,  0.077, 324.46,  0.115, 338.57,-99.000, -99.00,-99.000, -99.00,-99.000, -99.00,-99.000, -99.00,
9/10/2006 16:30:00, 11.0,276.0,  1.2,  3.0, 18.690, 29.42,  0.0,  0.0,  0.156, 269.63,  0.085, 301.08,  0.109, 242.02,  0.097, 281.31,  0.100, 245.22,  0.093, 299.59,  0.145, 252.69,  0.115, 270.00,  0.075, 278.46,  0.112, 274.59,  0.162, 307.22,  0.054, 334.86,  0.059, 258.31,  0.088, 289.26,  0.124, 316.30,  0.044,  18.43,-99.000, -99.00,-99.000, -99.00,-99.000, -99.00,-99.000, -99.00,
9/10/2006 16:35:00, 11.0,275.9,  1.2,  3.0, 18.695, 29.42,  0.0,  0.0,  0.119, 293.33,  0.142, 275.27,  0.146, 272.74,  0.075, 325.89,  0.187, 268.16,  0.149, 283.20,  0.134, 297.14,  0.042, 291.04,  0.031, 240.95,  0.193, 297.10,  0.144, 313.32,  0.135, 326.19,  0.134, 312.27,  0.122, 332.18,  0.103, 286.33,  0.063,  51.48,-99.000, -99.00,-99.000, -99.00,-99.000, -99.00,-99.000, -99.00,
9/10/2006 16:40:00, 11.0,275.9,  1.2,  3.0, 18.688, 29.42,  0.0,  0.0,  0.198, 295.14,  0.157, 345.61,  0.201, 288.52,  0.093, 333.16,  0.142, 293.68,  0.196, 298.91,  0.159, 324.71,  0.152, 286.41,  0.113, 318.24,  0.147, 293.61,  0.183, 312.34,  0.207, 307.15,  0.146, 315.00,  0.219, 322.97,  0.225, 322.21,  0.090, 343.18,-99.000, -99.00,-99.000, -99.00,-99.000, -99.00,-99.000, -99.00,
9/10/2006 16:45:00, 11.0,275.9,  1.2,  3.0, 18.685, 29.42,  0.0,  0.0,  0.147, 304.77,  0.198, 311.32,  0.116, 304.51,  0.114, 294.32,  0.209, 302.09,  0.090, 331.44,  0.178, 308.61,  0.165, 334.21,  0.175, 324.77,  0.195, 298.54,  0.202, 312.20,  0.128, 342.27,  0.161, 333.43,  0.263, 330.12,  0.152, 335.96,  0.119, 345.85,-99.000, -99.00,-99.000, -99.00,-99.000, -99.00,-99.000, -99.00,
9/10/2006 16:50:00, 11.0,275.9,  1.2,  3.0, 18.681, 29.42,  0.0,  0.0,  0.142, 297.29,  0.202, 335.46,  0.151, 315.27,  0.123, 322.57,  0.135, 328.31,  0.149, 323.75,  0.187, 354.47,  0.179, 349.70,  0.233, 346.62,  0.182, 316.11,  0.159, 327.61,  0.239, 335.48,  0.220, 341.15,  0.226, 333.21,  0.203, 317.99,  0.168, 343.40,-99.000, -99.00,-99.000, -99.00,-99.000, -99.00,-99.000, -99.00,
9/10/2006 16:55:00, 10.9,275.9,  1.2,  3.0, 18.676, 29.42,  0.0,  0.0,  0.232, 341.64,  0.124, 335.29,  0.122, 352.47,  0.187, 335.08,  0.213, 345.90,  0.205,   6.16,  0.101, 353.72,  0.098,   8.79,  0.141,   0.41,  0.161, 348.20,  0.204, 332.93,  0.125,   0.46,  0.136, 337.57,  0.150, 314.46,  0.169, 334.80,  0.133, 347.01,-99.000, -99.00,-99.000, -99.00,-99.000, -99.00,-99.000, -99.00,
9/10/2006 17:00:00, 10.9,275.9,  1.2,  3.0, 18.678, 29.43,  0.0,  0.0,  0.136, 324.56,  0.066,  11.31,  0.084, 319.84,  0.164,  10.90,  0.166, 350.65,  0.210, 340.53,  0.094,  11.67,  0.107, 346.48,  0.167, 344.05,  0.194, 351.41,  0.142,  23.30,  0.135, 355.34,  0.216, 359.20,  0.196, 357.95,  0.161, 358.22,  0.105,  26.08,-99.000, -99.00,-99.000, -99.00,-99.000, -99.00,-99.000, -99.00,
9/10/2006 17:05:00, 10.9,275.9,  1.2,  3.0, 18.672, 29.43,  0.0,  0.0,  0.131, 326.79,  0.107, 351.95,  0.130, 334.42,  0.101, 313.00,  0.154, 311.85,  0.155, 340.40,  0.124, 358.15,  0.170, 332.23,  0.154, 323.20,  0.125, 353.10,  0.171, 330.59,  0.196, 358.25,  0.153, 345.24,  0.239, 327.64,  0.170, 329.96,  0.086, 313.12,-99.000, -99.00,-99.000, -99.00,-99.000, -99.00,-99.000, -99.00,
9/10/2006 17:10:00, 10.9,276.0,  1.2,  3.0, 18.677, 29.43,  0.0,  0.0,  0.210, 315.58,  0.081,   6.34,  0.128, 355.09,  0.156, 346.32,  0.157,  29.02,  0.195, 325.01,  0.171, 328.17,  0.188, 328.93,  0.094, 319.73,  0.151, 352.41,  0.152, 335.96,  0.169, 345.64,  0.173, 357.35,  0.176, 351.50,  0.238, 330.52,  0.063, 307.95,-99.000, -99.00,-99.000, -99.00,-99.000, -99.00,-99.000, -99.00,
9/10/2006 17:15:00, 10.9,275.9,  1.2,  3.0, 18.670, 29.42,  0.0,  0.0,  0.185, 358.76,  0.145, 344.81,  0.191, 339.48,  0.186, 348.81,  0.114, 333.89,  0.161, 338.07,  0.194, 334.63,  0.166, 341.02,  0.157, 338.00,  0.093,  32.66,  0.176, 342.80,  0.158, 356.38,  0.155, 338.06,  0.179, 325.69,  0.132, 326.43,  0.144,   3.97,-99.000, -99.00,-99.000, -99.00,-99.000, -99.00,-99.000, -99.00,
9/10/2006 17:20:00, 10.9,275.9,  1.2,  3.0, 18.670, 29.42,  0.0,  0.0,  0.146, 335.36,  0.237, 345.61,  0.229, 335.45,  0.183, 348.63,  0.161, 344.49,  0.167, 352.06,  0.156, 346.68,  0.098, 342.12,  0.193, 335.83,  0.164, 349.10,  0.191, 317.97,  0.185, 321.15,  0.198, 302.40,  0.161, 321.06,  0.194, 320.01,  0.172, 350.65,-99.000, -99.00,-99.000, -99.00,-99.000, -99.00,-99.000, -99.00,
9/10/2006 17:25:00, 10.9,275.9,  1.2,  3.0, 18.670, 29.42,  0.0,  0.0,  0.083, 325.74,  0.141, 348.13,  0.187,  23.28,  0.147,   5.48,  0.178, 344.01,  0.191, 339.09,  0.108, 337.01,  0.102, 331.43,  0.178, 347.37,  0.142, 326.76,  0.129, 320.65,  0.193, 324.26,  0.188, 323.01,  0.158, 346.84,  0.162, 309.99,  0.258, 351.74,-99.000, -99.00,-99.000, -99.00,-99.000, -99.00,-99.000, -99.00,
9/10/2006 17:30:00, 10.9,275.9,  1.2,  3.0, 18.671, 29.41,  0.0,  0.0,  0.221, 324.22,  0.181, 336.97,  0.124, 345.52,  0.178, 340.95,  0.089,  14.35,  0.132, 298.89,  0.133, 345.23,  0.166,   0.00,  0.173, 331.65,  0.164, 327.96,  0.230, 331.21,  0.162, 335.97,  0.180, 318.60,  0.194, 325.74,  0.150, 321.76,  0.138,  14.64,-99.000, -99.00,-99.000, -99.00,-99.000, -99.00,-99.000, -99.00,
9/10/2006 17:35:00, 10.9,275.9,  1.2,  3.0, 18.680, 29.41,  0.0,  0.0,  0.128, 328.42,  0.205, 347.87,  0.210, 330.02,  0.254, 337.28,  0.166, 335.44,  0.177, 308.36,  0.104, 318.50,  0.123, 312.37,  0.151, 322.83,  0.192, 332.77,  0.154, 321.34,  0.140, 330.87,  0.150, 323.13,  0.079, 349.11,  0.048,   8.47,  0.110,   9.98,-99.000, -99.00,-99.000, -99.00,-99.000, -99.00,-99.000, -99.00,
9/10/2006 17:40:00, 10.9,276.0,  1.2,  3.0, 18.678, 29.41,  0.0,  0.0,  0.186, 345.66,  0.029, 305.31,  0.159, 336.66,  0.078, 329.16,  0.077, 348.84,  0.184, 323.38,  0.129, 340.58,  0.115, 326.31,  0.126, 302.05,  0.117, 308.43,  0.128, 296.37,  0.070, 340.79,  0.074, 316.64,  0.112, 335.73,  0.024, 297.65,  0.068,  36.03,-99.000, -99.00,-99.000, -99.00,-99.000, -99.00,-99.000, -99.00,
9/10/2006 17:45:00, 10.9,275.9,  1.2,  3.0, 18.676, 29.41,  0.0,  0.0,  0.161,  24.18,  0.156,  31.34,  0.198, 334.21,  0.123, 350.15,  0.153, 347.15,  0.177, 344.94,  0.160, 323.63,  0.096, 329.96,  0.121, 319.35,  0.128, 331.03,  0.152, 328.71,  0.192, 308.24,  0.170, 317.86,  0.123, 332.39,  0.085, 286.31,  0.017, 334.98,-99.000, -99.00,-99.000, -99.00,-99.000, -99.00,-99.000, -99.00,
9/10/2006 17:50:00, 10.9,275.9,  1.2,  3.0, 18.672, 29.41,  0.0,  0.0,  0.084,  56.69,  0.054, 252.90,  0.087, 345.96,  0.120, 310.60,  0.046, 301.61,  0.099,  10.51,  0.064, 317.54,  0.103, 333.43,  0.098, 296.04,  0.071, 286.39,  0.089, 350.96,  0.127, 313.09,  0.102, 349.80,  0.142, 333.25,  0.111, 318.28,  0.086,  44.06,-99.000, -99.00,-99.000, -99.00,-99.000, -99.00,-99.000, -99.00,
9/10/2006 17:55:00, 10.9,275.9,  1.2,  3.0, 18.683, 29.41,  0.0,  0.0,  0.163, 347.93,  0.137, 342.62,  0.142, 349.48,  0.134,   3.84,  0.153, 358.13,  0.131, 353.42,  0.076, 343.23,  0.062, 349.78,  0.112, 321.18,  0.157, 318.88,  0.102, 329.42,  0.218, 306.03,  0.263, 305.26,  0.273, 305.61,  0.193, 299.23,  0.210,   2.73,-99.000, -99.00,-99.000, -99.00,-99.000, -99.00,-99.000, -99.00,
9/10/2006 18:00:00, 10.9,275.9,  1.2,  3.0, 18.674, 29.42,  0.0,  0.0,  0.101,  59.62,  0.017, 107.35,  0.052, 315.78,  0.138, 359.17,  0.065, 349.38,  0.149, 358.46,  0.115, 294.78,  0.090, 345.81,  0.113, 336.60,  0.079, 326.31,  0.095, 349.05,  0.145, 343.19,  0.103,  35.08,  0.086, 359.33,  0.062, 302.40,  0.080,   4.29,-99.000, -99.00,-99.000, -99.00,-99.000, -99.00,-99.000, -99.00,
9/10/2006 18:05:00, 10.9,275.9,  1.2,  3.0, 18.691, 29.42,  0.0,  0.0,  0.097,  16.19,  0.145,   2.76,  0.099,  21.37,  0.107, 324.09,  0.083, 314.03,  0.171, 323.33,  0.076, 341.57,  0.202, 315.20,  0.075, 311.76,  0.074, 312.80,  0.067, 316.81,  0.156, 302.98,  0.149, 295.88,  0.127, 299.80,  0.217, 316.68,  0.165,   0.00,-99.000, -99.00,-99.000, -99.00,-99.000, -99.00,-99.000, -99.00,
9/10/2006 18:10:00, 10.9,276.0,  1.2,  3.0, 18.693, 29.42,  0.0,  0.0,  0.143, 335.59,  0.182, 359.37,  0.059, 296.13,  0.096, 284.47,  0.055, 272.08,  0.047, 256.55,  0.005, 270.00,  0.021, 316.97,  0.088, 308.56,  0.085, 298.07,  0.083, 274.82,  0.113, 261.37,  0.078, 310.84,  0.119, 294.40,  0.124, 292.83,  0.097, 320.04,-99.000, -99.00,-99.000, -99.00,-99.000, -99.00,-99.000, -99.00,
9/10/2006 18:15:00, 10.9,275.9,  1.2,  3.0, 18.693, 29.43,  0.0,  0.0,  0.061, 118.24,  0.116, 348.01,  0.151, 336.15,  0.108,   2.65,  0.129, 313.74,  0.123, 262.99,  0.119, 278.20,  0.099, 263.02,  0.082, 265.82,  0.016,  60.26,  0.052, 329.04,  0.066, 329.18,  0.151,   1.52,  0.147, 339.72,  0.152, 343.95,  0.148, 333.95,-99.000, -99.00,-99.000, -99.00,-99.000, -99.00,-99.000, -99.00,
9/10/2006 18:20:00, 10.9,275.9,  1.2,  3.0, 18.701, 29.43,  0.0,  0.0,  0.136,  35.44,  0.071, 332.35,  0.081, 354.36,  0.052, 348.91,  0.113, 319.67,  0.061, 311.01,  0.104, 306.43,  0.169, 297.93,  0.082, 272.79,  0.120, 299.57,  0.105, 346.23,  0.111, 329.74,  0.127, 308.59,  0.064,   3.58,  0.141, 311.84,  0.089, 298.87,-99.000, -99.00,-99.000, -99.00,-99.000, -99.00,-99.000, -99.00,
9/10/2006 18:25:00, 10.9,275.9,  1.2,  3.0, 18.701, 29.44,  0.0,  0.0,  0.104, 352.81,  0.062, 357.23,  0.118,   2.43,  0.063, 349.94,  0.168, 299.15,  0.121, 267.16,  0.132, 263.90,  0.091, 294.60,  0.095, 311.58,  0.084, 305.78,  0.136, 293.36,  0.167, 273.43,  0.147, 268.83,  0.085, 249.21,  0.101, 256.24,  0.115, 227.46,-99.000, -99.00,-99.000, -99.00,-99.000, -99.00,-99.000, -99.00,
9/10/2006 18:30:00, 10.9,275.8,  1.2,  3.0, 18.700, 29.44,  0.0,  0.0,  0.072,  18.69,  0.041, 232.85,  0.137, 333.62,  0.173, 359.34,  0.151, 329.36,  0.112, 324.46,  0.081, 276.42,  0.088, 352.15,  0.157, 354.51,  0.176, 302.97,  0.074, 294.83,  0.096, 297.90,  0.074, 292.38,  0.088, 339.29,  0.085, 264.62,  0.122,   0.94,-99.000, -99.00,-99.000, -99.00,-99.000, -99.00,-99.000, -99.00,
9/10/2006 18:35:00, 10.9,276.0,  1.2,  3.0, 18.712, 29.44,  0.0,  0.0,  0.096, 267.61,  0.052, 195.64,  0.182, 322.82,  0.048, 304.02,  0.067, 282.99,  0.117, 327.94,  0.157, 297.38,  0.071, 276.43,  0.092, 314.12,  0.109, 300.33,  0.147, 331.17,  0.132, 331.11,  0.145, 334.32,  0.092, 339.01,  0.016, 307.57,  0.017, 239.04,-99.000, -99.00,-99.000, -99.00,-99.000, -99.00,-99.000, -99.00,
9/10/2006 18:40:00, 10.9,275.9,  1.2,  3.0, 18.717, 29.44,  0.0,  0.0,  0.008, 180.00,  0.068, 327.01,  0.031, 273.69,  0.047,  22.71,  0.048, 273.58,  0.066, 314.38,  0.140, 307.77,  0.089, 314.09,  0.082, 239.39,  0.040, 209.74,  0.069, 325.62,  0.148, 296.05,  0.101, 319.40,  0.134, 306.53,  0.078, 327.53,  0.113, 349.79,-99.000, -99.00,-99.000, -99.00,-99.000, -99.00,-99.000, -99.00,
9/10/2006 18:45:00, 10.9,275.9,  1.2,  3.0, 18.729, 29.45,  0.0,  0.0,  0.051, 143.81,  0.117, 352.15,  0.058,  18.12,  0.136, 338.90,  0.101, 351.47,  0.052, 305.54,  0.123, 316.97,  0.178, 294.26,  0.126, 287.57,  0.086, 327.78,  0.138, 326.54,  0.091,   3.14,  0.129,  31.72,  0.139, 357.53,  0.058, 359.01,  0.102, 335.19,-99.000, -99.00,-99.000, -99.00,-99.000, -99.00,-99.000, -99.00,
9/10/2006 18:50:00, 10.9,275.9,  1.2,  3.0, 18.726, 29.45,  0.0,  0.0,  0.060, 308.96,  0.064, 300.19,  0.110,  29.36,  0.053,  41.19,  0.127, 320.43,  0.129, 297.76,  0.112, 316.45,  0.094, 287.28,  0.070, 340.02,  0.048,  39.04,  0.087, 297.45,  0.086, 264.03,  0.094, 273.04,  0.075, 350.04,  0.025,   2.29,  0.103, 299.54,-99.000, -99.00,-99.000, -99.00,-99.000, -99.00,-99.000, -99.00,
9/10/2006 18:55:00, 10.9,276.1,  1.2,  3.0, 18.725, 29.45,  0.0,  0.0,  0.054,  26.57,  0.191, 357.90,  0.143,  13.36,  0.039,   5.86,  0.041,  91.40,  0.117, 337.83,  0.123, 357.67,  0.127, 333.84,  0.182, 307.87,  0.140, 318.78,  0.116, 324.81,  0.079, 335.38,  0.028,  75.47,  0.052, 357.80,  0.066,  23.09,  0.129, 328.65,-99.000, -99.00,-99.000, -99.00,-99.000, -99.00,-99.000, -99.00,
9/10/2006 19:00:00, 10.9,276.0,  1.2,  3.0, 18.722, 29.45,  0.0,  0.0,  0.132, 317.76,  0.117, 338.93,  0.173,  13.39,  0.164,   9.46,  0.118,  44.66,  0.080,  30.10,  0.088, 342.18,  0.139,  36.54,  0.097,   5.95,  0.117, 291.07,  0.126, 323.04,  0.087, 320.62,  0.059, 324.69,  0.077, 338.75,  0.111, 293.33,  0.047,  17.28,-99.000, -99.00,-99.000, -99.00,-99.000, -99.00,-99.000, -99.00,
9/10/2006 19:05:00, 10.9,275.9,  1.2,  3.0, 18.737, 29.46,  0.0,  0.0,  0.074, 257.47,  0.035,   4.90,  0.035, 297.30,  0.087, 247.83,  0.056, 338.96,  0.028,   6.12,  0.102, 338.72,  0.030, 331.70,  0.074, 288.19,  0.123, 303.43,  0.085, 334.04,  0.047, 279.87,  0.078, 314.48,  0.053, 342.58,  0.028, 309.29,  0.065, 293.43,-99.000, -99.00,-99.000, -99.00,-99.000, -99.00,-99.000, -99.00,
9/10/2006 19:10:00, 10.9,275.9,  1.2,  3.0, 18.732, 29.46,  0.0,  0.0,  0.077,   0.00,  0.171, 284.52,  0.079,  60.52,  0.199, 115.54,  0.172, 103.79,  0.085,  72.85,  0.088,  70.74,  0.096,   2.98,  0.137, 342.10,  0.050, 310.10,  0.047, 274.86,  0.016, 235.30,  0.036,  17.93,  0.123, 353.45,  0.071, 323.62,  0.120, 294.01,-99.000, -99.00,-99.000, -99.00,-99.000, -99.00,-99.000, -99.00,
9/10/2006 19:15:00, 10.9,275.9,  1.2,  3.0, 18.737, 29.46,  0.0,  0.0,  0.073, 270.78,  0.101, 327.57,  0.101, 353.72,  0.026, 342.26,  0.017, 147.26,  0.019, 115.20,  0.009, 122.01,  0.071,  23.30,  0.031,  14.93,  0.025, 221.82,  0.109, 279.46,  0.006,  80.54,  0.145, 295.33,  0.098, 261.79,  0.050, 352.03,  0.073, 355.30,-99.000, -99.00,-99.000, -99.00,-99.000, -99.00,-99.000, -99.00,
9/10/2006 19:20:00, 10.9,275.9,  1.2,  3.0, 18.739, 29.46,  0.0,  0.0,  0.085,  69.21,  0.177, 348.24,  0.142,  43.58,  0.082,  53.97,  0.041, 355.82,  0.036,   0.00,  0.017, 169.99,  0.090, 345.81,  0.122, 293.20,  0.045, 180.00,  0.058, 244.32,  0.056, 307.69,  0.064, 212.20,  0.053, 287.42,  0.031,  76.87,  0.075, 335.49,-99.000, -99.00,-99.000, -99.00,-99.000, -99.00,-99.000, -99.00,
9/10/2006 19:25:00, 10.9,275.9,  1.2,  3.0, 18.752, 29.46,  0.0,  0.0,  0.046,  16.46,  0.028,  30.26,  0.069, 285.04,  0.095, 274.21,  0.073, 349.00,  0.053, 334.40,  0.061, 300.32,  0.035, 313.83,  0.064, 350.10,  0.042, 184.09,  0.031, 268.15,  0.057, 291.61,  0.041, 287.10,  0.101, 311.78,  0.023, 289.98,  0.056, 346.46,-99.000, -99.00,-99.000, -99.00,-99.000, -99.00,-99.000, -99.00,
9/10/2006 19:30:00, 10.9,275.9,  1.2,  3.0, 18.768, 29.46,  0.0,  0.0,  0.081, 359.29,  0.076, 308.07,  0.144, 349.16,  0.106, 343.61,  0.115, 322.43,  0.037,   7.70,  0.056, 148.86,  0.074, 279.33,  0.076, 257.80,  0.100, 312.97,  0.056, 352.87,  0.093, 305.39,  0.151, 323.36,  0.106, 309.25,  0.098, 291.58,  0.055, 306.87,-99.000, -99.00,-99.000, -99.00,-99.000, -99.00,-99.000, -99.00,
9/10/2006 19:35:00, 10.9,276.0,  1.2,  3.0, 18.768, 29.46,  0.0,  0.0,  0.062, 316.30,  0.061, 271.88,  0.093,  39.33,  0.156,   7.72,  0.116, 317.79,  0.119, 349.35,  0.016, 341.57,  0.060,   9.62,  0.099, 348.35,  0.048,  63.97,  0.084, 296.26,  0.063,   3.63,  0.053, 330.52,  0.066, 277.88,  0.019, 216.25,  0.041, 244.06,-99.000, -99.00,-99.000, -99.00,-99.000, -99.00,-99.000, -99.00,
9/10/2006 19:40:00, 10.9,275.8,  1.2,  3.0, 18.763, 29.46,  0.0,  0.0,  0.073, 322.19,  0.037, 345.96,  0.038, 303.27,  0.168, 280.30,  0.089, 349.70,  0.151, 294.19,  0.092, 334.27,  0.092, 302.14,  0.184, 266.89,  0.079, 251.57,  0.119, 278.20,  0.112, 291.52,  0.126, 287.57,  0.074, 292.38,  0.039, 252.03,  0.156, 354.84,-99.000, -99.00,-99.000, -99.00,-99.000, -99.00,-99.000, -99.00,
9/10/2006 19:45:00, 10.9,275.9,  1.2,  3.0, 18.776, 29.46,  0.0,  0.0,  0.083,  14.71,  0.108, 276.40,  0.164, 310.79,  0.064, 223.73,  0.071, 272.42,  0.187, 270.92,  0.141, 291.27,  0.140, 334.54,  0.213, 306.60,  0.076, 294.88,  0.123, 279.39,  0.142, 291.12,  0.022,   2.60,  0.061,  59.20,  0.063,  94.54,  0.049,  87.66,-99.000, -99.00,-99.000, -99.00,-99.000, -99.00,-99.000, -99.00,
9/10/2006 19:50:00, 10.9,276.0,  1.2,  3.0, 18.784, 29.46,  0.0,  0.0,  0.029, 266.05,  0.085, 268.65,  0.117, 304.91,  0.102, 336.21,  0.051,  28.07,  0.067, 310.79,  0.103, 253.67,  0.038, 243.43,  0.023, 352.57,  0.035,  25.11,  0.064, 353.76,  0.099, 261.30,  0.124, 251.71,  0.086, 185.31,  0.045, 149.47,  0.047, 336.16,-99.000, -99.00,-99.000, -99.00,-99.000, -99.00,-99.000, -99.00,
9/10/2006 19:55:00, 10.9,275.9,  1.2,  3.0, 18.795, 29.46,  0.0,  0.0,  0.180, 306.42,  0.155, 291.25,  0.081, 293.39,  0.187, 283.59,  0.125, 270.92,  0.100, 271.15,  0.137, 258.61,  0.200, 248.57,  0.204, 260.68,  0.194, 252.03,  0.183, 283.28,  0.081, 265.06,  0.092, 285.69,  0.072, 296.21,  0.078, 313.96,  0.015, 344.05,-99.000, -99.00,-99.000, -99.00,-99.000, -99.00,-99.000, -99.00,
9/10/2006 20:00:00, 10.9,275.9,  1.2,  3.0, 18.793, 29.46,  0.0,  0.0,  0.108, 206.33,  0.074, 249.35,  0.020, 239.53,  0.095, 285.95,  0.071, 293.30,  0.089, 287.01,  0.115, 295.68,  0.209, 257.03,  0.159, 309.90,  0.167, 289.63,  0.107, 285.72,  0.122, 300.96,  0.130, 287.88,  0.134, 272.99,  0.097, 272.95,  0.109, 333.90,-99.000, -99.00,-99.000, -99.00,-99.000, -99.00,-99.000, -99.00,
9/10/2006 20:05:00, 10.9,275.9,  1.2,  3.0, 18.795, 29.46,  0.0,  0.0,  0.040,  88.57,  0.097, 336.34,  0.094, 310.67,  0.130, 301.12,  0.093, 296.84,  0.070, 330.87,  0.033, 266.53,  0.106, 253.61,  0.124, 294.71,  0.075, 275.33,  0.094, 308.09,  0.144, 290.70,  0.113, 310.71,  0.128, 300.96,  0.051, 245.92,  0.045, 294.86,-99.000, -99.00,-99.000, -99.00,-99.000, -99.00,-99.000, -99.00,
9/10/2006 20:10:00, 10.9,276.0,  1.2,  3.0, 18.815, 29.46,  0.0,  0.0,  0.002, 296.57,  0.035,  19.98,  0.114,  23.20,  0.038, 326.73,  0.157, 298.03,  0.091, 342.76,  0.169, 265.58,  0.157, 264.51,  0.081, 285.75,  0.068, 288.97,  0.072, 312.17,  0.069, 272.49,  0.128, 285.45,  0.096, 302.70,  0.047,  29.29,  0.062,  24.90,-99.000, -99.00,-99.000, -99.00,-99.000, -99.00,-99.000, -99.00,
9/10/2006 20:15:00, 10.9,276.0,  1.2,  3.0, 18.825, 29.45,  0.0,  0.0,  0.108, 183.18,  0.035, 145.41,  0.107, 242.72,  0.110, 225.00,  0.065, 286.19,  0.069, 293.96,  0.155, 293.25,  0.160, 295.92,  0.185, 264.72,  0.130, 277.94,  0.115, 261.03,  0.210, 261.52,  0.101, 271.70,  0.133, 270.00,  0.062, 273.69,  0.074, 327.17,-99.000, -99.00,-99.000, -99.00,-99.000, -99.00,-99.000, -99.00,
9/10/2006 20:20:00, 10.9,276.0,  1.2,  3.0, 18.835, 29.46,  0.0,  0.0,  0.133, 193.93,  0.096, 195.05,  0.074, 261.43,  0.099, 239.53,  0.119, 300.88,  0.027,   6.34,  0.075, 251.32,  0.069, 259.18,  0.118, 273.39,  0.108, 253.25,  0.103, 262.18,  0.146, 275.91,  0.047, 288.43,  0.055, 276.23,  0.023, 285.26,  0.029, 290.32,-99.000, -99.00,-99.000, -99.00,-99.000, -99.00,-99.000, -99.00,
9/10/2006 20:25:00, 10.9,276.0,  1.2,  3.0, 18.839, 29.46,  0.0,  0.0,  0.063, 146.06,  0.080,  24.33,  0.049,  74.54,  0.060, 260.38,  0.032, 275.36,  0.099, 236.15,  0.086, 242.24,  0.113, 266.46,  0.170, 298.83,  0.119, 277.24,  0.077, 327.76,  0.151, 286.52,  0.104, 268.35,  0.097, 289.93,  0.061, 323.70,  0.095, 294.15,-99.000, -99.00,-99.000, -99.00,-99.000, -99.00,-99.000, -99.00,
9/10/2006 20:30:00, 10.9,275.9,  1.2,  3.0, 18.834, 29.46,  0.0,  0.0,  0.031, 157.52,  0.079, 270.73,  0.066, 270.87,  0.153, 283.22,  0.106, 254.65,  0.079, 270.00,  0.152, 282.57,  0.046, 283.74,  0.171, 253.04,  0.066, 283.19,  0.094, 286.11,  0.045, 253.18,  0.110, 309.47,  0.033,  52.43,  0.045, 341.97,  0.040, 358.57,-99.000, -99.00,-99.000, -99.00,-99.000, -99.00,-99.000, -99.00,
9/10/2006 20:35:00, 10.9,276.0,  1.2,  3.0, 18.854, 29.46,  0.0,  0.0,  0.106, 181.62,  0.041,  15.75,  0.042, 191.04,  0.059,  48.45,  0.087, 238.13,  0.022, 283.39,  0.102, 264.40,  0.111, 220.27,  0.098, 312.94,  0.056, 307.69,  0.078, 270.00,  0.078, 287.05,  0.188, 315.00,  0.070, 346.76,  0.085, 342.20,  0.036, 268.41,-99.000, -99.00,-99.000, -99.00,-99.000, -99.00,-99.000, -99.00,
9/10/2006 20:40:00, 10.9,276.0,  1.2,  3.0, 18.856, 29.46,  0.0,  0.0,  0.033, 276.91,  0.058, 338.75,  0.047, 247.29,  0.019, 164.48,  0.053, 307.30,  0.054, 127.50,  0.103, 301.53,  0.068, 289.77,  0.060, 234.46,  0.098, 314.17,  0.106, 317.29,  0.087,  11.31,  0.089, 302.62,  0.131, 280.11,  0.020,  72.47,  0.085, 288.43,-99.000, -99.00,-99.000, -99.00,-99.000, -99.00,-99.000, -99.00,
9/10/2006 20:45:00, 10.9,276.0,  1.2,  3.0, 18.853, 29.46,  0.0,  0.0,  0.073, 149.57,  0.031, 260.84,  0.032, 233.84,  0.045, 356.19,  0.199, 290.62,  0.162, 296.72,  0.129, 303.32,  0.045, 292.04,  0.078, 275.86,  0.028, 282.53,  0.108, 293.96,  0.066, 269.13,  0.065, 264.73,  0.034, 222.61,  0.058, 202.17,  0.037, 135.00,-99.000, -99.00,-99.000, -99.00,-99.000, -99.00,-99.000, -99.00,
9/10/2006 20:50:00, 10.9,275.9,  1.2,  3.0, 18.864, 29.46,  0.0,  0.0,  0.104, 180.55,  0.065, 213.69,  0.076, 239.04,  0.089, 181.29,  0.135, 285.48,  0.103, 248.40,  0.144, 300.83,  0.034,  24.30,  0.117, 272.45,  0.127, 300.81,  0.088, 275.19,  0.076, 236.31,  0.063, 303.94,  0.072, 206.57,  0.004, 123.69,  0.044,  11.82,-99.000, -99.00,-99.000, -99.00,-99.000, -99.00,-99.000, -99.00,
9/10/2006 20:55:00, 10.9,275.9,  1.2,  3.0, 18.872, 29.46,  0.0,  0.0,  0.021, 292.83,  0.034, 261.63,  0.033, 137.49,  0.100, 338.84,  0.024, 335.56,  0.067, 264.04,  0.067, 242.28,  0.085, 290.56,  0.089, 279.04,  0.055, 230.86,  0.030, 226.33,  0.041, 219.09,  0.016, 180.00,  0.015, 258.69,  0.037, 181.55,  0.007, 153.43,-99.000, -99.00,-99.000, -99.00,-99.000, -99.00,-99.000, -99.00,
9/10/2006 21:00:00, 10.9,275.9,  1.2,  3.0, 18.879, 29.46,  0.0,  0.0,  0.098, 208.14,  0.071, 285.61,  0.026, 186.58,  0.067, 237.26,  0.050, 292.44,  0.086, 205.38,  0.033, 238.74,  0.081, 311.52,  0.095, 225.00,  0.088, 174.81,  0.018, 218.16,  0.123, 249.50,  0.053, 247.80,  0.063, 309.23,  0.023, 295.46,  0.057, 241.63,-99.000, -99.00,-99.000, -99.00,-99.000, -99.00,-99.000, -99.00,
9/10/2006 21:05:00, 10.9,276.0,  1.2,  3.0, 18.883, 29.46,  0.0,  0.0,  0.103,  92.78,  0.053, 325.71,  0.028, 343.50,  0.094, 309.81,  0.113, 319.67,  0.047, 256.55,  0.024, 286.93,  0.122, 268.59,  0.066, 298.89,  0.046, 356.27,  0.053, 303.39,  0.095, 282.14,  0.041, 261.67,  0.117, 226.74,  0.078, 227.08,  0.026,  29.48,-99.000, -99.00,-99.000, -99.00,-99.000, -99.00,-99.000, -99.00,
9/10/2006 21:10:00, 10.9,276.0,  1.2,  3.0, 18.894, 29.46,  0.0,  0.0,  0.025, 323.13,  0.029,  24.78,  0.103, 354.45,  0.085, 339.21,  0.028, 297.47,  0.010,   0.00,  0.127, 306.69,  0.123, 279.39,  0.115, 266.52,  0.083, 258.83,  0.044, 307.65,  0.021,  60.95,  0.034, 296.57,  0.081, 299.74,  0.052, 234.46,  0.070, 321.34,-99.000, -99.00,-99.000, -99.00,-99.000, -99.00,-99.000, -99.00,
9/10/2006 21:15:00, 10.9,275.9,  1.2,  3.0, 18.906, 29.46,  0.0,  0.0,  0.070,  63.80,  0.016,  21.80,  0.090, 225.45,  0.105, 262.33,  0.095, 331.82,  0.016, 333.43,  0.091, 314.10,  0.034, 281.98,  0.077, 209.56,  0.106, 273.24,  0.092, 309.73,  0.021,  25.35,  0.057, 227.86,  0.102, 243.18,  0.047, 246.16,  0.047, 340.02,-99.000, -99.00,-99.000, -99.00,-99.000, -99.00,-99.000, -99.00,
9/10/2006 21:20:00, 10.9,276.0,  1.2,  3.0, 18.905, 29.46,  0.0,  0.0,  0.074, 292.09,  0.047, 168.93,  0.031, 240.95,  0.099,  59.04,  0.044, 322.35,  0.105, 306.11,  0.117, 255.61,  0.094, 274.86,  0.012, 228.37,  0.108, 215.60,  0.071, 246.70,  0.105, 291.90,  0.113, 274.05,  0.025, 244.44,  0.038, 273.01,  0.075, 296.91,-99.000, -99.00,-99.000, -99.00,-99.000, -99.00,-99.000, -99.00,
9/10/2006 21:25:00, 10.9,276.0,  1.2,  3.0, 18.908, 29.46,  0.0,  0.0,  0.038, 171.03,  0.123, 167.32,  0.057, 225.71,  0.066, 267.40,  0.069, 296.57,  0.058, 320.57,  0.105, 323.89,  0.058,  54.12,  0.039, 323.43,  0.047, 297.65,  0.012, 138.37,  0.066, 210.82,  0.098, 279.37,  0.063, 282.93,  0.049, 236.63,  0.083, 248.07,-99.000, -99.00,-99.000, -99.00,-99.000, -99.00,-99.000, -99.00,
9/10/2006 21:30:00, 10.9,276.0,  1.2,  3.0, 18.910, 29.46,  0.0,  0.0,  0.078, 235.91,  0.079, 203.96,  0.022, 147.72,  0.071,   0.00,  0.045, 318.58,  0.031, 176.31,  0.088, 270.00,  0.031, 253.30,  0.063, 203.32,  0.051, 282.41,  0.101, 262.59,  0.052, 234.46,  0.109, 286.45,  0.063, 276.34,  0.046, 280.08,  0.021, 238.57,-99.000, -99.00,-99.000, -99.00,-99.000, -99.00,-99.000, -99.00,
9/10/2006 21:35:00, 10.9,275.9,  1.2,  3.0, 18.916, 29.46,  0.0,  0.0,  0.065, 255.75,  0.048, 255.38,  0.042, 289.29,  0.065, 320.65,  0.074, 311.19,  0.086, 312.18,  0.066, 281.31,  0.069, 325.62,  0.074, 276.17,  0.067, 283.83,  0.099, 271.16,  0.092, 289.03,  0.083, 275.51,  0.090, 244.29,  0.074, 272.32,  0.070, 301.66,-99.000, -99.00,-99.000, -99.00,-99.000, -99.00,-99.000, -99.00,
9/10/2006 21:40:00, 10.9,275.9,  1.2,  3.0, 18.914, 29.46,  0.0,  0.0,  0.078, 322.25,  0.069, 285.04,  0.073, 321.10,  0.031, 296.57,  0.149, 331.54,  0.157, 274.37,  0.068, 299.95,  0.067, 293.88,  0.094, 257.14,  0.141, 255.17,  0.089, 258.31,  0.148, 273.48,  0.089, 255.03,  0.087, 266.05,  0.059, 253.11,  0.023, 318.58,-99.000, -99.00,-99.000, -99.00,-99.000, -99.00,-99.000, -99.00,
9/10/2006 21:45:00, 10.9,276.0,  1.2,  3.0, 18.927, 29.46,  0.0,  0.0,  0.043, 249.44,  0.063, 229.50,  0.040, 281.59,  0.108, 220.89,  0.117, 299.62,  0.090,   3.81,  0.046, 314.12,  0.016, 341.57,  0.041, 149.04,  0.084, 211.79,  0.048, 214.02,  0.080, 321.12,  0.077, 270.00,  0.129, 251.42,  0.137, 254.34,  0.090, 256.58,-99.000, -99.00,-99.000, -99.00,-99.000, -99.00,-99.000, -99.00,
9/10/2006 21:50:00, 10.9,276.0,  1.2,  3.0, 18.919, 29.46,  0.0,  0.0,  0.092, 265.03,  0.036, 270.00,  0.031, 218.37,  0.022, 212.28,  0.083, 310.60,  0.071, 307.03,  0.110, 270.52,  0.074, 225.55,  0.034, 153.43,  0.040, 133.99,  0.032, 282.72,  0.045, 302.28,  0.107, 270.54,  0.118, 266.61,  0.139, 252.35,  0.119, 274.33,-99.000, -99.00,-99.000, -99.00,-99.000, -99.00,-99.000, -99.00,
9/10/2006 21:55:00, 10.9,276.0,  1.2,  3.0, 18.940, 29.46,  0.0,  0.0,  0.146, 316.11,  0.048, 299.74,  0.055,  47.94,  0.073,  23.40,  0.036, 226.12,  0.121, 289.33,  0.078, 266.33,  0.152, 270.00,  0.106, 247.80,  0.102, 243.18,  0.135, 263.61,  0.082, 251.57,  0.075, 259.29,  0.136, 293.92,  0.106, 250.20,  0.127, 250.71,-99.000, -99.00,-99.000, -99.00,-99.000, -99.00,-99.000, -99.00,
9/10/2006 22:00:00, 10.9,276.0,  1.2,  3.0, 18.933, 29.46,  0.0,  0.0,  0.070, 310.96,  0.058, 266.05,  0.099, 281.08,  0.083, 292.57,  0.156, 296.73,  0.147, 284.60,  0.125, 304.20,  0.104, 257.17,  0.198, 298.38,  0.157, 283.59,  0.131, 236.79,  0.109, 244.38,  0.111, 276.74,  0.074, 308.42,  0.067, 283.83,  0.068, 306.03,-99.000, -99.00,-99.000, -99.00,-99.000, -99.00,-99.000, -99.00,
9/10/2006 22:05:00, 10.9,276.0,  1.2,  3.0, 18.938, 29.45,  0.0,  0.0,  0.096, 289.57,  0.035, 242.70,  0.062, 354.47,  0.124, 252.15,  0.109, 311.28,  0.113, 311.42,  0.117, 301.38,  0.121, 280.94,  0.120, 284.04,  0.052, 250.87,  0.119, 295.48,  0.120, 239.36,  0.122, 287.10,  0.122, 301.21,  0.064, 177.32,  0.062, 238.88,-99.000, -99.00,-99.000, -99.00,-99.000, -99.00,-99.000, -99.00,
9/10/2006 22:10:00, 10.9,276.0,  1.2,  3.0, 18.931, 29.45,  0.0,  0.0,  0.120, 281.50,  0.056, 275.10,  0.147, 282.15,  0.129, 289.42,  0.108, 313.88,  0.164, 288.43,  0.121, 280.01,  0.194, 261.70,  0.155, 265.94,  0.178, 269.68,  0.121, 296.57,  0.132, 276.96,  0.132, 281.40,  0.122, 276.60,  0.076, 314.46,  0.073, 281.93,-99.000, -99.00,-99.000, -99.00,-99.000, -99.00,-99.000, -99.00,
9/10/2006 22:15:00, 10.9,276.0,  1.2,  3.0, 18.947, 29.45,  0.0,  0.0,  0.133, 311.35,  0.122, 294.68,  0.121, 293.82,  0.169, 323.40,  0.119, 288.13,  0.070, 316.74,  0.122, 276.13,  0.156, 278.49,  0.113, 262.87,  0.116, 301.64,  0.095, 315.86,  0.107, 294.40,  0.099, 268.84,  0.146, 267.26,  0.137, 280.90,  0.097, 286.76,-99.000, -99.00,-99.000, -99.00,-99.000, -99.00,-99.000, -99.00,
9/10/2006 22:20:00, 10.9,276.0,  1.2,  3.0, 18.941, 29.44,  0.0,  0.0,  0.146, 308.90,  0.205, 323.52,  0.105, 303.69,  0.136, 327.95,  0.156, 316.30,  0.183, 294.47,  0.178, 338.92,  0.146, 356.86,  0.183, 342.16,  0.135, 318.89,  0.124, 322.21,  0.123, 324.25,  0.198, 345.05,  0.199, 328.79,  0.123, 311.36,  0.202, 277.41,-99.000, -99.00,-99.000, -99.00,-99.000, -99.00,-99.000, -99.00,
9/10/2006 22:25:00, 10.9,276.0,  1.2,  3.0, 18.938, 29.44,  0.0,  0.0,  0.120, 313.31,  0.236, 334.09,  0.160, 292.73,  0.184, 321.63,  0.193, 317.31,  0.196, 304.42,  0.163, 317.99,  0.227, 345.17,  0.222, 309.87,  0.225, 321.86,  0.139, 313.83,  0.166, 292.25,  0.069, 327.46,  0.076, 315.00,  0.138, 258.28,  0.144, 278.81,-99.000, -99.00,-99.000, -99.00,-99.000, -99.00,-99.000, -99.00,
9/10/2006 22:30:00, 10.9,276.0,  1.2,  3.0, 18.946, 29.44,  0.0,  0.0,  0.146, 271.57,  0.107, 315.75,  0.092, 265.03,  0.138, 273.73,  0.164, 316.97,  0.170, 308.08,  0.143, 332.54,  0.156, 294.60,  0.180, 319.74,  0.195, 289.73,  0.149, 313.64,  0.153, 302.44,  0.145, 302.59,  0.183, 292.21,  0.135, 300.75,  0.124, 294.71,-99.000, -99.00,-99.000, -99.00,-99.000, -99.00,-99.000, -99.00,
9/10/2006 22:35:00, 10.9,275.9,  1.2,  3.0, 18.941, 29.44,  0.0,  0.0,  0.149, 302.94,  0.236, 342.72,  0.133, 330.74,  0.122, 306.03,  0.163, 294.21,  0.130, 306.25,  0.257, 304.55,  0.199, 306.81,  0.197, 309.43,  0.210, 296.93,  0.197, 292.02,  0.171, 323.33,  0.200, 298.11,  0.233, 307.85,  0.180, 317.02,  0.142, 299.45,-99.000, -99.00,-99.000, -99.00,-99.000, -99.00,-99.000, -99.00,
9/10/2006 22:40:00, 10.9,276.0,  1.2,  3.0, 18.943, 29.45,  0.0,  0.0,  0.245, 330.20,  0.224, 317.54,  0.122, 330.49,  0.125, 311.75,  0.248, 315.98,  0.167, 303.50,  0.134, 309.53,  0.186, 296.84,  0.217, 290.77,  0.186, 321.53,  0.213, 298.01,  0.262, 305.51,  0.181, 307.82,  0.223, 286.97,  0.151, 276.84,  0.202, 273.68,-99.000, -99.00,-99.000, -99.00,-99.000, -99.00,-99.000, -99.00,
9/10/2006 22:45:00, 10.9,276.0,  1.2,  3.0, 18.946, 29.45,  0.0,  0.0,  0.280, 306.30,  0.125, 320.19,  0.210, 311.52,  0.171, 304.99,  0.211, 301.66,  0.168, 295.04,  0.163, 298.92,  0.142, 300.55,  0.163, 314.50,  0.089, 282.32,  0.217, 264.45,  0.240, 291.76,  0.185, 271.86,  0.200, 296.05,  0.183, 285.17,  0.129, 299.36,-99.000, -99.00,-99.000, -99.00,-99.000, -99.00,-99.000, -99.00,
9/10/2006 22:50:00, 10.9,276.0,  1.2,  3.0, 18.946, 29.45,  0.0,  0.0,  0.203, 349.52,  0.146, 313.89,  0.209, 320.05,  0.143, 307.03,  0.182, 292.91,  0.112, 295.42,  0.182, 280.75,  0.228, 300.62,  0.181, 305.54,  0.241, 311.63,  0.220, 289.92,  0.152, 288.79,  0.144, 282.01,  0.099, 261.87,  0.127, 287.00,  0.108, 282.24,-99.000, -99.00,-99.000, -99.00,-99.000, -99.00,-99.000, -99.00,
9/10/2006 22:55:00, 10.9,276.0,  1.2,  3.0, 18.949, 29.45,  0.0,  0.0,  0.162, 299.09,  0.132, 315.31,  0.219, 316.30,  0.246, 331.56,  0.201, 310.35,  0.253, 326.44,  0.182, 294.03,  0.208, 290.27,  0.231, 304.79,  0.220, 310.21,  0.197, 323.48,  0.195, 302.22,  0.142, 293.15,  0.257, 286.04,  0.066, 272.60,  0.046, 266.27,-99.000, -99.00,-99.000, -99.00,-99.000, -99.00,-99.000, -99.00,
9/10/2006 23:00:00, 10.9,276.0,  1.2,  3.0, 18.952, 29.46,  0.0,  0.0,  0.123, 311.71,  0.168, 322.24,  0.224, 336.63,  0.200, 339.85,  0.213, 317.85,  0.221, 313.16,  0.197, 317.47,  0.239, 300.76,  0.195, 291.96,  0.115, 312.17,  0.143, 281.31,  0.160, 275.39,  0.246, 286.74,  0.199, 294.37,  0.181, 309.85,  0.086, 300.16,-99.000, -99.00,-99.000, -99.00,-99.000, -99.00,-99.000, -99.00,
9/10/2006 23:05:00, 10.9,276.0,  1.2,  3.0, 18.956, 29.46,  0.0,  0.0,  0.142, 325.30,  0.182, 333.15,  0.144, 313.03,  0.230, 318.70,  0.212, 309.63,  0.177, 308.36,  0.149, 323.21,  0.114, 308.97,  0.151, 322.52,  0.178, 285.99,  0.165, 287.23,  0.186, 291.17,  0.134, 294.66,  0.172, 280.39,  0.185, 273.71,  0.138, 251.43,-99.000, -99.00,-99.000, -99.00,-99.000, -99.00,-99.000, -99.00,
9/10/2006 23:10:00, 10.9,276.0,  1.2,  3.0, 18.943, 29.46,  0.0,  0.0,  0.227, 359.50,  0.177, 356.44,  0.195, 330.80,  0.219, 317.22,  0.160, 282.65,  0.213, 321.47,  0.322, 321.17,  0.241, 320.56,  0.204, 298.32,  0.187, 311.53,  0.239, 309.56,  0.145, 292.68,  0.215, 276.66,  0.180, 255.50,  0.195, 267.65,  0.173, 286.45,-99.000, -99.00,-99.000, -99.00,-99.000, -99.00,-99.000, -99.00,
9/10/2006 23:15:00, 10.9,275.9,  1.2,  3.0, 18.949, 29.45,  0.0,  0.0,  0.188, 341.37,  0.168, 349.70,  0.158, 340.42,  0.175, 343.43,  0.202, 323.87,  0.231, 301.56,  0.286, 309.19,  0.309, 314.61,  0.194, 313.33,  0.264, 290.63,  0.224, 301.49,  0.245, 282.96,  0.248, 286.17,  0.196, 283.26,  0.083, 251.78,  0.017, 193.24,-99.000, -99.00,-99.000, -99.00,-99.000, -99.00,-99.000, -99.00,
9/10/2006 23:20:00, 10.9,276.1,  1.2,  3.0, 18.948, 29.45,  0.0,  0.0,  0.235, 343.18,  0.246, 329.48,  0.258, 347.47,  0.169, 329.79,  0.204, 310.42,  0.159, 312.44,  0.163, 323.97,  0.176, 308.76,  0.285, 306.43,  0.253, 297.78,  0.197, 298.77,  0.245, 291.84,  0.202, 300.62,  0.201, 280.30,  0.087, 229.69,  0.083, 153.43,-99.000, -99.00,-99.000, -99.00,-99.000, -99.00,-99.000, -99.00,
9/10/2006 23:25:00, 10.9,276.0,  1.2,  3.0, 18.939, 29.46,  0.0,  0.0,  0.226, 357.47,  0.274, 333.34,  0.240, 318.54,  0.152, 321.69,  0.250, 302.93,  0.240, 289.94,  0.166, 305.42,  0.235, 285.58,  0.252, 285.41,  0.123, 266.28,  0.166, 258.89,  0.203, 283.97,  0.292, 275.69,  0.119, 241.93,  0.064, 204.96,  0.054, 264.71,-99.000, -99.00,-99.000, -99.00,-99.000, -99.00,-99.000, -99.00,
9/10/2006 23:30:00, 10.9,276.1,  1.2,  3.0, 18.939, 29.46,  0.0,  0.0,  0.166, 336.53,  0.203, 341.92,  0.259, 347.74,  0.209, 324.72,  0.222, 310.07,  0.198, 304.49,  0.154, 329.10,  0.152, 296.23,  0.197, 296.82,  0.173, 268.01,  0.277, 278.31,  0.267, 287.69,  0.204, 261.55,  0.190, 278.47,  0.095, 207.65,  0.092, 141.15,-99.000, -99.00,-99.000, -99.00,-99.000, -99.00,-99.000, -99.00,
9/10/2006 23:35:00, 10.9,276.0,  1.2,  3.0, 18.940, 29.46,  0.0,  0.0,  0.205, 338.82,  0.174, 345.72,  0.272, 326.84,  0.159, 308.38,  0.149, 317.73,  0.185, 319.60,  0.171, 306.94,  0.246, 281.26,  0.154, 303.59,  0.167, 295.49,  0.273, 273.58,  0.087, 290.10,  0.211, 282.85,  0.176, 254.86,  0.091, 242.59,  0.010, 299.05,-99.000, -99.00,-99.000, -99.00,-99.000, -99.00,-99.000, -99.00,
9/10/2006 23:40:00, 10.9,275.9,  1.2,  3.0, 18.939, 29.47,  0.0,  0.0,  0.169, 329.79,  0.137, 349.10,  0.175, 350.48,  0.187, 311.53,  0.152, 316.86,  0.226, 309.81,  0.179, 310.01,  0.177, 306.48,  0.155, 287.62,  0.212, 286.13,  0.179, 288.23,  0.154, 278.60,  0.184, 286.37,  0.217, 275.82,  0.166, 271.04,  0.007,  63.43,-99.000, -99.00,-99.000, -99.00,-99.000, -99.00,-99.000, -99.00,
9/10/2006 23:45:00, 10.9,276.0,  1.2,  3.0, 18.950, 29.47,  0.0,  0.0,  0.101, 300.38,  0.199, 335.63,  0.144, 305.68,  0.160, 301.70,  0.237, 321.00,  0.220, 307.44,  0.184, 296.43,  0.199, 292.44,  0.187, 290.95,  0.164, 288.10,  0.234, 283.32,  0.264, 281.14,  0.198, 277.56,  0.214, 292.25,  0.081, 262.17,  0.036, 207.98,-99.000, -99.00,-99.000, -99.00,-99.000, -99.00,-99.000, -99.00,
9/10/2006 23:50:00, 10.9,276.0,  1.2,  3.0, 18.952, 29.46,  0.0,  0.0,  0.176, 353.80,  0.097, 340.07,  0.151, 350.10,  0.213, 318.61,  0.164, 311.05,  0.219, 304.20,  0.217, 305.23,  0.183, 292.50,  0.189, 281.90,  0.134, 275.58,  0.204, 270.00,  0.226, 272.79,  0.248, 271.85,  0.274, 274.19,  0.209, 264.51,  0.083, 226.47,-99.000, -99.00,-99.000, -99.00,-99.000, -99.00,-99.000, -99.00,
9/10/2006 23:55:00, 10.9,276.0,  1.2,  3.0, 18.949, 29.46,  0.0,  0.0,  0.063,  35.96,  0.217, 328.58,  0.161, 316.26,  0.117, 326.17,  0.115, 305.48,  0.153, 270.37,  0.222, 290.56,  0.220, 282.33,  0.236, 285.98,  0.120, 273.81,  0.174, 278.92,  0.307, 281.09,  0.272, 298.54,  0.161, 276.42,  0.116, 260.05,  0.063, 265.46,-99.000, -99.00,-99.000, -99.00,-99.000, -99.00,-99.000, -99.00,
9/11/2006 00:00:00, 10.9,276.0,  1.2,  3.0, 18.944, 29.46,  0.0,  0.0,  0.195, 293.55,  0.086, 349.22,  0.164, 304.08,  0.192, 316.68,  0.176, 309.93,  0.165, 314.26,  0.199, 305.60,  0.150, 282.74,  0.142, 285.89,  0.332, 293.24,  0.235, 272.44,  0.284, 265.96,  0.299, 259.59,  0.167, 255.05,  0.136, 271.26,  0.070, 286.62,-99.000, -99.00,-99.000, -99.00,-99.000, -99.00,-99.000, -99.00,
9/11/2006 00:05:00, 10.9,275.9,  1.2,  3.0, 18.931, 29.45,  0.0,  0.0,  0.135, 313.50,  0.193, 339.69,  0.265, 328.11,  0.199, 324.63,  0.209, 329.51,  0.199, 343.94,  0.149, 324.82,  0.159, 342.82,  0.185, 327.60,  0.297, 323.90,  0.121, 325.12,  0.199, 299.14,  0.245, 298.55,  0.250, 294.61,  0.235, 284.81,  0.120, 262.82,-99.000, -99.00,-99.000, -99.00,-99.000, -99.00,-99.000, -99.00,
9/11/2006 00:10:00, 10.9,276.0,  1.2,  3.0, 18.932, 29.45,  0.0,  0.0,  0.195, 284.25,  0.093, 318.06,  0.182, 287.24,  0.138, 322.05,  0.176, 305.31,  0.242, 317.68,  0.207, 312.65,  0.230, 287.18,  0.186, 280.83,  0.255, 301.50,  0.253, 292.31,  0.265, 292.20,  0.159, 287.18,  0.194, 284.04,  0.169, 287.90,  0.059, 268.06,-99.000, -99.00,-99.000, -99.00,-99.000, -99.00,-99.000, -99.00,
9/11/2006 00:15:00, 10.9,276.0,  1.2,  3.0, 18.927, 29.45,  0.0,  0.0,  0.250, 305.40,  0.187, 289.70,  0.128, 287.30,  0.199, 307.45,  0.181, 303.08,  0.246, 296.36,  0.213, 284.43,  0.189, 287.86,  0.211, 278.70,  0.212, 282.79,  0.211, 289.64,  0.287, 280.84,  0.197, 277.59,  0.240, 279.11,  0.199, 291.27,  0.115, 270.00,-99.000, -99.00,-99.000, -99.00,-99.000, -99.00,-99.000, -99.00,
9/11/2006 00:20:00, 10.9,276.0,  1.2,  3.0, 18.925, 29.45,  0.0,  0.0,  0.154, 309.47,  0.214, 299.45,  0.199, 315.61,  0.153, 310.48,  0.207, 315.20,  0.181, 305.54,  0.194, 311.02,  0.149, 318.81,  0.247, 319.93,  0.179, 292.69,  0.097, 346.83,  0.135, 308.06,  0.079, 290.73,  0.248, 271.85,  0.205, 270.28,  0.130, 276.19,-99.000, -99.00,-99.000, -99.00,-99.000, -99.00,-99.000, -99.00,
9/11/2006 00:25:00, 10.9,276.0,  1.2,  3.0, 18.907, 29.45,  0.0,  0.0,  0.189, 311.78,  0.130, 310.31,  0.142, 275.67,  0.199, 323.36,  0.207, 319.91,  0.236, 312.94,  0.206, 304.70,  0.222, 309.71,  0.143, 302.69,  0.225, 288.11,  0.193, 291.64,  0.162, 303.40,  0.223, 287.46,  0.163, 278.83,  0.129, 294.19,  0.093, 252.54,-99.000, -99.00,-99.000, -99.00,-99.000, -99.00,-99.000, -99.00,
9/11/2006 00:30:00, 10.9,276.0,  1.2,  3.0, 18.891, 29.45,  0.0,  0.0,  0.123, 331.35,  0.184, 324.50,  0.243, 308.48,  0.156, 295.91,  0.267, 290.61,  0.208, 324.01,  0.302, 321.31,  0.175, 329.48,  0.107, 314.62,  0.259, 295.67,  0.212, 287.84,  0.174, 281.63,  0.144, 282.01,  0.127, 271.35,  0.139, 266.71,  0.126, 271.82,-99.000, -99.00,-99.000, -99.00,-99.000, -99.00,-99.000, -99.00,
9/11/2006 00:35:00, 10.9,276.0,  1.2,  3.0, 18.904, 29.44,  0.0,  0.0,  0.167, 295.49,  0.170, 277.80,  0.154, 320.82,  0.145,   0.00,  0.219, 314.07,  0.146, 342.93,  0.136, 335.70,  0.135, 297.90,  0.170, 286.08,  0.152, 252.76,  0.194, 270.30,  0.177, 290.18,  0.216, 281.21,  0.206, 280.93,  0.092, 293.77,  0.057, 193.07,-99.000, -99.00,-99.000, -99.00,-99.000, -99.00,-99.000, -99.00,
9/11/2006 00:40:00, 10.9,276.0,  1.2,  3.0, 18.886, 29.44,  0.0,  0.0,  0.169, 321.71,  0.156, 284.84,  0.236, 310.71,  0.299, 315.14,  0.200, 328.30,  0.236, 350.74,  0.232, 299.65,  0.156, 316.81,  0.163, 334.54,  0.193, 305.74,  0.227, 293.63,  0.192, 296.30,  0.162, 291.80,  0.151, 282.65,  0.140, 270.00,  0.065, 327.53,-99.000, -99.00,-99.000, -99.00,-99.000, -99.00,-99.000, -99.00,
9/11/2006 00:45:00, 10.9,276.0,  1.2,  3.0, 18.881, 29.43,  0.0,  0.0,  0.193, 317.95,  0.246, 313.35,  0.162, 332.80,  0.203, 325.22,  0.246, 342.01,  0.198, 324.46,  0.175, 325.95,  0.178, 309.31,  0.254, 319.79,  0.165, 337.49,  0.230, 305.62,  0.204, 301.59,  0.274, 295.72,  0.212, 274.07,  0.224, 266.93,  0.066, 272.60,-99.000, -99.00,-99.000, -99.00,-99.000, -99.00,-99.000, -99.00,
9/11/2006 00:50:00, 10.9,275.9,  1.2,  3.0, 18.871, 29.43,  0.0,  0.0,  0.200, 303.77,  0.210, 288.00,  0.216, 333.32,  0.145, 299.40,  0.114, 310.38,  0.178, 320.69,  0.183, 326.14,  0.230, 310.06,  0.218, 320.03,  0.144, 294.61,  0.167, 293.33,  0.211, 283.44,  0.188, 271.83,  0.212, 273.51,  0.140, 267.14,  0.035, 281.63,-99.000, -99.00,-99.000, -99.00,-99.000, -99.00,-99.000, -99.00,
9/11/2006 00:55:00, 10.9,276.0,  1.2,  3.0, 18.875, 29.42,  0.0,  0.0,  0.112, 312.83,  0.091, 328.06,  0.178, 316.60,  0.210, 314.81,  0.132, 312.54,  0.294, 299.79,  0.166, 302.74,  0.163, 305.54,  0.182, 307.87,  0.169, 309.72,  0.065, 303.69,  0.168, 291.99,  0.235, 262.18,  0.142, 267.18,  0.149, 288.80,  0.113, 282.31,-99.000, -99.00,-99.000, -99.00,-99.000, -99.00,-99.000, -99.00,
9/11/2006 01:00:00, 10.9,276.0,  1.2,  3.0, 18.867, 29.41,  0.0,  0.0,  0.226, 313.93,  0.225, 315.36,  0.106, 315.76,  0.119, 306.49,  0.176, 321.70,  0.055,  41.28,  0.033, 322.43,  0.232, 292.81,  0.144, 277.17,  0.183, 298.39,  0.149, 280.86,  0.175, 274.93,  0.224, 275.63,  0.174, 264.72,  0.224, 286.58,  0.100, 314.19,-99.000, -99.00,-99.000, -99.00,-99.000, -99.00,-99.000, -99.00,
9/11/2006 01:05:00, 10.9,276.0,  1.2,  3.0, 18.869, 29.40,  0.0,  0.0,  0.192, 322.83,  0.205, 293.57,  0.252, 310.97,  0.146, 300.43,  0.085, 289.29,  0.138, 300.47,  0.085, 302.57,  0.128, 291.97,  0.187, 313.70,  0.077, 331.45,  0.185, 290.19,  0.154, 260.66,  0.204, 283.90,  0.237, 274.60,  0.184, 277.82,  0.122, 277.53,-99.000, -99.00,-99.000, -99.00,-99.000, -99.00,-99.000, -99.00,
9/11/2006 01:10:00, 10.9,276.0,  1.2,  3.0, 18.854, 29.40,  0.0,  0.0,  0.235, 303.35,  0.173, 299.09,  0.165, 292.06,  0.182, 310.09,  0.137, 297.31,  0.150, 302.74,  0.110, 314.63,  0.108, 297.51,  0.158, 310.64,  0.178, 310.67,  0.189, 311.13,  0.187, 279.56,  0.189, 280.36,  0.149, 268.08,  0.157, 270.00,  0.117, 277.85,-99.000, -99.00,-99.000, -99.00,-99.000, -99.00,-99.000, -99.00,
9/11/2006 01:15:00, 10.9,275.8,  1.2,  3.0, 18.850, 29.40,  0.0,  0.0,  0.061, 271.88,  0.107, 315.38,  0.151, 329.36,  0.123, 328.24,  0.177, 327.48,  0.061, 320.31,  0.175, 303.60,  0.100, 324.73,  0.158, 334.08,  0.107, 296.57,  0.114, 260.95,  0.237, 277.99,  0.290, 269.41,  0.226, 272.53,  0.144, 281.23,  0.097, 284.89,-99.000, -99.00,-99.000, -99.00,-99.000, -99.00,-99.000, -99.00,
9/11/2006 01:20:00, 10.9,275.9,  1.2,  3.0, 18.843, 29.40,  0.0,  0.0,  0.072,  15.40,  0.144, 279.98,  0.048, 304.02,  0.078, 311.88,  0.143, 354.77,  0.130, 325.70,  0.115, 328.10,  0.168, 274.45,  0.204, 289.77,  0.169, 274.76,  0.134, 287.35,  0.164, 279.12,  0.201, 286.18,  0.175, 258.11,  0.173, 258.30,  0.161, 252.69,-99.000, -99.00,-99.000, -99.00,-99.000, -99.00,-99.000, -99.00,
9/11/2006 01:25:00, 10.9,276.0,  1.2,  3.0, 18.836, 29.40,  0.0,  0.0,  0.209, 319.07,  0.094, 267.56,  0.154, 292.56,  0.223, 299.20,  0.182, 306.30,  0.074, 303.48,  0.078, 332.45,  0.181, 300.96,  0.150, 291.94,  0.146, 286.70,  0.098, 286.59,  0.188, 276.10,  0.166, 280.43,  0.193, 272.37,  0.123, 270.00,  0.101, 283.76,-99.000, -99.00,-99.000, -99.00,-99.000, -99.00,-99.000, -99.00,
9/11/2006 01:30:00, 10.9,276.0,  1.2,  3.0, 18.830, 29.40,  0.0,  0.0,  0.093, 301.81,  0.214, 281.31,  0.187, 283.96,  0.086, 315.00,  0.166, 309.36,  0.142, 307.27,  0.142, 309.86,  0.157, 285.10,  0.136, 299.01,  0.123, 262.07,  0.142, 285.89,  0.161, 279.29,  0.178, 266.14,  0.164, 265.82,  0.203, 269.72,  0.088, 270.65,-99.000, -99.00,-99.000, -99.00,-99.000, -99.00,-99.000, -99.00,
9/11/2006 01:35:00, 10.9,275.9,  1.2,  3.0, 18.822, 29.40,  0.0,  0.0,  0.220, 307.23,  0.201, 309.15,  0.106, 290.49,  0.213, 318.99,  0.008, 320.19,  0.111, 305.84,  0.060, 335.56,  0.119, 316.36,  0.190, 291.02,  0.153, 298.40,  0.159, 299.79,  0.201, 274.57,  0.154, 269.63,  0.210, 266.46,  0.133, 250.20,  0.055, 241.56,-99.000, -99.00,-99.000, -99.00,-99.000, -99.00,-99.000, -99.00,
9/11/2006 01:40:00, 10.9,276.0,  1.2,  3.0, 18.813, 29.39,  0.0,  0.0,  0.075, 299.65,  0.127, 306.06,  0.205, 337.94,  0.142, 333.25,  0.174, 343.96,  0.178, 351.28,  0.111, 310.60,  0.091, 275.65,  0.091, 284.04,  0.084, 297.79,  0.142, 282.18,  0.145, 272.37,  0.149, 271.92,  0.161, 257.43,  0.098, 265.91,  0.100, 325.20,-99.000, -99.00,-99.000, -99.00,-99.000, -99.00,-99.000, -99.00,
9/11/2006 01:45:00, 10.9,276.0,  1.2,  3.0, 18.815, 29.39,  0.0,  0.0,  0.204, 295.81,  0.139, 289.74,  0.166, 308.39,  0.187, 323.93,  0.194, 321.71,  0.087, 345.32,  0.174, 272.30,  0.167, 307.69,  0.191, 287.01,  0.200, 296.44,  0.125, 282.03,  0.128, 284.90,  0.124, 279.31,  0.172, 275.35,  0.167, 283.12,  0.043, 279.46,-99.000, -99.00,-99.000, -99.00,-99.000, -99.00,-99.000, -99.00,
9/11/2006 01:50:00, 10.9,276.0,  1.2,  3.0, 18.812, 29.39,  0.0,  0.0,  0.187, 296.70,  0.091, 250.18,  0.092, 303.00,  0.076, 330.07,  0.055, 304.56,  0.083, 306.18,  0.067, 287.35,  0.121, 319.04,  0.156, 291.46,  0.121, 272.84,  0.229, 277.28,  0.147, 271.17,  0.088, 270.00,  0.100, 282.65,  0.112, 273.58,  0.074, 267.68,-99.000, -99.00,-99.000, -99.00,-99.000, -99.00,-99.000, -99.00,
9/11/2006 01:55:00, 10.9,276.0,  1.2,  3.0, 18.808, 29.39,  0.0,  0.0,  0.088, 308.05,  0.112, 299.30,  0.120, 294.21,  0.104, 310.30,  0.063, 318.22,  0.036, 303.69,  0.101, 310.17,  0.120, 278.13,  0.147, 271.95,  0.172, 276.34,  0.224, 269.49,  0.132, 273.90,  0.118, 282.26,  0.123, 268.14,  0.111, 249.44,  0.098, 277.05,-99.000, -99.00,-99.000, -99.00,-99.000, -99.00,-99.000, -99.00,
9/11/2006 02:00:00, 10.9,276.0,  1.2,  3.0, 18.794, 29.38,  0.0,  0.0,  0.147, 257.85,  0.102, 309.01,  0.098, 354.75,  0.108, 345.58,  0.124, 337.77,  0.052, 336.37,  0.079, 310.36,  0.099, 310.10,  0.036, 289.44,  0.119, 268.07,  0.128, 260.10,  0.136, 288.83,  0.085, 244.94,  0.050, 257.35,  0.053, 218.83,  0.038, 266.99,-99.000, -99.00,-99.000, -99.00,-99.000, -99.00,-99.000, -99.00,
9/11/2006 02:05:00, 10.9,276.0,  1.2,  3.0, 18.785, 29.38,  0.0,  0.0,  0.065, 287.88,  0.079, 282.45,  0.088, 324.69,  0.181, 285.03,  0.043, 255.32,  0.008, 246.80,  0.067, 278.62,  0.123, 282.68,  0.134, 262.29,  0.105, 217.64,  0.131, 250.32,  0.153, 234.33,  0.113, 257.69,  0.125, 265.43,  0.147, 269.61,  0.096, 235.65,-99.000, -99.00,-99.000, -99.00,-99.000, -99.00,-99.000, -99.00,
9/11/2006 02:10:00, 10.9,276.0,  1.2,  3.0, 18.776, 29.38,  0.0,  0.0,  0.045, 263.66,  0.083,  31.20,  0.087, 333.43,  0.117, 358.04,  0.040, 295.28,  0.093, 327.67,  0.086, 306.47,  0.088, 300.63,  0.074, 328.24,  0.022, 338.20,  0.076, 244.44,  0.166, 266.21,  0.074, 277.80,  0.121, 225.34,  0.134, 251.70,  0.053, 289.80,-99.000, -99.00,-99.000, -99.00,-99.000, -99.00,-99.000, -99.00,
9/11/2006 02:15:00, 10.9,276.0,  1.2,  3.0, 18.770, 29.38,  0.0,  0.0,  0.080, 325.12,  0.047,  32.01,  0.030, 271.91,  0.055, 344.20,  0.134, 294.66,  0.126, 305.33,  0.100, 276.34,  0.192, 291.36,  0.108, 276.93,  0.082, 246.89,  0.145, 247.68,  0.151, 241.57,  0.100, 275.14,  0.156, 265.97,  0.117, 288.43,  0.114, 295.89,-99.000, -99.00,-99.000, -99.00,-99.000, -99.00,-99.000, -99.00,
9/11/2006 02:20:00, 10.9,276.0,  1.2,  3.0, 18.753, 29.39,  0.0,  0.0,  0.116, 281.89,  0.100, 314.19,  0.018, 202.38,  0.135,  34.75,  0.043, 229.69,  0.082, 355.12,  0.126, 279.61,  0.114, 310.00,  0.065, 297.35,  0.014, 294.78,  0.104, 254.36,  0.088, 255.49,  0.115, 280.04,  0.129, 246.22,  0.081, 248.20,  0.100, 255.00,-99.000, -99.00,-99.000, -99.00,-99.000, -99.00,-99.000, -99.00,
9/11/2006 02:25:00, 10.9,276.0,  1.2,  3.0, 18.751, 29.39,  0.0,  0.0,  0.124, 332.20,  0.061, 338.90,  0.109, 301.50,  0.076, 247.50,  0.043,  37.41,  0.022,  74.05,  0.036, 305.91,  0.000,   0.00,  0.064, 233.31,  0.102, 212.12,  0.055, 246.25,  0.104, 255.56,  0.088, 248.68,  0.058, 219.43,  0.047, 227.56,  0.030, 295.71,-99.000, -99.00,-99.000, -99.00,-99.000, -99.00,-99.000, -99.00,
9/11/2006 02:30:00, 10.9,276.0,  1.2,  3.0, 18.758, 29.39,  0.0,  0.0,  0.007, 180.00,  0.038, 230.39,  0.028, 175.91,  0.048, 148.63,  0.064, 261.87,  0.128, 262.38,  0.086, 221.25,  0.101, 258.58,  0.099, 243.69,  0.078, 244.09,  0.089, 265.50,  0.088, 281.18,  0.099, 281.65,  0.092, 266.89,  0.119, 283.57,  0.051, 323.81,-99.000, -99.00,-99.000, -99.00,-99.000, -99.00,-99.000, -99.00,
9/11/2006 02:35:00, 10.9,276.0,  1.2,  3.0, 18.747, 29.39,  0.0,  0.0,  0.018, 243.43,  0.134,   8.62,  0.079, 238.91,  0.028,  21.04,  0.063, 270.00,  0.023, 318.58,  0.107, 256.48,  0.052, 228.09,  0.044, 232.35,  0.023, 177.51,  0.120, 271.43,  0.116, 213.42,  0.093, 223.26,  0.162, 261.12,  0.130, 278.38,  0.011,  33.69,-99.000, -99.00,-99.000, -99.00,-99.000, -99.00,-99.000, -99.00,
9/11/2006 02:40:00, 10.9,276.0,  1.2,  3.0, 18.744, 29.39,  0.0,  0.0,  0.073, 280.23,  0.074, 259.90,  0.034, 319.76,  0.078, 359.27,  0.057, 106.22,  0.110, 274.68,  0.056, 281.31,  0.064, 308.66,  0.101, 289.16,  0.020, 225.00,  0.133, 277.77,  0.091, 248.78,  0.031, 250.97,  0.025, 189.09,  0.096, 217.35,  0.042, 325.56,-99.000, -99.00,-99.000, -99.00,-99.000, -99.00,-99.000, -99.00,
9/11/2006 02:45:00, 10.9,275.9,  1.2,  3.0, 18.735, 29.39,  0.0,  0.0,  0.039, 289.36,  0.073, 349.77,  0.043, 232.59,  0.034, 356.63,  0.084, 307.28,  0.161, 222.99,  0.045, 243.43,  0.160, 282.65,  0.160, 279.70,  0.108, 267.35,  0.105, 268.36,  0.055, 277.25,  0.119, 304.36,  0.128, 292.96,  0.047, 331.78,  0.069, 285.04,-99.000, -99.00,-99.000, -99.00,-99.000, -99.00,-99.000, -99.00,
9/11/2006 02:50:00, 10.9,276.0,  1.2,  3.0, 18.718, 29.39,  0.0,  0.0,  0.088, 264.81,  0.073, 356.86,  0.048, 349.16,  0.096, 355.83,  0.083, 310.60,  0.045, 341.97,  0.053, 250.20,  0.080, 295.92,  0.136, 274.62,  0.080, 277.93,  0.016, 230.19,  0.060, 277.72,  0.105, 284.97,  0.067, 299.64,  0.033, 297.35,  0.083, 306.18,-99.000, -99.00,-99.000, -99.00,-99.000, -99.00,-99.000, -99.00,
9/11/2006 02:55:00, 10.9,276.0,  1.2,  3.0, 18.719, 29.39,  0.0,  0.0,  0.051, 236.93,  0.078, 221.88,  0.027, 131.99,  0.069, 247.89,  0.021,  90.00,  0.050, 221.73,  0.022, 326.31,  0.073,  62.39,  0.050, 355.43,  0.026, 322.70,  0.045,  67.96,  0.020, 246.04,  0.055, 321.67,  0.017, 259.99,  0.079, 274.34,  0.041, 272.79,-99.000, -99.00,-99.000, -99.00,-99.000, -99.00,-99.000, -99.00,
9/11/2006 03:00:00, 10.9,276.0,  1.2,  3.0, 18.708, 29.39,  0.0,  0.0,  0.038, 175.49,  0.066, 208.89,  0.064, 210.19,  0.052, 258.91,  0.103, 247.68,  0.072, 201.21,  0.058, 185.91,  0.063, 286.70,  0.033, 287.88,  0.015, 203.20,  0.011,  15.26,  0.099, 220.48,  0.094, 241.53,  0.026, 247.38,  0.012, 184.76,  0.031, 240.95,-99.000, -99.00,-99.000, -99.00,-99.000, -99.00,-99.000, -99.00,
9/11/2006 03:05:00, 10.9,276.0,  1.2,  3.0, 18.697, 29.39,  0.0,  0.0,  0.076, 189.09,  0.069, 199.49,  0.059, 226.36,  0.114, 211.05,  0.027, 265.76,  0.006, 120.96,  0.082, 241.56,  0.020, 354.29,  0.042,   6.79,  0.063,  20.45,  0.069,  71.30,  0.050, 344.85,  0.057, 276.01,  0.097, 349.27,  0.028, 357.95,  0.032, 335.85,-99.000, -99.00,-99.000, -99.00,-99.000, -99.00,-99.000, -99.00,
9/11/2006 03:10:00, 10.9,276.0,  1.2,  3.0, 18.691, 29.39,  0.0,  0.0,  0.082, 213.11,  0.030, 205.71,  0.039, 265.60,  0.062, 322.21,  0.060,  67.31,  0.088, 112.77,  0.064, 131.19,  0.048, 167.99,  0.094, 116.57,  0.098, 184.09,  0.090, 241.44,  0.028, 282.53,  0.035, 199.98,  0.059, 180.97,  0.023, 142.13,  0.043, 249.44,-99.000, -99.00,-99.000, -99.00,-99.000, -99.00,-99.000, -99.00,
9/11/2006 03:15:00, 10.9,275.9,  1.2,  3.0, 18.678, 29.39,  0.0,  0.0,  0.023, 151.19,  0.038, 142.52,  0.039,  41.88,  0.136,  79.02,  0.075,  89.24,  0.030,  48.99,  0.044, 117.15,  0.105, 125.35,  0.028, 217.69,  0.037,  53.75,  0.075, 140.98,  0.086, 123.14,  0.043, 197.59,  0.036, 192.88,  0.038, 117.90,  0.021,  50.91,-99.000, -99.00,-99.000, -99.00,-99.000, -99.00,-99.000, -99.00,
9/11/2006 03:20:00, 10.9,276.0,  1.2,  3.0, 18.680, 29.39,  0.0,  0.0,  0.099, 140.34,  0.015, 254.05,  0.066, 284.88,  0.051,  27.07,  0.036, 167.12,  0.102, 120.58,  0.075, 147.99,  0.068, 170.68,  0.027, 308.99,  0.115, 305.77,  0.024, 145.01,  0.053, 258.06,  0.038, 209.93,  0.065, 261.12,  0.026, 147.53,  0.050, 267.71,-99.000, -99.00,-99.000, -99.00,-99.000, -99.00,-99.000, -99.00,
9/11/2006 03:25:00, 10.9,276.0,  1.2,  3.0, 18.672, 29.38,  0.0,  0.0,  0.113, 138.96,  0.062, 142.21,  0.130, 110.25,  0.112, 145.18,  0.017,  66.37,  0.075, 205.20,  0.080, 177.85,  0.021, 165.96,  0.030, 189.46,  0.065,  82.98,  0.077, 130.76,  0.049, 219.21,  0.043, 252.41,  0.045, 259.70,  0.033, 180.00,  0.026, 322.70,-99.000, -99.00,-99.000, -99.00,-99.000, -99.00,-99.000, -99.00,
9/11/2006 03:30:00, 10.9,276.0,  1.2,  3.0, 18.664, 29.38,  0.0,  0.0,  0.075, 173.07,  0.109, 166.73,  0.027,  15.07,  0.224, 115.65,  0.173, 122.04,  0.046, 106.46,  0.059, 135.69,  0.091,  96.34,  0.080,  74.05,  0.056, 120.26,  0.053,  85.68,  0.074, 135.55,  0.099, 149.04,  0.057, 198.43,  0.050, 138.27,  0.033, 194.04,-99.000, -99.00,-99.000, -99.00,-99.000, -99.00,-99.000, -99.00,
9/11/2006 03:35:00, 10.9,276.0,  1.2,  3.0, 18.662, 29.38,  0.0,  0.0,  0.096, 132.03,  0.094, 144.11,  0.053, 183.24,  0.146, 170.15,  0.149, 162.42,  0.063, 117.38,  0.063, 121.43,  0.046,  66.80,  0.078, 103.32,  0.030,   9.46,  0.090,  76.58,  0.055, 101.51,  0.079, 107.74,  0.031, 165.07,  0.147, 128.11,  0.044, 173.52,-99.000, -99.00,-99.000, -99.00,-99.000, -99.00,-99.000, -99.00,
9/11/2006 03:40:00, 10.9,276.0,  1.2,  3.0, 18.665, 29.38,  0.0,  0.0,  0.143,  85.60,  0.091, 146.66,  0.138, 132.94,  0.133, 142.96,  0.093, 166.26,  0.098,  84.75,  0.148, 146.31,  0.088, 126.22,  0.111, 149.74,  0.085, 152.53,  0.040, 159.27,  0.116,  95.46,  0.071,  25.11,  0.073,  49.99,  0.031, 109.03,  0.050, 251.20,-99.000, -99.00,-99.000, -99.00,-99.000, -99.00,-99.000, -99.00,
9/11/2006 03:45:00, 10.9,276.0,  1.2,  3.0, 18.653, 29.38,  0.0,  0.0,  0.106, 130.43,  0.157, 121.46,  0.032, 205.77,  0.022, 140.53,  0.080, 151.50,  0.087, 208.03,  0.065, 128.80,  0.127, 122.44,  0.201, 127.10,  0.119, 133.64,  0.065, 106.19,  0.036, 200.92,  0.132, 134.69,  0.150, 135.54,  0.098,  98.21,  0.090,  76.58,-99.000, -99.00,-99.000, -99.00,-99.000, -99.00,-99.000, -99.00,
9/11/2006 03:50:00, 10.9,276.0,  1.2,  3.0, 18.660, 29.38,  0.0,  0.0,  0.228, 110.50,  0.116, 145.49,  0.068, 131.42,  0.067, 145.36,  0.109, 132.03,  0.154, 138.43,  0.150, 125.49,  0.127, 139.79,  0.122, 136.33,  0.130, 147.53,  0.170, 139.55,  0.036, 180.00,  0.113, 122.01,  0.137, 119.74,  0.213, 121.38,  0.107, 169.22,-99.000, -99.00,-99.000, -99.00,-99.000, -99.00,-99.000, -99.00,
9/11/2006 03:55:00, 10.9,276.0,  1.2,  3.0, 18.642, 29.38,  0.0,  0.0,  0.066, 103.19,  0.150, 153.09,  0.139, 135.29,  0.107, 147.65,  0.102, 118.84,  0.207, 147.85,  0.155, 143.65,  0.189, 113.99,  0.066, 108.43,  0.048, 356.42,  0.026, 117.55,  0.084, 204.73,  0.078, 108.67,  0.155,  93.32,  0.169, 104.04,  0.148, 112.59,-99.000, -99.00,-99.000, -99.00,-99.000, -99.00,-99.000, -99.00,
9/11/2006 04:00:00, 10.9,276.0,  1.2,  3.0, 18.639, 29.38,  0.0,  0.0,  0.186, 144.43,  0.177, 129.72,  0.118, 132.24,  0.143, 163.72,  0.163, 121.93,  0.139, 136.45,  0.121, 125.26,  0.063, 203.32,  0.081, 167.16,  0.174, 151.81,  0.175, 141.49,  0.045, 152.30,  0.134, 140.47,  0.211, 136.15,  0.089, 139.54,  0.048, 215.68,-99.000, -99.00,-99.000, -99.00,-99.000, -99.00,-99.000, -99.00,
9/11/2006 04:05:00, 10.9,276.0,  1.2,  3.0, 18.636, 29.38,  0.0,  0.0,  0.103, 121.53,  0.087, 115.97,  0.244, 128.18,  0.189, 138.87,  0.152, 128.60,  0.130, 118.93,  0.180, 128.46,  0.128, 123.19,  0.188, 125.04,  0.147, 145.55,  0.139, 141.40,  0.196, 129.62,  0.145, 111.43,  0.105, 111.19,  0.173, 119.83,  0.061,  94.69,-99.000, -99.00,-99.000, -99.00,-99.000, -99.00,-99.000, -99.00,
9/11/2006 04:10:00, 10.9,276.0,  1.2,  3.0, 18.631, 29.38,  0.0,  0.0,  0.139, 159.35,  0.168, 144.42,  0.051, 127.09,  0.151, 153.60,  0.059, 156.04,  0.061, 149.20,  0.110, 156.94,  0.119, 178.07,  0.103, 136.97,  0.098, 132.12,  0.101,  72.65,  0.149, 111.59,  0.172, 128.40,  0.208, 141.64,  0.154, 131.57,  0.074, 205.53,-99.000, -99.00,-99.000, -99.00,-99.000, -99.00,-99.000, -99.00,
9/11/2006 04:15:00, 10.9,276.0,  1.2,  3.0, 18.634, 29.38,  0.0,  0.0,  0.099, 151.11,  0.022, 288.43,  0.092, 121.28,  0.073, 107.45,  0.035, 161.57,  0.096,  78.57,  0.107, 158.00,  0.074, 156.90,  0.079, 128.32,  0.125, 139.55,  0.168,  93.41,  0.137, 100.49,  0.071, 121.24,  0.247, 119.89,  0.169, 105.43,  0.056, 107.78,-99.000, -99.00,-99.000, -99.00,-99.000, -99.00,-99.000, -99.00,
9/11/2006 04:20:00, 10.9,276.0,  1.2,  3.0, 18.615, 29.38,  0.0,  0.0,  0.079, 146.92,  0.130,  93.08,  0.135, 101.56,  0.127, 105.02,  0.144,  70.56,  0.064, 134.37,  0.116,  96.45,  0.153, 128.89,  0.127,  98.58,  0.164, 102.00,  0.125,  89.08,  0.071, 104.62,  0.124, 120.49,  0.165, 108.00,  0.173, 106.76,  0.052, 101.09,-99.000, -99.00,-99.000, -99.00,-99.000, -99.00,-99.000, -99.00,
9/11/2006 04:25:00, 10.9,276.0,  1.2,  3.0, 18.618, 29.38,  0.0,  0.0,  0.122, 161.86,  0.143, 166.64,  0.128, 184.47,  0.130, 136.87,  0.135, 151.15,  0.096, 135.00,  0.167, 119.79,  0.165, 133.77,  0.149, 161.57,  0.050, 172.03,  0.123, 138.64,  0.146, 126.63,  0.097, 137.92,  0.192, 146.23,  0.165, 114.39,  0.054, 114.18,-99.000, -99.00,-99.000, -99.00,-99.000, -99.00,-99.000, -99.00,
9/11/2006 04:30:00, 10.9,276.0,  1.2,  3.0, 18.626, 29.38,  0.0,  0.0,  0.113, 172.87,  0.063, 202.48,  0.045, 210.53,  0.104, 272.20,  0.102, 191.31,  0.058, 139.18,  0.080, 152.47,  0.044, 194.35,  0.097, 158.75,  0.159, 160.88,  0.079, 170.54,  0.013, 153.43,  0.089, 108.23,  0.129,  98.00,  0.029, 119.25,  0.035, 157.89,-99.000, -99.00,-99.000, -99.00,-99.000, -99.00,-99.000, -99.00,
9/11/2006 04:35:00, 10.9,275.9,  1.2,  3.0, 18.617, 29.38,  0.0,  0.0,  0.011, 259.70,  0.121, 232.75,  0.043, 197.59,  0.096, 168.57,  0.080, 211.70,  0.079, 212.08,  0.125, 191.58,  0.059, 241.70,  0.022, 324.16,  0.044, 263.52,  0.020,  92.86,  0.068, 287.90,  0.037,   1.55,  0.111,  60.19,  0.042, 109.29,  0.075, 227.16,-99.000, -99.00,-99.000, -99.00,-99.000, -99.00,-99.000, -99.00,
9/11/2006 04:40:00, 10.9,276.0,  1.2,  3.0, 18.622, 29.38,  0.0,  0.0,  0.013, 327.53,  0.080, 292.07,  0.014, 287.10,  0.048, 176.42,  0.064, 307.41,  0.052, 239.04,  0.043, 321.55,  0.053, 335.38,  0.035, 317.29,  0.106,  22.70,  0.158,  13.16,  0.179,   3.20,  0.129,  30.13,  0.121, 327.09,  0.076,  45.54,  0.039,  32.47,-99.000, -99.00,-99.000, -99.00,-99.000, -99.00,-99.000, -99.00,
9/11/2006 04:45:00, 10.9,276.0,  1.2,  3.0, 18.608, 29.38,  0.0,  0.0,  0.024, 184.76,  0.125, 221.44,  0.057, 163.78,  0.135, 259.77,  0.039, 209.20,  0.079, 264.94,  0.075, 193.11,  0.030, 344.58,  0.092, 271.87,  0.127, 287.86,  0.148, 300.03,  0.193,   6.83,  0.111,  21.71,  0.086,  26.86,  0.128,  60.42,  0.040,  22.07,-99.000, -99.00,-99.000, -99.00,-99.000, -99.00,-99.000, -99.00,
9/11/2006 04:50:00, 10.9,276.0,  1.2,  3.0, 18.603, 29.38,  0.0,  0.0,  0.092, 261.87,  0.098, 242.65,  0.187, 246.72,  0.084, 250.48,  0.100, 294.25,  0.129, 303.94,  0.168, 295.35,  0.124, 280.68,  0.175, 273.60,  0.194, 297.62,  0.099, 336.80,  0.207, 344.02,  0.169, 344.24,  0.116, 355.56,  0.110,  20.25,  0.092, 311.48,-99.000, -99.00,-99.000, -99.00,-99.000, -99.00,-99.000, -99.00,
9/11/2006 04:55:00, 10.9,276.0,  1.2,  3.0, 18.605, 29.38,  0.0,  0.0,  0.139, 282.93,  0.062, 281.13,  0.097, 281.31,  0.186, 249.91,  0.081, 290.89,  0.060, 271.91,  0.180, 289.85,  0.138, 334.73,  0.141, 306.95,  0.116, 323.43,  0.147, 347.39,  0.156, 316.04,  0.110, 330.64,  0.099, 359.42,  0.081,  15.75,  0.113,  67.07,-99.000, -99.00,-99.000, -99.00,-99.000, -99.00,-99.000, -99.00,
9/11/2006 05:00:00, 10.9,276.0,  1.2,  3.0, 18.614, 29.38,  0.0,  0.0,  0.096, 302.20,  0.195, 303.93,  0.135, 300.75,  0.084, 295.35,  0.110, 297.03,  0.111, 305.12,  0.133, 307.99,  0.119, 316.36,  0.028, 325.18,  0.131, 109.13,  0.165,  99.06,  0.164,  65.47,  0.181,  33.08,  0.134,  14.66,  0.097,  16.76,  0.104,  52.80,-99.000, -99.00,-99.000, -99.00,-99.000, -99.00,-99.000, -99.00,
9/11/2006 05:05:00, 10.9,276.0,  1.2,  3.0, 18.602, 29.38,  0.0,  0.0,  0.110, 336.46,  0.156, 318.12,  0.128, 322.95,  0.123, 284.15,  0.102, 311.82,  0.110, 278.35,  0.120, 296.78,  0.071, 321.84,  0.077,  85.54,  0.106, 100.35,  0.132, 136.23,  0.118, 108.74,  0.098, 115.26,  0.123, 113.44,  0.128,  94.91,  0.025, 111.37,-99.000, -99.00,-99.000, -99.00,-99.000, -99.00,-99.000, -99.00,
9/11/2006 05:10:00, 10.9,276.0,  1.2,  3.0, 18.604, 29.37,  0.0,  0.0,  0.176, 295.25,  0.115, 315.71,  0.121, 324.74,  0.140, 317.89,  0.137, 314.41,  0.119, 309.19,  0.180, 302.98,  0.161, 319.28,  0.079, 332.78,  0.020,   5.71,  0.098,  62.65,  0.043,  25.97,  0.021,  43.03,  0.094,  82.65,  0.070,  43.26,  0.065, 295.39,-99.000, -99.00,-99.000, -99.00,-99.000, -99.00,-99.000, -99.00,
9/11/2006 05:15:00, 10.9,276.0,  1.2,  3.0, 18.607, 29.37,  0.0,  0.0,  0.206, 341.57,  0.131, 311.60,  0.140, 333.62,  0.242, 327.82,  0.168, 312.83,  0.165, 324.38,  0.121, 314.66,  0.134, 343.47,  0.131, 337.55,  0.150, 335.65,  0.118,  15.68,  0.158, 105.80,  0.100, 118.61,  0.093,  92.46,  0.089,  53.26,  0.077,  42.37,-99.000, -99.00,-99.000, -99.00,-99.000, -99.00,-99.000, -99.00,
9/11/2006 05:20:00, 10.9,276.0,  1.2,  3.0, 18.616, 29.37,  0.0,  0.0,  0.196, 327.69,  0.167, 319.36,  0.191, 301.53,  0.121, 288.73,  0.121, 314.66,  0.217, 330.12,  0.189, 359.09,  0.117, 350.13,  0.140, 357.95,  0.115, 323.13,  0.012, 340.02,  0.035, 117.30,  0.097, 118.94,  0.126,  96.84,  0.122,  94.69,  0.058,  65.64,-99.000, -99.00,-99.000, -99.00,-99.000, -99.00,-99.000, -99.00,
9/11/2006 05:25:00, 10.9,276.0,  1.2,  3.0, 18.616, 29.37,  0.0,  0.0,  0.074,   0.77,  0.142, 323.62,  0.119, 330.20,  0.028, 345.47,  0.129, 315.63,  0.128, 307.05,  0.138, 296.75,  0.198, 305.54,  0.151, 327.99,  0.165, 310.34,  0.105, 333.92,  0.130,  17.04,  0.088,  17.20,  0.085, 340.71,  0.094, 334.80,  0.091, 356.86,-99.000, -99.00,-99.000, -99.00,-99.000, -99.00,-99.000, -99.00,
9/11/2006 05:30:00, 10.9,275.9,  1.2,  3.0, 18.622, 29.37,  0.0,  0.0,  0.130, 322.51,  0.145, 320.04,  0.061, 306.30,  0.152, 319.81,  0.113, 298.61,  0.157, 302.78,  0.097, 278.88,  0.132, 313.15,  0.048, 349.16,  0.095, 348.45,  0.107, 320.67,  0.148, 326.85,  0.097, 280.04,  0.093, 321.53,  0.146,   5.91,  0.111,   1.55,-99.000, -99.00,-99.000, -99.00,-99.000, -99.00,-99.000, -99.00,
9/11/2006 05:35:00, 10.9,276.0,  1.2,  3.0, 18.625, 29.37,  0.0,  0.0,  0.109, 320.60,  0.160, 347.70,  0.203, 324.20,  0.192, 322.18,  0.162, 319.74,  0.152, 317.40,  0.091, 344.14,  0.108, 354.13,  0.088, 324.69,  0.050, 145.67,  0.068, 115.07,  0.120, 150.43,  0.167, 146.98,  0.090,  99.57,  0.071,  46.70,  0.011, 326.31,-99.000, -99.00,-99.000, -99.00,-99.000, -99.00,-99.000, -99.00,
9/11/2006 05:40:00, 10.9,275.9,  1.2,  3.0, 18.620, 29.37,  0.0,  0.0,  0.218, 336.73,  0.188, 332.07,  0.168, 338.64,  0.119, 322.17,  0.134, 291.96,  0.076, 299.93,  0.134, 353.99,  0.156, 315.26,  0.035,   0.00,  0.042, 222.09,  0.016, 299.74,  0.101, 350.91,  0.064, 332.24,  0.062, 334.26,  0.111, 336.19,  0.066,  30.07,-99.000, -99.00,-99.000, -99.00,-99.000, -99.00,-99.000, -99.00,
9/11/2006 05:45:00, 10.9,276.0,  1.2,  3.0, 18.625, 29.37,  0.0,  0.0,  0.082, 323.41,  0.166, 352.75,  0.162, 316.25,  0.274, 327.82,  0.217, 337.56,  0.134, 309.53,  0.120, 319.40,  0.134, 326.90,  0.104, 329.23,  0.095,  10.36,  0.206, 266.67,  0.126, 212.68,  0.168, 235.93,  0.071, 271.61,  0.074, 331.02,  0.035,  42.71,-99.000, -99.00,-99.000, -99.00,-99.000, -99.00,-99.000, -99.00,
9/11/2006 05:50:00, 10.9,275.9,  1.2,  3.0, 18.631, 29.37,  0.0,  0.0,  0.150, 315.00,  0.090, 294.29,  0.071, 283.84,  0.065, 210.51,  0.061, 244.70,  0.185, 309.96,  0.151, 307.17,  0.124, 303.82,  0.148, 317.47,  0.104,   7.74,  0.116,   6.94,  0.064, 346.40,  0.121, 259.06,  0.030, 233.13,  0.076, 249.18,  0.089, 268.07,-99.000, -99.00,-99.000, -99.00,-99.000, -99.00,-99.000, -99.00,
9/11/2006 05:55:00, 10.9,276.0,  1.2,  3.0, 18.636, 29.37,  0.0,  0.0,  0.165,  12.60,  0.084, 311.63,  0.164, 324.18,  0.138, 330.10,  0.017, 300.96,  0.078, 327.53,  0.086, 347.25,  0.111, 329.04,  0.120, 323.80,  0.126, 338.54,  0.045, 149.47,  0.046, 351.16,  0.087,  12.60,  0.148, 316.92,  0.068, 304.16,  0.051, 304.62,-99.000, -99.00,-99.000, -99.00,-99.000, -99.00,-99.000, -99.00,
9/11/2006 06:00:00, 10.9,276.0,  1.2,  3.0, 18.630, 29.37,  0.0,  0.0,  0.107, 343.76,  0.123, 303.69,  0.095, 356.39,  0.147, 318.59,  0.142, 341.05,  0.129, 301.35,  0.124, 353.97,  0.136, 341.17,  0.178, 320.69,  0.241, 329.08,  0.173, 336.10,  0.088, 315.00,  0.131, 311.60,  0.119, 315.00,  0.142, 330.36,  0.068, 333.06,-99.000, -99.00,-99.000, -99.00,-99.000, -99.00,-99.000, -99.00,
9/11/2006 06:05:00, 10.9,276.0,  1.2,  3.0, 18.646, 29.37,  0.0,  0.0,  0.161, 328.49,  0.058, 304.51,  0.121, 353.82,  0.163, 320.24,  0.125, 323.77,  0.122, 314.67,  0.144, 297.63,  0.114, 345.72,  0.136, 353.66,  0.142, 358.39,  0.096, 339.30,  0.120, 317.02,  0.144, 333.97,  0.113, 329.56,  0.075, 342.05,  0.052, 331.48,-99.000, -99.00,-99.000, -99.00,-99.000, -99.00,-99.000, -99.00,
9/11/2006 06:10:00, 10.9,276.0,  1.2,  3.0, 18.647, 29.37,  0.0,  0.0,  0.202,   9.98,  0.170, 320.50,  0.087, 331.97,  0.144,  39.09,  0.139, 292.49,  0.162, 327.88,  0.099, 308.03,  0.124, 307.79,  0.120, 334.29,  0.221, 307.08,  0.118, 322.25,  0.193, 317.31,  0.169, 334.35,  0.180, 322.43,  0.129, 305.54,  0.018,  22.38,-99.000, -99.00,-99.000, -99.00,-99.000, -99.00,-99.000, -99.00,
9/11/2006 06:15:00, 10.9,276.0,  1.2,  3.0, 18.653, 29.37,  0.0,  0.0,  0.093, 301.81,  0.209, 341.05,  0.134, 343.47,  0.086, 332.24,  0.077, 334.76,  0.094, 316.29,  0.110, 316.47,  0.101, 317.00,  0.068,  13.63,  0.141, 309.55,  0.150, 316.08,  0.110, 316.47,  0.141, 332.53,  0.153, 344.88,  0.032, 327.80,  0.029,   0.00,-99.000, -99.00,-99.000, -99.00,-99.000, -99.00,-99.000, -99.00,
9/11/2006 06:20:00, 10.9,275.9,  1.2,  3.0, 18.654, 29.37,  0.0,  0.0,  0.098,  28.14,  0.129, 357.34,  0.152, 337.50,  0.074, 295.53,  0.108, 283.39,  0.025, 341.57,  0.112, 278.20,  0.150, 311.76,  0.194, 268.52,  0.056, 334.80,  0.127,   4.95,  0.085,  10.91,  0.100,   1.72,  0.096,   5.36,  0.121, 353.35,  0.081,   0.00,-99.000, -99.00,-99.000, -99.00,-99.000, -99.00,-99.000, -99.00,
9/11/2006 06:25:00, 10.9,275.9,  1.2,  3.0, 18.664, 29.37,  0.0,  0.0,  0.078, 341.33,  0.076, 342.28,  0.143, 343.72,  0.081, 347.16,  0.109, 300.33,  0.088, 328.48,  0.109, 298.44,  0.050, 325.67,  0.080, 300.72,  0.075, 329.69,  0.070, 355.10,  0.127, 308.59,  0.122, 340.82,  0.088, 353.44,  0.060, 335.56,  0.043,   7.94,-99.000, -99.00,-99.000, -99.00,-99.000, -99.00,-99.000, -99.00,
9/11/2006 06:30:00, 10.9,276.0,  1.2,  3.0, 18.681, 29.37,  0.0,  0.0,  0.089, 340.35,  0.077,  52.39,  0.043, 294.78,  0.019, 278.97,  0.102, 277.33,  0.081, 315.00,  0.119, 303.02,  0.139, 346.26,  0.152, 341.57,  0.096, 308.66,  0.105, 341.05,  0.133, 324.51,  0.141, 304.59,  0.072,  11.15,  0.062,  16.97,  0.062, 315.66,-99.000, -99.00,-99.000, -99.00,-99.000, -99.00,-99.000, -99.00,
9/11/2006 06:35:00, 10.9,276.0,  1.2,  3.0, 18.684, 29.38,  0.0,  0.0,  0.143, 337.75,  0.085, 327.43,  0.135, 334.96,  0.174, 320.36,  0.144, 307.11,  0.115,  20.97,  0.046, 322.88,  0.079, 325.30,  0.119, 345.85,  0.164, 324.95,  0.082,  12.00,  0.079, 351.25,  0.140, 319.04,  0.074, 342.78,  0.093, 322.39,  0.073, 333.08,-99.000, -99.00,-99.000, -99.00,-99.000, -99.00,-99.000, -99.00,
9/11/2006 06:40:00, 10.9,276.0,  1.2,  3.0, 18.688, 29.38,  0.0,  0.0,  0.050,   0.00,  0.104, 344.36,  0.149, 313.10,  0.167, 301.49,  0.133, 346.07,  0.088, 325.22,  0.122, 278.46,  0.055, 305.42,  0.025, 270.00,  0.192, 306.09,  0.051, 329.42,  0.125, 299.23,  0.059, 291.80,  0.135, 338.20,  0.102, 279.00,  0.057, 291.61,-99.000, -99.00,-99.000, -99.00,-99.000, -99.00,-99.000, -99.00,
9/11/2006 06:45:00, 10.9,276.0,  1.2,  3.0, 18.696, 29.38,  0.0,  0.0,  0.097,   4.13,  0.154,  11.97,  0.094, 336.16,  0.169, 311.63,  0.111, 300.96,  0.205, 300.82,  0.186, 324.61,  0.161, 339.32,  0.126, 348.06,  0.117, 352.63,  0.120, 332.80,  0.143, 318.40,  0.109, 307.92,  0.097, 314.58,  0.162, 292.92,  0.075, 302.41,-99.000, -99.00,-99.000, -99.00,-99.000, -99.00,-99.000, -99.00,
9/11/2006 06:50:00, 10.9,276.0,  1.2,  3.0, 18.705, 29.38,  0.0,  0.0,  0.141, 306.63,  0.167, 320.11,  0.127, 340.71,  0.117, 310.50,  0.118, 334.31,  0.124, 298.83,  0.055, 319.40,  0.081, 270.00,  0.091, 286.03,  0.148, 296.57,  0.100, 292.97,  0.125, 289.59,  0.056,  64.80,  0.074, 329.30,  0.088, 248.68,  0.057, 242.99,-99.000, -99.00,-99.000, -99.00,-99.000, -99.00,-99.000, -99.00,
9/11/2006 06:55:00, 10.9,275.9,  1.2,  3.0, 18.714, 29.38,  0.0,  0.0,  0.060, 334.29,  0.136,  37.54,  0.119, 330.20,  0.099, 348.35,  0.109,  22.09,  0.127, 344.43,  0.138, 326.54,  0.132, 314.08,  0.171, 315.95,  0.108, 335.34,  0.084, 301.79,  0.015, 216.87,  0.105, 317.32,  0.165, 296.57,  0.078, 284.04,  0.020,  72.47,-99.000, -99.00,-99.000, -99.00,-99.000, -99.00,-99.000, -99.00,
9/11/2006 07:00:00, 10.9,276.0,  1.2,  3.0, 18.719, 29.38,  0.0,  0.0,  0.177, 346.91,  0.164,  18.10,  0.058, 336.54,  0.213, 298.98,  0.144, 304.80,  0.150, 320.15,  0.127, 332.22,  0.117, 335.19,  0.061, 337.67,  0.069, 300.26,  0.097, 351.12,  0.058, 271.97,  0.058, 307.27,  0.122, 296.35,  0.086, 289.70,  0.021, 349.22,-99.000, -99.00,-99.000, -99.00,-99.000, -99.00,-99.000, -99.00,
9/11/2006 07:05:00, 10.9,275.9,  1.2,  3.0, 18.733, 29.38,  0.0,  0.0,  0.116,  23.91,  0.130,  20.25,  0.102,   5.60,  0.146, 315.83,  0.088, 343.43,  0.107, 340.38,  0.073, 312.22,  0.155, 323.65,  0.161, 330.56,  0.056, 334.80,  0.088, 313.15,  0.079, 290.05,  0.057, 288.43,  0.045, 292.04,  0.110, 300.52,  0.054, 284.04,-99.000, -99.00,-99.000, -99.00,-99.000, -99.00,-99.000, -99.00,
9/11/2006 07:10:00, 10.9,276.0,  1.2,  3.0, 18.734, 29.38,  0.0,  0.0,  0.035, 318.50,  0.100,  23.50,  0.146, 357.65,  0.073, 349.00,  0.065, 343.81,  0.199, 340.02,  0.151, 326.63,  0.142, 297.29,  0.075, 296.91,  0.116, 281.99,  0.117, 306.28,  0.053, 291.19,  0.088, 314.08,  0.070, 305.73,  0.068, 256.37,  0.018, 183.18,-99.000, -99.00,-99.000, -99.00,-99.000, -99.00,-99.000, -99.00,
9/11/2006 07:15:00, 10.9,276.0,  1.2,  3.0, 18.744, 29.39,  0.0,  0.0,  0.115,   6.51,  0.117, 335.84,  0.131, 355.20,  0.057,  19.38,  0.028,  81.87,  0.065,   5.27,  0.145,   0.00,  0.178, 340.95,  0.116, 322.73,  0.158, 312.69,  0.051, 319.76,  0.092, 297.96,  0.074, 284.04,  0.186, 291.74,  0.147, 259.38,  0.046, 231.15,-99.000, -99.00,-99.000, -99.00,-99.000, -99.00,-99.000, -99.00,
9/11/2006 07:20:00, 10.9,275.9,  1.2,  3.0, 18.754, 29.39,  0.0,  0.0,  0.093,  10.58,  0.153, 354.74,  0.089,  23.96,  0.055,  33.11,  0.055,  20.07,  0.065, 342.12,  0.083, 321.88,  0.041,   0.00,  0.060,  29.98,  0.082, 323.41,  0.091, 321.24,  0.039,   4.40,  0.123, 319.30,  0.137, 302.76,  0.117, 281.79,  0.097, 304.51,-99.000, -99.00,-99.000, -99.00,-99.000, -99.00,-99.000, -99.00,
9/11/2006 07:25:00, 10.9,275.9,  1.2,  3.0, 18.759, 29.39,  0.0,  0.0,  0.157, 323.28,  0.160,  14.12,  0.094,  13.59,  0.156, 340.52,  0.076,  61.75,  0.101,  64.20,  0.088, 327.03,  0.150, 315.54,  0.068, 312.61,  0.114, 302.86,  0.112, 327.02,  0.193, 310.79,  0.115, 315.35,  0.138, 300.47,  0.156, 283.68,  0.085, 267.98,-99.000, -99.00,-99.000, -99.00,-99.000, -99.00,-99.000, -99.00,
9/11/2006 07:30:00, 10.9,275.9,  1.2,  3.0, 18.777, 29.39,  0.0,  0.0,  0.069,  36.21,  0.051,   3.37,  0.095, 316.27,  0.165, 337.49,  0.146, 319.99,  0.074, 323.29,  0.086, 297.76,  0.100,  14.45,  0.100, 321.07,  0.085, 322.18,  0.096, 355.83,  0.098,   0.00,  0.124, 272.31,  0.091, 290.63,  0.043, 305.54,  0.020, 290.22,-99.000, -99.00,-99.000, -99.00,-99.000, -99.00,-99.000, -99.00,
9/11/2006 07:35:00, 10.9,276.0,  1.2,  3.0, 18.777, 29.39,  0.0,  0.0,  0.088, 349.58,  0.173,   6.63,  0.127,   2.70,  0.138,   3.32,  0.113,   2.03,  0.126, 305.33,  0.066, 298.12,  0.174, 343.96,  0.134, 344.41,  0.082, 334.69,  0.109, 291.61,  0.117, 299.20,  0.135, 286.29,  0.083, 226.47,  0.097, 276.54,  0.072, 313.88,-99.000, -99.00,-99.000, -99.00,-99.000, -99.00,-99.000, -99.00,
9/11/2006 07:40:00, 10.9,275.9,  1.2,  3.0, 18.787, 29.39,  0.0,  0.0,  0.094, 345.82,  0.140, 350.13,  0.133, 358.28,  0.049, 338.63,  0.094,   9.16,  0.021, 328.57,  0.119, 322.17,  0.108, 347.76,  0.143, 326.09,  0.058,   0.99,  0.124, 318.60,  0.153, 279.03,  0.124, 255.96,  0.054, 249.57,  0.040, 281.59,  0.068, 288.97,-99.000, -99.00,-99.000, -99.00,-99.000, -99.00,-99.000, -99.00,
9/11/2006 07:45:00, 10.9,276.0,  1.2,  3.0, 18.799, 29.39,  0.0,  0.0,  0.026,  90.00,  0.054, 310.49,  0.097,  36.63,  0.108,   0.53,  0.096, 358.81,  0.097, 346.83,  0.117, 345.13,  0.163, 318.48,  0.117, 346.20,  0.136, 327.59,  0.073, 259.00,  0.127, 288.86,  0.074, 252.78,  0.090, 230.84,  0.028, 139.40,  0.028,   6.12,-99.000, -99.00,-99.000, -99.00,-99.000, -99.00,-99.000, -99.00,
9/11/2006 07:50:00, 10.9,275.9,  1.2,  3.0, 18.815, 29.39,  0.0,  0.0,  0.102,  45.00,  0.113,  16.99,  0.088,  27.73,  0.075,  60.35,  0.061, 312.34,  0.048,  48.37,  0.055, 324.58,  0.074, 267.68,  0.085, 275.38,  0.016,   0.00,  0.108, 328.67,  0.138, 307.95,  0.099, 284.60,  0.126, 277.74,  0.077, 301.22,  0.047, 325.30,-99.000, -99.00,-99.000, -99.00,-99.000, -99.00,-99.000, -99.00,
9/11/2006 07:55:00, 10.9,275.9,  1.2,  3.0, 18.809, 29.39,  0.0,  0.0,  0.036,  27.98,  0.041, 341.57,  0.089,  17.01,  0.132,  29.48,  0.148, 341.08,  0.049, 322.43,  0.092, 210.75,  0.123, 293.01,  0.107, 280.26,  0.114, 278.56,  0.091, 311.42,  0.077, 307.61,  0.037, 259.00,  0.104, 283.90,  0.105, 256.76,  0.043, 203.03,-99.000, -99.00,-99.000, -99.00,-99.000, -99.00,-99.000, -99.00,
9/11/2006 08:00:00, 10.9,275.9,  1.2,  3.0, 18.824, 29.39,  0.0,  0.0,  0.052, 223.45,  0.109, 324.71,  0.100,  54.40,  0.118, 333.87,  0.101, 342.10,  0.148, 348.69,  0.065, 312.51,  0.071, 285.61,  0.039, 301.22,  0.058, 350.05,  0.055,   1.04,  0.057, 264.99,  0.047, 224.14,  0.056, 293.33,  0.072, 271.59,  0.038, 246.80,-99.000, -99.00,-99.000, -99.00,-99.000, -99.00,-99.000, -99.00,
9/11/2006 08:05:00, 10.9,275.9,  1.2,  3.0, 18.838, 29.38,  0.0,  0.0,  0.015, 180.00,  0.047, 206.57,  0.074, 353.83,  0.047, 215.39,  0.034, 239.62,  0.041, 288.43,  0.088, 317.29,  0.028, 351.87,  0.151, 315.54,  0.111, 313.91,  0.094, 291.91,  0.072, 271.59,  0.088, 269.35,  0.092, 274.35,  0.035, 250.02,  0.048, 283.17,-99.000, -99.00,-99.000, -99.00,-99.000, -99.00,-99.000, -99.00,
9/11/2006 08:10:00, 10.9,275.9,  1.2,  3.0, 18.851, 29.38,  0.0,  0.0,  0.058,  15.00,  0.084, 352.45,  0.095, 330.48,  0.021, 286.70,  0.142, 335.42,  0.096, 323.01,  0.073, 304.35,  0.069, 311.50,  0.085, 352.54,  0.124, 345.96,  0.085, 305.93,  0.109, 296.10,  0.119, 294.84,  0.121, 269.05,  0.060, 258.50,  0.071, 180.81,-99.000, -99.00,-99.000, -99.00,-99.000, -99.00,-99.000, -99.00,
9/11/2006 08:15:00, 10.9,276.0,  1.2,  3.0, 18.846, 29.38,  0.0,  0.0,  0.071, 240.55,  0.005,  36.87,  0.054, 352.61,  0.066,  59.18,  0.014, 335.22,  0.033, 280.62,  0.061, 353.45,  0.065, 321.20,  0.063, 298.61,  0.052, 324.46,  0.115, 250.78,  0.082, 288.43,  0.057, 338.39,  0.120, 280.56,  0.046, 293.20,  0.050, 249.04,-99.000, -99.00,-99.000, -99.00,-99.000, -99.00,-99.000, -99.00,
9/11/2006 08:20:00, 10.9,275.9,  1.2,  3.0, 18.866, 29.39,  0.0,  0.0,  0.064, 358.21,  0.085, 305.93,  0.034,  18.97,  0.067, 305.34,  0.098, 310.86,  0.133,  10.80,  0.067,  15.48,  0.149, 347.18,  0.079, 328.91,  0.163, 299.40,  0.148, 293.10,  0.135, 303.81,  0.081, 340.44,  0.028,  77.47,  0.069, 264.21,  0.046, 141.15,-99.000, -99.00,-99.000, -99.00,-99.000, -99.00,-99.000, -99.00,
9/11/2006 08:25:00, 10.9,275.9,  1.2,  3.0, 18.866, 29.39,  0.0,  0.0,  0.032,  14.47,  0.040,  43.99,  0.064, 352.76,  0.033, 280.62,  0.102, 319.76,  0.100, 345.00,  0.072, 310.52,  0.064, 324.57,  0.082, 315.99,  0.074, 303.48,  0.078, 264.14,  0.078, 282.61,  0.111, 268.97,  0.108, 249.38,  0.029, 231.95,  0.065, 180.88,-99.000, -99.00,-99.000, -99.00,-99.000, -99.00,-99.000, -99.00,
9/11/2006 08:30:00, 10.9,275.9,  1.2,  3.0, 18.880, 29.39,  0.0,  0.0,  0.047, 255.07,  0.057,   8.13,  0.061,   0.00,  0.011,  48.81,  0.101, 302.43,  0.105, 323.13,  0.085, 352.54,  0.028,  62.53,  0.104, 302.47,  0.071, 351.07,  0.106, 335.38,  0.063, 324.04,  0.133, 253.88,  0.120, 267.61,  0.104, 274.40,  0.056, 228.62,-99.000, -99.00,-99.000, -99.00,-99.000, -99.00,-99.000, -99.00,
9/11/2006 08:35:00, 10.9,275.9,  1.2,  3.0, 18.884, 29.39,  0.0,  0.0,  0.070,  25.46,  0.012, 239.04,  0.138, 338.28,  0.078, 272.20,  0.047, 304.70,  0.038, 309.61,  0.038, 309.61,  0.070, 338.20,  0.130, 302.71,  0.030, 352.41,  0.034,  40.24,  0.131, 306.61,  0.099, 326.95,  0.043, 252.41,  0.067, 262.23,  0.079, 262.69,-99.000, -99.00,-99.000, -99.00,-99.000, -99.00,-99.000, -99.00,
9/11/2006 08:40:00, 10.9,275.9,  1.2,  3.0, 18.897, 29.39,  0.0,  0.0,  0.110, 337.62,  0.049,  42.51,  0.102,  58.17,  0.144, 289.06,  0.021, 267.27,  0.118, 338.65,  0.082,   9.81,  0.058,  43.60,  0.062, 324.25,  0.023, 182.49,  0.028, 334.36,  0.087, 323.92,  0.121, 300.15,  0.079, 268.55,  0.117, 298.10,  0.071, 206.93,-99.000, -99.00,-99.000, -99.00,-99.000, -99.00,-99.000, -99.00,
9/11/2006 08:45:00, 10.9,275.9,  1.2,  3.0, 18.911, 29.39,  0.0,  0.0,  0.209, 336.87,  0.149, 303.26,  0.111, 297.26,  0.074, 281.77,  0.047, 309.81,  0.130, 301.12,  0.098, 322.43,  0.127, 329.81,  0.128, 278.51,  0.078, 335.07,  0.057, 274.01,  0.038, 298.61,  0.027, 146.89,  0.061, 328.39,  0.104, 321.25,  0.039, 304.51,-99.000, -99.00,-99.000, -99.00,-99.000, -99.00,-99.000, -99.00,
9/11/2006 08:50:00, 10.8,276.0,  1.2,  3.0, 18.923, 29.39,  0.0,  0.0,  0.062, 342.15,  0.087, 284.68,  0.134, 329.99,  0.129, 330.26,  0.123, 332.39,  0.107, 342.07,  0.077, 345.78,  0.035,  28.74,  0.110, 312.06,  0.137, 342.10,  0.163, 304.76,  0.127, 335.85,  0.132, 311.63,  0.039, 289.36,  0.084, 291.67,  0.044, 226.85,-99.000, -99.00,-99.000, -99.00,-99.000, -99.00,-99.000, -99.00,
9/11/2006 08:55:00, 10.8,275.9,  1.2,  3.0, 18.926, 29.39,  0.0,  0.0,  0.194, 312.08,  0.072, 334.50,  0.043, 291.80,  0.137, 300.32,  0.026, 247.38,  0.080, 316.52,  0.040, 309.99,  0.212, 309.46,  0.048, 320.96,  0.032, 171.12,  0.094, 290.56,  0.099, 276.98,  0.113, 285.39,  0.097, 349.96,  0.116, 311.51,  0.059, 265.16,-99.000, -99.00,-99.000, -99.00,-99.000, -99.00,-99.000, -99.00,
9/11/2006 09:00:00, 10.8,275.9,  1.2,  3.0, 18.947, 29.39,  0.0,  0.0,  0.166, 313.04,  0.102, 286.48,  0.116, 296.57,  0.165, 310.56,  0.086, 312.18,  0.037, 327.17,  0.151, 305.05,  0.107, 264.08,  0.072, 293.72,  0.031, 326.82,  0.101, 354.35,  0.110, 344.70,  0.136, 304.51,  0.077, 306.57,  0.063, 338.70,  0.054, 290.43,-99.000, -99.00,-99.000, -99.00,-99.000, -99.00,-99.000, -99.00,
9/11/2006 09:05:00, 10.8,276.0,  1.2,  3.0, 18.964, 29.39,  0.0,  0.0,  0.199, 338.20,  0.048, 325.98,  0.134, 292.36,  0.113, 315.00,  0.035, 295.11,  0.100, 278.05,  0.109, 290.43,  0.091, 321.24,  0.090, 345.81,  0.072, 299.05,  0.118, 303.96,  0.125, 320.84,  0.133, 343.88,  0.107, 338.00,  0.151, 326.63,  0.040, 280.18,-99.000, -99.00,-99.000, -99.00,-99.000, -99.00,-99.000, -99.00,
9/11/2006 09:10:00, 10.8,275.9,  1.2,  3.0, 18.978, 29.39,  0.0,  0.0,  0.079, 280.18,  0.142, 306.71,  0.105, 327.82,  0.104, 352.26,  0.072, 321.22,  0.078, 315.52,  0.157, 307.75,  0.095, 322.28,  0.103, 314.60,  0.205, 316.19,  0.164, 308.06,  0.118, 297.87,  0.112, 306.25,  0.121, 307.63,  0.056, 321.50,  0.089, 289.65,-99.000, -99.00,-99.000, -99.00,-99.000, -99.00,-99.000, -99.00,
9/11/2006 09:15:00, 10.8,275.9,  1.2,  3.0, 18.976, 29.39,  0.0,  0.0,  0.042, 215.22,  0.073, 280.23,  0.116, 303.00,  0.104, 286.70,  0.065, 275.27,  0.089, 258.31,  0.111, 239.04,  0.054, 254.93,  0.118, 311.92,  0.135, 291.80,  0.069, 291.34,  0.052, 295.08,  0.075, 279.21,  0.152, 263.95,  0.121, 259.06,  0.058, 319.18,-99.000, -99.00,-99.000, -99.00,-99.000, -99.00,-99.000, -99.00,
9/11/2006 09:20:00, 10.8,275.9,  1.2,  3.0, 18.980, 29.39,  0.0,  0.0,  0.145, 299.74,  0.149, 323.75,  0.119, 322.84,  0.094, 335.35,  0.104, 300.77,  0.107, 304.73,  0.144, 317.81,  0.069, 312.66,  0.079, 300.47,  0.063, 313.07,  0.087, 260.75,  0.221, 298.30,  0.157, 319.12,  0.114,   7.06,  0.106, 324.96,  0.065, 287.88,-99.000, -99.00,-99.000, -99.00,-99.000, -99.00,-99.000, -99.00,
9/11/2006 09:25:00, 10.8,275.8,  1.2,  3.0, 18.991, 29.39,  0.0,  0.0,  0.109, 289.27,  0.160, 311.96,  0.102, 301.35,  0.184, 277.51,  0.184, 289.72,  0.174, 315.47,  0.138, 327.12,  0.134, 307.13,  0.126, 341.42,  0.087, 323.92,  0.088, 288.64,  0.138, 310.02,  0.142, 311.57,  0.069, 285.04,  0.063, 307.95,  0.040, 259.82,-99.000, -99.00,-99.000, -99.00,-99.000, -99.00,-99.000, -99.00,
9/11/2006 09:30:00, 10.8,276.0,  1.2,  3.0, 19.004, 29.39,  0.0,  0.0,  0.228, 322.83,  0.147, 300.56,  0.172, 319.72,  0.185, 337.45,  0.172, 319.25,  0.075, 326.94,  0.112, 312.10,  0.146, 327.62,  0.101, 354.91,  0.124, 336.13,  0.181, 309.40,  0.084, 307.28,  0.161, 330.56,  0.183, 291.10,  0.151, 264.29,  0.064, 260.98,-99.000, -99.00,-99.000, -99.00,-99.000, -99.00,-99.000, -99.00,
9/11/2006 09:35:00, 10.8,276.0,  1.2,  3.0, 19.003, 29.38,  0.0,  0.0,  0.185, 294.90,  0.096, 278.38,  0.146, 294.28,  0.158, 326.92,  0.129, 282.09,  0.089, 293.11,  0.151, 309.08,  0.195, 311.68,  0.136, 310.83,  0.135, 322.20,  0.153, 326.73,  0.145, 338.20,  0.183, 316.78,  0.227, 284.28,  0.125, 278.26,  0.050, 238.84,-99.000, -99.00,-99.000, -99.00,-99.000, -99.00,-99.000, -99.00,
9/11/2006 09:40:00, 10.8,276.0,  1.2,  3.0, 19.008, 29.38,  0.0,  0.0,  0.173, 323.92,  0.153, 313.68,  0.210, 317.89,  0.133, 297.72,  0.223, 340.10,  0.135, 344.52,  0.098, 348.80,  0.118, 300.05,  0.091, 284.65,  0.119, 279.22,  0.177, 317.29,  0.160, 322.13,  0.187, 316.95,  0.175, 291.74,  0.186, 288.14,  0.077, 265.54,-99.000, -99.00,-99.000, -99.00,-99.000, -99.00,-99.000, -99.00,
9/11/2006 09:45:00, 10.8,276.0,  1.2,  3.0, 19.012, 29.38,  0.0,  0.0,  0.241, 290.92,  0.154, 313.42,  0.125, 301.28,  0.118, 254.32,  0.213, 283.84,  0.168, 310.42,  0.177, 329.81,  0.128, 309.92,  0.147, 309.21,  0.040, 296.57,  0.153, 333.60,  0.183, 302.04,  0.204, 295.31,  0.154, 298.73,  0.146, 309.70,  0.086, 276.71,-99.000, -99.00,-99.000, -99.00,-99.000, -99.00,-99.000, -99.00,
9/11/2006 09:50:00, 10.8,275.9,  1.2,  3.0, 19.022, 29.38,  0.0,  0.0,  0.125, 324.78,  0.164, 285.22,  0.093, 271.23,  0.068, 299.95,  0.129, 289.98,  0.224, 310.10,  0.170, 315.48,  0.093, 292.15,  0.139, 309.43,  0.050, 295.02,  0.136, 288.03,  0.142, 292.77,  0.161, 284.04,  0.176, 285.86,  0.170, 278.46,  0.092, 309.73,-99.000, -99.00,-99.000, -99.00,-99.000, -99.00,-99.000, -99.00,
9/11/2006 09:55:00, 10.8,276.0,  1.2,  3.0, 19.028, 29.38,  0.0,  0.0,  0.209, 309.56,  0.195, 308.75,  0.129, 315.63,  0.132, 295.20,  0.140, 275.75,  0.197, 321.39,  0.137, 311.74,  0.100, 327.26,  0.199, 311.13,  0.241, 320.22,  0.191, 302.20,  0.185, 291.86,  0.159, 277.57,  0.102, 248.20,  0.150, 278.02,  0.080, 205.28,-99.000, -99.00,-99.000, -99.00,-99.000, -99.00,-99.000, -99.00,
9/11/2006 10:00:00, 10.8,276.1,  1.2,  3.0, 19.049, 29.38,  0.0,  0.0,  0.099, 293.73,  0.101, 268.87,  0.137, 288.30,  0.150, 313.38,  0.173, 319.22,  0.170, 343.27,  0.145, 308.29,  0.099, 325.67,  0.226, 307.07,  0.159, 286.49,  0.179, 274.15,  0.185, 261.61,  0.199, 261.63,  0.180, 256.81,  0.230, 267.26,  0.114, 274.51,-99.000, -99.00,-99.000, -99.00,-99.000, -99.00,-99.000, -99.00,
9/11/2006 10:05:00, 10.8,276.0,  1.2,  3.0, 19.055, 29.38,  0.0,  0.0,  0.142, 321.59,  0.225, 323.69,  0.045, 270.00,  0.131, 326.55,  0.156, 309.52,  0.160, 301.70,  0.131, 327.16,  0.196, 325.58,  0.219, 286.20,  0.169, 280.24,  0.175, 279.19,  0.208, 276.34,  0.225, 273.05,  0.162, 267.53,  0.186, 285.61,  0.026, 217.30,-99.000, -99.00,-99.000, -99.00,-99.000, -99.00,-99.000, -99.00,
9/11/2006 10:10:00, 10.8,275.9,  1.2,  3.0, 19.062, 29.38,  0.0,  0.0,  0.100, 323.93,  0.111, 333.20,  0.194, 329.34,  0.193, 328.37,  0.106, 322.27,  0.222, 296.22,  0.191, 296.83,  0.177, 319.57,  0.162, 279.23,  0.151, 272.65,  0.170, 260.21,  0.170, 277.80,  0.120, 284.04,  0.209, 274.40,  0.181, 291.04,  0.079, 286.84,-99.000, -99.00,-99.000, -99.00,-99.000, -99.00,-99.000, -99.00,
9/11/2006 10:15:00, 10.8,275.9,  1.2,  3.0, 19.065, 29.38,  0.0,  0.0,  0.105, 321.17,  0.121, 337.05,  0.102, 342.81,  0.103, 347.71,  0.116, 348.59,  0.128, 324.20,  0.059, 349.26,  0.155, 343.09,  0.184, 326.31,  0.227, 300.75,  0.193, 311.63,  0.180, 290.85,  0.202, 276.81,  0.144, 289.06,  0.120, 277.66,  0.109, 277.91,-99.000, -99.00,-99.000, -99.00,-99.000, -99.00,-99.000, -99.00,
9/11/2006 10:20:00, 10.8,276.1,  1.2,  3.0, 19.073, 29.38,  0.0,  0.0,  0.220, 345.27,  0.167, 318.39,  0.124, 325.16,  0.174, 332.26,  0.224, 328.51,  0.235, 315.17,  0.204, 306.81,  0.176, 297.73,  0.218, 302.81,  0.222, 304.91,  0.217, 278.20,  0.239, 272.16,  0.219, 265.28,  0.206, 268.05,  0.169, 287.58,  0.113, 237.99,-99.000, -99.00,-99.000, -99.00,-99.000, -99.00,-99.000, -99.00,
9/11/2006 10:25:00, 10.8,276.0,  1.2,  3.0, 19.092, 29.38,  0.0,  0.0,  0.140, 316.74,  0.152, 287.60,  0.101, 250.84,  0.162, 349.66,  0.127, 316.91,  0.138, 301.04,  0.133, 294.84,  0.151, 273.79,  0.131, 256.28,  0.200, 295.16,  0.144, 274.76,  0.173, 293.90,  0.226, 276.09,  0.287, 275.59,  0.195, 271.18,  0.056, 283.54,-99.000, -99.00,-99.000, -99.00,-99.000, -99.00,-99.000, -99.00,
9/11/2006 10:30:00, 10.8,275.9,  1.2,  3.0, 19.094, 29.38,  0.0,  0.0,  0.172, 303.87,  0.201, 302.43,  0.119, 300.88,  0.196, 317.69,  0.159, 325.01,  0.268, 328.74,  0.198, 327.99,  0.142, 328.21,  0.131, 300.66,  0.202, 283.48,  0.141, 272.44,  0.193, 277.46,  0.310, 279.46,  0.297, 286.85,  0.137, 277.54,  0.110, 239.93,-99.000, -99.00,-99.000, -99.00,-99.000, -99.00,-99.000, -99.00,
9/11/2006 10:35:00, 10.8,276.0,  1.2,  3.0, 19.082, 29.38,  0.0,  0.0,  0.146, 311.67,  0.162, 319.74,  0.146, 313.62,  0.188, 321.48,  0.258, 303.14,  0.246, 325.28,  0.263, 311.76,  0.231, 310.79,  0.300, 304.96,  0.256, 306.91,  0.207, 305.38,  0.174, 286.04,  0.251, 295.75,  0.156, 289.83,  0.180, 280.25,  0.096, 271.19,-99.000, -99.00,-99.000, -99.00,-99.000, -99.00,-99.000, -99.00,
9/11/2006 10:40:00, 10.8,275.9,  1.2,  3.0, 19.088, 29.38,  0.0,  0.0,  0.268, 296.85,  0.244, 288.36,  0.233, 297.55,  0.126, 326.31,  0.198, 327.99,  0.204, 313.01,  0.212, 317.49,  0.206, 300.68,  0.231, 285.30,  0.142, 272.82,  0.281, 285.67,  0.271, 273.17,  0.270, 275.52,  0.216, 293.48,  0.178, 291.08,  0.131, 290.50,-99.000, -99.00,-99.000, -99.00,-99.000, -99.00,-99.000, -99.00,
9/11/2006 10:45:00, 10.8,276.0,  1.2,  3.0, 19.095, 29.38,  0.0,  0.0,  0.133, 302.74,  0.110, 302.39,  0.211, 315.38,  0.335, 294.12,  0.148, 297.43,  0.220, 291.07,  0.185, 298.78,  0.194, 312.49,  0.294, 307.96,  0.296, 287.27,  0.227, 290.91,  0.278, 278.89,  0.232, 276.94,  0.215, 276.66,  0.239, 287.30,  0.135, 273.39,-99.000, -99.00,-99.000, -99.00,-99.000, -99.00,-99.000, -99.00,
9/11/2006 10:50:00, 10.8,276.0,  1.2,  3.0, 19.097, 29.38,  0.0,  0.0,  0.252, 333.33,  0.205, 322.74,  0.148, 324.37,  0.199, 308.25,  0.174, 319.90,  0.190, 311.58,  0.183, 311.89,  0.253, 324.80,  0.265, 318.37,  0.168, 283.05,  0.282, 288.18,  0.222, 291.13,  0.222, 286.48,  0.258, 279.83,  0.255, 279.46,  0.083, 284.71,-99.000, -99.00,-99.000, -99.00,-99.000, -99.00,-99.000, -99.00,
9/11/2006 10:55:00, 10.8,276.0,  1.2,  3.0, 19.101, 29.38,  0.0,  0.0,  0.189, 318.22,  0.260, 318.90,  0.146, 339.95,  0.196, 304.18,  0.166, 294.56,  0.177, 291.92,  0.255, 292.64,  0.269, 292.55,  0.303, 271.32,  0.181, 288.33,  0.250, 275.28,  0.262, 267.38,  0.215, 288.18,  0.285, 274.43,  0.251, 269.54,  0.137, 254.74,-99.000, -99.00,-99.000, -99.00,-99.000, -99.00,-99.000, -99.00,
9/11/2006 11:00:00, 10.8,276.0,  1.2,  3.0, 19.106, 29.39,  0.0,  0.0,  0.211, 323.67,  0.224, 330.00,  0.230, 313.41,  0.190, 344.14,  0.185, 326.91,  0.169, 299.74,  0.109, 335.56,  0.194, 298.02,  0.145, 300.28,  0.196, 277.34,  0.311, 282.25,  0.224, 291.52,  0.295, 272.52,  0.246, 270.47,  0.306, 268.50,  0.202, 260.02,-99.000, -99.00,-99.000, -99.00,-99.000, -99.00,-99.000, -99.00,
9/11/2006 11:05:00, 10.8,276.0,  1.2,  3.0, 19.112, 29.39,  0.0,  0.0,  0.382, 322.44,  0.280, 318.04,  0.266, 312.87,  0.244, 312.18,  0.156, 310.84,  0.221, 299.81,  0.187, 276.44,  0.171, 286.96,  0.187, 300.54,  0.213, 298.85,  0.309, 292.25,  0.351, 277.37,  0.274, 267.91,  0.229, 281.06,  0.235, 282.03,  0.086, 270.00,-99.000, -99.00,-99.000, -99.00,-99.000, -99.00,-99.000, -99.00,
9/11/2006 11:10:00, 10.8,276.0,  1.2,  3.0, 19.109, 29.40,  0.0,  0.0,  0.231, 320.80,  0.227, 317.68,  0.198, 325.51,  0.068, 311.42,  0.220, 299.13,  0.233, 295.14,  0.162, 302.12,  0.258, 292.09,  0.282, 288.37,  0.169, 288.97,  0.269, 293.42,  0.250, 279.69,  0.288, 275.77,  0.246, 280.53,  0.248, 281.17,  0.136, 257.29,-99.000, -99.00,-99.000, -99.00,-99.000, -99.00,-99.000, -99.00,
9/11/2006 11:15:00, 10.8,276.0,  1.2,  3.0, 19.117, 29.41,  0.0,  0.0,  0.140, 328.12,  0.244, 327.55,  0.228, 310.74,  0.251, 313.87,  0.191, 316.70,  0.262, 305.39,  0.174, 282.92,  0.287, 298.71,  0.282, 296.75,  0.315, 300.06,  0.247, 288.66,  0.282, 299.11,  0.269, 291.13,  0.280, 303.18,  0.307, 288.02,  0.183, 266.87,-99.000, -99.00,-99.000, -99.00,-99.000, -99.00,-99.000, -99.00,
9/11/2006 11:20:00, 10.8,275.9,  1.2,  3.0, 19.115, 29.41,  0.0,  0.0,  0.163, 308.77,  0.195, 310.22,  0.290, 311.65,  0.244, 302.97,  0.185, 285.39,  0.198, 311.73,  0.240, 299.98,  0.235, 290.44,  0.305, 264.55,  0.286, 264.39,  0.343, 266.15,  0.302, 273.03,  0.256, 299.47,  0.283, 278.13,  0.288, 279.40,  0.147, 284.13,-99.000, -99.00,-99.000, -99.00,-99.000, -99.00,-99.000, -99.00,
9/11/2006 11:25:00, 10.8,276.0,  1.2,  3.0, 19.114, 29.41,  0.0,  0.0,  0.217, 354.97,  0.183, 327.96,  0.155, 336.75,  0.236, 317.74,  0.173, 316.64,  0.211, 312.69,  0.238, 298.07,  0.193, 292.57,  0.235, 313.96,  0.273, 287.24,  0.272, 290.70,  0.266, 285.71,  0.289, 274.17,  0.241, 279.54,  0.241, 289.86,  0.136, 286.70,-99.000, -99.00,-99.000, -99.00,-99.000, -99.00,-99.000, -99.00,
9/11/2006 11:30:00, 10.8,276.0,  1.2,  3.0, 19.111, 29.41,  0.0,  0.0,  0.224, 341.24,  0.180, 330.45,  0.267, 335.16,  0.227, 325.61,  0.246, 322.10,  0.251, 325.55,  0.098, 338.42,  0.195, 298.54,  0.256, 299.77,  0.266, 285.24,  0.301, 282.47,  0.290, 280.92,  0.276, 273.74,  0.308, 274.47,  0.301, 285.24,  0.136, 278.91,-99.000, -99.00,-99.000, -99.00,-99.000, -99.00,-99.000, -99.00,
9/11/2006 11:35:00, 10.8,276.0,  1.2,  3.0, 19.118, 29.42,  0.0,  0.0,  0.124, 266.77,  0.204, 335.95,  0.255, 330.62,  0.252, 307.10,  0.215, 307.83,  0.239, 295.49,  0.323, 307.33,  0.234, 307.90,  0.169, 302.65,  0.353, 281.12,  0.253, 279.09,  0.247, 263.74,  0.264, 276.08,  0.345, 280.69,  0.234, 280.11,  0.128, 270.00,-99.000, -99.00,-99.000, -99.00,-99.000, -99.00,-99.000, -99.00,
9/11/2006 11:40:00, 10.8,276.0,  1.2,  3.0, 19.115, 29.42,  0.0,  0.0,  0.203, 337.99,  0.257, 318.79,  0.278, 308.72,  0.311, 302.26,  0.279, 323.75,  0.234, 317.43,  0.203, 322.00,  0.229, 297.91,  0.235, 298.96,  0.174, 304.70,  0.217, 302.01,  0.220, 275.22,  0.210, 282.11,  0.232, 268.52,  0.257, 285.12,  0.040, 268.57,-99.000, -99.00,-99.000, -99.00,-99.000, -99.00,-99.000, -99.00,
9/11/2006 11:45:00, 10.8,276.0,  1.2,  3.0, 19.122, 29.42,  0.0,  0.0,  0.135, 321.60,  0.206, 326.46,  0.195, 318.12,  0.243, 319.68,  0.151, 317.68,  0.217, 305.23,  0.202, 293.01,  0.193, 291.64,  0.166, 276.23,  0.136, 277.59,  0.202, 283.14,  0.272, 288.43,  0.248, 262.13,  0.307, 257.41,  0.252, 266.59,  0.081, 258.55,-99.000, -99.00,-99.000, -99.00,-99.000, -99.00,-99.000, -99.00,
9/11/2006 11:50:00, 10.8,276.0,  1.2,  3.0, 19.117, 29.42,  0.0,  0.0,  0.179, 319.29,  0.277, 316.46,  0.311, 306.24,  0.198, 310.29,  0.204, 327.64,  0.246, 315.66,  0.322, 303.99,  0.284, 304.98,  0.297, 301.66,  0.229, 306.12,  0.270, 296.85,  0.348, 284.84,  0.202, 258.30,  0.255, 270.00,  0.239, 284.56,  0.137, 270.42,-99.000, -99.00,-99.000, -99.00,-99.000, -99.00,-99.000, -99.00,
9/11/2006 11:55:00, 10.8,276.0,  1.2,  3.0, 19.121, 29.43,  0.0,  0.0,  0.175, 343.02,  0.238, 332.25,  0.290, 333.35,  0.265, 308.86,  0.186, 323.07,  0.234, 299.74,  0.279, 288.18,  0.237, 295.48,  0.163, 272.11,  0.319, 298.01,  0.263, 290.22,  0.275, 288.63,  0.244, 271.88,  0.259, 275.31,  0.285, 285.45,  0.157, 289.36,-99.000, -99.00,-99.000, -99.00,-99.000, -99.00,-99.000, -99.00,
9/11/2006 12:00:00, 10.8,276.0,  1.2,  3.0, 19.118, 29.43,  0.0,  0.0,  0.173, 347.01,  0.129, 332.24,  0.196, 319.34,  0.243, 314.83,  0.229, 301.26,  0.226, 309.81,  0.213, 293.80,  0.230, 300.24,  0.107, 308.58,  0.314, 291.90,  0.291, 282.51,  0.300, 275.35,  0.261, 267.59,  0.299, 278.08,  0.252, 284.04,  0.079, 262.69,-99.000, -99.00,-99.000, -99.00,-99.000, -99.00,-99.000, -99.00,
9/11/2006 12:05:00, 10.8,276.0,  1.2,  3.0, 19.108, 29.43,  0.0,  0.0,  0.307, 316.58,  0.246, 326.76,  0.248, 308.62,  0.174, 307.99,  0.300, 293.40,  0.216, 293.13,  0.170, 292.18,  0.214, 288.52,  0.247, 289.39,  0.235, 306.53,  0.285, 279.89,  0.260, 286.76,  0.307, 287.61,  0.323, 279.08,  0.283, 276.09,  0.213, 277.56,-99.000, -99.00,-99.000, -99.00,-99.000, -99.00,-99.000, -99.00,
9/11/2006 12:10:00, 10.8,276.0,  1.2,  3.0, 19.103, 29.43,  0.0,  0.0,  0.146, 350.93,  0.202, 317.00,  0.216, 322.71,  0.190, 341.28,  0.102, 302.60,  0.239, 294.96,  0.171, 302.86,  0.163, 286.77,  0.188, 284.18,  0.261, 280.58,  0.244, 289.92,  0.182, 283.65,  0.180, 283.80,  0.255, 297.87,  0.216, 294.07,  0.103, 265.01,-99.000, -99.00,-99.000, -99.00,-99.000, -99.00,-99.000, -99.00,
9/11/2006 12:15:00, 10.8,276.0,  1.2,  3.0, 19.109, 29.44,  0.0,  0.0,  0.173, 324.65,  0.162, 342.35,  0.229, 335.22,  0.183, 334.13,  0.278, 321.85,  0.165, 317.21,  0.224, 320.26,  0.285, 302.69,  0.222, 300.03,  0.264, 311.31,  0.360, 301.26,  0.333, 297.33,  0.230, 286.15,  0.235, 279.54,  0.253, 272.49,  0.115, 265.53,-99.000, -99.00,-99.000, -99.00,-99.000, -99.00,-99.000, -99.00,
9/11/2006 12:20:00, 10.8,275.9,  1.2,  3.0, 19.101, 29.44,  0.0,  0.0,  0.185, 315.00,  0.228, 317.84,  0.191, 327.64,  0.204, 309.84,  0.173, 309.13,  0.238, 298.40,  0.237, 289.51,  0.310, 303.54,  0.338, 297.70,  0.353, 281.44,  0.301, 273.43,  0.257, 290.48,  0.274, 300.21,  0.258, 294.98,  0.228, 298.25,  0.065, 342.12,-99.000, -99.00,-99.000, -99.00,-99.000, -99.00,-99.000, -99.00,
9/11/2006 12:25:00, 10.8,276.0,  1.2,  3.0, 19.111, 29.44,  0.0,  0.0,  0.212, 335.49,  0.195, 331.86,  0.272, 294.11,  0.171, 312.63,  0.276, 312.94,  0.183, 318.99,  0.215, 296.57,  0.119, 299.15,  0.281, 289.53,  0.248, 282.13,  0.193, 301.47,  0.245, 284.89,  0.289, 275.36,  0.251, 282.88,  0.262, 284.83,  0.136, 215.10,-99.000, -99.00,-99.000, -99.00,-99.000, -99.00,-99.000, -99.00,
9/11/2006 12:30:00, 10.8,276.0,  1.2,  3.0, 19.118, 29.44,  0.0,  0.0,  0.198, 309.07,  0.224, 331.49,  0.181, 323.32,  0.147, 269.61,  0.272, 305.44,  0.197, 293.05,  0.154, 285.03,  0.201, 259.42,  0.269, 261.66,  0.215, 264.93,  0.242, 281.68,  0.208, 295.33,  0.230, 289.54,  0.324, 283.95,  0.315, 283.02,  0.166, 291.16,-99.000, -99.00,-99.000, -99.00,-99.000, -99.00,-99.000, -99.00,
9/11/2006 12:35:00, 10.8,276.0,  1.2,  3.0, 19.115, 29.44,  0.0,  0.0,  0.266, 317.13,  0.139, 304.15,  0.203, 292.90,  0.263, 288.16,  0.230, 287.96,  0.091, 296.85,  0.221, 286.55,  0.247, 291.59,  0.177, 286.08,  0.286, 290.02,  0.283, 297.38,  0.250, 283.65,  0.289, 289.81,  0.332, 282.15,  0.323, 284.90,  0.078, 296.57,-99.000, -99.00,-99.000, -99.00,-99.000, -99.00,-99.000, -99.00,
9/11/2006 12:40:00, 10.8,276.0,  1.2,  3.0, 19.101, 29.44,  0.0,  0.0,  0.325, 319.00,  0.296, 313.22,  0.242, 288.81,  0.201, 312.58,  0.263, 262.36,  0.272, 291.37,  0.266, 284.61,  0.283, 272.63,  0.272, 276.97,  0.308, 286.20,  0.295, 295.52,  0.217, 290.77,  0.266, 273.44,  0.184, 253.54,  0.134, 299.43,  0.096, 237.80,-99.000, -99.00,-99.000, -99.00,-99.000, -99.00,-99.000, -99.00,
9/11/2006 12:45:00, 10.8,276.1,  1.2,  3.0, 19.100, 29.43,  0.0,  0.0,  0.171, 310.49,  0.180, 312.30,  0.140, 301.31,  0.245, 291.76,  0.290, 287.25,  0.248, 263.05,  0.301, 279.96,  0.234, 277.37,  0.303, 283.94,  0.323, 280.89,  0.270, 277.44,  0.171, 276.38,  0.220, 286.62,  0.255, 274.28,  0.241, 286.17,  0.191, 273.89,-99.000, -99.00,-99.000, -99.00,-99.000, -99.00,-99.000, -99.00,
9/11/2006 12:50:00, 10.8,276.1,  1.2,  3.0, 19.098, 29.43,  0.0,  0.0,  0.085, 258.42,  0.247, 271.86,  0.188, 285.44,  0.214, 270.54,  0.146, 264.09,  0.126, 259.49,  0.214, 271.34,  0.210, 278.48,  0.223, 270.51,  0.310, 279.28,  0.279, 275.34,  0.250, 271.37,  0.210, 270.27,  0.171, 268.33,  0.232, 271.48,  0.066, 253.22,-99.000, -99.00,-99.000, -99.00,-99.000, -99.00,-99.000, -99.00,
9/11/2006 12:55:00, 10.8,276.0,  1.2,  3.0, 19.101, 29.43,  0.0,  0.0,  0.104, 278.83,  0.222, 284.60,  0.148, 270.00,  0.194, 305.57,  0.199, 295.54,  0.293, 294.99,  0.241, 284.90,  0.194, 292.73,  0.232, 292.81,  0.246, 292.71,  0.256, 291.55,  0.200, 279.79,  0.217, 279.55,  0.198, 279.89,  0.204, 293.42,  0.069, 259.99,-99.000, -99.00,-99.000, -99.00,-99.000, -99.00,-99.000, -99.00,
9/11/2006 13:00:00, 10.8,276.0,  1.2,  3.0, 19.102, 29.42,  0.0,  0.0,  0.132, 286.24,  0.116, 283.44,  0.202, 310.79,  0.186, 311.07,  0.196, 298.00,  0.188, 297.52,  0.137, 297.31,  0.104, 297.55,  0.241, 270.00,  0.278, 277.64,  0.229, 279.05,  0.282, 264.11,  0.233, 270.98,  0.211, 248.55,  0.183, 246.10,  0.094, 250.02,-99.000, -99.00,-99.000, -99.00,-99.000, -99.00,-99.000, -99.00,
9/11/2006 13:05:00, 10.8,276.0,  1.2,  3.0, 19.085, 29.42,  0.0,  0.0,  0.184, 312.80,  0.251, 285.03,  0.211, 298.63,  0.212, 288.69,  0.226, 298.49,  0.267, 276.25,  0.194, 270.59,  0.238, 274.58,  0.198, 278.42,  0.266, 277.13,  0.179, 270.32,  0.265, 268.05,  0.269, 257.56,  0.298, 261.52,  0.258, 259.73,  0.125, 263.10,-99.000, -99.00,-99.000, -99.00,-99.000, -99.00,-99.000, -99.00,
9/11/2006 13:10:00, 10.8,276.0,  1.2,  3.0, 19.081, 29.42,  0.0,  0.0,  0.260, 284.68,  0.224, 281.31,  0.213, 281.94,  0.153, 296.40,  0.182, 269.69,  0.285, 300.62,  0.143, 263.17,  0.227, 263.44,  0.231, 273.98,  0.197, 278.75,  0.180, 277.01,  0.099, 306.75,  0.255, 274.28,  0.260, 265.80,  0.225, 253.18,  0.093, 257.60,-99.000, -99.00,-99.000, -99.00,-99.000, -99.00,-99.000, -99.00,
9/11/2006 13:15:00, 10.8,275.9,  1.2,  3.0, 19.075, 29.42,  0.0,  0.0,  0.072, 261.98,  0.154, 278.97,  0.122, 282.78,  0.184, 258.38,  0.073, 288.43,  0.177, 293.67,  0.202, 270.00,  0.262, 277.67,  0.174, 258.37,  0.180, 270.32,  0.300, 280.00,  0.277, 249.27,  0.220, 254.70,  0.289, 264.25,  0.242, 274.74,  0.072, 293.72,-99.000, -99.00,-99.000, -99.00,-99.000, -99.00,-99.000, -99.00,
9/11/2006 13:20:00, 10.8,276.0,  1.2,  3.0, 19.063, 29.42,  0.0,  0.0,  0.137, 287.90,  0.162, 290.22,  0.106, 295.60,  0.257, 277.59,  0.150, 284.69,  0.141, 249.63,  0.162, 283.95,  0.209, 273.56,  0.182, 248.37,  0.207, 272.49,  0.230, 281.80,  0.244, 258.18,  0.236, 256.49,  0.296, 268.07,  0.283, 276.90,  0.119, 276.29,-99.000, -99.00,-99.000, -99.00,-99.000, -99.00,-99.000, -99.00,
9/11/2006 13:25:00, 10.8,276.0,  1.2,  3.0, 19.068, 29.42,  0.0,  0.0,  0.092, 283.13,  0.101, 306.53,  0.085, 288.43,  0.151, 312.58,  0.094, 318.47,  0.220, 292.48,  0.124, 279.77,  0.165, 288.00,  0.208, 271.10,  0.186, 263.52,  0.271, 264.50,  0.253, 257.45,  0.223, 264.85,  0.189, 269.70,  0.215, 281.52,  0.140, 268.36,-99.000, -99.00,-99.000, -99.00,-99.000, -99.00,-99.000, -99.00,
9/11/2006 13:30:00, 10.8,276.0,  1.2,  3.0, 19.046, 29.42,  0.0,  0.0,  0.008,  90.00,  0.108, 264.13,  0.116, 300.54,  0.112, 287.63,  0.073, 195.19,  0.107, 273.74,  0.139, 259.25,  0.159, 256.57,  0.227, 262.66,  0.225, 272.29,  0.246, 266.74,  0.259, 257.74,  0.254, 260.02,  0.241, 262.37,  0.179, 262.64,  0.166, 248.07,-99.000, -99.00,-99.000, -99.00,-99.000, -99.00,-99.000, -99.00,
9/11/2006 13:35:00, 10.8,276.0,  1.2,  3.0, 19.040, 29.43,  0.0,  0.0,  0.110, 294.70,  0.120, 320.74,  0.116,  12.96,  0.083, 308.12,  0.089, 306.36,  0.095, 279.66,  0.099, 274.04,  0.189, 274.56,  0.165, 249.36,  0.207, 267.51,  0.174, 257.08,  0.233, 266.56,  0.150, 263.49,  0.207, 277.78,  0.155, 284.22,  0.046, 274.97,-99.000, -99.00,-99.000, -99.00,-99.000, -99.00,-99.000, -99.00,
9/11/2006 13:40:00, 10.8,276.0,  1.2,  3.0, 19.042, 29.43,  0.0,  0.0,  0.166, 300.73,  0.143, 295.67,  0.078, 278.86,  0.054, 280.68,  0.178, 282.63,  0.087, 279.89,  0.240, 284.50,  0.151, 258.91,  0.225, 242.18,  0.177, 245.32,  0.210, 252.26,  0.170, 270.67,  0.264, 271.52,  0.182, 276.62,  0.136, 276.34,  0.127, 256.84,-99.000, -99.00,-99.000, -99.00,-99.000, -99.00,-99.000, -99.00,
9/11/2006 13:45:00, 10.8,276.0,  1.2,  3.0, 19.047, 29.43,  0.0,  0.0,  0.106, 290.49,  0.111, 331.35,  0.098, 282.91,  0.127, 275.89,  0.125, 289.16,  0.140, 300.05,  0.182, 284.34,  0.065, 244.61,  0.201, 277.16,  0.199, 272.01,  0.257, 268.44,  0.206, 265.82,  0.244, 262.70,  0.303, 268.49,  0.239, 276.74,  0.147, 269.61,-99.000, -99.00,-99.000, -99.00,-99.000, -99.00,-99.000, -99.00,
9/11/2006 13:50:00, 10.8,276.0,  1.2,  3.0, 19.035, 29.43,  0.0,  0.0,  0.176, 329.20,  0.192, 320.92,  0.217, 303.91,  0.170, 320.02,  0.212, 297.29,  0.179, 284.89,  0.207, 289.22,  0.155, 274.83,  0.217, 271.06,  0.224, 273.58,  0.194, 281.60,  0.206, 263.87,  0.168, 271.36,  0.153, 255.24,  0.178, 253.70,  0.132, 273.04,-99.000, -99.00,-99.000, -99.00,-99.000, -99.00,-99.000, -99.00,
9/11/2006 13:55:00, 10.8,276.0,  1.2,  3.0, 19.019, 29.43,  0.0,  0.0,  0.124, 274.61,  0.199, 313.98,  0.061, 270.00,  0.132, 302.01,  0.054, 244.86,  0.133, 279.11,  0.142, 261.47,  0.177, 274.87,  0.161, 265.74,  0.216, 280.42,  0.217, 266.57,  0.273, 259.88,  0.259, 244.92,  0.282, 258.33,  0.259, 270.00,  0.103, 280.65,-99.000, -99.00,-99.000, -99.00,-99.000, -99.00,-99.000, -99.00,
9/11/2006 14:00:00, 10.8,276.0,  1.2,  3.0, 19.020, 29.42,  0.0,  0.0,  0.071, 307.03,  0.077, 303.90,  0.082, 309.09,  0.131, 284.14,  0.130, 300.51,  0.184, 275.00,  0.151, 289.40,  0.193, 289.65,  0.165, 287.67,  0.149, 282.36,  0.114, 270.50,  0.191, 283.96,  0.114, 296.57,  0.185, 288.63,  0.099, 270.00,  0.058, 272.96,-99.000, -99.00,-99.000, -99.00,-99.000, -99.00,-99.000, -99.00,
9/11/2006 14:05:00, 10.8,276.0,  1.2,  3.0, 19.011, 29.42,  0.0,  0.0,  0.061, 289.03,  0.126, 303.69,  0.067, 278.62,  0.092, 297.96,  0.097, 259.85,  0.217, 266.57,  0.192, 266.13,  0.212, 263.51,  0.261, 271.32,  0.172, 281.77,  0.244, 270.94,  0.264, 264.57,  0.217, 267.63,  0.193, 267.33,  0.206, 279.23,  0.090, 237.19,-99.000, -99.00,-99.000, -99.00,-99.000, -99.00,-99.000, -99.00,
9/11/2006 14:10:00, 10.8,276.0,  1.2,  3.0, 19.009, 29.42,  0.0,  0.0,  0.151,   4.17,  0.084, 281.04,  0.188, 296.57,  0.040, 334.72,  0.112, 300.00,  0.102, 266.63,  0.179, 277.72,  0.215, 294.18,  0.189, 281.31,  0.228, 262.44,  0.162, 254.93,  0.086, 276.71,  0.196, 285.10,  0.180, 273.18,  0.124, 284.48,  0.052, 249.83,-99.000, -99.00,-99.000, -99.00,-99.000, -99.00,-99.000, -99.00,
9/11/2006 14:15:00, 10.8,276.0,  1.2,  3.0, 19.003, 29.43,  0.0,  0.0,  0.124, 337.17,  0.048, 293.36,  0.092, 295.73,  0.073, 283.47,  0.112, 338.01,  0.172, 311.00,  0.076, 290.82,  0.154, 278.97,  0.159, 286.39,  0.165, 301.08,  0.191, 271.80,  0.198, 265.96,  0.195, 279.46,  0.108, 273.18,  0.141, 278.13,  0.147, 245.52,-99.000, -99.00,-99.000, -99.00,-99.000, -99.00,-99.000, -99.00,
9/11/2006 14:20:00, 10.8,276.0,  1.2,  3.0, 19.008, 29.43,  0.0,  0.0,  0.120, 333.22,  0.073, 306.09,  0.091, 343.97,  0.176, 290.29,  0.057, 285.26,  0.116, 263.55,  0.192, 273.87,  0.199, 279.84,  0.201, 270.86,  0.169, 270.00,  0.225, 263.63,  0.177, 266.12,  0.135, 267.03,  0.159, 258.76,  0.116, 276.45,  0.091, 245.40,-99.000, -99.00,-99.000, -99.00,-99.000, -99.00,-99.000, -99.00,
9/11/2006 14:25:00, 10.8,276.0,  1.2,  3.0, 18.985, 29.44,  0.0,  0.0,  0.149, 354.98,  0.025, 343.74,  0.094, 312.85,  0.116, 253.92,  0.101, 283.76,  0.081, 262.17,  0.094, 263.86,  0.069, 257.38,  0.068, 249.44,  0.180, 272.86,  0.206, 278.91,  0.175, 262.10,  0.176, 267.72,  0.177, 258.63,  0.113, 265.45,  0.062, 269.08,-99.000, -99.00,-99.000, -99.00,-99.000, -99.00,-99.000, -99.00,
9/11/2006 14:30:00, 10.8,276.0,  1.2,  3.0, 18.988, 29.45,  0.0,  0.0,  0.067, 264.04,  0.039, 304.51,  0.110, 286.30,  0.120, 240.67,  0.127, 270.45,  0.236, 267.33,  0.199, 290.25,  0.086, 251.77,  0.103, 284.57,  0.125, 246.50,  0.097, 261.70,  0.079, 289.12,  0.141, 272.84,  0.096, 255.53,  0.068, 270.00,  0.038, 256.33,-99.000, -99.00,-99.000, -99.00,-99.000, -99.00,-99.000, -99.00,
9/11/2006 14:35:00, 10.8,276.0,  1.2,  3.0, 18.979, 29.46,  0.0,  0.0,  0.124, 239.91,  0.156, 221.88,  0.145, 293.92,  0.187, 271.23,  0.088, 248.68,  0.136, 260.68,  0.040, 267.14,  0.132, 241.88,  0.162, 286.53,  0.188, 275.50,  0.161, 274.26,  0.133, 265.27,  0.173, 267.35,  0.165, 254.87,  0.133, 252.11,  0.075, 232.06,-99.000, -99.00,-99.000, -99.00,-99.000, -99.00,-99.000, -99.00,
9/11/2006 14:40:00, 10.8,276.0,  1.2,  3.0, 18.960, 29.46,  0.0,  0.0,  0.096, 306.51,  0.114, 238.69,  0.011, 315.00,  0.069, 264.21,  0.153, 285.95,  0.056, 275.10,  0.097, 289.93,  0.121, 266.22,  0.169, 268.98,  0.175, 276.56,  0.088, 270.65,  0.077, 243.10,  0.186, 262.57,  0.163, 272.46,  0.208, 296.94,  0.131, 283.72,-99.000, -99.00,-99.000, -99.00,-99.000, -99.00,-99.000, -99.00,
9/11/2006 14:45:00, 10.8,276.0,  1.2,  3.0, 18.949, 29.47,  0.0,  0.0,  0.078, 299.84,  0.130, 328.88,  0.057, 272.01,  0.081, 196.43,  0.114, 290.03,  0.060, 250.67,  0.090, 303.16,  0.062, 268.15,  0.121, 289.78,  0.179, 276.09,  0.211, 256.82,  0.149, 254.00,  0.163, 251.34,  0.187, 251.27,  0.156, 269.63,  0.083, 236.31,-99.000, -99.00,-99.000, -99.00,-99.000, -99.00,-99.000, -99.00,
9/11/2006 14:50:00, 10.8,276.0,  1.2,  3.0, 18.946, 29.47,  0.0,  0.0,  0.033, 169.38,  0.046, 267.51,  0.184, 260.64,  0.227, 300.40,  0.139, 257.56,  0.083, 322.31,  0.045, 330.57,  0.119, 217.83,  0.033, 197.88,  0.045, 343.18,  0.064, 273.58,  0.142, 251.05,  0.113, 258.79,  0.095, 252.90,  0.096, 278.38,  0.080, 282.30,-99.000, -99.00,-99.000, -99.00,-99.000, -99.00,-99.000, -99.00,
9/11/2006 14:55:00, 10.8,276.0,  1.2,  3.0, 18.931, 29.48,  0.0,  0.0,  0.071, 294.04,  0.053, 246.80,  0.046, 249.59,  0.086, 246.71,  0.078, 268.53,  0.051, 295.56,  0.066, 213.93,  0.157, 243.43,  0.082, 248.46,  0.016, 345.96,  0.136, 241.56,  0.156, 255.87,  0.126, 253.87,  0.125, 260.31,  0.095, 251.57,  0.078, 272.20,-99.000, -99.00,-99.000, -99.00,-99.000, -99.00,-99.000, -99.00,
9/11/2006 15:00:00, 10.8,276.0,  1.2,  3.0, 18.934, 29.48,  0.0,  0.0,  0.151, 252.28,  0.089, 248.32,  0.070, 262.57,  0.073, 276.25,  0.121, 279.54,  0.106, 297.05,  0.074, 244.47,  0.094, 243.43,  0.125, 256.08,  0.214, 263.84,  0.173, 256.61,  0.113, 254.61,  0.105, 260.72,  0.115, 239.21,  0.067, 271.71,  0.090, 262.95,-99.000, -99.00,-99.000, -99.00,-99.000, -99.00,-99.000, -99.00,
9/11/2006 15:05:00, 10.8,276.0,  1.2,  3.0, 18.915, 29.48,  0.0,  0.0,  0.064,  26.97,  0.070,   9.06,  0.048, 299.74,  0.108, 335.34,  0.113, 275.61,  0.111, 253.84,  0.080, 260.66,  0.098, 274.67,  0.065, 268.24,  0.066, 276.05,  0.139, 275.38,  0.080, 222.47,  0.031, 215.75,  0.081, 214.47,  0.172, 244.92,  0.083, 266.55,-99.000, -99.00,-99.000, -99.00,-99.000, -99.00,-99.000, -99.00,
9/11/2006 15:10:00, 10.8,276.0,  1.2,  3.0, 18.923, 29.48,  0.0,  0.0,  0.100, 272.86,  0.069,  33.69,  0.060, 330.85,  0.040,  20.22,  0.046,  17.65,  0.083, 250.25,  0.106, 250.20,  0.109, 267.90,  0.067, 266.58,  0.188, 270.00,  0.088, 238.48,  0.038, 294.57,  0.070, 219.17,  0.075, 230.98,  0.043, 237.43,  0.076, 198.43,-99.000, -99.00,-99.000, -99.00,-99.000, -99.00,-99.000, -99.00,
9/11/2006 15:15:00, 10.8,276.0,  1.2,  3.0, 18.904, 29.48,  0.0,  0.0,  0.040, 355.71,  0.071,  12.26,  0.083, 270.69,  0.051, 304.62,  0.082, 249.36,  0.065, 143.13,  0.090, 235.43,  0.058, 300.96,  0.111, 240.19,  0.064, 198.15,  0.063, 209.41,  0.039, 278.75,  0.102, 250.50,  0.078, 261.87,  0.021, 240.95,  0.090, 194.19,-99.000, -99.00,-99.000, -99.00,-99.000, -99.00,-99.000, -99.00,
9/11/2006 15:20:00, 10.8,276.0,  1.2,  3.0, 18.895, 29.48,  0.0,  0.0,  0.015, 156.80,  0.096, 270.00,  0.120, 207.85,  0.090, 242.30,  0.090, 226.35,  0.091, 213.34,  0.076, 255.60,  0.107, 242.24,  0.068, 276.71,  0.067, 267.44,  0.119, 298.07,  0.115, 267.51,  0.152, 286.05,  0.070, 247.44,  0.082, 253.77,  0.039, 256.68,-99.000, -99.00,-99.000, -99.00,-99.000, -99.00,-99.000, -99.00,
9/11/2006 15:25:00, 10.8,276.0,  1.2,  3.0, 18.892, 29.48,  0.0,  0.0,  0.066,  79.54,  0.021,  98.13,  0.055, 184.16,  0.000,   0.00,  0.086, 257.25,  0.043, 307.41,  0.094, 287.28,  0.057, 199.38,  0.070, 225.58,  0.107, 234.09,  0.165, 219.09,  0.156, 214.81,  0.143, 265.60,  0.064, 241.03,  0.034, 217.87,  0.084, 290.16,-99.000, -99.00,-99.000, -99.00,-99.000, -99.00,-99.000, -99.00,
9/11/2006 15:30:00, 10.8,276.0,  1.2,  3.0, 18.888, 29.48,  0.0,  0.0,  0.089,  72.99,  0.068, 199.77,  0.046, 147.34,  0.040, 243.43,  0.026, 128.66,  0.089, 272.57,  0.046, 188.84,  0.046, 270.00,  0.038, 248.20,  0.114, 279.05,  0.101, 260.35,  0.006, 225.00,  0.078, 257.39,  0.098, 247.11,  0.079, 284.74,  0.112, 314.64,-99.000, -99.00,-99.000, -99.00,-99.000, -99.00,-99.000, -99.00,
9/11/2006 15:35:00, 10.8,276.0,  1.2,  3.0, 18.870, 29.48,  0.0,  0.0,  0.173, 176.36,  0.102, 267.75,  0.076, 153.43,  0.018, 189.46,  0.090, 288.84,  0.053, 275.39,  0.032, 273.58,  0.028, 220.60,  0.070, 262.57,  0.026, 218.66,  0.072, 283.65,  0.090, 152.30,  0.012, 138.37,  0.014,  53.97,  0.028,  94.09,  0.030, 221.01,-99.000, -99.00,-99.000, -99.00,-99.000, -99.00,-99.000, -99.00,
9/11/2006 15:40:00, 10.8,276.0,  1.2,  3.0, 18.867, 29.46,  0.0,  0.0,  0.097, 155.02,  0.090, 181.27,  0.138, 148.04,  0.057, 153.89,  0.081, 151.22,  0.033, 125.13,  0.029, 176.05,  0.074, 222.80,  0.096, 279.56,  0.017,  17.35,  0.020,   8.53,  0.060, 116.57,  0.061, 264.38,  0.070, 265.10,  0.080, 256.31,  0.047, 230.19,-99.000, -99.00,-99.000, -99.00,-99.000, -99.00,-99.000, -99.00,
9/11/2006 15:45:00, 10.8,276.0,  1.2,  3.0, 18.855, 29.43,  0.0,  0.0,  0.141, 151.26,  0.149, 126.56,  0.067, 179.14,  0.064, 172.76,  0.152, 144.64,  0.025, 258.23,  0.055, 176.88,  0.040, 286.14,  0.031, 215.75,  0.014, 338.96,  0.041,  65.32,  0.009, 186.34,  0.056, 186.12,  0.056, 288.76,  0.030, 205.71,  0.041, 247.17,-99.000, -99.00,-99.000, -99.00,-99.000, -99.00,-99.000, -99.00,
9/11/2006 15:50:00, 10.8,276.1,  1.2,  3.0, 18.857, 29.41,  0.0,  0.0,  0.144, 164.71,  0.018, 176.82,  0.053, 121.89,  0.065, 147.53,  0.039, 188.75,  0.147, 163.41,  0.056, 157.07,  0.113, 261.37,  0.063,  94.54,  0.005, 126.87,  0.018, 189.46,  0.058, 177.04,  0.020, 101.31,  0.009, 305.54,  0.040, 156.61,  0.042, 178.64,-99.000, -99.00,-99.000, -99.00,-99.000, -99.00,-99.000, -99.00,
9/11/2006 15:55:00, 10.8,276.0,  1.2,  3.0, 18.846, 29.39,  0.0,  0.0,  0.085, 154.04,  0.101, 167.47,  0.068, 153.06,  0.129, 189.83,  0.026, 136.55,  0.057, 136.43,  0.065, 101.48,  0.100, 115.54,  0.069, 132.66,  0.029, 180.00,  0.037,   0.00,  0.060, 279.62,  0.066, 168.69,  0.024, 262.87,  0.010, 119.05,  0.039, 268.53,-99.000, -99.00,-99.000, -99.00,-99.000, -99.00,-99.000, -99.00,
9/11/2006 16:00:00, 10.8,276.0,  1.2,  3.0, 18.848, 29.38,  0.0,  0.0,  0.177, 171.55,  0.053, 165.70,  0.151, 126.11,  0.042, 111.04,  0.091, 143.51,  0.095, 107.86,  0.024, 177.61,  0.025,  92.29,  0.049,  84.17,  0.024,  53.62,  0.077, 101.16,  0.010, 150.95,  0.075, 201.09,  0.085, 180.00,  0.087, 124.24,  0.034, 312.61,-99.000, -99.00,-99.000, -99.00,-99.000, -99.00,-99.000, -99.00,
9/11/2006 16:05:00, 10.8,276.0,  1.2,  3.0, 18.832, 29.38,  0.0,  0.0,  0.084, 121.43,  0.182, 147.36,  0.107, 124.29,  0.206, 151.32,  0.128, 163.69,  0.128, 163.69,  0.122, 172.00,  0.093, 122.66,  0.151, 124.74,  0.109, 157.42,  0.021, 127.41,  0.028, 182.05,  0.065, 220.03,  0.057, 103.07,  0.084,  96.12,  0.017, 339.44,-99.000, -99.00,-99.000, -99.00,-99.000, -99.00,-99.000, -99.00,
9/11/2006 16:10:00, 10.8,276.0,  1.2,  3.0, 18.821, 29.38,  0.0,  0.0,  0.233, 132.04,  0.059, 126.10,  0.134, 128.66,  0.165, 142.16,  0.098, 174.75,  0.098, 161.01,  0.120, 144.85,  0.069,  74.96,  0.132, 131.63,  0.067, 125.34,  0.097, 104.89,  0.061,  92.82,  0.042,  28.39,  0.018, 163.61,  0.046, 281.31,  0.061, 286.07,-99.000, -99.00,-99.000, -99.00,-99.000, -99.00,-99.000, -99.00,
9/11/2006 16:15:00, 10.8,276.0,  1.2,  3.0, 18.813, 29.37,  0.0,  0.0,  0.192, 129.92,  0.198, 152.66,  0.127, 128.59,  0.129,  96.24,  0.150, 156.35,  0.123, 136.32,  0.165, 159.36,  0.149, 141.52,  0.120, 109.94,  0.092, 116.57,  0.062, 154.26,  0.078,  65.74,  0.063, 142.05,  0.062, 136.30,  0.066, 131.92,  0.017, 298.07,-99.000, -99.00,-99.000, -99.00,-99.000, -99.00,-99.000, -99.00,
9/11/2006 16:20:00, 10.8,276.0,  1.2,  3.0, 18.818, 29.37,  0.0,  0.0,  0.218, 119.39,  0.106, 109.80,  0.160, 132.47,  0.095, 127.72,  0.188, 155.20,  0.090, 138.15,  0.051, 175.52,  0.084, 164.15,  0.152, 132.60,  0.152, 162.76,  0.182, 126.49,  0.091, 126.49,  0.112, 114.74,  0.076, 106.77,  0.066, 105.71,  0.041,  19.75,-99.000, -99.00,-99.000, -99.00,-99.000, -99.00,-99.000, -99.00,
9/11/2006 16:25:00, 10.8,276.0,  1.2,  3.0, 18.801, 29.37,  0.0,  0.0,  0.201, 127.72,  0.075,  75.41,  0.117, 151.47,  0.107, 159.70,  0.126, 182.27,  0.153, 156.95,  0.097, 187.71,  0.101, 137.80,  0.091, 121.07,  0.064, 163.56,  0.088, 101.82,  0.083, 103.20,  0.169,  75.22,  0.177, 113.67,  0.217, 105.26,  0.030,  97.59,-99.000, -99.00,-99.000, -99.00,-99.000, -99.00,-99.000, -99.00,
9/11/2006 16:30:00, 10.8,276.0,  1.2,  3.0, 18.804, 29.37,  0.0,  0.0,  0.245, 123.69,  0.119, 128.51,  0.087, 110.10,  0.137, 151.19,  0.076, 169.43,  0.093, 153.71,  0.026, 171.25,  0.104, 132.27,  0.065, 122.47,  0.079, 339.95,  0.163, 299.70,  0.181, 296.99,  0.149, 328.77,  0.105, 346.23,  0.102,  31.83,  0.027, 188.43,-99.000, -99.00,-99.000, -99.00,-99.000, -99.00,-99.000, -99.00,
9/11/2006 16:35:00, 10.8,276.0,  1.2,  3.0, 18.787, 29.38,  0.0,  0.0,  0.184, 144.06,  0.066, 198.43,  0.072, 163.07,  0.207,  99.46,  0.114,  90.50,  0.087, 118.03,  0.071, 126.38,  0.052, 134.22,  0.104, 143.57,  0.040, 115.28,  0.087, 130.82,  0.116, 118.33,  0.212,  99.51,  0.093,  89.38,  0.189, 113.99,  0.042,  90.00,-99.000, -99.00,-99.000, -99.00,-99.000, -99.00,-99.000, -99.00,
9/11/2006 16:40:00, 10.8,276.0,  1.2,  3.0, 18.784, 29.38,  0.0,  0.0,  0.115, 141.34,  0.135, 172.77,  0.101, 191.98,  0.034, 205.82,  0.132, 125.13,  0.138, 147.46,  0.203, 129.41,  0.041,  27.82,  0.075, 112.80,  0.157, 108.55,  0.159, 138.07,  0.160, 114.33,  0.158, 126.51,  0.160, 127.87,  0.091,  97.59,  0.145, 106.05,-99.000, -99.00,-99.000, -99.00,-99.000, -99.00,-99.000, -99.00,
9/11/2006 16:45:00, 10.8,276.1,  1.2,  3.0, 18.766, 29.38,  0.0,  0.0,  0.127, 124.44,  0.081, 159.78,  0.060, 144.46,  0.087, 196.76,  0.130, 162.54,  0.077, 118.91,  0.203, 121.89,  0.211, 123.61,  0.174, 126.61,  0.180, 139.50,  0.095, 104.04,  0.182, 105.26,  0.150,  76.89,  0.164,  64.69,  0.182,  71.07,  0.177,  86.44,-99.000, -99.00,-99.000, -99.00,-99.000, -99.00,-99.000, -99.00,
9/11/2006 16:50:00, 10.8,276.0,  1.2,  3.0, 18.761, 29.38,  0.0,  0.0,  0.108, 114.66,  0.167, 126.73,  0.102, 109.50,  0.058,  98.97,  0.177, 105.77,  0.210,  90.82,  0.177, 103.41,  0.208, 119.03,  0.170, 131.66,  0.097, 172.87,  0.046, 166.26,  0.071,  88.39,  0.054, 115.14,  0.072, 133.88,  0.101,  88.87,  0.003, 180.00,-99.000, -99.00,-99.000, -99.00,-99.000, -99.00,-99.000, -99.00,
9/11/2006 16:55:00, 10.8,276.0,  1.2,  2.9, 18.764, 29.38,  0.0,  0.0,  0.050, 187.97,  0.051, 178.88,  0.064, 131.86,  0.200, 104.45,  0.128, 159.44,  0.128, 148.04,  0.122, 163.80,  0.046, 191.31,  0.036, 213.69,  0.048,  79.16,  0.088, 135.46,  0.012, 250.02,  0.021, 217.41,  0.025, 318.18,  0.121, 354.76,  0.039,  76.68,-99.000, -99.00,-99.000, -99.00,-99.000, -99.00,-99.000, -99.00,
9/11/2006 17:00:00, 10.8,276.0,  1.2,  3.0, 18.760, 29.38,  0.0,  0.0,  0.023, 252.35,  0.006, 180.00,  0.044, 267.40,  0.153, 159.31,  0.011,  63.43,  0.064,  22.14,  0.042, 132.09,  0.061, 113.20,  0.048,  75.38,  0.120,  98.13,  0.113,  80.87,  0.098, 149.24,  0.031, 155.10,  0.074,  45.55,  0.034, 118.07,  0.042,  95.44,-99.000, -99.00,-99.000, -99.00,-99.000, -99.00,-99.000, -99.00,
9/11/2006 17:05:00, 10.8,276.0,  1.2,  2.9, 18.756, 29.38,  0.0,  0.0,  0.052, 206.08,  0.135, 201.25,  0.096, 173.99,  0.088, 211.52,  0.135, 205.99,  0.075, 210.31,  0.045, 242.30,  0.106, 339.51,  0.075,  23.50,  0.027, 293.75,  0.011,   5.19,  0.030, 323.13,  0.056, 322.93,  0.158, 348.34,  0.124, 344.05,  0.062, 318.90,-99.000, -99.00,-99.000, -99.00,-99.000, -99.00,-99.000, -99.00,
9/11/2006 17:10:00, 10.8,276.0,  1.2,  2.9, 18.755, 29.38,  0.0,  0.0,  0.095, 323.13,  0.060, 281.50,  0.050, 274.57,  0.154, 246.26,  0.051, 200.56,  0.015, 293.20,  0.103, 305.54,  0.080, 296.89,  0.093, 315.00,  0.149, 328.97,  0.168, 299.15,  0.140, 295.29,  0.234, 295.25,  0.215, 309.91,  0.152, 291.66,  0.102, 281.31,-99.000, -99.00,-99.000, -99.00,-99.000, -99.00,-99.000, -99.00,
9/11/2006 17:15:00, 10.8,276.0,  1.2,  3.0, 18.741, 29.38,  0.0,  0.0,  0.118, 245.39,  0.129, 276.24,  0.106, 353.48,  0.104, 309.17,  0.048, 284.62,  0.086, 322.07,  0.030,  11.69,  0.092, 293.77,  0.050, 243.95,  0.101, 294.54,  0.120, 310.60,  0.109, 323.97,  0.142, 337.60,  0.125, 302.54,  0.165, 309.58,  0.093, 276.20,-99.000, -99.00,-99.000, -99.00,-99.000, -99.00,-99.000, -99.00,
9/11/2006 17:20:00, 10.8,276.0,  1.2,  3.0, 18.742, 29.38,  0.0,  0.0,  0.148,   6.60,  0.165, 305.90,  0.059, 349.26,  0.234, 298.65,  0.074, 239.30,  0.112, 315.73,  0.110, 324.58,  0.078, 329.16,  0.103, 332.94,  0.179, 317.49,  0.155, 326.31,  0.157, 299.34,  0.126, 313.71,  0.219, 322.61,  0.189, 333.98,  0.109, 325.44,-99.000, -99.00,-99.000, -99.00,-99.000, -99.00,-99.000, -99.00,
9/11/2006 17:25:00, 10.8,276.0,  1.2,  3.0, 18.729, 29.38,  0.0,  0.0,  0.192, 309.92,  0.109, 303.40,  0.033, 332.65,  0.075, 336.50,  0.158, 307.52,  0.123, 311.36,  0.127, 333.43,  0.094, 311.13,  0.162, 322.28,  0.120, 316.35,  0.163, 307.78,  0.213, 295.84,  0.217, 312.95,  0.199, 322.55,  0.209, 314.81,  0.123, 334.06,-99.000, -99.00,-99.000, -99.00,-99.000, -99.00,-99.000, -99.00,
9/11/2006 17:30:00, 10.8,276.0,  1.2,  3.0, 18.727, 29.38,  0.0,  0.0,  0.171, 352.96,  0.145, 324.00,  0.150, 300.50,  0.168, 325.93,  0.135, 293.53,  0.117, 352.15,  0.124, 332.61,  0.111, 339.93,  0.120, 305.82,  0.168, 338.01,  0.131, 324.97,  0.061,   2.82,  0.166,  44.76,  0.209,  39.77,  0.303,  43.26,  0.329,  52.29,-99.000, -99.00,-99.000, -99.00,-99.000, -99.00,-99.000, -99.00,
9/11/2006 17:35:00, 10.8,276.0,  1.2,  3.0, 18.721, 29.38,  0.0,  0.0,  0.208,   3.03,  0.143, 331.10,  0.104, 358.35,  0.216, 354.42,  0.155, 351.45,  0.069, 325.62,  0.166, 355.87,  0.090, 341.97,  0.107, 338.00,  0.189, 317.79,  0.122, 319.65,  0.198, 311.10,  0.156, 326.21,  0.171, 346.78,  0.239, 338.38,  0.200, 343.11,-99.000, -99.00,-99.000, -99.00,-99.000, -99.00,-99.000, -99.00,
9/11/2006 17:40:00, 10.8,276.0,  1.2,  3.0, 18.715, 29.38,  0.0,  0.0,  0.158, 334.08,  0.073, 348.07,  0.145, 346.44,  0.202,  17.54,  0.109,   5.24,  0.134, 316.21,  0.124, 346.97,  0.102, 315.80,  0.164, 315.00,  0.123, 270.00,  0.185, 293.52,  0.178, 307.00,  0.194, 309.35,  0.160, 335.20,  0.162, 334.38,  0.196,   1.17,-99.000, -99.00,-99.000, -99.00,-99.000, -99.00,-99.000, -99.00,
9/11/2006 17:45:00, 10.8,275.9,  1.2,  3.0, 18.697, 29.39,  0.0,  0.0,  0.115, 358.01,  0.159, 324.21,  0.142, 334.52,  0.122, 299.51,  0.224, 334.01,  0.189, 340.22,  0.141,   0.81,  0.215, 318.59,  0.247, 347.37,  0.166, 334.98,  0.197, 319.11,  0.209, 314.23,  0.149, 331.88,  0.148, 334.47,  0.133, 327.86,  0.189, 342.72,-99.000, -99.00,-99.000, -99.00,-99.000, -99.00,-99.000, -99.00,
9/11/2006 17:50:00, 10.8,276.0,  1.2,  3.0, 18.696, 29.40,  0.0,  0.0,  0.166, 324.30,  0.123, 322.57,  0.177, 347.30,  0.078,  29.20,  0.152, 355.86,  0.180, 346.20,  0.206, 342.18,  0.185, 347.54,  0.201, 328.21,  0.174, 348.04,  0.140, 333.25,  0.198, 324.46,  0.165, 324.87,  0.189, 325.80,  0.179, 331.72,  0.082, 328.44,-99.000, -99.00,-99.000, -99.00,-99.000, -99.00,-99.000, -99.00,
9/11/2006 17:55:00, 10.8,276.0,  1.2,  3.0, 18.698, 29.41,  0.0,  0.0,  0.075,  17.95,  0.152, 344.31,  0.172, 339.25,  0.145, 324.23,  0.121,   3.31,  0.167, 350.37,  0.162, 321.51,  0.192, 315.42,  0.138, 340.91,  0.168, 333.13,  0.137, 316.48,  0.119, 320.13,  0.208, 332.20,  0.197, 345.61,  0.211, 338.05,  0.090, 318.15,-99.000, -99.00,-99.000, -99.00,-99.000, -99.00,-99.000, -99.00,
9/11/2006 18:00:00, 10.8,276.0,  1.2,  3.0, 18.706, 29.42,  0.0,  0.0,  0.193, 354.05,  0.009,  54.46,  0.164, 355.82,  0.119, 340.80,  0.188, 342.05,  0.143, 311.04,  0.209, 336.62,  0.189, 324.04,  0.211, 337.69,  0.194, 352.58,  0.129, 309.35,  0.187, 318.47,  0.182, 327.09,  0.255, 332.13,  0.149, 320.98,  0.088, 312.71,-99.000, -99.00,-99.000, -99.00,-99.000, -99.00,-99.000, -99.00,
9/11/2006 18:05:00, 10.8,276.0,  1.2,  3.0, 18.701, 29.43,  0.0,  0.0,  0.184,   0.93,  0.143,   0.00,  0.101, 354.35,  0.246, 351.80,  0.163, 334.22,  0.124, 357.23,  0.194, 329.59,  0.177, 308.10,  0.210, 321.38,  0.177, 335.61,  0.275, 328.86,  0.177, 339.10,  0.176, 341.15,  0.175, 328.31,  0.116, 346.56,  0.057,   3.01,-99.000, -99.00,-99.000, -99.00,-99.000, -99.00,-99.000, -99.00,
9/11/2006 18:10:00, 10.8,276.0,  1.2,  3.0, 18.697, 29.44,  0.0,  0.0,  0.214,   2.68,  0.233, 348.59,  0.172, 330.30,  0.105, 327.82,  0.208, 346.63,  0.184, 343.54,  0.161, 341.90,  0.215, 358.93,  0.188, 353.29,  0.136,   0.84,  0.188, 333.16,  0.283, 321.47,  0.177, 336.76,  0.128, 320.71,  0.118, 330.62,  0.139, 335.83,-99.000, -99.00,-99.000, -99.00,-99.000, -99.00,-99.000, -99.00,
9/11/2006 18:15:00, 10.8,276.0,  1.2,  3.0, 18.704, 29.44,  0.0,  0.0,  0.255, 332.23,  0.210, 324.87,  0.192, 326.89,  0.212, 354.32,  0.186, 347.24,  0.161, 328.18,  0.154, 325.07,  0.147, 340.95,  0.208, 346.36,  0.227, 346.21,  0.205, 335.56,  0.194, 349.33,  0.179, 356.48,  0.135, 348.44,  0.106, 336.09,  0.075, 348.39,-99.000, -99.00,-99.000, -99.00,-99.000, -99.00,-99.000, -99.00,
9/11/2006 18:20:00, 10.8,276.0,  1.2,  3.0, 18.703, 29.44,  0.0,  0.0,  0.211, 353.21,  0.160,   8.28,  0.200, 330.36,  0.154, 358.51,  0.206, 336.55,  0.209, 349.82,  0.158, 338.47,  0.188, 305.47,  0.151, 326.10,  0.170, 318.81,  0.165, 337.94,  0.161, 330.26,  0.136, 303.92,  0.190, 307.72,  0.108, 326.75,  0.044, 277.77,-99.000, -99.00,-99.000, -99.00,-99.000, -99.00,-99.000, -99.00,
9/11/2006 18:25:00, 10.8,276.0,  1.2,  3.0, 18.715, 29.43,  0.0,  0.0,  0.154,  16.56,  0.209,  16.44,  0.190, 330.74,  0.128, 348.25,  0.086, 356.01,  0.147, 309.21,  0.150, 332.24,  0.142, 302.91,  0.176, 290.59,  0.156, 313.70,  0.156, 343.19,  0.157, 347.83,  0.183, 359.69,  0.116,   1.97,  0.061, 322.37,  0.022,  18.43,-99.000, -99.00,-99.000, -99.00,-99.000, -99.00,-99.000, -99.00,
9/11/2006 18:30:00, 10.8,276.0,  1.2,  3.0, 18.705, 29.42,  0.0,  0.0,  0.169,  17.90,  0.182,   0.63,  0.227, 340.21,  0.137, 339.98,  0.161, 344.15,  0.152,   5.67,  0.131, 339.90,  0.138, 325.62,  0.209, 314.81,  0.181, 311.63,  0.174, 320.36,  0.183, 320.56,  0.158, 339.95,  0.125, 315.97,  0.165, 337.49,  0.065, 344.90,-99.000, -99.00,-99.000, -99.00,-99.000, -99.00,-99.000, -99.00,
9/11/2006 18:35:00, 10.8,276.0,  1.2,  3.0, 18.708, 29.42,  0.0,  0.0,  0.107, 345.45,  0.134, 347.52,  0.099,   0.00,  0.100, 288.07,  0.180, 340.56,  0.122,   2.82,  0.144, 333.61,  0.121, 315.34,  0.164, 298.44,  0.111, 340.59,  0.132, 347.33,  0.181, 330.88,  0.229, 333.32,  0.181, 327.89,  0.165, 337.49,  0.130, 350.68,-99.000, -99.00,-99.000, -99.00,-99.000, -99.00,-99.000, -99.00,
9/11/2006 18:40:00, 10.8,276.0,  1.2,  3.0, 18.705, 29.41,  0.0,  0.0,  0.074, 277.80,  0.193,  19.09,  0.190, 329.66,  0.188, 352.65,  0.139, 317.92,  0.143, 319.53,  0.184, 335.25,  0.143, 324.65,  0.121,  18.29,  0.105, 343.98,  0.137, 320.03,  0.123, 294.06,  0.165, 312.79,  0.101, 313.80,  0.130, 291.23,  0.089, 321.84,-99.000, -99.00,-99.000, -99.00,-99.000, -99.00,-99.000, -99.00,
9/11/2006 18:45:00, 10.8,276.0,  1.2,  3.0, 18.702, 29.41,  0.0,  0.0,  0.150,  30.83,  0.158, 357.83,  0.162,   3.18,  0.130, 358.24,  0.097,  22.35,  0.164, 350.19,  0.182, 340.07,  0.173, 331.36,  0.179, 348.38,  0.200, 331.25,  0.147, 333.26,  0.095, 344.80,  0.097, 306.63,  0.114, 266.99,  0.096, 346.69,  0.135, 335.91,-99.000, -99.00,-99.000, -99.00,-99.000, -99.00,-99.000, -99.00,
9/11/2006 18:50:00, 10.8,276.0,  1.2,  3.0, 18.714, 29.42,  0.0,  0.0,  0.104, 332.45,  0.099,   0.58,  0.138, 354.58,  0.193, 343.44,  0.161, 318.01,  0.145, 313.04,  0.095, 344.05,  0.133,  11.73,  0.056,   3.07,  0.092, 334.27,  0.104, 323.24,  0.097, 349.27,  0.098, 344.69,  0.086, 347.25,  0.075, 335.49,  0.111, 294.95,-99.000, -99.00,-99.000, -99.00,-99.000, -99.00,-99.000, -99.00,
9/11/2006 18:55:00, 10.8,276.0,  1.2,  3.0, 18.714, 29.42,  0.0,  0.0,  0.066,  28.12,  0.168, 351.77,  0.093, 325.11,  0.142, 346.55,  0.100, 347.91,  0.046, 356.27,  0.149, 349.14,  0.090,  29.98,  0.157, 323.57,  0.142, 326.20,  0.074, 313.90,  0.123, 264.89,  0.020, 194.74,  0.094, 308.95,  0.105, 324.65,  0.085, 313.09,-99.000, -99.00,-99.000, -99.00,-99.000, -99.00,-99.000, -99.00,
9/11/2006 19:00:00, 10.8,276.1,  1.2,  2.9, 18.710, 29.42,  0.0,  0.0,  0.128,  19.56,  0.082, 331.56,  0.067,  27.72,  0.051,  45.00,  0.036, 322.82,  0.091, 281.43,  0.087, 356.71,  0.091, 355.60,  0.045, 358.73,  0.040, 321.12,  0.161, 308.94,  0.108, 318.37,  0.092, 289.61,  0.131, 310.03,  0.101, 356.04,  0.144,  18.69,-99.000, -99.00,-99.000, -99.00,-99.000, -99.00,-99.000, -99.00,
9/11/2006 19:05:00, 10.8,276.0,  1.2,  3.0, 18.710, 29.43,  0.0,  0.0,  0.148,   5.44,  0.068, 345.56,  0.172,   9.02,  0.069, 318.50,  0.068, 354.12,  0.123, 345.85,  0.131, 345.43,  0.144,  19.44,  0.075,  28.61,  0.055,  13.78,  0.081, 302.91,  0.045, 336.30,  0.068,   0.00,  0.073, 295.16,  0.103, 297.06,  0.083, 294.10,-99.000, -99.00,-99.000, -99.00,-99.000, -99.00,-99.000, -99.00,
9/11/2006 19:10:00, 10.8,276.0,  1.2,  3.0, 18.705, 29.43,  0.0,  0.0,  0.098, 322.43,  0.076, 339.18,  0.064, 321.34,  0.063,  52.77,  0.015, 301.61,  0.114,  31.31,  0.015, 101.31,  0.047, 227.56,  0.046, 327.34,  0.050, 199.89,  0.018,  63.43,  0.020, 107.53,  0.029, 342.18,  0.121, 278.06,  0.109, 254.56,  0.057, 267.99,-99.000, -99.00,-99.000, -99.00,-99.000, -99.00,-99.000, -99.00,
9/11/2006 19:15:00, 10.8,276.0,  1.2,  3.0, 18.716, 29.43,  0.0,  0.0,  0.097, 349.96,  0.120,  19.49,  0.178, 352.91,  0.099,  30.17,  0.048, 343.07,  0.066, 333.82,  0.111, 303.26,  0.023, 115.46,  0.094, 267.56,  0.046, 290.41,  0.037, 284.04,  0.045, 138.58,  0.063,  85.46,  0.026, 259.11,  0.052,  90.00,  0.061, 285.17,-99.000, -99.00,-99.000, -99.00,-99.000, -99.00,-99.000, -99.00,
9/11/2006 19:20:00, 10.8,276.0,  1.2,  3.0, 18.728, 29.44,  0.0,  0.0,  0.192, 345.24,  0.072, 319.48,  0.141,   2.03,  0.157, 334.41,  0.178, 338.92,  0.052, 329.04,  0.144, 342.57,  0.131, 324.61,  0.077, 337.09,  0.071, 354.37,  0.058, 298.77,  0.102, 358.88,  0.115, 356.02,  0.123, 334.90,  0.042, 351.87,  0.079, 328.91,-99.000, -99.00,-99.000, -99.00,-99.000, -99.00,-99.000, -99.00,
9/11/2006 19:25:00, 10.8,275.9,  1.2,  3.0, 18.715, 29.44,  0.0,  0.0,  0.157,   3.28,  0.018, 317.29,  0.023, 244.54,  0.075, 354.67,  0.041,  22.83,  0.076,   0.75,  0.095, 342.90,  0.046,  72.35,  0.067, 331.53,  0.083,  45.00,  0.100,   1.15,  0.069, 343.94,  0.068, 336.47,  0.024, 267.61,  0.022,   5.19,  0.035, 309.17,-99.000, -99.00,-99.000, -99.00,-99.000, -99.00,-99.000, -99.00,
9/11/2006 19:30:00, 10.8,276.0,  1.2,  3.0, 18.719, 29.45,  0.0,  0.0,  0.102, 353.78,  0.127, 342.57,  0.087, 348.04,  0.075,  57.99,  0.089,  21.08,  0.033, 257.66,  0.028, 171.87,  0.036, 270.00,  0.094, 228.01,  0.090, 305.98,  0.086, 274.65,  0.080, 269.28,  0.064, 288.15,  0.041, 198.43,  0.108, 299.88,  0.112, 293.60,-99.000, -99.00,-99.000, -99.00,-99.000, -99.00,-99.000, -99.00,
9/11/2006 19:35:00, 10.8,276.0,  1.2,  3.0, 18.715, 29.45,  0.0,  0.0,  0.092, 270.00,  0.077, 319.24,  0.004, 123.69,  0.101, 299.60,  0.053, 250.20,  0.020, 159.78,  0.077, 114.57,  0.039,  91.47,  0.072,  19.44,  0.101, 338.51,  0.054, 104.04,  0.062,   0.00,  0.034, 335.70,  0.044,   3.90,  0.171, 312.16,  0.043, 284.68,-99.000, -99.00,-99.000, -99.00,-99.000, -99.00,-99.000, -99.00,
9/11/2006 19:40:00, 10.8,276.0,  1.2,  3.0, 18.725, 29.45,  0.0,  0.0,  0.124,  64.68,  0.039, 169.56,  0.129, 321.27,  0.087,   0.66,  0.108, 218.99,  0.039, 311.88,  0.086, 289.70,  0.060, 248.55,  0.056, 162.22,  0.056, 291.04,  0.088, 307.13,  0.055, 346.22,  0.085, 302.01,  0.066, 315.00,  0.059, 317.73,  0.135,   9.39,-99.000, -99.00,-99.000, -99.00,-99.000, -99.00,-99.000, -99.00,
9/11/2006 19:45:00, 10.8,276.0,  1.2,  3.0, 18.727, 29.45,  0.0,  0.0,  0.057,  27.01,  0.069,   8.37,  0.020,   2.86,  0.130, 308.45,  0.036, 262.09,  0.091,  80.54,  0.058, 319.18,  0.027, 298.44,  0.025, 143.13,  0.113, 272.53,  0.056, 285.52,  0.084, 233.27,  0.128, 296.97,  0.108, 300.14,  0.057, 242.99,  0.100, 324.73,-99.000, -99.00,-99.000, -99.00,-99.000, -99.00,-99.000, -99.00,
9/11/2006 19:50:00, 10.8,276.0,  1.2,  3.0, 18.751, 29.46,  0.0,  0.0,  0.087, 338.44,  0.011,  45.00,  0.034, 120.38,  0.033, 275.19,  0.036, 121.50,  0.031, 299.05,  0.069, 298.41,  0.086,   0.00,  0.072, 330.95,  0.168, 285.85,  0.074, 262.97,  0.012, 270.00,  0.069, 221.50,  0.083, 208.11,  0.041, 120.96,  0.083,  70.91,-99.000, -99.00,-99.000, -99.00,-99.000, -99.00,-99.000, -99.00,
9/11/2006 19:55:00, 10.8,276.0,  1.2,  3.0, 18.735, 29.46,  0.0,  0.0,  0.073, 332.39,  0.053,  16.39,  0.080, 264.29,  0.091, 341.37,  0.051, 208.07,  0.095, 216.03,  0.053, 328.11,  0.094, 301.49,  0.069, 291.34,  0.070, 253.38,  0.120, 289.49,  0.046, 277.43,  0.094, 291.91,  0.113, 341.89,  0.074, 327.17,  0.032, 341.57,-99.000, -99.00,-99.000, -99.00,-99.000, -99.00,-99.000, -99.00,
9/11/2006 20:00:00, 10.8,276.0,  1.2,  3.0, 18.746, 29.46,  0.0,  0.0,  0.027, 259.51,  0.056, 335.73,  0.046,  71.18,  0.067, 318.01,  0.059,  83.23,  0.044,  15.95,  0.045, 229.54,  0.086, 307.93,  0.066, 275.19,  0.061, 172.41,  0.027, 270.00,  0.013,  67.38,  0.030, 242.59,  0.019, 344.48,  0.066,   7.88,  0.020,  11.31,-99.000, -99.00,-99.000, -99.00,-99.000, -99.00,-99.000, -99.00,
9/11/2006 20:05:00, 10.8,276.0,  1.2,  3.0, 18.755, 29.47,  0.0,  0.0,  0.031, 206.57,  0.033, 133.78,  0.057, 204.78,  0.043, 347.91,  0.030, 115.71,  0.076, 177.74,  0.043, 253.69,  0.068, 298.81,  0.035, 315.00,  0.063, 246.68,  0.059, 232.55,  0.024, 189.46,  0.004, 270.00,  0.094, 294.39,  0.048, 339.30,  0.060, 353.35,-99.000, -99.00,-99.000, -99.00,-99.000, -99.00,-99.000, -99.00,
9/11/2006 20:10:00, 10.8,276.0,  1.2,  3.0, 18.762, 29.47,  0.0,  0.0,  0.104, 203.85,  0.098, 306.29,  0.096, 317.97,  0.105, 299.00,  0.104,  16.17,  0.041, 214.08,  0.074, 259.14,  0.024,  34.99,  0.097, 338.75,  0.041, 347.32,  0.113, 307.07,  0.032, 198.43,  0.043, 310.31,  0.042,  46.91,  0.030, 254.58,  0.056,  22.93,-99.000, -99.00,-99.000, -99.00,-99.000, -99.00,-99.000, -99.00,
9/11/2006 20:15:00, 10.8,276.0,  1.2,  3.0, 18.765, 29.47,  0.0,  0.0,  0.110, 309.47,  0.115, 243.66,  0.046, 307.12,  0.056, 264.90,  0.074, 305.63,  0.155, 319.96,  0.024, 345.38,  0.131, 282.77,  0.074, 344.27,  0.020, 336.04,  0.062, 215.75,  0.052, 322.03,  0.052, 283.24,  0.043, 193.39,  0.016, 201.80,  0.051,  23.05,-99.000, -99.00,-99.000, -99.00,-99.000, -99.00,-99.000, -99.00,
9/11/2006 20:20:00, 10.8,276.1,  1.2,  3.0, 18.754, 29.47,  0.0,  0.0,  0.030, 271.91,  0.063, 297.38,  0.073, 322.19,  0.055, 303.11,  0.088, 328.48,  0.011, 259.70,  0.051, 169.80,  0.059,  77.37,  0.024, 233.62,  0.094, 324.11,  0.091, 305.61,  0.086, 268.67,  0.075, 243.09,  0.017, 125.54,  0.069,  86.68,  0.028,  64.36,-99.000, -99.00,-99.000, -99.00,-99.000, -99.00,-99.000, -99.00,
9/11/2006 20:25:00, 10.8,276.0,  1.2,  2.9, 18.763, 29.48,  0.0,  0.0,  0.041, 320.91,  0.042,  90.00,  0.032, 318.81,  0.088, 152.27,  0.054,   5.29,  0.098, 315.00,  0.104, 279.37,  0.049, 271.17,  0.054, 323.34,  0.127, 298.18,  0.099, 340.46,  0.043, 305.54,  0.071, 293.30,  0.084, 326.69,  0.020, 275.71,  0.066, 338.52,-99.000, -99.00,-99.000, -99.00,-99.000, -99.00,-99.000, -99.00,
9/11/2006 20:30:00, 10.8,276.0,  1.2,  3.0, 18.771, 29.48,  0.0,  0.0,  0.168, 315.96,  0.020, 296.57,  0.014, 184.09,  0.057, 139.29,  0.033,  43.78,  0.047, 273.65,  0.070, 269.18,  0.075, 323.13,  0.059, 340.02,  0.105, 296.08,  0.054, 299.88,  0.070, 250.79,  0.063, 337.52,  0.066,   9.61,  0.043,  51.55,  0.068, 132.61,-99.000, -99.00,-99.000, -99.00,-99.000, -99.00,-99.000, -99.00,
9/11/2006 20:35:00, 10.8,276.0,  1.2,  3.0, 18.776, 29.48,  0.0,  0.0,  0.071, 349.48,  0.051, 220.24,  0.032, 354.64,  0.015,  19.65,  0.129, 301.72,  0.146, 309.15,  0.119, 298.07,  0.028, 317.86,  0.165, 277.64,  0.064,   9.02,  0.072, 301.92,  0.047, 297.65,  0.048, 189.66,  0.027, 164.93,  0.051,  93.37,  0.035, 139.57,-99.000, -99.00,-99.000, -99.00,-99.000, -99.00,-99.000, -99.00,
9/11/2006 20:40:00, 10.8,275.9,  1.2,  3.0, 18.776, 29.48,  0.0,  0.0,  0.086,  37.41,  0.094, 317.15,  0.076,  99.09,  0.032,  48.81,  0.063,   0.91,  0.139, 324.37,  0.167, 295.49,  0.053, 312.71,  0.058, 231.34,  0.081, 293.39,  0.058, 277.99,  0.032, 228.81,  0.043, 356.01,  0.034, 275.04,  0.068, 115.43,  0.042, 245.90,-99.000, -99.00,-99.000, -99.00,-99.000, -99.00,-99.000, -99.00,
9/11/2006 20:45:00, 10.8,276.0,  1.2,  3.0, 18.785, 29.48,  0.0,  0.0,  0.076, 339.18,  0.043,  93.99,  0.029, 356.05,  0.041, 252.90,  0.122, 227.66,  0.064, 275.36,  0.095, 291.69,  0.053, 355.68,  0.104, 334.92,  0.165, 332.50,  0.105, 313.85,  0.094, 281.67,  0.095, 308.19,  0.118, 297.87,  0.150, 263.49,  0.038, 294.57,-99.000, -99.00,-99.000, -99.00,-99.000, -99.00,-99.000, -99.00,
9/11/2006 20:50:00, 10.8,276.0,  1.2,  3.0, 18.785, 29.48,  0.0,  0.0,  0.069, 268.34,  0.023, 289.98,  0.044, 279.25,  0.152, 356.61,  0.067, 349.70,  0.082, 309.54,  0.136, 309.64,  0.088, 245.77,  0.027, 272.12,  0.128, 292.96,  0.095, 303.02,  0.060, 319.71,  0.070, 343.38,  0.061, 325.01,  0.086, 293.29,  0.057, 332.99,-99.000, -99.00,-99.000, -99.00,-99.000, -99.00,-99.000, -99.00,
9/11/2006 20:55:00, 10.8,276.0,  1.2,  2.9, 18.786, 29.48,  0.0,  0.0,  0.069, 263.39,  0.077, 337.09,  0.083, 294.10,  0.039, 351.25,  0.076, 263.16,  0.031,  11.31,  0.066, 298.12,  0.091, 296.00,  0.025, 357.71,  0.057, 314.29,  0.107, 309.33,  0.124, 310.75,  0.105, 328.28,  0.120, 353.77,  0.130, 345.32,  0.111, 346.97,-99.000, -99.00,-99.000, -99.00,-99.000, -99.00,-99.000, -99.00,
9/11/2006 21:00:00, 10.8,276.1,  1.2,  3.0, 18.803, 29.48,  0.0,  0.0,  0.017, 210.96,  0.074, 342.78,  0.037, 345.96,  0.072, 331.65,  0.040, 282.99,  0.080, 335.67,  0.020,  66.04,  0.070, 302.78,  0.121, 315.34,  0.070, 275.71,  0.068, 343.71,  0.139, 307.69,  0.127, 301.43,  0.050, 300.17,  0.113, 306.36,  0.039,  23.96,-99.000, -99.00,-99.000, -99.00,-99.000, -99.00,-99.000, -99.00,
9/11/2006 21:05:00, 10.8,276.0,  1.2,  3.0, 18.804, 29.48,  0.0,  0.0,  0.173, 317.35,  0.084, 342.00,  0.043, 300.74,  0.094, 336.16,  0.019, 126.25,  0.093, 322.39,  0.058,   8.97,  0.080, 292.73,  0.102, 286.48,  0.030, 226.33,  0.074, 287.22,  0.168, 310.42,  0.143, 292.99,  0.087, 300.40,  0.042, 338.96,  0.041,   8.33,-99.000, -99.00,-99.000, -99.00,-99.000, -99.00,-99.000, -99.00,
9/11/2006 21:10:00, 10.8,276.0,  1.2,  3.0, 18.808, 29.48,  0.0,  0.0,  0.067,   0.00,  0.100, 312.58,  0.070, 268.36,  0.097, 293.66,  0.083, 266.55,  0.057, 280.12,  0.183, 318.11,  0.116, 285.00,  0.027, 328.67,  0.143, 298.00,  0.140, 304.49,  0.060, 330.02,  0.093, 304.89,  0.131, 345.86,  0.081,  37.44,  0.034, 315.00,-99.000, -99.00,-99.000, -99.00,-99.000, -99.00,-99.000, -99.00,
9/11/2006 21:15:00, 10.8,276.0,  1.2,  3.0, 18.807, 29.48,  0.0,  0.0,  0.028, 157.07,  0.047, 170.13,  0.039, 280.44,  0.117, 275.42,  0.199, 316.62,  0.102, 324.14,  0.102, 259.24,  0.111, 301.41,  0.112, 285.52,  0.098, 333.96,  0.121, 313.99,  0.088, 316.85,  0.108, 321.75,  0.024, 340.82,  0.061, 295.30,  0.075, 246.50,-99.000, -99.00,-99.000, -99.00,-99.000, -99.00,-99.000, -99.00,
9/11/2006 21:20:00, 10.8,276.0,  1.2,  3.0, 18.827, 29.48,  0.0,  0.0,  0.087,  16.76,  0.121, 286.34,  0.037, 235.01,  0.116, 307.27,  0.078, 284.04,  0.128, 258.78,  0.042, 342.00,  0.082, 271.40,  0.114, 301.74,  0.054, 290.43,  0.017, 298.07,  0.030, 195.42,  0.048, 324.32,  0.027, 287.10,  0.072, 295.50,  0.056, 258.69,-99.000, -99.00,-99.000, -99.00,-99.000, -99.00,-99.000, -99.00,
9/11/2006 21:25:00, 10.8,276.1,  1.2,  3.0, 18.833, 29.48,  0.0,  0.0,  0.078, 322.25,  0.086, 315.47,  0.076, 276.84,  0.112, 211.84,  0.073, 277.13,  0.064, 265.53,  0.138, 211.39,  0.027, 233.97,  0.046,  23.20,  0.074, 317.73,  0.149, 299.32,  0.074, 344.27,  0.137, 345.66,  0.067,   4.27,  0.131, 347.23,  0.053,  61.99,-99.000, -99.00,-99.000, -99.00,-99.000, -99.00,-99.000, -99.00,
9/11/2006 21:30:00, 10.8,276.0,  1.2,  3.0, 18.839, 29.48,  0.0,  0.0,  0.069, 233.79,  0.061, 338.03,  0.043, 270.00,  0.066, 341.57,  0.116, 316.40,  0.052, 304.90,  0.113, 335.93,  0.058, 295.68,  0.035, 332.70,  0.109, 333.90,  0.018, 257.47,  0.052, 255.43,  0.083, 270.69,  0.060, 344.58,  0.073, 340.82,  0.014, 323.97,-99.000, -99.00,-99.000, -99.00,-99.000, -99.00,-99.000, -99.00,
9/11/2006 21:35:00, 10.8,276.0,  1.2,  3.0, 18.854, 29.48,  0.0,  0.0,  0.045, 275.08,  0.027, 301.33,  0.113, 245.47,  0.116, 281.41,  0.102, 256.92,  0.099, 289.54,  0.109, 269.47,  0.090, 285.42,  0.077, 287.27,  0.081, 324.54,  0.022,  15.95,  0.067, 312.56,  0.020, 327.09,  0.028, 120.26,  0.038, 353.99,  0.017, 356.63,-99.000, -99.00,-99.000, -99.00,-99.000, -99.00,-99.000, -99.00,
9/11/2006 21:40:00, 10.8,276.0,  1.2,  2.9, 18.847, 29.48,  0.0,  0.0,  0.112, 281.31,  0.076, 270.00,  0.108, 247.71,  0.099, 263.60,  0.083,   7.64,  0.054, 349.32,  0.071, 333.07,  0.117, 266.58,  0.052, 256.76,  0.135, 315.90,  0.179, 348.38,  0.106, 355.68,  0.090, 343.18,  0.092, 352.49,  0.056,  23.33,  0.016, 273.58,-99.000, -99.00,-99.000, -99.00,-99.000, -99.00,-99.000, -99.00,
9/11/2006 21:45:00, 10.8,276.0,  1.2,  3.0, 18.847, 29.48,  0.0,  0.0,  0.072, 274.76,  0.039,  90.00,  0.045, 260.96,  0.103, 258.80,  0.052, 304.90,  0.086, 342.41,  0.109, 312.77,  0.064, 339.86,  0.067, 333.43,  0.151, 319.56,  0.145, 324.55,  0.124,   0.00,  0.151, 313.12,  0.072,   3.97,  0.041,   0.00,  0.091, 301.07,-99.000, -99.00,-99.000, -99.00,-99.000, -99.00,-99.000, -99.00,
9/11/2006 21:50:00, 10.8,276.0,  1.2,  3.0, 18.862, 29.48,  0.0,  0.0,  0.032,  91.79,  0.068, 240.78,  0.087, 252.61,  0.130, 294.59,  0.120, 315.00,  0.093, 305.39,  0.075, 315.00,  0.061, 296.15,  0.038, 334.80,  0.048, 339.30,  0.102, 269.44,  0.091, 289.23,  0.090, 276.41,  0.035, 251.57,  0.045, 357.46,  0.055, 117.03,-99.000, -99.00,-99.000, -99.00,-99.000, -99.00,-99.000, -99.00,
9/11/2006 21:55:00, 10.8,276.0,  1.2,  3.0, 18.856, 29.48,  0.0,  0.0,  0.059, 316.36,  0.124, 255.96,  0.101, 354.35,  0.050,  43.36,  0.052, 331.48,  0.032, 277.13,  0.047, 225.00,  0.018, 270.00,  0.097,  11.89,  0.057, 333.89,  0.063, 331.39,  0.055, 341.90,  0.062, 358.15,  0.030, 334.29,  0.036,  20.92,  0.049,  22.89,-99.000, -99.00,-99.000, -99.00,-99.000, -99.00,-99.000, -99.00,
9/11/2006 22:00:00, 10.8,276.0,  1.2,  3.0, 18.851, 29.47,  0.0,  0.0,  0.088, 260.86,  0.068, 307.21,  0.092, 289.03,  0.111, 263.77,  0.044, 283.09,  0.133, 292.12,  0.151, 309.37,  0.107, 281.83,  0.095, 303.02,  0.094, 264.53,  0.101, 323.47,  0.116, 340.94,  0.059, 311.55,  0.051, 297.07,  0.121, 290.83,  0.032, 354.64,-99.000, -99.00,-99.000, -99.00,-99.000, -99.00,-99.000, -99.00,
9/11/2006 22:05:00, 10.8,276.0,  1.2,  3.0, 18.856, 29.47,  0.0,  0.0,  0.078, 235.49,  0.043, 315.94,  0.170, 297.62,  0.137, 325.38,  0.132, 302.01,  0.141, 328.34,  0.117, 316.04,  0.041, 322.00,  0.061, 317.66,  0.079, 273.62,  0.012,  75.96,  0.038, 322.52,  0.067, 233.47,  0.039, 104.74,  0.042, 282.38,  0.023, 311.42,-99.000, -99.00,-99.000, -99.00,-99.000, -99.00,-99.000, -99.00,
9/11/2006 22:10:00, 10.8,276.0,  1.2,  3.0, 18.855, 29.47,  0.0,  0.0,  0.106, 271.62,  0.109, 266.85,  0.082, 271.40,  0.072, 301.92,  0.062, 340.10,  0.099, 283.47,  0.076, 307.48,  0.144, 304.24,  0.027,   2.12,  0.049, 241.86,  0.074, 253.52,  0.036, 301.50,  0.036, 213.69,  0.055, 228.72,  0.021, 349.22,  0.030, 315.00,-99.000, -99.00,-99.000, -99.00,-99.000, -99.00,-99.000, -99.00,
9/11/2006 22:15:00, 10.8,276.0,  1.2,  3.0, 18.859, 29.47,  0.0,  0.0,  0.109, 347.87,  0.087, 245.50,  0.071, 305.26,  0.015, 356.19,  0.031,  45.00,  0.127, 313.73,  0.068, 307.21,  0.054, 333.43,  0.019,  86.99,  0.040, 236.31,  0.057, 337.46,  0.063, 272.73,  0.100, 292.97,  0.062, 315.66,  0.030, 336.04,  0.041, 263.05,-99.000, -99.00,-99.000, -99.00,-99.000, -99.00,-99.000, -99.00,
9/11/2006 22:20:00, 10.8,276.0,  1.2,  2.9, 18.858, 29.46,  0.0,  0.0,  0.081, 277.13,  0.091, 305.61,  0.078, 273.67,  0.149, 307.10,  0.074, 292.38,  0.106, 285.87,  0.070, 275.71,  0.029, 310.82,  0.093, 312.81,  0.154, 308.66,  0.068, 298.07,  0.045, 209.43,  0.083, 248.71,  0.064, 309.92,  0.049, 315.00,  0.069, 257.38,-99.000, -99.00,-99.000, -99.00,-99.000, -99.00,-99.000, -99.00,
9/11/2006 22:25:00, 10.8,276.0,  1.2,  3.0, 18.868, 29.46,  0.0,  0.0,  0.072, 254.60,  0.016, 225.00,  0.072, 298.35,  0.037, 284.04,  0.105, 297.30,  0.084, 290.16,  0.059, 260.22,  0.038, 352.50,  0.053, 230.33,  0.023, 205.46,  0.089, 279.67,  0.041, 136.97,  0.071, 328.76,  0.041, 251.57,  0.099, 258.35,  0.074, 293.10,-99.000, -99.00,-99.000, -99.00,-99.000, -99.00,-99.000, -99.00,
9/11/2006 22:30:00, 10.8,275.9,  1.2,  3.0, 18.865, 29.46,  0.0,  0.0,  0.099, 306.75,  0.042, 283.71,  0.118, 309.49,  0.040, 271.43,  0.129, 307.14,  0.051, 310.24,  0.038, 335.43,  0.034, 234.46,  0.052, 322.03,  0.097, 297.62,  0.117, 291.53,  0.089, 238.27,  0.105, 238.28,  0.080, 304.29,  0.087, 332.55,  0.035,  45.00,-99.000, -99.00,-99.000, -99.00,-99.000, -99.00,-99.000, -99.00,
9/11/2006 22:35:00, 10.8,276.0,  1.2,  2.9, 18.870, 29.46,  0.0,  0.0,  0.102, 270.00,  0.083, 260.99,  0.140, 299.13,  0.147, 279.40,  0.199, 273.16,  0.140, 289.98,  0.079, 272.90,  0.093, 292.71,  0.099, 302.25,  0.206, 291.96,  0.128, 270.45,  0.108, 282.24,  0.115, 324.93,  0.125, 311.75,  0.070, 288.43,  0.044, 194.35,-99.000, -99.00,-99.000, -99.00,-99.000, -99.00,-99.000, -99.00,
9/11/2006 22:40:00, 10.8,276.0,  1.2,  3.0, 18.886, 29.46,  0.0,  0.0,  0.057, 239.38,  0.087, 264.09,  0.008,  14.04,  0.099, 274.04,  0.117, 247.83,  0.092, 297.12,  0.054, 312.77,  0.061, 312.34,  0.103, 324.92,  0.080, 271.43,  0.095, 340.22,  0.208, 305.22,  0.052, 318.09,  0.126, 295.95,  0.104, 304.00,  0.045, 264.92,-99.000, -99.00,-99.000, -99.00,-99.000, -99.00,-99.000, -99.00,
9/11/2006 22:45:00, 10.8,276.0,  1.2,  3.0, 18.885, 29.46,  0.0,  0.0,  0.095, 338.31,  0.115, 222.88,  0.122, 296.77,  0.114, 269.50,  0.023, 221.42,  0.094, 329.88,  0.106, 317.29,  0.060, 233.13,  0.079, 315.00,  0.084, 320.81,  0.142, 276.47,  0.111, 296.10,  0.032, 321.34,  0.078, 304.09,  0.108, 339.88,  0.070,   3.27,-99.000, -99.00,-99.000, -99.00,-99.000, -99.00,-99.000, -99.00,
9/11/2006 22:50:00, 10.8,276.0,  1.2,  3.0, 18.891, 29.46,  0.0,  0.0,  0.049, 225.00,  0.143, 294.78,  0.104, 268.35,  0.144, 291.58,  0.079, 291.40,  0.144, 266.03,  0.047, 357.56,  0.050,  34.33,  0.020, 329.53,  0.046, 322.88,  0.054, 282.76,  0.109, 300.33,  0.098, 325.01,  0.113, 310.33,  0.055, 292.38,  0.070, 343.38,-99.000, -99.00,-99.000, -99.00,-99.000, -99.00,-99.000, -99.00,
9/11/2006 22:55:00, 10.8,275.9,  1.2,  2.9, 18.892, 29.46,  0.0,  0.0,  0.165, 341.67,  0.066, 335.77,  0.132, 243.43,  0.112, 225.73,  0.115, 284.64,  0.109, 316.49,  0.144, 315.00,  0.180, 304.13,  0.134, 301.55,  0.177, 284.04,  0.147, 284.98,  0.127, 273.60,  0.154, 323.43,  0.119, 323.90,  0.114, 313.22,  0.019, 304.51,-99.000, -99.00,-99.000, -99.00,-99.000, -99.00,-99.000, -99.00,
9/11/2006 23:00:00, 10.8,276.0,  1.2,  2.9, 18.898, 29.46,  0.0,  0.0,  0.089, 304.05,  0.114, 280.62,  0.092, 242.04,  0.168, 299.15,  0.065, 347.47,  0.077, 291.25,  0.113, 311.76,  0.153, 288.32,  0.095, 284.62,  0.132, 304.17,  0.102, 298.84,  0.056, 347.69,  0.044, 332.85,  0.059, 331.70,  0.138, 321.47,  0.046, 308.85,-99.000, -99.00,-99.000, -99.00,-99.000, -99.00,-99.000, -99.00,
9/11/2006 23:05:00, 10.8,275.9,  1.2,  2.9, 18.899, 29.46,  0.0,  0.0,  0.155, 308.72,  0.168, 272.39,  0.093, 274.92,  0.114, 301.05,  0.079, 261.25,  0.115, 283.07,  0.105, 337.59,  0.212, 296.08,  0.146, 284.70,  0.165, 290.96,  0.132, 280.03,  0.140, 299.13,  0.119, 320.44,  0.099, 338.63,  0.106, 307.73,  0.048, 291.80,-99.000, -99.00,-99.000, -99.00,-99.000, -99.00,-99.000, -99.00,
9/11/2006 23:10:00, 10.8,275.9,  1.2,  3.0, 18.896, 29.46,  0.0,  0.0,  0.109, 312.03,  0.236, 274.38,  0.173, 280.33,  0.108, 280.68,  0.110, 288.60,  0.175, 272.29,  0.131, 291.48,  0.209, 270.00,  0.074, 270.77,  0.184, 295.73,  0.118, 319.13,  0.094, 318.01,  0.099, 333.69,  0.118, 322.25,  0.120, 341.11,  0.062, 310.40,-99.000, -99.00,-99.000, -99.00,-99.000, -99.00,-99.000, -99.00,
9/11/2006 23:15:00, 10.8,276.0,  1.2,  3.0, 18.905, 29.45,  0.0,  0.0,  0.119, 321.49,  0.148, 250.22,  0.137, 312.33,  0.192, 312.25,  0.162, 261.82,  0.147, 246.75,  0.135, 279.39,  0.134, 279.46,  0.115, 304.38,  0.085, 272.69,  0.143, 274.00,  0.125, 279.24,  0.158, 283.16,  0.078, 293.29,  0.103, 325.23,  0.034,   3.37,-99.000, -99.00,-99.000, -99.00,-99.000, -99.00,-99.000, -99.00,
9/11/2006 23:20:00, 10.7,276.0,  1.2,  3.0, 18.897, 29.45,  0.0,  0.0,  0.192, 283.24,  0.187, 289.70,  0.185, 276.20,  0.144, 278.81,  0.121, 283.92,  0.144, 296.03,  0.142, 284.72,  0.169, 283.71,  0.166, 259.91,  0.171, 268.99,  0.154, 295.40,  0.133, 318.04,  0.170, 329.21,  0.145, 327.41,  0.152, 316.86,  0.067, 288.17,-99.000, -99.00,-99.000, -99.00,-99.000, -99.00,-99.000, -99.00,
9/11/2006 23:25:00, 10.7,276.0,  1.2,  2.9, 18.898, 29.45,  0.0,  0.0,  0.202, 271.98,  0.134, 268.72,  0.084, 318.37,  0.124, 311.40,  0.154, 284.31,  0.182, 265.26,  0.122, 289.18,  0.110, 288.60,  0.163, 293.89,  0.180, 293.57,  0.159, 289.80,  0.210, 307.47,  0.170, 298.83,  0.176, 298.17,  0.104, 339.12,  0.076,  19.15,-99.000, -99.00,-99.000, -99.00,-99.000, -99.00,-99.000, -99.00,
9/11/2006 23:30:00, 10.7,276.0,  1.2,  3.0, 18.894, 29.45,  0.0,  0.0,  0.176, 293.50,  0.199, 281.03,  0.206, 291.60,  0.187, 271.53,  0.217, 291.02,  0.175, 289.06,  0.213, 290.90,  0.162, 245.18,  0.140, 289.98,  0.141, 326.87,  0.154, 294.57,  0.218, 299.03,  0.138, 318.81,  0.127, 288.86,  0.122, 284.72,  0.035, 329.04,-99.000, -99.00,-99.000, -99.00,-99.000, -99.00,-99.000, -99.00,
9/11/2006 23:35:00, 10.7,276.0,  1.2,  3.0, 18.888, 29.44,  0.0,  0.0,  0.170, 310.45,  0.128, 294.37,  0.166, 245.76,  0.119, 259.82,  0.176, 231.44,  0.168, 262.83,  0.196, 258.52,  0.169, 261.15,  0.127, 277.24,  0.145, 291.07,  0.136, 290.70,  0.118, 310.55,  0.140, 305.39,  0.157, 311.91,  0.139, 308.85,  0.090, 282.80,-99.000, -99.00,-99.000, -99.00,-99.000, -99.00,-99.000, -99.00,
9/11/2006 23:40:00, 10.7,276.0,  1.2,  3.0, 18.879, 29.44,  0.0,  0.0,  0.180, 270.95,  0.192, 263.73,  0.199, 278.66,  0.164, 254.78,  0.177, 294.39,  0.145, 284.42,  0.158, 309.62,  0.180, 290.15,  0.197, 270.58,  0.174, 278.60,  0.224, 280.01,  0.210, 301.57,  0.133, 283.51,  0.088, 270.00,  0.155, 271.48,  0.068, 238.17,-99.000, -99.00,-99.000, -99.00,-99.000, -99.00,-99.000, -99.00,
9/11/2006 23:45:00, 10.7,276.0,  1.2,  2.9, 18.881, 29.44,  0.0,  0.0,  0.137, 255.66,  0.249, 291.20,  0.266, 287.75,  0.145, 286.05,  0.270, 277.23,  0.182, 297.13,  0.160, 292.87,  0.219, 278.65,  0.151, 320.39,  0.106, 324.96,  0.130, 277.07,  0.208, 299.40,  0.132, 313.77,  0.168, 324.70,  0.137, 293.75,  0.037,  59.30,-99.000, -99.00,-99.000, -99.00,-99.000, -99.00,-99.000, -99.00,
9/11/2006 23:50:00, 10.7,276.0,  1.2,  2.9, 18.882, 29.44,  0.0,  0.0,  0.148, 274.25,  0.190, 289.01,  0.159, 271.80,  0.136, 284.04,  0.139, 269.18,  0.179, 284.89,  0.173, 281.70,  0.093, 288.24,  0.162, 301.63,  0.176, 322.15,  0.089, 322.74,  0.112, 316.45,  0.078, 349.70,  0.033, 318.65,  0.121, 321.71,  0.074, 323.29,-99.000, -99.00,-99.000, -99.00,-99.000, -99.00,-99.000, -99.00,
9/11/2006 23:55:00, 10.7,275.9,  1.2,  3.0, 18.886, 29.43,  0.0,  0.0,  0.157, 296.08,  0.095, 311.58,  0.218, 292.68,  0.167, 296.26,  0.187, 270.61,  0.170, 309.76,  0.191, 308.43,  0.196, 305.23,  0.161, 334.70,  0.161, 313.74,  0.144, 314.44,  0.092, 306.62,  0.108, 330.12,  0.136, 307.21,  0.034, 323.47,  0.009, 130.60,-99.000, -99.00,-99.000, -99.00,-99.000, -99.00,-99.000, -99.00,
9/12/2006 00:00:00, 10.7,276.0,  1.2,  3.0, 18.883, 29.43,  0.0,  0.0,  0.079, 228.07,  0.100, 235.20,  0.093, 273.69,  0.117, 272.94,  0.108, 320.26,  0.148, 307.33,  0.109, 296.80,  0.142, 340.67,  0.169, 292.62,  0.156, 290.98,  0.120, 270.48,  0.105, 321.60,  0.115, 298.13,  0.092, 313.24,  0.061, 304.99,  0.132, 282.25,-99.000, -99.00,-99.000, -99.00,-99.000, -99.00,-99.000, -99.00,
9/12/2006 00:05:00, 10.7,275.9,  1.2,  3.0, 18.885, 29.43,  0.0,  0.0,  0.105, 337.59,  0.078, 300.20,  0.089, 336.89,  0.120, 323.13,  0.148, 277.36,  0.121, 235.12,  0.127, 291.30,  0.185, 278.70,  0.251, 309.51,  0.185, 290.59,  0.083, 309.63,  0.089, 325.95,  0.180, 316.35,  0.132, 337.31,  0.188, 330.03,  0.060, 286.34,-99.000, -99.00,-99.000, -99.00,-99.000, -99.00,-99.000, -99.00,
9/12/2006 00:10:00, 10.7,276.0,  1.2,  3.0, 18.881, 29.43,  0.0,  0.0,  0.144, 289.95,  0.144, 260.02,  0.194, 274.44,  0.208, 273.58,  0.167, 283.54,  0.163, 304.47,  0.258, 298.26,  0.184, 291.69,  0.150, 287.83,  0.073, 341.57,  0.038, 317.12,  0.190, 289.96,  0.045, 275.08,  0.064, 333.84,  0.119, 309.87,  0.046, 268.75,-99.000, -99.00,-99.000, -99.00,-99.000, -99.00,-99.000, -99.00,
9/12/2006 00:15:00, 10.7,276.0,  1.2,  2.9, 18.874, 29.43,  0.0,  0.0,  0.176, 327.30,  0.110, 281.51,  0.215, 280.73,  0.148, 253.52,  0.185, 292.95,  0.167, 293.65,  0.177, 262.19,  0.228, 297.47,  0.190, 284.62,  0.186, 306.93,  0.140, 321.98,  0.244, 311.67,  0.136, 347.70,  0.016, 158.20,  0.044, 329.93,  0.072, 336.28,-99.000, -99.00,-99.000, -99.00,-99.000, -99.00,-99.000, -99.00,
9/12/2006 00:20:00, 10.7,276.0,  1.2,  3.0, 18.875, 29.43,  0.0,  0.0,  0.162, 288.32,  0.151, 315.00,  0.075, 302.41,  0.158, 302.08,  0.149, 293.30,  0.123, 266.74,  0.173, 278.65,  0.190, 315.86,  0.155, 269.26,  0.157, 290.51,  0.189, 302.26,  0.148, 326.85,  0.181, 320.60,  0.059, 302.62,  0.058, 303.69,  0.027, 267.88,-99.000, -99.00,-99.000, -99.00,-99.000, -99.00,-99.000, -99.00,
9/12/2006 00:25:00, 10.7,276.0,  1.2,  3.0, 18.878, 29.43,  0.0,  0.0,  0.146, 304.12,  0.204, 312.61,  0.154, 317.37,  0.225, 312.84,  0.249, 299.66,  0.178, 293.83,  0.203, 290.75,  0.176, 303.15,  0.226, 304.74,  0.203, 308.00,  0.204, 305.64,  0.182, 314.56,  0.123, 302.01,  0.035, 298.74,  0.017,  79.99,  0.041, 252.90,-99.000, -99.00,-99.000, -99.00,-99.000, -99.00,-99.000, -99.00,
9/12/2006 00:30:00, 10.7,275.9,  1.2,  2.9, 18.868, 29.42,  0.0,  0.0,  0.195, 298.54,  0.213, 297.05,  0.239, 290.87,  0.070, 262.57,  0.193, 309.31,  0.226, 304.18,  0.155, 313.69,  0.141, 293.47,  0.233, 313.61,  0.247, 295.94,  0.204, 311.82,  0.084, 315.48,  0.107, 318.41,  0.086, 345.15,  0.134, 350.12,  0.105, 315.00,-99.000, -99.00,-99.000, -99.00,-99.000, -99.00,-99.000, -99.00,
9/12/2006 00:35:00, 10.7,276.0,  1.2,  3.0, 18.865, 29.42,  0.0,  0.0,  0.227, 298.93,  0.186, 280.22,  0.116, 270.99,  0.160, 281.52,  0.165, 282.26,  0.167, 312.57,  0.232, 293.91,  0.257, 291.97,  0.197, 315.21,  0.209, 291.65,  0.203, 282.53,  0.171, 296.42,  0.155, 304.51,  0.020, 185.71,  0.119, 291.18,  0.119, 295.48,-99.000, -99.00,-99.000, -99.00,-99.000, -99.00,-99.000, -99.00,
9/12/2006 00:40:00, 10.7,275.9,  1.2,  3.0, 18.865, 29.43,  0.0,  0.0,  0.143, 285.40,  0.187, 303.44,  0.110, 289.58,  0.199, 303.29,  0.187, 299.17,  0.207, 332.32,  0.221, 313.35,  0.177, 303.69,  0.165, 324.87,  0.204, 280.43,  0.121, 304.61,  0.116, 310.44,  0.057,  35.66,  0.059, 217.45,  0.066, 287.61,  0.064, 280.78,-99.000, -99.00,-99.000, -99.00,-99.000, -99.00,-99.000, -99.00,
9/12/2006 00:45:00, 10.7,276.0,  1.2,  3.0, 18.858, 29.43,  0.0,  0.0,  0.211, 316.34,  0.151, 309.90,  0.182, 311.22,  0.212, 295.36,  0.176, 288.85,  0.232, 282.42,  0.210, 282.91,  0.278, 292.87,  0.151, 306.11,  0.238, 287.14,  0.256, 300.27,  0.105, 294.13,  0.066, 283.19,  0.066,  30.07,  0.054, 299.88,  0.139, 287.13,-99.000, -99.00,-99.000, -99.00,-99.000, -99.00,-99.000, -99.00,
9/12/2006 00:50:00, 10.7,276.2,  1.2,  3.0, 18.857, 29.43,  0.0,  0.0,  0.197, 301.11,  0.222, 303.62,  0.194, 305.16,  0.290, 283.75,  0.238, 301.09,  0.276, 284.29,  0.177, 270.00,  0.125, 331.79,  0.198, 310.29,  0.180, 319.50,  0.171, 321.65,  0.188, 305.47,  0.143, 297.46,  0.046, 340.77,  0.028,  81.87,  0.050, 251.20,-99.000, -99.00,-99.000, -99.00,-99.000, -99.00,-99.000, -99.00,
9/12/2006 00:55:00, 10.7,276.1,  1.2,  2.9, 18.855, 29.43,  0.0,  0.0,  0.256, 304.81,  0.161, 302.31,  0.159, 293.34,  0.252, 322.58,  0.097, 274.13,  0.193, 278.05,  0.213, 301.38,  0.197, 299.42,  0.288, 297.55,  0.216, 300.60,  0.211, 285.42,  0.249, 274.61,  0.182, 269.06,  0.096, 234.32,  0.036, 255.58,  0.036, 285.95,-99.000, -99.00,-99.000, -99.00,-99.000, -99.00,-99.000, -99.00,
9/12/2006 01:00:00, 10.7,276.0,  1.2,  2.9, 18.842, 29.43,  0.0,  0.0,  0.248, 287.34,  0.150, 338.06,  0.186, 314.78,  0.196, 308.16,  0.195, 284.25,  0.285, 294.49,  0.246, 292.71,  0.203, 296.31,  0.168, 291.23,  0.202, 294.28,  0.083, 286.04,  0.094, 208.47,  0.007, 171.87,  0.039,  92.94,  0.072, 129.40,  0.096, 180.60,-99.000, -99.00,-99.000, -99.00,-99.000, -99.00,-99.000, -99.00,
9/12/2006 01:05:00, 10.7,275.9,  1.2,  2.9, 18.846, 29.43,  0.0,  0.0,  0.162, 272.83,  0.253, 294.24,  0.181, 319.71,  0.170, 288.54,  0.168, 295.04,  0.159, 301.40,  0.219, 307.39,  0.195, 311.88,  0.132, 295.59,  0.103, 307.87,  0.126, 313.07,  0.100, 299.39,  0.017, 270.00,  0.087, 140.11,  0.134, 100.30,  0.070,  38.02,-99.000, -99.00,-99.000, -99.00,-99.000, -99.00,-99.000, -99.00,
9/12/2006 01:10:00, 10.7,276.0,  1.2,  3.0, 18.837, 29.43,  0.0,  0.0,  0.224, 292.56,  0.193, 274.76,  0.198, 292.93,  0.162, 283.18,  0.230, 297.46,  0.220, 267.40,  0.221, 291.22,  0.236, 289.59,  0.263, 302.12,  0.207, 297.93,  0.189, 293.99,  0.219, 298.90,  0.158, 280.95,  0.052,  76.76,  0.067,  31.55,  0.068,  55.84,-99.000, -99.00,-99.000, -99.00,-99.000, -99.00,-99.000, -99.00,
9/12/2006 01:15:00, 10.7,275.9,  1.2,  3.0, 18.836, 29.43,  0.0,  0.0,  0.190, 284.62,  0.196, 285.38,  0.200, 258.19,  0.225, 266.19,  0.314, 295.42,  0.273, 290.36,  0.238, 281.88,  0.189, 296.70,  0.140, 275.34,  0.133, 301.18,  0.223, 256.27,  0.198, 278.13,  0.156, 306.94,  0.104, 273.30,  0.045, 186.34,  0.041, 197.10,-99.000, -99.00,-99.000, -99.00,-99.000, -99.00,-99.000, -99.00,
9/12/2006 01:20:00, 10.7,276.0,  1.2,  2.9, 18.831, 29.42,  0.0,  0.0,  0.281, 302.96,  0.244, 292.67,  0.273, 285.51,  0.210, 282.65,  0.274, 287.18,  0.242, 287.84,  0.193, 278.63,  0.294, 291.95,  0.136, 274.21,  0.249, 290.18,  0.247, 298.54,  0.082, 289.98,  0.059, 213.96,  0.033, 242.65,  0.020,  11.31,  0.010,  11.31,-99.000, -99.00,-99.000, -99.00,-99.000, -99.00,-99.000, -99.00,
9/12/2006 01:25:00, 10.7,276.0,  1.2,  3.0, 18.836, 29.42,  0.0,  0.0,  0.103, 305.54,  0.227, 293.86,  0.108, 288.27,  0.159, 297.69,  0.106, 288.09,  0.122, 289.62,  0.142, 270.00,  0.225, 279.96,  0.172, 255.88,  0.151, 264.67,  0.160, 268.93,  0.157, 243.43,  0.109, 276.34,  0.070, 268.36,  0.043, 279.46,  0.058, 296.57,-99.000, -99.00,-99.000, -99.00,-99.000, -99.00,-99.000, -99.00,
9/12/2006 01:30:00, 10.7,276.0,  1.2,  2.9, 18.827, 29.42,  0.0,  0.0,  0.197, 329.14,  0.175, 327.13,  0.190, 307.72,  0.205, 281.80,  0.152, 272.26,  0.153, 278.66,  0.119, 258.41,  0.170, 278.46,  0.271, 276.57,  0.277, 283.34,  0.256, 276.51,  0.200, 281.53,  0.179, 234.09,  0.087, 236.31,  0.061, 275.62,  0.063, 272.73,-99.000, -99.00,-99.000, -99.00,-99.000, -99.00,-99.000, -99.00,
9/12/2006 01:35:00, 10.7,276.1,  1.2,  2.9, 18.822, 29.42,  0.0,  0.0,  0.206, 341.92,  0.179, 330.57,  0.169, 310.67,  0.123, 344.38,  0.149, 334.12,  0.231, 284.28,  0.180, 294.58,  0.181, 305.10,  0.175, 311.06,  0.191, 299.52,  0.242, 274.27,  0.148, 273.87,  0.138, 279.60,  0.076, 169.43,  0.048, 180.00,  0.125, 247.94,-99.000, -99.00,-99.000, -99.00,-99.000, -99.00,-99.000, -99.00,
9/12/2006 01:40:00, 10.7,276.0,  1.2,  3.0, 18.818, 29.41,  0.0,  0.0,  0.137, 343.42,  0.218, 350.49,  0.207,   3.04,  0.077, 344.16,  0.116, 325.49,  0.213, 332.59,  0.177, 330.26,  0.225, 319.87,  0.164, 318.45,  0.149, 294.67,  0.238, 292.47,  0.158, 294.29,  0.178, 275.49,  0.101, 230.63,  0.046, 244.00,  0.036, 250.56,-99.000, -99.00,-99.000, -99.00,-99.000, -99.00,-99.000, -99.00,
9/12/2006 01:45:00, 10.7,276.0,  1.2,  3.0, 18.806, 29.41,  0.0,  0.0,  0.119, 298.50,  0.110, 305.42,  0.178, 308.61,  0.166, 305.42,  0.208, 279.14,  0.196, 263.56,  0.212, 281.15,  0.172, 275.01,  0.138, 265.44,  0.142, 275.67,  0.286, 263.77,  0.231, 263.03,  0.206, 256.50,  0.127, 228.18,  0.080, 189.34,  0.075, 248.91,-99.000, -99.00,-99.000, -99.00,-99.000, -99.00,-99.000, -99.00,
9/12/2006 01:50:00, 10.7,275.9,  1.2,  3.0, 18.805, 29.41,  0.0,  0.0,  0.212, 332.10,  0.137, 297.88,  0.154, 333.43,  0.105, 283.77,  0.149, 299.32,  0.238, 308.51,  0.195, 257.54,  0.166, 260.65,  0.134, 292.75,  0.148, 286.48,  0.152, 272.26,  0.171, 274.71,  0.070, 250.79,  0.089, 244.87,  0.171, 261.25,  0.095, 257.86,-99.000, -99.00,-99.000, -99.00,-99.000, -99.00,-99.000, -99.00,
9/12/2006 01:55:00, 10.7,276.0,  1.2,  3.0, 18.798, 29.41,  0.0,  0.0,  0.141, 320.19,  0.101, 287.90,  0.116, 296.12,  0.173, 284.36,  0.187, 291.35,  0.143, 286.66,  0.126, 270.91,  0.214, 282.93,  0.219, 280.54,  0.250, 270.23,  0.259, 280.92,  0.207, 285.98,  0.159, 263.86,  0.161, 273.20,  0.136, 254.23,  0.142, 255.77,-99.000, -99.00,-99.000, -99.00,-99.000, -99.00,-99.000, -99.00,
9/12/2006 02:00:00, 10.7,276.0,  1.2,  3.0, 18.806, 29.40,  0.0,  0.0,  0.094, 261.44,  0.132, 327.40,  0.088, 277.21,  0.043, 152.24,  0.123, 263.45,  0.117, 276.88,  0.083, 287.56,  0.101, 259.70,  0.088, 239.93,  0.085, 245.83,  0.157, 284.04,  0.156, 285.29,  0.078, 292.62,  0.094, 274.86,  0.070, 289.21,  0.067, 290.85,-99.000, -99.00,-99.000, -99.00,-99.000, -99.00,-99.000, -99.00,
9/12/2006 02:05:00, 10.7,276.0,  1.2,  3.0, 18.787, 29.40,  0.0,  0.0,  0.114, 294.99,  0.117, 327.94,  0.129, 340.58,  0.096, 310.34,  0.155, 289.95,  0.111, 329.04,  0.088, 302.97,  0.095, 281.55,  0.204, 295.31,  0.120, 282.53,  0.190, 276.64,  0.194, 275.03,  0.210, 289.47,  0.164, 240.00,  0.195, 262.04,  0.142, 288.43,-99.000, -99.00,-99.000, -99.00,-99.000, -99.00,-99.000, -99.00,
9/12/2006 02:10:00, 10.7,275.9,  1.2,  3.0, 18.785, 29.40,  0.0,  0.0,  0.183,   0.63,  0.173, 315.70,  0.127, 276.34,  0.082, 337.17,  0.095, 275.41,  0.162, 283.18,  0.163, 261.17,  0.129, 288.58,  0.163, 287.10,  0.149, 260.73,  0.172, 273.99,  0.130, 269.12,  0.162, 272.12,  0.175, 261.13,  0.128, 267.76,  0.082, 237.48,-99.000, -99.00,-99.000, -99.00,-99.000, -99.00,-99.000, -99.00,
9/12/2006 02:15:00, 10.7,276.0,  1.2,  3.0, 18.773, 29.40,  0.0,  0.0,  0.118, 286.28,  0.105, 295.35,  0.101, 279.65,  0.010, 101.31,  0.108, 250.56,  0.117, 267.55,  0.130, 282.00,  0.127, 266.40,  0.154, 253.44,  0.172, 261.63,  0.173, 252.82,  0.174, 244.03,  0.190, 250.04,  0.165, 253.77,  0.126, 270.91,  0.067, 250.75,-99.000, -99.00,-99.000, -99.00,-99.000, -99.00,-99.000, -99.00,
9/12/2006 02:20:00, 10.7,276.0,  1.2,  3.0, 18.758, 29.40,  0.0,  0.0,  0.122, 304.34,  0.128, 303.81,  0.148, 335.68,  0.106, 315.76,  0.082, 322.43,  0.128, 294.56,  0.171, 266.32,  0.174, 255.72,  0.195, 239.49,  0.203, 266.34,  0.196, 260.01,  0.216, 282.04,  0.153, 263.99,  0.094, 246.16,  0.085, 295.67,  0.087, 282.60,-99.000, -99.00,-99.000, -99.00,-99.000, -99.00,-99.000, -99.00,
9/12/2006 02:25:00, 10.7,275.9,  1.2,  3.0, 18.747, 29.39,  0.0,  0.0,  0.112, 282.42,  0.122, 290.06,  0.046, 252.35,  0.165, 246.07,  0.146, 231.10,  0.109, 246.73,  0.104, 274.95,  0.146, 258.15,  0.179, 268.08,  0.144, 266.03,  0.158, 263.10,  0.121, 290.83,  0.076, 243.43,  0.214, 265.97,  0.127, 264.56,  0.106, 273.24,-99.000, -99.00,-99.000, -99.00,-99.000, -99.00,-99.000, -99.00,
9/12/2006 02:30:00, 10.7,276.0,  1.2,  2.9, 18.745, 29.39,  0.0,  0.0,  0.158, 273.26,  0.115, 256.45,  0.108, 259.32,  0.113, 251.40,  0.135, 274.66,  0.101, 247.99,  0.147, 266.11,  0.145, 266.45,  0.126, 274.99,  0.149, 279.65,  0.126, 241.61,  0.130, 266.48,  0.190, 275.44,  0.111, 259.60,  0.120, 261.40,  0.042, 288.00,-99.000, -99.00,-99.000, -99.00,-99.000, -99.00,-99.000, -99.00,
9/12/2006 02:35:00, 10.7,276.0,  1.2,  2.9, 18.737, 29.39,  0.0,  0.0,  0.085, 300.50,  0.049, 286.59,  0.137, 253.02,  0.101, 277.97,  0.065, 280.62,  0.125, 287.27,  0.174, 252.61,  0.141, 289.08,  0.128, 278.51,  0.128, 244.63,  0.107, 263.54,  0.063, 232.05,  0.060, 280.56,  0.163, 244.54,  0.078, 229.16,  0.025, 241.39,-99.000, -99.00,-99.000, -99.00,-99.000, -99.00,-99.000, -99.00,
9/12/2006 02:40:00, 10.7,276.0,  1.2,  3.0, 18.740, 29.39,  0.0,  0.0,  0.120, 292.07,  0.051, 311.82,  0.045, 297.70,  0.022,  82.23,  0.063, 257.07,  0.175, 272.29,  0.057, 300.62,  0.093, 266.92,  0.114, 236.45,  0.101, 280.30,  0.046, 263.80,  0.071, 252.07,  0.096, 259.16,  0.130, 285.22,  0.111, 328.59,  0.112, 287.63,-99.000, -99.00,-99.000, -99.00,-99.000, -99.00,-99.000, -99.00,
9/12/2006 02:45:00, 10.7,276.0,  1.2,  2.9, 18.732, 29.39,  0.0,  0.0,  0.086, 271.33,  0.083, 332.82,  0.100, 296.05,  0.158, 255.00,  0.104, 263.35,  0.148, 269.23,  0.085, 253.69,  0.170, 276.75,  0.188, 270.91,  0.172, 274.32,  0.096, 262.80,  0.195, 259.04,  0.172, 267.00,  0.055, 246.25,  0.039, 286.56,  0.064, 247.86,-99.000, -99.00,-99.000, -99.00,-99.000, -99.00,-99.000, -99.00,
9/12/2006 02:50:00, 10.7,276.0,  1.2,  2.9, 18.723, 29.39,  0.0,  0.0,  0.108, 318.01,  0.025,  11.31,  0.129, 265.57,  0.059, 224.31,  0.103, 281.75,  0.002, 153.43,  0.056, 227.17,  0.067, 199.25,  0.125, 229.20,  0.123, 232.94,  0.059, 249.10,  0.064, 241.03,  0.109, 261.05,  0.039, 180.00,  0.077, 252.73,  0.065, 250.17,-99.000, -99.00,-99.000, -99.00,-99.000, -99.00,-99.000, -99.00,
9/12/2006 02:55:00, 10.7,275.9,  1.2,  3.0, 18.730, 29.40,  0.0,  0.0,  0.064, 296.16,  0.129, 269.11,  0.030, 260.54,  0.064, 247.86,  0.090, 200.04,  0.123, 254.38,  0.121, 265.75,  0.216, 223.50,  0.165, 229.17,  0.167, 240.51,  0.136, 232.79,  0.164, 224.01,  0.177, 259.90,  0.105, 241.48,  0.144, 235.76,  0.110, 270.00,-99.000, -99.00,-99.000, -99.00,-99.000, -99.00,-99.000, -99.00,
9/12/2006 03:00:00, 10.7,276.0,  1.2,  3.0, 18.719, 29.40,  0.0,  0.0,  0.104, 243.19,  0.116, 249.39,  0.066, 298.12,  0.069, 304.38,  0.136, 288.83,  0.152, 221.01,  0.079, 238.91,  0.128, 241.43,  0.095, 246.41,  0.124, 286.39,  0.096, 301.37,  0.109, 264.18,  0.103, 255.43,  0.115, 286.70,  0.093, 263.80,  0.092, 321.63,-99.000, -99.00,-99.000, -99.00,-99.000, -99.00,-99.000, -99.00,
9/12/2006 03:05:00, 10.7,275.9,  1.2,  3.0, 18.709, 29.40,  0.0,  0.0,  0.083, 303.69,  0.010,  36.87,  0.067, 322.28,  0.172, 247.46,  0.059, 270.97,  0.115, 240.99,  0.097, 215.81,  0.107, 293.69,  0.044, 195.95,  0.099, 246.80,  0.218, 245.90,  0.129, 268.22,  0.092, 268.75,  0.148, 281.31,  0.080, 248.86,  0.027, 213.11,-99.000, -99.00,-99.000, -99.00,-99.000, -99.00,-99.000, -99.00,
9/12/2006 03:10:00, 10.7,276.0,  1.2,  3.0, 18.697, 29.40,  0.0,  0.0,  0.105, 274.90,  0.127, 296.16,  0.051, 276.71,  0.094, 263.86,  0.047, 272.44,  0.038, 266.99,  0.106, 279.20,  0.052, 221.91,  0.128, 259.66,  0.097, 215.33,  0.097, 253.24,  0.041, 261.67,  0.084, 271.36,  0.116, 255.48,  0.066, 224.38,  0.021, 328.57,-99.000, -99.00,-99.000, -99.00,-99.000, -99.00,-99.000, -99.00,
9/12/2006 03:15:00, 10.7,276.0,  1.2,  3.0, 18.693, 29.40,  0.0,  0.0,  0.041, 167.32,  0.020, 162.47,  0.161, 248.86,  0.089, 266.14,  0.061, 246.80,  0.102, 310.24,  0.074, 251.08,  0.125, 264.02,  0.110, 225.37,  0.021, 307.41,  0.076, 236.31,  0.077, 251.80,  0.056, 238.86,  0.125, 267.71,  0.090, 246.30,  0.034, 191.98,-99.000, -99.00,-99.000, -99.00,-99.000, -99.00,-99.000, -99.00,
9/12/2006 03:20:00, 10.7,276.0,  1.2,  3.0, 18.686, 29.39,  0.0,  0.0,  0.040, 148.30,  0.019, 214.51,  0.092, 254.31,  0.083, 232.85,  0.015, 172.41,  0.058, 255.00,  0.031, 231.63,  0.025, 253.74,  0.062, 223.03,  0.040, 197.53,  0.142, 224.14,  0.107, 213.54,  0.099, 216.75,  0.118, 224.66,  0.091, 190.81,  0.016, 251.57,-99.000, -99.00,-99.000, -99.00,-99.000, -99.00,-99.000, -99.00,
9/12/2006 03:25:00, 10.7,276.0,  1.2,  3.0, 18.679, 29.38,  0.0,  0.0,  0.068, 228.58,  0.122, 205.73,  0.089, 193.57,  0.056, 278.28,  0.064, 252.70,  0.050, 332.40,  0.034, 198.97,  0.068, 308.40,  0.001, 270.00,  0.007,  98.13,  0.100, 273.43,  0.049, 257.09,  0.014, 197.10,  0.028, 315.00,  0.077, 293.59,  0.058, 313.60,-99.000, -99.00,-99.000, -99.00,-99.000, -99.00,-99.000, -99.00,
9/12/2006 03:30:00, 10.7,275.9,  1.2,  3.0, 18.678, 29.37,  0.0,  0.0,  0.079, 169.82,  0.081, 146.11,  0.048, 174.05,  0.081, 258.55,  0.110, 186.80,  0.040, 108.89,  0.043, 275.31,  0.038, 294.57,  0.040, 221.99,  0.069,  18.70,  0.061,  58.39,  0.057, 162.53,  0.049, 257.09,  0.073, 265.30,  0.092, 226.76,  0.065, 311.27,-99.000, -99.00,-99.000, -99.00,-99.000, -99.00,-99.000, -99.00,
9/12/2006 03:35:00, 10.7,275.9,  1.2,  2.9, 18.668, 29.36,  0.0,  0.0,  0.121, 145.39,  0.022, 303.69,  0.106, 171.34,  0.010,  95.71,  0.119, 149.12,  0.096, 202.57,  0.064, 277.13,  0.077, 202.22,  0.085, 210.50,  0.118, 265.64,  0.100, 264.29,  0.069,  15.04,  0.020,  92.86,  0.028, 192.53,  0.022, 219.47,  0.023, 239.04,-99.000, -99.00,-99.000, -99.00,-99.000, -99.00,-99.000, -99.00,
9/12/2006 03:40:00, 10.7,275.9,  1.2,  2.9, 18.664, 29.36,  0.0,  0.0,  0.051, 180.00,  0.006, 120.96,  0.117, 192.85,  0.087, 183.29,  0.040, 187.13,  0.019, 141.34,  0.021, 129.09,  0.075, 214.74,  0.052, 261.09,  0.060, 306.87,  0.072, 214.80,  0.085, 142.18,  0.052, 223.45,  0.063, 215.96,  0.056, 293.33,  0.039, 287.97,-99.000, -99.00,-99.000, -99.00,-99.000, -99.00,-99.000, -99.00,
9/12/2006 03:45:00, 10.7,276.0,  1.2,  3.0, 18.656, 29.35,  0.0,  0.0,  0.062,  78.87,  0.051, 204.54,  0.043, 236.31,  0.097, 178.23,  0.077, 219.24,  0.074, 231.58,  0.042, 244.65,  0.033, 254.29,  0.046, 217.12,  0.059, 254.32,  0.021, 180.00,  0.098, 208.66,  0.033, 242.65,  0.072, 299.05,  0.032, 271.79,  0.043, 294.78,-99.000, -99.00,-99.000, -99.00,-99.000, -99.00,-99.000, -99.00,
9/12/2006 03:50:00, 10.7,275.9,  1.2,  2.9, 18.652, 29.35,  0.0,  0.0,  0.042, 241.61,  0.064, 155.85,  0.068, 148.89,  0.195, 202.35,  0.102, 213.38,  0.129, 213.32,  0.067, 162.65,  0.034, 249.44,  0.083, 191.17,  0.063, 325.30,  0.036, 350.27,  0.054,   0.00,  0.060, 271.91,  0.090, 208.56,  0.046, 192.53,  0.039, 324.29,-99.000, -99.00,-99.000, -99.00,-99.000, -99.00,-99.000, -99.00,
9/12/2006 03:55:00, 10.7,275.9,  1.2,  2.9, 18.640, 29.35,  0.0,  0.0,  0.137, 133.52,  0.048, 220.73,  0.044, 149.93,  0.036, 176.82,  0.126, 189.16,  0.131, 197.33,  0.108, 130.49,  0.029, 243.43,  0.037, 207.26,  0.026, 209.48,  0.051, 204.54,  0.027, 263.66,  0.045, 304.05,  0.027,  26.57,  0.039, 119.20,  0.048,  12.01,-99.000, -99.00,-99.000, -99.00,-99.000, -99.00,-99.000, -99.00,
9/12/2006 04:00:00, 10.7,275.9,  1.2,  3.0, 18.650, 29.35,  0.0,  0.0,  0.031, 181.85,  0.047, 126.38,  0.109, 152.73,  0.045, 194.04,  0.128, 229.11,  0.043, 256.61,  0.101, 174.91,  0.083, 112.57,  0.060, 105.42,  0.054, 311.99,  0.068,  79.02,  0.036,  91.59,  0.053, 127.30,  0.021, 305.22,  0.026,  35.54,  0.058, 295.68,-99.000, -99.00,-99.000, -99.00,-99.000, -99.00,-99.000, -99.00,
9/12/2006 04:05:00, 10.7,276.0,  1.2,  3.0, 18.633, 29.34,  0.0,  0.0,  0.030, 235.78,  0.057, 176.99,  0.031, 163.30,  0.136, 200.16,  0.119, 170.78,  0.182, 184.74,  0.126, 190.95,  0.057, 167.91,  0.036, 211.50,  0.052, 208.52,  0.096,  87.61,  0.059,  76.20,  0.040,  69.27,  0.076,  98.34,  0.014, 347.91,  0.093, 308.47,-99.000, -99.00,-99.000, -99.00,-99.000, -99.00,-99.000, -99.00,
9/12/2006 04:10:00, 10.7,276.0,  1.2,  3.0, 18.646, 29.34,  0.0,  0.0,  0.056, 111.99,  0.103, 116.57,  0.107, 133.10,  0.074, 169.90,  0.136, 146.08,  0.121, 179.53,  0.150, 177.33,  0.103, 102.29,  0.069, 106.86,  0.155,  94.06,  0.068, 155.70,  0.057, 111.61,  0.041,  36.03,  0.093, 120.43,  0.061, 194.26,  0.041, 260.07,-99.000, -99.00,-99.000, -99.00,-99.000, -99.00,-99.000, -99.00,
9/12/2006 04:15:00, 10.7,276.0,  1.2,  2.9, 18.633, 29.34,  0.0,  0.0,  0.028,  59.74,  0.089, 161.57,  0.146, 180.39,  0.051, 143.81,  0.048, 202.25,  0.149, 157.05,  0.093, 135.00,  0.065, 172.00,  0.108, 133.88,  0.081, 212.91,  0.071, 154.89,  0.070, 112.56,  0.083,  69.61,  0.146,  84.88,  0.094,  62.07,  0.024,  97.13,-99.000, -99.00,-99.000, -99.00,-99.000, -99.00,-99.000, -99.00,
9/12/2006 04:20:00, 10.7,276.0,  1.2,  2.9, 18.632, 29.34,  0.0,  0.0,  0.114, 224.64,  0.035, 178.36,  0.082, 179.30,  0.083, 141.34,  0.086, 133.12,  0.061, 221.01,  0.064, 194.47,  0.102,  87.75,  0.036,  50.60,  0.010, 264.29,  0.074, 151.02,  0.078, 128.20,  0.091, 181.26,  0.066, 168.69,  0.081, 150.60,  0.057, 152.99,-99.000, -99.00,-99.000, -99.00,-99.000, -99.00,-99.000, -99.00,
9/12/2006 04:25:00, 10.7,276.0,  1.2,  3.0, 18.630, 29.34,  0.0,  0.0,  0.170, 143.60,  0.140, 145.51,  0.102,  61.93,  0.035, 118.74,  0.050, 161.20,  0.052, 188.91,  0.095, 184.21,  0.133, 152.28,  0.111, 160.59,  0.080, 180.00,  0.084, 172.45,  0.093, 103.74,  0.077,  99.71,  0.086, 132.18,  0.048, 116.03,  0.016, 284.04,-99.000, -99.00,-99.000, -99.00,-99.000, -99.00,-99.000, -99.00,
9/12/2006 04:30:00, 10.7,276.0,  1.2,  3.0, 18.628, 29.34,  0.0,  0.0,  0.110, 118.90,  0.160, 116.73,  0.112, 123.69,  0.089,  94.50,  0.077, 143.43,  0.040, 122.91,  0.034,  24.30,  0.002,   0.00,  0.101, 169.70,  0.073, 161.57,  0.014, 107.10,  0.050, 129.37,  0.038, 208.61,  0.049, 142.43,  0.067, 213.45,  0.053, 163.61,-99.000, -99.00,-99.000, -99.00,-99.000, -99.00,-99.000, -99.00,
9/12/2006 04:35:00, 10.7,275.9,  1.2,  3.0, 18.622, 29.34,  0.0,  0.0,  0.130,  68.77,  0.155, 148.97,  0.116, 134.30,  0.115, 136.41,  0.133, 152.66,  0.104, 173.90,  0.054, 152.49,  0.042, 196.70,  0.099, 199.54,  0.052, 120.02,  0.050, 146.31,  0.117, 193.80,  0.129, 167.47,  0.089, 194.97,  0.126, 143.04,  0.104, 164.89,-99.000, -99.00,-99.000, -99.00,-99.000, -99.00,-99.000, -99.00,
9/12/2006 04:40:00, 10.7,276.0,  1.2,  3.0, 18.616, 29.35,  0.0,  0.0,  0.127, 126.06,  0.134, 110.06,  0.148, 140.19,  0.123, 161.57,  0.126, 123.06,  0.135, 117.32,  0.075, 188.46,  0.046, 187.43,  0.092, 167.47,  0.121, 140.38,  0.067, 212.74,  0.139, 153.07,  0.096, 166.69,  0.055, 137.94,  0.166, 121.20,  0.109, 124.13,-99.000, -99.00,-99.000, -99.00,-99.000, -99.00,-99.000, -99.00,
9/12/2006 04:45:00, 10.7,276.0,  1.3,  2.9, 18.611, 29.35,  0.0,  0.0,  0.073, 143.91,  0.089, 140.94,  0.042, 137.91,  0.065,  98.88,  0.058, 220.82,  0.019, 198.43,  0.148, 165.49,  0.149, 138.53,  0.125, 193.92,  0.087,  78.69,  0.030,  91.91,  0.070, 140.19,  0.120, 137.02,  0.115, 136.05,  0.179, 124.76,  0.158, 135.00,-99.000, -99.00,-99.000, -99.00,-99.000, -99.00,-99.000, -99.00,
9/12/2006 04:50:00, 10.7,275.9,  1.2,  3.0, 18.598, 29.35,  0.0,  0.0,  0.208, 140.26,  0.111,  99.89,  0.125, 159.82,  0.081, 133.51,  0.139, 118.41,  0.180, 152.86,  0.047, 173.93,  0.025, 139.90,  0.074, 161.81,  0.069, 157.13,  0.078, 161.33,  0.098, 133.76,  0.226, 129.61,  0.187, 153.30,  0.180, 143.83,  0.182, 126.05,-99.000, -99.00,-99.000, -99.00,-99.000, -99.00,-99.000, -99.00,
9/12/2006 04:55:00, 10.7,276.0,  1.2,  2.9, 18.607, 29.35,  0.0,  0.0,  0.199, 164.85,  0.141, 148.34,  0.057, 109.38,  0.112, 141.50,  0.120, 116.78,  0.137, 121.61,  0.109, 129.40,  0.139, 118.41,  0.165, 114.70,  0.176, 132.93,  0.208, 118.04,  0.191, 136.70,  0.179, 146.84,  0.181, 161.67,  0.192, 122.86,  0.196, 123.53,-99.000, -99.00,-99.000, -99.00,-99.000, -99.00,-99.000, -99.00,
9/12/2006 05:00:00, 10.7,276.0,  1.2,  3.0, 18.596, 29.35,  0.0,  0.0,  0.197, 116.18,  0.140, 144.27,  0.115, 124.38,  0.074, 200.65,  0.161, 124.88,  0.187, 141.96,  0.168, 152.67,  0.037, 223.92,  0.116, 111.71,  0.229, 121.05,  0.154, 118.73,  0.184, 150.64,  0.208, 135.39,  0.208, 134.22,  0.195, 134.17,  0.146, 153.61,-99.000, -99.00,-99.000, -99.00,-99.000, -99.00,-99.000, -99.00,
9/12/2006 05:05:00, 10.7,276.0,  1.2,  2.9, 18.587, 29.35,  0.0,  0.0,  0.150, 178.09,  0.101, 165.14,  0.121, 194.84,  0.120, 192.06,  0.123, 181.86,  0.082, 131.05,  0.127, 126.33,  0.093,  99.87,  0.149, 143.75,  0.120, 196.01,  0.107, 231.84,  0.140, 149.04,  0.178, 149.98,  0.155, 163.55,  0.107, 150.79,  0.137, 122.18,-99.000, -99.00,-99.000, -99.00,-99.000, -99.00,-99.000, -99.00,
9/12/2006 05:10:00, 10.7,275.9,  1.2,  2.9, 18.590, 29.34,  0.0,  0.0,  0.042, 163.30,  0.118, 136.03,  0.170, 180.67,  0.107, 152.24,  0.108, 154.15,  0.118, 117.87,  0.044, 256.91,  0.131, 186.15,  0.113, 156.60,  0.163, 146.50,  0.156, 165.87,  0.151, 159.89,  0.185, 174.72,  0.200, 174.26,  0.148, 166.34,  0.121, 158.73,-99.000, -99.00,-99.000, -99.00,-99.000, -99.00,-99.000, -99.00,
9/12/2006 05:15:00, 10.7,276.0,  1.2,  2.9, 18.592, 29.34,  0.0,  0.0,  0.054, 266.82,  0.044, 164.05,  0.100, 135.00,  0.084,  61.61,  0.040,  58.30,  0.164, 101.58,  0.113, 137.15,  0.022, 110.85,  0.148,  89.61,  0.152,  91.13,  0.145,  87.63,  0.180, 121.57,  0.156, 145.70,  0.169, 127.07,  0.134, 117.14,  0.109, 116.10,-99.000, -99.00,-99.000, -99.00,-99.000, -99.00,-99.000, -99.00,
9/12/2006 05:20:00, 10.7,276.0,  1.2,  2.9, 18.592, 29.34,  0.0,  0.0,  0.072, 132.17,  0.076, 186.01,  0.069, 126.21,  0.064, 129.92,  0.094, 139.33,  0.019, 351.03,  0.052, 307.97,  0.139, 252.35,  0.078, 259.70,  0.037, 249.62,  0.039,  94.40,  0.058,  21.25,  0.105, 190.45,  0.143, 146.42,  0.071, 183.22,  0.050, 126.87,-99.000, -99.00,-99.000, -99.00,-99.000, -99.00,-99.000, -99.00,
9/12/2006 05:25:00, 10.7,276.0,  1.2,  3.0, 18.590, 29.34,  0.0,  0.0,  0.071, 239.45,  0.015,  61.70,  0.026, 259.11,  0.005,   0.00,  0.070,  54.27,  0.075, 318.24,  0.025,  73.74,  0.094,  12.86,  0.085, 129.29,  0.078, 315.52,  0.047,  16.11,  0.035, 323.13,  0.073, 248.34,  0.145, 343.95,  0.024, 294.44,  0.043, 262.06,-99.000, -99.00,-99.000, -99.00,-99.000, -99.00,-99.000, -99.00,
9/12/2006 05:30:00, 10.7,276.0,  1.2,  2.9, 18.603, 29.34,  0.0,  0.0,  0.100, 212.74,  0.077, 257.96,  0.063, 238.57,  0.065, 296.57,  0.089, 281.69,  0.056, 262.87,  0.044, 331.70,  0.139, 313.25,  0.039, 302.47,  0.152, 292.36,  0.119, 286.14,  0.050, 317.42,  0.105, 268.36,  0.124, 263.97,  0.125, 255.63,  0.134, 224.09,-99.000, -99.00,-99.000, -99.00,-99.000, -99.00,-99.000, -99.00,
9/12/2006 05:35:00, 10.7,275.9,  1.2,  3.0, 18.591, 29.35,  0.0,  0.0,  0.078, 274.40,  0.041, 221.05,  0.132, 306.70,  0.044,  14.35,  0.092, 279.36,  0.128, 287.30,  0.159, 286.49,  0.075, 290.38,  0.196, 299.71,  0.060, 286.34,  0.115, 311.47,  0.137, 329.32,  0.081, 315.00,  0.114, 323.53,  0.119, 296.57,  0.155,   0.37,-99.000, -99.00,-99.000, -99.00,-99.000, -99.00,-99.000, -99.00,
9/12/2006 05:40:00, 10.7,276.0,  1.2,  3.0, 18.582, 29.34,  0.0,  0.0,  0.086,   2.00,  0.121, 337.23,  0.113, 338.67,  0.113, 292.46,  0.232, 305.88,  0.061,   3.75,  0.129, 320.37,  0.051, 297.07,  0.092,   0.00,  0.021, 157.17,  0.095, 331.82,  0.112, 299.55,  0.096, 242.63,  0.072, 178.41,  0.087, 260.75,  0.044, 331.70,-99.000, -99.00,-99.000, -99.00,-99.000, -99.00,-99.000, -99.00,
9/12/2006 05:45:00, 10.7,276.0,  1.2,  3.0, 18.588, 29.34,  0.0,  0.0,  0.155, 323.13,  0.113, 304.53,  0.254, 333.03,  0.141, 308.98,  0.248, 313.36,  0.090, 324.54,  0.211, 311.93,  0.025,  36.87,  0.038,   1.51,  0.078, 283.32,  0.071, 166.16,  0.177, 162.28,  0.163, 168.35,  0.059, 180.00,  0.034, 114.30,  0.062, 325.54,-99.000, -99.00,-99.000, -99.00,-99.000, -99.00,-99.000, -99.00,
9/12/2006 05:50:00, 10.7,276.0,  1.2,  3.0, 18.595, 29.34,  0.0,  0.0,  0.222, 321.94,  0.278, 322.76,  0.120, 311.63,  0.101, 291.49,  0.129, 309.35,  0.136, 325.49,  0.155, 317.88,  0.126, 318.22,  0.033, 266.53,  0.140, 240.87,  0.165, 268.96,  0.103, 259.35,  0.148, 230.19,  0.138, 233.55,  0.091, 233.00,  0.016, 307.57,-99.000, -99.00,-99.000, -99.00,-99.000, -99.00,-99.000, -99.00,
9/12/2006 05:55:00, 10.7,276.0,  1.2,  3.0, 18.585, 29.34,  0.0,  0.0,  0.156, 314.48,  0.180, 338.55,  0.107, 313.10,  0.215, 351.98,  0.168, 319.58,  0.132, 309.47,  0.179, 300.14,  0.230, 300.92,  0.180, 312.75,  0.247, 314.51,  0.243, 321.86,  0.199, 312.76,  0.242, 313.99,  0.158, 336.85,  0.163, 300.66,  0.055, 326.02,-99.000, -99.00,-99.000, -99.00,-99.000, -99.00,-99.000, -99.00,
9/12/2006 06:00:00, 10.7,276.0,  1.2,  2.9, 18.580, 29.35,  0.0,  0.0,  0.150, 351.17,  0.079, 296.24,  0.075, 310.68,  0.152, 306.19,  0.161, 304.09,  0.242, 311.99,  0.191, 297.77,  0.184, 307.06,  0.026, 285.64,  0.150, 304.96,  0.209, 301.10,  0.172, 330.30,  0.198, 309.47,  0.207, 307.92,  0.174, 297.45,  0.158, 334.90,-99.000, -99.00,-99.000, -99.00,-99.000, -99.00,-99.000, -99.00,
9/12/2006 06:05:00, 10.7,275.9,  1.2,  3.0, 18.576, 29.35,  0.0,  0.0,  0.201, 347.63,  0.147, 303.91,  0.061, 342.76,  0.111, 302.83,  0.168, 313.56,  0.120, 282.53,  0.119, 303.02,  0.091, 304.73,  0.170, 319.55,  0.206, 322.30,  0.137, 313.23,  0.132, 337.31,  0.149, 313.10,  0.204, 333.18,  0.141, 331.26,  0.140, 358.77,-99.000, -99.00,-99.000, -99.00,-99.000, -99.00,-99.000, -99.00,
9/12/2006 06:10:00, 10.7,276.0,  1.2,  3.0, 18.582, 29.35,  0.0,  0.0,  0.092, 337.62,  0.144, 355.63,  0.143,   2.80,  0.156, 344.71,  0.175, 332.41,  0.176, 334.02,  0.167, 323.54,  0.077, 292.22,  0.162, 319.74,  0.256, 323.89,  0.238, 320.63,  0.142, 322.73,  0.105, 347.29,  0.120, 326.58,  0.125, 327.70,  0.250, 348.69,-99.000, -99.00,-99.000, -99.00,-99.000, -99.00,-99.000, -99.00,
9/12/2006 06:15:00, 10.7,276.0,  1.2,  3.0, 18.588, 29.35,  0.0,  0.0,  0.092, 338.43,  0.129,  28.75,  0.197, 343.77,  0.140, 330.51,  0.141, 334.89,  0.094, 300.65,  0.118, 280.26,  0.175, 308.05,  0.115, 347.91,  0.081, 346.48,  0.113,   0.51,  0.143, 330.21,  0.120, 329.36,  0.168, 328.39,  0.096, 333.43,  0.189, 347.44,-99.000, -99.00,-99.000, -99.00,-99.000, -99.00,-99.000, -99.00,
9/12/2006 06:20:00, 10.7,276.0,  1.2,  2.9, 18.590, 29.35,  0.0,  0.0,  0.103, 328.47,  0.191, 337.59,  0.200, 348.75,  0.175, 343.74,  0.170, 328.46,  0.116, 315.70,  0.174, 326.49,  0.160, 297.21,  0.125, 326.44,  0.138, 333.81,  0.145, 324.00,  0.198, 334.86,  0.144, 321.78,  0.159, 344.65,  0.150, 345.69,  0.226, 355.43,-99.000, -99.00,-99.000, -99.00,-99.000, -99.00,-99.000, -99.00,
9/12/2006 06:25:00, 10.7,275.9,  1.2,  3.0, 18.598, 29.35,  0.0,  0.0,  0.088,   9.78,  0.071,   2.42,  0.118, 337.57,  0.059, 346.20,  0.155, 331.95,  0.169, 293.69,  0.089, 295.13,  0.111, 323.03,  0.153, 319.76,  0.068, 274.21,  0.061, 349.61,  0.115, 332.54,  0.158, 310.64,  0.113, 327.99,  0.129, 355.13,  0.268, 348.35,-99.000, -99.00,-99.000, -99.00,-99.000, -99.00,-99.000, -99.00,
9/12/2006 06:30:00, 10.7,275.9,  1.2,  2.9, 18.599, 29.35,  0.0,  0.0,  0.131, 337.55,  0.144, 316.97,  0.163, 354.01,  0.101, 306.53,  0.059, 313.64,  0.120, 340.96,  0.130,   6.19,  0.111, 358.45,  0.111, 335.05,  0.176, 323.33,  0.233, 322.84,  0.150, 320.68,  0.140,   6.97,  0.155, 336.41,  0.130, 310.65,  0.058, 352.01,-99.000, -99.00,-99.000, -99.00,-99.000, -99.00,-99.000, -99.00,
9/12/2006 06:35:00, 10.7,276.0,  1.2,  3.0, 18.601, 29.35,  0.0,  0.0,  0.152,   1.51,  0.117, 341.57,  0.121,   0.00,  0.177,   1.62,  0.185, 323.13,  0.146, 316.38,  0.167, 336.04,  0.095, 301.69,  0.164, 287.00,  0.227, 325.61,  0.153, 334.94,  0.157, 333.43,  0.142, 328.21,  0.131, 319.02,  0.124, 329.51,  0.103,   7.26,-99.000, -99.00,-99.000, -99.00,-99.000, -99.00,-99.000, -99.00,
9/12/2006 06:40:00, 10.7,276.0,  1.2,  3.0, 18.626, 29.35,  0.0,  0.0,  0.132, 290.91,  0.145, 319.48,  0.209, 310.93,  0.128, 333.03,  0.075, 284.59,  0.131, 299.69,  0.160, 299.12,  0.107, 322.59,  0.199, 313.17,  0.140, 321.66,  0.184, 318.08,  0.131, 326.55,  0.137, 317.95,  0.141, 337.07,  0.108,  16.09,  0.106, 350.18,-99.000, -99.00,-99.000, -99.00,-99.000, -99.00,-99.000, -99.00,
9/12/2006 06:45:00, 10.7,276.1,  1.2,  3.0, 18.621, 29.35,  0.0,  0.0,  0.189, 322.10,  0.224, 348.14,  0.093, 302.66,  0.063,  23.32,  0.102, 341.03,  0.155, 321.28,  0.106, 323.02,  0.201, 305.90,  0.147, 328.37,  0.104, 336.15,  0.136, 310.83,  0.166, 329.27,  0.149, 317.98,  0.075,  23.50,  0.112,  74.48,  0.176,   0.00,-99.000, -99.00,-99.000, -99.00,-99.000, -99.00,-99.000, -99.00,
9/12/2006 06:50:00, 10.7,275.9,  1.2,  3.0, 18.626, 29.35,  0.0,  0.0,  0.080, 272.15,  0.110, 352.16,  0.044,  11.82,  0.121, 292.77,  0.110, 274.68,  0.131, 328.74,  0.118, 308.13,  0.128, 334.04,  0.183, 331.61,  0.117, 316.74,  0.112, 350.20,  0.104, 352.81,  0.144, 356.03,  0.144, 349.62,  0.111, 310.27,  0.145, 356.45,-99.000, -99.00,-99.000, -99.00,-99.000, -99.00,-99.000, -99.00,
9/12/2006 06:55:00, 10.7,275.9,  1.2,  3.0, 18.631, 29.35,  0.0,  0.0,  0.215, 316.51,  0.106, 299.95,  0.028, 291.04,  0.128, 331.43,  0.148, 345.96,  0.097, 312.91,  0.045, 302.28,  0.059, 347.37,  0.105, 288.26,  0.144, 299.05,  0.103, 311.86,  0.080, 311.46,  0.150, 296.05,  0.101, 324.26,  0.098, 355.33,  0.185, 342.74,-99.000, -99.00,-99.000, -99.00,-99.000, -99.00,-99.000, -99.00,
9/12/2006 07:00:00, 10.7,275.9,  1.2,  3.0, 18.639, 29.35,  0.0,  0.0,  0.211, 330.52,  0.157,   4.37,  0.049,  44.17,  0.048, 270.00,  0.047, 347.74,  0.024, 345.38,  0.149, 313.64,  0.125, 316.95,  0.062, 306.50,  0.113, 327.99,  0.103, 345.43,  0.132, 326.43,  0.115, 334.32,  0.114, 359.50,  0.077, 293.59,  0.151,  21.31,-99.000, -99.00,-99.000, -99.00,-99.000, -99.00,-99.000, -99.00,
9/12/2006 07:05:00, 10.7,275.9,  1.2,  3.0, 18.641, 29.35,  0.0,  0.0,  0.184, 354.69,  0.133, 322.35,  0.112, 301.14,  0.092,  19.61,  0.129, 302.33,  0.077, 298.91,  0.099, 300.17,  0.155, 325.80,  0.193, 323.43,  0.115, 310.76,  0.099, 323.59,  0.105, 331.00,  0.137,  10.49,  0.209,  52.97,  0.147,  27.96,  0.092,  13.88,-99.000, -99.00,-99.000, -99.00,-99.000, -99.00,-99.000, -99.00,
9/12/2006 07:10:00, 10.7,276.0,  1.2,  2.9, 18.646, 29.35,  0.0,  0.0,  0.118, 338.02,  0.087, 312.67,  0.151, 309.08,  0.167, 301.49,  0.054, 324.83,  0.130, 341.57,  0.113, 335.93,  0.157, 310.60,  0.092, 320.75,  0.081, 317.49,  0.064, 289.29,  0.101, 331.66,  0.124, 306.78,  0.091, 304.22,  0.082, 295.94,  0.017, 263.29,-99.000, -99.00,-99.000, -99.00,-99.000, -99.00,-99.000, -99.00,
9/12/2006 07:15:00, 10.7,276.0,  1.2,  2.9, 18.654, 29.35,  0.0,  0.0,  0.114, 282.69,  0.111, 310.27,  0.166, 343.86,  0.182, 316.33,  0.069, 323.79,  0.113, 336.60,  0.141, 340.16,  0.190, 312.66,  0.120, 299.33,  0.098, 314.59,  0.059, 349.26,  0.159, 352.02,  0.093, 343.72,  0.122, 347.22,  0.114, 345.84,  0.106,  10.89,-99.000, -99.00,-99.000, -99.00,-99.000, -99.00,-99.000, -99.00,
9/12/2006 07:20:00, 10.7,276.0,  1.2,  3.0, 18.648, 29.35,  0.0,  0.0,  0.053, 342.58,  0.103,   0.56,  0.118, 342.18,  0.092, 310.13,  0.133, 307.39,  0.134, 309.53,  0.111, 346.97,  0.138, 322.63,  0.135, 345.45,  0.115, 329.21,  0.055,   0.00,  0.102, 333.69,  0.063, 348.16,  0.106, 344.65,  0.030,  21.45,  0.177,  39.97,-99.000, -99.00,-99.000, -99.00,-99.000, -99.00,-99.000, -99.00,
9/12/2006 07:25:00, 10.7,275.9,  1.2,  2.9, 18.657, 29.35,  0.0,  0.0,  0.104, 314.61,  0.068, 304.16,  0.112, 332.98,  0.105, 311.13,  0.161, 346.74,  0.126, 344.31,  0.091, 325.78,  0.149, 308.72,  0.041, 271.40,  0.126, 289.44,  0.178, 309.06,  0.150, 330.87,  0.106, 336.09,  0.085, 298.99,  0.161, 288.89,  0.132, 338.28,-99.000, -99.00,-99.000, -99.00,-99.000, -99.00,-99.000, -99.00,
9/12/2006 07:30:00, 10.7,276.0,  1.3,  2.9, 18.670, 29.35,  0.0,  0.0,  0.112,   7.19,  0.104,   5.49,  0.083, 340.25,  0.078, 315.52,  0.113, 300.88,  0.044, 313.15,  0.096, 259.16,  0.056, 292.93,  0.193, 322.77,  0.140, 317.89,  0.130, 334.42,  0.126, 330.99,  0.133, 311.35,  0.167, 325.26,  0.065, 311.27,  0.076,  38.07,-99.000, -99.00,-99.000, -99.00,-99.000, -99.00,-99.000, -99.00,
9/12/2006 07:35:00, 10.7,275.9,  1.2,  2.9, 18.690, 29.35,  0.0,  0.0,  0.054, 355.76,  0.081, 352.87,  0.081, 343.57,  0.085,  16.31,  0.126, 288.43,  0.123, 305.11,  0.071, 323.62,  0.082, 342.90,  0.162, 331.22,  0.098, 317.88,  0.098, 287.15,  0.190, 324.64,  0.113, 333.21,  0.146, 326.75,  0.108, 329.40,  0.052, 247.38,-99.000, -99.00,-99.000, -99.00,-99.000, -99.00,-99.000, -99.00,
9/12/2006 07:40:00, 10.7,276.0,  1.2,  3.0, 18.690, 29.35,  0.0,  0.0,  0.078, 331.80,  0.148, 319.65,  0.082,   5.57,  0.081, 325.53,  0.114, 347.31,  0.150, 271.91,  0.065, 282.53,  0.174, 302.60,  0.169, 296.72,  0.171, 301.83,  0.079, 323.71,  0.111, 334.36,  0.074, 319.40,  0.068, 325.15,  0.138, 341.43,  0.096, 343.64,-99.000, -99.00,-99.000, -99.00,-99.000, -99.00,-99.000, -99.00,
9/12/2006 07:45:00, 10.7,275.9,  1.2,  2.9, 18.691, 29.35,  0.0,  0.0,  0.089,  22.52,  0.102, 342.81,  0.079,   3.62,  0.085,  12.24,  0.068, 331.19,  0.090, 302.28,  0.121, 296.99,  0.057, 335.22,  0.079,  21.67,  0.120, 341.11,  0.152, 323.81,  0.098, 312.12,  0.035, 180.00,  0.093,  15.52,  0.044,   1.30,  0.050, 262.03,-99.000, -99.00,-99.000, -99.00,-99.000, -99.00,-99.000, -99.00,
9/12/2006 07:50:00, 10.7,276.0,  1.2,  3.0, 18.692, 29.36,  0.0,  0.0,  0.069,  13.43,  0.147, 332.91,  0.142, 330.36,  0.048, 351.53,  0.084, 344.15,  0.048, 356.42,  0.083, 339.61,  0.063,   1.82,  0.089,  15.59,  0.106, 333.68,  0.068, 331.93,  0.098, 350.63,  0.099, 331.62,  0.054, 316.51,  0.087, 279.89,  0.022, 161.57,-99.000, -99.00,-99.000, -99.00,-99.000, -99.00,-99.000, -99.00,
9/12/2006 07:55:00, 10.7,275.9,  1.2,  2.9, 18.711, 29.36,  0.0,  0.0,  0.112,   1.53,  0.149, 341.57,  0.089, 331.70,  0.083, 352.36,  0.063,  38.52,  0.159, 327.61,  0.196, 345.54,  0.064, 352.76,  0.045, 343.18,  0.038, 234.64,  0.084, 309.19,  0.090, 349.07,  0.076, 331.75,  0.142, 287.67,  0.107, 303.99,  0.135,   5.12,-99.000, -99.00,-99.000, -99.00,-99.000, -99.00,-99.000, -99.00,
9/12/2006 08:00:00, 10.7,276.0,  1.2,  3.0, 18.697, 29.36,  0.0,  0.0,  0.092,   7.51,  0.174,   7.62,  0.099,   5.83,  0.087, 336.37,  0.040, 339.78,  0.067,   0.86,  0.144, 347.12,  0.152, 293.69,  0.132, 314.69,  0.085, 320.71,  0.104, 326.00,  0.086, 291.80,  0.086, 293.29,  0.139, 308.85,  0.091, 338.78,  0.046, 351.16,-99.000, -99.00,-99.000, -99.00,-99.000, -99.00,-99.000, -99.00,
9/12/2006 08:05:00, 10.7,275.9,  1.2,  2.9, 18.720, 29.36,  0.0,  0.0,  0.133, 305.24,  0.178, 328.10,  0.053, 221.19,  0.102, 276.22,  0.055, 332.05,  0.097, 325.98,  0.026, 330.52,  0.090, 333.72,  0.095,  31.17,  0.098, 326.63,  0.015,   7.59,  0.053, 285.35,  0.027, 293.75,  0.037,  36.25,  0.061, 306.30,  0.059, 314.31,-99.000, -99.00,-99.000, -99.00,-99.000, -99.00,-99.000, -99.00,
9/12/2006 08:10:00, 10.7,276.0,  1.2,  3.0, 18.720, 29.36,  0.0,  0.0,  0.091,  41.01,  0.056,  26.57,  0.111, 335.05,  0.149,  16.00,  0.094, 331.53,  0.088, 338.68,  0.108, 302.96,  0.065, 261.12,  0.065, 280.62,  0.064, 313.73,  0.017,  45.00,  0.031, 335.10,  0.013,  22.62,  0.070, 274.09,  0.072, 329.17,  0.125, 342.29,-99.000, -99.00,-99.000, -99.00,-99.000, -99.00,-99.000, -99.00,
9/12/2006 08:15:00, 10.7,276.0,  1.2,  3.0, 18.740, 29.36,  0.0,  0.0,  0.122,  16.65,  0.095, 328.31,  0.138,  15.15,  0.081,  43.51,  0.108, 318.37,  0.105,  51.17,  0.024,  22.25,  0.156, 308.77,  0.138, 304.04,  0.045, 354.92,  0.042, 348.96,  0.058, 354.09,  0.044, 323.39,  0.091, 291.22,  0.067, 266.58,  0.126, 339.13,-99.000, -99.00,-99.000, -99.00,-99.000, -99.00,-99.000, -99.00,
9/12/2006 08:20:00, 10.7,275.9,  1.2,  3.0, 18.746, 29.36,  0.0,  0.0,  0.086,  31.65,  0.047, 318.47,  0.013, 321.34,  0.119, 353.71,  0.155, 334.43,  0.113, 330.95,  0.098, 346.39,  0.059,  33.15,  0.047, 335.06,  0.075, 307.94,  0.119, 316.36,  0.109, 301.05,  0.089, 312.27,  0.107, 314.25,  0.118, 297.22,  0.090, 332.30,-99.000, -99.00,-99.000, -99.00,-99.000, -99.00,-99.000, -99.00,
9/12/2006 08:25:00, 10.7,276.0,  1.2,  2.9, 18.756, 29.36,  0.0,  0.0,  0.043,  54.46,  0.098,  13.61,  0.041, 322.00,  0.094, 347.74,  0.114,   4.51,  0.056,  30.26,  0.060,  29.15,  0.030, 287.24,  0.127, 320.43,  0.112, 279.21,  0.103, 284.57,  0.052, 234.46,  0.114, 268.49,  0.136, 277.18,  0.110, 293.06,  0.056, 268.98,-99.000, -99.00,-99.000, -99.00,-99.000, -99.00,-99.000, -99.00,
9/12/2006 08:30:00, 10.7,276.0,  1.2,  3.0, 18.763, 29.36,  0.0,  0.0,  0.051, 334.44,  0.081, 356.47,  0.052,  23.63,  0.048, 341.94,  0.143, 356.80,  0.113, 353.88,  0.038,  25.20,  0.060, 291.45,  0.129, 305.54,  0.095, 311.58,  0.129, 291.39,  0.221, 298.65,  0.099, 310.10,  0.111, 263.26,  0.163, 272.46,  0.022, 190.30,-99.000, -99.00,-99.000, -99.00,-99.000, -99.00,-99.000, -99.00,
9/12/2006 08:35:00, 10.7,276.0,  1.3,  2.9, 18.773, 29.36,  0.0,  0.0,  0.030,  72.76,  0.104,  16.17,  0.126, 357.73,  0.145,   1.97,  0.151, 322.83,  0.065, 340.17,  0.066, 321.75,  0.069, 293.96,  0.101, 300.38,  0.086, 307.41,  0.079, 300.47,  0.049,   8.13,  0.097, 293.12,  0.084, 270.00,  0.111, 271.03,  0.036, 316.12,-99.000, -99.00,-99.000, -99.00,-99.000, -99.00,-99.000, -99.00,
9/12/2006 08:40:00, 10.7,275.9,  1.2,  3.0, 18.786, 29.37,  0.0,  0.0,  0.134,  41.07,  0.082, 338.46,  0.072, 345.58,  0.034,  37.87,  0.032,  46.27,  0.081, 285.75,  0.086,  43.12,  0.106, 279.20,  0.091, 303.34,  0.067, 309.59,  0.037, 308.42,  0.041, 195.75,  0.143, 253.34,  0.128, 241.64,  0.119, 266.63,  0.054, 271.06,-99.000, -99.00,-99.000, -99.00,-99.000, -99.00,-99.000, -99.00,
9/12/2006 08:45:00, 10.7,276.0,  1.2,  3.0, 18.781, 29.37,  0.0,  0.0,  0.044, 304.78,  0.078,   0.73,  0.113,  41.42,  0.132,   3.47,  0.014,  24.78,  0.018,   0.00,  0.062, 305.75,  0.041,   8.33,  0.004,   0.00,  0.076, 311.26,  0.110, 321.99,  0.121, 302.51,  0.152, 290.82,  0.145, 285.57,  0.068, 325.15,  0.057, 277.00,-99.000, -99.00,-99.000, -99.00,-99.000, -99.00,-99.000, -99.00,
9/12/2006 08:50:00, 10.7,276.0,  1.3,  3.0, 18.792, 29.37,  0.0,  0.0,  0.114, 335.01,  0.132,   3.47,  0.189,  24.67,  0.112,  16.02,  0.099, 324.87,  0.091, 334.56,  0.113, 330.26,  0.014, 320.71,  0.084, 286.50,  0.090, 330.02,  0.018, 257.47,  0.088, 315.00,  0.086, 280.66,  0.102, 292.53,  0.050, 295.02,  0.102, 237.88,-99.000, -99.00,-99.000, -99.00,-99.000, -99.00,-99.000, -99.00,
9/12/2006 08:55:00, 10.7,275.9,  1.3,  3.0, 18.792, 29.37,  0.0,  0.0,  0.148, 349.52,  0.113,  29.74,  0.071,  10.52,  0.019, 332.10,  0.090,   2.54,  0.098,  34.18,  0.075, 354.67,  0.141, 320.19,  0.087, 294.50,  0.111, 270.00,  0.080, 270.00,  0.135, 299.22,  0.154, 308.95,  0.093, 266.92,  0.138, 273.32,  0.066, 239.93,-99.000, -99.00,-99.000, -99.00,-99.000, -99.00,-99.000, -99.00,
9/12/2006 09:00:00, 10.7,275.9,  1.3,  2.9, 18.797, 29.37,  0.0,  0.0,  0.096,  23.36,  0.095, 346.55,  0.119, 329.12,  0.097, 351.70,  0.145, 335.03,  0.079,   0.00,  0.064, 353.76,  0.081, 347.16,  0.041,   1.40,  0.090, 346.58,  0.128, 321.34,  0.111, 268.97,  0.053, 260.18,  0.030, 260.54,  0.077, 334.76,  0.019, 152.10,-99.000, -99.00,-99.000, -99.00,-99.000, -99.00,-99.000, -99.00,
9/12/2006 09:05:00, 10.7,275.9,  1.3,  2.9, 18.819, 29.37,  0.0,  0.0,  0.141, 340.54,  0.099,   6.98,  0.070, 336.37,  0.088,   6.56,  0.109,  12.76,  0.083, 340.91,  0.108,  19.44,  0.115, 337.46,  0.056, 348.69,  0.097, 331.06,  0.133, 323.56,  0.076, 293.20,  0.021, 223.03,  0.069, 340.51,  0.049, 345.96,  0.049, 274.67,-99.000, -99.00,-99.000, -99.00,-99.000, -99.00,-99.000, -99.00,
9/12/2006 09:10:00, 10.7,275.9,  1.3,  2.9, 18.835, 29.38,  0.0,  0.0,  0.055,  29.36,  0.213,   7.02,  0.101, 327.57,  0.064, 342.70,  0.069, 303.23,  0.091,   1.26,  0.074,   7.80,  0.130,  21.23,  0.028,  70.91,  0.007,  90.00,  0.069, 336.04,  0.081, 323.56,  0.140, 326.99,  0.045,  14.04,  0.119, 320.13,  0.093, 318.93,-99.000, -99.00,-99.000, -99.00,-99.000, -99.00,-99.000, -99.00,
9/12/2006 09:15:00, 10.7,276.0,  1.3,  3.0, 18.839, 29.38,  0.0,  0.0,  0.108, 338.20,  0.102, 287.19,  0.110, 234.28,  0.088, 332.27,  0.093, 329.57,  0.195, 326.72,  0.184, 293.36,  0.149, 347.18,  0.120, 313.65,  0.096, 342.32,  0.149, 313.91,  0.047, 253.89,  0.067, 291.96,  0.046, 335.66,  0.062, 293.68,  0.073, 272.35,-99.000, -99.00,-99.000, -99.00,-99.000, -99.00,-99.000, -99.00,
9/12/2006 09:20:00, 10.7,276.1,  1.3,  3.0, 18.848, 29.38,  0.0,  0.0,  0.071,  25.11,  0.103,  27.06,  0.098,  68.42,  0.027,  33.11,  0.119, 326.98,  0.110, 331.81,  0.049, 266.50,  0.025, 319.90,  0.064, 350.98,  0.085, 316.91,  0.078, 339.70,  0.109,  18.77,  0.147, 313.35,  0.111, 305.12,  0.113, 259.29,  0.023, 162.35,-99.000, -99.00,-99.000, -99.00,-99.000, -99.00,-99.000, -99.00,
9/12/2006 09:25:00, 10.7,276.0,  1.3,  2.9, 18.860, 29.38,  0.0,  0.0,  0.089, 324.16,  0.087, 292.42,  0.078,  33.49,  0.045, 323.13,  0.011,  26.57,  0.099, 314.18,  0.060,   8.67,  0.024, 294.44,  0.069,   4.97,  0.038, 338.20,  0.078, 353.33,  0.033,  98.62,  0.020, 130.91,  0.037, 279.21,  0.059, 284.74,  0.026, 215.54,-99.000, -99.00,-99.000, -99.00,-99.000, -99.00,-99.000, -99.00,
9/12/2006 09:30:00, 10.7,275.9,  1.3,  2.9, 18.870, 29.38,  0.0,  0.0,  0.109, 344.56,  0.089, 314.09,  0.112, 290.38,  0.112, 342.37,  0.094, 317.15,  0.131, 294.81,  0.110, 307.60,  0.085, 290.56,  0.091, 299.67,  0.133, 310.74,  0.106, 324.21,  0.077, 321.34,  0.161, 300.54,  0.155, 305.54,  0.076, 311.26,  0.041, 282.68,-99.000, -99.00,-99.000, -99.00,-99.000, -99.00,-99.000, -99.00,
9/12/2006 09:35:00, 10.7,275.9,  1.3,  2.9, 18.877, 29.38,  0.0,  0.0,  0.055, 325.44,  0.036,  26.57,  0.067, 339.94,  0.097, 282.46,  0.039, 346.68,  0.059, 221.55,  0.035, 338.50,  0.052, 354.51,  0.098,  79.38,  0.106, 344.65,  0.070, 306.87,  0.105, 340.02,  0.065, 327.53,  0.109, 273.67,  0.090, 321.74,  0.060, 289.33,-99.000, -99.00,-99.000, -99.00,-99.000, -99.00,-99.000, -99.00,
9/12/2006 09:40:00, 10.7,276.0,  1.3,  3.0, 18.891, 29.38,  0.0,  0.0,  0.044,  99.25,  0.065, 309.35,  0.115, 285.60,  0.101, 303.69,  0.100, 293.50,  0.024, 340.82,  0.056, 351.72,  0.072, 338.79,  0.099, 348.35,  0.055, 328.32,  0.075,  13.11,  0.135, 344.52,  0.102, 300.58,  0.108, 295.85,  0.033, 289.54,  0.049, 350.54,-99.000, -99.00,-99.000, -99.00,-99.000, -99.00,-99.000, -99.00,
9/12/2006 09:45:00, 10.7,275.9,  1.3,  3.0, 18.893, 29.38,  0.0,  0.0,  0.029, 339.68,  0.048, 270.00,  0.148, 285.73,  0.057, 263.99,  0.101, 242.93,  0.108, 276.40,  0.130, 289.27,  0.133, 274.73,  0.061, 227.66,  0.095, 280.36,  0.077, 283.50,  0.148, 313.08,  0.087, 333.43,  0.085, 313.09,  0.062, 265.39,  0.051, 272.25,-99.000, -99.00,-99.000, -99.00,-99.000, -99.00,-99.000, -99.00,
9/12/2006 09:50:00, 10.7,275.9,  1.3,  2.9, 18.915, 29.38,  0.0,  0.0,  0.087,  76.76,  0.041, 332.18,  0.133, 330.74,  0.059, 326.04,  0.091, 335.97,  0.048, 242.90,  0.056, 273.07,  0.101, 266.04,  0.062, 318.90,  0.075, 335.49,  0.103, 340.16,  0.081, 289.56,  0.071, 282.26,  0.094, 286.11,  0.108, 283.91,  0.080, 304.29,-99.000, -99.00,-99.000, -99.00,-99.000, -99.00,-99.000, -99.00,
9/12/2006 09:55:00, 10.7,275.9,  1.3,  2.9, 18.915, 29.39,  0.0,  0.0,  0.163, 286.43,  0.089, 309.56,  0.085, 292.93,  0.152, 321.93,  0.077, 320.29,  0.029, 243.43,  0.076,   9.09,  0.141,  18.18,  0.081,  16.43,  0.074, 307.33,  0.057, 240.75,  0.114, 265.99,  0.119, 295.92,  0.129, 330.64,  0.088, 330.82,  0.053, 347.01,-99.000, -99.00,-99.000, -99.00,-99.000, -99.00,-99.000, -99.00,
9/12/2006 10:00:00, 10.7,276.0,  1.3,  2.9, 18.938, 29.39,  0.0,  0.0,  0.052, 327.53,  0.036,  37.18,  0.106, 311.19,  0.124, 347.87,  0.132, 343.76,  0.103, 308.31,  0.148, 346.34,  0.216, 291.70,  0.140, 315.58,  0.183, 328.66,  0.139, 332.51,  0.233, 296.46,  0.092, 294.34,  0.057, 305.66,  0.073, 335.88,  0.098, 277.05,-99.000, -99.00,-99.000, -99.00,-99.000, -99.00,-99.000, -99.00,
9/12/2006 10:05:00, 10.7,275.9,  1.3,  2.9, 18.942, 29.39,  0.0,  0.0,  0.192, 343.07,  0.033, 319.97,  0.008, 270.00,  0.196, 289.63,  0.190, 290.63,  0.161, 315.00,  0.168, 283.46,  0.129, 267.34,  0.158, 272.17,  0.126, 250.99,  0.145, 273.95,  0.140, 307.44,  0.072, 326.98,  0.125, 281.04,  0.139, 297.49,  0.061, 258.69,-99.000, -99.00,-99.000, -99.00,-99.000, -99.00,-99.000, -99.00,
9/12/2006 10:10:00, 10.7,275.9,  1.3,  3.0, 18.952, 29.39,  0.0,  0.0,  0.032,  29.74,  0.024, 106.93,  0.089, 242.00,  0.108, 310.49,  0.075, 324.82,  0.123, 322.57,  0.073, 295.16,  0.085, 260.54,  0.025, 333.43,  0.118, 350.22,  0.088, 273.25,  0.071, 327.65,  0.035,   0.00,  0.023,   7.43,  0.112, 268.98,  0.103, 163.67,-99.000, -99.00,-99.000, -99.00,-99.000, -99.00,-99.000, -99.00,
9/12/2006 10:15:00, 10.7,276.0,  1.3,  3.0, 18.962, 29.39,  0.0,  0.0,  0.112, 271.53,  0.099, 308.84,  0.132, 299.48,  0.178, 316.36,  0.040, 301.70,  0.070, 355.91,  0.110, 333.43,  0.118, 275.86,  0.151, 305.27,  0.188, 297.25,  0.150, 249.26,  0.178, 283.02,  0.105, 250.53,  0.118, 254.32,  0.098, 267.08,  0.102, 227.39,-99.000, -99.00,-99.000, -99.00,-99.000, -99.00,-99.000, -99.00,
9/12/2006 10:20:00, 10.7,276.0,  1.3,  3.0, 18.977, 29.39,  0.0,  0.0,  0.142, 342.84,  0.118, 332.13,  0.097, 338.75,  0.067, 271.71,  0.052, 311.08,  0.054, 307.50,  0.175, 315.70,  0.045,  18.03,  0.074, 332.74,  0.116, 302.32,  0.169, 257.36,  0.169, 267.63,  0.059, 270.00,  0.100, 269.43,  0.128, 265.98,  0.055, 278.43,-99.000, -99.00,-99.000, -99.00,-99.000, -99.00,-99.000, -99.00,
9/12/2006 10:25:00, 10.7,276.0,  1.3,  3.0, 18.977, 29.39,  0.0,  0.0,  0.115, 335.89,  0.124, 304.46,  0.050, 347.35,  0.105, 316.55,  0.099, 305.94,  0.101, 340.84,  0.157, 330.66,  0.129, 322.86,  0.102, 323.35,  0.093, 300.43,  0.102, 302.60,  0.070, 347.56,  0.102, 316.59,  0.034, 259.70,  0.065, 262.98,  0.034, 334.18,-99.000, -99.00,-99.000, -99.00,-99.000, -99.00,-99.000, -99.00,
9/12/2006 10:30:00, 10.7,276.1,  1.3,  2.9, 18.986, 29.39,  0.0,  0.0,  0.103, 312.65,  0.172, 298.50,  0.161, 249.99,  0.211, 311.93,  0.130, 303.08,  0.133, 296.37,  0.102, 275.04,  0.179, 292.99,  0.168, 300.38,  0.158, 307.52,  0.163, 288.66,  0.096, 293.36,  0.072, 258.85,  0.059, 270.00,  0.108, 297.51,  0.091, 263.66,-99.000, -99.00,-99.000, -99.00,-99.000, -99.00,-99.000, -99.00,
9/12/2006 10:35:00, 10.7,276.0,  1.3,  3.0, 18.981, 29.39,  0.0,  0.0,  0.166, 325.83,  0.078, 322.25,  0.196, 302.31,  0.106, 291.00,  0.064, 306.69,  0.122, 324.35,  0.103, 317.35,  0.112, 293.13,  0.105, 284.97,  0.185, 297.40,  0.184, 279.05,  0.154, 278.97,  0.183, 270.31,  0.172, 296.57,  0.047, 312.44,  0.052, 208.52,-99.000, -99.00,-99.000, -99.00,-99.000, -99.00,-99.000, -99.00,
9/12/2006 10:40:00, 10.7,276.0,  1.3,  2.9, 18.998, 29.39,  0.0,  0.0,  0.105, 288.95,  0.159, 316.78,  0.158, 295.10,  0.202, 266.32,  0.086, 327.78,  0.152, 310.19,  0.168, 291.67,  0.082, 334.06,  0.165, 315.00,  0.181, 325.61,  0.121, 330.90,  0.088, 305.31,  0.169, 317.64,  0.140, 301.31,  0.104, 279.37,  0.087, 272.63,-99.000, -99.00,-99.000, -99.00,-99.000, -99.00,-99.000, -99.00,
9/12/2006 10:45:00, 10.7,275.9,  1.3,  2.9, 19.004, 29.39,  0.0,  0.0,  0.175, 302.14,  0.151, 319.56,  0.172, 306.47,  0.161, 244.23,  0.138, 305.54,  0.272, 310.24,  0.125, 312.40,  0.120, 301.05,  0.135, 301.69,  0.182, 319.67,  0.122, 323.32,  0.225, 308.50,  0.187, 327.25,  0.126, 330.99,  0.102, 282.41,  0.120, 269.52,-99.000, -99.00,-99.000, -99.00,-99.000, -99.00,-99.000, -99.00,
9/12/2006 10:50:00, 10.7,275.9,  1.3,  2.9, 19.012, 29.39,  0.0,  0.0,  0.138, 305.30,  0.217, 282.24,  0.127, 301.43,  0.091, 305.61,  0.079, 315.00,  0.109, 307.92,  0.157, 283.24,  0.197, 293.58,  0.135, 301.33,  0.105, 271.64,  0.215, 289.03,  0.214, 292.25,  0.144, 271.99,  0.100, 266.00,  0.138, 290.41,  0.078, 307.75,-99.000, -99.00,-99.000, -99.00,-99.000, -99.00,-99.000, -99.00,
9/12/2006 10:55:00, 10.7,275.8,  1.3,  3.0, 19.021, 29.39,  0.0,  0.0,  0.158, 303.08,  0.099, 293.20,  0.057, 337.46,  0.153, 304.10,  0.123, 280.76,  0.153, 299.42,  0.119, 298.73,  0.130, 294.01,  0.048, 272.39,  0.060, 341.57,  0.081, 256.48,  0.018, 253.61,  0.119, 295.92,  0.180, 284.50,  0.174, 283.96,  0.078, 274.40,-99.000, -99.00,-99.000, -99.00,-99.000, -99.00,-99.000, -99.00,
9/12/2006 11:00:00, 10.7,276.0,  1.3,  2.9, 19.027, 29.39,  0.0,  0.0,  0.250, 309.81,  0.097, 329.74,  0.154, 315.00,  0.192, 319.66,  0.132, 302.01,  0.182, 315.67,  0.257, 315.16,  0.153, 283.58,  0.147, 289.05,  0.229, 308.62,  0.106, 250.71,  0.210, 264.53,  0.239, 266.15,  0.166, 260.99,  0.068, 244.57,  0.075, 217.94,-99.000, -99.00,-99.000, -99.00,-99.000, -99.00,-99.000, -99.00,
9/12/2006 11:05:00, 10.7,276.0,  1.3,  2.9, 19.034, 29.39,  0.0,  0.0,  0.284, 274.65,  0.148, 303.15,  0.199, 318.06,  0.111,   0.00,  0.171, 324.27,  0.108, 346.61,  0.115, 314.65,  0.117, 308.74,  0.121, 290.22,  0.193, 290.03,  0.166, 289.31,  0.160, 281.17,  0.152, 284.49,  0.221, 281.46,  0.200, 283.27,  0.102, 239.42,-99.000, -99.00,-99.000, -99.00,-99.000, -99.00,-99.000, -99.00,
9/12/2006 11:10:00, 10.7,276.0,  1.3,  3.0, 19.046, 29.39,  0.0,  0.0,  0.118, 313.97,  0.160, 295.12,  0.113, 300.88,  0.068, 255.56,  0.193, 297.10,  0.110, 291.41,  0.089, 299.74,  0.035, 332.70,  0.089, 315.91,  0.152, 275.67,  0.185, 287.26,  0.174, 275.61,  0.187, 270.00,  0.176, 287.20,  0.175, 274.25,  0.127, 235.93,-99.000, -99.00,-99.000, -99.00,-99.000, -99.00,-99.000, -99.00,
9/12/2006 11:15:00, 10.7,276.2,  1.3,  3.0, 19.041, 29.38,  0.0,  0.0,  0.163, 315.25,  0.163, 306.52,  0.182, 314.11,  0.166, 297.18,  0.110, 331.81,  0.176, 318.69,  0.193, 327.71,  0.166, 336.98,  0.066, 291.16,  0.222, 297.37,  0.275, 304.50,  0.240, 288.74,  0.146, 267.65,  0.201, 275.43,  0.216, 303.47,  0.118, 285.21,-99.000, -99.00,-99.000, -99.00,-99.000, -99.00,-99.000, -99.00,
9/12/2006 11:20:00, 10.7,276.0,  1.3,  2.9, 19.048, 29.38,  0.0,  0.0,  0.113, 307.79,  0.135, 312.30,  0.075, 325.89,  0.135, 302.28,  0.163, 313.26,  0.078, 297.55,  0.120, 294.64,  0.151, 296.40,  0.232, 278.41,  0.217, 283.84,  0.194, 281.02,  0.198, 270.87,  0.173, 270.33,  0.229, 283.13,  0.215, 287.00,  0.113, 281.71,-99.000, -99.00,-99.000, -99.00,-99.000, -99.00,-99.000, -99.00,
9/12/2006 11:25:00, 10.7,275.9,  1.3,  2.9, 19.040, 29.38,  0.0,  0.0,  0.134, 316.21,  0.139, 323.46,  0.135, 315.90,  0.086, 296.86,  0.083, 291.29,  0.122, 300.96,  0.183, 294.18,  0.125, 304.20,  0.191, 284.83,  0.221, 285.73,  0.190, 281.55,  0.202, 287.27,  0.219, 283.21,  0.239, 286.77,  0.187, 292.03,  0.107, 278.58,-99.000, -99.00,-99.000, -99.00,-99.000, -99.00,-99.000, -99.00,
9/12/2006 11:30:00, 10.7,276.0,  1.3,  2.9, 19.053, 29.38,  0.0,  0.0,  0.074, 288.19,  0.178, 300.47,  0.094, 330.71,  0.166, 320.37,  0.186, 304.29,  0.217, 297.39,  0.198, 287.98,  0.091, 282.67,  0.199, 295.54,  0.216, 297.28,  0.195, 275.30,  0.268, 282.48,  0.262, 274.60,  0.219, 268.69,  0.229, 284.16,  0.193, 267.92,-99.000, -99.00,-99.000, -99.00,-99.000, -99.00,-99.000, -99.00,
9/12/2006 11:35:00, 10.7,276.1,  1.3,  3.0, 19.059, 29.38,  0.0,  0.0,  0.158, 301.77,  0.143, 305.35,  0.173, 300.28,  0.173, 302.04,  0.162, 302.42,  0.196, 305.88,  0.161, 292.26,  0.272, 301.47,  0.237, 305.03,  0.139, 264.62,  0.203, 284.86,  0.250, 283.87,  0.148, 282.45,  0.278, 269.38,  0.213, 288.86,  0.136, 287.50,-99.000, -99.00,-99.000, -99.00,-99.000, -99.00,-99.000, -99.00,
9/12/2006 11:40:00, 10.7,276.0,  1.3,  2.9, 19.054, 29.39,  0.0,  0.0,  0.239, 332.04,  0.081, 321.01,  0.125, 323.13,  0.262, 293.63,  0.247, 306.27,  0.221, 299.23,  0.156, 309.81,  0.177, 309.27,  0.174, 297.74,  0.285, 284.87,  0.247, 277.21,  0.292, 272.16,  0.220, 290.74,  0.247, 281.22,  0.292, 276.69,  0.180, 234.02,-99.000, -99.00,-99.000, -99.00,-99.000, -99.00,-99.000, -99.00,
9/12/2006 11:45:00, 10.7,276.0,  1.2,  3.0, 19.065, 29.40,  0.0,  0.0,  0.122, 328.39,  0.187, 307.85,  0.196, 302.72,  0.201, 304.24,  0.171, 300.62,  0.242, 311.32,  0.166, 281.85,  0.177, 298.30,  0.170, 295.36,  0.162, 254.59,  0.153, 259.43,  0.236, 293.52,  0.238, 304.56,  0.267, 288.57,  0.238, 278.20,  0.148, 224.45,-99.000, -99.00,-99.000, -99.00,-99.000, -99.00,-99.000, -99.00,
9/12/2006 11:50:00, 10.7,275.9,  1.3,  2.9, 19.071, 29.41,  0.0,  0.0,  0.120, 355.24,  0.186, 305.39,  0.129, 327.05,  0.092, 312.36,  0.230, 318.70,  0.204, 302.21,  0.162, 297.51,  0.207, 278.87,  0.155, 287.27,  0.269, 305.64,  0.198, 299.92,  0.222, 294.25,  0.245, 282.50,  0.351, 282.85,  0.249, 270.92,  0.132, 221.92,-99.000, -99.00,-99.000, -99.00,-99.000, -99.00,-99.000, -99.00,
9/12/2006 11:55:00, 10.7,276.0,  1.3,  2.9, 19.083, 29.42,  0.0,  0.0,  0.199, 334.72,  0.222, 326.74,  0.164, 313.03,  0.247, 333.54,  0.238, 313.13,  0.218, 321.34,  0.268, 326.73,  0.205, 300.82,  0.149, 312.82,  0.159, 322.41,  0.257, 313.26,  0.214, 309.12,  0.214, 306.44,  0.184, 282.53,  0.211, 305.95,  0.091, 256.72,-99.000, -99.00,-99.000, -99.00,-99.000, -99.00,-99.000, -99.00,
9/12/2006 12:00:00, 10.6,276.0,  1.3,  3.0, 19.080, 29.42,  0.0,  0.0,  0.209, 329.88,  0.138, 328.04,  0.125, 321.48,  0.189, 319.50,  0.246, 315.00,  0.235, 296.57,  0.217, 301.64,  0.266, 304.11,  0.249, 305.03,  0.229, 293.43,  0.245, 281.08,  0.241, 285.65,  0.324, 295.38,  0.284, 281.59,  0.271, 299.59,  0.132, 315.31,-99.000, -99.00,-99.000, -99.00,-99.000, -99.00,-99.000, -99.00,
9/12/2006 12:05:00, 10.6,276.0,  1.3,  2.9, 19.068, 29.42,  0.0,  0.0,  0.140, 335.08,  0.116, 343.44,  0.176, 327.03,  0.171, 321.18,  0.207, 313.63,  0.243, 294.03,  0.301, 298.35,  0.237, 279.46,  0.235, 290.44,  0.213, 294.40,  0.229, 280.08,  0.242, 282.14,  0.194, 299.60,  0.274, 285.86,  0.305, 276.59,  0.149, 263.07,-99.000, -99.00,-99.000, -99.00,-99.000, -99.00,-99.000, -99.00,
9/12/2006 12:10:00, 10.6,276.0,  1.3,  2.9, 19.082, 29.43,  0.0,  0.0,  0.151, 317.96,  0.193, 339.97,  0.187, 290.38,  0.274, 309.38,  0.220, 308.54,  0.194, 300.00,  0.270, 307.17,  0.280, 307.44,  0.226, 298.61,  0.204, 288.88,  0.230, 272.74,  0.289, 278.16,  0.247, 267.45,  0.274, 265.18,  0.284, 266.36,  0.147, 202.89,-99.000, -99.00,-99.000, -99.00,-99.000, -99.00,-99.000, -99.00,
9/12/2006 12:15:00, 10.6,276.0,  1.3,  2.9, 19.078, 29.44,  0.0,  0.0,  0.240, 293.79,  0.162, 297.99,  0.233, 319.53,  0.223, 300.13,  0.189, 320.58,  0.269, 312.59,  0.252, 322.09,  0.183, 339.88,  0.190, 340.04,  0.169, 331.31,  0.221, 315.73,  0.217, 299.88,  0.240, 257.76,  0.187, 261.09,  0.200, 274.31,  0.137, 236.31,-99.000, -99.00,-99.000, -99.00,-99.000, -99.00,-99.000, -99.00,
9/12/2006 12:20:00, 10.6,276.0,  1.3,  2.9, 19.087, 29.44,  0.0,  0.0,  0.182, 355.26,  0.174, 345.72,  0.287, 342.57,  0.169,   2.71,  0.287, 344.03,  0.266, 322.18,  0.257, 312.00,  0.223, 321.18,  0.224, 294.27,  0.268, 278.16,  0.157, 311.12,  0.171, 304.06,  0.301, 272.28,  0.317, 265.66,  0.292, 256.92,  0.179, 276.41,-99.000, -99.00,-99.000, -99.00,-99.000, -99.00,-99.000, -99.00,
9/12/2006 12:25:00, 10.6,276.0,  1.3,  2.9, 19.072, 29.44,  0.0,  0.0,  0.127, 335.85,  0.080, 310.45,  0.173, 318.04,  0.211, 280.94,  0.187, 270.00,  0.207, 273.04,  0.289, 271.98,  0.330, 282.60,  0.276, 296.66,  0.197, 274.38,  0.243, 281.17,  0.275, 282.17,  0.312, 271.10,  0.274, 276.92,  0.275, 270.42,  0.250, 281.08,-99.000, -99.00,-99.000, -99.00,-99.000, -99.00,-99.000, -99.00,
9/12/2006 12:30:00, 10.6,276.0,  1.3,  3.0, 19.089, 29.45,  0.0,  0.0,  0.194, 292.08,  0.122, 322.66,  0.159, 331.82,  0.208, 303.84,  0.218, 309.23,  0.081, 317.01,  0.163, 284.55,  0.256, 294.26,  0.191, 273.00,  0.086, 284.20,  0.178, 283.02,  0.214, 259.48,  0.188, 259.59,  0.237, 268.07,  0.263, 269.56,  0.304, 262.24,-99.000, -99.00,-99.000, -99.00,-99.000, -99.00,-99.000, -99.00,
9/12/2006 12:35:00, 10.6,276.1,  1.3,  3.0, 19.081, 29.45,  0.0,  0.0,  0.087, 335.50,  0.214, 312.92,  0.221, 328.68,  0.221, 312.80,  0.216, 312.18,  0.235, 314.83,  0.170, 296.57,  0.203, 281.09,  0.238, 303.16,  0.198, 281.37,  0.242, 269.29,  0.249, 269.08,  0.254, 265.71,  0.269, 282.44,  0.247, 293.35,  0.216, 267.61,-99.000, -99.00,-99.000, -99.00,-99.000, -99.00,-99.000, -99.00,
9/12/2006 12:40:00, 10.6,276.0,  1.3,  3.0, 19.075, 29.46,  0.0,  0.0,  0.222, 333.55,  0.309, 326.88,  0.186, 322.64,  0.288, 326.75,  0.315, 313.84,  0.274, 324.34,  0.221, 314.63,  0.172, 287.59,  0.194, 311.24,  0.134, 315.30,  0.199, 304.17,  0.292, 300.96,  0.171, 306.94,  0.187, 270.61,  0.210, 277.94,  0.199, 284.88,-99.000, -99.00,-99.000, -99.00,-99.000, -99.00,-99.000, -99.00,
9/12/2006 12:45:00, 10.6,276.0,  1.3,  3.0, 19.085, 29.46,  0.0,  0.0,  0.232, 293.69,  0.130, 324.72,  0.129, 319.40,  0.206, 307.09,  0.195, 293.93,  0.141, 315.86,  0.166, 292.25,  0.273, 265.59,  0.164, 274.91,  0.165, 292.83,  0.251, 282.43,  0.293, 277.66,  0.306, 270.00,  0.342, 272.85,  0.314, 269.45,  0.152, 265.08,-99.000, -99.00,-99.000, -99.00,-99.000, -99.00,-99.000, -99.00,
9/12/2006 12:50:00, 10.6,276.0,  1.3,  2.9, 19.084, 29.47,  0.0,  0.0,  0.155, 272.59,  0.186, 286.58,  0.123, 343.93,  0.153, 316.06,  0.164, 337.35,  0.222, 316.46,  0.144, 299.94,  0.251, 303.12,  0.230, 286.15,  0.186, 278.35,  0.276, 285.15,  0.186, 280.83,  0.288, 272.39,  0.349, 269.02,  0.246, 257.32,  0.162, 240.43,-99.000, -99.00,-99.000, -99.00,-99.000, -99.00,-99.000, -99.00,
9/12/2006 12:55:00, 10.6,276.0,  1.3,  3.0, 19.086, 29.47,  0.0,  0.0,  0.189, 316.50,  0.148, 293.45,  0.111, 305.12,  0.127, 289.29,  0.146, 285.95,  0.124, 308.44,  0.234, 309.46,  0.058, 344.05,  0.121, 314.66,  0.101, 328.36,  0.178, 309.31,  0.136, 278.43,  0.187, 282.70,  0.220, 271.82,  0.264, 285.35,  0.113, 245.47,-99.000, -99.00,-99.000, -99.00,-99.000, -99.00,-99.000, -99.00,
9/12/2006 13:00:00, 10.6,275.9,  1.3,  2.9, 19.080, 29.47,  0.0,  0.0,  0.148, 283.66,  0.207, 286.59,  0.128, 293.55,  0.150, 298.61,  0.186, 302.23,  0.135, 308.40,  0.122, 317.98,  0.140, 305.39,  0.139, 287.53,  0.172, 292.54,  0.199, 279.56,  0.277, 274.76,  0.233, 269.26,  0.230, 278.24,  0.141, 271.22,  0.184, 279.72,-99.000, -99.00,-99.000, -99.00,-99.000, -99.00,-99.000, -99.00,
9/12/2006 13:05:00, 10.6,276.0,  1.3,  3.0, 19.075, 29.48,  0.0,  0.0,  0.292, 332.91,  0.156, 305.11,  0.174, 327.23,  0.299, 308.21,  0.284, 315.29,  0.193, 290.97,  0.062, 296.98,  0.135, 312.90,  0.166, 306.18,  0.252, 322.09,  0.203, 321.38,  0.224, 296.22,  0.164, 279.46,  0.192, 306.75,  0.221, 303.19,  0.158, 275.82,-99.000, -99.00,-99.000, -99.00,-99.000, -99.00,-99.000, -99.00,
9/12/2006 13:10:00, 10.6,276.1,  1.3,  3.0, 19.073, 29.48,  0.0,  0.0,  0.160, 289.68,  0.128, 284.04,  0.217, 298.57,  0.186, 287.85,  0.144, 313.03,  0.160, 310.17,  0.212, 315.38,  0.228, 294.88,  0.201, 268.29,  0.216, 264.16,  0.251, 283.37,  0.180, 287.13,  0.245, 287.10,  0.167, 280.03,  0.216, 297.63,  0.143, 277.22,-99.000, -99.00,-99.000, -99.00,-99.000, -99.00,-99.000, -99.00,
9/12/2006 13:15:00, 10.6,276.0,  1.3,  2.9, 19.076, 29.47,  0.0,  0.0,  0.235, 313.27,  0.193, 300.56,  0.202, 302.67,  0.198, 307.22,  0.198, 300.96,  0.246, 330.00,  0.148, 303.15,  0.139, 315.29,  0.176, 302.70,  0.233, 295.91,  0.288, 303.52,  0.225, 281.01,  0.193, 286.56,  0.169, 282.64,  0.220, 311.50,  0.100, 285.71,-99.000, -99.00,-99.000, -99.00,-99.000, -99.00,-99.000, -99.00,
9/12/2006 13:20:00, 10.6,276.0,  1.3,  2.9, 19.067, 29.47,  0.0,  0.0,  0.297, 310.35,  0.184, 329.95,  0.202, 309.77,  0.134, 276.01,  0.173, 294.64,  0.221, 308.22,  0.180, 308.46,  0.186, 295.18,  0.244, 285.69,  0.173, 299.09,  0.178, 300.02,  0.313, 299.93,  0.268, 288.71,  0.250, 272.52,  0.214, 279.15,  0.067, 258.02,-99.000, -99.00,-99.000, -99.00,-99.000, -99.00,-99.000, -99.00,
9/12/2006 13:25:00, 10.6,276.0,  1.3,  3.0, 19.073, 29.46,  0.0,  0.0,  0.163, 290.89,  0.229, 319.43,  0.110, 334.13,  0.164, 312.53,  0.217, 306.40,  0.153, 281.68,  0.182, 306.30,  0.183, 312.13,  0.178, 300.74,  0.112, 304.11,  0.243, 280.89,  0.202, 268.30,  0.238, 275.54,  0.222, 273.35,  0.238, 287.60,  0.042, 294.10,-99.000, -99.00,-99.000, -99.00,-99.000, -99.00,-99.000, -99.00,
9/12/2006 13:30:00, 10.6,275.9,  1.3,  3.0, 19.074, 29.45,  0.0,  0.0,  0.234, 311.53,  0.176, 323.07,  0.081, 326.11,  0.168, 267.61,  0.161, 271.78,  0.161, 288.89,  0.208, 262.81,  0.139, 287.13,  0.232, 268.52,  0.209, 255.03,  0.231, 259.76,  0.268, 248.32,  0.273, 271.68,  0.235, 257.74,  0.281, 282.31,  0.093, 250.59,-99.000, -99.00,-99.000, -99.00,-99.000, -99.00,-99.000, -99.00,
9/12/2006 13:35:00, 10.6,276.0,  1.3,  2.9, 19.072, 29.45,  0.0,  0.0,  0.123, 275.62,  0.194, 301.07,  0.133, 297.34,  0.314, 287.63,  0.115, 292.54,  0.185, 290.19,  0.209, 278.25,  0.289, 300.83,  0.258, 278.04,  0.265, 273.90,  0.188, 295.48,  0.240, 272.86,  0.366, 283.73,  0.335, 275.66,  0.256, 279.68,  0.165, 273.12,-99.000, -99.00,-99.000, -99.00,-99.000, -99.00,-99.000, -99.00,
9/12/2006 13:40:00, 10.6,276.0,  1.3,  3.0, 19.065, 29.45,  0.0,  0.0,  0.127, 335.26,  0.146, 275.91,  0.170, 284.28,  0.107, 275.92,  0.169, 304.16,  0.200, 272.00,  0.197, 300.21,  0.123, 303.69,  0.194, 278.59,  0.188, 251.37,  0.277, 269.59,  0.335, 280.30,  0.261, 268.03,  0.303, 269.43,  0.292, 287.57,  0.116, 253.44,-99.000, -99.00,-99.000, -99.00,-99.000, -99.00,-99.000, -99.00,
9/12/2006 13:45:00, 10.6,276.0,  1.3,  3.0, 19.067, 29.44,  0.0,  0.0,  0.050,   5.71,  0.117, 290.44,  0.277, 317.20,  0.184, 324.75,  0.100, 292.97,  0.169, 288.22,  0.206, 272.78,  0.165, 277.64,  0.232, 269.51,  0.289, 273.37,  0.213, 270.00,  0.194, 273.25,  0.247, 272.32,  0.251, 258.51,  0.219, 263.17,  0.129, 245.22,-99.000, -99.00,-99.000, -99.00,-99.000, -99.00,-99.000, -99.00,
9/12/2006 13:50:00, 10.6,276.0,  1.3,  3.0, 19.061, 29.44,  0.0,  0.0,  0.145,   7.91,  0.059, 299.62,  0.111, 305.84,  0.072, 243.79,  0.180, 270.64,  0.197, 283.82,  0.216, 263.37,  0.184, 278.44,  0.234, 278.10,  0.205, 267.77,  0.250, 271.37,  0.217, 275.29,  0.209, 285.57,  0.168, 290.16,  0.243, 291.27,  0.075, 245.49,-99.000, -99.00,-99.000, -99.00,-99.000, -99.00,-99.000, -99.00,
9/12/2006 13:55:00, 10.6,276.2,  1.3,  3.0, 19.057, 29.44,  0.0,  0.0,  0.201, 319.24,  0.197, 300.21,  0.206, 296.19,  0.219, 314.07,  0.192, 320.27,  0.204, 284.79,  0.259, 273.31,  0.193, 276.24,  0.185, 272.17,  0.136, 265.38,  0.158, 291.19,  0.230, 276.75,  0.220, 266.08,  0.234, 282.85,  0.227, 307.48,  0.096, 257.41,-99.000, -99.00,-99.000, -99.00,-99.000, -99.00,-99.000, -99.00,
9/12/2006 14:00:00, 10.6,276.0,  1.3,  2.9, 19.059, 29.44,  0.0,  0.0,  0.059, 310.18,  0.156, 312.92,  0.157, 296.08,  0.220, 292.96,  0.236, 263.69,  0.158, 256.84,  0.233, 285.17,  0.169, 276.12,  0.243, 265.98,  0.248, 271.85,  0.240, 262.34,  0.257, 286.25,  0.124, 289.31,  0.153, 248.48,  0.197, 277.31,  0.103, 244.18,-99.000, -99.00,-99.000, -99.00,-99.000, -99.00,-99.000, -99.00,
9/12/2006 14:05:00, 10.6,276.0,  1.3,  3.0, 19.046, 29.44,  0.0,  0.0,  0.088, 305.31,  0.126, 313.71,  0.162, 276.38,  0.185, 276.82,  0.190, 257.57,  0.226, 245.47,  0.320, 271.97,  0.209, 270.27,  0.199, 265.98,  0.303, 265.64,  0.249, 265.39,  0.226, 253.57,  0.182, 246.68,  0.225, 272.29,  0.155, 259.99,  0.110, 239.48,-99.000, -99.00,-99.000, -99.00,-99.000, -99.00,-99.000, -99.00,
9/12/2006 14:10:00, 10.6,276.0,  1.3,  2.9, 19.042, 29.44,  0.0,  0.0,  0.170, 276.75,  0.200, 300.03,  0.177, 283.41,  0.104, 309.52,  0.142, 270.40,  0.165, 274.88,  0.163, 289.32,  0.259, 270.66,  0.199, 273.16,  0.147, 257.39,  0.200, 276.59,  0.244, 258.87,  0.254, 252.14,  0.167, 259.30,  0.195, 292.35,  0.108, 264.71,-99.000, -99.00,-99.000, -99.00,-99.000, -99.00,-99.000, -99.00,
9/12/2006 14:15:00, 10.6,276.0,  1.3,  2.9, 19.040, 29.44,  0.0,  0.0,  0.148, 254.37,  0.169, 267.97,  0.194, 292.73,  0.165, 303.11,  0.147, 253.04,  0.129, 244.23,  0.228, 252.36,  0.267, 268.07,  0.160, 270.00,  0.186, 282.09,  0.220, 284.73,  0.178, 270.97,  0.246, 291.46,  0.192, 278.97,  0.159, 279.05,  0.131, 248.93,-99.000, -99.00,-99.000, -99.00,-99.000, -99.00,-99.000, -99.00,
9/12/2006 14:20:00, 10.6,276.1,  1.3,  3.0, 19.034, 29.44,  0.0,  0.0,  0.099, 334.21,  0.186, 310.63,  0.161, 332.16,  0.101, 277.97,  0.153, 309.71,  0.183, 321.44,  0.149, 292.09,  0.188, 266.96,  0.231, 288.12,  0.184, 285.77,  0.128, 278.51,  0.148, 267.68,  0.164, 269.30,  0.236, 269.51,  0.217, 280.07,  0.078, 242.45,-99.000, -99.00,-99.000, -99.00,-99.000, -99.00,-99.000, -99.00,
9/12/2006 14:25:00, 10.6,276.0,  1.3,  2.9, 19.032, 29.44,  0.0,  0.0,  0.141, 315.29,  0.128, 296.97,  0.137, 297.88,  0.155, 293.25,  0.042, 281.04,  0.162, 324.54,  0.159, 303.49,  0.112, 282.42,  0.160, 266.78,  0.126, 265.91,  0.176, 281.82,  0.156, 271.47,  0.184, 279.05,  0.199, 276.05,  0.109, 284.29,  0.107, 237.65,-99.000, -99.00,-99.000, -99.00,-99.000, -99.00,-99.000, -99.00,
9/12/2006 14:30:00, 10.6,275.9,  1.3,  3.0, 19.017, 29.44,  0.0,  0.0,  0.192, 298.97,  0.103, 236.46,  0.194, 305.98,  0.202, 296.18,  0.165, 303.11,  0.164, 299.53,  0.155, 313.17,  0.165, 320.15,  0.184, 328.56,  0.110, 273.64,  0.192, 258.87,  0.204, 287.10,  0.169, 272.71,  0.171, 273.35,  0.197, 272.33,  0.102, 265.52,-99.000, -99.00,-99.000, -99.00,-99.000, -99.00,-99.000, -99.00,
9/12/2006 14:35:00, 10.6,276.0,  1.3,  3.0, 19.026, 29.44,  0.0,  0.0,  0.127, 297.78,  0.167, 264.15,  0.064, 243.84,  0.043, 298.93,  0.222, 272.32,  0.172, 276.34,  0.125, 265.43,  0.178, 280.99,  0.071, 244.89,  0.160, 279.70,  0.132, 271.30,  0.109, 278.43,  0.139, 270.00,  0.120, 253.07,  0.164, 276.65,  0.090, 278.31,-99.000, -99.00,-99.000, -99.00,-99.000, -99.00,-99.000, -99.00,
9/12/2006 14:40:00, 10.6,276.0,  1.3,  3.0, 19.013, 29.45,  0.0,  0.0,  0.071,   8.13,  0.077,  44.47,  0.099, 278.70,  0.142, 332.71,  0.158, 316.80,  0.094, 262.65,  0.173, 276.30,  0.126, 281.49,  0.178, 279.04,  0.134, 283.41,  0.214, 268.13,  0.251, 262.22,  0.221, 247.62,  0.218, 272.89,  0.121, 256.08,  0.091, 214.22,-99.000, -99.00,-99.000, -99.00,-99.000, -99.00,-99.000, -99.00,
9/12/2006 14:45:00, 10.6,276.0,  1.3,  3.0, 19.019, 29.45,  0.0,  0.0,  0.062, 290.77,  0.224, 291.18,  0.154, 303.07,  0.144, 275.99,  0.111, 278.79,  0.146, 268.43,  0.123, 275.62,  0.134, 284.24,  0.166, 270.35,  0.218, 274.22,  0.187, 254.18,  0.171, 289.81,  0.201, 287.35,  0.121, 246.18,  0.114, 287.80,  0.085, 270.00,-99.000, -99.00,-99.000, -99.00,-99.000, -99.00,-99.000, -99.00,
9/12/2006 14:50:00, 10.6,276.0,  1.3,  2.9, 19.004, 29.45,  0.0,  0.0,  0.152, 329.55,  0.223, 315.55,  0.118, 302.21,  0.150, 330.02,  0.147, 282.99,  0.212, 287.58,  0.192, 259.51,  0.165, 262.70,  0.179, 247.01,  0.216, 270.27,  0.216, 273.44,  0.077, 277.50,  0.176, 269.67,  0.157, 265.24,  0.218, 281.36,  0.131, 237.16,-99.000, -99.00,-99.000, -99.00,-99.000, -99.00,-99.000, -99.00,
9/12/2006 14:55:00, 10.6,276.0,  1.3,  2.9, 18.998, 29.46,  0.0,  0.0,  0.164, 318.95,  0.129, 339.60,  0.141, 344.78,  0.136, 322.46,  0.163, 303.50,  0.129, 294.78,  0.143, 279.26,  0.125, 290.61,  0.135, 275.96,  0.100, 267.14,  0.133, 273.87,  0.174, 286.04,  0.233, 269.26,  0.186, 273.38,  0.208, 301.86,  0.140, 279.46,-99.000, -99.00,-99.000, -99.00,-99.000, -99.00,-99.000, -99.00,
9/12/2006 15:00:00, 10.6,275.9,  1.3,  3.0, 18.995, 29.46,  0.0,  0.0,  0.091, 325.27,  0.131, 298.72,  0.118, 252.79,  0.126, 231.13,  0.122, 269.53,  0.150, 271.15,  0.141, 239.25,  0.138, 251.43,  0.152, 258.25,  0.107, 294.40,  0.168, 284.45,  0.148, 279.33,  0.102, 258.69,  0.140, 242.70,  0.100, 261.38,  0.119, 228.41,-99.000, -99.00,-99.000, -99.00,-99.000, -99.00,-99.000, -99.00,
9/12/2006 15:05:00, 10.6,276.0,  1.3,  2.9, 18.981, 29.47,  0.0,  0.0,  0.040, 301.70,  0.111, 265.36,  0.113, 259.29,  0.071, 265.97,  0.162, 256.39,  0.146, 263.70,  0.188, 254.56,  0.149, 256.43,  0.110, 250.91,  0.175, 278.55,  0.132, 239.93,  0.151, 289.40,  0.120, 290.56,  0.157, 267.08,  0.133, 245.56,  0.074, 233.75,-99.000, -99.00,-99.000, -99.00,-99.000, -99.00,-99.000, -99.00,
9/12/2006 15:10:00, 10.6,276.0,  1.3,  3.0, 18.967, 29.47,  0.0,  0.0,  0.128, 310.89,  0.144, 316.41,  0.088, 243.73,  0.162, 238.37,  0.150, 246.00,  0.157, 256.41,  0.178, 288.64,  0.158, 270.00,  0.107, 235.27,  0.184, 234.50,  0.143, 267.20,  0.199, 271.15,  0.141, 255.67,  0.239, 269.52,  0.175, 269.67,  0.067, 241.53,-99.000, -99.00,-99.000, -99.00,-99.000, -99.00,-99.000, -99.00,
9/12/2006 15:15:00, 10.6,276.0,  1.3,  3.0, 18.944, 29.48,  0.0,  0.0,  0.032,  32.20,  0.007, 213.69,  0.154, 250.62,  0.053, 282.99,  0.104, 275.49,  0.085, 269.33,  0.165, 289.09,  0.213, 242.95,  0.213, 258.64,  0.225, 249.15,  0.192, 262.50,  0.174, 253.65,  0.179, 245.87,  0.170, 251.14,  0.130, 277.51,  0.114, 248.85,-99.000, -99.00,-99.000, -99.00,-99.000, -99.00,-99.000, -99.00,
9/12/2006 15:20:00, 10.6,276.0,  1.3,  3.0, 18.946, 29.49,  0.0,  0.0,  0.119, 244.72,  0.121, 235.39,  0.162, 250.89,  0.149, 268.08,  0.117, 245.19,  0.166, 265.87,  0.208, 262.81,  0.145, 247.68,  0.087, 203.03,  0.243, 252.98,  0.149, 232.90,  0.123, 274.18,  0.143, 280.92,  0.191, 251.09,  0.115, 226.05,  0.081, 219.99,-99.000, -99.00,-99.000, -99.00,-99.000, -99.00,-99.000, -99.00,
9/12/2006 15:25:00, 10.6,276.0,  1.3,  3.0, 18.946, 29.49,  0.0,  0.0,  0.080, 265.00,  0.230, 244.77,  0.136, 259.85,  0.105, 294.13,  0.154, 231.34,  0.165, 259.51,  0.196, 272.05,  0.200, 267.71,  0.171, 254.01,  0.160, 244.88,  0.170, 268.65,  0.160, 264.61,  0.261, 275.06,  0.076, 240.07,  0.100, 276.91,  0.110, 257.36,-99.000, -99.00,-99.000, -99.00,-99.000, -99.00,-99.000, -99.00,
9/12/2006 15:30:00, 10.6,276.0,  1.3,  2.9, 18.944, 29.49,  0.0,  0.0,  0.124, 319.25,  0.112, 253.98,  0.095, 276.67,  0.116, 270.00,  0.158, 227.05,  0.138, 236.20,  0.080, 235.71,  0.140, 255.96,  0.226, 255.41,  0.177, 244.59,  0.103, 221.08,  0.145, 246.44,  0.114, 229.62,  0.112, 254.48,  0.115, 254.88,  0.036, 215.91,-99.000, -99.00,-99.000, -99.00,-99.000, -99.00,-99.000, -99.00,
9/12/2006 15:35:00, 10.6,275.9,  1.3,  2.9, 18.932, 29.49,  0.0,  0.0,  0.110, 236.45,  0.137, 228.54,  0.123, 259.70,  0.115, 247.46,  0.133, 259.20,  0.160, 262.07,  0.091, 241.19,  0.074, 220.60,  0.173, 253.87,  0.199, 246.65,  0.155, 246.90,  0.118, 242.78,  0.085, 292.93,  0.102, 230.55,  0.191, 249.76,  0.055, 257.47,-99.000, -99.00,-99.000, -99.00,-99.000, -99.00,-99.000, -99.00,
9/12/2006 15:40:00, 10.6,276.1,  1.3,  2.9, 18.933, 29.49,  0.0,  0.0,  0.041, 218.00,  0.049, 248.63,  0.024, 106.93,  0.026, 202.62,  0.053, 231.84,  0.046, 276.20,  0.081, 270.00,  0.155, 255.43,  0.180, 237.46,  0.233, 213.08,  0.196, 228.51,  0.108, 209.42,  0.071, 189.73,  0.164, 261.92,  0.142, 273.22,  0.023,  99.87,-99.000, -99.00,-99.000, -99.00,-99.000, -99.00,-99.000, -99.00,
9/12/2006 15:45:00, 10.6,276.1,  1.3,  2.9, 18.928, 29.49,  0.0,  0.0,  0.094, 322.77,  0.021, 148.57,  0.075, 153.09,  0.094, 193.59,  0.081, 279.93,  0.091, 211.94,  0.119, 196.61,  0.052, 236.00,  0.101, 255.69,  0.112, 227.90,  0.108, 271.59,  0.116, 253.92,  0.122, 242.18,  0.085, 250.71,  0.155, 259.99,  0.054, 241.05,-99.000, -99.00,-99.000, -99.00,-99.000, -99.00,-99.000, -99.00,
9/12/2006 15:50:00, 10.6,276.0,  1.3,  2.9, 18.915, 29.49,  0.0,  0.0,  0.058, 259.08,  0.048, 210.34,  0.055, 213.11,  0.028, 267.95,  0.056, 146.59,  0.135, 283.73,  0.060, 214.22,  0.118, 177.57,  0.132, 225.92,  0.037, 189.21,  0.118, 233.62,  0.138, 230.89,  0.095, 226.71,  0.056, 177.95,  0.060, 160.67,  0.023, 219.81,-99.000, -99.00,-99.000, -99.00,-99.000, -99.00,-99.000, -99.00,
9/12/2006 15:55:00, 10.6,276.0,  1.3,  3.0, 18.916, 29.49,  0.0,  0.0,  0.065,  49.97,  0.064,  92.68,  0.055, 141.67,  0.091, 136.33,  0.086, 181.33,  0.054, 242.49,  0.107, 212.06,  0.095, 232.28,  0.151, 221.51,  0.084, 221.63,  0.078, 226.04,  0.152, 233.81,  0.103, 196.33,  0.080, 198.89,  0.063, 118.61,  0.178, 153.72,-99.000, -99.00,-99.000, -99.00,-99.000, -99.00,-99.000, -99.00,
9/12/2006 16:00:00, 10.6,276.1,  1.3,  2.9, 18.912, 29.49,  0.0,  0.0,  0.050, 145.67,  0.063, 207.38,  0.066, 197.61,  0.097, 206.30,  0.079, 219.34,  0.063, 291.30,  0.027, 296.57,  0.029, 210.96,  0.043, 138.81,  0.036, 197.93,  0.061, 239.68,  0.060, 279.62,  0.068, 276.71,  0.057, 164.74,  0.049, 284.04,  0.009, 147.99,-99.000, -99.00,-99.000, -99.00,-99.000, -99.00,-99.000, -99.00,
9/12/2006 16:05:00, 10.6,275.9,  1.3,  3.0, 18.902, 29.49,  0.0,  0.0,  0.093, 171.96,  0.082, 117.50,  0.077, 212.24,  0.033, 199.54,  0.042, 144.78,  0.057, 215.66,  0.066, 288.43,  0.024, 272.39,  0.108, 231.75,  0.115, 220.06,  0.117, 179.51,  0.084, 202.31,  0.134, 251.29,  0.107, 234.09,  0.039, 287.97,  0.094, 264.53,-99.000, -99.00,-99.000, -99.00,-99.000, -99.00,-99.000, -99.00,
9/12/2006 16:10:00, 10.6,276.0,  1.3,  2.9, 18.885, 29.49,  0.0,  0.0,  0.170, 141.45,  0.067, 179.14,  0.087, 286.76,  0.107, 214.29,  0.097, 216.63,  0.096, 222.47,  0.089, 174.23,  0.091, 204.60,  0.062, 229.60,  0.111, 267.94,  0.048, 239.66,  0.038, 253.01,  0.028, 338.96,  0.041, 274.18,  0.047, 253.89,  0.034, 253.14,-99.000, -99.00,-99.000, -99.00,-99.000, -99.00,-99.000, -99.00,
9/12/2006 16:15:00, 10.6,276.0,  1.3,  3.0, 18.883, 29.49,  0.0,  0.0,  0.110, 207.03,  0.087, 149.04,  0.038, 146.73,  0.086, 234.46,  0.056, 138.62,  0.052, 267.80,  0.011, 228.81,  0.065, 188.00,  0.054, 211.33,  0.032, 128.66,  0.041, 189.93,  0.023, 167.20,  0.091, 221.89,  0.060, 241.31,  0.068, 301.11,  0.029, 279.78,-99.000, -99.00,-99.000, -99.00,-99.000, -99.00,-99.000, -99.00,
9/12/2006 16:20:00, 10.6,276.0,  1.3,  2.9, 18.878, 29.49,  0.0,  0.0,  0.048, 187.13,  0.118, 180.00,  0.047, 184.86,  0.150, 128.78,  0.017, 107.35,  0.043, 174.69,  0.053, 200.81,  0.027, 203.75,  0.025, 306.87,  0.010,   0.00,  0.099, 318.27,  0.026,   2.20,  0.053, 241.99,  0.065, 259.38,  0.038, 245.43,  0.071, 251.05,-99.000, -99.00,-99.000, -99.00,-99.000, -99.00,-99.000, -99.00,
9/12/2006 16:25:00, 10.6,276.0,  1.3,  2.9, 18.873, 29.47,  0.0,  0.0,  0.048, 171.53,  0.093, 158.65,  0.175, 133.38,  0.092, 176.89,  0.080, 153.11,  0.055, 156.25,  0.086, 181.33,  0.073, 191.00,  0.066, 135.00,  0.106, 152.95,  0.088, 214.78,  0.036, 260.54,  0.003,   0.00,  0.065,  63.43,  0.030,   3.81,  0.053, 205.60,-99.000, -99.00,-99.000, -99.00,-99.000, -99.00,-99.000, -99.00,
9/12/2006 16:30:00, 10.6,276.1,  1.3,  2.9, 18.865, 29.46,  0.0,  0.0,  0.082, 156.89,  0.122, 199.18,  0.036, 207.98,  0.047, 146.31,  0.069, 270.00,  0.102, 128.22,  0.048, 182.39,  0.050, 216.87,  0.032, 218.66,  0.042, 223.09,  0.046, 200.41,  0.102, 228.97,  0.051, 232.91,  0.081, 238.07,  0.067, 337.25,  0.015, 270.00,-99.000, -99.00,-99.000, -99.00,-99.000, -99.00,-99.000, -99.00,
9/12/2006 16:35:00, 10.6,275.9,  1.3,  2.9, 18.859, 29.45,  0.0,  0.0,  0.144, 126.79,  0.087, 217.53,  0.106, 150.52,  0.064, 173.76,  0.070,  68.96,  0.122, 143.32,  0.084, 132.59,  0.114, 104.16,  0.084, 123.31,  0.097, 151.58,  0.065, 231.89,  0.006, 225.00,  0.050, 221.73,  0.057, 233.53,  0.093, 247.85,  0.057, 255.72,-99.000, -99.00,-99.000, -99.00,-99.000, -99.00,-99.000, -99.00,
9/12/2006 16:40:00, 10.6,276.0,  1.3,  3.0, 18.855, 29.44,  0.0,  0.0,  0.139, 111.04,  0.149, 108.43,  0.107, 141.09,  0.046, 158.43,  0.117, 163.58,  0.024, 131.63,  0.085, 135.95,  0.106, 106.39,  0.063, 153.43,  0.077, 165.78,  0.101, 173.72,  0.004, 303.69,  0.049, 319.14,  0.070, 237.22,  0.078,  90.00,  0.090,  68.55,-99.000, -99.00,-99.000, -99.00,-99.000, -99.00,-99.000, -99.00,
9/12/2006 16:45:00, 10.6,276.0,  1.3,  2.9, 18.853, 29.43,  0.0,  0.0,  0.147, 169.45,  0.140, 128.92,  0.106, 123.84,  0.157, 122.78,  0.070, 282.44,  0.111, 111.71,  0.075, 140.39,  0.113,  97.13,  0.094, 121.49,  0.071, 248.50,  0.096, 194.47,  0.072, 183.97,  0.018, 189.46,  0.024,  14.62,  0.119, 349.35,  0.017, 212.74,-99.000, -99.00,-99.000, -99.00,-99.000, -99.00,-99.000, -99.00,
9/12/2006 16:50:00, 10.6,276.0,  1.3,  3.0, 18.839, 29.43,  0.0,  0.0,  0.155, 146.31,  0.198, 122.40,  0.171, 139.03,  0.140, 121.88,  0.130, 147.29,  0.079, 100.89,  0.184, 161.66,  0.126, 141.77,  0.104, 110.88,  0.127, 153.84,  0.094, 118.47,  0.030, 242.59,  0.094, 229.73,  0.077, 274.46,  0.026,  15.64,  0.051, 185.60,-99.000, -99.00,-99.000, -99.00,-99.000, -99.00,-99.000, -99.00,
9/12/2006 16:55:00, 10.6,275.9,  1.3,  2.9, 18.826, 29.43,  0.0,  0.0,  0.170, 136.43,  0.173, 122.50,  0.115, 130.06,  0.135, 122.28,  0.119, 126.49,  0.094,  87.56,  0.172, 142.33,  0.107, 102.47,  0.077, 124.93,  0.134, 121.55,  0.081, 131.52,  0.065, 161.00,  0.046, 141.15,  0.069,  36.70,  0.051,  37.09,  0.073, 268.43,-99.000, -99.00,-99.000, -99.00,-99.000, -99.00,-99.000, -99.00,
9/12/2006 17:00:00, 10.6,275.9,  1.3,  3.0, 18.821, 29.43,  0.0,  0.0,  0.144,  93.18,  0.221, 109.25,  0.166, 156.53,  0.151, 150.72,  0.112, 116.57,  0.185, 117.67,  0.159, 133.73,  0.133,  96.48,  0.147, 127.81,  0.185, 126.19,  0.142, 112.77,  0.140, 121.31,  0.097, 135.42,  0.083, 171.67,  0.019,  83.99,  0.014,  12.09,-99.000, -99.00,-99.000, -99.00,-99.000, -99.00,-99.000, -99.00,
9/12/2006 17:05:00, 10.6,276.0,  1.3,  2.9, 18.816, 29.43,  0.0,  0.0,  0.125, 140.19,  0.188, 118.61,  0.173, 123.23,  0.165, 120.61,  0.165, 120.13,  0.170, 124.72,  0.108, 121.33,  0.220, 146.09,  0.175, 139.86,  0.167, 122.26,  0.100, 133.39,  0.133, 126.44,  0.084, 127.28,  0.042, 171.87,  0.025, 315.00,  0.035, 199.98,-99.000, -99.00,-99.000, -99.00,-99.000, -99.00,-99.000, -99.00,
9/12/2006 17:10:00, 10.6,276.0,  1.3,  3.0, 18.794, 29.43,  0.0,  0.0,  0.239, 130.76,  0.216, 120.24,  0.114, 113.86,  0.113, 110.20,  0.150, 111.94,  0.161, 136.26,  0.163, 142.71,  0.129, 144.46,  0.157, 129.57,  0.216, 104.74,  0.121, 123.56,  0.108, 139.51,  0.075, 116.91,  0.035, 188.13,  0.059, 173.23,  0.088, 162.18,-99.000, -99.00,-99.000, -99.00,-99.000, -99.00,-99.000, -99.00,
9/12/2006 17:15:00, 10.6,276.1,  1.3,  3.0, 18.797, 29.43,  0.0,  0.0,  0.197, 141.79,  0.144, 132.46,  0.216, 114.90,  0.159, 100.89,  0.199, 139.49,  0.086, 134.06,  0.195, 145.25,  0.161, 138.01,  0.211, 130.96,  0.169, 111.55,  0.149, 126.79,  0.161, 136.26,  0.070, 119.13,  0.082, 139.93,  0.073, 228.89,  0.114, 232.83,-99.000, -99.00,-99.000, -99.00,-99.000, -99.00,-99.000, -99.00,
9/12/2006 17:20:00, 10.6,275.9,  1.3,  3.0, 18.787, 29.43,  0.0,  0.0,  0.064, 140.08,  0.190, 149.24,  0.172, 157.46,  0.216, 114.90,  0.225, 139.87,  0.142, 147.09,  0.175, 143.13,  0.165, 123.88,  0.169, 117.47,  0.114, 126.47,  0.157, 128.26,  0.045, 133.21,  0.083, 120.26,  0.073, 165.77,  0.033, 244.98,  0.089, 233.64,-99.000, -99.00,-99.000, -99.00,-99.000, -99.00,-99.000, -99.00,
9/12/2006 17:25:00, 10.6,276.0,  1.3,  3.0, 18.787, 29.43,  0.0,  0.0,  0.040,  66.61,  0.200, 100.07,  0.063, 178.18,  0.195, 121.97,  0.125, 139.55,  0.125, 163.74,  0.151, 130.97,  0.157, 120.96,  0.169, 123.41,  0.182, 100.45,  0.122,  77.22,  0.107, 128.58,  0.089, 183.22,  0.073, 236.75,  0.014, 129.29,  0.080, 275.00,-99.000, -99.00,-99.000, -99.00,-99.000, -99.00,-99.000, -99.00,
9/12/2006 17:30:00, 10.6,276.0,  1.3,  3.0, 18.774, 29.43,  0.0,  0.0,  0.159, 140.89,  0.139, 124.15,  0.096, 120.56,  0.073, 112.68,  0.108, 141.01,  0.200, 123.37,  0.153, 105.58,  0.170, 128.08,  0.153, 147.24,  0.158, 145.60,  0.181, 148.06,  0.118, 137.76,  0.060, 182.86,  0.042, 214.44,  0.056, 332.53,  0.035, 180.00,-99.000, -99.00,-99.000, -99.00,-99.000, -99.00,-99.000, -99.00,
9/12/2006 17:35:00, 10.6,276.0,  1.3,  2.9, 18.758, 29.43,  0.0,  0.0,  0.075, 171.54,  0.071, 139.57,  0.164, 133.03,  0.134, 168.35,  0.034, 227.39,  0.121, 125.92,  0.184, 132.80,  0.133, 140.80,  0.080, 128.44,  0.127, 161.14,  0.123, 148.24,  0.058, 169.08,  0.153, 277.50,  0.044, 356.10,  0.047, 308.09,  0.055, 169.51,-99.000, -99.00,-99.000, -99.00,-99.000, -99.00,-99.000, -99.00,
9/12/2006 17:40:00, 10.6,276.0,  1.3,  2.9, 18.752, 29.44,  0.0,  0.0,  0.076, 184.51,  0.046, 130.60,  0.065, 168.52,  0.107, 159.19,  0.052, 180.00,  0.128, 162.27,  0.165, 148.62,  0.118, 139.82,  0.090, 168.44,  0.066, 164.05,  0.077, 209.56,  0.015,   0.00,  0.042,  55.56,  0.049, 238.24,  0.069, 259.99,  0.054, 226.51,-99.000, -99.00,-99.000, -99.00,-99.000, -99.00,-99.000, -99.00,
9/12/2006 17:45:00, 10.6,275.9,  1.3,  3.0, 18.750, 29.44,  0.0,  0.0,  0.089, 208.87,  0.052, 136.55,  0.061, 174.38,  0.072, 132.75,  0.064, 166.40,  0.006,  30.96,  0.081, 282.84,  0.011,  90.00,  0.152, 204.88,  0.039, 238.78,  0.063, 349.05,  0.115, 311.47,  0.102, 291.80,  0.112, 312.83,  0.101, 349.14,  0.084, 288.00,-99.000, -99.00,-99.000, -99.00,-99.000, -99.00,-99.000, -99.00,
9/12/2006 17:50:00, 10.6,276.0,  1.3,  3.0, 18.748, 29.44,  0.0,  0.0,  0.015, 306.87,  0.076, 236.31,  0.040, 271.43,  0.075, 139.32,  0.021,  87.27,  0.073,  83.75,  0.055, 294.70,  0.025, 182.29,  0.047, 145.30,  0.115,  19.86,  0.152,   3.39,  0.086, 349.22,  0.105,   7.13,  0.038, 298.61,  0.014, 315.00,  0.012, 255.96,-99.000, -99.00,-99.000, -99.00,-99.000, -99.00,-99.000, -99.00,
9/12/2006 17:55:00, 10.6,276.0,  1.3,  2.9, 18.739, 29.44,  0.0,  0.0,  0.094, 272.44,  0.102, 329.42,  0.128, 310.26,  0.114, 304.25,  0.104, 349.99,  0.107, 338.00,  0.171, 327.43,  0.190, 332.35,  0.161, 345.27,  0.217, 356.03,  0.175, 356.73,  0.184, 326.31,  0.128, 309.29,  0.094, 281.67,  0.087, 331.07,  0.013, 331.39,-99.000, -99.00,-99.000, -99.00,-99.000, -99.00,-99.000, -99.00,
9/12/2006 18:00:00, 10.6,276.0,  1.3,  2.9, 18.743, 29.44,  0.0,  0.0,  0.034, 300.38,  0.097, 285.62,  0.056, 283.54,  0.097, 266.46,  0.119, 293.33,  0.106, 349.11,  0.154, 340.62,  0.164, 332.34,  0.176, 313.85,  0.186, 323.75,  0.087, 324.31,  0.083, 338.07,  0.040, 334.72,  0.075, 318.24,  0.152, 313.67,  0.081, 284.21,-99.000, -99.00,-99.000, -99.00,-99.000, -99.00,-99.000, -99.00,
9/12/2006 18:05:00, 10.6,276.1,  1.3,  3.0, 18.735, 29.44,  0.0,  0.0,  0.134, 312.27,  0.111, 326.74,  0.113, 336.60,  0.114, 323.23,  0.110, 313.53,  0.060, 325.78,  0.108, 293.96,  0.138, 304.38,  0.137, 337.73,  0.140, 327.56,  0.135, 300.17,  0.158, 331.33,  0.161, 315.76,  0.159, 316.78,  0.140, 306.30,  0.090, 242.30,-99.000, -99.00,-99.000, -99.00,-99.000, -99.00,-99.000, -99.00,
9/12/2006 18:10:00, 10.6,275.9,  1.3,  2.9, 18.726, 29.44,  0.0,  0.0,  0.136, 345.56,  0.150, 323.66,  0.136, 325.15,  0.174, 305.88,  0.144, 307.11,  0.085, 292.05,  0.064, 298.18,  0.109, 309.81,  0.123, 323.60,  0.165, 329.10,  0.135, 328.31,  0.167, 311.35,  0.131, 306.96,  0.152, 311.79,  0.118, 298.96,  0.068, 221.42,-99.000, -99.00,-99.000, -99.00,-99.000, -99.00,-99.000, -99.00,
9/12/2006 18:15:00, 10.6,276.1,  1.3,  2.9, 18.729, 29.44,  0.0,  0.0,  0.116, 344.53,  0.157, 333.92,  0.109, 321.34,  0.147, 335.01,  0.186, 356.62,  0.136, 338.51,  0.170, 358.65,  0.165, 325.15,  0.169, 322.45,  0.213, 324.96,  0.154, 326.93,  0.159, 319.09,  0.089, 328.82,  0.017, 353.29,  0.074, 312.80,  0.018, 350.54,-99.000, -99.00,-99.000, -99.00,-99.000, -99.00,-99.000, -99.00,
9/12/2006 18:20:00, 10.6,276.0,  1.3,  2.9, 18.718, 29.44,  0.0,  0.0,  0.166, 333.13,  0.186, 344.10,  0.058, 322.73,  0.127, 315.96,  0.225, 324.76,  0.228, 326.10,  0.135, 339.69,  0.185, 335.38,  0.177, 337.78,  0.159, 355.68,  0.295, 328.04,  0.207, 356.96,  0.180,   5.74,  0.252, 320.63,  0.202, 302.28,  0.091, 295.44,-99.000, -99.00,-99.000, -99.00,-99.000, -99.00,-99.000, -99.00,
9/12/2006 18:25:00, 10.6,276.0,  1.3,  3.0, 18.714, 29.44,  0.0,  0.0,  0.163, 340.68,  0.162, 322.28,  0.185, 311.71,  0.128, 326.81,  0.123,  11.22,  0.156, 348.19,  0.096, 337.98,  0.192, 328.63,  0.179,  10.30,  0.166, 342.11,  0.191, 351.57,  0.190, 330.74,  0.236, 344.02,  0.304, 329.81,  0.160, 325.42,  0.082, 330.00,-99.000, -99.00,-99.000, -99.00,-99.000, -99.00,-99.000, -99.00,
9/12/2006 18:30:00, 10.6,276.1,  1.3,  2.9, 18.713, 29.44,  0.0,  0.0,  0.130, 353.37,  0.171, 345.39,  0.114, 322.13,  0.113, 342.53,  0.089, 282.95,  0.148, 306.48,  0.197, 341.01,  0.207, 340.78,  0.134, 333.82,  0.143, 330.21,  0.200, 326.23,  0.210, 342.86,  0.194, 331.98,  0.172, 327.32,  0.147, 343.04,  0.072,   4.76,-99.000, -99.00,-99.000, -99.00,-99.000, -99.00,-99.000, -99.00,
9/12/2006 18:35:00, 10.6,276.1,  1.3,  2.9, 18.717, 29.44,  0.0,  0.0,  0.170, 323.13,  0.187,   0.31,  0.088, 335.18,  0.184, 337.33,  0.148, 334.30,  0.145, 323.68,  0.217, 295.62,  0.221, 327.75,  0.152, 345.87,  0.120, 318.05,  0.243, 339.55,  0.227, 339.09,  0.188, 319.53,  0.106, 342.42,  0.134, 335.34,  0.042,   8.13,-99.000, -99.00,-99.000, -99.00,-99.000, -99.00,-99.000, -99.00,
9/12/2006 18:40:00, 10.6,276.1,  1.3,  2.9, 18.715, 29.44,  0.0,  0.0,  0.042,  46.91,  0.128,   1.79,  0.210, 342.86,  0.155, 322.09,  0.106, 335.38,  0.190, 319.27,  0.150, 347.26,  0.139, 315.29,  0.091, 351.78,  0.143, 327.87,  0.152, 311.26,  0.112, 338.48,  0.178, 341.97,  0.192, 337.98,  0.199, 338.73,  0.164, 349.10,-99.000, -99.00,-99.000, -99.00,-99.000, -99.00,-99.000, -99.00,
9/12/2006 18:45:00, 10.6,276.0,  1.3,  2.9, 18.701, 29.44,  0.0,  0.0,  0.205,   8.13,  0.236, 340.95,  0.136, 323.05,  0.063, 298.61,  0.215, 355.46,  0.142, 321.28,  0.119, 338.82,  0.219, 359.74,  0.156, 339.70,  0.135, 321.94,  0.119, 323.90,  0.163, 332.65,  0.139, 351.29,  0.149, 335.33,  0.135, 319.49,  0.047, 315.86,-99.000, -99.00,-99.000, -99.00,-99.000, -99.00,-99.000, -99.00,
9/12/2006 18:50:00, 10.6,276.0,  1.3,  3.0, 18.698, 29.44,  0.0,  0.0,  0.054,   4.24,  0.080, 352.07,  0.187, 338.65,  0.169, 354.56,  0.136, 313.21,  0.154, 345.69,  0.154,  10.87,  0.087, 324.85,  0.191, 326.73,  0.176, 359.67,  0.140, 343.77,  0.144, 350.80,  0.166, 339.16,  0.178, 316.82,  0.171, 336.58,  0.151, 332.75,-99.000, -99.00,-99.000, -99.00,-99.000, -99.00,-99.000, -99.00,
9/12/2006 18:55:00, 10.6,275.9,  1.3,  2.9, 18.692, 29.44,  0.0,  0.0,  0.196, 344.90,  0.077, 347.96,  0.146, 356.86,  0.114, 313.93,  0.072,   7.22,  0.122, 347.68,  0.186, 331.09,  0.133, 342.93,  0.126, 332.62,  0.102, 326.62,  0.115, 330.32,  0.159, 346.57,  0.194, 356.46,  0.171, 342.31,  0.092, 355.03,  0.082, 348.69,-99.000, -99.00,-99.000, -99.00,-99.000, -99.00,-99.000, -99.00,
9/12/2006 19:00:00, 10.6,276.0,  1.3,  3.0, 18.698, 29.45,  0.0,  0.0,  0.162, 331.22,  0.138, 339.20,  0.092, 315.00,  0.264, 337.03,  0.101, 344.45,  0.086, 336.10,  0.115, 327.84,  0.133, 329.18,  0.145, 328.50,  0.140, 324.61,  0.058, 341.88,  0.078,   2.20,  0.150, 344.95,  0.143, 357.20,  0.103, 332.94,  0.097,  34.02,-99.000, -99.00,-99.000, -99.00,-99.000, -99.00,-99.000, -99.00,
9/12/2006 19:05:00, 10.6,275.9,  1.3,  3.0, 18.685, 29.45,  0.0,  0.0,  0.108, 334.15,  0.109,   1.58,  0.094,  35.89,  0.147, 123.91,  0.123,  84.38,  0.126,  97.74,  0.077, 116.23,  0.091, 124.73,  0.140,  96.97,  0.068,  60.05,  0.079,  60.52,  0.065,  54.36,  0.116,  83.55,  0.121,  90.95,  0.021, 223.03,  0.054, 324.83,-99.000, -99.00,-99.000, -99.00,-99.000, -99.00,-99.000, -99.00,
9/12/2006 19:10:00, 10.6,276.0,  1.3,  2.9, 18.691, 29.45,  0.0,  0.0,  0.115, 357.51,  0.136,  19.77,  0.188, 331.39,  0.069,   2.49,  0.148, 348.69,  0.128, 327.43,  0.137, 359.58,  0.138, 349.58,  0.167, 344.71,  0.183,  24.47,  0.138,  17.26,  0.152, 348.99,  0.163, 342.12,  0.217, 328.58,  0.165, 345.96,  0.090,  13.42,-99.000, -99.00,-99.000, -99.00,-99.000, -99.00,-99.000, -99.00,
9/12/2006 19:15:00, 10.6,276.0,  1.3,  3.0, 18.684, 29.45,  0.0,  0.0,  0.205, 332.44,  0.101, 319.40,  0.210,  30.96,  0.093, 329.57,  0.209, 333.56,  0.106, 342.94,  0.124,  22.23,  0.149,  14.41,  0.159, 351.31,  0.131, 326.55,  0.059, 349.26,  0.114, 357.49,  0.075, 333.78,  0.125, 321.48,  0.055, 324.58,  0.086,  71.77,-99.000, -99.00,-99.000, -99.00,-99.000, -99.00,-99.000, -99.00,
9/12/2006 19:20:00, 10.6,276.1,  1.3,  2.9, 18.704, 29.45,  0.0,  0.0,  0.092, 295.17,  0.193, 342.50,  0.089, 297.43,  0.053, 309.67,  0.157, 313.97,  0.077,   7.50,  0.075, 296.22,  0.096, 290.14,  0.133, 341.98,  0.091, 307.38,  0.151, 325.26,  0.126, 296.97,  0.081, 328.67,  0.125, 327.70,  0.046,  17.65,  0.096,  55.15,-99.000, -99.00,-99.000, -99.00,-99.000, -99.00,-99.000, -99.00,
9/12/2006 19:25:00, 10.6,276.1,  1.3,  2.9, 18.687, 29.45,  0.0,  0.0,  0.153, 316.32,  0.093, 359.38,  0.163, 305.25,  0.127, 339.71,  0.176, 352.83,  0.046, 263.80,  0.067,   0.00,  0.092, 334.27,  0.021, 301.43,  0.127, 291.30,  0.108, 317.26,  0.141, 349.41,  0.136,   3.37,  0.113, 344.12,  0.073, 340.08,  0.035,  47.29,-99.000, -99.00,-99.000, -99.00,-99.000, -99.00,-99.000, -99.00,
9/12/2006 19:30:00, 10.6,276.2,  1.3,  2.9, 18.682, 29.46,  0.0,  0.0,  0.162,  22.92,  0.169, 323.40,  0.156,  18.32,  0.175, 343.43,  0.071, 326.53,  0.119, 311.59,  0.083, 358.62,  0.154, 352.18,  0.073, 341.57,  0.142, 318.43,  0.089, 336.89,  0.095, 319.27,  0.111, 305.12,  0.073, 345.77,  0.116, 348.11,  0.081, 310.99,-99.000, -99.00,-99.000, -99.00,-99.000, -99.00,-99.000, -99.00,
9/12/2006 19:35:00, 10.6,276.1,  1.3,  2.9, 18.684, 29.46,  0.0,  0.0,  0.123, 318.29,  0.061, 321.63,  0.111, 348.08,  0.182, 310.53,  0.120, 312.98,  0.101, 322.22,  0.083, 314.03,  0.104, 357.25,  0.115, 338.11,  0.119, 332.35,  0.145, 304.02,  0.065, 308.11,  0.127, 357.75,  0.080, 315.51,  0.023, 352.57,  0.031, 348.69,-99.000, -99.00,-99.000, -99.00,-99.000, -99.00,-99.000, -99.00,
9/12/2006 19:40:00, 10.6,276.1,  1.3,  2.9, 18.687, 29.46,  0.0,  0.0,  0.069, 350.81,  0.120, 301.70,  0.143, 333.79,  0.153, 295.22,  0.214, 343.43,  0.106, 333.19,  0.106, 287.58,  0.098, 341.57,  0.034, 344.74,  0.116, 354.04,  0.159, 312.44,  0.109, 286.45,  0.143, 313.30,  0.159, 315.76,  0.172, 310.75,  0.096, 319.21,-99.000, -99.00,-99.000, -99.00,-99.000, -99.00,-99.000, -99.00,
9/12/2006 19:45:00, 10.6,275.9,  1.3,  3.0, 18.694, 29.46,  0.0,  0.0,  0.081, 356.47,  0.136, 312.61,  0.073, 340.08,  0.082, 329.39,  0.035, 340.02,  0.107, 335.11,  0.080, 309.90,  0.129, 345.64,  0.089, 359.36,  0.127, 357.75,  0.125, 336.92,  0.109, 326.60,  0.105, 327.82,  0.092, 324.75,  0.124, 350.23,  0.086, 356.01,-99.000, -99.00,-99.000, -99.00,-99.000, -99.00,-99.000, -99.00,
9/12/2006 19:50:00, 10.6,276.1,  1.3,  2.9, 18.699, 29.46,  0.0,  0.0,  0.053, 311.19,  0.105, 322.36,  0.092, 353.73,  0.086, 304.06,  0.056,   2.05,  0.110,  51.26,  0.142, 346.94,  0.041,  53.97,  0.052, 307.97,  0.072,   7.22,  0.117, 333.00,  0.065, 303.69,  0.130, 281.57,  0.103, 328.94,  0.144, 329.51,  0.105,   2.18,-99.000, -99.00,-99.000, -99.00,-99.000, -99.00,-99.000, -99.00,
9/12/2006 19:55:00, 10.6,276.2,  1.3,  2.9, 18.698, 29.47,  0.0,  0.0,  0.221, 317.20,  0.126,   3.18,  0.152, 359.62,  0.115, 312.88,  0.210, 305.89,  0.182, 324.83,  0.091, 338.78,  0.104, 283.37,  0.103, 314.60,  0.146, 345.68,  0.209, 333.56,  0.143, 309.60,  0.077, 342.73,  0.094, 316.29,  0.047, 302.01,  0.074,  54.37,-99.000, -99.00,-99.000, -99.00,-99.000, -99.00,-99.000, -99.00,
9/12/2006 20:00:00, 10.6,276.0,  1.3,  3.0, 18.700, 29.47,  0.0,  0.0,  0.145,   0.79,  0.083,  19.75,  0.074, 341.08,  0.112, 340.10,  0.134, 330.57,  0.159, 341.34,  0.109, 353.66,  0.105, 324.65,  0.106, 331.26,  0.112, 292.66,  0.109, 304.13,  0.140, 317.89,  0.179, 316.58,  0.126, 335.07,  0.070, 341.57,  0.012,  55.01,-99.000, -99.00,-99.000, -99.00,-99.000, -99.00,-99.000, -99.00,
9/12/2006 20:05:00, 10.6,276.0,  1.3,  3.0, 18.708, 29.47,  0.0,  0.0,  0.083,  17.56,  0.047,  36.38,  0.122, 357.18,  0.030,  27.41,  0.039, 281.89,  0.075, 321.46,  0.146, 331.33,  0.182, 350.85,  0.092, 340.39,  0.020, 284.74,  0.038, 338.20,  0.134, 351.38,  0.055, 347.47,  0.074, 294.83,  0.044, 267.40,  0.064, 313.11,-99.000, -99.00,-99.000, -99.00,-99.000, -99.00,-99.000, -99.00,
9/12/2006 20:10:00, 10.6,276.0,  1.3,  3.0, 18.719, 29.47,  0.0,  0.0,  0.137, 312.92,  0.061, 337.67,  0.105,  11.52,  0.153, 330.58,  0.166, 322.58,  0.144, 320.35,  0.153, 254.88,  0.178, 293.11,  0.089, 283.57,  0.072, 270.00,  0.112, 283.91,  0.156, 317.60,  0.110, 315.73,  0.126, 326.94,  0.066, 333.82,  0.036, 228.37,-99.000, -99.00,-99.000, -99.00,-99.000, -99.00,-99.000, -99.00,
9/12/2006 20:15:00, 10.6,276.1,  1.3,  2.9, 18.714, 29.47,  0.0,  0.0,  0.094, 337.52,  0.091, 357.48,  0.122, 323.97,  0.087,  19.48,  0.098, 335.27,  0.103, 299.05,  0.039, 283.32,  0.067, 318.65,  0.163, 259.03,  0.141, 281.47,  0.041, 276.95,  0.043, 319.69,  0.044, 281.82,  0.039,   0.00,  0.058, 357.04,  0.053,  11.94,-99.000, -99.00,-99.000, -99.00,-99.000, -99.00,-99.000, -99.00,
9/12/2006 20:20:00, 10.6,276.1,  1.3,  2.9, 18.699, 29.48,  0.0,  0.0,  0.110, 338.59,  0.088, 331.39,  0.030, 344.58,  0.047, 336.16,  0.073,  29.36,  0.111, 338.29,  0.064, 333.03,  0.058, 203.46,  0.051, 257.59,  0.082, 286.23,  0.088, 309.47,  0.156, 312.67,  0.120, 305.15,  0.094, 286.11,  0.055, 325.44,  0.083, 313.53,-99.000, -99.00,-99.000, -99.00,-99.000, -99.00,-99.000, -99.00,
9/12/2006 20:25:00, 10.6,276.1,  1.3,  2.9, 18.709, 29.48,  0.0,  0.0,  0.053,  41.19,  0.113,  13.30,  0.034, 229.76,  0.035, 295.11,  0.063, 303.94,  0.133, 303.69,  0.095, 325.30,  0.159, 313.73,  0.134, 296.18,  0.067, 311.35,  0.087, 310.82,  0.102, 300.58,  0.102, 309.45,  0.062,   5.53,  0.131,  11.48,  0.175, 358.69,-99.000, -99.00,-99.000, -99.00,-99.000, -99.00,-99.000, -99.00,
9/12/2006 20:30:00, 10.6,276.1,  1.3,  2.9, 18.709, 29.49,  0.0,  0.0,  0.105,  35.35,  0.023, 336.80,  0.044, 201.32,  0.192, 340.25,  0.063, 341.57,  0.030, 138.99,  0.052, 318.09,  0.090, 327.72,  0.050, 295.02,  0.043, 298.93,  0.041, 329.04,  0.053, 270.00,  0.053, 345.70,  0.081, 339.78,  0.058, 307.27,  0.108,  20.62,-99.000, -99.00,-99.000, -99.00,-99.000, -99.00,-99.000, -99.00,
9/12/2006 20:35:00, 10.6,276.1,  1.3,  2.9, 18.716, 29.50,  0.0,  0.0,  0.124,   5.57,  0.085,   6.79,  0.081, 359.29,  0.057, 329.38,  0.034, 288.97,  0.092, 286.46,  0.122, 318.33,  0.120, 286.01,  0.110, 300.52,  0.097, 312.91,  0.164, 289.54,  0.110, 306.87,  0.077,   0.00,  0.072,  18.69,  0.078, 335.74,  0.052, 304.90,-99.000, -99.00,-99.000, -99.00,-99.000, -99.00,-99.000, -99.00,
9/12/2006 20:40:00, 10.6,276.1,  1.3,  2.9, 18.721, 29.50,  0.0,  0.0,  0.065, 248.20,  0.021, 242.24,  0.020,  20.22,  0.059, 279.78,  0.025,   0.00,  0.023,  48.58,  0.087, 260.75,  0.130, 282.86,  0.036, 339.08,  0.026, 310.36,  0.080, 320.56,  0.091, 328.93,  0.091, 321.24,  0.101, 318.60,  0.110, 295.87,  0.063, 343.30,-99.000, -99.00,-99.000, -99.00,-99.000, -99.00,-99.000, -99.00,
9/12/2006 20:45:00, 10.6,276.0,  1.3,  3.0, 18.726, 29.51,  0.0,  0.0,  0.096, 346.69,  0.070,   6.52,  0.085, 277.46,  0.054, 344.93,  0.149, 332.92,  0.123, 313.03,  0.047, 274.86,  0.147, 279.40,  0.060, 328.71,  0.055, 303.98,  0.026, 292.62,  0.023, 115.46,  0.031, 350.84,  0.056, 315.73,  0.067, 346.17,  0.111,   2.58,-99.000, -99.00,-99.000, -99.00,-99.000, -99.00,-99.000, -99.00,
9/12/2006 20:50:00, 10.6,276.1,  1.3,  2.9, 18.733, 29.51,  0.0,  0.0,  0.005, 270.00,  0.106, 341.22,  0.103,  31.53,  0.048, 138.37,  0.078, 315.00,  0.041, 316.97,  0.053, 312.71,  0.132, 276.96,  0.088, 189.14,  0.119, 275.33,  0.150, 269.24,  0.072, 338.79,  0.059, 296.13,  0.078, 282.61,  0.031, 218.37,  0.046, 342.35,-99.000, -99.00,-99.000, -99.00,-99.000, -99.00,-99.000, -99.00,
9/12/2006 20:55:00, 10.6,276.1,  1.3,  2.9, 18.732, 29.51,  0.0,  0.0,  0.080, 356.42,  0.073,  69.08,  0.073, 285.19,  0.042, 300.26,  0.080,  38.88,  0.104,  12.83,  0.020, 315.00,  0.159, 311.42,  0.123, 301.76,  0.075, 275.33,  0.079, 293.01,  0.034, 214.16,  0.050, 319.90,  0.072, 356.82,  0.086, 336.71,  0.050,  56.31,-99.000, -99.00,-99.000, -99.00,-99.000, -99.00,-99.000, -99.00,
9/12/2006 21:00:00, 10.6,276.1,  1.3,  2.9, 18.727, 29.51,  0.0,  0.0,  0.129, 352.43,  0.070, 301.66,  0.036,  85.24,  0.040, 233.13,  0.122, 285.75,  0.049, 343.41,  0.078, 313.96,  0.116, 301.22,  0.122, 274.69,  0.046, 301.61,  0.067, 287.35,  0.080, 292.73,  0.035, 259.99,  0.066, 258.69,  0.061, 252.76,  0.035, 235.41,-99.000, -99.00,-99.000, -99.00,-99.000, -99.00,-99.000, -99.00,
9/12/2006 21:05:00, 10.6,276.1,  1.3,  2.9, 18.733, 29.51,  0.0,  0.0,  0.082,   0.70,  0.031, 270.00,  0.119,  18.13,  0.022, 300.07,  0.030, 115.71,  0.061,  39.69,  0.099,  35.94,  0.065, 308.11,  0.142, 270.00,  0.102, 249.97,  0.040, 271.43,  0.094, 334.25,  0.131, 292.85,  0.048, 217.35,  0.016,  21.80,  0.048, 338.20,-99.000, -99.00,-99.000, -99.00,-99.000, -99.00,-99.000, -99.00,
9/12/2006 21:10:00, 10.6,276.1,  1.3,  2.9, 18.730, 29.51,  0.0,  0.0,  0.031, 346.87,  0.106, 263.48,  0.134, 330.57,  0.053, 186.46,  0.075, 323.13,  0.074, 282.53,  0.103, 315.78,  0.073, 289.92,  0.057, 270.00,  0.067, 317.44,  0.132, 277.39,  0.040, 267.14,  0.044, 111.32,  0.018, 160.56,  0.053,  12.99,  0.056, 348.69,-99.000, -99.00,-99.000, -99.00,-99.000, -99.00,-99.000, -99.00,
9/12/2006 21:15:00, 10.6,276.1,  1.3,  3.0, 18.730, 29.51,  0.0,  0.0,  0.047, 316.74,  0.066,  10.46,  0.055,   9.46,  0.048,  37.35,  0.009, 192.53,  0.052, 267.80,  0.053, 250.20,  0.077, 282.77,  0.111, 284.04,  0.095, 294.94,  0.130, 291.23,  0.091, 287.24,  0.039, 239.53,  0.021, 185.44,  0.034, 154.18,  0.050, 169.59,-99.000, -99.00,-99.000, -99.00,-99.000, -99.00,-99.000, -99.00,
9/12/2006 21:20:00, 10.6,276.1,  1.3,  2.9, 18.728, 29.51,  0.0,  0.0,  0.046, 209.90,  0.102, 311.03,  0.078, 339.70,  0.076, 319.81,  0.033, 254.29,  0.055, 284.80,  0.056, 296.57,  0.063, 301.43,  0.071,   0.00,  0.033, 321.07,  0.026,  90.00,  0.056, 240.26,  0.084, 224.52,  0.101, 280.86,  0.132, 315.62,  0.009, 139.40,-99.000, -99.00,-99.000, -99.00,-99.000, -99.00,-99.000, -99.00,
9/12/2006 21:25:00, 10.6,276.1,  1.3,  3.0, 18.733, 29.51,  0.0,  0.0,  0.162, 220.75,  0.035,  14.83,  0.086, 192.75,  0.018,  26.57,  0.018,  77.47,  0.020, 101.31,  0.040,  48.01,  0.092, 270.62,  0.082, 269.30,  0.064, 237.80,  0.034, 239.62,  0.098, 286.59,  0.033,  43.78,  0.027, 325.71,  0.068, 322.13,  0.061, 353.45,-99.000, -99.00,-99.000, -99.00,-99.000, -99.00,-99.000, -99.00,
9/12/2006 21:30:00, 10.6,276.0,  1.3,  2.9, 18.750, 29.51,  0.0,  0.0,  0.016, 307.57,  0.032, 358.21,  0.061, 320.31,  0.048,  28.71,  0.072, 338.05,  0.131, 294.41,  0.072, 260.41,  0.065, 238.28,  0.046, 343.54,  0.067, 227.44,  0.043, 277.94,  0.062, 325.54,  0.030, 302.62,  0.035, 329.04,  0.021, 261.87,  0.029, 264.09,-99.000, -99.00,-99.000, -99.00,-99.000, -99.00,-99.000, -99.00,
9/12/2006 21:35:00, 10.6,276.1,  1.3,  2.9, 18.756, 29.51,  0.0,  0.0,  0.038, 355.49,  0.035, 124.59,  0.048, 159.30,  0.089, 113.11,  0.039, 307.75,  0.004, 326.31,  0.115, 353.00,  0.023, 235.62,  0.070, 309.81,  0.076, 266.24,  0.079, 297.86,  0.105, 300.96,  0.110, 326.45,  0.070, 335.62,  0.036,   6.34,  0.035,  70.02,-99.000, -99.00,-99.000, -99.00,-99.000, -99.00,-99.000, -99.00,
9/12/2006 21:40:00, 10.6,276.1,  1.3,  3.0, 18.760, 29.51,  0.0,  0.0,  0.038,  82.50,  0.068, 318.58,  0.032, 295.77,  0.028,  27.47,  0.071, 254.39,  0.045, 316.79,  0.081, 299.74,  0.079, 316.55,  0.055, 207.95,  0.088, 224.08,  0.048, 291.80,  0.072, 322.33,  0.078, 299.20,  0.010, 275.71,  0.029, 143.53,  0.039, 240.80,-99.000, -99.00,-99.000, -99.00,-99.000, -99.00,-99.000, -99.00,
9/12/2006 21:45:00, 10.6,276.1,  1.3,  2.9, 18.764, 29.51,  0.0,  0.0,  0.060, 347.57,  0.061, 272.82,  0.082, 260.19,  0.040, 251.11,  0.128, 357.32,  0.057, 339.33,  0.099, 320.71,  0.073, 285.19,  0.104, 309.17,  0.030, 283.57,  0.072, 333.43,  0.062, 266.31,  0.095, 285.95,  0.068, 347.20,  0.072, 350.41,  0.026,  13.50,-99.000, -99.00,-99.000, -99.00,-99.000, -99.00,-99.000, -99.00,
9/12/2006 21:50:00, 10.6,276.1,  1.3,  2.9, 18.764, 29.51,  0.0,  0.0,  0.101, 328.36,  0.127, 181.35,  0.032, 171.12,  0.051, 240.40,  0.036, 202.99,  0.035, 317.29,  0.072, 313.88,  0.169, 289.72,  0.124, 292.23,  0.067, 310.14,  0.106, 315.76,  0.082, 306.03,  0.091, 273.77,  0.088, 250.13,  0.053, 295.60,  0.037,  62.74,-99.000, -99.00,-99.000, -99.00,-99.000, -99.00,-99.000, -99.00,
9/12/2006 21:55:00, 10.6,276.1,  1.3,  3.0, 18.761, 29.51,  0.0,  0.0,  0.036, 358.41,  0.133, 323.56,  0.042,  21.04,  0.056, 322.93,  0.093, 350.74,  0.032, 303.69,  0.083, 341.13,  0.141, 311.84,  0.110, 313.89,  0.070, 279.06,  0.132, 254.59,  0.107, 256.48,  0.115, 280.04,  0.094, 276.75,  0.016,  93.58,  0.070,  50.83,-99.000, -99.00,-99.000, -99.00,-99.000, -99.00,-99.000, -99.00,
9/12/2006 22:00:00, 10.6,276.1,  1.3,  3.0, 18.765, 29.51,  0.0,  0.0,  0.024,  34.99,  0.053, 334.40,  0.034, 180.00,  0.051,  52.91,  0.018, 257.47,  0.069, 318.50,  0.042, 312.09,  0.128, 284.47,  0.094, 311.99,  0.071, 225.57,  0.054, 240.12,  0.143, 295.31,  0.110, 316.47,  0.105, 293.63,  0.032, 347.28,  0.038, 296.57,-99.000, -99.00,-99.000, -99.00,-99.000, -99.00,-99.000, -99.00,
9/12/2006 22:05:00, 10.6,276.0,  1.3,  3.0, 18.763, 29.51,  0.0,  0.0,  0.072, 259.62,  0.054, 321.01,  0.046,  42.36,  0.027, 265.76,  0.017, 339.44,  0.104, 250.35,  0.034, 296.57,  0.128, 331.43,  0.158, 309.62,  0.035, 276.52,  0.038, 322.52,  0.060, 324.46,  0.025, 272.29,  0.089, 309.56,  0.047, 309.81,  0.055, 335.30,-99.000, -99.00,-99.000, -99.00,-99.000, -99.00,-99.000, -99.00,
9/12/2006 22:10:00, 10.6,276.0,  1.3,  2.9, 18.771, 29.51,  0.0,  0.0,  0.101, 291.49,  0.093, 313.26,  0.035, 297.30,  0.021, 272.73,  0.059, 265.16,  0.044, 328.13,  0.086, 328.35,  0.056, 317.17,  0.066, 308.25,  0.021,  67.17,  0.028, 291.04,  0.035, 246.37,  0.140, 292.71,  0.102, 294.81,  0.074, 265.36,  0.047, 306.38,-99.000, -99.00,-99.000, -99.00,-99.000, -99.00,-99.000, -99.00,
9/12/2006 22:15:00, 10.6,276.0,  1.3,  2.9, 18.777, 29.51,  0.0,  0.0,  0.017, 151.93,  0.113, 277.63,  0.050, 280.41,  0.012,  19.98,  0.071,  71.05,  0.082, 315.00,  0.119, 280.18,  0.059, 251.26,  0.071, 288.18,  0.153, 253.34,  0.131, 272.62,  0.179, 287.93,  0.094, 204.39,  0.128, 290.14,  0.004,  33.69,  0.065, 231.20,-99.000, -99.00,-99.000, -99.00,-99.000, -99.00,-99.000, -99.00,
9/12/2006 22:20:00, 10.6,276.1,  1.3,  3.0, 18.780, 29.51,  0.0,  0.0,  0.042, 291.04,  0.098,   6.47,  0.076, 349.43,  0.059, 302.62,  0.145, 316.96,  0.117, 289.98,  0.107, 341.40,  0.047,  45.00,  0.095, 320.12,  0.062, 297.80,  0.030, 356.19,  0.057, 242.99,  0.050, 268.85,  0.088, 271.95,  0.051, 264.40,  0.087,  31.87,-99.000, -99.00,-99.000, -99.00,-99.000, -99.00,-99.000, -99.00,
9/12/2006 22:25:00, 10.6,276.1,  1.3,  2.9, 18.791, 29.51,  0.0,  0.0,  0.037, 341.08,  0.078, 315.00,  0.106,   2.70,  0.163, 280.62,  0.039, 349.56,  0.084, 336.18,  0.081, 312.99,  0.095, 335.85,  0.212, 282.00,  0.139, 313.25,  0.075, 282.36,  0.080, 273.58,  0.120, 251.11,  0.164, 232.92,  0.089, 245.45,  0.018, 220.60,-99.000, -99.00,-99.000, -99.00,-99.000, -99.00,-99.000, -99.00,
9/12/2006 22:30:00, 10.6,276.1,  1.3,  2.9, 18.792, 29.51,  0.0,  0.0,  0.080, 199.80,  0.088, 326.13,  0.099, 357.11,  0.059,   0.97,  0.094, 356.96,  0.059, 314.31,  0.128, 321.97,  0.059, 343.39,  0.049, 310.86,  0.043, 268.67,  0.017,   6.71,  0.026, 297.55,  0.086, 291.80,  0.104, 338.61,  0.061, 338.90,  0.052, 318.09,-99.000, -99.00,-99.000, -99.00,-99.000, -99.00,-99.000, -99.00,
9/12/2006 22:35:00, 10.6,276.1,  1.3,  2.9, 18.793, 29.51,  0.0,  0.0,  0.039,  41.88,  0.015, 118.30,  0.035, 320.83,  0.046, 286.46,  0.037, 128.42,  0.067, 180.00,  0.080, 244.72,  0.052, 256.76,  0.020, 203.96,  0.103, 264.45,  0.061, 239.68,  0.045, 236.66,  0.040, 336.61,  0.008, 165.96,  0.022,  57.72,  0.069, 323.79,-99.000, -99.00,-99.000, -99.00,-99.000, -99.00,-99.000, -99.00,
9/12/2006 22:40:00, 10.6,276.1,  1.3,  2.9, 18.811, 29.51,  0.0,  0.0,  0.030,  23.20,  0.088, 279.14,  0.072, 275.55,  0.115, 313.24,  0.074, 321.58,  0.090, 296.28,  0.056, 280.30,  0.186, 289.51,  0.188, 303.94,  0.033, 336.57,  0.105, 302.93,  0.045, 289.65,  0.104, 246.15,  0.126, 274.09,  0.097, 260.54,  0.058, 242.10,-99.000, -99.00,-99.000, -99.00,-99.000, -99.00,-99.000, -99.00,
9/12/2006 22:45:00, 10.6,276.0,  1.3,  2.9, 18.805, 29.51,  0.0,  0.0,  0.127, 341.71,  0.035,   8.13,  0.099, 246.80,  0.129, 257.47,  0.098, 241.34,  0.043, 213.69,  0.133, 298.30,  0.147, 283.37,  0.083, 318.42,  0.048, 250.43,  0.079, 313.98,  0.144, 300.83,  0.047, 281.07,  0.060, 193.57,  0.021, 242.24,  0.048, 296.03,-99.000, -99.00,-99.000, -99.00,-99.000, -99.00,-99.000, -99.00,
9/12/2006 22:50:00, 10.6,276.1,  1.3,  2.9, 18.808, 29.51,  0.0,  0.0,  0.063, 333.43,  0.047, 295.46,  0.047, 287.28,  0.057, 317.12,  0.026, 327.53,  0.126, 284.26,  0.062, 305.75,  0.093, 325.46,  0.066, 269.13,  0.075, 260.79,  0.076, 273.76,  0.054, 266.82,  0.104, 237.53,  0.089, 250.35,  0.015, 344.05,  0.007,  90.00,-99.000, -99.00,-99.000, -99.00,-99.000, -99.00,-99.000, -99.00,
9/12/2006 22:55:00, 10.6,276.0,  1.3,  2.9, 18.823, 29.51,  0.0,  0.0,  0.064,  99.90,  0.043, 300.74,  0.022, 294.23,  0.053, 312.71,  0.030, 156.04,  0.095, 306.87,  0.126, 293.32,  0.163, 278.13,  0.008, 270.00,  0.162, 262.92,  0.095, 270.00,  0.109, 250.24,  0.089, 253.61,  0.077, 256.50,  0.047, 279.87,  0.095, 313.73,-99.000, -99.00,-99.000, -99.00,-99.000, -99.00,-99.000, -99.00,
9/12/2006 23:00:00, 10.6,276.2,  1.3,  3.0, 18.823, 29.50,  0.0,  0.0,  0.049, 126.63,  0.046, 231.15,  0.046, 288.82,  0.072, 308.78,  0.068, 322.79,  0.002,  63.43,  0.166, 265.50,  0.158, 274.34,  0.140, 266.32,  0.145, 272.37,  0.042, 288.00,  0.083, 272.07,  0.151, 251.92,  0.130, 236.31,  0.094, 202.48,  0.092, 241.49,-99.000, -99.00,-99.000, -99.00,-99.000, -99.00,-99.000, -99.00,
9/12/2006 23:05:00, 10.6,276.1,  1.3,  2.9, 18.799, 29.50,  0.0,  0.0,  0.041, 168.69,  0.032, 100.95,  0.012, 214.99,  0.095, 278.47,  0.094, 329.35,  0.111, 346.97,  0.158, 347.55,  0.100,  14.45,  0.115, 277.99,  0.082, 288.43,  0.085, 253.69,  0.068, 241.93,  0.074, 247.62,  0.129, 240.64,  0.063, 243.43,  0.040, 238.30,-99.000, -99.00,-99.000, -99.00,-99.000, -99.00,-99.000, -99.00,
9/12/2006 23:10:00, 10.6,276.1,  1.3,  2.9, 18.809, 29.50,  0.0,  0.0,  0.033,  48.65,  0.015, 233.13,  0.142, 311.57,  0.056, 308.50,  0.125, 303.94,  0.251, 322.45,  0.201, 314.60,  0.136, 320.68,  0.086, 318.31,  0.101, 234.26,  0.080, 243.43,  0.109, 270.53,  0.177, 256.28,  0.125, 263.10,  0.085, 302.94,  0.053, 275.39,-99.000, -99.00,-99.000, -99.00,-99.000, -99.00,-99.000, -99.00,
9/12/2006 23:15:00, 10.6,276.2,  1.3,  2.9, 18.811, 29.50,  0.0,  0.0,  0.056, 247.07,  0.068, 190.98,  0.069, 301.39,  0.028,  96.12,  0.031,  26.57,  0.035, 229.57,  0.051, 259.80,  0.085, 197.15,  0.079, 195.45,  0.103, 230.91,  0.084, 269.32,  0.103, 301.53,  0.069, 304.38,  0.072, 261.98,  0.026, 308.66,  0.057, 304.25,-99.000, -99.00,-99.000, -99.00,-99.000, -99.00,-99.000, -99.00,
9/12/2006 23:20:00, 10.6,276.1,  1.3,  2.9, 18.803, 29.50,  0.0,  0.0,  0.022, 206.57,  0.079, 241.16,  0.068, 248.36,  0.123, 241.98,  0.127, 267.75,  0.053, 298.01,  0.244, 283.75,  0.061, 235.01,  0.066, 223.15,  0.156, 257.03,  0.121, 209.10,  0.137, 205.07,  0.142, 221.57,  0.158, 234.29,  0.062, 249.23,  0.033, 250.46,-99.000, -99.00,-99.000, -99.00,-99.000, -99.00,-99.000, -99.00,
9/12/2006 23:25:00, 10.6,276.0,  1.3,  2.9, 18.808, 29.50,  0.0,  0.0,  0.039, 261.25,  0.039, 247.38,  0.058, 270.00,  0.100, 270.00,  0.043, 165.32,  0.040, 231.12,  0.063, 256.18,  0.072, 230.09,  0.016, 266.42,  0.065, 145.08,  0.030, 199.65,  0.102, 198.26,  0.062, 236.82,  0.068, 295.07,  0.060, 260.38,  0.029, 270.00,-99.000, -99.00,-99.000, -99.00,-99.000, -99.00,-99.000, -99.00,
9/12/2006 23:30:00, 10.5,276.1,  1.3,  2.9, 18.816, 29.49,  0.0,  0.0,  0.190, 203.20,  0.085, 267.98,  0.091, 336.80,  0.061, 237.09,  0.041, 244.06,  0.002, 270.00,  0.027, 113.75,  0.032, 114.15,  0.125, 256.08,  0.169, 266.95,  0.057, 193.07,  0.053, 218.83,  0.074, 317.73,  0.040, 280.18,  0.022, 254.05,  0.069,  14.24,-99.000, -99.00,-99.000, -99.00,-99.000, -99.00,-99.000, -99.00,
9/12/2006 23:35:00, 10.5,276.1,  1.3,  2.9, 18.821, 29.49,  0.0,  0.0,  0.064, 151.03,  0.047, 318.47,  0.071, 238.76,  0.105, 297.30,  0.046, 312.36,  0.103, 226.57,  0.065, 215.64,  0.084, 226.44,  0.084, 264.56,  0.068, 170.68,  0.032, 174.64,  0.131, 279.25,  0.117, 280.83,  0.111, 249.44,  0.030, 254.58,  0.097, 347.54,-99.000, -99.00,-99.000, -99.00,-99.000, -99.00,-99.000, -99.00,
9/12/2006 23:40:00, 10.5,276.0,  1.3,  2.9, 18.822, 29.49,  0.0,  0.0,  0.026,  15.64,  0.026, 339.44,  0.151, 241.57,  0.037, 271.55,  0.146, 239.04,  0.100, 286.81,  0.059, 228.45,  0.068, 181.68,  0.065, 235.08,  0.148, 285.26,  0.129, 256.07,  0.090, 220.95,  0.074, 202.09,  0.089, 295.41,  0.011, 213.69,  0.025, 260.91,-99.000, -99.00,-99.000, -99.00,-99.000, -99.00,-99.000, -99.00,
9/12/2006 23:45:00, 10.5,276.0,  1.3,  2.9, 18.838, 29.48,  0.0,  0.0,  0.090, 254.58,  0.082, 217.57,  0.147, 255.40,  0.178, 256.67,  0.089, 289.65,  0.026, 215.54,  0.108, 275.29,  0.098, 304.99,  0.114, 262.94,  0.023, 272.49,  0.020, 243.43,  0.060, 229.09,  0.055, 286.80,  0.046, 314.12,  0.051, 288.43,  0.086, 279.35,-99.000, -99.00,-99.000, -99.00,-99.000, -99.00,-99.000, -99.00,
9/12/2006 23:50:00, 10.5,276.1,  1.3,  3.0, 18.848, 29.48,  0.0,  0.0,  0.058, 280.92,  0.178, 297.86,  0.072, 297.28,  0.069, 220.87,  0.087, 244.90,  0.107, 229.17,  0.166, 300.73,  0.100, 297.33,  0.127, 267.30,  0.149, 252.05,  0.122, 307.34,  0.090, 332.86,  0.154, 272.97,  0.108, 265.24,  0.077, 263.25,  0.097, 281.31,-99.000, -99.00,-99.000, -99.00,-99.000, -99.00,-99.000, -99.00,
9/12/2006 23:55:00, 10.5,276.0,  1.3,  3.0, 18.832, 29.48,  0.0,  0.0,  0.060, 310.91,  0.109, 319.46,  0.065, 251.00,  0.091, 294.60,  0.198, 310.70,  0.078, 304.51,  0.146, 316.94,  0.162, 310.49,  0.114, 292.08,  0.100, 271.72,  0.092, 315.88,  0.113, 318.24,  0.198, 312.55,  0.114, 281.11,  0.093, 290.19,  0.094, 270.61,-99.000, -99.00,-99.000, -99.00,-99.000, -99.00,-99.000, -99.00,
9/13/2006 00:00:00, 10.5,276.1,  1.3,  3.0, 18.830, 29.47,  0.0,  0.0,  0.122, 289.62,  0.109, 296.10,  0.050, 323.13,  0.114, 320.00,  0.164, 323.20,  0.099, 274.04,  0.111, 310.60,  0.101, 311.40,  0.103, 276.16,  0.094, 254.64,  0.118, 283.21,  0.199, 306.81,  0.148, 305.63,  0.135, 292.59,  0.140, 282.75,  0.117, 313.96,-99.000, -99.00,-99.000, -99.00,-99.000, -99.00,-99.000, -99.00,
9/13/2006 00:05:00, 10.5,276.1,  1.3,  2.9, 18.841, 29.47,  0.0,  0.0,  0.065, 285.10,  0.195, 332.78,  0.067, 295.80,  0.102, 301.35,  0.128, 258.78,  0.081, 299.40,  0.115, 299.01,  0.198, 308.66,  0.157, 278.08,  0.141, 298.74,  0.154, 301.73,  0.120, 285.42,  0.141, 289.08,  0.110, 268.96,  0.124, 281.13,  0.097, 280.04,-99.000, -99.00,-99.000, -99.00,-99.000, -99.00,-99.000, -99.00,
9/13/2006 00:10:00, 10.5,276.2,  1.3,  3.0, 18.848, 29.47,  0.0,  0.0,  0.091, 316.79,  0.040, 317.05,  0.119, 311.59,  0.130, 309.07,  0.174, 296.71,  0.158, 309.62,  0.082, 310.07,  0.089, 335.45,  0.099, 274.04,  0.085, 291.43,  0.127, 290.71,  0.145, 278.35,  0.139, 284.14,  0.127, 277.24,  0.225, 281.01,  0.129, 268.67,-99.000, -99.00,-99.000, -99.00,-99.000, -99.00,-99.000, -99.00,
9/13/2006 00:15:00, 10.5,276.2,  1.3,  2.9, 18.832, 29.47,  0.0,  0.0,  0.135, 311.11,  0.109, 319.86,  0.182, 324.39,  0.140, 292.18,  0.111, 303.26,  0.175, 317.09,  0.079, 319.64,  0.137, 316.48,  0.144, 317.81,  0.207, 289.75,  0.186, 284.63,  0.110, 321.26,  0.152, 311.79,  0.159, 295.76,  0.149, 296.22,  0.102, 303.38,-99.000, -99.00,-99.000, -99.00,-99.000, -99.00,-99.000, -99.00,
9/13/2006 00:20:00, 10.5,276.1,  1.3,  2.9, 18.847, 29.47,  0.0,  0.0,  0.175, 309.43,  0.119, 311.59,  0.096, 297.90,  0.057, 328.52,  0.136, 277.59,  0.102, 319.76,  0.139, 320.25,  0.136, 323.38,  0.181, 330.88,  0.226, 324.90,  0.208, 287.30,  0.218, 300.33,  0.180, 316.35,  0.176, 295.25,  0.181, 282.43,  0.119, 285.09,-99.000, -99.00,-99.000, -99.00,-99.000, -99.00,-99.000, -99.00,
9/13/2006 00:25:00, 10.5,276.2,  1.3,  3.0, 18.847, 29.48,  0.0,  0.0,  0.181, 299.39,  0.099, 338.09,  0.078, 329.16,  0.179, 285.59,  0.220, 299.13,  0.149, 311.19,  0.135, 309.59,  0.161, 325.12,  0.249, 311.75,  0.165, 285.80,  0.128, 265.09,  0.164, 294.07,  0.118, 273.88,  0.219, 286.20,  0.095, 295.49,  0.152, 290.82,-99.000, -99.00,-99.000, -99.00,-99.000, -99.00,-99.000, -99.00,
9/13/2006 00:30:00, 10.5,276.1,  1.3,  3.0, 18.837, 29.48,  0.0,  0.0,  0.192, 340.25,  0.084, 265.91,  0.162, 288.32,  0.101, 324.26,  0.082, 300.96,  0.192, 282.01,  0.173, 279.30,  0.200, 280.97,  0.143, 316.70,  0.175, 309.43,  0.213, 284.95,  0.184, 283.51,  0.196, 286.03,  0.229, 280.33,  0.179, 290.56,  0.162, 304.18,-99.000, -99.00,-99.000, -99.00,-99.000, -99.00,-99.000, -99.00,
9/13/2006 00:35:00, 10.5,276.1,  1.3,  2.9, 18.832, 29.48,  0.0,  0.0,  0.178, 320.24,  0.248, 318.27,  0.165, 307.36,  0.164, 334.37,  0.205, 294.44,  0.165, 321.39,  0.064, 334.23,  0.115, 302.59,  0.181, 307.38,  0.199, 318.06,  0.225, 305.03,  0.198, 293.46,  0.068, 311.42,  0.066, 310.70,  0.156, 294.26,  0.087, 311.74,-99.000, -99.00,-99.000, -99.00,-99.000, -99.00,-99.000, -99.00,
9/13/2006 00:40:00, 10.5,276.0,  1.3,  3.0, 18.831, 29.48,  0.0,  0.0,  0.185, 307.55,  0.134, 286.95,  0.118, 305.71,  0.131, 296.18,  0.150, 306.87,  0.175, 320.32,  0.129, 273.11,  0.203, 316.00,  0.148, 278.95,  0.156, 274.79,  0.194, 298.94,  0.200, 288.71,  0.174, 292.29,  0.134, 288.30,  0.101, 294.54,  0.081, 289.56,-99.000, -99.00,-99.000, -99.00,-99.000, -99.00,-99.000, -99.00,
9/13/2006 00:45:00, 10.5,276.0,  1.3,  2.9, 18.829, 29.47,  0.0,  0.0,  0.238, 313.98,  0.236, 308.81,  0.161, 300.54,  0.209, 346.43,  0.148, 297.78,  0.128, 310.26,  0.246, 297.29,  0.182, 305.17,  0.144, 309.65,  0.223, 307.90,  0.261, 307.22,  0.173, 288.85,  0.181, 301.94,  0.182, 310.53,  0.218, 314.63,  0.092, 356.27,-99.000, -99.00,-99.000, -99.00,-99.000, -99.00,-99.000, -99.00,
9/13/2006 00:50:00, 10.5,276.1,  1.3,  3.0, 18.817, 29.47,  0.0,  0.0,  0.209, 295.46,  0.161, 306.94,  0.265, 299.18,  0.190, 276.34,  0.187, 309.57,  0.212, 305.79,  0.219, 299.49,  0.203, 302.12,  0.203, 305.57,  0.242, 289.03,  0.303, 291.31,  0.259, 295.18,  0.277, 295.64,  0.197, 309.84,  0.157, 322.77,  0.114, 328.26,-99.000, -99.00,-99.000, -99.00,-99.000, -99.00,-99.000, -99.00,
9/13/2006 00:55:00, 10.5,276.1,  1.3,  2.9, 18.824, 29.47,  0.0,  0.0,  0.271, 309.32,  0.185, 310.16,  0.278, 323.79,  0.136, 284.96,  0.229, 315.35,  0.168, 311.38,  0.209, 301.72,  0.192, 302.86,  0.230, 294.90,  0.188, 293.84,  0.195, 295.51,  0.285, 296.48,  0.274, 292.35,  0.239, 301.83,  0.171, 299.41,  0.066, 287.61,-99.000, -99.00,-99.000, -99.00,-99.000, -99.00,-99.000, -99.00,
9/13/2006 01:00:00, 10.5,276.1,  1.3,  2.9, 18.815, 29.47,  0.0,  0.0,  0.165, 302.15,  0.233, 305.39,  0.223, 294.95,  0.254, 301.81,  0.213, 283.32,  0.246, 306.08,  0.193, 292.57,  0.237, 293.64,  0.255, 291.43,  0.335, 296.18,  0.246, 295.31,  0.289, 286.49,  0.193, 289.37,  0.196, 283.26,  0.162, 303.40,  0.097, 293.66,-99.000, -99.00,-99.000, -99.00,-99.000, -99.00,-99.000, -99.00,
9/13/2006 01:05:00, 10.5,276.1,  1.3,  2.9, 18.821, 29.47,  0.0,  0.0,  0.274, 312.19,  0.242, 316.01,  0.155, 305.02,  0.222, 311.16,  0.165, 279.06,  0.226, 297.13,  0.294, 282.99,  0.236, 281.26,  0.216, 284.23,  0.166, 285.38,  0.151, 290.96,  0.188, 295.88,  0.200, 292.97,  0.213, 288.01,  0.201, 295.67,  0.118, 303.29,-99.000, -99.00,-99.000, -99.00,-99.000, -99.00,-99.000, -99.00,
9/13/2006 01:10:00, 10.5,276.1,  1.3,  2.9, 18.811, 29.47,  0.0,  0.0,  0.169, 298.23,  0.253, 286.79,  0.179, 285.90,  0.281, 280.67,  0.239, 273.35,  0.289, 292.13,  0.299, 276.15,  0.234, 277.61,  0.294, 285.60,  0.250, 288.43,  0.146, 278.69,  0.197, 300.21,  0.203, 296.69,  0.176, 293.50,  0.161, 274.26,  0.144, 265.24,-99.000, -99.00,-99.000, -99.00,-99.000, -99.00,-99.000, -99.00,
9/13/2006 01:15:00, 10.5,276.1,  1.3,  3.0, 18.808, 29.47,  0.0,  0.0,  0.147, 321.34,  0.347, 293.46,  0.182, 301.07,  0.278, 279.09,  0.225, 269.24,  0.235, 270.49,  0.208, 277.47,  0.244, 284.49,  0.171, 295.22,  0.223, 285.35,  0.253, 295.04,  0.281, 300.12,  0.216, 290.28,  0.246, 300.21,  0.145, 318.93,  0.054, 241.05,-99.000, -99.00,-99.000, -99.00,-99.000, -99.00,-99.000, -99.00,
9/13/2006 01:20:00, 10.5,276.1,  1.3,  2.9, 18.788, 29.47,  0.0,  0.0,  0.249, 304.20,  0.223, 305.90,  0.251, 303.31,  0.233, 306.08,  0.155, 293.59,  0.229, 300.49,  0.257, 305.98,  0.204, 317.39,  0.195, 297.74,  0.235, 296.57,  0.246, 301.68,  0.262, 290.10,  0.232, 298.00,  0.211, 294.38,  0.217, 304.13,  0.113, 320.39,-99.000, -99.00,-99.000, -99.00,-99.000, -99.00,-99.000, -99.00,
9/13/2006 01:25:00, 10.5,276.0,  1.3,  3.0, 18.800, 29.47,  0.0,  0.0,  0.210, 273.54,  0.268, 314.24,  0.231, 289.45,  0.221, 286.80,  0.193, 299.74,  0.135, 309.59,  0.229, 297.35,  0.251, 300.14,  0.256, 291.55,  0.246, 274.67,  0.204, 273.65,  0.195, 279.46,  0.230, 291.66,  0.221, 304.70,  0.183, 295.58,  0.131, 268.25,-99.000, -99.00,-99.000, -99.00,-99.000, -99.00,-99.000, -99.00,
9/13/2006 01:30:00, 10.5,276.2,  1.3,  2.9, 18.797, 29.47,  0.0,  0.0,  0.209, 311.31,  0.205, 294.56,  0.163, 316.49,  0.264, 305.92,  0.290, 302.59,  0.238, 298.94,  0.234, 297.22,  0.207, 293.60,  0.207, 285.11,  0.172, 291.80,  0.217, 288.85,  0.226, 301.22,  0.170, 282.89,  0.173, 308.19,  0.148, 292.59,  0.143, 275.23,-99.000, -99.00,-99.000, -99.00,-99.000, -99.00,-99.000, -99.00,
9/13/2006 01:35:00, 10.5,276.1,  1.3,  3.0, 18.826, 29.46,  0.0,  0.0,  0.190, 313.29,  0.111, 326.02,  0.271, 321.14,  0.190, 297.65,  0.207, 313.63,  0.212, 292.70,  0.124, 306.13,  0.107, 293.69,  0.223, 286.16,  0.171, 298.96,  0.148, 281.69,  0.201, 300.52,  0.068, 282.80,  0.073, 270.00,  0.138, 264.17,  0.146, 290.05,-99.000, -99.00,-99.000, -99.00,-99.000, -99.00,-99.000, -99.00,
9/13/2006 01:40:00, 10.5,276.1,  1.3,  3.0, 18.804, 29.46,  0.0,  0.0,  0.216, 327.49,  0.181, 352.72,  0.222, 341.32,  0.218, 332.14,  0.245, 298.55,  0.184, 300.32,  0.156, 311.88,  0.132, 328.59,  0.219, 307.03,  0.159, 353.86,  0.098, 308.39,  0.195, 295.51,  0.209, 277.70,  0.135, 286.82,  0.057, 256.70,  0.067, 278.62,-99.000, -99.00,-99.000, -99.00,-99.000, -99.00,-99.000, -99.00,
9/13/2006 01:45:00, 10.5,276.1,  1.3,  2.9, 18.831, 29.46,  0.0,  0.0,  0.210, 355.62,  0.195, 324.60,  0.155, 295.24,  0.197, 312.33,  0.233, 319.88,  0.155, 313.69,  0.118, 304.63,  0.212, 292.70,  0.196, 318.10,  0.210, 290.94,  0.221, 270.00,  0.231, 279.46,  0.233, 286.18,  0.214, 285.47,  0.175, 283.24,  0.052, 278.91,-99.000, -99.00,-99.000, -99.00,-99.000, -99.00,-99.000, -99.00,
9/13/2006 01:50:00, 10.5,276.1,  1.3,  2.9, 18.808, 29.45,  0.0,  0.0,  0.240, 338.46,  0.223, 331.02,  0.212, 310.98,  0.199, 307.45,  0.226, 325.26,  0.183, 303.17,  0.264, 314.23,  0.299, 298.53,  0.234, 282.85,  0.135, 275.54,  0.169, 292.62,  0.255, 287.37,  0.155, 310.04,  0.174, 298.19,  0.147, 289.92,  0.096, 342.32,-99.000, -99.00,-99.000, -99.00,-99.000, -99.00,-99.000, -99.00,
9/13/2006 01:55:00, 10.5,276.0,  1.3,  2.9, 18.793, 29.45,  0.0,  0.0,  0.279, 309.33,  0.148, 315.00,  0.247, 305.43,  0.172, 344.10,  0.202, 303.69,  0.157, 315.00,  0.176, 310.85,  0.220, 288.27,  0.195, 290.11,  0.159, 287.98,  0.253, 292.52,  0.127, 284.15,  0.209, 270.27,  0.229, 281.31,  0.272, 287.97,  0.078, 270.73,-99.000, -99.00,-99.000, -99.00,-99.000, -99.00,-99.000, -99.00,
9/13/2006 02:00:00, 10.5,276.2,  1.3,  2.9, 18.791, 29.45,  0.0,  0.0,  0.103, 280.65,  0.159, 290.60,  0.116, 307.66,  0.189, 288.53,  0.203, 311.61,  0.249, 297.29,  0.205, 318.37,  0.182, 292.62,  0.221, 280.95,  0.170, 273.37,  0.150, 289.89,  0.180, 302.98,  0.190, 276.04,  0.219, 282.13,  0.230, 283.85,  0.091, 316.33,-99.000, -99.00,-99.000, -99.00,-99.000, -99.00,-99.000, -99.00,
9/13/2006 02:05:00, 10.5,276.2,  1.3,  2.9, 18.785, 29.45,  0.0,  0.0,  0.128, 301.58,  0.183, 302.47,  0.185, 280.28,  0.250, 265.18,  0.179, 302.45,  0.239, 298.17,  0.240, 290.25,  0.217, 315.56,  0.206, 291.70,  0.229, 284.64,  0.140, 288.31,  0.185, 278.09,  0.140, 255.96,  0.240, 288.96,  0.165, 287.23,  0.068, 252.90,-99.000, -99.00,-99.000, -99.00,-99.000, -99.00,-99.000, -99.00,
9/13/2006 02:10:00, 10.5,276.0,  1.3,  2.9, 18.767, 29.45,  0.0,  0.0,  0.256, 300.77,  0.163, 315.50,  0.083, 316.47,  0.054, 303.69,  0.117, 264.58,  0.141, 266.35,  0.158, 280.24,  0.159, 309.90,  0.248, 289.09,  0.246, 279.85,  0.154, 271.86,  0.215, 278.85,  0.160, 270.00,  0.184, 252.65,  0.146, 252.06,  0.056, 288.76,-99.000, -99.00,-99.000, -99.00,-99.000, -99.00,-99.000, -99.00,
9/13/2006 02:15:00, 10.5,276.1,  1.3,  3.0, 18.767, 29.45,  0.0,  0.0,  0.220, 303.33,  0.161, 290.35,  0.196, 333.96,  0.270, 320.11,  0.123, 295.52,  0.142, 323.85,  0.181, 319.02,  0.173, 308.66,  0.104, 280.55,  0.211, 282.85,  0.159, 284.91,  0.155, 304.51,  0.189, 293.72,  0.185, 258.14,  0.079, 253.86,  0.062, 252.15,-99.000, -99.00,-99.000, -99.00,-99.000, -99.00,-99.000, -99.00,
9/13/2006 02:20:00, 10.5,276.1,  1.3,  2.9, 18.760, 29.44,  0.0,  0.0,  0.140, 330.87,  0.202, 325.92,  0.102, 315.00,  0.215, 318.59,  0.129, 303.32,  0.168, 305.58,  0.190, 316.28,  0.139, 282.44,  0.105, 301.72,  0.172, 292.54,  0.208, 295.08,  0.170, 254.33,  0.198, 255.68,  0.158, 272.54,  0.111, 273.09,  0.064, 320.08,-99.000, -99.00,-99.000, -99.00,-99.000, -99.00,-99.000, -99.00,
9/13/2006 02:25:00, 10.5,276.0,  1.3,  2.9, 18.756, 29.44,  0.0,  0.0,  0.113, 350.29,  0.123, 325.28,  0.140, 328.47,  0.140, 309.49,  0.076, 325.68,  0.140, 288.31,  0.094, 276.14,  0.149, 261.49,  0.137, 260.33,  0.210, 281.79,  0.103, 286.86,  0.132, 290.35,  0.177, 271.94,  0.193, 280.73,  0.268, 282.95,  0.113, 272.03,-99.000, -99.00,-99.000, -99.00,-99.000, -99.00,-99.000, -99.00,
9/13/2006 02:30:00, 10.5,276.0,  1.3,  2.9, 18.768, 29.44,  0.0,  0.0,  0.127, 320.77,  0.125, 294.10,  0.115, 322.04,  0.141, 289.84,  0.123, 289.47,  0.189, 324.71,  0.199, 310.73,  0.123, 311.36,  0.171, 284.93,  0.238, 305.96,  0.154, 269.26,  0.169, 243.74,  0.090, 257.20,  0.097, 297.10,  0.069, 278.37,  0.067,  28.47,-99.000, -99.00,-99.000, -99.00,-99.000, -99.00,-99.000, -99.00,
9/13/2006 02:35:00, 10.5,276.2,  1.3,  3.0, 18.750, 29.44,  0.0,  0.0,  0.111,   0.00,  0.091, 347.95,  0.115, 300.36,  0.174, 288.75,  0.175, 270.98,  0.217, 294.20,  0.185, 291.28,  0.150, 282.74,  0.199, 260.73,  0.208, 271.10,  0.196, 266.21,  0.188, 270.91,  0.199, 274.33,  0.192, 267.61,  0.175, 271.64,  0.077, 263.25,-99.000, -99.00,-99.000, -99.00,-99.000, -99.00,-99.000, -99.00,
9/13/2006 02:40:00, 10.5,276.1,  1.3,  3.0, 18.746, 29.44,  0.0,  0.0,  0.116, 289.69,  0.245, 322.80,  0.095, 270.00,  0.169, 301.43,  0.203, 309.81,  0.110, 277.32,  0.119, 291.62,  0.100, 305.27,  0.060, 310.91,  0.158, 275.82,  0.138, 271.66,  0.172, 255.15,  0.282, 257.93,  0.226, 269.49,  0.154, 248.27,  0.043, 293.55,-99.000, -99.00,-99.000, -99.00,-99.000, -99.00,-99.000, -99.00,
9/13/2006 02:45:00, 10.5,276.0,  1.3,  2.9, 18.760, 29.44,  0.0,  0.0,  0.024, 347.74,  0.075, 317.16,  0.120, 327.64,  0.102, 256.92,  0.077, 268.51,  0.073, 284.98,  0.099, 310.91,  0.158, 293.96,  0.202, 271.42,  0.122, 272.35,  0.196, 270.00,  0.206, 249.28,  0.205, 259.29,  0.183, 258.63,  0.191, 274.21,  0.129, 293.20,-99.000, -99.00,-99.000, -99.00,-99.000, -99.00,-99.000, -99.00,
9/13/2006 02:50:00, 10.5,276.0,  1.3,  2.9, 18.753, 29.45,  0.0,  0.0,  0.101, 321.43,  0.123, 246.99,  0.092, 259.30,  0.122, 337.42,  0.067, 347.01,  0.105, 291.19,  0.089, 260.96,  0.100, 255.55,  0.151, 268.86,  0.157, 276.22,  0.158, 260.90,  0.207, 250.78,  0.177, 258.63,  0.243, 260.54,  0.189, 281.31,  0.052,  56.00,-99.000, -99.00,-99.000, -99.00,-99.000, -99.00,-99.000, -99.00,
9/13/2006 02:55:00, 10.5,276.0,  1.3,  2.9, 18.749, 29.45,  0.0,  0.0,  0.138, 311.77,  0.138, 295.27,  0.077,  19.86,  0.186, 301.12,  0.144, 301.03,  0.089, 290.48,  0.043, 262.06,  0.133, 250.61,  0.152, 288.79,  0.154, 281.24,  0.261, 267.59,  0.212, 255.50,  0.164, 261.23,  0.207, 263.05,  0.227, 264.94,  0.135, 299.80,-99.000, -99.00,-99.000, -99.00,-99.000, -99.00,-99.000, -99.00,
9/13/2006 03:00:00, 10.5,276.0,  1.3,  2.9, 18.732, 29.45,  0.0,  0.0,  0.074, 328.24,  0.115, 338.57,  0.159, 322.91,  0.109, 315.00,  0.142, 329.45,  0.090, 331.44,  0.031, 268.15,  0.160, 284.82,  0.060, 312.98,  0.149, 281.61,  0.184, 259.67,  0.115, 253.30,  0.197, 276.40,  0.142, 243.25,  0.119, 268.56,  0.053, 305.79,-99.000, -99.00,-99.000, -99.00,-99.000, -99.00,-99.000, -99.00,
9/13/2006 03:05:00, 10.5,276.1,  1.3,  3.0, 18.736, 29.45,  0.0,  0.0,  0.093, 217.61,  0.168, 301.61,  0.144, 300.83,  0.107, 252.07,  0.146, 283.85,  0.096, 303.52,  0.102, 261.00,  0.106, 295.84,  0.066, 252.39,  0.087, 281.96,  0.122, 285.75,  0.098, 284.18,  0.130, 274.84,  0.166, 259.91,  0.146, 246.60,  0.084, 276.87,-99.000, -99.00,-99.000, -99.00,-99.000, -99.00,-99.000, -99.00,
9/13/2006 03:10:00, 10.5,276.1,  1.3,  2.9, 18.751, 29.45,  0.0,  0.0,  0.057, 287.47,  0.130, 299.53,  0.220, 286.95,  0.123, 285.62,  0.067, 337.25,  0.157, 311.39,  0.124, 341.71,  0.137, 306.12,  0.078, 275.13,  0.072, 290.46,  0.181, 276.65,  0.191, 279.36,  0.100, 234.40,  0.141, 258.53,  0.156, 222.40,  0.095, 265.19,-99.000, -99.00,-99.000, -99.00,-99.000, -99.00,-99.000, -99.00,
9/13/2006 03:15:00, 10.5,276.1,  1.3,  3.0, 18.717, 29.45,  0.0,  0.0,  0.121, 264.76,  0.043, 252.41,  0.135, 331.73,  0.106, 303.84,  0.060, 309.56,  0.126, 300.65,  0.129, 308.73,  0.072, 288.69,  0.054, 251.57,  0.137, 293.75,  0.106, 246.59,  0.135, 270.00,  0.181, 291.74,  0.171, 274.35,  0.121, 235.78,  0.052, 254.36,-99.000, -99.00,-99.000, -99.00,-99.000, -99.00,-99.000, -99.00,
9/13/2006 03:20:00, 10.5,276.1,  1.3,  2.9, 18.708, 29.45,  0.0,  0.0,  0.090, 335.71,  0.116, 346.56,  0.149, 310.64,  0.089, 297.43,  0.082, 329.39,  0.056, 317.17,  0.095, 352.72,  0.174, 328.41,  0.138, 284.64,  0.119, 267.11,  0.078, 308.77,  0.143, 281.70,  0.165, 286.23,  0.103, 272.22,  0.065, 281.48,  0.144, 290.32,-99.000, -99.00,-99.000, -99.00,-99.000, -99.00,-99.000, -99.00,
9/13/2006 03:25:00, 10.5,276.0,  1.3,  3.0, 18.713, 29.45,  0.0,  0.0,  0.081, 184.94,  0.031,  35.75,  0.068, 276.71,  0.082,  10.49,  0.127, 302.44,  0.061, 304.99,  0.037,  20.38,  0.074, 269.23,  0.096, 276.01,  0.043, 331.07,  0.090, 307.76,  0.075, 331.39,  0.082, 330.95,  0.068, 330.05,  0.088, 300.07,  0.118, 285.21,-99.000, -99.00,-99.000, -99.00,-99.000, -99.00,-99.000, -99.00,
9/13/2006 03:30:00, 10.5,276.0,  1.3,  3.0, 18.688, 29.45,  0.0,  0.0,  0.145, 279.53,  0.136, 225.00,  0.140, 246.91,  0.144, 265.24,  0.065, 253.81,  0.103, 241.70,  0.054, 276.34,  0.093, 303.18,  0.170, 264.26,  0.100, 250.11,  0.112, 228.62,  0.059, 273.88,  0.125, 291.63,  0.111, 265.36,  0.047, 214.70,  0.065, 261.12,-99.000, -99.00,-99.000, -99.00,-99.000, -99.00,-99.000, -99.00,
9/13/2006 03:35:00, 10.5,276.0,  1.3,  2.9, 18.695, 29.44,  0.0,  0.0,  0.043,  16.31,  0.130, 308.11,  0.035, 276.52,  0.078, 269.27,  0.041, 230.91,  0.061, 356.25,  0.060, 321.79,  0.096, 279.56,  0.041, 207.82,  0.024, 209.74,  0.052, 241.48,  0.019, 231.34,  0.129, 280.27,  0.131, 288.30,  0.111, 263.26,  0.051, 277.82,-99.000, -99.00,-99.000, -99.00,-99.000, -99.00,-99.000, -99.00,
9/13/2006 03:40:00, 10.5,276.0,  1.3,  2.9, 18.696, 29.44,  0.0,  0.0,  0.028, 198.43,  0.072, 270.00,  0.018, 176.82,  0.048, 349.16,  0.100,   1.15,  0.081,  31.33,  0.008, 277.13,  0.039, 205.91,  0.092, 237.86,  0.028, 274.09,  0.023, 205.46,  0.053, 275.39,  0.135, 253.71,  0.105, 234.33,  0.148, 268.07,  0.043, 280.78,-99.000, -99.00,-99.000, -99.00,-99.000, -99.00,-99.000, -99.00,
9/13/2006 03:45:00, 10.5,276.0,  1.3,  3.0, 18.685, 29.44,  0.0,  0.0,  0.028, 317.86,  0.088, 250.74,  0.085, 270.00,  0.055, 261.57,  0.111, 311.33,  0.155, 310.80,  0.141, 323.05,  0.118, 291.98,  0.053, 240.52,  0.060, 107.53,  0.123, 269.53,  0.106, 284.69,  0.080, 292.07,  0.122, 284.72,  0.081, 287.99,  0.034, 343.14,-99.000, -99.00,-99.000, -99.00,-99.000, -99.00,-99.000, -99.00,
9/13/2006 03:50:00, 10.5,276.0,  1.3,  2.9, 18.693, 29.43,  0.0,  0.0,  0.112, 285.03,  0.088, 301.52,  0.041, 268.60,  0.091, 287.84,  0.029, 292.17,  0.045, 130.46,  0.060, 319.09,  0.109, 316.49,  0.095, 304.70,  0.126, 272.73,  0.123, 298.02,  0.107, 267.86,  0.184, 280.33,  0.144, 274.80,  0.128, 254.12,  0.059, 281.69,-99.000, -99.00,-99.000, -99.00,-99.000, -99.00,-99.000, -99.00,
9/13/2006 03:55:00, 10.5,276.1,  1.3,  2.9, 18.687, 29.43,  0.0,  0.0,  0.018, 153.43,  0.042, 278.13,  0.061, 223.67,  0.089, 266.14,  0.064, 268.21,  0.074, 264.60,  0.065, 260.25,  0.021, 232.59,  0.082, 241.56,  0.019, 164.48,  0.122, 274.69,  0.202, 287.90,  0.188, 279.81,  0.105, 292.41,  0.054, 324.83,  0.115, 276.01,-99.000, -99.00,-99.000, -99.00,-99.000, -99.00,-99.000, -99.00,
9/13/2006 04:00:00, 10.5,276.0,  1.3,  2.9, 18.668, 29.43,  0.0,  0.0,  0.089, 239.70,  0.004, 153.43,  0.110, 234.58,  0.042, 191.04,  0.032, 214.70,  0.095, 286.53,  0.057, 278.13,  0.090, 288.84,  0.169, 258.76,  0.047, 243.43,  0.061, 175.31,  0.139, 285.44,  0.127, 293.14,  0.140, 253.38,  0.073, 221.11,  0.009, 296.57,-99.000, -99.00,-99.000, -99.00,-99.000, -99.00,-99.000, -99.00,
9/13/2006 04:05:00, 10.5,276.0,  1.4,  2.9, 18.673, 29.43,  0.0,  0.0,  0.030, 160.35,  0.033, 138.65,  0.028, 180.00,  0.129, 107.59,  0.038,  50.39,  0.031,  80.84,  0.076, 178.49,  0.077, 256.50,  0.060, 253.66,  0.063, 293.32,  0.116, 251.41,  0.104, 276.10,  0.092, 289.03,  0.083, 287.56,  0.055, 250.91,  0.040, 316.01,-99.000, -99.00,-99.000, -99.00,-99.000, -99.00,-99.000, -99.00,
9/13/2006 04:10:00, 10.5,276.1,  1.4,  3.0, 18.671, 29.43,  0.0,  0.0,  0.076, 164.68,  0.049, 158.63,  0.098, 217.10,  0.048, 249.30,  0.022, 262.23,  0.048, 320.04,  0.062, 158.37,  0.069, 261.63,  0.079, 310.36,  0.119, 331.27,  0.120, 288.89,  0.063, 282.93,  0.046, 290.41,  0.104, 247.38,  0.108, 240.12,  0.086, 315.94,-99.000, -99.00,-99.000, -99.00,-99.000, -99.00,-99.000, -99.00,
9/13/2006 04:15:00, 10.5,276.0,  1.4,  2.9, 18.668, 29.43,  0.0,  0.0,  0.053, 286.39,  0.071, 202.25,  0.070, 215.06,  0.081, 227.49,  0.069, 204.72,  0.098, 217.93,  0.035, 199.98,  0.140, 283.64,  0.059, 243.00,  0.078, 213.49,  0.107, 250.89,  0.062, 234.25,  0.061, 208.24,  0.174, 237.23,  0.065, 226.25,  0.075, 327.99,-99.000, -99.00,-99.000, -99.00,-99.000, -99.00,-99.000, -99.00,
9/13/2006 04:20:00, 10.5,276.0,  1.4,  2.9, 18.668, 29.43,  0.0,  0.0,  0.151, 189.15,  0.178, 251.67,  0.085, 230.71,  0.106, 197.06,  0.039, 157.38,  0.093, 279.87,  0.023, 285.26,  0.102, 277.89,  0.107, 184.28,  0.065, 289.83,  0.074, 284.78,  0.101, 249.78,  0.114, 258.89,  0.160, 258.13,  0.082, 272.79,  0.122,   2.35,-99.000, -99.00,-99.000, -99.00,-99.000, -99.00,-99.000, -99.00,
9/13/2006 04:25:00, 10.5,276.1,  1.4,  3.0, 18.663, 29.43,  0.0,  0.0,  0.123, 245.52,  0.040, 267.14,  0.081, 196.43,  0.107, 237.65,  0.077, 203.59,  0.092, 286.46,  0.054, 310.49,  0.056,  67.07,  0.048, 267.61,  0.065, 230.65,  0.036, 176.82,  0.073, 291.66,  0.093, 308.47,  0.100, 311.35,  0.009, 310.60,  0.061,  27.41,-99.000, -99.00,-99.000, -99.00,-99.000, -99.00,-99.000, -99.00,
9/13/2006 04:30:00, 10.5,276.1,  1.4,  2.9, 18.659, 29.42,  0.0,  0.0,  0.044, 233.39,  0.076, 224.46,  0.149, 171.49,  0.026, 346.50,  0.091, 196.64,  0.103, 247.17,  0.113, 181.52,  0.074, 187.03,  0.034, 154.18,  0.048,  60.26,  0.066, 339.65,  0.135, 284.14,  0.048, 268.81,  0.087, 272.63,  0.034, 254.74,  0.045, 303.34,-99.000, -99.00,-99.000, -99.00,-99.000, -99.00,-99.000, -99.00,
9/13/2006 04:35:00, 10.5,276.2,  1.4,  2.9, 18.655, 29.42,  0.0,  0.0,  0.125, 240.37,  0.017, 183.37,  0.072, 231.22,  0.150, 208.27,  0.137, 193.12,  0.096, 257.99,  0.072, 228.37,  0.089, 208.30,  0.055, 257.47,  0.018,  49.40,  0.024,  33.02,  0.057, 252.53,  0.030, 197.24,  0.027, 246.25,  0.069, 253.94,  0.103, 334.68,-99.000, -99.00,-99.000, -99.00,-99.000, -99.00,-99.000, -99.00,
9/13/2006 04:40:00, 10.5,276.0,  1.4,  2.9, 18.640, 29.42,  0.0,  0.0,  0.067, 102.99,  0.062, 171.61,  0.105, 259.55,  0.082, 278.43,  0.057, 235.75,  0.086, 221.69,  0.067, 211.55,  0.046, 208.81,  0.082, 193.36,  0.106, 183.24,  0.041, 102.68,  0.076, 356.24,  0.039,  30.47,  0.061, 260.54,  0.134, 316.21,  0.089, 256.43,-99.000, -99.00,-99.000, -99.00,-99.000, -99.00,-99.000, -99.00,
9/13/2006 04:45:00, 10.5,276.1,  1.4,  3.0, 18.639, 29.42,  0.0,  0.0,  0.101, 157.25,  0.003, 161.57,  0.088, 229.61,  0.072, 290.46,  0.097, 213.69,  0.105, 227.69,  0.079, 192.45,  0.093, 240.41,  0.159, 272.52,  0.115, 285.12,  0.080, 235.71,  0.096, 260.44,  0.060, 276.65,  0.046, 163.54,  0.040, 231.12,  0.056, 194.53,-99.000, -99.00,-99.000, -99.00,-99.000, -99.00,-99.000, -99.00,
9/13/2006 04:50:00, 10.5,276.1,  1.4,  3.0, 18.639, 29.42,  0.0,  0.0,  0.076, 176.24,  0.089, 219.56,  0.126, 213.69,  0.036, 213.69,  0.070, 202.56,  0.064, 157.04,  0.052, 188.91,  0.104, 175.05,  0.034, 244.18,  0.065,  40.03,  0.109,  45.00,  0.108,  46.51,  0.037, 347.47,  0.046, 283.74,  0.045, 170.96,  0.059,  53.90,-99.000, -99.00,-99.000, -99.00,-99.000, -99.00,-99.000, -99.00,
9/13/2006 04:55:00, 10.5,276.0,  1.4,  2.9, 18.631, 29.42,  0.0,  0.0,  0.067, 137.44,  0.031,  76.87,  0.117, 194.39,  0.096, 271.79,  0.011, 344.74,  0.090, 224.55,  0.062, 270.00,  0.058, 139.18,  0.037, 184.64,  0.018, 176.82,  0.022, 164.05,  0.023, 350.13,  0.022,  35.84,  0.065, 215.64,  0.030, 164.58,  0.038, 125.36,-99.000, -99.00,-99.000, -99.00,-99.000, -99.00,-99.000, -99.00,
9/13/2006 05:00:00, 10.5,275.9,  1.4,  3.0, 18.615, 29.42,  0.0,  0.0,  0.105, 223.08,  0.066, 224.38,  0.022, 338.20,  0.031, 236.82,  0.050,  36.87,  0.050, 191.53,  0.038, 263.99,  0.045, 310.46,  0.087, 254.69,  0.022,  46.85,  0.063, 190.06,  0.080, 205.28,  0.048, 238.63,  0.080, 183.58,  0.044, 181.30,  0.085, 220.24,-99.000, -99.00,-99.000, -99.00,-99.000, -99.00,-99.000, -99.00,
9/13/2006 05:05:00, 10.5,275.9,  1.4,  3.0, 18.624, 29.42,  0.0,  0.0,  0.064, 187.24,  0.059,  93.88,  0.014, 180.00,  0.096, 176.42,  0.012, 194.04,  0.112, 109.90,  0.093, 116.02,  0.099,  89.42,  0.086,  86.67,  0.024, 180.00,  0.070, 133.26,  0.058, 120.96,  0.079, 172.69,  0.107, 180.54,  0.126, 160.99,  0.066, 155.77,-99.000, -99.00,-99.000, -99.00,-99.000, -99.00,-99.000, -99.00,
9/13/2006 05:10:00, 10.5,276.1,  1.4,  2.9, 18.611, 29.41,  0.0,  0.0,  0.077, 186.75,  0.037, 194.04,  0.040, 211.70,  0.037, 209.36,  0.140, 199.60,  0.055, 193.78,  0.049,  93.50,  0.021,  46.97,  0.096, 174.64,  0.082, 143.97,  0.084, 184.76,  0.101, 177.73,  0.111, 150.90,  0.114, 151.19,  0.151, 166.24,  0.174, 140.83,-99.000, -99.00,-99.000, -99.00,-99.000, -99.00,-99.000, -99.00,
9/13/2006 05:15:00, 10.5,275.9,  1.4,  3.0, 18.623, 29.41,  0.0,  0.0,  0.045, 131.42,  0.096, 143.01,  0.127, 165.42,  0.049,  93.50,  0.084, 160.48,  0.052, 185.49,  0.069, 214.38,  0.117, 219.81,  0.179, 187.05,  0.140, 198.69,  0.077, 180.00,  0.131, 180.87,  0.109, 171.05,  0.102, 178.32,  0.121, 167.57,  0.088, 166.91,-99.000, -99.00,-99.000, -99.00,-99.000, -99.00,-99.000, -99.00,
9/13/2006 05:20:00, 10.5,276.1,  1.4,  3.0, 18.600, 29.41,  0.0,  0.0,  0.079, 169.11,  0.020, 306.87,  0.111, 161.57,  0.007,  81.87,  0.029,  63.43,  0.051, 155.92,  0.100, 237.26,  0.108, 187.98,  0.062, 207.80,  0.077, 167.23,  0.029, 157.83,  0.050, 152.40,  0.071, 164.39,  0.098, 186.47,  0.040, 205.28,  0.071, 149.45,-99.000, -99.00,-99.000, -99.00,-99.000, -99.00,-99.000, -99.00,
9/13/2006 05:25:00, 10.5,276.0,  1.4,  2.9, 18.615, 29.41,  0.0,  0.0,  0.031, 243.43,  0.123,  93.26,  0.085, 228.81,  0.072, 172.78,  0.154, 157.09,  0.049, 230.79,  0.126, 170.39,  0.096, 228.37,  0.080, 199.80,  0.128, 179.55,  0.148, 180.77,  0.116, 136.40,  0.083, 124.65,  0.153, 144.55,  0.024, 152.35,  0.042,  92.73,-99.000, -99.00,-99.000, -99.00,-99.000, -99.00,-99.000, -99.00,
9/13/2006 05:30:00, 10.5,276.0,  1.4,  2.9, 18.618, 29.41,  0.0,  0.0,  0.097, 104.89,  0.087, 129.38,  0.033, 162.12,  0.063, 198.43,  0.135, 157.41,  0.117, 151.47,  0.149, 129.26,  0.087, 117.45,  0.123, 135.00,  0.116, 131.51,  0.052, 161.92,  0.078, 140.19,  0.140, 177.14,  0.129, 199.00,  0.131, 193.72,  0.095, 225.42,-99.000, -99.00,-99.000, -99.00,-99.000, -99.00,-99.000, -99.00,
9/13/2006 05:35:00, 10.5,276.0,  1.4,  2.9, 18.617, 29.41,  0.0,  0.0,  0.119, 173.71,  0.099, 141.97,  0.083, 164.62,  0.053, 162.58,  0.131, 190.54,  0.161, 176.80,  0.157, 164.46,  0.093, 180.00,  0.107, 245.82,  0.119, 243.00,  0.144, 271.99,  0.056, 298.86,  0.080, 267.14,  0.189, 266.07,  0.088, 210.07,  0.151, 167.80,-99.000, -99.00,-99.000, -99.00,-99.000, -99.00,-99.000, -99.00,
9/13/2006 05:40:00, 10.5,275.9,  1.4,  2.9, 18.612, 29.42,  0.0,  0.0,  0.051, 150.40,  0.090, 156.30,  0.113, 161.89,  0.084, 155.27,  0.036,  54.09,  0.098,  98.79,  0.038, 156.80,  0.106, 178.92,  0.088, 166.91,  0.088, 145.22,  0.064, 144.57,  0.045,  84.92,  0.176, 124.14,  0.137, 120.32,  0.172,  95.01,  0.105,  82.87,-99.000, -99.00,-99.000, -99.00,-99.000, -99.00,-99.000, -99.00,
9/13/2006 05:45:00, 10.5,276.0,  1.4,  2.9, 18.617, 29.42,  0.0,  0.0,  0.186, 109.80,  0.058, 110.32,  0.094,  91.22,  0.073, 115.87,  0.091, 180.00,  0.017, 147.26,  0.016, 230.19,  0.063, 203.32,  0.210, 153.68,  0.123, 168.78,  0.179, 150.14,  0.276, 154.73,  0.346, 142.40,  0.284, 159.14,  0.260, 174.05,  0.122, 152.59,-99.000, -99.00,-99.000, -99.00,-99.000, -99.00,-99.000, -99.00,
9/13/2006 05:50:00, 10.5,276.1,  1.4,  2.9, 18.592, 29.42,  0.0,  0.0,  0.181, 145.61,  0.099, 158.09,  0.089, 145.95,  0.092, 126.62,  0.085,  98.80,  0.044,  39.47,  0.024, 135.00,  0.022,  74.05,  0.025, 106.26,  0.030, 262.41,  0.180, 115.00,  0.118, 120.47,  0.165, 134.02,  0.154, 152.60,  0.128, 164.12,  0.096,  55.15,-99.000, -99.00,-99.000, -99.00,-99.000, -99.00,-99.000, -99.00,
9/13/2006 05:55:00, 10.5,276.1,  1.4,  2.9, 18.588, 29.42,  0.0,  0.0,  0.118, 111.35,  0.190, 141.20,  0.118, 132.24,  0.111,  92.58,  0.120, 146.58,  0.061, 136.33,  0.100, 134.19,  0.090, 123.16,  0.096, 117.37,  0.150, 151.39,  0.076, 173.16,  0.071, 156.70,  0.090, 117.70,  0.151, 120.12,  0.165, 122.15,  0.037, 175.36,-99.000, -99.00,-99.000, -99.00,-99.000, -99.00,-99.000, -99.00,
9/13/2006 06:00:00, 10.5,276.0,  1.4,  2.9, 18.599, 29.42,  0.0,  0.0,  0.147, 165.02,  0.151, 133.93,  0.134, 155.34,  0.113, 144.34,  0.076, 130.19,  0.040, 168.41,  0.198, 135.82,  0.125, 119.86,  0.125, 133.05,  0.083, 180.00,  0.126, 130.16,  0.229, 133.23,  0.208, 117.18,  0.171, 118.96,  0.129, 129.98,  0.057, 118.37,-99.000, -99.00,-99.000, -99.00,-99.000, -99.00,-99.000, -99.00,
9/13/2006 06:05:00, 10.5,275.9,  1.4,  2.9, 18.578, 29.42,  0.0,  0.0,  0.098, 155.80,  0.130, 151.46,  0.202, 121.01,  0.136, 127.21,  0.088, 137.29,  0.137, 114.51,  0.097, 129.96,  0.092, 153.43,  0.052, 160.87,  0.037, 194.04,  0.064, 142.59,  0.054, 127.50,  0.075,  93.81,  0.054, 150.12,  0.151, 140.92,  0.063,  82.65,-99.000, -99.00,-99.000, -99.00,-99.000, -99.00,-99.000, -99.00,
9/13/2006 06:10:00, 10.5,276.0,  1.4,  3.0, 18.590, 29.42,  0.0,  0.0,  0.200, 144.56,  0.065, 117.35,  0.137, 127.29,  0.162, 103.18,  0.095, 123.86,  0.174, 123.78,  0.129, 149.65,  0.049, 120.76,  0.108,  80.97,  0.136, 116.57,  0.134, 106.41,  0.030, 132.27,  0.079, 146.31,  0.027,  61.56,  0.070,  78.53,  0.097, 133.75,-99.000, -99.00,-99.000, -99.00,-99.000, -99.00,-99.000, -99.00,
9/13/2006 06:15:00, 10.5,276.0,  1.4,  2.9, 18.588, 29.42,  0.0,  0.0,  0.147, 139.14,  0.142, 134.14,  0.039, 126.57,  0.046, 103.74,  0.063, 117.38,  0.066,  79.54,  0.069, 131.50,  0.174,  99.57,  0.079, 131.39,  0.115, 119.68,  0.059,  74.32,  0.082, 123.50,  0.068, 126.03,  0.076, 168.69,  0.016, 209.74,  0.137,  69.44,-99.000, -99.00,-99.000, -99.00,-99.000, -99.00,-99.000, -99.00,
9/13/2006 06:20:00, 10.5,276.0,  1.4,  2.9, 18.584, 29.42,  0.0,  0.0,  0.072, 152.02,  0.036, 123.69,  0.114, 233.94,  0.065, 287.04,  0.078, 180.73,  0.013,  48.01,  0.055, 156.25,  0.079,  88.55,  0.151,  81.60,  0.052, 111.60,  0.062,  89.08,  0.075, 106.26,  0.106, 130.43,  0.143, 153.79,  0.089, 144.16,  0.055,  76.22,-99.000, -99.00,-99.000, -99.00,-99.000, -99.00,-99.000, -99.00,
9/13/2006 06:25:00, 10.5,276.0,  1.4,  2.9, 18.581, 29.42,  0.0,  0.0,  0.090, 204.29,  0.001, 180.00,  0.060, 179.05,  0.025,  94.57,  0.090, 147.19,  0.128, 111.13,  0.051,  91.12,  0.124,  71.71,  0.099,  66.80,  0.072, 132.75,  0.122, 111.10,  0.074, 121.10,  0.098,  63.96,  0.040, 115.28,  0.020,  36.87,  0.042, 354.56,-99.000, -99.00,-99.000, -99.00,-99.000, -99.00,-99.000, -99.00,
9/13/2006 06:30:00, 10.5,276.0,  1.4,  2.9, 18.571, 29.41,  0.0,  0.0,  0.083, 286.04,  0.044,  84.81,  0.036, 226.12,  0.102, 145.84,  0.113, 112.93,  0.103, 167.05,  0.073, 115.16,  0.030, 118.30,  0.082, 145.92,  0.043,  88.67,  0.022,  69.15,  0.086, 123.14,  0.062,  70.10,  0.074,  88.45,  0.098,  99.94,  0.026, 330.52,-99.000, -99.00,-99.000, -99.00,-99.000, -99.00,-99.000, -99.00,
9/13/2006 06:35:00, 10.5,275.9,  1.4,  2.9, 18.585, 29.41,  0.0,  0.0,  0.143, 148.76,  0.101, 164.45,  0.150, 148.12,  0.159, 138.07,  0.036, 176.82,  0.142, 116.38,  0.041,  80.07,  0.114, 115.89,  0.108,  91.59,  0.066,  90.00,  0.036, 165.58,  0.074, 131.70,  0.087, 124.24,  0.057,  90.00,  0.134, 146.90,  0.036, 206.57,-99.000, -99.00,-99.000, -99.00,-99.000, -99.00,-99.000, -99.00,
9/13/2006 06:40:00, 10.5,275.9,  1.4,  3.0, 18.605, 29.41,  0.0,  0.0,  0.090, 194.81,  0.090, 272.54,  0.053, 250.20,  0.169, 230.76,  0.015, 208.30,  0.094, 117.93,  0.029, 192.09,  0.037,  77.47,  0.049,  45.83,  0.049, 351.87,  0.092,  94.35,  0.035, 100.01,  0.036,  88.41,  0.048,  39.04,  0.051, 266.63,  0.024, 297.65,-99.000, -99.00,-99.000, -99.00,-99.000, -99.00,-99.000, -99.00,
9/13/2006 06:45:00, 10.5,275.9,  1.4,  2.9, 18.585, 29.41,  0.0,  0.0,  0.069, 246.80,  0.135, 205.43,  0.066, 161.57,  0.035, 338.50,  0.066, 258.69,  0.100, 247.03,  0.028, 291.04,  0.064, 329.81,  0.014,  56.31,  0.045, 145.95,  0.004, 270.00,  0.054,  32.80,  0.052, 295.08,  0.028, 257.47,  0.039, 215.71,  0.010, 191.31,-99.000, -99.00,-99.000, -99.00,-99.000, -99.00,-99.000, -99.00,
9/13/2006 06:50:00, 10.5,275.9,  1.4,  2.9, 18.577, 29.41,  0.0,  0.0,  0.120, 307.54,  0.122, 269.53,  0.083, 223.06,  0.064, 275.36,  0.083, 234.78,  0.120, 193.46,  0.038, 261.03,  0.066, 284.88,  0.053, 314.24,  0.107, 302.80,  0.080, 350.66,  0.022,  20.85,  0.038, 288.43,  0.090, 329.15,  0.037, 330.64,  0.021,  43.03,-99.000, -99.00,-99.000, -99.00,-99.000, -99.00,-99.000, -99.00,
9/13/2006 06:55:00, 10.5,275.9,  1.4,  2.9, 18.585, 29.41,  0.0,  0.0,  0.091, 257.33,  0.026, 276.58,  0.068, 266.63,  0.113, 272.53,  0.069, 239.32,  0.102, 331.43,  0.043, 331.07,  0.061, 356.25,  0.100, 351.38,  0.025, 175.43,  0.054, 292.78,  0.129, 314.06,  0.140, 333.62,  0.053,   9.82,  0.116, 296.12,  0.061, 265.31,-99.000, -99.00,-99.000, -99.00,-99.000, -99.00,-99.000, -99.00,
9/13/2006 07:00:00, 10.5,276.0,  1.4,  3.0, 18.598, 29.41,  0.0,  0.0,  0.136, 299.59,  0.119, 242.35,  0.113, 227.15,  0.146, 284.23,  0.078, 253.65,  0.147, 277.41,  0.204, 290.39,  0.121, 325.78,  0.047, 308.09,  0.082, 276.26,  0.094, 351.44,  0.072,   8.81,  0.091, 302.47,  0.112, 293.60,  0.077, 307.61,  0.039, 187.31,-99.000, -99.00,-99.000, -99.00,-99.000, -99.00,-99.000, -99.00,
9/13/2006 07:05:00, 10.5,276.0,  1.4,  2.9, 18.589, 29.41,  0.0,  0.0,  0.133, 294.05,  0.152, 292.85,  0.191, 267.30,  0.125, 302.30,  0.085, 249.21,  0.110, 293.06,  0.085, 302.57,  0.092, 284.49,  0.144, 301.37,  0.084, 289.52,  0.154, 297.90,  0.145, 354.45,  0.114,  15.74,  0.073, 314.44,  0.127, 288.86,  0.090,   5.08,-99.000, -99.00,-99.000, -99.00,-99.000, -99.00,-99.000, -99.00,
9/13/2006 07:10:00, 10.5,275.9,  1.4,  3.0, 18.588, 29.41,  0.0,  0.0,  0.086, 280.78,  0.125, 302.30,  0.183, 273.44,  0.131, 329.71,  0.033, 298.89,  0.123, 301.36,  0.095, 320.96,  0.041, 263.05,  0.187, 340.02,  0.143, 346.64,  0.186, 326.82,  0.103, 356.11,  0.098, 325.82,  0.102, 330.67,  0.122, 325.01,  0.067, 229.86,-99.000, -99.00,-99.000, -99.00,-99.000, -99.00,-99.000, -99.00,
9/13/2006 07:15:00, 10.5,276.0,  1.4,  3.0, 18.584, 29.41,  0.0,  0.0,  0.136, 266.63,  0.158, 306.51,  0.137, 300.32,  0.098, 314.59,  0.090, 330.57,  0.087, 300.40,  0.091, 318.58,  0.064, 283.60,  0.208, 301.86,  0.119, 359.52,  0.135, 319.49,  0.197, 324.29,  0.220, 339.50,  0.128, 339.44,  0.128, 331.43,  0.047, 246.16,-99.000, -99.00,-99.000, -99.00,-99.000, -99.00,-99.000, -99.00,
9/13/2006 07:20:00, 10.5,275.9,  1.4,  3.0, 18.592, 29.41,  0.0,  0.0,  0.098, 319.14,  0.046, 310.60,  0.099, 290.62,  0.038, 352.50,  0.172, 355.32,  0.170, 358.99,  0.035, 310.43,  0.043, 353.37,  0.110, 332.27,  0.164, 308.33,  0.143, 314.43,  0.148, 349.90,  0.210, 315.58,  0.204, 337.83,  0.166, 317.19,  0.093, 273.08,-99.000, -99.00,-99.000, -99.00,-99.000, -99.00,-99.000, -99.00,
9/13/2006 07:25:00, 10.5,275.9,  1.4,  2.9, 18.613, 29.41,  0.0,  0.0,  0.141, 304.93,  0.151, 312.32,  0.077, 273.72,  0.074, 239.30,  0.187, 347.97,  0.188, 340.70,  0.171, 320.45,  0.086, 333.73,  0.108, 304.86,  0.124, 330.54,  0.147, 271.56,  0.078, 307.75,  0.081,  12.84,  0.120, 339.00,  0.104, 355.60,  0.064, 159.86,-99.000, -99.00,-99.000, -99.00,-99.000, -99.00,-99.000, -99.00,
9/13/2006 07:30:00, 10.5,276.0,  1.4,  3.0, 18.607, 29.41,  0.0,  0.0,  0.109, 333.20,  0.041, 254.62,  0.145, 332.90,  0.162, 309.99,  0.172, 330.75,  0.131, 327.76,  0.095, 335.06,  0.079, 293.01,  0.103, 353.84,  0.152, 324.64,  0.152, 346.69,  0.140, 356.32,  0.175, 348.43,  0.167, 340.05,  0.116, 304.51,  0.068, 186.71,-99.000, -99.00,-99.000, -99.00,-99.000, -99.00,-99.000, -99.00,
9/13/2006 07:35:00, 10.5,275.9,  1.4,  3.0, 18.610, 29.41,  0.0,  0.0,  0.091, 293.20,  0.103, 322.47,  0.109, 337.42,  0.077, 231.34,  0.039,   8.75,  0.093, 287.46,  0.183, 334.83,  0.145, 312.49,  0.165, 354.08,  0.085,  26.57,  0.179, 345.81,  0.174, 330.05,  0.101, 319.03,  0.140, 332.89,  0.081,   0.71,  0.129, 256.07,-99.000, -99.00,-99.000, -99.00,-99.000, -99.00,-99.000, -99.00,
9/13/2006 07:40:00, 10.5,276.0,  1.4,  3.0, 18.622, 29.41,  0.0,  0.0,  0.153, 296.90,  0.163, 312.51,  0.112, 309.54,  0.100, 301.16,  0.145, 325.11,  0.095, 348.45,  0.133, 342.11,  0.209, 321.21,  0.249, 323.82,  0.215, 337.61,  0.119, 341.87,  0.119, 333.43,  0.129, 336.80,  0.170, 335.39,  0.105, 321.93,  0.033, 109.54,-99.000, -99.00,-99.000, -99.00,-99.000, -99.00,-99.000, -99.00,
9/13/2006 07:45:00, 10.5,276.0,  1.4,  2.9, 18.624, 29.41,  0.0,  0.0,  0.036, 347.12,  0.122,   3.75,  0.110, 347.36,  0.175, 333.87,  0.144, 321.22,  0.098, 299.17,  0.117, 319.50,  0.179, 300.14,  0.130, 304.67,  0.102, 358.32,  0.153, 337.78,  0.116, 334.54,  0.127, 350.46,  0.091, 329.47,  0.153, 315.00,  0.087, 298.03,-99.000, -99.00,-99.000, -99.00,-99.000, -99.00,-99.000, -99.00,
9/13/2006 07:50:00, 10.5,276.1,  1.4,  2.9, 18.638, 29.41,  0.0,  0.0,  0.110, 330.64,  0.081, 294.97,  0.136, 319.76,  0.170, 301.08,  0.162, 309.99,  0.101, 322.67,  0.120, 317.02,  0.078, 329.16,  0.182, 334.28,  0.159, 307.09,  0.102, 341.03,  0.104, 320.05,  0.158, 299.65,  0.116, 316.40,  0.088, 334.31,  0.036, 245.56,-99.000, -99.00,-99.000, -99.00,-99.000, -99.00,-99.000, -99.00,
9/13/2006 07:55:00, 10.5,276.1,  1.4,  3.0, 18.636, 29.41,  0.0,  0.0,  0.101, 341.57,  0.095,   0.00,  0.130,  20.25,  0.085, 338.57,  0.085, 315.00,  0.104, 331.96,  0.176, 305.50,  0.090, 298.56,  0.085,  10.91,  0.150, 339.26,  0.151, 321.46,  0.130, 317.49,  0.148, 342.30,  0.164, 344.10,  0.099, 310.91,  0.031, 292.48,-99.000, -99.00,-99.000, -99.00,-99.000, -99.00,-99.000, -99.00,
9/13/2006 08:00:00, 10.5,276.0,  1.4,  3.0, 18.631, 29.41,  0.0,  0.0,  0.206,   4.74,  0.157, 329.85,  0.097, 312.91,  0.157,   0.00,  0.112,  12.42,  0.044, 327.03,  0.094, 318.01,  0.220, 291.56,  0.201, 302.19,  0.086, 313.12,  0.161, 343.81,  0.234, 318.12,  0.141, 313.28,  0.112, 330.70,  0.129, 305.54,  0.136, 350.68,-99.000, -99.00,-99.000, -99.00,-99.000, -99.00,-99.000, -99.00,
9/13/2006 08:05:00, 10.5,276.1,  1.4,  3.0, 18.650, 29.41,  0.0,  0.0,  0.092, 313.24,  0.131, 311.60,  0.134, 275.58,  0.170, 292.18,  0.061, 286.07,  0.066, 298.89,  0.173, 304.88,  0.106, 292.70,  0.155, 267.78,  0.166, 313.78,  0.135, 309.59,  0.130, 295.58,  0.131, 314.69,  0.115, 348.98,  0.056, 301.14,  0.088, 287.82,-99.000, -99.00,-99.000, -99.00,-99.000, -99.00,-99.000, -99.00,
9/13/2006 08:10:00, 10.5,276.1,  1.4,  2.9, 18.655, 29.41,  0.0,  0.0,  0.082, 319.47,  0.064, 329.81,  0.075, 263.07,  0.089,  32.62,  0.088, 296.27,  0.028,  16.50,  0.086, 307.00,  0.057, 312.88,  0.103, 313.03,  0.105, 287.22,  0.164, 310.30,  0.076,   2.26,  0.095, 322.28,  0.105, 321.17,  0.040, 226.01,  0.054, 198.43,-99.000, -99.00,-99.000, -99.00,-99.000, -99.00,-99.000, -99.00,
9/13/2006 08:15:00, 10.5,276.2,  1.4,  2.9, 18.652, 29.41,  0.0,  0.0,  0.142,   4.43,  0.180, 355.87,  0.088,  19.87,  0.100, 315.00,  0.197, 312.33,  0.070, 308.66,  0.143, 313.87,  0.109, 353.14,  0.172, 306.00,  0.147,   5.48,  0.149, 349.97,  0.179, 351.33,  0.145, 346.06,  0.139, 329.18,  0.036, 281.31,  0.165,  21.74,-99.000, -99.00,-99.000, -99.00,-99.000, -99.00,-99.000, -99.00,
9/13/2006 08:20:00, 10.5,276.1,  1.4,  2.9, 18.669, 29.41,  0.0,  0.0,  0.109, 339.08,  0.045, 353.66,  0.042, 326.69,  0.070, 299.85,  0.100, 321.87,  0.107, 300.41,  0.149, 330.16,  0.106, 303.09,  0.071, 228.43,  0.050,  62.40,  0.019, 235.49,  0.034, 312.61,  0.112,   0.00,  0.139, 344.56,  0.056, 351.72,  0.118, 353.18,-99.000, -99.00,-99.000, -99.00,-99.000, -99.00,-99.000, -99.00,
9/13/2006 08:25:00, 10.5,276.0,  1.4,  3.0, 18.672, 29.41,  0.0,  0.0,  0.081,  78.55,  0.115,   3.98,  0.042, 315.00,  0.047,   2.44,  0.186, 301.12,  0.085, 326.50,  0.089,  31.18,  0.138, 339.20,  0.090, 299.98,  0.131, 282.77,  0.086, 313.12,  0.041, 304.08,  0.033, 298.89,  0.110, 269.48,  0.072, 259.62,  0.172,  25.82,-99.000, -99.00,-99.000, -99.00,-99.000, -99.00,-99.000, -99.00,
9/13/2006 08:30:00, 10.5,276.0,  1.4,  2.9, 18.675, 29.42,  0.0,  0.0,  0.117, 316.74,  0.100,   8.05,  0.025,  90.00,  0.093, 333.16,  0.053, 284.30,  0.030, 336.80,  0.092,   0.62,  0.133, 338.84,  0.103, 340.16,  0.073, 315.56,  0.108, 322.17,  0.047,  91.22,  0.065, 325.08,  0.171, 326.22,  0.154, 285.03,  0.087, 332.55,-99.000, -99.00,-99.000, -99.00,-99.000, -99.00,-99.000, -99.00,
9/13/2006 08:35:00, 10.5,276.0,  1.5,  2.9, 18.704, 29.42,  0.0,  0.0,  0.009,  49.40,  0.097, 338.75,  0.018, 303.69,  0.104, 317.73,  0.068, 284.44,  0.064, 249.03,  0.083, 223.06,  0.049, 290.28,  0.044, 187.77,  0.051, 311.82,  0.061, 313.67,  0.082, 302.52,  0.064, 298.97,  0.099, 333.69,  0.034, 335.70,  0.138, 352.51,-99.000, -99.00,-99.000, -99.00,-99.000, -99.00,-99.000, -99.00,
9/13/2006 08:40:00, 10.5,276.1,  1.5,  3.0, 18.693, 29.42,  0.0,  0.0,  0.025, 355.43,  0.033,  52.43,  0.116,  19.06,  0.050,   1.15,  0.116,   5.96,  0.099, 355.96,  0.103, 354.45,  0.066, 322.96,  0.086, 328.35,  0.124, 300.49,  0.081, 323.56,  0.138, 315.29,  0.065, 319.97,  0.094, 300.12,  0.089, 295.13,  0.178, 326.67,-99.000, -99.00,-99.000, -99.00,-99.000, -99.00,-99.000, -99.00,
9/13/2006 08:45:00, 10.5,276.0,  1.5,  2.9, 18.696, 29.42,  0.0,  0.0,  0.025, 175.43,  0.100, 354.86,  0.105,   2.73,  0.048,  29.74,  0.134, 245.73,  0.041, 307.15,  0.071, 322.48,  0.037, 187.70,  0.061, 321.63,  0.072,  18.69,  0.023,  15.26,  0.065, 335.41,  0.072, 292.99,  0.110, 272.08,  0.168, 297.33,  0.142,   0.81,-99.000, -99.00,-99.000, -99.00,-99.000, -99.00,-99.000, -99.00,
9/13/2006 08:50:00, 10.4,276.0,  1.5,  2.9, 18.696, 29.42,  0.0,  0.0,  0.062,   3.69,  0.115, 331.87,  0.109, 293.27,  0.069, 281.63,  0.062, 326.82,  0.052, 311.08,  0.028, 214.82,  0.033, 356.53,  0.083, 315.00,  0.102, 285.95,  0.059, 271.94,  0.063, 327.32,  0.119, 339.89,  0.049,   8.13,  0.056, 311.38,  0.097, 317.09,-99.000, -99.00,-99.000, -99.00,-99.000, -99.00,-99.000, -99.00,
9/13/2006 08:55:00, 10.4,276.1,  1.5,  3.0, 18.729, 29.42,  0.0,  0.0,  0.044,  22.52,  0.088, 348.18,  0.107, 313.86,  0.040, 319.09,  0.143, 335.59,  0.115, 312.88,  0.089, 289.65,  0.086, 295.38,  0.090, 267.46,  0.142, 263.93,  0.086, 324.46,  0.099, 345.96,  0.124, 310.10,  0.110, 265.84,  0.064, 287.30,  0.074,  23.10,-99.000, -99.00,-99.000, -99.00,-99.000, -99.00,-99.000, -99.00,
9/13/2006 09:00:00, 10.4,276.1,  1.5,  2.9, 18.713, 29.42,  0.0,  0.0,  0.179,  14.58,  0.189,  55.97,  0.061,  81.47,  0.170, 336.00,  0.094, 332.07,  0.033, 332.65,  0.090, 330.57,  0.072, 257.91,  0.139, 320.25,  0.085, 308.77,  0.079, 267.10,  0.021, 165.96,  0.098, 302.07,  0.050, 288.80,  0.043, 308.45,  0.061, 320.31,-99.000, -99.00,-99.000, -99.00,-99.000, -99.00,-99.000, -99.00,
9/13/2006 09:05:00, 10.4,276.0,  1.5,  3.0, 18.740, 29.42,  0.0,  0.0,  0.093,  47.19,  0.092,  39.73,  0.082,   6.26,  0.135, 327.14,  0.131, 302.24,  0.096, 290.14,  0.113, 307.79,  0.096, 317.53,  0.078, 325.49,  0.116, 294.36,  0.149, 280.86,  0.161, 301.51,  0.124, 290.34,  0.104, 289.65,  0.082, 319.93,  0.139, 341.18,-99.000, -99.00,-99.000, -99.00,-99.000, -99.00,-99.000, -99.00,
9/13/2006 09:10:00, 10.4,276.0,  1.5,  3.0, 18.728, 29.42,  0.0,  0.0,  0.049, 195.46,  0.030, 203.20,  0.127,  31.43,  0.116, 334.54,  0.017, 205.02,  0.110, 306.87,  0.106, 312.71,  0.098, 264.11,  0.078, 260.42,  0.026, 259.11,  0.106, 298.26,  0.088, 285.14,  0.055, 261.57,  0.026, 329.42,  0.048, 262.87,  0.013, 315.00,-99.000, -99.00,-99.000, -99.00,-99.000, -99.00,-99.000, -99.00,
9/13/2006 09:15:00, 10.4,276.0,  1.5,  3.0, 18.739, 29.42,  0.0,  0.0,  0.087, 326.67,  0.105, 303.69,  0.223, 340.59,  0.121, 358.58,  0.063,  30.65,  0.134, 337.25,  0.103, 296.57,  0.190, 296.57,  0.065, 308.11,  0.122, 289.62,  0.128, 301.58,  0.125, 298.21,  0.033, 308.93,  0.047, 358.78,  0.066,  35.13,  0.217,  20.53,-99.000, -99.00,-99.000, -99.00,-99.000, -99.00,-99.000, -99.00,
9/13/2006 09:20:00, 10.4,276.0,  1.5,  2.9, 18.746, 29.43,  0.0,  0.0,  0.032,   0.00,  0.197, 290.83,  0.130, 349.38,  0.201, 308.35,  0.085, 325.01,  0.124, 336.32,  0.042, 357.27,  0.110, 333.67,  0.126, 302.68,  0.043, 282.09,  0.075, 329.69,  0.062, 307.79,  0.051,  46.59,  0.043,  13.39,  0.042, 258.96,  0.145, 354.84,-99.000, -99.00,-99.000, -99.00,-99.000, -99.00,-99.000, -99.00,
9/13/2006 09:25:00, 10.4,276.0,  1.5,  2.9, 18.766, 29.43,  0.0,  0.0,  0.053, 309.67,  0.097, 351.70,  0.143, 358.80,  0.037,  27.26,  0.062, 309.09,  0.062, 335.10,  0.067, 209.64,  0.109, 319.86,  0.106, 315.76,  0.121, 272.84,  0.113, 290.20,  0.066, 263.95,  0.064, 294.15,  0.051, 315.00,  0.043, 343.69,  0.154,   1.86,-99.000, -99.00,-99.000, -99.00,-99.000, -99.00,-99.000, -99.00,
9/13/2006 09:30:00, 10.4,276.0,  1.5,  3.0, 18.772, 29.43,  0.0,  0.0,  0.096, 336.10,  0.070,  77.56,  0.069, 326.77,  0.083, 314.03,  0.129,   7.57,  0.044, 291.32,  0.104, 320.48,  0.060, 297.85,  0.112, 331.14,  0.093, 326.82,  0.062, 301.91,  0.036, 318.37,  0.097, 329.74,  0.054, 299.88,  0.077, 280.44,  0.054,   0.00,-99.000, -99.00,-99.000, -99.00,-99.000, -99.00,-99.000, -99.00,
9/13/2006 09:35:00, 10.4,276.1,  1.5,  3.0, 18.778, 29.43,  0.0,  0.0,  0.066,  46.85,  0.123, 275.62,  0.092, 321.15,  0.094, 338.09,  0.149, 337.05,  0.046, 298.81,  0.044, 230.53,  0.031, 279.16,  0.130, 285.22,  0.066, 292.29,  0.090, 280.93,  0.043,   5.31,  0.050,  15.15,  0.081, 275.64,  0.047, 246.16,  0.146,   9.46,-99.000, -99.00,-99.000, -99.00,-99.000, -99.00,-99.000, -99.00,
9/13/2006 09:40:00, 10.4,276.0,  1.5,  3.0, 18.780, 29.43,  0.0,  0.0,  0.083, 354.49,  0.184, 347.77,  0.073,  11.93,  0.094, 221.13,  0.078, 319.16,  0.089, 358.71,  0.091, 272.52,  0.047,  22.71,  0.048,  39.04,  0.124, 300.49,  0.037, 336.19,  0.031, 200.77,  0.102, 293.05,  0.083, 291.29,  0.036, 210.14,  0.120, 350.38,-99.000, -99.00,-99.000, -99.00,-99.000, -99.00,-99.000, -99.00,
9/13/2006 09:45:00, 10.4,276.0,  1.5,  2.9, 18.807, 29.43,  0.0,  0.0,  0.168, 320.81,  0.054, 328.67,  0.072,   4.76,  0.142, 261.93,  0.013, 311.99,  0.016,  71.57,  0.050, 304.33,  0.089, 275.77,  0.065, 281.48,  0.070, 349.33,  0.027,  66.25,  0.083, 340.91,  0.040, 286.14,  0.024, 286.93,  0.041,   8.33,  0.085,  24.44,-99.000, -99.00,-99.000, -99.00,-99.000, -99.00,-99.000, -99.00,
9/13/2006 09:50:00, 10.4,276.0,  1.5,  3.0, 18.804, 29.43,  0.0,  0.0,  0.131, 353.85,  0.118,  13.21,  0.054, 334.86,  0.171, 329.84,  0.113, 320.39,  0.075, 340.60,  0.047,  53.62,  0.023,  46.74,  0.022,  63.43,  0.099, 295.02,  0.039, 313.96,  0.106, 319.22,  0.110, 324.58,  0.011, 280.30,  0.047,  80.13,  0.121,   1.42,-99.000, -99.00,-99.000, -99.00,-99.000, -99.00,-99.000, -99.00,
9/13/2006 09:55:00, 10.4,275.9,  1.5,  3.0, 18.803, 29.43,  0.0,  0.0,  0.122, 328.79,  0.065, 345.75,  0.148, 288.07,  0.152, 297.07,  0.051, 280.20,  0.144, 300.83,  0.144, 299.05,  0.047, 308.09,  0.094, 354.53,  0.115, 341.25,  0.111,   6.74,  0.085, 356.63,  0.115, 306.87,  0.088, 329.93,  0.109, 331.56,  0.178,   6.77,-99.000, -99.00,-99.000, -99.00,-99.000, -99.00,-99.000, -99.00,
9/13/2006 10:00:00, 10.4,276.0,  1.5,  2.9, 18.837, 29.44,  0.0,  0.0,  0.071,  19.71,  0.059, 263.23,  0.036, 322.82,  0.038, 268.49,  0.099, 284.60,  0.051, 198.43,  0.104, 295.08,  0.147, 288.19,  0.051, 287.02,  0.090, 312.75,  0.048, 341.94,  0.080, 283.69,  0.116, 299.44,  0.096, 241.29,  0.068, 269.16,  0.078,  22.62,-99.000, -99.00,-99.000, -99.00,-99.000, -99.00,-99.000, -99.00,
9/13/2006 10:05:00, 10.4,276.0,  1.5,  2.9, 18.821, 29.44,  0.0,  0.0,  0.085,  21.43,  0.129, 327.67,  0.093, 331.78,  0.095, 270.00,  0.025, 258.23,  0.028, 304.82,  0.075, 319.32,  0.090, 321.74,  0.134, 286.95,  0.065, 292.62,  0.065, 282.53,  0.058, 329.89,  0.033, 353.09,  0.076,  12.94,  0.123,   0.93,  0.123,  13.13,-99.000, -99.00,-99.000, -99.00,-99.000, -99.00,-99.000, -99.00,
9/13/2006 10:10:00, 10.4,276.1,  1.5,  3.0, 18.826, 29.44,  0.0,  0.0,  0.107, 345.45,  0.082, 328.44,  0.102, 332.68,  0.098, 328.74,  0.033, 160.46,  0.034, 317.39,  0.122, 277.53,  0.108, 246.04,  0.085, 275.38,  0.124, 284.48,  0.080, 285.26,  0.059, 260.22,  0.093, 263.80,  0.093, 316.31,  0.084, 318.37,  0.134,  31.91,-99.000, -99.00,-99.000, -99.00,-99.000, -99.00,-99.000, -99.00,
9/13/2006 10:15:00, 10.4,276.0,  1.5,  2.9, 18.851, 29.44,  0.0,  0.0,  0.058, 324.12,  0.064, 300.19,  0.076, 255.60,  0.072, 319.48,  0.038, 302.01,  0.147, 306.71,  0.070, 240.15,  0.076, 318.18,  0.102, 315.00,  0.118, 283.21,  0.039,  32.47,  0.147, 311.70,  0.119, 325.64,  0.126, 302.05,  0.027, 252.90,  0.108, 348.27,-99.000, -99.00,-99.000, -99.00,-99.000, -99.00,-99.000, -99.00,
9/13/2006 10:20:00, 10.4,276.0,  1.5,  2.9, 18.853, 29.44,  0.0,  0.0,  0.179, 330.57,  0.051,   0.00,  0.076, 267.74,  0.054, 227.23,  0.059, 254.32,  0.060, 334.29,  0.022, 338.20,  0.084, 330.68,  0.072, 309.91,  0.063, 259.94,  0.133, 250.61,  0.145, 294.08,  0.110, 306.87,  0.066, 248.52,  0.030, 262.41,  0.098, 290.83,-99.000, -99.00,-99.000, -99.00,-99.000, -99.00,-99.000, -99.00,
9/13/2006 10:25:00, 10.4,276.0,  1.5,  3.0, 18.851, 29.44,  0.0,  0.0,  0.157, 316.55,  0.127, 301.43,  0.013, 288.43,  0.030, 221.01,  0.043, 255.32,  0.062, 313.03,  0.116, 293.46,  0.128, 310.26,  0.095, 285.20,  0.187, 310.00,  0.073, 265.30,  0.020, 323.13,  0.094, 332.07,  0.037, 317.20,  0.094, 336.16,  0.132, 335.77,-99.000, -99.00,-99.000, -99.00,-99.000, -99.00,-99.000, -99.00,
9/13/2006 10:30:00, 10.4,276.0,  1.5,  2.9, 18.893, 29.45,  0.0,  0.0,  0.087,  22.17,  0.097,   1.77,  0.078,   4.40,  0.091, 313.21,  0.095, 302.52,  0.134, 290.06,  0.091, 308.76,  0.074, 318.30,  0.029, 287.82,  0.135, 303.81,  0.155, 312.65,  0.052,  43.45,  0.056, 335.73,  0.110, 322.40,  0.089, 340.35,  0.062,   7.47,-99.000, -99.00,-99.000, -99.00,-99.000, -99.00,-99.000, -99.00,
9/13/2006 10:35:00, 10.4,275.9,  1.5,  3.0, 18.884, 29.45,  0.0,  0.0,  0.027, 308.99,  0.066, 355.67,  0.112, 292.66,  0.075, 294.51,  0.042, 298.39,  0.103, 266.11,  0.070, 286.62,  0.024, 270.00,  0.045, 316.79,  0.069, 352.46,  0.089, 317.73,  0.139, 296.01,  0.164, 271.05,  0.084, 233.67,  0.094, 318.01,  0.113,  24.07,-99.000, -99.00,-99.000, -99.00,-99.000, -99.00,-99.000, -99.00,
9/13/2006 10:40:00, 10.4,276.0,  1.5,  3.0, 18.895, 29.45,  0.0,  0.0,  0.041, 347.32,  0.123, 329.68,  0.132, 284.88,  0.100, 351.38,  0.038, 283.67,  0.118, 288.28,  0.126, 277.74,  0.069, 303.23,  0.130, 294.99,  0.052, 278.91,  0.078, 290.98,  0.163, 295.00,  0.090, 299.12,  0.161, 292.26,  0.096, 342.50,  0.190,   0.00,-99.000, -99.00,-99.000, -99.00,-99.000, -99.00,-99.000, -99.00,
9/13/2006 10:45:00, 10.4,276.0,  1.5,  2.9, 18.908, 29.45,  0.0,  0.0,  0.071,  30.55,  0.085, 334.04,  0.097, 329.74,  0.018, 333.43,  0.061,   6.55,  0.016, 194.93,  0.119, 301.29,  0.124, 270.00,  0.110, 287.45,  0.107, 307.41,  0.057, 304.25,  0.087, 334.90,  0.104, 352.26,  0.084, 340.48,  0.017, 305.54,  0.124, 339.66,-99.000, -99.00,-99.000, -99.00,-99.000, -99.00,-99.000, -99.00,
9/13/2006 10:50:00, 10.4,275.9,  1.5,  3.0, 18.899, 29.45,  0.0,  0.0,  0.172, 351.30,  0.068,   1.68,  0.115, 312.88,  0.050,  39.37,  0.140, 343.77,  0.137, 325.73,  0.188, 282.26,  0.112, 293.60,  0.133, 270.43,  0.208, 275.52,  0.162, 326.31,  0.107, 332.24,  0.181, 305.10,  0.098, 325.82,  0.155, 319.44,  0.087,   9.89,-99.000, -99.00,-99.000, -99.00,-99.000, -99.00,-99.000, -99.00,
9/13/2006 10:55:00, 10.4,276.0,  1.5,  2.9, 18.904, 29.45,  0.0,  0.0,  0.113, 345.10,  0.072, 275.55,  0.111, 324.16,  0.126, 300.65,  0.073, 334.84,  0.129, 339.03,  0.017,  45.00,  0.055, 272.08,  0.070, 319.67,  0.054, 305.17,  0.109, 279.55,  0.158, 290.73,  0.121, 282.43,  0.092, 328.72,  0.041, 170.07,  0.022, 338.20,-99.000, -99.00,-99.000, -99.00,-99.000, -99.00,-99.000, -99.00,
9/13/2006 11:00:00, 10.4,276.1,  1.5,  2.9, 18.914, 29.46,  0.0,  0.0,  0.115, 312.54,  0.097, 336.34,  0.063, 297.38,  0.078, 329.16,  0.122, 332.59,  0.099, 305.13,  0.144, 309.65,  0.150, 291.94,  0.018, 303.69,  0.059, 312.93,  0.040, 354.29,  0.185, 288.92,  0.140, 297.11,  0.096, 317.97,  0.102,   6.78,  0.138, 330.10,-99.000, -99.00,-99.000, -99.00,-99.000, -99.00,-99.000, -99.00,
9/13/2006 11:05:00, 10.4,276.0,  1.5,  2.9, 18.915, 29.46,  0.0,  0.0,  0.030, 214.22,  0.091, 268.74,  0.073,  37.18,  0.088, 329.37,  0.153, 283.22,  0.125, 297.18,  0.077, 254.16,  0.033, 264.81,  0.132, 308.86,  0.003,   0.00,  0.139, 306.79,  0.115, 312.88,  0.016, 259.38,  0.080, 325.12,  0.048, 294.44,  0.141, 337.44,-99.000, -99.00,-99.000, -99.00,-99.000, -99.00,-99.000, -99.00,
9/13/2006 11:10:00, 10.4,276.0,  1.5,  2.9, 18.921, 29.46,  0.0,  0.0,  0.139,  12.04,  0.069, 348.37,  0.041, 261.67,  0.083, 274.13,  0.061, 325.01,  0.069, 270.83,  0.086, 253.87,  0.147, 280.17,  0.127, 301.43,  0.145, 279.14,  0.085, 336.45,  0.142, 301.79,  0.107, 327.94,  0.098, 343.97,  0.152, 323.58,  0.134, 356.58,-99.000, -99.00,-99.000, -99.00,-99.000, -99.00,-99.000, -99.00,
9/13/2006 11:15:00, 10.4,276.0,  1.5,  2.9, 18.938, 29.46,  0.0,  0.0,  0.140, 302.44,  0.143, 327.31,  0.148, 295.18,  0.091, 313.67,  0.107, 303.99,  0.197, 328.09,  0.123, 303.43,  0.111, 309.14,  0.151, 312.04,  0.130, 310.31,  0.126, 300.65,  0.101, 309.37,  0.064, 295.77,  0.123, 270.00,  0.069, 253.94,  0.126,   4.99,-99.000, -99.00,-99.000, -99.00,-99.000, -99.00,-99.000, -99.00,
9/13/2006 11:20:00, 10.4,275.9,  1.5,  2.9, 18.957, 29.46,  0.0,  0.0,  0.136, 358.74,  0.107, 290.30,  0.135, 301.33,  0.088, 242.27,  0.137, 328.17,  0.098, 292.13,  0.082, 322.43,  0.157, 285.90,  0.163, 262.61,  0.135, 276.81,  0.139, 293.25,  0.056, 288.76,  0.133, 279.96,  0.110, 268.44,  0.097, 268.23,  0.028,  16.50,-99.000, -99.00,-99.000, -99.00,-99.000, -99.00,-99.000, -99.00,
9/13/2006 11:25:00, 10.4,276.0,  1.5,  2.9, 18.947, 29.46,  0.0,  0.0,  0.113, 331.39,  0.076, 312.88,  0.205, 301.83,  0.173, 315.94,  0.132, 328.59,  0.152, 329.23,  0.113, 307.79,  0.103, 270.00,  0.191, 293.47,  0.165, 308.12,  0.172, 290.44,  0.140, 291.42,  0.137, 318.54,  0.120, 296.78,  0.096, 298.71,  0.144,  12.88,-99.000, -99.00,-99.000, -99.00,-99.000, -99.00,-99.000, -99.00,
9/13/2006 11:30:00, 10.4,276.0,  1.5,  3.0, 18.957, 29.46,  0.0,  0.0,  0.108, 330.58,  0.046, 224.12,  0.067, 283.83,  0.084, 316.44,  0.089, 268.71,  0.183, 290.81,  0.094, 293.84,  0.174, 273.62,  0.129, 282.09,  0.065, 251.00,  0.016, 277.13,  0.096, 317.97,  0.051, 334.44,  0.092, 295.17,  0.184, 303.26,  0.089, 293.96,-99.000, -99.00,-99.000, -99.00,-99.000, -99.00,-99.000, -99.00,
9/13/2006 11:35:00, 10.4,276.0,  1.5,  2.9, 18.987, 29.46,  0.0,  0.0,  0.120, 287.98,  0.154, 285.48,  0.107, 317.65,  0.179, 346.43,  0.198, 305.54,  0.206, 288.96,  0.144, 266.82,  0.157, 272.92,  0.171, 271.01,  0.177, 262.87,  0.230, 289.54,  0.166, 296.41,  0.133, 310.14,  0.053, 292.20,  0.222, 283.03,  0.102, 335.19,-99.000, -99.00,-99.000, -99.00,-99.000, -99.00,-99.000, -99.00,
9/13/2006 11:40:00, 10.4,276.0,  1.5,  2.9, 18.977, 29.46,  0.0,  0.0,  0.140, 316.74,  0.091, 319.47,  0.120, 288.43,  0.112, 305.54,  0.088, 322.87,  0.238, 301.75,  0.136, 297.70,  0.129, 296.17,  0.089, 288.23,  0.206, 290.46,  0.224, 286.90,  0.116, 290.61,  0.226, 300.66,  0.146, 316.38,  0.082, 329.39,  0.073, 345.77,-99.000, -99.00,-99.000, -99.00,-99.000, -99.00,-99.000, -99.00,
9/13/2006 11:45:00, 10.4,276.1,  1.5,  2.9, 18.983, 29.46,  0.0,  0.0,  0.166, 354.46,  0.153, 313.68,  0.117, 341.57,  0.190, 306.03,  0.191, 313.73,  0.115, 326.73,  0.122, 285.17,  0.110, 283.66,  0.134, 298.47,  0.217, 310.52,  0.224, 297.94,  0.184, 293.36,  0.162, 281.03,  0.128, 307.68,  0.102, 306.19,  0.112, 344.97,-99.000, -99.00,-99.000, -99.00,-99.000, -99.00,-99.000, -99.00,
9/13/2006 11:50:00, 10.4,276.0,  1.5,  3.0, 18.959, 29.47,  0.0,  0.0,  0.168, 334.65,  0.101, 318.60,  0.112, 286.02,  0.177, 305.58,  0.141, 308.98,  0.224, 310.66,  0.234, 288.43,  0.177, 280.74,  0.164, 265.82,  0.105, 257.94,  0.210, 295.96,  0.203, 269.15,  0.161, 297.36,  0.196, 315.62,  0.147, 323.83,  0.089,  12.32,-99.000, -99.00,-99.000, -99.00,-99.000, -99.00,-99.000, -99.00,
9/13/2006 11:55:00, 10.4,276.0,  1.5,  3.0, 18.990, 29.46,  0.0,  0.0,  0.226, 301.79,  0.103, 315.00,  0.216, 297.28,  0.134, 283.41,  0.172, 278.37,  0.164, 284.80,  0.187, 267.24,  0.188, 269.09,  0.228, 285.50,  0.194, 285.82,  0.167, 288.87,  0.212, 294.26,  0.209, 309.17,  0.146, 313.89,  0.087, 329.04,  0.060, 354.29,-99.000, -99.00,-99.000, -99.00,-99.000, -99.00,-99.000, -99.00,
9/13/2006 12:00:00, 10.4,275.9,  1.5,  3.0, 18.985, 29.46,  0.0,  0.0,  0.051, 283.50,  0.173, 310.78,  0.101, 275.65,  0.184, 276.55,  0.162, 318.51,  0.164, 281.58,  0.185, 292.26,  0.234, 281.07,  0.194, 281.60,  0.169, 300.96,  0.176, 300.35,  0.204, 295.81,  0.253, 297.78,  0.154, 294.57,  0.162, 309.49,  0.069, 336.04,-99.000, -99.00,-99.000, -99.00,-99.000, -99.00,-99.000, -99.00,
9/13/2006 12:05:00, 10.4,276.0,  1.5,  2.9, 19.004, 29.46,  0.0,  0.0,  0.116, 292.81,  0.151, 317.68,  0.167, 340.37,  0.075, 278.46,  0.138, 271.66,  0.180, 276.06,  0.190, 277.57,  0.152, 273.01,  0.224, 277.70,  0.189, 280.36,  0.190, 273.31,  0.204, 284.44,  0.164, 290.31,  0.175, 284.19,  0.151, 306.11,  0.106,   3.24,-99.000, -99.00,-99.000, -99.00,-99.000, -99.00,-99.000, -99.00,
9/13/2006 12:10:00, 10.4,276.1,  1.5,  2.9, 19.007, 29.46,  0.0,  0.0,  0.137, 320.03,  0.134, 297.14,  0.163, 295.46,  0.191, 318.81,  0.135, 297.90,  0.168, 316.69,  0.083, 284.71,  0.136, 287.10,  0.210, 291.55,  0.126, 259.05,  0.181, 287.73,  0.143, 263.17,  0.196, 257.03,  0.178, 271.61,  0.109, 290.43,  0.099, 337.34,-99.000, -99.00,-99.000, -99.00,-99.000, -99.00,-99.000, -99.00,
9/13/2006 12:15:00, 10.4,276.0,  1.5,  3.0, 19.020, 29.46,  0.0,  0.0,  0.208, 290.88,  0.102, 276.22,  0.101, 275.65,  0.159, 304.49,  0.258, 315.16,  0.199, 291.80,  0.209, 312.86,  0.195, 282.46,  0.169, 286.50,  0.243, 279.69,  0.203, 303.14,  0.248, 298.94,  0.244, 293.41,  0.208, 300.63,  0.163, 304.76,  0.087, 301.30,-99.000, -99.00,-99.000, -99.00,-99.000, -99.00,-99.000, -99.00,
9/13/2006 12:20:00, 10.4,276.2,  1.5,  2.9, 19.037, 29.46,  0.0,  0.0,  0.240, 328.63,  0.196, 308.16,  0.125, 284.37,  0.209, 299.27,  0.199, 290.89,  0.198, 301.61,  0.264, 296.57,  0.173, 285.40,  0.232, 268.77,  0.291, 273.75,  0.298, 291.05,  0.269, 279.64,  0.223, 284.78,  0.222, 299.10,  0.224, 302.98,  0.106, 323.46,-99.000, -99.00,-99.000, -99.00,-99.000, -99.00,-99.000, -99.00,
9/13/2006 12:25:00, 10.4,276.1,  1.5,  2.9, 19.041, 29.46,  0.0,  0.0,  0.128, 306.42,  0.216, 289.78,  0.207, 290.10,  0.188, 295.88,  0.176, 292.77,  0.272, 296.85,  0.279, 292.79,  0.212, 274.07,  0.223, 295.76,  0.285, 284.23,  0.240, 294.33,  0.269, 285.54,  0.249, 282.30,  0.250, 299.94,  0.221, 302.83,  0.204, 311.42,-99.000, -99.00,-99.000, -99.00,-99.000, -99.00,-99.000, -99.00,
9/13/2006 12:30:00, 10.4,276.1,  1.5,  2.9, 19.038, 29.45,  0.0,  0.0,  0.168, 325.93,  0.219, 293.99,  0.193, 314.37,  0.176, 320.98,  0.137, 308.20,  0.228, 291.06,  0.208, 278.01,  0.258, 276.00,  0.251, 294.01,  0.266, 290.00,  0.250, 293.29,  0.275, 287.38,  0.257, 296.07,  0.267, 274.09,  0.201, 292.49,  0.136, 325.49,-99.000, -99.00,-99.000, -99.00,-99.000, -99.00,-99.000, -99.00,
9/13/2006 12:35:00, 10.4,276.2,  1.5,  2.9, 19.038, 29.45,  0.0,  0.0,  0.216, 314.81,  0.245, 307.38,  0.288, 306.95,  0.202, 290.22,  0.267, 287.21,  0.261, 294.90,  0.279, 283.69,  0.275, 285.40,  0.255, 293.55,  0.240, 277.66,  0.290, 285.62,  0.310, 280.40,  0.239, 299.03,  0.288, 289.88,  0.178, 298.87,  0.101, 323.47,-99.000, -99.00,-99.000, -99.00,-99.000, -99.00,-99.000, -99.00,
9/13/2006 12:40:00, 10.4,276.1,  1.5,  2.9, 19.045, 29.46,  0.0,  0.0,  0.150, 320.68,  0.185, 341.37,  0.141, 327.44,  0.128, 328.04,  0.152, 275.30,  0.175, 286.26,  0.275, 268.13,  0.187, 301.23,  0.193, 285.62,  0.236, 275.11,  0.225, 283.60,  0.263, 271.31,  0.182, 315.22,  0.228, 289.23,  0.203, 274.81,  0.109, 287.60,-99.000, -99.00,-99.000, -99.00,-99.000, -99.00,-99.000, -99.00,
9/13/2006 12:45:00, 10.4,276.1,  1.5,  2.9, 19.048, 29.46,  0.0,  0.0,  0.211, 328.57,  0.162, 305.46,  0.201, 323.30,  0.242, 333.01,  0.196, 290.93,  0.198, 302.40,  0.243, 302.91,  0.235, 307.21,  0.162, 282.49,  0.264, 288.09,  0.277, 284.64,  0.242, 274.27,  0.271, 278.28,  0.264, 286.72,  0.217, 293.61,  0.082, 283.36,-99.000, -99.00,-99.000, -99.00,-99.000, -99.00,-99.000, -99.00,
9/13/2006 12:50:00, 10.4,276.1,  1.5,  3.0, 19.033, 29.46,  0.0,  0.0,  0.196, 337.87,  0.135, 323.13,  0.285, 312.58,  0.221, 315.37,  0.220, 282.33,  0.213, 275.66,  0.293, 283.23,  0.216, 289.78,  0.165, 279.41,  0.157, 294.11,  0.279, 286.68,  0.304, 292.85,  0.258, 284.85,  0.245, 294.06,  0.240, 307.54,  0.116, 331.67,-99.000, -99.00,-99.000, -99.00,-99.000, -99.00,-99.000, -99.00,
9/13/2006 12:55:00, 10.4,276.1,  1.5,  2.9, 19.053, 29.46,  0.0,  0.0,  0.189, 295.75,  0.225, 323.13,  0.074, 304.55,  0.181, 260.49,  0.188, 304.79,  0.089, 318.21,  0.183, 293.20,  0.254, 295.66,  0.225, 277.91,  0.202, 255.69,  0.211, 263.48,  0.207, 262.77,  0.213, 275.66,  0.197, 266.22,  0.192, 289.47,  0.107, 282.99,-99.000, -99.00,-99.000, -99.00,-99.000, -99.00,-99.000, -99.00,
9/13/2006 13:00:00, 10.4,276.0,  1.6,  2.9, 19.030, 29.47,  0.0,  0.0,  0.103, 317.76,  0.161, 307.44,  0.167, 277.94,  0.193, 292.85,  0.226, 308.19,  0.140, 299.13,  0.253, 302.25,  0.184, 280.33,  0.173, 274.65,  0.267, 285.86,  0.276, 293.69,  0.221, 278.31,  0.140, 266.32,  0.269, 283.98,  0.270, 297.32,  0.149, 338.77,-99.000, -99.00,-99.000, -99.00,-99.000, -99.00,-99.000, -99.00,
9/13/2006 13:05:00, 10.4,276.0,  1.6,  3.0, 19.041, 29.47,  0.0,  0.0,  0.243, 305.13,  0.248, 312.55,  0.184, 297.54,  0.186, 289.51,  0.216, 282.04,  0.195, 285.18,  0.204, 262.11,  0.309, 274.83,  0.244, 277.77,  0.178, 272.89,  0.204, 274.79,  0.219, 275.24,  0.330, 277.32,  0.194, 278.88,  0.191, 295.36,  0.048, 326.98,-99.000, -99.00,-99.000, -99.00,-99.000, -99.00,-99.000, -99.00,
9/13/2006 13:10:00, 10.4,276.1,  1.6,  2.9, 19.062, 29.48,  0.0,  0.0,  0.052, 251.92,  0.130, 294.99,  0.130, 304.30,  0.095, 287.86,  0.207, 291.24,  0.162, 280.34,  0.188, 263.59,  0.244, 242.91,  0.220, 259.51,  0.191, 262.17,  0.233, 270.98,  0.205, 272.79,  0.245, 289.84,  0.139, 300.61,  0.175, 315.23,  0.075, 313.92,-99.000, -99.00,-99.000, -99.00,-99.000, -99.00,-99.000, -99.00,
9/13/2006 13:15:00, 10.4,276.0,  1.6,  3.0, 19.034, 29.49,  0.0,  0.0,  0.106, 349.11,  0.194, 352.58,  0.149, 313.10,  0.125, 302.30,  0.149, 275.02,  0.108, 258.79,  0.155, 284.22,  0.211, 264.02,  0.201, 272.28,  0.248, 270.46,  0.185, 265.65,  0.154, 291.39,  0.187, 290.95,  0.207, 285.98,  0.176, 285.86,  0.078, 297.55,-99.000, -99.00,-99.000, -99.00,-99.000, -99.00,-99.000, -99.00,
9/13/2006 13:20:00, 10.4,276.1,  1.6,  2.9, 19.038, 29.49,  0.0,  0.0,  0.140, 321.66,  0.189, 339.84,  0.211, 306.71,  0.141, 281.07,  0.132, 314.08,  0.199, 286.62,  0.124, 284.48,  0.178, 273.22,  0.177, 279.78,  0.165, 283.28,  0.207, 280.60,  0.178, 278.40,  0.171, 285.58,  0.108, 293.96,  0.156, 301.34,  0.076, 333.43,-99.000, -99.00,-99.000, -99.00,-99.000, -99.00,-99.000, -99.00,
9/13/2006 13:25:00, 10.4,276.1,  1.7,  2.9, 19.052, 29.50,  0.0,  0.0,  0.091, 282.05,  0.192, 300.30,  0.049, 326.63,  0.204, 300.34,  0.168, 289.52,  0.156, 269.63,  0.223, 268.97,  0.115, 271.99,  0.188, 276.10,  0.177, 292.64,  0.178, 290.37,  0.223, 270.26,  0.170, 286.73,  0.196, 305.88,  0.139, 308.60,  0.108, 323.66,-99.000, -99.00,-99.000, -99.00,-99.000, -99.00,-99.000, -99.00,
9/13/2006 13:30:00, 10.4,276.2,  1.6,  3.0, 19.045, 29.50,  0.0,  0.0,  0.192, 324.32,  0.214, 320.50,  0.158, 303.89,  0.177, 293.24,  0.151, 298.94,  0.136, 257.70,  0.174, 272.63,  0.148, 287.33,  0.160, 290.47,  0.211, 303.99,  0.179, 273.52,  0.144, 284.91,  0.164, 285.56,  0.159, 295.28,  0.119, 278.20,  0.076, 310.19,-99.000, -99.00,-99.000, -99.00,-99.000, -99.00,-99.000, -99.00,
9/13/2006 13:35:00, 10.4,276.2,  1.6,  2.9, 19.067, 29.51,  0.0,  0.0,  0.205, 303.46,  0.069, 254.96,  0.153, 333.94,  0.134, 313.19,  0.162, 283.18,  0.234, 288.20,  0.233, 281.41,  0.246, 300.21,  0.156, 304.30,  0.176, 285.86,  0.173, 287.18,  0.212, 302.26,  0.162, 302.42,  0.196, 286.59,  0.165, 304.37,  0.095, 335.85,-99.000, -99.00,-99.000, -99.00,-99.000, -99.00,-99.000, -99.00,
9/13/2006 13:40:00, 10.4,276.1,  1.7,  2.9, 19.075, 29.51,  0.0,  0.0,  0.094,   3.04,  0.022, 272.60,  0.093, 319.80,  0.124, 299.46,  0.153, 268.50,  0.177, 251.87,  0.123, 278.85,  0.109, 256.73,  0.145, 272.37,  0.224, 298.28,  0.232, 301.43,  0.229, 282.09,  0.234, 268.53,  0.274, 273.98,  0.205, 272.79,  0.095, 301.69,-99.000, -99.00,-99.000, -99.00,-99.000, -99.00,-99.000, -99.00,
9/13/2006 13:45:00, 10.4,276.1,  1.7,  2.9, 19.059, 29.51,  0.0,  0.0,  0.255, 336.65,  0.111, 299.10,  0.235, 310.34,  0.180, 307.32,  0.198, 323.82,  0.173, 317.10,  0.214, 304.14,  0.171, 282.17,  0.145, 288.56,  0.199, 295.54,  0.217, 302.96,  0.221, 294.59,  0.274, 300.03,  0.266, 285.71,  0.221, 292.62,  0.056, 322.93,-99.000, -99.00,-99.000, -99.00,-99.000, -99.00,-99.000, -99.00,
9/13/2006 13:50:00, 10.4,276.2,  1.7,  3.0, 19.083, 29.51,  0.0,  0.0,  0.117, 334.09,  0.171, 282.17,  0.116, 291.71,  0.157, 295.59,  0.222, 288.11,  0.214, 304.36,  0.179, 267.12,  0.157, 287.74,  0.177, 293.67,  0.230, 286.39,  0.208, 288.17,  0.152, 273.01,  0.113, 282.31,  0.154, 275.23,  0.133, 267.42,  0.061, 210.80,-99.000, -99.00,-99.000, -99.00,-99.000, -99.00,-99.000, -99.00,
9/13/2006 13:55:00, 10.4,276.1,  1.7,  3.0, 19.061, 29.51,  0.0,  0.0,  0.087, 326.31,  0.137, 351.63,  0.212, 314.62,  0.101, 295.29,  0.163, 276.34,  0.213, 292.60,  0.132, 292.29,  0.144, 296.03,  0.116, 290.79,  0.073, 280.23,  0.192, 289.19,  0.245, 286.14,  0.179, 298.43,  0.201, 300.77,  0.236, 300.80,  0.131, 296.37,-99.000, -99.00,-99.000, -99.00,-99.000, -99.00,-99.000, -99.00,
9/13/2006 14:00:00, 10.4,276.1,  1.7,  2.9, 19.032, 29.51,  0.0,  0.0,  0.190, 316.06,  0.183, 293.20,  0.267, 310.44,  0.255, 296.06,  0.147, 304.77,  0.076, 321.93,  0.170, 270.00,  0.150, 308.78,  0.180, 283.80,  0.213, 308.53,  0.214, 284.62,  0.286, 288.12,  0.300, 287.29,  0.282, 284.77,  0.189, 308.57,  0.122, 338.29,-99.000, -99.00,-99.000, -99.00,-99.000, -99.00,-99.000, -99.00,
9/13/2006 14:05:00, 10.4,276.3,  1.7,  2.9, 19.065, 29.51,  0.0,  0.0,  0.121, 353.82,  0.080, 334.72,  0.151, 283.02,  0.146, 288.31,  0.142, 284.23,  0.172, 309.81,  0.169, 311.63,  0.162, 287.99,  0.224, 282.11,  0.121, 263.35,  0.161, 276.77,  0.147, 270.78,  0.118, 272.91,  0.157, 278.80,  0.182, 298.54,  0.066, 310.70,-99.000, -99.00,-99.000, -99.00,-99.000, -99.00,-99.000, -99.00,
9/13/2006 14:10:00, 10.4,276.0,  1.7,  2.9, 19.070, 29.51,  0.0,  0.0,  0.103, 312.65,  0.178, 306.10,  0.151, 302.01,  0.129, 273.99,  0.194, 295.37,  0.127, 287.00,  0.134, 300.60,  0.177, 280.10,  0.202, 275.40,  0.213, 276.73,  0.194, 280.38,  0.172, 277.70,  0.230, 285.36,  0.172, 269.33,  0.150, 279.59,  0.141, 332.53,-99.000, -99.00,-99.000, -99.00,-99.000, -99.00,-99.000, -99.00,
9/13/2006 14:15:00, 10.4,276.1,  1.7,  3.0, 19.055, 29.51,  0.0,  0.0,  0.100,   1.72,  0.116, 307.27,  0.180, 299.27,  0.137, 298.81,  0.110, 266.36,  0.114, 289.38,  0.232, 282.72,  0.183, 297.26,  0.216, 282.30,  0.210, 294.13,  0.166, 285.38,  0.269, 288.43,  0.154, 273.72,  0.172, 265.68,  0.174, 270.00,  0.112, 288.27,-99.000, -99.00,-99.000, -99.00,-99.000, -99.00,-99.000, -99.00,
9/13/2006 14:20:00, 10.4,276.0,  1.7,  2.9, 19.034, 29.51,  0.0,  0.0,  0.139, 351.29,  0.171, 327.43,  0.168, 321.29,  0.183, 318.55,  0.178, 290.07,  0.088, 263.44,  0.244, 312.84,  0.163, 316.24,  0.217, 302.01,  0.213, 298.61,  0.088, 271.95,  0.165, 286.90,  0.127, 260.46,  0.183, 281.00,  0.131, 290.50,  0.021, 259.22,-99.000, -99.00,-99.000, -99.00,-99.000, -99.00,-99.000, -99.00,
9/13/2006 14:25:00, 10.4,276.1,  1.7,  2.9, 19.028, 29.52,  0.0,  0.0,  0.128, 342.27,  0.123, 319.60,  0.067, 270.00,  0.128, 290.56,  0.084, 291.67,  0.226, 274.83,  0.158, 295.10,  0.232, 280.92,  0.213, 285.80,  0.197, 291.75,  0.192, 284.18,  0.226, 278.13,  0.147, 290.78,  0.192, 281.43,  0.197, 282.91,  0.088, 277.85,-99.000, -99.00,-99.000, -99.00,-99.000, -99.00,-99.000, -99.00,
9/13/2006 14:30:00, 10.4,276.0,  1.7,  3.0, 19.054, 29.52,  0.0,  0.0,  0.195, 323.54,  0.143, 324.65,  0.188, 336.44,  0.235, 304.09,  0.170, 294.00,  0.177, 298.74,  0.189, 286.90,  0.237, 282.45,  0.244, 281.59,  0.253, 288.94,  0.195, 275.30,  0.297, 283.62,  0.203, 288.70,  0.208, 296.20,  0.171, 286.64,  0.055, 273.12,-99.000, -99.00,-99.000, -99.00,-99.000, -99.00,-99.000, -99.00,
9/13/2006 14:35:00, 10.4,276.1,  1.7,  3.0, 19.042, 29.52,  0.0,  0.0,  0.138, 307.04,  0.120, 282.53,  0.156, 291.46,  0.163, 286.77,  0.202, 279.14,  0.143, 286.66,  0.148, 270.00,  0.168, 304.35,  0.110, 295.87,  0.211, 286.21,  0.176, 297.00,  0.177, 293.24,  0.191, 278.13,  0.206, 275.85,  0.185, 296.29,  0.119, 262.28,-99.000, -99.00,-99.000, -99.00,-99.000, -99.00,-99.000, -99.00,
9/13/2006 14:40:00, 10.4,276.1,  1.7,  3.0, 19.016, 29.52,  0.0,  0.0,  0.085,  21.43,  0.156, 296.73,  0.183, 289.82,  0.122, 281.86,  0.146, 290.05,  0.159, 281.24,  0.137, 279.26,  0.119, 244.08,  0.219, 299.26,  0.154, 302.24,  0.214, 267.59,  0.166, 266.55,  0.230, 282.53,  0.253, 277.04,  0.250, 285.54,  0.067, 289.25,-99.000, -99.00,-99.000, -99.00,-99.000, -99.00,-99.000, -99.00,
9/13/2006 14:45:00, 10.4,276.1,  1.8,  3.0, 19.029, 29.52,  0.0,  0.0,  0.209, 310.54,  0.180, 331.87,  0.176, 272.60,  0.146, 269.61,  0.118, 252.18,  0.202, 317.00,  0.191, 307.77,  0.204, 290.39,  0.198, 280.46,  0.201, 282.04,  0.212, 287.32,  0.168, 280.98,  0.194, 305.57,  0.148, 313.63,  0.137, 307.29,  0.048, 259.16,-99.000, -99.00,-99.000, -99.00,-99.000, -99.00,-99.000, -99.00,
9/13/2006 14:50:00, 10.4,276.3,  1.7,  3.0, 19.024, 29.52,  0.0,  0.0,  0.035, 336.37,  0.138, 309.11,  0.179, 291.68,  0.134, 320.47,  0.218, 282.70,  0.153, 272.62,  0.133, 266.13,  0.167, 266.92,  0.166, 291.61,  0.242, 285.07,  0.283, 286.00,  0.230, 275.49,  0.194, 277.71,  0.113, 281.71,  0.243, 292.55,  0.062, 254.18,-99.000, -99.00,-99.000, -99.00,-99.000, -99.00,-99.000, -99.00,
9/13/2006 14:55:00, 10.4,276.2,  1.8,  3.0, 19.036, 29.52,  0.0,  0.0,  0.177, 316.37,  0.076, 311.82,  0.172, 316.18,  0.145, 277.91,  0.174, 273.62,  0.168, 307.49,  0.151, 302.85,  0.220, 276.00,  0.260, 301.30,  0.222, 289.17,  0.223, 266.13,  0.186, 275.25,  0.079, 256.14,  0.208, 281.96,  0.173, 287.81,  0.090, 295.71,-99.000, -99.00,-99.000, -99.00,-99.000, -99.00,-99.000, -99.00,
9/13/2006 15:00:00, 10.4,276.3,  1.8,  3.0, 19.028, 29.52,  0.0,  0.0,  0.175, 302.42,  0.085, 315.00,  0.147, 276.64,  0.171, 287.69,  0.100, 285.71,  0.141, 298.74,  0.210, 285.16,  0.202, 292.12,  0.104, 298.79,  0.152, 291.66,  0.205, 249.44,  0.173, 254.28,  0.226, 277.88,  0.225, 268.47,  0.116, 294.36,  0.006, 260.54,-99.000, -99.00,-99.000, -99.00,-99.000, -99.00,-99.000, -99.00,
9/13/2006 15:05:00, 10.4,276.1,  1.8,  2.9, 19.037, 29.52,  0.0,  0.0,  0.100, 308.13,  0.117, 341.10,  0.168, 288.43,  0.236, 317.92,  0.130, 282.00,  0.192, 292.30,  0.257, 296.07,  0.200, 288.07,  0.192, 278.97,  0.176, 303.87,  0.211, 274.63,  0.243, 279.46,  0.284, 283.25,  0.193, 283.46,  0.162, 270.71,  0.073, 269.22,-99.000, -99.00,-99.000, -99.00,-99.000, -99.00,-99.000, -99.00,
9/13/2006 15:10:00, 10.4,276.1,  1.8,  3.0, 19.036, 29.52,  0.0,  0.0,  0.212, 330.05,  0.123, 312.37,  0.030, 270.00,  0.169, 338.14,  0.210, 328.05,  0.158, 330.35,  0.186, 291.46,  0.218, 286.77,  0.151, 284.22,  0.096, 271.19,  0.127, 274.50,  0.140, 271.64,  0.167, 287.46,  0.168, 264.87,  0.207, 281.69,  0.089, 295.99,-99.000, -99.00,-99.000, -99.00,-99.000, -99.00,-99.000, -99.00,
9/13/2006 15:15:00, 10.4,276.2,  1.8,  3.0, 19.022, 29.52,  0.0,  0.0,  0.135, 305.34,  0.105, 336.37,  0.120, 283.46,  0.186, 317.83,  0.108, 321.01,  0.240, 292.29,  0.208, 273.58,  0.165, 269.65,  0.262, 271.31,  0.200, 272.00,  0.135, 247.80,  0.100, 254.29,  0.132, 271.30,  0.146, 277.08,  0.134, 294.27,  0.068, 246.47,-99.000, -99.00,-99.000, -99.00,-99.000, -99.00,-99.000, -99.00,
9/13/2006 15:20:00, 10.4,276.0,  1.8,  3.0, 18.990, 29.52,  0.0,  0.0,  0.103, 322.47,  0.084, 307.28,  0.143, 281.70,  0.174, 296.27,  0.134, 331.53,  0.086, 339.68,  0.155, 280.01,  0.170, 273.70,  0.167, 288.11,  0.124, 304.46,  0.183, 295.17,  0.192, 290.42,  0.236, 285.51,  0.240, 284.21,  0.150, 287.10,  0.070, 261.75,-99.000, -99.00,-99.000, -99.00,-99.000, -99.00,-99.000, -99.00,
9/13/2006 15:25:00, 10.4,276.1,  1.8,  3.0, 19.016, 29.52,  0.0,  0.0,  0.119, 323.90,  0.139, 314.42,  0.099, 306.75,  0.191, 305.43,  0.135, 274.66,  0.181, 306.93,  0.178, 294.26,  0.106, 267.30,  0.163, 259.73,  0.086, 264.03,  0.150, 267.71,  0.161, 260.71,  0.197, 270.00,  0.199, 280.12,  0.169, 277.84,  0.120, 246.86,-99.000, -99.00,-99.000, -99.00,-99.000, -99.00,-99.000, -99.00,
9/13/2006 15:30:00, 10.4,276.1,  1.8,  2.9, 19.003, 29.52,  0.0,  0.0,  0.117, 273.42,  0.116, 289.69,  0.043, 339.44,  0.129, 344.67,  0.122, 286.20,  0.160, 284.12,  0.089, 306.36,  0.159, 322.41,  0.110, 308.01,  0.156, 266.33,  0.142, 269.19,  0.196, 287.23,  0.237, 274.36,  0.212, 294.26,  0.133, 300.82,  0.054, 234.83,-99.000, -99.00,-99.000, -99.00,-99.000, -99.00,-99.000, -99.00,
9/13/2006 15:35:00, 10.4,276.1,  1.8,  3.0, 19.006, 29.53,  0.0,  0.0,  0.185, 293.52,  0.123, 340.53,  0.072,  68.05,  0.045,  80.96,  0.133, 262.23,  0.127, 279.98,  0.150, 302.21,  0.155, 277.77,  0.191, 272.40,  0.213, 280.57,  0.154, 272.60,  0.225, 277.91,  0.191, 286.07,  0.149, 284.78,  0.163, 283.87,  0.044, 238.13,-99.000, -99.00,-99.000, -99.00,-99.000, -99.00,-99.000, -99.00,
9/13/2006 15:40:00, 10.4,276.1,  1.8,  3.0, 19.008, 29.53,  0.0,  0.0,  0.123,   0.00,  0.174, 308.71,  0.142, 267.18,  0.072, 222.17,  0.105, 273.27,  0.133, 248.84,  0.232, 279.91,  0.158, 274.73,  0.209, 271.10,  0.142, 243.25,  0.133, 266.13,  0.195, 259.38,  0.208, 276.34,  0.093, 243.98,  0.101, 258.58,  0.102, 245.70,-99.000, -99.00,-99.000, -99.00,-99.000, -99.00,-99.000, -99.00,
9/13/2006 15:45:00, 10.4,276.1,  1.8,  3.0, 18.985, 29.53,  0.0,  0.0,  0.006,  38.66,  0.101, 323.47,  0.119, 272.41,  0.144, 292.47,  0.094, 286.11,  0.040, 286.14,  0.100, 308.13,  0.135, 266.61,  0.176, 270.00,  0.159, 269.28,  0.181, 267.79,  0.194, 272.95,  0.207, 287.12,  0.109, 277.91,  0.111, 266.39,  0.119, 219.19,-99.000, -99.00,-99.000, -99.00,-99.000, -99.00,-99.000, -99.00,
9/13/2006 15:50:00, 10.4,276.0,  1.8,  3.0, 19.004, 29.54,  0.0,  0.0,  0.073, 262.09,  0.124, 303.18,  0.115, 298.57,  0.066, 276.05,  0.066, 272.60,  0.097, 256.25,  0.147, 266.88,  0.169, 249.21,  0.088, 275.19,  0.125, 277.81,  0.166, 281.45,  0.172, 263.33,  0.157, 277.67,  0.199, 253.66,  0.141, 254.00,  0.104, 203.13,-99.000, -99.00,-99.000, -99.00,-99.000, -99.00,-99.000, -99.00,
9/13/2006 15:55:00, 10.4,276.0,  1.8,  3.0, 19.021, 29.54,  0.0,  0.0,  0.089, 341.77,  0.054, 264.71,  0.089, 260.33,  0.071, 267.58,  0.100, 279.18,  0.154, 272.97,  0.168, 276.49,  0.152, 254.78,  0.167, 257.55,  0.157, 276.94,  0.197, 260.06,  0.171, 254.42,  0.172, 262.30,  0.135, 272.54,  0.114, 265.49,  0.057, 246.14,-99.000, -99.00,-99.000, -99.00,-99.000, -99.00,-99.000, -99.00,
9/13/2006 16:00:00, 10.4,276.0,  1.8,  3.0, 18.968, 29.54,  0.0,  0.0,  0.083, 313.53,  0.060,   9.62,  0.048, 291.80,  0.139, 285.44,  0.062, 335.10,  0.080, 244.72,  0.124, 288.29,  0.142, 271.21,  0.081, 262.87,  0.114, 273.51,  0.162, 287.21,  0.161, 285.51,  0.126, 306.96,  0.112, 292.66,  0.122, 286.20,  0.116, 263.55,-99.000, -99.00,-99.000, -99.00,-99.000, -99.00,-99.000, -99.00,
9/13/2006 16:05:00, 10.4,276.0,  1.8,  2.9, 18.973, 29.55,  0.0,  0.0,  0.019,  96.01,  0.204, 261.83,  0.129, 229.40,  0.123, 270.47,  0.161, 242.64,  0.163, 265.06,  0.148, 284.51,  0.096, 261.03,  0.141, 253.50,  0.090, 319.05,  0.066, 315.62,  0.136, 296.57,  0.198, 304.09,  0.192, 309.08,  0.095, 299.52,  0.075, 237.59,-99.000, -99.00,-99.000, -99.00,-99.000, -99.00,-99.000, -99.00,
9/13/2006 16:10:00, 10.4,276.1,  1.8,  2.9, 18.973, 29.55,  0.0,  0.0,  0.119, 323.90,  0.107,   1.61,  0.112, 324.05,  0.154, 240.76,  0.077, 271.49,  0.068, 318.58,  0.053, 291.19,  0.150, 309.85,  0.134, 283.83,  0.200, 268.28,  0.100, 253.74,  0.172, 269.33,  0.135, 297.32,  0.049, 282.91,  0.093, 312.81,  0.059, 260.22,-99.000, -99.00,-99.000, -99.00,-99.000, -99.00,-99.000, -99.00,
9/13/2006 16:15:00, 10.4,276.0,  1.8,  2.9, 18.978, 29.55,  0.0,  0.0,  0.072, 299.05,  0.098, 303.37,  0.077, 229.24,  0.143, 270.00,  0.139, 246.75,  0.015, 254.05,  0.102, 237.88,  0.087, 219.38,  0.081, 253.57,  0.197, 259.49,  0.170, 283.30,  0.116, 273.45,  0.103, 269.44,  0.087, 303.33,  0.061, 300.80,  0.022, 204.23,-99.000, -99.00,-99.000, -99.00,-99.000, -99.00,-99.000, -99.00,
9/13/2006 16:20:00, 10.4,276.1,  1.9,  2.9, 18.944, 29.56,  0.0,  0.0,  0.105, 247.09,  0.099, 249.38,  0.087, 259.46,  0.149, 280.41,  0.085, 269.33,  0.082, 313.03,  0.002,   0.00,  0.097, 318.76,  0.078, 300.20,  0.121, 250.22,  0.175, 256.12,  0.134, 273.84,  0.098, 317.88,  0.059, 289.65,  0.068, 275.04,  0.014, 265.91,-99.000, -99.00,-99.000, -99.00,-99.000, -99.00,-99.000, -99.00,
9/13/2006 16:25:00, 10.4,276.3,  1.9,  2.9, 18.956, 29.56,  0.0,  0.0,  0.092, 314.12,  0.141, 311.84,  0.090, 278.94,  0.115, 274.47,  0.072, 208.35,  0.115, 266.02,  0.143, 272.80,  0.086, 293.90,  0.070, 275.71,  0.122, 269.06,  0.111, 257.47,  0.135, 246.86,  0.073, 241.33,  0.127, 265.05,  0.086, 280.66,  0.028, 288.43,-99.000, -99.00,-99.000, -99.00,-99.000, -99.00,-99.000, -99.00,
9/13/2006 16:30:00, 10.4,276.1,  1.9,  3.0, 18.957, 29.57,  0.0,  0.0,  0.044, 251.57,  0.076, 251.57,  0.113, 318.24,  0.103, 295.82,  0.147, 258.23,  0.141, 265.94,  0.100, 240.61,  0.130, 259.81,  0.084, 269.32,  0.050, 187.97,  0.157, 275.86,  0.175, 257.79,  0.139, 260.47,  0.145, 247.32,  0.059, 251.26,  0.066, 147.99,-99.000, -99.00,-99.000, -99.00,-99.000, -99.00,-99.000, -99.00,
9/13/2006 16:35:00, 10.4,276.1,  1.9,  3.0, 18.934, 29.58,  0.0,  0.0,  0.060, 267.14,  0.038, 222.88,  0.108, 217.50,  0.034, 254.74,  0.068, 274.21,  0.126, 266.37,  0.142, 258.22,  0.091, 233.51,  0.124, 264.93,  0.132, 274.33,  0.127, 256.29,  0.151, 268.86,  0.134, 247.25,  0.164, 242.34,  0.138, 280.82,  0.050, 256.24,-99.000, -99.00,-99.000, -99.00,-99.000, -99.00,-99.000, -99.00,
9/13/2006 16:40:00, 10.4,276.1,  1.9,  3.0, 18.909, 29.59,  0.0,  0.0,  0.026, 122.47,  0.076, 293.20,  0.054, 312.77,  0.077,  10.44,  0.066, 357.40,  0.122, 312.68,  0.073, 303.25,  0.073,  24.12,  0.197, 320.34,  0.106, 291.50,  0.087, 260.75,  0.135, 270.42,  0.116, 288.12,  0.203, 309.81,  0.065, 332.65,  0.034, 137.39,-99.000, -99.00,-99.000, -99.00,-99.000, -99.00,-99.000, -99.00,
9/13/2006 16:45:00, 10.4,276.1,  1.9,  3.0, 18.929, 29.57,  0.0,  0.0,  0.076, 187.59,  0.156, 205.42,  0.097, 157.65,  0.110, 252.55,  0.039, 197.97,  0.152, 203.69,  0.087, 252.61,  0.065,   2.64,  0.055,  34.56,  0.082, 313.03,  0.094, 277.96,  0.074, 235.45,  0.058, 232.73,  0.095, 268.19,  0.090, 286.21,  0.067, 315.60,-99.000, -99.00,-99.000, -99.00,-99.000, -99.00,-99.000, -99.00,
9/13/2006 16:50:00, 10.4,276.0,  1.9,  3.0, 18.932, 29.53,  0.0,  0.0,  0.065, 192.53,  0.116, 182.96,  0.038, 277.50,  0.147, 154.65,  0.053, 271.08,  0.018, 141.84,  0.022, 193.39,  0.016, 356.42,  0.077, 320.29,  0.078, 222.92,  0.031, 227.60,  0.070, 251.57,  0.051, 275.60,  0.028, 347.47,  0.033, 226.22,  0.061, 180.00,-99.000, -99.00,-99.000, -99.00,-99.000, -99.00,-99.000, -99.00,
9/13/2006 16:55:00, 10.3,276.0,  1.9,  3.0, 18.927, 29.50,  0.0,  0.0,  0.134, 153.43,  0.103, 157.17,  0.126, 249.55,  0.163, 207.04,  0.032, 171.12,  0.101, 220.60,  0.022, 302.28,  0.042, 275.44,  0.067, 339.15,  0.054, 352.61,  0.060, 308.21,  0.066, 273.47,  0.097, 211.07,  0.101, 249.04,  0.159, 235.01,  0.062, 238.88,-99.000, -99.00,-99.000, -99.00,-99.000, -99.00,-99.000, -99.00,
9/13/2006 17:00:00, 10.3,276.0,  1.9,  2.9, 18.926, 29.48,  0.0,  0.0,  0.192, 196.36,  0.188, 130.04,  0.054, 198.43,  0.060, 235.24,  0.116, 156.09,  0.092, 133.24,  0.082, 254.44,  0.137, 288.30,  0.079, 328.91,  0.066,  30.82,  0.046, 161.18,  0.048, 268.81,  0.049, 148.24,  0.020, 120.47,  0.087, 198.02,  0.102, 324.59,-99.000, -99.00,-99.000, -99.00,-99.000, -99.00,-99.000, -99.00,
9/13/2006 17:05:00, 10.3,276.1,  1.9,  2.9, 18.908, 29.46,  0.0,  0.0,  0.125, 194.81,  0.042, 152.82,  0.093, 138.93,  0.037, 198.92,  0.057, 142.13,  0.066, 179.13,  0.108, 169.32,  0.029, 174.09,  0.007,  98.13,  0.079, 106.14,  0.036, 199.44,  0.042, 148.57,  0.037, 161.08,  0.086, 272.66,  0.085, 250.07,  0.083, 120.26,-99.000, -99.00,-99.000, -99.00,-99.000, -99.00,-99.000, -99.00,
9/13/2006 17:10:00, 10.3,276.1,  1.9,  2.9, 18.920, 29.45,  0.0,  0.0,  0.144, 133.32,  0.154, 186.34,  0.107, 153.43,  0.080, 151.50,  0.082, 129.09,  0.101, 143.47,  0.087, 130.82,  0.074, 135.55,  0.041, 274.18,  0.065, 238.28,  0.095, 236.98,  0.102, 215.41,  0.088, 250.13,  0.031, 283.13,  0.040, 251.11,  0.048, 229.27,-99.000, -99.00,-99.000, -99.00,-99.000, -99.00,-99.000, -99.00,
9/13/2006 17:15:00, 10.3,276.1,  1.9,  2.9, 18.900, 29.44,  0.0,  0.0,  0.121, 102.89,  0.074, 158.63,  0.072, 163.84,  0.184, 197.74,  0.085, 161.57,  0.040, 118.50,  0.098, 187.63,  0.066, 183.47,  0.072, 188.02,  0.050, 229.03,  0.058, 276.88,  0.095, 260.34,  0.041, 254.62,  0.074, 178.45,  0.095, 176.99,  0.088, 206.27,-99.000, -99.00,-99.000, -99.00,-99.000, -99.00,-99.000, -99.00,
9/13/2006 17:20:00, 10.3,276.0,  1.9,  2.9, 18.874, 29.44,  0.0,  0.0,  0.135, 134.70,  0.156, 123.79,  0.136, 115.81,  0.157, 107.86,  0.131, 174.29,  0.092, 123.52,  0.078, 128.77,  0.041, 186.95,  0.078, 175.60,  0.002, 116.57,  0.044, 190.54,  0.034, 253.14,  0.102, 186.22,  0.115, 160.78,  0.026,  87.80,  0.051, 247.99,-99.000, -99.00,-99.000, -99.00,-99.000, -99.00,-99.000, -99.00,
9/13/2006 17:25:00, 10.3,276.2,  1.9,  2.9, 18.881, 29.43,  0.0,  0.0,  0.075, 113.50,  0.033, 117.35,  0.138, 109.09,  0.147, 134.45,  0.051,  96.71,  0.115, 102.58,  0.045, 100.30,  0.063, 194.70,  0.145, 164.43,  0.069, 152.32,  0.072, 214.80,  0.095, 254.80,  0.028, 230.71,  0.021, 261.87,  0.048, 354.05,  0.031, 322.77,-99.000, -99.00,-99.000, -99.00,-99.000, -99.00,-99.000, -99.00,
9/13/2006 17:30:00, 10.3,276.0,  1.9,  2.9, 18.870, 29.43,  0.0,  0.0,  0.176, 125.05,  0.069, 118.41,  0.156, 115.42,  0.189, 115.35,  0.116, 107.03,  0.134,  92.56,  0.135, 156.47,  0.114, 115.89,  0.103, 152.94,  0.135, 142.20,  0.040, 153.43,  0.056, 175.91,  0.110, 182.60,  0.071, 182.42,  0.082, 274.88,  0.114, 290.50,-99.000, -99.00,-99.000, -99.00,-99.000, -99.00,-99.000, -99.00,
9/13/2006 17:35:00, 10.3,275.9,  1.9,  2.9, 18.874, 29.42,  0.0,  0.0,  0.151, 112.65,  0.114, 129.68,  0.126, 133.07,  0.163, 132.51,  0.076, 171.66,  0.164, 171.23,  0.104, 183.30,  0.154, 177.77,  0.162, 145.04,  0.055, 140.19,  0.045, 135.00,  0.048, 293.36,  0.045, 255.96,  0.043, 280.78,  0.034, 168.02,  0.033, 328.74,-99.000, -99.00,-99.000, -99.00,-99.000, -99.00,-99.000, -99.00,
9/13/2006 17:40:00, 10.3,276.0,  1.9,  2.9, 18.878, 29.42,  0.0,  0.0,  0.093, 118.22,  0.302, 110.11,  0.109,  94.72,  0.225, 112.70,  0.139, 144.37,  0.132, 148.36,  0.127, 153.23,  0.127, 195.57,  0.047, 135.00,  0.120,  80.85,  0.071,  73.61,  0.045, 136.79,  0.035, 151.26,  0.022, 272.60,  0.012, 355.24,  0.036,  43.88,-99.000, -99.00,-99.000, -99.00,-99.000, -99.00,-99.000, -99.00,
9/13/2006 17:45:00, 10.3,276.2,  2.0,  2.9, 18.855, 29.42,  0.0,  0.0,  0.146, 128.90,  0.206, 130.87,  0.162,  96.73,  0.204, 123.22,  0.199, 116.82,  0.159, 127.59,  0.190, 135.21,  0.128,  99.02,  0.178, 114.55,  0.175,  86.08,  0.056,  73.50,  0.038, 105.12,  0.074, 198.92,  0.091, 228.58,  0.103, 181.11,  0.054, 334.86,-99.000, -99.00,-99.000, -99.00,-99.000, -99.00,-99.000, -99.00,
9/13/2006 17:50:00, 10.3,275.9,  2.0,  2.9, 18.869, 29.42,  0.0,  0.0,  0.117, 140.57,  0.220, 112.14,  0.164,  95.26,  0.091, 111.22,  0.187, 133.70,  0.178, 120.02,  0.180, 121.84,  0.056,  83.88,  0.102,  79.24,  0.154,  95.97,  0.117,  84.58,  0.082, 135.00,  0.069, 129.70,  0.062, 215.75,  0.042, 141.77,  0.014, 236.31,-99.000, -99.00,-99.000, -99.00,-99.000, -99.00,-99.000, -99.00,
9/13/2006 17:55:00, 10.3,276.1,  2.0,  2.9, 18.852, 29.41,  0.0,  0.0,  0.174, 119.95,  0.215, 134.25,  0.268, 116.57,  0.209, 114.24,  0.153, 117.74,  0.137, 126.37,  0.148, 106.11,  0.143, 116.57,  0.077, 156.11,  0.082, 135.99,  0.129, 128.73,  0.132, 115.20,  0.071,  94.03,  0.133, 149.77,  0.077, 113.59,  0.088,  46.85,-99.000, -99.00,-99.000, -99.00,-99.000, -99.00,-99.000, -99.00,
9/13/2006 18:00:00, 10.3,276.1,  2.0,  2.9, 18.858, 29.41,  0.0,  0.0,  0.140, 171.81,  0.172, 138.06,  0.267,  99.71,  0.162, 111.01,  0.134, 124.99,  0.088, 136.37,  0.104, 110.88,  0.142, 115.48,  0.076, 101.31,  0.147, 109.42,  0.109, 121.05,  0.132, 126.35,  0.147, 129.21,  0.054, 102.76,  0.048, 141.71,  0.016,  90.00,-99.000, -99.00,-99.000, -99.00,-99.000, -99.00,-99.000, -99.00,
9/13/2006 18:05:00, 10.3,276.0,  2.0,  2.9, 18.828, 29.41,  0.0,  0.0,  0.229, 121.82,  0.201, 108.52,  0.246, 110.50,  0.142, 102.18,  0.148, 128.96,  0.196, 121.01,  0.125, 125.22,  0.269, 132.89,  0.209, 153.56,  0.177, 154.89,  0.171, 152.54,  0.120, 141.79,  0.201, 124.48,  0.177, 153.15,  0.022, 193.39,  0.019, 348.11,-99.000, -99.00,-99.000, -99.00,-99.000, -99.00,-99.000, -99.00,
9/13/2006 18:10:00, 10.3,276.1,  2.0,  2.9, 18.825, 29.42,  0.0,  0.0,  0.198, 117.08,  0.203, 107.45,  0.170, 108.54,  0.184,  84.69,  0.177,  86.12,  0.116, 114.36,  0.188, 126.57,  0.177, 100.10,  0.199, 109.07,  0.160, 119.92,  0.131,  99.25,  0.111,  87.94,  0.120, 100.09,  0.098, 142.90,  0.193, 125.50,  0.076,  63.43,-99.000, -99.00,-99.000, -99.00,-99.000, -99.00,-99.000, -99.00,
9/13/2006 18:15:00, 10.3,276.2,  2.0,  2.9, 18.830, 29.42,  0.0,  0.0,  0.193,  72.22,  0.146,  96.69,  0.058, 139.18,  0.152, 124.00,  0.090, 128.66,  0.050, 124.33,  0.151, 123.90,  0.136, 107.10,  0.133, 115.41,  0.105,  84.56,  0.058,  87.04,  0.151,  83.16,  0.186, 102.09,  0.142, 103.06,  0.082, 133.03,  0.081, 132.99,-99.000, -99.00,-99.000, -99.00,-99.000, -99.00,-99.000, -99.00,
9/13/2006 18:20:00, 10.3,276.1,  2.0,  2.9, 18.827, 29.42,  0.0,  0.0,  0.177, 165.26,  0.085, 172.54,  0.130, 152.06,  0.083, 115.64,  0.127, 132.46,  0.141, 110.37,  0.092,  99.36,  0.113, 128.19,  0.135, 145.60,  0.185, 112.26,  0.154,  87.03,  0.139,  93.70,  0.086,  90.00,  0.109,  96.86,  0.141, 112.93,  0.113, 131.42,-99.000, -99.00,-99.000, -99.00,-99.000, -99.00,-99.000, -99.00,
9/13/2006 18:25:00, 10.3,276.1,  2.0,  2.9, 18.824, 29.42,  0.0,  0.0,  0.034,  79.70,  0.170, 162.20,  0.056, 208.86,  0.115, 132.17,  0.025, 246.50,  0.021, 292.83,  0.092, 163.54,  0.067, 141.07,  0.117, 149.71,  0.150, 145.35,  0.107, 131.59,  0.123, 142.29,  0.105, 131.13,  0.042,  12.38,  0.030,  11.69,  0.062, 252.15,-99.000, -99.00,-99.000, -99.00,-99.000, -99.00,-99.000, -99.00,
9/13/2006 18:30:00, 10.3,276.1,  2.0,  2.9, 18.812, 29.43,  0.0,  0.0,  0.045, 138.58,  0.047, 237.99,  0.103, 204.58,  0.079,  43.98,  0.073, 130.01,  0.091, 135.44,  0.048, 131.63,  0.048, 232.65,  0.030, 118.30,  0.032, 354.64,  0.040, 287.53,  0.015, 246.80,  0.071, 273.22,  0.083, 340.91,  0.074,  18.92,  0.025, 265.43,-99.000, -99.00,-99.000, -99.00,-99.000, -99.00,-99.000, -99.00,
9/13/2006 18:35:00, 10.3,276.2,  2.0,  3.0, 18.805, 29.42,  0.0,  0.0,  0.144, 196.55,  0.062, 160.10,  0.036, 223.88,  0.085, 205.67,  0.067, 168.02,  0.129, 178.67,  0.128, 179.10,  0.057, 195.26,  0.069, 221.50,  0.066, 211.26,  0.011, 291.80,  0.077, 317.63,  0.063, 345.30,  0.037, 317.20,  0.016,  29.74,  0.034, 143.47,-99.000, -99.00,-99.000, -99.00,-99.000, -99.00,-99.000, -99.00,
9/13/2006 18:40:00, 10.3,276.1,  2.0,  2.9, 18.798, 29.42,  0.0,  0.0,  0.101, 284.86,  0.108, 232.17,  0.030, 313.67,  0.070, 267.55,  0.049, 261.70,  0.098, 322.07,  0.024, 228.37,  0.086, 250.93,  0.107, 320.33,  0.081, 311.52,  0.033, 205.02,  0.019, 270.00,  0.049, 292.89,  0.119, 295.92,  0.074, 273.87,  0.081, 312.99,-99.000, -99.00,-99.000, -99.00,-99.000, -99.00,-99.000, -99.00,
9/13/2006 18:45:00, 10.3,276.1,  2.0,  2.9, 18.781, 29.42,  0.0,  0.0,  0.131, 266.51,  0.091, 281.43,  0.076, 249.18,  0.090, 254.58,  0.024, 165.38,  0.098, 310.86,  0.121, 275.19,  0.100, 293.50,  0.072, 315.00,  0.157, 326.41,  0.071, 318.43,  0.188, 312.19,  0.162, 306.23,  0.165, 311.81,  0.158, 303.39,  0.072, 302.59,-99.000, -99.00,-99.000, -99.00,-99.000, -99.00,-99.000, -99.00,
9/13/2006 18:50:00, 10.3,276.0,  2.0,  2.9, 18.786, 29.42,  0.0,  0.0,  0.100, 240.61,  0.111, 282.53,  0.048, 325.98,  0.103, 333.43,  0.048, 279.66,  0.161, 308.44,  0.072, 339.54,  0.128, 290.56,  0.053, 298.01,  0.100, 317.84,  0.129, 315.94,  0.096, 310.79,  0.099, 309.66,  0.142, 308.16,  0.172, 315.71,  0.052,   2.20,-99.000, -99.00,-99.000, -99.00,-99.000, -99.00,-99.000, -99.00,
9/13/2006 18:55:00, 10.3,276.0,  2.0,  2.9, 18.822, 29.42,  0.0,  0.0,  0.044, 345.65,  0.116, 268.03,  0.096, 282.01,  0.095, 274.81,  0.112, 286.02,  0.062, 305.22,  0.089, 326.49,  0.160, 302.20,  0.118, 291.98,  0.110, 297.03,  0.229, 296.12,  0.172, 284.85,  0.158, 305.20,  0.142, 329.45,  0.185, 332.33,  0.095, 296.29,-99.000, -99.00,-99.000, -99.00,-99.000, -99.00,-99.000, -99.00,
9/13/2006 19:00:00, 10.3,276.0,  2.0,  2.9, 18.772, 29.42,  0.0,  0.0,  0.086, 229.25,  0.091, 331.19,  0.092, 349.30,  0.075, 284.59,  0.056,  94.09,  0.071, 310.43,  0.107, 279.11,  0.167, 293.96,  0.207, 317.54,  0.120, 298.27,  0.137, 311.74,  0.174, 309.17,  0.170, 315.48,  0.129, 306.16,  0.160, 321.84,  0.011, 217.87,-99.000, -99.00,-99.000, -99.00,-99.000, -99.00,-99.000, -99.00,
9/13/2006 19:05:00, 10.3,276.1,  2.0,  2.9, 18.792, 29.42,  0.0,  0.0,  0.038, 330.07,  0.062, 291.63,  0.101, 323.02,  0.108, 329.40,  0.132, 330.52,  0.110, 242.51,  0.063, 241.39,  0.154, 273.34,  0.143, 301.58,  0.194, 323.60,  0.151, 316.07,  0.122, 323.32,  0.155, 326.31,  0.175, 325.49,  0.189, 336.68,  0.143, 342.07,-99.000, -99.00,-99.000, -99.00,-99.000, -99.00,-99.000, -99.00,
9/13/2006 19:10:00, 10.3,276.0,  2.0,  2.9, 18.775, 29.42,  0.0,  0.0,  0.101, 310.60,  0.083, 300.26,  0.123, 311.71,  0.127, 343.99,  0.043, 228.81,  0.060, 221.63,  0.048, 270.00,  0.022, 341.57,  0.136, 316.79,  0.117, 311.19,  0.119, 326.98,  0.082, 298.44,  0.099, 315.82,  0.157, 342.95,  0.115, 324.23,  0.118, 327.12,-99.000, -99.00,-99.000, -99.00,-99.000, -99.00,-99.000, -99.00,
9/13/2006 19:15:00, 10.3,276.1,  2.0,  2.9, 18.776, 29.43,  0.0,  0.0,  0.107, 353.54,  0.082, 341.57,  0.170, 315.95,  0.186, 330.68,  0.108, 342.24,  0.120, 329.36,  0.156, 321.23,  0.105, 327.82,  0.020, 342.47,  0.148, 295.18,  0.088, 304.41,  0.104, 330.73,  0.174, 311.03,  0.179, 314.77,  0.175, 328.76,  0.094,  20.56,-99.000, -99.00,-99.000, -99.00,-99.000, -99.00,-99.000, -99.00,
9/13/2006 19:20:00, 10.3,276.0,  2.0,  2.9, 18.788, 29.43,  0.0,  0.0,  0.127, 354.56,  0.127, 329.19,  0.119, 340.35,  0.081, 262.87,  0.157, 309.06,  0.118, 286.75,  0.089, 311.79,  0.185, 300.59,  0.079, 316.55,  0.117, 318.81,  0.076, 310.19,  0.161, 315.00,  0.082, 288.43,  0.187, 328.77,  0.157, 315.52,  0.142, 343.61,-99.000, -99.00,-99.000, -99.00,-99.000, -99.00,-99.000, -99.00,
9/13/2006 19:25:00, 10.3,276.1,  2.0,  2.9, 18.782, 29.44,  0.0,  0.0,  0.185, 329.14,  0.147, 324.14,  0.171, 318.09,  0.135, 306.87,  0.119, 311.59,  0.160, 317.53,  0.135, 329.83,  0.088, 350.22,  0.107, 301.61,  0.157, 316.03,  0.186, 326.82,  0.159, 330.52,  0.175, 332.12,  0.127, 334.24,  0.151, 351.22,  0.109,  10.07,-99.000, -99.00,-99.000, -99.00,-99.000, -99.00,-99.000, -99.00,
9/13/2006 19:30:00, 10.3,276.0,  2.0,  2.9, 18.752, 29.44,  0.0,  0.0,  0.300, 359.81,  0.111, 335.51,  0.222, 323.80,  0.139, 337.51,  0.224, 319.90,  0.150, 318.78,  0.119, 316.36,  0.204, 308.44,  0.136, 304.51,  0.164, 309.04,  0.202, 298.09,  0.172, 303.60,  0.130, 314.38,  0.127, 333.23,  0.121, 328.55,  0.042, 278.13,-99.000, -99.00,-99.000, -99.00,-99.000, -99.00,-99.000, -99.00,
9/13/2006 19:35:00, 10.3,276.0,  2.0,  2.9, 18.766, 29.45,  0.0,  0.0,  0.288, 328.35,  0.181,   1.90,  0.179, 337.01,  0.168, 315.48,  0.133, 317.44,  0.148, 322.98,  0.137, 329.68,  0.121, 307.63,  0.183, 307.43,  0.173, 308.66,  0.132, 312.24,  0.118, 328.20,  0.136, 342.50,  0.109, 345.07,  0.149, 326.20,  0.143, 347.51,-99.000, -99.00,-99.000, -99.00,-99.000, -99.00,-99.000, -99.00,
9/13/2006 19:40:00, 10.3,276.1,  2.0,  2.9, 18.750, 29.46,  0.0,  0.0,  0.151,   3.79,  0.155, 334.76,  0.101,   1.13,  0.206, 323.30,  0.123, 290.94,  0.161, 335.35,  0.178, 321.84,  0.169, 302.19,  0.117, 315.69,  0.190, 330.33,  0.124, 331.17,  0.170, 336.00,  0.229, 340.85,  0.141,   7.73,  0.124, 353.97,  0.133,   5.62,-99.000, -99.00,-99.000, -99.00,-99.000, -99.00,-99.000, -99.00,
9/13/2006 19:45:00, 10.3,276.1,  2.0,  2.9, 18.750, 29.46,  0.0,  0.0,  0.119,   6.77,  0.196, 347.03,  0.165, 319.17,  0.127, 327.56,  0.165, 314.26,  0.093, 345.07,  0.212, 322.10,  0.196, 354.43,  0.147, 333.78,  0.140, 304.82,  0.123, 307.71,  0.108, 302.96,  0.103, 343.14,  0.109, 353.66,  0.107, 351.95,  0.105,   2.18,-99.000, -99.00,-99.000, -99.00,-99.000, -99.00,-99.000, -99.00,
9/13/2006 19:50:00, 10.3,276.1,  2.0,  2.9, 18.748, 29.46,  0.0,  0.0,  0.254, 348.42,  0.173, 326.59,  0.147, 353.36,  0.107,  17.42,  0.026,  32.47,  0.092, 315.00,  0.095, 328.31,  0.159, 321.12,  0.138, 312.94,  0.053, 348.06,  0.049, 350.54,  0.150, 339.76,  0.183,   0.94,  0.179, 338.73,  0.128, 341.85,  0.091,  37.00,-99.000, -99.00,-99.000, -99.00,-99.000, -99.00,-99.000, -99.00,
9/13/2006 19:55:00, 10.3,276.0,  2.0,  2.9, 18.762, 29.46,  0.0,  0.0,  0.235,   1.95,  0.164, 336.71,  0.117, 318.81,  0.108, 322.17,  0.154, 321.57,  0.132, 316.85,  0.167, 294.42,  0.136, 296.57,  0.124, 323.50,  0.072, 332.02,  0.081, 285.75,  0.149, 317.18,  0.100, 312.97,  0.139, 325.85,  0.148, 309.81,  0.073,   0.00,-99.000, -99.00,-99.000, -99.00,-99.000, -99.00,-99.000, -99.00,
9/13/2006 20:00:00, 10.3,276.1,  2.1,  2.9, 18.742, 29.46,  0.0,  0.0,  0.220, 352.68,  0.074,  34.55,  0.099, 322.78,  0.072, 343.07,  0.067,   0.00,  0.165, 320.42,  0.165, 300.13,  0.139, 315.00,  0.044, 316.85,  0.094, 318.47,  0.060,   8.67,  0.061, 301.61,  0.067, 298.47,  0.166, 295.64,  0.118, 287.21,  0.113, 341.89,-99.000, -99.00,-99.000, -99.00,-99.000, -99.00,-99.000, -99.00,
9/13/2006 20:05:00, 10.3,276.0,  2.1,  2.9, 18.744, 29.45,  0.0,  0.0,  0.073, 291.66,  0.129,   9.83,  0.190,  23.87,  0.085,  40.24,  0.103,   0.00,  0.222, 317.19,  0.064, 358.21,  0.087, 349.46,  0.075, 355.43,  0.017, 180.00,  0.065, 335.41,  0.033, 273.47,  0.137, 341.70,  0.105,  13.77,  0.099,  25.79,  0.144,  34.80,-99.000, -99.00,-99.000, -99.00,-99.000, -99.00,-99.000, -99.00,
9/13/2006 20:10:00, 10.3,276.0,  2.3,  2.9, 18.719, 29.45,  0.0,  0.0,  0.152,   4.14,  0.095,  12.14,  0.181, 353.97,  0.135,   7.65,  0.086, 342.41,  0.136, 344.63,  0.152, 317.40,  0.045, 327.72,  0.089, 275.77,  0.163, 326.80,  0.187, 347.67,  0.132, 324.26,  0.072, 347.91,  0.084, 348.96,  0.062, 322.21,  0.113,  16.50,-99.000, -99.00,-99.000, -99.00,-99.000, -99.00,-99.000, -99.00,
9/13/2006 20:15:00, 10.3,275.9,  2.4,  2.9, 18.765, 29.45,  0.0,  0.0,  0.079,  10.89,  0.162, 349.66,  0.083, 307.69,  0.143, 355.60,  0.057, 346.93,  0.123, 319.30,  0.062, 328.09,  0.050, 304.33,  0.184, 312.80,  0.004, 236.31,  0.086, 359.33,  0.134, 342.24,  0.073, 344.05,  0.096,  36.51,  0.154,  14.67,  0.163,  28.13,-99.000, -99.00,-99.000, -99.00,-99.000, -99.00,-99.000, -99.00,
9/13/2006 20:20:00, 10.3,276.1,  2.4,  2.8, 18.769, 29.44,  0.0,  0.0,  0.117, 334.75,  0.085, 331.93,  0.093,  12.40,  0.137, 316.48,  0.133, 331.70,  0.102,   6.22,  0.060, 330.85,  0.018,  90.00,  0.092, 329.25,  0.102, 358.32,  0.087,  14.68,  0.170,  65.25,  0.095,  74.05,  0.083,  76.80,  0.064,  48.14,  0.111,  40.99,-99.000, -99.00,-99.000, -99.00,-99.000, -99.00,-99.000, -99.00,
9/13/2006 20:25:00, 10.3,276.1,  2.4,  2.8, 18.756, 29.44,  0.0,  0.0,  0.119, 338.82,  0.078,   5.86,  0.118, 303.29,  0.114,  38.58,  0.035, 323.13,  0.124, 314.02,  0.086, 291.18,  0.114, 316.78,  0.114, 335.01,  0.094, 355.74,  0.045, 318.58,  0.060, 311.63,  0.103, 313.81,  0.106, 288.78,  0.079, 264.22,  0.044,  25.41,-99.000, -99.00,-99.000, -99.00,-99.000, -99.00,-99.000, -99.00,
9/13/2006 20:30:00, 10.3,276.1,  2.5,  2.8, 18.771, 29.44,  0.0,  0.0,  0.041,  45.00,  0.107, 339.70,  0.070, 301.66,  0.160, 352.83,  0.114, 341.57,  0.027, 347.01,  0.077, 324.46,  0.120, 299.98,  0.151, 317.14,  0.118, 329.53,  0.043,   1.33,  0.103, 293.57,  0.153, 332.76,  0.133, 347.01,  0.123, 344.38,  0.079, 359.27,-99.000, -99.00,-99.000, -99.00,-99.000, -99.00,-99.000, -99.00,
9/13/2006 20:35:00, 10.3,276.1,  2.5,  2.8, 18.773, 29.44,  0.0,  0.0,  0.066,  39.47,  0.099, 350.16,  0.169, 345.22,  0.161, 359.29,  0.084, 310.67,  0.120, 279.62,  0.084, 319.84,  0.066, 282.34,  0.041, 354.43,  0.073,   2.35,  0.072, 308.78,  0.093, 297.39,  0.066, 322.96,  0.080, 333.11,  0.024,   0.00,  0.062, 322.21,-99.000, -99.00,-99.000, -99.00,-99.000, -99.00,-99.000, -99.00,
9/13/2006 20:40:00, 10.3,276.0,  2.5,  2.9, 18.779, 29.44,  0.0,  0.0,  0.030, 230.44,  0.086, 307.41,  0.093,  10.58,  0.042, 252.00,  0.081, 313.51,  0.061, 322.37,  0.105, 233.13,  0.130, 307.49,  0.048, 275.95,  0.020, 233.13,  0.046,  45.88,  0.077,   0.74,  0.073, 334.84,  0.042, 331.61,  0.094, 332.07,  0.046, 327.34,-99.000, -99.00,-99.000, -99.00,-99.000, -99.00,-99.000, -99.00,
9/13/2006 20:45:00, 10.3,276.0,  2.5,  2.9, 18.755, 29.44,  0.0,  0.0,  0.055, 200.07,  0.089,   8.40,  0.216, 333.55,  0.142, 348.22,  0.137, 337.73,  0.136, 307.54,  0.088, 348.18,  0.096,   1.79,  0.063,   6.34,  0.061, 242.59,  0.079, 315.00,  0.091, 319.47,  0.075, 321.46,  0.101, 302.43,  0.146, 303.25,  0.027,   6.34,-99.000, -99.00,-99.000, -99.00,-99.000, -99.00,-99.000, -99.00,
9/13/2006 20:50:00, 10.3,276.0,  2.5,  2.8, 18.749, 29.44,  0.0,  0.0,  0.074, 355.36,  0.125, 311.10,  0.180, 314.78,  0.030, 327.38,  0.063,  40.50,  0.034, 354.96,  0.084, 304.82,  0.030, 237.38,  0.028, 332.53,  0.113, 334.80,  0.100, 289.89,  0.082, 306.03,  0.108, 342.24,  0.041, 315.00,  0.092, 334.27,  0.120,  20.56,-99.000, -99.00,-99.000, -99.00,-99.000, -99.00,-99.000, -99.00,
9/13/2006 20:55:00, 10.3,276.0,  2.5,  2.8, 18.763, 29.44,  0.0,  0.0,  0.075, 338.91,  0.110, 359.48,  0.097,  39.96,  0.063,  24.52,  0.089, 333.15,  0.051,   4.48,  0.106, 338.50,  0.056, 283.54,  0.101, 321.43,  0.149, 311.19,  0.083, 304.65,  0.059, 284.74,  0.133, 327.63,  0.136, 351.57,  0.068, 269.16,  0.048, 336.64,-99.000, -99.00,-99.000, -99.00,-99.000, -99.00,-99.000, -99.00,
9/13/2006 21:00:00, 10.3,276.0,  2.5,  2.8, 18.770, 29.44,  0.0,  0.0,  0.103,  25.32,  0.031,  50.19,  0.034,  35.54,  0.089, 346.28,  0.022, 316.85,  0.072, 347.12,  0.054,  52.50,  0.076,  45.00,  0.161,  16.97,  0.114,  46.78,  0.114, 348.40,  0.063, 321.48,  0.079, 343.86,  0.120, 340.96,  0.028,  27.47,  0.045, 270.00,-99.000, -99.00,-99.000, -99.00,-99.000, -99.00,-99.000, -99.00,
9/13/2006 21:05:00, 10.3,276.0,  2.5,  2.8, 18.790, 29.45,  0.0,  0.0,  0.077,  23.59,  0.097, 338.96,  0.087,  73.24,  0.111, 321.58,  0.129, 281.14,  0.093, 270.00,  0.091, 260.54,  0.131, 302.84,  0.048,   1.19,  0.047, 329.04,  0.085, 257.11,  0.065, 281.48,  0.025, 296.57,  0.070, 282.44,  0.034, 323.47,  0.105, 329.78,-99.000, -99.00,-99.000, -99.00,-99.000, -99.00,-99.000, -99.00,
9/13/2006 21:10:00, 10.3,276.0,  2.5,  2.8, 18.775, 29.45,  0.0,  0.0,  0.083, 355.87,  0.053,   2.16,  0.076,   2.26,  0.110, 357.92,  0.096, 319.66,  0.152, 326.83,  0.113, 326.87,  0.101, 286.10,  0.029, 146.31,  0.053, 342.58,  0.052, 147.53,  0.050, 310.10,  0.060, 330.02,  0.097, 337.65,  0.016,  14.93,  0.137, 335.49,-99.000, -99.00,-99.000, -99.00,-99.000, -99.00,-99.000, -99.00,
9/13/2006 21:15:00, 10.3,276.0,  2.5,  2.8, 18.784, 29.46,  0.0,  0.0,  0.030, 336.04,  0.078, 349.70,  0.046, 291.57,  0.103, 251.92,  0.039, 338.75,  0.041,   2.79,  0.095, 266.99,  0.034, 341.03,  0.095, 328.31,  0.127,   4.05,  0.017, 283.24,  0.078, 339.70,  0.052, 306.43,  0.013,  45.00,  0.093, 286.28,  0.045, 352.41,-99.000, -99.00,-99.000, -99.00,-99.000, -99.00,-99.000, -99.00,
9/13/2006 21:20:00, 10.3,276.1,  2.5,  2.8, 18.772, 29.46,  0.0,  0.0,  0.066, 307.57,  0.034, 306.53,  0.007, 270.00,  0.123, 294.90,  0.053, 208.01,  0.041, 181.40,  0.050, 265.43,  0.084, 261.77,  0.037, 207.26,  0.125, 285.26,  0.059, 189.78,  0.077, 327.13,  0.036, 326.31,  0.011, 190.30,  0.058, 273.95,  0.053, 338.81,-99.000, -99.00,-99.000, -99.00,-99.000, -99.00,-99.000, -99.00,
9/13/2006 21:25:00, 10.3,275.9,  2.5,  2.8, 18.762, 29.47,  0.0,  0.0,  0.037, 337.62,  0.069,  22.11,  0.085, 337.95,  0.087, 167.40,  0.145, 204.44,  0.033, 318.65,  0.007, 278.13,  0.042, 116.57,  0.135, 320.41,  0.056, 289.72,  0.063, 237.32,  0.062, 330.95,  0.030,  57.38,  0.066, 322.96,  0.022, 329.93,  0.062, 296.98,-99.000, -99.00,-99.000, -99.00,-99.000, -99.00,-99.000, -99.00,
9/13/2006 21:30:00, 10.3,276.0,  2.5,  2.8, 18.781, 29.47,  0.0,  0.0,  0.075,  30.31,  0.112, 344.48,  0.040,  25.28,  0.082, 330.00,  0.028, 337.07,  0.070, 255.17,  0.061, 312.34,  0.089, 345.65,  0.098, 315.41,  0.040, 261.47,  0.091, 244.56,  0.047, 216.38,  0.085, 289.29,  0.171, 310.97,  0.084, 329.15,  0.051, 322.22,-99.000, -99.00,-99.000, -99.00,-99.000, -99.00,-99.000, -99.00,
9/13/2006 21:35:00, 10.3,276.0,  2.5,  2.8, 18.775, 29.47,  0.0,  0.0,  0.070,   5.71,  0.054, 310.49,  0.042,  92.73,  0.085, 302.94,  0.066, 303.21,  0.043, 181.33,  0.044, 259.46,  0.062, 245.10,  0.029, 330.75,  0.020, 182.86,  0.057, 291.61,  0.081,  17.99,  0.087,   7.29,  0.026, 332.45,  0.061, 309.69,  0.042, 207.18,-99.000, -99.00,-99.000, -99.00,-99.000, -99.00,-99.000, -99.00,
9/13/2006 21:40:00, 10.3,276.1,  2.5,  2.8, 18.790, 29.47,  0.0,  0.0,  0.037,  12.53,  0.095, 346.55,  0.045, 321.34,  0.061, 301.61,  0.060, 318.37,  0.047,  88.78,  0.030, 176.19,  0.049, 176.50,  0.014, 201.04,  0.068, 184.21,  0.058,  75.00,  0.021,  14.04,  0.049, 184.67,  0.015, 262.41,  0.063, 320.77,  0.047, 274.86,-99.000, -99.00,-99.000, -99.00,-99.000, -99.00,-99.000, -99.00,
9/13/2006 21:45:00, 10.3,276.0,  2.5,  2.8, 18.763, 29.47,  0.0,  0.0,  0.068, 331.19,  0.087,  17.39,  0.059, 178.06,  0.041, 347.32,  0.084, 253.50,  0.052, 342.26,  0.131, 227.79,  0.121, 229.71,  0.034,  30.38,  0.038,  90.00,  0.071,  81.07,  0.081,  24.97,  0.036, 309.40,  0.034, 174.96,  0.090, 334.29,  0.069, 352.46,-99.000, -99.00,-99.000, -99.00,-99.000, -99.00,-99.000, -99.00,
9/13/2006 21:50:00, 10.3,275.9,  2.5,  2.8, 18.775, 29.47,  0.0,  0.0,  0.132,  55.47,  0.029, 107.82,  0.074, 326.52,  0.027,  15.07,  0.023, 205.46,  0.083, 270.69,  0.077, 215.54,  0.024, 286.93,  0.051, 208.07,  0.059,  13.80,  0.094,  12.26,  0.034,  20.56,  0.031, 140.19,  0.055, 316.47,  0.073, 333.08,  0.077, 263.25,-99.000, -99.00,-99.000, -99.00,-99.000, -99.00,-99.000, -99.00,
9/13/2006 21:55:00, 10.3,276.0,  2.5,  2.8, 18.797, 29.48,  0.0,  0.0,  0.057,  32.86,  0.035,  28.74,  0.042,  56.69,  0.031, 312.40,  0.029, 105.95,  0.077, 139.24,  0.018, 263.66,  0.043, 230.71,  0.052, 223.45,  0.008, 180.00,  0.011,   0.00,  0.026, 256.50,  0.071, 287.93,  0.058,  22.17,  0.001, 180.00,  0.093, 343.72,-99.000, -99.00,-99.000, -99.00,-99.000, -99.00,-99.000, -99.00,
9/13/2006 22:00:00, 10.3,276.0,  2.5,  2.8, 18.804, 29.48,  0.0,  0.0,  0.042, 279.69,  0.036,  80.54,  0.074,  31.76,  0.056, 307.69,  0.089, 340.35,  0.033, 250.46,  0.061, 261.47,  0.093, 187.43,  0.065, 238.28,  0.047, 234.61,  0.045, 319.54,  0.012, 311.63,  0.070, 265.10,  0.012,  34.99,  0.005,  90.00,  0.051, 265.52,-99.000, -99.00,-99.000, -99.00,-99.000, -99.00,-99.000, -99.00,
9/13/2006 22:05:00, 10.3,276.0,  2.5,  2.8, 18.816, 29.48,  0.0,  0.0,  0.056, 255.47,  0.041, 219.09,  0.117, 256.20,  0.079, 324.29,  0.028, 357.95,  0.028, 357.95,  0.024,  90.00,  0.043, 208.93,  0.047, 334.54,  0.017,  66.37,  0.072, 255.58,  0.070,   9.87,  0.050, 312.58,  0.020, 306.87,  0.028, 205.64,  0.059, 136.36,-99.000, -99.00,-99.000, -99.00,-99.000, -99.00,-99.000, -99.00,
9/13/2006 22:10:00, 10.3,276.0,  2.5,  2.8, 18.781, 29.48,  0.0,  0.0,  0.029, 344.05,  0.074, 103.28,  0.069, 219.70,  0.075, 354.67,  0.046,  69.59,  0.055, 229.40,  0.116, 257.04,  0.035, 325.41,  0.102, 308.22,  0.062, 311.10,  0.054, 152.49,  0.033, 285.71,  0.092, 136.76,  0.064, 133.11,  0.030, 277.59,  0.092,  22.95,-99.000, -99.00,-99.000, -99.00,-99.000, -99.00,-99.000, -99.00,
9/13/2006 22:15:00, 10.3,276.0,  2.5,  2.8, 18.793, 29.48,  0.0,  0.0,  0.075,   1.53,  0.054,  10.68,  0.043, 176.01,  0.083, 252.44,  0.061, 250.97,  0.073, 154.84,  0.057, 257.91,  0.082, 215.05,  0.037,  85.36,  0.074, 250.35,  0.072, 343.84,  0.070, 333.80,  0.051,  25.56,  0.096, 302.70,  0.122, 320.97,  0.079, 327.92,-99.000, -99.00,-99.000, -99.00,-99.000, -99.00,-99.000, -99.00,
9/13/2006 22:20:00, 10.3,275.9,  2.5,  2.8, 18.804, 29.49,  0.0,  0.0,  0.068, 355.79,  0.075, 274.57,  0.019,  18.43,  0.042,  26.57,  0.033, 100.62,  0.078, 162.03,  0.018, 308.16,  0.061, 221.01,  0.086, 196.96,  0.042, 128.23,  0.068, 148.89,  0.021, 275.44,  0.028, 270.00,  0.032, 270.00,  0.012, 274.76,  0.053,   3.24,-99.000, -99.00,-99.000, -99.00,-99.000, -99.00,-99.000, -99.00,
9/13/2006 22:25:00, 10.3,276.0,  2.5,  2.8, 18.783, 29.49,  0.0,  0.0,  0.114,  11.60,  0.074,  77.47,  0.092, 291.57,  0.093,  40.20,  0.072, 348.85,  0.078, 211.85,  0.042, 268.64,  0.111, 277.77,  0.038, 201.80,  0.074, 332.74,  0.036, 277.91,  0.091, 268.11,  0.007,  74.05,  0.031, 264.47,  0.087, 271.97,  0.002, 116.57,-99.000, -99.00,-99.000, -99.00,-99.000, -99.00,-99.000, -99.00,
9/13/2006 22:30:00, 10.3,276.1,  2.5,  2.8, 18.802, 29.49,  0.0,  0.0,  0.087,  49.18,  0.008, 336.80,  0.012, 300.96,  0.087, 336.97,  0.044, 259.46,  0.025, 286.26,  0.072, 330.95,  0.026, 351.25,  0.032,  43.73,  0.077, 320.29,  0.033, 340.46,  0.037,  94.64,  0.017, 329.04,  0.036, 328.50,  0.055, 336.25,  0.081,  55.53,-99.000, -99.00,-99.000, -99.00,-99.000, -99.00,-99.000, -99.00,
9/13/2006 22:35:00, 10.3,275.9,  2.5,  2.8, 18.795, 29.50,  0.0,  0.0,  0.028, 117.47,  0.059,  25.25,  0.030,  41.01,  0.105, 312.68,  0.028, 223.53,  0.060, 295.71,  0.025,  96.84,  0.076, 193.67,  0.065, 200.66,  0.060, 230.44,  0.058, 319.18,  0.030,  53.13,  0.034, 335.70,  0.065, 299.31,  0.046,  29.90,  0.131, 105.10,-99.000, -99.00,-99.000, -99.00,-99.000, -99.00,-99.000, -99.00,
9/13/2006 22:40:00, 10.3,276.1,  2.5,  2.8, 18.794, 29.50,  0.0,  0.0,  0.107,   2.14,  0.066, 336.91,  0.073,  23.40,  0.056, 238.86,  0.044, 281.82,  0.057, 263.99,  0.054, 171.42,  0.039, 194.74,  0.061, 284.26,  0.090, 211.40,  0.099, 244.21,  0.067, 231.07,  0.054, 280.68,  0.061, 298.24,  0.063, 241.39,  0.026, 207.55,-99.000, -99.00,-99.000, -99.00,-99.000, -99.00,-99.000, -99.00,
9/13/2006 22:45:00, 10.3,275.9,  2.5,  2.8, 18.807, 29.51,  0.0,  0.0,  0.109, 220.54,  0.100, 305.27,  0.059, 321.19,  0.062,  77.97,  0.047, 219.81,  0.080, 242.47,  0.095, 187.28,  0.098, 174.11,  0.030, 226.33,  0.058, 236.31,  0.066,  54.87,  0.051, 335.46,  0.106, 315.00,  0.032,  98.88,  0.029, 330.75,  0.103,   0.56,-99.000, -99.00,-99.000, -99.00,-99.000, -99.00,-99.000, -99.00,
9/13/2006 22:50:00, 10.3,276.1,  2.5,  2.8, 18.819, 29.51,  0.0,  0.0,  0.040, 182.86,  0.040, 352.87,  0.034, 315.00,  0.068, 291.64,  0.016,  14.04,  0.038,  61.39,  0.092, 278.13,  0.034, 312.61,  0.068, 264.12,  0.137, 258.61,  0.074, 310.60,  0.102, 232.57,  0.063, 290.45,  0.062, 327.60,  0.042, 163.30,  0.076,   3.01,-99.000, -99.00,-99.000, -99.00,-99.000, -99.00,-99.000, -99.00,
9/13/2006 22:55:00, 10.3,276.0,  2.5,  2.8, 18.810, 29.51,  0.0,  0.0,  0.026, 342.26,  0.088, 314.08,  0.048,  38.29,  0.046, 111.57,  0.034, 215.54,  0.035, 115.11,  0.049, 320.79,  0.037, 315.00,  0.061, 346.65,  0.051, 237.88,  0.075, 145.89,  0.070,   3.27,  0.052, 318.09,  0.082, 338.46,  0.056,  57.45,  0.043, 113.55,-99.000, -99.00,-99.000, -99.00,-99.000, -99.00,-99.000, -99.00,
9/13/2006 23:00:00, 10.3,275.9,  2.5,  2.8, 18.829, 29.51,  0.0,  0.0,  0.051, 198.43,  0.033, 158.84,  0.047, 329.04,  0.097, 245.56,  0.127, 289.29,  0.135, 262.77,  0.087, 266.05,  0.127, 276.79,  0.078, 249.70,  0.063, 296.57,  0.041, 295.94,  0.078, 193.32,  0.035, 355.10,  0.021, 247.17,  0.047, 314.14,  0.056,   0.00,-99.000, -99.00,-99.000, -99.00,-99.000, -99.00,-99.000, -99.00,
9/13/2006 23:05:00, 10.3,275.9,  2.5,  2.8, 18.793, 29.51,  0.0,  0.0,  0.062, 270.00,  0.099, 175.38,  0.068, 287.90,  0.119, 292.25,  0.111, 267.42,  0.116, 266.55,  0.109, 214.13,  0.086, 299.25,  0.048, 215.68,  0.076, 219.13,  0.106, 247.80,  0.053, 259.11,  0.101, 291.49,  0.036, 284.42,  0.025, 295.56,  0.154,  19.73,-99.000, -99.00,-99.000, -99.00,-99.000, -99.00,-99.000, -99.00,
9/13/2006 23:10:00, 10.3,276.0,  2.5,  2.8, 18.821, 29.52,  0.0,  0.0,  0.035, 175.10,  0.047,  22.71,  0.070, 175.10,  0.065, 319.40,  0.045, 341.97,  0.052, 248.40,  0.109, 321.34,  0.081, 252.69,  0.017, 305.54,  0.035, 248.50,  0.086,   6.71,  0.089,  34.05,  0.024, 117.65,  0.027, 208.44,  0.072, 175.24,  0.056, 265.91,-99.000, -99.00,-99.000, -99.00,-99.000, -99.00,-99.000, -99.00,
9/13/2006 23:15:00, 10.3,276.0,  2.5,  2.8, 18.838, 29.52,  0.0,  0.0,  0.081, 177.88,  0.044,  17.20,  0.048, 272.39,  0.057, 293.86,  0.065, 357.36,  0.108, 284.42,  0.050, 273.43,  0.076, 335.12,  0.119, 359.52,  0.054,  87.88,  0.066, 229.30,  0.030, 293.20,  0.084,  74.80,  0.103,  50.91,  0.109,  54.71,  0.090,  12.18,-99.000, -99.00,-99.000, -99.00,-99.000, -99.00,-99.000, -99.00,
9/13/2006 23:20:00, 10.3,276.1,  2.5,  2.8, 18.837, 29.52,  0.0,  0.0,  0.034,  17.35,  0.072, 290.19,  0.055, 264.81,  0.100, 310.54,  0.075, 239.69,  0.130, 228.11,  0.057, 209.25,  0.052,  19.13,  0.103, 297.81,  0.051, 231.34,  0.014, 102.09,  0.086, 318.75,  0.033, 301.26,  0.108, 313.88,  0.064, 333.03,  0.063,  10.06,-99.000, -99.00,-99.000, -99.00,-99.000, -99.00,-99.000, -99.00,
9/13/2006 23:25:00, 10.3,275.9,  2.5,  2.8, 18.840, 29.52,  0.0,  0.0,  0.039,   8.75,  0.110, 306.14,  0.061, 325.01,  0.112,  22.66,  0.025, 258.23,  0.063, 258.16,  0.082, 221.05,  0.011, 169.70,  0.115, 287.65,  0.060,  15.42,  0.042, 333.43,  0.067, 344.52,  0.022, 180.00,  0.019, 291.25,  0.097, 317.09,  0.126, 272.27,-99.000, -99.00,-99.000, -99.00,-99.000, -99.00,-99.000, -99.00,
9/13/2006 23:30:00, 10.3,276.0,  2.5,  2.8, 18.839, 29.52,  0.0,  0.0,  0.090, 305.46,  0.089, 151.70,  0.094, 216.75,  0.066, 294.23,  0.138, 252.74,  0.053, 215.79,  0.038, 128.66,  0.096, 302.70,  0.105, 261.25,  0.070, 301.66,  0.077, 298.91,  0.045, 199.65,  0.110, 281.51,  0.037, 207.26,  0.019, 348.11,  0.074,  34.55,-99.000, -99.00,-99.000, -99.00,-99.000, -99.00,-99.000, -99.00,
9/13/2006 23:35:00, 10.3,276.0,  2.5,  2.8, 18.836, 29.52,  0.0,  0.0,  0.138, 264.58,  0.097, 255.68,  0.075, 291.80,  0.076, 310.19,  0.167, 309.41,  0.104, 277.19,  0.077, 298.91,  0.050, 355.43,  0.068, 319.76,  0.085, 320.71,  0.049, 338.63,  0.039, 113.96,  0.055, 214.56,  0.082, 233.97,  0.054, 212.23,  0.092,  15.09,-99.000, -99.00,-99.000, -99.00,-99.000, -99.00,-99.000, -99.00,
9/13/2006 23:40:00, 10.3,275.9,  2.5,  2.8, 18.858, 29.51,  0.0,  0.0,  0.150, 292.30,  0.041, 299.05,  0.034, 247.25,  0.105, 299.00,  0.102, 271.12,  0.053, 214.29,  0.080, 277.93,  0.092, 240.10,  0.087, 267.37,  0.019,  25.20,  0.079, 223.98,  0.029, 270.00,  0.064, 284.47,  0.040, 228.01,  0.022, 324.16,  0.010, 240.95,-99.000, -99.00,-99.000, -99.00,-99.000, -99.00,-99.000, -99.00,
9/13/2006 23:45:00, 10.2,276.1,  2.5,  2.8, 18.845, 29.50,  0.0,  0.0,  0.153, 296.73,  0.025, 293.50,  0.065, 318.73,  0.119, 306.77,  0.107, 320.33,  0.076, 260.91,  0.093, 291.35,  0.018,   3.18,  0.038,  39.61,  0.054, 352.61,  0.056, 291.04,  0.111, 310.27,  0.035,   0.00,  0.040, 304.88,  0.112, 296.57,  0.085, 115.67,-99.000, -99.00,-99.000, -99.00,-99.000, -99.00,-99.000, -99.00,
9/13/2006 23:50:00, 10.2,276.1,  2.5,  2.8, 18.861, 29.49,  0.0,  0.0,  0.033, 319.97,  0.029, 206.57,  0.040,  71.11,  0.102, 308.22,  0.074, 255.22,  0.038, 250.14,  0.067, 302.28,  0.054, 349.32,  0.056, 311.38,  0.038,  25.20,  0.035, 286.39,  0.034, 307.87,  0.037, 330.64,  0.016, 187.13,  0.025, 310.10,  0.063,  44.36,-99.000, -99.00,-99.000, -99.00,-99.000, -99.00,-99.000, -99.00,
9/13/2006 23:55:00, 10.2,276.1,  2.5,  2.8, 18.830, 29.48,  0.0,  0.0,  0.146, 248.71,  0.077, 306.57,  0.063, 244.65,  0.088, 314.08,  0.118, 326.45,  0.082, 336.25,  0.061, 291.97,  0.069,  22.11,  0.054, 289.44,  0.095, 303.86,  0.073, 351.31,  0.132, 340.46,  0.048,  35.68,  0.025, 313.36,  0.081, 233.56,  0.095, 286.53,-99.000, -99.00,-99.000, -99.00,-99.000, -99.00,-99.000, -99.00,
9/14/2006 00:00:00, 10.2,275.9,  2.5,  2.8, 18.850, 29.47,  0.0,  0.0,  0.044, 316.85,  0.057, 273.01,  0.162, 280.34,  0.073, 223.33,  0.144, 284.91,  0.107, 320.67,  0.100, 327.26,  0.011, 354.81,  0.060, 294.44,  0.021, 349.22,  0.120, 333.86,  0.159, 326.81,  0.099, 305.94,  0.062, 220.40,  0.027, 156.25,  0.019, 180.00,-99.000, -99.00,-99.000, -99.00,-99.000, -99.00,-99.000, -99.00,
9/14/2006 00:05:00, 10.2,276.1,  2.6,  2.8, 18.858, 29.47,  0.0,  0.0,  0.060, 248.55,  0.178, 324.16,  0.070, 285.83,  0.052, 270.00,  0.054, 315.74,  0.095, 198.43,  0.064, 228.14,  0.024, 347.74,  0.092, 297.96,  0.125, 282.03,  0.143, 309.91,  0.093, 311.94,  0.038, 341.57,  0.076, 300.96,  0.055, 245.30,  0.040,  79.82,-99.000, -99.00,-99.000, -99.00,-99.000, -99.00,-99.000, -99.00,
9/14/2006 00:10:00, 10.2,276.1,  2.5,  2.8, 18.827, 29.47,  0.0,  0.0,  0.075, 264.67,  0.101, 294.02,  0.096, 259.16,  0.070, 285.83,  0.037, 222.80,  0.077, 344.88,  0.036,   7.91,  0.055, 317.94,  0.078, 292.62,  0.036, 297.98,  0.129, 322.24,  0.053, 290.81,  0.040, 309.99,  0.122, 280.39,  0.066, 329.18,  0.039, 299.20,-99.000, -99.00,-99.000, -99.00,-99.000, -99.00,-99.000, -99.00,
9/14/2006 00:15:00, 10.2,276.0,  2.5,  2.8, 18.856, 29.47,  0.0,  0.0,  0.044,  79.46,  0.099, 358.26,  0.033, 322.43,  0.069, 349.99,  0.050,  32.74,  0.150, 355.01,  0.114,   4.01,  0.064,  12.72,  0.077, 289.60,  0.032, 327.80,  0.116, 329.89,  0.067, 295.80,  0.112, 296.57,  0.121, 294.44,  0.057, 263.99,  0.026, 302.47,-99.000, -99.00,-99.000, -99.00,-99.000, -99.00,-99.000, -99.00,
9/14/2006 00:20:00, 10.2,276.1,  2.5,  2.8, 18.824, 29.47,  0.0,  0.0,  0.123, 299.69,  0.085,  25.67,  0.069, 304.38,  0.059, 299.62,  0.095, 350.34,  0.102, 315.80,  0.112, 281.31,  0.125, 270.92,  0.016,  75.96,  0.030, 317.73,  0.070, 314.42,  0.061, 356.25,  0.066, 347.85,  0.088, 356.10,  0.029, 300.96,  0.051,  66.95,-99.000, -99.00,-99.000, -99.00,-99.000, -99.00,-99.000, -99.00,
9/14/2006 00:25:00, 10.2,276.3,  2.5,  2.8, 18.851, 29.48,  0.0,  0.0,  0.035, 297.30,  0.089, 282.32,  0.100, 301.46,  0.054, 228.01,  0.058, 260.05,  0.076, 309.13,  0.139, 306.54,  0.128, 267.32,  0.027,  36.03,  0.087,  39.38,  0.058,  39.43,  0.098, 308.39,  0.116, 287.03,  0.131, 314.69,  0.049, 296.57,  0.035, 313.83,-99.000, -99.00,-99.000, -99.00,-99.000, -99.00,-99.000, -99.00,
9/14/2006 00:30:00, 10.2,276.1,  2.5,  2.8, 18.831, 29.48,  0.0,  0.0,  0.139, 273.29,  0.114, 301.05,  0.072, 284.42,  0.022, 283.39,  0.036, 279.73,  0.155, 229.72,  0.078, 214.09,  0.077, 194.22,  0.123, 260.61,  0.109, 287.10,  0.032, 261.12,  0.081, 261.47,  0.073, 314.44,  0.102, 273.93,  0.119, 297.42,  0.073, 244.84,-99.000, -99.00,-99.000, -99.00,-99.000, -99.00,-99.000, -99.00,
9/14/2006 00:35:00, 10.2,276.1,  2.5,  2.8, 18.871, 29.48,  0.0,  0.0,  0.070, 320.83,  0.129, 299.74,  0.053, 305.79,  0.037, 345.96,  0.122, 343.35,  0.071, 358.39,  0.062, 326.82,  0.096, 320.50,  0.081,  21.80,  0.033, 307.57,  0.079, 318.61,  0.155, 322.32,  0.113, 302.70,  0.052, 322.03,  0.046, 347.47,  0.108, 320.26,-99.000, -99.00,-99.000, -99.00,-99.000, -99.00,-99.000, -99.00,
9/14/2006 00:40:00, 10.2,276.1,  2.5,  2.8, 18.868, 29.48,  0.0,  0.0,  0.119, 294.84,  0.071, 324.74,  0.032, 262.87,  0.060, 244.29,  0.092, 237.00,  0.037, 141.58,  0.086, 330.75,  0.059, 251.26,  0.131, 220.03,  0.110, 280.49,  0.097, 289.18,  0.064, 323.31,  0.080, 286.63,  0.064, 320.08,  0.030, 354.29,  0.027, 270.00,-99.000, -99.00,-99.000, -99.00,-99.000, -99.00,-99.000, -99.00,
9/14/2006 00:45:00, 10.2,276.0,  2.5,  2.8, 18.842, 29.48,  0.0,  0.0,  0.093, 317.19,  0.147, 315.00,  0.176, 312.93,  0.105, 306.87,  0.127, 294.74,  0.070, 252.60,  0.069, 281.63,  0.143, 286.28,  0.146, 273.53,  0.158, 278.39,  0.120, 311.28,  0.087, 326.31,  0.102, 302.60,  0.087, 351.40,  0.051, 336.95,  0.087, 250.52,-99.000, -99.00,-99.000, -99.00,-99.000, -99.00,-99.000, -99.00,
9/14/2006 00:50:00, 10.2,276.1,  2.6,  2.8, 18.873, 29.48,  0.0,  0.0,  0.146, 264.09,  0.103, 315.78,  0.105, 302.18,  0.031, 247.52,  0.093, 338.65,  0.086, 304.06,  0.079, 270.00,  0.065, 289.83,  0.159, 303.19,  0.198, 301.76,  0.115, 316.41,  0.059, 268.06,  0.112, 290.85,  0.117, 316.04,  0.108, 339.88,  0.065, 330.69,-99.000, -99.00,-99.000, -99.00,-99.000, -99.00,-99.000, -99.00,
9/14/2006 00:55:00, 10.2,276.1,  2.5,  2.8, 18.852, 29.48,  0.0,  0.0,  0.208, 268.90,  0.131, 271.75,  0.089, 275.77,  0.065, 302.47,  0.097, 328.43,  0.098, 315.41,  0.148, 295.70,  0.167, 306.25,  0.104, 323.57,  0.107, 315.00,  0.156, 296.24,  0.133, 274.73,  0.185, 295.60,  0.121, 298.69,  0.148, 299.17,  0.092, 295.73,-99.000, -99.00,-99.000, -99.00,-99.000, -99.00,-99.000, -99.00,
9/14/2006 01:00:00, 10.2,276.0,  2.5,  2.8, 18.843, 29.48,  0.0,  0.0,  0.105, 254.51,  0.152, 258.99,  0.207, 331.46,  0.092, 305.75,  0.186, 286.58,  0.087, 272.63,  0.078,  26.57,  0.078, 285.64,  0.102, 258.69,  0.050, 257.35,  0.066, 321.75,  0.096, 318.81,  0.132, 314.69,  0.098, 308.39,  0.047, 297.65,  0.039, 324.29,-99.000, -99.00,-99.000, -99.00,-99.000, -99.00,-99.000, -99.00,
9/14/2006 01:05:00, 10.2,276.0,  2.5,  2.8, 18.845, 29.47,  0.0,  0.0,  0.131, 284.57,  0.210, 302.18,  0.168, 291.67,  0.101, 316.20,  0.105, 325.10,  0.183, 318.55,  0.073, 299.74,  0.141, 313.85,  0.105, 313.85,  0.118, 328.20,  0.138, 284.74,  0.136, 314.40,  0.073, 307.81,  0.117, 302.06,  0.157, 297.38,  0.079, 260.54,-99.000, -99.00,-99.000, -99.00,-99.000, -99.00,-99.000, -99.00,
9/14/2006 01:10:00, 10.2,276.0,  2.5,  2.8, 18.858, 29.47,  0.0,  0.0,  0.127, 306.06,  0.037, 308.42,  0.199, 285.71,  0.146, 252.06,  0.132, 254.59,  0.099, 290.08,  0.125, 308.52,  0.145, 299.21,  0.079, 295.59,  0.031, 270.00,  0.118, 254.79,  0.185, 274.97,  0.133, 286.66,  0.167, 296.72,  0.142, 318.13,  0.092, 352.49,-99.000, -99.00,-99.000, -99.00,-99.000, -99.00,-99.000, -99.00,
9/14/2006 01:15:00, 10.2,276.1,  2.5,  2.8, 18.827, 29.47,  0.0,  0.0,  0.173, 295.68,  0.167, 299.79,  0.053, 261.25,  0.118, 237.12,  0.047, 295.46,  0.107, 266.26,  0.156, 297.06,  0.135, 270.42,  0.206, 302.54,  0.138, 312.36,  0.097, 292.35,  0.112, 287.14,  0.118, 284.74,  0.093, 296.84,  0.052, 323.57,  0.050, 311.73,-99.000, -99.00,-99.000, -99.00,-99.000, -99.00,-99.000, -99.00,
9/14/2006 01:20:00, 10.2,276.0,  2.5,  2.8, 18.829, 29.47,  0.0,  0.0,  0.175, 288.64,  0.181, 308.96,  0.109, 290.43,  0.198, 300.07,  0.129, 286.61,  0.189, 279.46,  0.162, 282.49,  0.117, 282.85,  0.119, 278.67,  0.240, 308.06,  0.154, 279.71,  0.084, 281.71,  0.185, 309.73,  0.108, 304.86,  0.143, 301.58,  0.190, 311.16,-99.000, -99.00,-99.000, -99.00,-99.000, -99.00,-99.000, -99.00,
9/14/2006 01:25:00, 10.2,276.1,  2.5,  2.8, 18.849, 29.46,  0.0,  0.0,  0.075, 305.18,  0.099, 340.46,  0.157, 315.52,  0.196, 299.31,  0.105, 288.26,  0.091, 277.59,  0.123, 240.31,  0.190, 293.59,  0.106, 271.08,  0.170, 299.28,  0.148, 304.55,  0.143, 296.57,  0.233, 301.85,  0.139, 291.95,  0.131, 292.05,  0.102, 263.78,-99.000, -99.00,-99.000, -99.00,-99.000, -99.00,-99.000, -99.00,
9/14/2006 01:30:00, 10.2,276.1,  2.5,  2.8, 18.870, 29.46,  0.0,  0.0,  0.079, 319.09,  0.175, 303.60,  0.156, 316.04,  0.165, 299.05,  0.194, 296.30,  0.170, 294.75,  0.102, 292.53,  0.145, 291.80,  0.140, 281.95,  0.137, 317.36,  0.097, 297.62,  0.097, 317.92,  0.137, 310.56,  0.107, 259.22,  0.072, 253.07,  0.109, 281.10,-99.000, -99.00,-99.000, -99.00,-99.000, -99.00,-99.000, -99.00,
9/14/2006 01:35:00, 10.2,275.9,  2.5,  2.8, 18.873, 29.46,  0.0,  0.0,  0.106, 297.53,  0.140, 311.80,  0.202, 318.41,  0.172, 317.12,  0.190, 303.61,  0.145, 309.40,  0.164, 294.53,  0.142, 281.39,  0.141, 310.12,  0.074, 309.51,  0.054, 252.90,  0.116, 290.79,  0.177, 298.74,  0.108, 309.74,  0.110, 327.61,  0.148, 279.33,-99.000, -99.00,-99.000, -99.00,-99.000, -99.00,-99.000, -99.00,
9/14/2006 01:40:00, 10.2,276.0,  2.5,  2.8, 18.814, 29.46,  0.0,  0.0,  0.142, 312.14,  0.222, 329.74,  0.103,   8.91,  0.094, 307.23,  0.067, 272.56,  0.097, 263.46,  0.122, 271.41,  0.187, 279.21,  0.215, 283.71,  0.169, 278.51,  0.102, 249.25,  0.094, 260.24,  0.188, 295.88,  0.122, 315.33,  0.119, 339.27,  0.087,  40.31,-99.000, -99.00,-99.000, -99.00,-99.000, -99.00,-99.000, -99.00,
9/14/2006 01:45:00, 10.2,276.0,  2.5,  2.8, 18.861, 29.46,  0.0,  0.0,  0.130, 324.36,  0.234, 327.19,  0.129, 320.02,  0.172, 271.33,  0.158, 295.92,  0.179, 282.25,  0.198, 290.08,  0.122, 321.63,  0.149, 305.72,  0.209, 274.95,  0.241, 302.96,  0.208, 294.97,  0.153, 285.12,  0.169, 308.77,  0.244, 304.99,  0.111, 267.94,-99.000, -99.00,-99.000, -99.00,-99.000, -99.00,-99.000, -99.00,
9/14/2006 01:50:00, 10.2,276.1,  2.5,  2.8, 18.844, 29.46,  0.0,  0.0,  0.102, 298.07,  0.143, 290.84,  0.109, 280.07,  0.169, 301.43,  0.196, 293.43,  0.194, 287.41,  0.084, 263.88,  0.121, 275.24,  0.216, 266.82,  0.194, 277.09,  0.144, 296.92,  0.222, 298.75,  0.193, 315.21,  0.093, 321.53,  0.173, 302.22,  0.138, 289.49,-99.000, -99.00,-99.000, -99.00,-99.000, -99.00,-99.000, -99.00,
9/14/2006 01:55:00, 10.2,276.1,  2.5,  2.8, 18.836, 29.46,  0.0,  0.0,  0.137, 284.34,  0.112, 313.20,  0.119, 319.09,  0.243, 307.48,  0.172, 268.00,  0.139, 274.11,  0.138, 271.66,  0.152, 265.08,  0.114, 274.51,  0.074, 291.37,  0.121, 313.33,  0.035, 326.77,  0.059, 250.02,  0.098, 297.87,  0.086, 296.86,  0.104, 316.17,-99.000, -99.00,-99.000, -99.00,-99.000, -99.00,-99.000, -99.00,
9/14/2006 02:00:00, 10.2,276.2,  2.5,  2.8, 18.837, 29.46,  0.0,  0.0,  0.188, 321.48,  0.064,   3.58,  0.170, 313.57,  0.166, 278.67,  0.136, 267.47,  0.192, 289.47,  0.129, 278.95,  0.144, 269.60,  0.203, 279.37,  0.136, 289.37,  0.143, 282.96,  0.125, 322.13,  0.130, 305.64,  0.092, 312.36,  0.093, 249.81,  0.064, 235.81,-99.000, -99.00,-99.000, -99.00,-99.000, -99.00,-99.000, -99.00,
9/14/2006 02:05:00, 10.2,276.0,  2.5,  2.8, 18.787, 29.47,  0.0,  0.0,  0.136, 312.61,  0.152, 303.48,  0.173, 270.00,  0.195, 272.35,  0.190, 271.51,  0.233, 275.91,  0.256, 274.48,  0.258, 280.96,  0.241, 282.94,  0.237, 293.33,  0.207, 264.73,  0.166, 277.59,  0.156, 292.62,  0.189, 304.03,  0.209, 293.38,  0.101, 322.22,-99.000, -99.00,-99.000, -99.00,-99.000, -99.00,-99.000, -99.00,
9/14/2006 02:10:00, 10.2,276.1,  2.6,  2.8, 18.806, 29.47,  0.0,  0.0,  0.094, 287.28,  0.206, 307.31,  0.184, 269.69,  0.104, 281.63,  0.271, 293.45,  0.171, 272.34,  0.115, 316.41,  0.103, 245.42,  0.171, 248.07,  0.240, 256.02,  0.179, 264.23,  0.174, 279.25,  0.171, 268.66,  0.161, 294.97,  0.116, 270.99,  0.140, 252.08,-99.000, -99.00,-99.000, -99.00,-99.000, -99.00,-99.000, -99.00,
9/14/2006 02:15:00, 10.2,276.1,  2.5,  2.8, 18.815, 29.47,  0.0,  0.0,  0.173, 293.16,  0.212, 303.24,  0.235, 306.33,  0.287, 324.65,  0.301, 304.43,  0.250, 296.57,  0.215, 300.74,  0.150, 285.89,  0.170, 298.37,  0.197, 313.97,  0.138, 307.37,  0.160, 304.58,  0.167, 307.69,  0.176, 327.03,  0.216, 305.75,  0.198, 302.40,-99.000, -99.00,-99.000, -99.00,-99.000, -99.00,-99.000, -99.00,
9/14/2006 02:20:00, 10.2,276.1,  2.5,  2.8, 18.838, 29.47,  0.0,  0.0,  0.179, 329.15,  0.205, 319.55,  0.223, 318.81,  0.269, 320.58,  0.255, 276.07,  0.258, 293.78,  0.218, 292.09,  0.286, 294.59,  0.194, 290.49,  0.208, 294.97,  0.167, 272.40,  0.198, 276.95,  0.297, 298.98,  0.211, 272.44,  0.272, 273.59,  0.122, 282.32,-99.000, -99.00,-99.000, -99.00,-99.000, -99.00,-99.000, -99.00,
9/14/2006 02:25:00, 10.2,276.1,  2.6,  2.8, 18.812, 29.47,  0.0,  0.0,  0.084, 304.82,  0.103, 299.05,  0.109, 336.73,  0.182, 294.31,  0.134, 309.26,  0.155, 304.72,  0.269, 293.70,  0.314, 287.22,  0.256, 276.96,  0.279, 280.95,  0.264, 276.32,  0.308, 267.77,  0.312, 269.82,  0.247, 272.09,  0.194, 273.83,  0.196, 271.46,-99.000, -99.00,-99.000, -99.00,-99.000, -99.00,-99.000, -99.00,
9/14/2006 02:30:00, 10.2,276.1,  2.6,  2.8, 18.809, 29.47,  0.0,  0.0,  0.005, 101.31,  0.071, 316.15,  0.048, 344.22,  0.127, 278.58,  0.144, 312.46,  0.104, 278.29,  0.092, 212.14,  0.114, 257.80,  0.149, 252.78,  0.162, 294.03,  0.179, 275.46,  0.211, 269.46,  0.182, 257.33,  0.271, 271.06,  0.237, 264.92,  0.172, 275.68,-99.000, -99.00,-99.000, -99.00,-99.000, -99.00,-99.000, -99.00,
9/14/2006 02:35:00, 10.2,276.0,  2.6,  2.8, 18.789, 29.47,  0.0,  0.0,  0.100, 275.14,  0.023, 195.26,  0.108, 236.75,  0.211, 241.13,  0.192, 261.62,  0.200, 281.81,  0.161, 260.36,  0.233, 251.25,  0.311, 267.61,  0.216, 266.82,  0.271, 276.36,  0.217, 258.85,  0.167, 269.31,  0.201, 278.85,  0.184, 273.11,  0.101, 242.93,-99.000, -99.00,-99.000, -99.00,-99.000, -99.00,-99.000, -99.00,
9/14/2006 02:40:00, 10.2,276.1,  2.6,  2.8, 18.807, 29.47,  0.0,  0.0,  0.071, 359.19,  0.108, 316.12,  0.041, 251.57,  0.140, 285.72,  0.102, 304.62,  0.141, 270.81,  0.211, 282.06,  0.208, 284.77,  0.186, 285.61,  0.197, 302.80,  0.150, 306.03,  0.137, 308.20,  0.148, 314.73,  0.140, 297.66,  0.142, 283.45,  0.122, 258.69,-99.000, -99.00,-99.000, -99.00,-99.000, -99.00,-99.000, -99.00,
9/14/2006 02:45:00, 10.2,276.0,  2.6,  2.8, 18.808, 29.47,  0.0,  0.0,  0.179, 317.94,  0.196, 289.36,  0.261, 289.27,  0.231, 289.22,  0.225, 280.76,  0.161, 303.59,  0.169, 323.67,  0.217, 306.76,  0.192, 274.79,  0.205, 258.20,  0.225, 260.54,  0.261, 270.66,  0.225, 274.09,  0.207, 310.30,  0.167, 288.54,  0.189, 260.89,-99.000, -99.00,-99.000, -99.00,-99.000, -99.00,-99.000, -99.00,
9/14/2006 02:50:00, 10.2,276.1,  2.6,  2.8, 18.776, 29.47,  0.0,  0.0,  0.186, 319.80,  0.135, 300.17,  0.170, 301.54,  0.161, 294.97,  0.116, 332.77,  0.176, 327.03,  0.289, 318.93,  0.184, 309.93,  0.213, 307.35,  0.169, 310.67,  0.187, 299.44,  0.220, 290.74,  0.192, 292.02,  0.185, 278.09,  0.172, 272.00,  0.029, 324.69,-99.000, -99.00,-99.000, -99.00,-99.000, -99.00,-99.000, -99.00,
9/14/2006 02:55:00, 10.2,276.0,  2.6,  2.8, 18.800, 29.48,  0.0,  0.0,  0.082, 326.89,  0.165, 314.02,  0.143, 337.01,  0.084, 317.41,  0.276, 335.38,  0.104, 327.53,  0.103, 323.69,  0.104, 313.05,  0.151, 314.19,  0.149, 280.41,  0.176, 304.32,  0.162, 284.29,  0.164, 269.30,  0.187, 259.53,  0.170, 276.41,  0.049, 326.63,-99.000, -99.00,-99.000, -99.00,-99.000, -99.00,-99.000, -99.00,
9/14/2006 03:00:00, 10.2,275.9,  2.6,  2.8, 18.769, 29.48,  0.0,  0.0,  0.195, 334.88,  0.209, 304.68,  0.226, 308.70,  0.187, 306.75,  0.242, 332.48,  0.161, 339.99,  0.197, 325.34,  0.203, 331.79,  0.251, 312.26,  0.221, 313.90,  0.256, 298.77,  0.179, 277.36,  0.258, 291.39,  0.252, 275.69,  0.268, 275.77,  0.121, 279.54,-99.000, -99.00,-99.000, -99.00,-99.000, -99.00,-99.000, -99.00,
9/14/2006 03:05:00, 10.2,276.0,  2.6,  2.8, 18.802, 29.47,  0.0,  0.0,  0.258, 303.63,  0.185, 307.98,  0.163, 305.54,  0.208, 304.83,  0.210, 313.65,  0.271, 334.19,  0.241, 328.55,  0.233, 315.35,  0.285, 304.70,  0.203, 285.13,  0.173, 300.28,  0.193, 285.62,  0.238, 259.82,  0.221, 264.29,  0.152, 273.01,  0.114, 256.33,-99.000, -99.00,-99.000, -99.00,-99.000, -99.00,-99.000, -99.00,
9/14/2006 03:10:00, 10.2,276.1,  2.5,  2.8, 18.772, 29.47,  0.0,  0.0,  0.162, 313.75,  0.191, 324.39,  0.191, 305.43,  0.127, 336.27,  0.242, 335.03,  0.091, 339.37,  0.137, 326.89,  0.148, 305.63,  0.139, 315.00,  0.212, 295.11,  0.237, 283.68,  0.174, 295.97,  0.145, 294.08,  0.162, 239.95,  0.117, 254.19,  0.064, 198.15,-99.000, -99.00,-99.000, -99.00,-99.000, -99.00,-99.000, -99.00,
9/14/2006 03:15:00, 10.2,276.1,  2.6,  2.8, 18.796, 29.47,  0.0,  0.0,  0.181, 331.59,  0.099,   1.74,  0.170,   0.67,  0.093,  15.52,  0.164,  13.78,  0.139, 340.26,  0.243, 322.52,  0.132, 308.52,  0.124, 304.46,  0.192, 300.30,  0.219, 283.21,  0.212, 276.76,  0.172, 268.67,  0.122, 235.01,  0.118, 264.63,  0.016, 277.13,-99.000, -99.00,-99.000, -99.00,-99.000, -99.00,-99.000, -99.00,
9/14/2006 03:20:00, 10.2,276.1,  2.6,  2.8, 18.792, 29.47,  0.0,  0.0,  0.094, 307.23,  0.085, 332.53,  0.064, 311.19,  0.216, 319.69,  0.194, 315.21,  0.181, 311.19,  0.143, 344.99,  0.180, 316.57,  0.124, 301.12,  0.172, 281.05,  0.130, 265.60,  0.137, 297.88,  0.168, 252.65,  0.210, 264.26,  0.178, 262.60,  0.093, 304.89,-99.000, -99.00,-99.000, -99.00,-99.000, -99.00,-99.000, -99.00,
9/14/2006 03:25:00, 10.2,276.1,  2.6,  2.8, 18.773, 29.47,  0.0,  0.0,  0.118, 338.65,  0.207, 332.69,  0.159, 323.71,  0.210,   2.73,  0.205, 346.17,  0.117, 348.21,  0.227, 331.07,  0.199, 313.78,  0.145, 318.63,  0.115, 305.77,  0.087, 302.77,  0.178, 280.68,  0.238, 276.53,  0.164, 274.18,  0.111, 294.49,  0.080, 294.33,-99.000, -99.00,-99.000, -99.00,-99.000, -99.00,-99.000, -99.00,
9/14/2006 03:30:00, 10.2,276.0,  2.6,  2.8, 18.761, 29.47,  0.0,  0.0,  0.137, 335.87,  0.209, 324.94,  0.234, 329.71,  0.245, 322.62,  0.223, 329.52,  0.152, 332.08,  0.243, 316.50,  0.240, 316.18,  0.132, 327.99,  0.126, 313.71,  0.198, 312.55,  0.240, 303.96,  0.219, 293.99,  0.227, 274.81,  0.177, 258.63,  0.072, 245.56,-99.000, -99.00,-99.000, -99.00,-99.000, -99.00,-99.000, -99.00,
9/14/2006 03:35:00, 10.2,276.0,  2.6,  2.8, 18.773, 29.47,  0.0,  0.0,  0.186, 332.47,  0.170, 331.63,  0.125, 331.39,  0.197, 316.24,  0.104, 262.26,  0.195, 319.78,  0.152, 290.47,  0.122, 289.18,  0.177, 291.92,  0.222, 303.98,  0.285, 296.03,  0.208, 291.39,  0.233, 292.94,  0.203, 276.50,  0.172, 275.35,  0.169, 284.04,-99.000, -99.00,-99.000, -99.00,-99.000, -99.00,-99.000, -99.00,
9/14/2006 03:40:00, 10.2,275.9,  2.6,  2.8, 18.779, 29.47,  0.0,  0.0,  0.155, 325.28,  0.176, 322.15,  0.255, 301.70,  0.186, 305.14,  0.221, 286.55,  0.143, 290.09,  0.178, 322.29,  0.171, 299.41,  0.160, 298.81,  0.180, 286.43,  0.190, 284.33,  0.141, 276.92,  0.132, 285.83,  0.228, 278.84,  0.160, 268.57,  0.124, 274.15,-99.000, -99.00,-99.000, -99.00,-99.000, -99.00,-99.000, -99.00,
9/14/2006 03:45:00, 10.2,276.1,  2.6,  2.8, 18.759, 29.47,  0.0,  0.0,  0.171, 306.20,  0.203, 300.87,  0.191, 303.44,  0.169, 311.15,  0.226, 302.92,  0.237, 318.08,  0.251, 312.58,  0.245, 310.70,  0.120, 268.57,  0.170, 321.45,  0.183, 320.56,  0.202, 303.06,  0.217, 290.77,  0.148, 285.26,  0.141, 292.03,  0.158, 259.05,-99.000, -99.00,-99.000, -99.00,-99.000, -99.00,-99.000, -99.00,
9/14/2006 03:50:00, 10.2,276.0,  2.6,  2.8, 18.757, 29.47,  0.0,  0.0,  0.177, 315.68,  0.179, 322.49,  0.123, 312.37,  0.183, 307.68,  0.156, 301.34,  0.195, 300.11,  0.153, 282.85,  0.272, 288.43,  0.229, 284.40,  0.173, 306.08,  0.139, 308.85,  0.130, 294.99,  0.125, 261.74,  0.122, 283.24,  0.112, 296.57,  0.046, 207.12,-99.000, -99.00,-99.000, -99.00,-99.000, -99.00,-99.000, -99.00,
9/14/2006 03:55:00, 10.2,276.1,  2.6,  2.8, 18.739, 29.47,  0.0,  0.0,  0.219, 340.24,  0.165, 334.06,  0.164, 341.57,  0.245, 321.96,  0.128, 323.58,  0.222, 304.19,  0.238, 310.39,  0.222, 303.98,  0.161, 296.09,  0.231, 288.20,  0.161, 283.26,  0.186, 307.36,  0.119, 310.24,  0.137, 275.04,  0.157, 264.87,  0.129, 240.86,-99.000, -99.00,-99.000, -99.00,-99.000, -99.00,-99.000, -99.00,
9/14/2006 04:00:00, 10.2,276.0,  2.6,  2.8, 18.773, 29.47,  0.0,  0.0,  0.183, 309.00,  0.093, 339.23,  0.142, 330.91,  0.038,   7.50,  0.038, 315.00,  0.207, 317.93,  0.202, 301.26,  0.169, 295.65,  0.213, 286.91,  0.172, 292.54,  0.175, 279.19,  0.154, 295.73,  0.178, 268.71,  0.108, 270.00,  0.085, 286.31,  0.153, 224.74,-99.000, -99.00,-99.000, -99.00,-99.000, -99.00,-99.000, -99.00,
9/14/2006 04:05:00, 10.2,276.0,  2.6,  2.8, 18.749, 29.47,  0.0,  0.0,  0.189, 341.85,  0.166, 308.88,  0.103, 330.19,  0.172, 308.87,  0.139, 297.49,  0.146, 296.04,  0.202, 315.20,  0.262, 321.51,  0.178, 277.09,  0.149, 264.98,  0.105, 286.02,  0.165, 298.28,  0.136, 269.16,  0.152, 254.31,  0.133, 261.81,  0.099, 216.41,-99.000, -99.00,-99.000, -99.00,-99.000, -99.00,-99.000, -99.00,
9/14/2006 04:10:00, 10.2,276.0,  2.6,  2.8, 18.738, 29.47,  0.0,  0.0,  0.130, 323.13,  0.170, 344.66,  0.169, 317.89,  0.079, 323.28,  0.127, 347.72,  0.171, 299.12,  0.154, 313.42,  0.104, 278.29,  0.180, 264.26,  0.218, 276.86,  0.140, 261.81,  0.213, 270.27,  0.178, 247.18,  0.155, 256.59,  0.166, 247.30,  0.103, 231.69,-99.000, -99.00,-99.000, -99.00,-99.000, -99.00,-99.000, -99.00,
9/14/2006 04:15:00, 10.2,276.1,  2.6,  2.8, 18.742, 29.48,  0.0,  0.0,  0.181, 356.21,  0.150, 348.09,  0.093, 349.42,  0.138, 352.51,  0.134, 330.95,  0.116, 284.52,  0.088, 290.71,  0.148, 295.70,  0.174, 263.73,  0.174, 296.27,  0.156, 276.99,  0.149, 244.12,  0.077, 247.09,  0.208, 242.57,  0.201, 258.80,  0.086, 232.59,-99.000, -99.00,-99.000, -99.00,-99.000, -99.00,-99.000, -99.00,
9/14/2006 04:20:00, 10.2,276.0,  2.6,  2.8, 18.725, 29.48,  0.0,  0.0,  0.154, 352.18,  0.198, 346.24,  0.115, 343.78,  0.120, 305.82,  0.136, 328.53,  0.177, 310.43,  0.190, 325.72,  0.149, 297.60,  0.179, 320.44,  0.101, 278.53,  0.155, 297.72,  0.190, 267.59,  0.220, 246.12,  0.231, 270.50,  0.097, 278.88,  0.089, 274.50,-99.000, -99.00,-99.000, -99.00,-99.000, -99.00,-99.000, -99.00,
9/14/2006 04:25:00, 10.2,276.0,  2.6,  2.8, 18.728, 29.48,  0.0,  0.0,  0.175, 313.61,  0.139, 305.06,  0.111, 274.12,  0.050, 301.16,  0.116, 289.06,  0.167, 303.79,  0.064, 289.29,  0.072, 256.35,  0.125, 289.16,  0.122, 289.62,  0.194, 292.46,  0.176, 287.92,  0.134, 264.84,  0.163, 261.17,  0.106, 244.40,  0.117, 227.43,-99.000, -99.00,-99.000, -99.00,-99.000, -99.00,-99.000, -99.00,
9/14/2006 04:30:00, 10.2,276.0,  2.6,  2.8, 18.716, 29.48,  0.0,  0.0,  0.079,   8.03,  0.114,  31.05,  0.149,  23.81,  0.082, 359.30,  0.132, 358.70,  0.114, 350.37,  0.126, 354.06,  0.051, 277.82,  0.103, 265.56,  0.153, 296.40,  0.063, 270.00,  0.101, 344.45,  0.099, 315.00,  0.090, 274.45,  0.116, 257.52,  0.149, 240.16,-99.000, -99.00,-99.000, -99.00,-99.000, -99.00,-99.000, -99.00,
9/14/2006 04:35:00, 10.2,276.0,  2.6,  2.8, 18.738, 29.48,  0.0,  0.0,  0.215, 290.12,  0.084, 344.80,  0.140, 289.60,  0.141, 254.78,  0.092, 256.12,  0.088, 277.21,  0.153, 273.37,  0.252, 271.59,  0.128, 276.29,  0.216, 293.48,  0.170, 265.96,  0.184, 270.31,  0.114, 254.26,  0.159, 240.52,  0.137, 239.68,  0.091, 295.44,-99.000, -99.00,-99.000, -99.00,-99.000, -99.00,-99.000, -99.00,
9/14/2006 04:40:00, 10.2,276.1,  2.6,  2.8, 18.727, 29.48,  0.0,  0.0,  0.014, 291.04,  0.077, 228.67,  0.104, 302.01,  0.123, 326.31,  0.093, 330.95,  0.095, 328.83,  0.039,   1.47,  0.077, 289.86,  0.082, 295.31,  0.147, 299.70,  0.054, 316.51,  0.051, 307.78,  0.141, 260.20,  0.192, 262.80,  0.126, 291.46,  0.029, 279.78,-99.000, -99.00,-99.000, -99.00,-99.000, -99.00,-99.000, -99.00,
9/14/2006 04:45:00, 10.2,276.0,  2.6,  2.8, 18.697, 29.48,  0.0,  0.0,  0.148, 243.09,  0.076, 350.91,  0.048, 243.97,  0.107, 308.58,  0.169, 328.28,  0.124, 356.77,  0.078, 357.06,  0.099,   4.62,  0.114, 307.17,  0.182, 296.42,  0.162, 274.24,  0.116, 272.96,  0.137, 247.19,  0.133, 284.35,  0.098, 282.34,  0.064, 247.86,-99.000, -99.00,-99.000, -99.00,-99.000, -99.00,-99.000, -99.00,
9/14/2006 04:50:00, 10.2,276.1,  2.6,  2.8, 18.722, 29.47,  0.0,  0.0,  0.122, 267.18,  0.107, 259.74,  0.022, 206.57,  0.132, 282.25,  0.124, 223.36,  0.033, 203.43,  0.090, 228.15,  0.056, 275.10,  0.016,  60.26,  0.099, 286.98,  0.151, 297.58,  0.188, 296.16,  0.153, 267.01,  0.148, 297.78,  0.086, 320.19,  0.089, 184.50,-99.000, -99.00,-99.000, -99.00,-99.000, -99.00,-99.000, -99.00,
9/14/2006 04:55:00, 10.2,276.0,  2.6,  2.8, 18.695, 29.47,  0.0,  0.0,  0.008, 172.87,  0.115, 270.50,  0.086, 291.18,  0.160, 301.21,  0.095, 262.72,  0.194, 276.50,  0.177, 284.74,  0.106, 263.48,  0.188, 298.20,  0.136, 278.91,  0.146, 273.14,  0.104, 273.85,  0.171, 250.50,  0.220, 259.81,  0.133, 255.65,  0.141, 263.08,-99.000, -99.00,-99.000, -99.00,-99.000, -99.00,-99.000, -99.00,
9/14/2006 05:00:00, 10.2,276.0,  2.6,  2.8, 18.693, 29.47,  0.0,  0.0,  0.179, 283.57,  0.031,   3.69,  0.106, 297.53,  0.079, 310.91,  0.120, 239.36,  0.107, 315.75,  0.024, 294.44,  0.124, 290.77,  0.100, 272.29,  0.096, 274.76,  0.152, 277.17,  0.168, 282.05,  0.109, 261.57,  0.134, 250.89,  0.123, 264.38,  0.113, 288.60,-99.000, -99.00,-99.000, -99.00,-99.000, -99.00,-99.000, -99.00,
9/14/2006 05:05:00, 10.2,276.0,  2.6,  2.8, 18.683, 29.47,  0.0,  0.0,  0.125, 279.24,  0.162, 308.49,  0.111, 334.36,  0.178, 349.32,  0.051, 280.20,  0.065, 345.75,  0.104, 349.45,  0.048, 329.66,  0.089, 270.00,  0.106, 290.49,  0.130, 274.84,  0.076, 277.59,  0.091, 285.86,  0.158, 325.60,  0.071, 317.29,  0.045, 260.96,-99.000, -99.00,-99.000, -99.00,-99.000, -99.00,-99.000, -99.00,
9/14/2006 05:10:00, 10.2,275.9,  2.6,  2.8, 18.689, 29.47,  0.0,  0.0,  0.141, 272.84,  0.031, 253.30,  0.077, 293.89,  0.037, 339.62,  0.019, 214.51,  0.062, 140.19,  0.020,  49.09,  0.077, 241.09,  0.053, 270.00,  0.036, 350.54,  0.103, 257.05,  0.161, 220.22,  0.150, 236.42,  0.147, 275.09,  0.120, 245.79,  0.104, 253.83,-99.000, -99.00,-99.000, -99.00,-99.000, -99.00,-99.000, -99.00,
9/14/2006 05:15:00, 10.2,276.0,  2.6,  2.8, 18.663, 29.47,  0.0,  0.0,  0.151, 321.16,  0.019, 291.25,  0.016,   0.00,  0.172, 319.72,  0.068, 328.17,  0.058, 342.82,  0.045, 266.19,  0.044,   3.90,  0.039, 240.80,  0.117, 265.11,  0.116, 270.00,  0.120, 284.04,  0.094, 294.65,  0.118, 296.78,  0.051, 271.12,  0.060, 263.35,-99.000, -99.00,-99.000, -99.00,-99.000, -99.00,-99.000, -99.00,
9/14/2006 05:20:00, 10.2,276.0,  2.6,  2.8, 18.677, 29.47,  0.0,  0.0,  0.041, 304.08,  0.024,  56.98,  0.051, 204.08,  0.043, 288.85,  0.045, 311.42,  0.117, 337.83,  0.037, 164.48,  0.090, 236.31,  0.031, 249.23,  0.035, 318.50,  0.051, 232.91,  0.058, 284.04,  0.063, 192.93,  0.061, 270.00,  0.045, 272.54,  0.033, 282.34,-99.000, -99.00,-99.000, -99.00,-99.000, -99.00,-99.000, -99.00,
9/14/2006 05:25:00, 10.2,276.0,  2.6,  2.8, 18.664, 29.47,  0.0,  0.0,  0.091, 243.15,  0.048, 271.19,  0.089, 318.21,  0.144, 320.91,  0.058, 313.60,  0.081, 310.99,  0.126, 297.99,  0.140, 276.57,  0.139, 254.17,  0.090, 268.73,  0.108, 270.00,  0.096, 274.76,  0.010, 293.96,  0.072, 254.60,  0.012, 210.96,  0.082, 299.05,-99.000, -99.00,-99.000, -99.00,-99.000, -99.00,-99.000, -99.00,
9/14/2006 05:30:00, 10.2,276.0,  2.6,  2.8, 18.652, 29.47,  0.0,  0.0,  0.016, 349.38,  0.033, 104.04,  0.052, 247.38,  0.074, 265.36,  0.109, 263.66,  0.028, 309.29,  0.078, 272.20,  0.107, 251.40,  0.101, 209.60,  0.061, 208.24,  0.066, 253.22,  0.055, 195.80,  0.087, 180.66,  0.060, 205.71,  0.045, 226.79,  0.020, 180.00,-99.000, -99.00,-99.000, -99.00,-99.000, -99.00,-99.000, -99.00,
9/14/2006 05:35:00, 10.2,276.0,  2.6,  2.8, 18.672, 29.47,  0.0,  0.0,  0.141, 281.47,  0.080, 327.69,  0.126, 291.89,  0.090, 284.81,  0.045, 311.42,  0.093, 261.96,  0.090, 227.25,  0.131, 301.26,  0.033, 252.12,  0.146, 201.29,  0.138, 246.58,  0.107, 235.27,  0.076, 214.32,  0.049, 237.62,  0.040, 290.22,  0.079, 268.55,-99.000, -99.00,-99.000, -99.00,-99.000, -99.00,-99.000, -99.00,
9/14/2006 05:40:00, 10.2,276.0,  2.6,  2.8, 18.665, 29.47,  0.0,  0.0,  0.025, 196.26,  0.038, 297.90,  0.124, 254.05,  0.065, 297.35,  0.112, 250.76,  0.139, 294.17,  0.111, 262.75,  0.107, 230.67,  0.100, 257.91,  0.134, 277.71,  0.060, 209.98,  0.070, 149.04,  0.083, 228.42,  0.104, 263.35,  0.143, 285.01,  0.018, 247.62,-99.000, -99.00,-99.000, -99.00,-99.000, -99.00,-99.000, -99.00,
9/14/2006 05:45:00, 10.1,276.0,  2.6,  2.8, 18.657, 29.47,  0.0,  0.0,  0.078, 240.16,  0.089, 228.21,  0.067, 351.38,  0.014,  90.00,  0.042, 354.56,  0.046, 254.74,  0.108, 270.53,  0.130, 272.64,  0.062, 225.00,  0.112, 170.79,  0.118, 232.55,  0.069, 236.77,  0.099, 220.10,  0.088, 224.08,  0.061, 197.24,  0.003,  90.00,-99.000, -99.00,-99.000, -99.00,-99.000, -99.00,-99.000, -99.00,
9/14/2006 05:50:00, 10.1,276.1,  2.6,  2.8, 18.658, 29.47,  0.0,  0.0,  0.090, 213.16,  0.044, 275.19,  0.046, 321.15,  0.096, 337.98,  0.024, 311.63,  0.037, 299.36,  0.133,  22.52,  0.032,   7.13,  0.023,  48.58,  0.085, 154.94,  0.051, 267.75,  0.078, 256.68,  0.039, 210.47,  0.075, 184.57,  0.086, 153.73,  0.024, 340.82,-99.000, -99.00,-99.000, -99.00,-99.000, -99.00,-99.000, -99.00,
9/14/2006 05:55:00, 10.1,276.0,  2.6,  2.8, 18.661, 29.46,  0.0,  0.0,  0.010, 203.96,  0.042, 276.79,  0.076, 285.32,  0.046, 186.20,  0.071, 226.70,  0.080, 256.31,  0.051, 116.57,  0.038, 100.71,  0.036,   0.00,  0.043, 176.01,  0.090, 171.69,  0.024, 355.24,  0.009,  18.43,  0.024, 282.26,  0.097, 129.12,  0.078, 125.11,-99.000, -99.00,-99.000, -99.00,-99.000, -99.00,-99.000, -99.00,
9/14/2006 06:00:00, 10.1,276.1,  2.6,  2.8, 18.667, 29.46,  0.0,  0.0,  0.039, 168.11,  0.103, 140.12,  0.069, 149.74,  0.058, 218.05,  0.127, 199.87,  0.047, 227.56,  0.034, 266.63,  0.120, 199.49,  0.052, 236.00,  0.130, 162.54,  0.101, 220.17,  0.143, 248.27,  0.059, 319.82,  0.027, 351.57,  0.023,  41.42,  0.016, 206.57,-99.000, -99.00,-99.000, -99.00,-99.000, -99.00,-99.000, -99.00,
9/14/2006 06:05:00, 10.1,276.1,  2.6,  2.8, 18.631, 29.46,  0.0,  0.0,  0.084, 193.05,  0.087, 165.96,  0.099, 215.13,  0.084, 240.68,  0.069, 211.39,  0.075, 323.13,  0.030, 189.46,  0.032, 262.87,  0.072, 268.41,  0.072, 239.17,  0.152, 281.01,  0.051, 315.00,  0.097, 271.77,  0.075, 353.91,  0.105,   6.58,  0.055,  68.59,-99.000, -99.00,-99.000, -99.00,-99.000, -99.00,-99.000, -99.00,
9/14/2006 06:10:00, 10.1,276.0,  2.6,  2.8, 18.633, 29.45,  0.0,  0.0,  0.134, 123.10,  0.083, 196.90,  0.058,  84.09,  0.010,   5.71,  0.074, 226.10,  0.008, 135.00,  0.061,  91.88,  0.159, 216.80,  0.105, 226.55,  0.137, 245.87,  0.016, 235.30,  0.080, 259.95,  0.096, 234.32,  0.101, 260.91,  0.050, 168.47,  0.041, 186.95,-99.000, -99.00,-99.000, -99.00,-99.000, -99.00,-99.000, -99.00,
9/14/2006 06:15:00, 10.1,276.0,  2.6,  2.8, 18.633, 29.44,  0.0,  0.0,  0.081,  52.99,  0.130, 154.42,  0.044, 147.03,  0.038, 322.52,  0.118, 168.79,  0.026, 139.64,  0.044, 172.23,  0.015, 323.13,  0.009, 122.01,  0.043, 162.41,  0.034, 143.47,  0.013, 274.40,  0.062, 333.02,  0.048, 184.76,  0.070, 213.92,  0.112, 267.95,-99.000, -99.00,-99.000, -99.00,-99.000, -99.00,-99.000, -99.00,
9/14/2006 06:20:00, 10.1,276.0,  2.6,  2.8, 18.632, 29.44,  0.0,  0.0,  0.153, 142.16,  0.066, 139.30,  0.107, 173.01,  0.138, 237.46,  0.103, 167.71,  0.079, 185.06,  0.063, 129.23,  0.014, 155.22,  0.068, 137.39,  0.104,  43.05,  0.090,  24.29,  0.057, 112.54,  0.089, 168.31,  0.029, 141.95,  0.097, 181.18,  0.057, 272.01,-99.000, -99.00,-99.000, -99.00,-99.000, -99.00,-99.000, -99.00,
9/14/2006 06:25:00, 10.1,276.0,  2.6,  2.8, 18.649, 29.44,  0.0,  0.0,  0.073, 122.17,  0.093, 185.53,  0.068, 121.11,  0.131, 152.26,  0.058, 172.01,  0.078, 157.38,  0.047, 277.28,  0.053, 272.16,  0.054, 264.71,  0.098, 311.30,  0.041, 251.57,  0.104, 234.78,  0.087, 236.31,  0.046, 176.27,  0.031, 255.07,  0.085, 273.37,-99.000, -99.00,-99.000, -99.00,-99.000, -99.00,-99.000, -99.00,
9/14/2006 06:30:00, 10.1,276.0,  2.6,  2.8, 18.639, 29.43,  0.0,  0.0,  0.093, 161.76,  0.009, 296.57,  0.008, 320.19,  0.149, 161.57,  0.115, 183.98,  0.082, 129.09,  0.057, 210.62,  0.066, 208.89,  0.021, 286.70,  0.065, 191.48,  0.073, 153.08,  0.039,  29.20,  0.073,  68.34,  0.017, 162.65,  0.072, 282.88,  0.020,  30.47,-99.000, -99.00,-99.000, -99.00,-99.000, -99.00,-99.000, -99.00,
9/14/2006 06:35:00, 10.1,276.0,  2.6,  2.8, 18.626, 29.43,  0.0,  0.0,  0.121,  96.18,  0.124, 159.66,  0.018, 157.62,  0.122,  96.60,  0.026, 184.40,  0.118, 153.22,  0.083, 193.87,  0.100, 132.16,  0.098, 140.79,  0.030, 221.01,  0.105, 247.09,  0.115, 234.23,  0.106, 259.65,  0.060, 181.91,  0.074, 135.55,  0.015, 143.13,-99.000, -99.00,-99.000, -99.00,-99.000, -99.00,-99.000, -99.00,
9/14/2006 06:40:00, 10.1,276.0,  2.6,  2.8, 18.632, 29.42,  0.0,  0.0,  0.088, 124.78,  0.075,  76.89,  0.097, 177.05,  0.074, 136.64,  0.066, 229.30,  0.025, 253.74,  0.058, 157.83,  0.050, 200.96,  0.079, 222.42,  0.067, 192.99,  0.119, 176.63,  0.146, 213.58,  0.078, 237.53,  0.021, 225.00,  0.025,  26.57,  0.023, 340.02,-99.000, -99.00,-99.000, -99.00,-99.000, -99.00,-99.000, -99.00,
9/14/2006 06:45:00, 10.1,276.0,  2.6,  2.8, 18.609, 29.42,  0.0,  0.0,  0.083,  75.29,  0.136, 111.64,  0.141, 106.00,  0.168, 113.82,  0.072, 126.55,  0.074, 167.47,  0.059, 136.36,  0.100, 132.16,  0.103, 107.55,  0.030,  25.71,  0.067, 138.65,  0.058, 332.10,  0.011, 254.74,  0.013, 180.00,  0.102, 127.43,  0.096, 138.81,-99.000, -99.00,-99.000, -99.00,-99.000, -99.00,-99.000, -99.00,
9/14/2006 06:50:00, 10.1,276.1,  2.6,  2.8, 18.632, 29.42,  0.0,  0.0,  0.124, 135.65,  0.112,  80.20,  0.179, 123.87,  0.157, 118.03,  0.128, 159.44,  0.050, 178.85,  0.089, 157.48,  0.120, 130.60,  0.091, 121.07,  0.016,  50.19,  0.037, 214.11,  0.059, 149.53,  0.133, 132.56,  0.029, 159.68,  0.027,  79.51,  0.028, 190.12,-99.000, -99.00,-99.000, -99.00,-99.000, -99.00,-99.000, -99.00,
9/14/2006 06:55:00, 10.1,275.9,  2.6,  2.8, 18.610, 29.42,  0.0,  0.0,  0.109,  87.90,  0.131,  88.69,  0.071,  99.73,  0.091, 123.34,  0.098, 166.39,  0.057, 189.13,  0.046, 176.27,  0.010,  73.30,  0.004, 284.04,  0.067, 171.38,  0.071, 111.50,  0.061, 104.26,  0.061, 146.31,  0.039, 238.78,  0.077,  71.10,  0.206,  62.19,-99.000, -99.00,-99.000, -99.00,-99.000, -99.00,-99.000, -99.00,
9/14/2006 07:00:00, 10.1,276.0,  2.6,  2.8, 18.613, 29.42,  0.0,  0.0,  0.125, 117.18,  0.160, 147.99,  0.155,  98.18,  0.088, 160.13,  0.123, 139.30,  0.171, 143.33,  0.061, 170.54,  0.037, 167.47,  0.122,  68.29,  0.127,  73.99,  0.169, 116.41,  0.189, 119.14,  0.191, 121.94,  0.136, 128.73,  0.028, 210.26,  0.098, 355.91,-99.000, -99.00,-99.000, -99.00,-99.000, -99.00,-99.000, -99.00,
9/14/2006 07:05:00, 10.1,276.0,  2.6,  2.8, 18.646, 29.41,  0.0,  0.0,  0.256, 133.73,  0.200, 106.26,  0.095, 125.19,  0.224, 160.43,  0.080, 160.20,  0.112, 134.27,  0.154, 124.93,  0.156, 143.06,  0.094, 142.77,  0.157, 142.77,  0.177, 111.92,  0.161, 146.90,  0.109, 165.07,  0.157, 161.10,  0.130, 166.71,  0.084, 210.85,-99.000, -99.00,-99.000, -99.00,-99.000, -99.00,-99.000, -99.00,
9/14/2006 07:10:00, 10.1,276.0,  2.6,  2.8, 18.643, 29.41,  0.0,  0.0,  0.117, 102.37,  0.089, 127.26,  0.082,  60.95,  0.118, 122.88,  0.180, 125.98,  0.049, 120.76,  0.068, 102.80,  0.121, 130.65,  0.103, 163.67,  0.150, 116.05,  0.083,  99.01,  0.023, 320.19,  0.105, 157.59,  0.130, 126.87,  0.119, 128.88,  0.082, 298.44,-99.000, -99.00,-99.000, -99.00,-99.000, -99.00,-99.000, -99.00,
9/14/2006 07:15:00, 10.1,276.1,  2.6,  2.8, 18.626, 29.40,  0.0,  0.0,  0.075,  41.76,  0.130, 101.57,  0.100, 119.89,  0.037, 180.00,  0.123, 104.15,  0.114, 122.86,  0.174, 114.50,  0.104, 133.05,  0.136, 104.04,  0.100,  88.85,  0.053,  96.46,  0.097, 122.38,  0.157, 128.55,  0.099, 123.05,  0.108, 103.91,  0.094,  77.74,-99.000, -99.00,-99.000, -99.00,-99.000, -99.00,-99.000, -99.00,
9/14/2006 07:20:00, 10.1,276.0,  2.6,  2.8, 18.630, 29.40,  0.0,  0.0,  0.127,  99.54,  0.179, 154.58,  0.066, 154.98,  0.082, 125.62,  0.044, 187.77,  0.121, 138.68,  0.087, 160.52,  0.173, 127.47,  0.119, 100.65,  0.059,  76.20,  0.118, 135.34,  0.057, 124.25,  0.066,  77.66,  0.008, 320.19,  0.110, 139.79,  0.141, 173.08,-99.000, -99.00,-99.000, -99.00,-99.000, -99.00,-99.000, -99.00,
9/14/2006 07:25:00, 10.1,276.0,  2.6,  2.8, 18.621, 29.40,  0.0,  0.0,  0.143,  96.83,  0.065, 121.72,  0.115, 142.43,  0.078,  42.92,  0.073, 180.00,  0.093, 112.15,  0.166, 120.73,  0.073, 119.36,  0.125, 111.04,  0.172, 128.14,  0.122, 123.30,  0.099, 115.02,  0.045,  78.44,  0.133,  82.66,  0.094,  41.53,  0.087,  50.62,-99.000, -99.00,-99.000, -99.00,-99.000, -99.00,-99.000, -99.00,
9/14/2006 07:30:00, 10.1,276.0,  2.6,  2.7, 18.617, 29.40,  0.0,  0.0,  0.043, 231.55,  0.237, 121.54,  0.133, 124.29,  0.076,  80.17,  0.100,  76.66,  0.137, 108.70,  0.073, 118.67,  0.109,  82.09,  0.127, 144.93,  0.115, 114.11,  0.122, 105.75,  0.042,  53.67,  0.098, 103.04,  0.105, 144.65,  0.158, 166.05,  0.155, 158.88,-99.000, -99.00,-99.000, -99.00,-99.000, -99.00,-99.000, -99.00,
9/14/2006 07:35:00, 10.1,276.0,  2.6,  2.8, 18.618, 29.40,  0.0,  0.0,  0.094, 173.86,  0.076, 114.19,  0.044, 178.70,  0.118, 120.47,  0.017, 113.63,  0.077, 173.25,  0.099, 149.83,  0.065,  94.40,  0.073, 104.98,  0.046,  51.15,  0.108, 115.14,  0.088, 128.56,  0.133, 127.99,  0.169, 112.62,  0.099, 118.89,  0.079, 223.45,-99.000, -99.00,-99.000, -99.00,-99.000, -99.00,-99.000, -99.00,
9/14/2006 07:40:00, 10.1,276.0,  2.6,  2.8, 18.636, 29.40,  0.0,  0.0,  0.041, 164.25,  0.075, 116.91,  0.060, 152.15,  0.121, 167.57,  0.091, 193.28,  0.001, 315.00,  0.097, 110.49,  0.148,  88.07,  0.146, 110.42,  0.146, 117.27,  0.132, 110.35,  0.108, 113.96,  0.149, 119.84,  0.155,  92.59,  0.145, 125.45,  0.113, 141.10,-99.000, -99.00,-99.000, -99.00,-99.000, -99.00,-99.000, -99.00,
9/14/2006 07:45:00, 10.1,276.0,  2.6,  2.8, 18.638, 29.40,  0.0,  0.0,  0.017, 263.29,  0.007, 213.69,  0.055, 128.33,  0.095, 143.13,  0.095, 133.29,  0.061, 143.70,  0.115, 131.84,  0.115, 138.16,  0.167,  93.43,  0.190,  98.17,  0.077,  90.74,  0.078, 156.71,  0.080, 167.01,  0.104, 120.49,  0.012, 335.56,  0.029, 277.85,-99.000, -99.00,-99.000, -99.00,-99.000, -99.00,-99.000, -99.00,
9/14/2006 07:50:00, 10.1,276.0,  2.6,  2.8, 18.630, 29.40,  0.0,  0.0,  0.110, 194.16,  0.021,  10.78,  0.127, 193.71,  0.059, 175.16,  0.061, 111.97,  0.070, 128.66,  0.063, 115.35,  0.037,  94.64,  0.037, 355.36,  0.092, 351.87,  0.009,  20.56,  0.030, 226.33,  0.034, 270.00,  0.051, 295.56,  0.011, 303.69,  0.041, 207.82,-99.000, -99.00,-99.000, -99.00,-99.000, -99.00,-99.000, -99.00,
9/14/2006 07:55:00, 10.1,276.0,  2.6,  2.8, 18.627, 29.39,  0.0,  0.0,  0.017,  76.76,  0.088, 311.31,  0.075, 297.94,  0.070, 278.25,  0.052, 184.40,  0.120, 215.82,  0.140, 241.78,  0.021, 232.59,  0.125, 253.74,  0.034, 247.25,  0.057, 324.93,  0.035, 137.29,  0.050, 328.84,  0.043,   9.46,  0.035, 323.13,  0.103, 270.00,-99.000, -99.00,-99.000, -99.00,-99.000, -99.00,-99.000, -99.00,
9/14/2006 08:00:00, 10.1,276.0,  2.6,  2.8, 18.634, 29.39,  0.0,  0.0,  0.082, 135.00,  0.060, 246.43,  0.031, 146.82,  0.055,  65.30,  0.062, 229.60,  0.068, 228.58,  0.053, 202.20,  0.053, 235.71,  0.048, 260.34,  0.022, 249.15,  0.008, 194.04,  0.048, 159.30,  0.079, 321.68,  0.102, 344.05,  0.035,   8.13,  0.018, 202.38,-99.000, -99.00,-99.000, -99.00,-99.000, -99.00,-99.000, -99.00,
9/14/2006 08:05:00, 10.1,276.1,  2.6,  2.8, 18.633, 29.39,  0.0,  0.0,  0.062, 320.91,  0.123, 164.38,  0.096, 218.66,  0.036, 313.88,  0.055, 226.47,  0.039, 233.43,  0.054,  24.18,  0.045, 159.15,  0.102, 219.01,  0.018, 206.57,  0.048, 172.87,  0.031, 279.16,  0.119, 335.60,  0.098, 319.14,  0.078, 292.62,  0.021,  67.17,-99.000, -99.00,-99.000, -99.00,-99.000, -99.00,-99.000, -99.00,
9/14/2006 08:10:00, 10.1,276.0,  2.6,  2.8, 18.630, 29.39,  0.0,  0.0,  0.045, 266.19,  0.072, 228.96,  0.066, 178.26,  0.066, 303.93,  0.105, 261.79,  0.050, 289.89,  0.061, 263.45,  0.084, 299.32,  0.038, 254.88,  0.074, 267.68,  0.087, 295.97,  0.008, 293.20,  0.081, 285.07,  0.060, 260.38,  0.036,  99.46,  0.072, 248.05,-99.000, -99.00,-99.000, -99.00,-99.000, -99.00,-99.000, -99.00,
9/14/2006 08:15:00, 10.1,276.0,  2.6,  2.8, 18.633, 29.39,  0.0,  0.0,  0.048, 279.66,  0.111, 292.86,  0.063, 308.52,  0.049,  26.57,  0.030, 354.29,  0.077, 284.22,  0.108, 326.75,  0.070, 328.34,  0.012, 228.37,  0.071, 319.57,  0.163, 317.49,  0.053, 335.38,  0.076, 281.46,  0.122, 291.10,  0.142, 317.86,  0.148, 293.10,-99.000, -99.00,-99.000, -99.00,-99.000, -99.00,-99.000, -99.00,
9/14/2006 08:20:00, 10.1,275.9,  2.6,  2.8, 18.649, 29.39,  0.0,  0.0,  0.069,  26.57,  0.109, 276.86,  0.165, 329.10,  0.054,  53.34,  0.073, 302.17,  0.047,   6.07,  0.080, 265.71,  0.049,  70.82,  0.117, 320.88,  0.147, 336.39,  0.105, 317.32,  0.046, 319.40,  0.107, 308.58,  0.131, 310.98,  0.102, 307.43,  0.131, 294.41,-99.000, -99.00,-99.000, -99.00,-99.000, -99.00,-99.000, -99.00,
9/14/2006 08:25:00, 10.1,276.0,  2.6,  2.8, 18.660, 29.39,  0.0,  0.0,  0.087, 338.44,  0.084, 351.77,  0.090, 295.71,  0.140, 285.33,  0.125, 312.09,  0.094,  13.59,  0.108, 318.76,  0.091, 301.94,  0.033, 270.00,  0.017,   0.00,  0.037, 355.36,  0.035, 281.63,  0.087, 326.31,  0.103, 270.56,  0.137, 258.61,  0.105, 278.75,-99.000, -99.00,-99.000, -99.00,-99.000, -99.00,-99.000, -99.00,
9/14/2006 08:30:00, 10.1,276.0,  2.6,  2.8, 18.650, 29.39,  0.0,  0.0,  0.059, 319.82,  0.081, 358.59,  0.110, 298.90,  0.093, 274.92,  0.093, 344.48,  0.130, 306.25,  0.114, 329.38,  0.107, 308.91,  0.194, 318.76,  0.098, 351.79,  0.108, 319.11,  0.073, 319.99,  0.103, 308.31,  0.063, 325.30,  0.070, 272.45,  0.088, 275.84,-99.000, -99.00,-99.000, -99.00,-99.000, -99.00,-99.000, -99.00,
9/14/2006 08:35:00, 10.1,276.1,  2.6,  2.8, 18.654, 29.39,  0.0,  0.0,  0.078, 345.96,  0.141, 334.89,  0.149, 301.03,  0.139, 288.82,  0.095, 303.02,  0.148, 292.59,  0.152, 337.64,  0.196, 318.10,  0.140, 301.31,  0.144, 308.54,  0.190, 331.00,  0.122, 309.32,  0.164, 292.19,  0.102, 305.41,  0.081, 307.44,  0.120, 282.99,-99.000, -99.00,-99.000, -99.00,-99.000, -99.00,-99.000, -99.00,
9/14/2006 08:40:00, 10.1,276.1,  2.6,  2.8, 18.657, 29.39,  0.0,  0.0,  0.086, 322.07,  0.055, 298.44,  0.130, 331.46,  0.086, 318.31,  0.076, 263.16,  0.148, 296.39,  0.233, 307.85,  0.109, 298.44,  0.141, 256.85,  0.155, 260.36,  0.088, 270.00,  0.086, 299.83,  0.164, 281.58,  0.158, 290.73,  0.128, 261.93,  0.133, 277.34,-99.000, -99.00,-99.000, -99.00,-99.000, -99.00,-99.000, -99.00,
9/14/2006 08:45:00, 10.1,276.0,  2.6,  2.8, 18.660, 29.40,  0.0,  0.0,  0.072, 350.41,  0.110, 301.68,  0.041, 308.00,  0.232, 299.99,  0.162, 311.25,  0.202, 289.06,  0.179, 328.27,  0.200, 311.56,  0.105, 300.96,  0.185, 278.70,  0.116, 301.64,  0.139, 309.75,  0.103, 297.81,  0.148, 271.55,  0.096, 280.84,  0.124, 276.03,-99.000, -99.00,-99.000, -99.00,-99.000, -99.00,-99.000, -99.00,
9/14/2006 08:50:00, 10.1,275.9,  2.6,  2.8, 18.668, 29.41,  0.0,  0.0,  0.130, 326.31,  0.166, 317.94,  0.141, 326.53,  0.121, 275.19,  0.214, 282.93,  0.123, 302.01,  0.174, 311.74,  0.162, 289.11,  0.169, 284.04,  0.266, 294.64,  0.149, 321.28,  0.105, 341.74,  0.117, 337.38,  0.124, 349.32,  0.172, 319.47,  0.222, 291.71,-99.000, -99.00,-99.000, -99.00,-99.000, -99.00,-99.000, -99.00,
9/14/2006 08:55:00, 10.1,275.9,  2.6,  2.8, 18.646, 29.41,  0.0,  0.0,  0.106, 343.61,  0.145, 330.26,  0.113, 318.24,  0.080, 291.14,  0.137, 243.62,  0.174, 270.33,  0.122, 269.53,  0.155, 292.76,  0.134, 310.46,  0.106, 346.36,  0.134, 320.14,  0.051, 345.14,  0.085, 344.33,  0.142, 333.25,  0.102, 315.80,  0.198, 268.84,-99.000, -99.00,-99.000, -99.00,-99.000, -99.00,-99.000, -99.00,
9/14/2006 09:00:00, 10.1,276.0,  2.6,  2.7, 18.673, 29.42,  0.0,  0.0,  0.114, 348.89,  0.144, 295.50,  0.140, 328.47,  0.089, 332.00,  0.044, 313.15,  0.068, 330.05,  0.194, 323.60,  0.101, 309.37,  0.032,  55.30,  0.057,  10.12,  0.112, 302.55,  0.145, 289.68,  0.086, 307.41,  0.152, 326.83,  0.144, 321.22,  0.085, 275.38,-99.000, -99.00,-99.000, -99.00,-99.000, -99.00,-99.000, -99.00,
9/14/2006 09:05:00, 10.1,276.0,  2.6,  2.8, 18.680, 29.42,  0.0,  0.0,  0.127, 351.42,  0.231, 318.86,  0.118, 329.95,  0.159, 342.82,  0.095, 335.06,  0.078, 264.14,  0.134, 315.60,  0.158, 317.05,  0.116, 301.22,  0.071, 281.31,  0.068, 243.06,  0.161, 308.72,  0.160, 319.55,  0.105, 334.65,  0.133, 345.65,  0.164, 286.67,-99.000, -99.00,-99.000, -99.00,-99.000, -99.00,-99.000, -99.00,
9/14/2006 09:10:00, 10.1,276.0,  2.6,  2.8, 18.663, 29.43,  0.0,  0.0,  0.074, 322.67,  0.131, 344.48,  0.131, 326.55,  0.120, 325.91,  0.128, 332.03,  0.127, 309.23,  0.093, 294.09,  0.184, 302.83,  0.163, 285.99,  0.143, 311.04,  0.103, 320.12,  0.074, 329.97,  0.164, 330.78,  0.149, 342.42,  0.153, 330.58,  0.136, 270.00,-99.000, -99.00,-99.000, -99.00,-99.000, -99.00,-99.000, -99.00,
9/14/2006 09:15:00, 10.1,276.0,  2.6,  2.8, 18.671, 29.43,  0.0,  0.0,  0.075, 339.62,  0.094, 352.65,  0.112, 328.16,  0.139, 314.13,  0.202, 347.69,  0.078, 326.51,  0.232, 307.46,  0.102, 294.81,  0.158, 307.30,  0.090, 324.54,  0.126, 324.67,  0.189, 319.07,  0.168, 322.72,  0.159, 338.27,  0.128, 328.42,  0.127, 271.35,-99.000, -99.00,-99.000, -99.00,-99.000, -99.00,-99.000, -99.00,
9/14/2006 09:20:00, 10.1,276.0,  2.6,  2.8, 18.677, 29.43,  0.0,  0.0,  0.096,   8.97,  0.150, 356.19,  0.071, 343.61,  0.048, 285.78,  0.060, 284.50,  0.096, 292.57,  0.037,   9.21,  0.108, 330.12,  0.112, 278.71,  0.117, 320.88,  0.225, 319.15,  0.158, 298.67,  0.169, 307.55,  0.102, 293.79,  0.157, 300.65,  0.035, 256.76,-99.000, -99.00,-99.000, -99.00,-99.000, -99.00,-99.000, -99.00,
9/14/2006 09:25:00, 10.1,276.1,  2.6,  2.7, 18.700, 29.44,  0.0,  0.0,  0.050, 329.83,  0.179, 310.01,  0.189, 312.64,  0.211, 320.96,  0.136, 333.43,  0.034, 329.62,  0.015, 277.59,  0.079, 303.69,  0.100, 321.07,  0.047, 306.38,  0.155, 324.16,  0.152, 322.22,  0.043, 341.15,  0.044, 356.10,  0.074, 329.97,  0.103, 290.56,-99.000, -99.00,-99.000, -99.00,-99.000, -99.00,-99.000, -99.00,
9/14/2006 09:30:00, 10.1,276.1,  2.6,  2.8, 18.688, 29.44,  0.0,  0.0,  0.128, 353.71,  0.078, 321.23,  0.023,  70.02,  0.098, 307.10,  0.081,  21.80,  0.076, 292.50,  0.116, 337.19,  0.082, 305.05,  0.111, 336.67,  0.083, 339.61,  0.088, 348.82,  0.125, 337.94,  0.004,  33.69,  0.086, 323.00,  0.031,  16.70,  0.123, 324.89,-99.000, -99.00,-99.000, -99.00,-99.000, -99.00,-99.000, -99.00,
9/14/2006 09:35:00, 10.1,276.1,  2.6,  2.8, 18.715, 29.44,  0.0,  0.0,  0.041, 318.95,  0.093, 309.33,  0.204, 335.70,  0.164, 330.47,  0.183, 339.48,  0.062, 317.60,  0.169, 298.69,  0.075, 333.78,  0.102,  20.75,  0.156, 325.19,  0.166, 299.19,  0.073, 329.57,  0.127, 348.69,  0.046,  15.26,  0.065, 306.87,  0.095, 279.07,-99.000, -99.00,-99.000, -99.00,-99.000, -99.00,-99.000, -99.00,
9/14/2006 09:40:00, 10.1,276.0,  2.6,  2.8, 18.709, 29.44,  0.0,  0.0,  0.082, 348.00,  0.129,   4.43,  0.129, 329.87,  0.089, 320.44,  0.114, 341.57,  0.182, 297.83,  0.128, 345.10,  0.083, 338.07,  0.161, 295.45,  0.100, 348.47,  0.054, 334.86,  0.123, 321.92,  0.046, 261.16,  0.071, 285.61,  0.068, 288.97,  0.100, 269.43,-99.000, -99.00,-99.000, -99.00,-99.000, -99.00,-99.000, -99.00,
9/14/2006 09:45:00, 10.1,276.0,  2.6,  2.8, 18.727, 29.44,  0.0,  0.0,  0.115,  27.90,  0.144, 317.25,  0.154, 334.60,  0.056, 318.62,  0.070, 287.40,  0.071, 296.93,  0.152, 257.43,  0.119, 268.56,  0.069, 292.11,  0.036, 322.82,  0.077, 315.53,  0.103, 299.54,  0.043, 321.55,  0.061, 353.45,  0.202, 341.21,  0.149, 306.79,-99.000, -99.00,-99.000, -99.00,-99.000, -99.00,-99.000, -99.00,
9/14/2006 09:50:00, 10.1,276.0,  2.6,  2.8, 18.744, 29.44,  0.0,  0.0,  0.058,  12.85,  0.035,  25.11,  0.039, 203.96,  0.060,  31.29,  0.095, 273.01,  0.068, 288.97,  0.113, 317.15,  0.114, 311.80,  0.086, 256.61,  0.022, 291.80,  0.088, 335.18,  0.100, 328.06,  0.082, 344.44,  0.065, 298.54,  0.073, 270.00,  0.133, 284.35,-99.000, -99.00,-99.000, -99.00,-99.000, -99.00,-99.000, -99.00,
9/14/2006 09:55:00, 10.1,276.0,  2.6,  2.8, 18.726, 29.44,  0.0,  0.0,  0.058, 312.21,  0.158, 338.47,  0.092, 319.87,  0.056, 341.24,  0.121, 342.76,  0.142, 323.29,  0.077, 336.11,  0.047, 316.74,  0.124, 302.79,  0.164, 300.00,  0.131, 301.87,  0.190, 329.66,  0.077, 352.50,  0.078, 341.33,  0.144, 318.66,  0.086, 291.18,-99.000, -99.00,-99.000, -99.00,-99.000, -99.00,-99.000, -99.00,
9/14/2006 10:00:00, 10.1,276.0,  2.6,  2.8, 18.752, 29.45,  0.0,  0.0,  0.034, 258.02,  0.038,   3.01,  0.063,  37.95,  0.119, 321.49,  0.051, 294.08,  0.072, 289.44,  0.103, 280.65,  0.151, 312.58,  0.118, 324.97,  0.158, 315.77,  0.058, 287.18,  0.032, 334.23,  0.099, 350.16,  0.092,  19.61,  0.103, 336.66,  0.144, 230.65,-99.000, -99.00,-99.000, -99.00,-99.000, -99.00,-99.000, -99.00,
9/14/2006 10:05:00, 10.1,276.2,  2.6,  2.8, 18.755, 29.44,  0.0,  0.0,  0.082,   1.40,  0.100, 318.65,  0.028, 226.47,  0.105,  18.95,  0.127, 317.88,  0.057, 324.34,  0.110, 309.47,  0.096, 323.49,  0.092, 330.10,  0.092, 327.86,  0.101, 330.40,  0.100, 346.66,  0.080,   4.29,  0.074, 317.73,  0.111, 323.44,  0.145, 282.79,-99.000, -99.00,-99.000, -99.00,-99.000, -99.00,-99.000, -99.00,
9/14/2006 10:10:00, 10.1,276.1,  2.6,  2.7, 18.781, 29.44,  0.0,  0.0,  0.021, 311.19,  0.088, 285.14,  0.104, 300.02,  0.054, 351.42,  0.100, 301.16,  0.130, 275.75,  0.054, 260.36,  0.069, 325.62,  0.092,  10.70,  0.162,   6.73,  0.114,   2.51,  0.058,  25.68,  0.082, 345.96,  0.159, 352.79,  0.095, 330.48,  0.095, 243.71,-99.000, -99.00,-99.000, -99.00,-99.000, -99.00,-99.000, -99.00,
9/14/2006 10:15:00, 10.1,276.1,  2.6,  2.8, 18.770, 29.44,  0.0,  0.0,  0.063,  80.84,  0.031, 343.30,  0.074,  31.76,  0.117, 302.47,  0.092, 327.00,  0.088, 324.69,  0.066, 357.40,  0.183,  15.86,  0.165,  14.04,  0.126, 333.64,  0.095, 323.13,  0.150, 343.37,  0.098, 328.74,  0.111, 286.80,  0.095, 298.18,  0.107, 318.41,-99.000, -99.00,-99.000, -99.00,-99.000, -99.00,-99.000, -99.00,
9/14/2006 10:20:00, 10.1,276.0,  2.6,  2.7, 18.750, 29.43,  0.0,  0.0,  0.059, 269.03,  0.100, 340.66,  0.088, 277.85,  0.125, 337.94,  0.144, 330.40,  0.132, 316.85,  0.139, 307.69,  0.071, 331.26,  0.096, 347.41,  0.079, 318.61,  0.091, 340.18,  0.060, 359.05,  0.098, 320.79,  0.129, 314.69,  0.138, 320.89,  0.101, 319.40,-99.000, -99.00,-99.000, -99.00,-99.000, -99.00,-99.000, -99.00,
9/14/2006 10:25:00, 10.1,275.9,  2.6,  2.8, 18.759, 29.43,  0.0,  0.0,  0.050,  33.69,  0.085, 330.42,  0.056, 353.88,  0.103, 339.44,  0.157, 307.75,  0.087, 334.90,  0.063, 322.05,  0.135, 312.90,  0.083, 287.56,  0.148, 337.41,  0.082, 324.95,  0.134, 303.10,  0.093, 288.24,  0.152, 323.28,  0.053, 178.92,  0.049, 225.00,-99.000, -99.00,-99.000, -99.00,-99.000, -99.00,-99.000, -99.00,
9/14/2006 10:30:00, 10.1,276.1,  2.6,  2.8, 18.767, 29.43,  0.0,  0.0,  0.126, 353.16,  0.109,   4.20,  0.151, 322.83,  0.080, 291.14,  0.097, 295.77,  0.106, 330.05,  0.083, 324.78,  0.152, 295.72,  0.068, 347.20,  0.182, 351.78,  0.088, 350.86,  0.090,  12.80,  0.112,   9.21,  0.116, 327.68,  0.022, 309.47,  0.083, 139.40,-99.000, -99.00,-99.000, -99.00,-99.000, -99.00,-99.000, -99.00,
9/14/2006 10:35:00, 10.1,276.0,  2.6,  2.8, 18.770, 29.44,  0.0,  0.0,  0.152, 328.71,  0.124, 312.06,  0.096, 310.79,  0.120, 296.14,  0.072, 318.37,  0.096,  21.47,  0.066, 318.08,  0.134, 339.94,  0.075, 322.06,  0.062,  55.54,  0.169,   3.72,  0.131, 355.20,  0.168, 326.69,  0.178, 311.82,  0.109, 304.13,  0.093, 297.39,-99.000, -99.00,-99.000, -99.00,-99.000, -99.00,-99.000, -99.00,
9/14/2006 10:40:00, 10.1,276.0,  2.6,  2.8, 18.780, 29.44,  0.0,  0.0,  0.103,  38.31,  0.060,  51.04,  0.076, 355.49,  0.020,  57.09,  0.077,  40.76,  0.111, 352.75,  0.064, 336.22,  0.031, 281.31,  0.112, 303.69,  0.157, 297.38,  0.096, 336.10,  0.122, 295.30,  0.081, 276.42,  0.147, 318.30,  0.072, 288.69,  0.072, 291.21,-99.000, -99.00,-99.000, -99.00,-99.000, -99.00,-99.000, -99.00,
9/14/2006 10:45:00, 10.1,276.0,  2.6,  2.7, 18.798, 29.44,  0.0,  0.0,  0.084,  33.88,  0.124,  47.29,  0.095,  10.95,  0.024, 286.93,  0.097, 309.58,  0.045, 245.14,  0.120, 306.87,  0.103, 287.55,  0.071, 339.25,  0.072, 357.61,  0.024,  36.38,  0.135, 327.37,  0.147, 326.63,  0.119, 339.89,  0.128, 342.70,  0.022, 174.81,-99.000, -99.00,-99.000, -99.00,-99.000, -99.00,-99.000, -99.00,
9/14/2006 10:50:00, 10.1,276.1,  2.6,  2.8, 18.795, 29.44,  0.0,  0.0,  0.100, 354.86,  0.052, 311.91,  0.168, 319.58,  0.141, 287.79,  0.126, 316.29,  0.111, 338.96,  0.026,   8.75,  0.091,  43.67,  0.084,   2.05,  0.046, 301.61,  0.084, 359.32,  0.102, 316.59,  0.014, 315.00,  0.076, 322.98,  0.125, 309.16,  0.130, 263.37,-99.000, -99.00,-99.000, -99.00,-99.000, -99.00,-99.000, -99.00,
9/14/2006 10:55:00, 10.1,276.2,  2.6,  2.7, 18.815, 29.44,  0.0,  0.0,  0.048, 329.66,  0.085, 357.98,  0.044,  10.54,  0.086, 322.59,  0.085, 321.23,  0.120, 311.63,  0.054, 314.26,  0.068, 349.02,  0.045, 316.79,  0.014,   0.00,  0.074, 329.97,  0.078, 313.96,  0.061, 327.09,  0.027, 347.01,  0.042, 279.69,  0.128, 244.04,-99.000, -99.00,-99.000, -99.00,-99.000, -99.00,-99.000, -99.00,
9/14/2006 11:00:00, 10.1,276.1,  2.7,  2.7, 18.832, 29.45,  0.0,  0.0,  0.167,  56.21,  0.019,   0.00,  0.085, 308.77,  0.125, 335.48,  0.026, 270.00,  0.227, 317.86,  0.034, 209.54,  0.063,  61.39,  0.082,   2.10,  0.109, 292.09,  0.117, 302.47,  0.127, 280.43,  0.072, 291.21,  0.077, 267.03,  0.026, 215.54,  0.078, 240.80,-99.000, -99.00,-99.000, -99.00,-99.000, -99.00,-99.000, -99.00,
9/14/2006 11:05:00, 10.1,276.1,  2.7,  2.7, 18.819, 29.45,  0.0,  0.0,  0.043, 327.43,  0.066, 356.53,  0.084, 329.15,  0.094, 357.56,  0.074, 331.02,  0.087, 334.90,  0.028,   0.00,  0.122, 352.00,  0.057, 340.62,  0.081, 352.87,  0.048, 310.73,  0.090, 297.70,  0.010,  16.70,  0.098, 352.37,  0.130, 330.09,  0.132, 287.20,-99.000, -99.00,-99.000, -99.00,-99.000, -99.00,-99.000, -99.00,
9/14/2006 11:10:00, 10.1,276.1,  2.6,  2.8, 18.847, 29.45,  0.0,  0.0,  0.111, 345.34,  0.152, 303.17,  0.075, 310.10,  0.106,  13.12,  0.047, 274.86,  0.115, 326.03,  0.088, 309.47,  0.081, 350.07,  0.101,   2.83,  0.067, 293.88,  0.047,   0.00,  0.096,   4.17,  0.078, 326.51,  0.057, 282.09,  0.095, 317.56,  0.202, 232.05,-99.000, -99.00,-99.000, -99.00,-99.000, -99.00,-99.000, -99.00,
9/14/2006 11:15:00, 10.1,276.3,  2.6,  2.7, 18.847, 29.45,  0.0,  0.0,  0.069, 317.95,  0.064, 300.96,  0.099, 288.25,  0.022, 275.19,  0.072, 333.43,  0.093,   0.00,  0.108, 289.44,  0.082, 311.05,  0.087, 320.62,  0.100, 316.61,  0.087, 313.60,  0.062, 279.31,  0.128, 299.58,  0.019, 351.03,  0.019, 195.52,  0.021, 238.57,-99.000, -99.00,-99.000, -99.00,-99.000, -99.00,-99.000, -99.00,
9/14/2006 11:20:00, 10.0,276.1,  2.6,  2.7, 18.845, 29.45,  0.0,  0.0,  0.140, 345.57,  0.093, 357.54,  0.065, 306.87,  0.175, 310.14,  0.020, 188.53,  0.075,  57.59,  0.087, 276.63,  0.060, 276.65,  0.097, 283.17,  0.084, 314.52,  0.044, 345.65,  0.029,  40.82,  0.096, 344.95,  0.089, 342.38,  0.063,  56.06,  0.074, 220.60,-99.000, -99.00,-99.000, -99.00,-99.000, -99.00,-99.000, -99.00,
9/14/2006 11:25:00, 10.0,276.0,  2.6,  2.8, 18.853, 29.45,  0.0,  0.0,  0.114, 282.20,  0.054,  32.80,  0.089, 359.36,  0.078, 344.36,  0.025, 316.64,  0.155, 296.40,  0.118, 317.76,  0.148, 343.52,  0.052, 346.76,  0.070, 344.17,  0.121, 349.99,  0.134,   0.43,  0.100, 332.67,  0.162, 297.20,  0.166, 286.47,  0.107, 305.91,-99.000, -99.00,-99.000, -99.00,-99.000, -99.00,-99.000, -99.00,
9/14/2006 11:30:00, 10.0,276.2,  2.6,  2.7, 18.864, 29.45,  0.0,  0.0,  0.150, 323.13,  0.098, 257.66,  0.081, 342.69,  0.135, 327.37,  0.102, 293.05,  0.098, 293.96,  0.068, 308.40,  0.139, 322.31,  0.131, 345.86,  0.125, 317.60,  0.115, 345.96,  0.073, 340.08,  0.073, 321.10,  0.087, 303.69,  0.091, 309.64,  0.034,  30.38,-99.000, -99.00,-99.000, -99.00,-99.000, -99.00,-99.000, -99.00,
9/14/2006 11:35:00, 10.0,276.1,  2.6,  2.8, 18.860, 29.45,  0.0,  0.0,  0.041, 274.18,  0.102, 290.03,  0.102, 272.81,  0.119, 322.17,  0.128, 331.64,  0.122, 315.67,  0.055, 333.90,  0.096, 349.75,  0.096, 347.41,  0.109,   8.95,  0.080, 344.05,  0.052, 297.55,  0.077, 296.90,  0.070, 332.70,  0.119, 328.71,  0.028, 194.53,-99.000, -99.00,-99.000, -99.00,-99.000, -99.00,-99.000, -99.00,
9/14/2006 11:40:00, 10.0,276.1,  2.6,  2.8, 18.883, 29.45,  0.0,  0.0,  0.098, 331.34,  0.142, 319.00,  0.117, 318.12,  0.162, 342.01,  0.047, 336.16,  0.112, 285.52,  0.061, 298.24,  0.135, 343.18,  0.052, 322.03,  0.073,   9.46,  0.095, 294.94,  0.062, 303.18,  0.058,  26.57,  0.083, 317.45,  0.143, 264.77,  0.147, 235.55,-99.000, -99.00,-99.000, -99.00,-99.000, -99.00,-99.000, -99.00,
9/14/2006 11:45:00, 10.0,276.1,  2.6,  2.8, 18.857, 29.45,  0.0,  0.0,  0.027,  34.29,  0.147, 331.51,  0.058, 354.09,  0.095, 350.93,  0.160, 331.19,  0.105, 333.43,  0.078, 294.93,  0.031, 352.65,  0.148, 316.37,  0.105, 317.32,  0.137, 344.34,  0.064, 294.96,  0.049, 296.57,  0.031, 321.63,  0.076, 359.25,  0.076, 141.93,-99.000, -99.00,-99.000, -99.00,-99.000, -99.00,-99.000, -99.00,
9/14/2006 11:50:00, 10.0,276.1,  2.6,  2.8, 18.874, 29.45,  0.0,  0.0,  0.111, 356.91,  0.018,  83.66,  0.118, 300.05,  0.147, 351.37,  0.074, 296.57,  0.142, 329.11,  0.100, 343.19,  0.073, 323.91,  0.061, 296.15,  0.092, 285.09,  0.156, 312.15,  0.055, 329.22,  0.076,   2.26,  0.077, 340.40,  0.085, 309.29,  0.054, 245.82,-99.000, -99.00,-99.000, -99.00,-99.000, -99.00,-99.000, -99.00,
9/14/2006 11:55:00, 10.0,276.1,  2.7,  2.7, 18.877, 29.46,  0.0,  0.0,  0.025, 350.91,  0.015, 306.87,  0.112, 307.38,  0.130, 315.00,  0.129, 313.11,  0.017, 334.98,  0.047,  21.12,  0.104, 344.36,  0.076, 324.64,  0.108, 358.94,  0.115, 334.77,  0.182, 330.33,  0.112, 298.86,  0.068, 320.95,  0.098, 317.88,  0.064, 225.63,-99.000, -99.00,-99.000, -99.00,-99.000, -99.00,-99.000, -99.00,
9/14/2006 12:00:00, 10.0,276.2,  2.6,  2.8, 18.900, 29.46,  0.0,  0.0,  0.077,  41.33,  0.124, 356.77,  0.141, 306.95,  0.167, 293.96,  0.121, 289.33,  0.172, 326.13,  0.121, 313.99,  0.128, 303.81,  0.161, 308.72,  0.132, 359.13,  0.088, 344.23,  0.145, 322.58,  0.076, 290.11,  0.107, 297.76,  0.069, 288.70,  0.107, 219.67,-99.000, -99.00,-99.000, -99.00,-99.000, -99.00,-99.000, -99.00,
9/14/2006 12:05:00, 10.0,276.1,  2.7,  2.7, 18.907, 29.46,  0.0,  0.0,  0.110, 330.64,  0.154, 275.23,  0.085, 325.01,  0.046,   1.25,  0.101, 346.79,  0.135, 301.11,  0.038, 344.88,  0.123, 312.37,  0.180, 322.43,  0.089, 338.92,  0.128, 327.43,  0.179, 323.64,  0.123, 319.60,  0.128, 306.42,  0.129, 318.14,  0.125, 272.29,-99.000, -99.00,-99.000, -99.00,-99.000, -99.00,-99.000, -99.00,
9/14/2006 12:10:00, 10.0,276.0,  2.6,  2.8, 18.895, 29.46,  0.0,  0.0,  0.203,   4.53,  0.113,  14.41,  0.105, 307.64,  0.118, 330.62,  0.147, 325.23,  0.116, 323.03,  0.104, 285.64,  0.133, 313.17,  0.218, 340.15,  0.111, 334.36,  0.051, 333.43,  0.140, 335.45,  0.119, 308.51,  0.107, 305.91,  0.101, 321.43,  0.113, 271.52,-99.000, -99.00,-99.000, -99.00,-99.000, -99.00,-99.000, -99.00,
9/14/2006 12:15:00, 10.0,276.2,  2.6,  2.8, 18.910, 29.46,  0.0,  0.0,  0.190,   1.81,  0.092, 356.27,  0.149, 331.54,  0.160, 327.01,  0.083, 310.60,  0.101, 338.51,  0.065,  16.19,  0.069, 270.00,  0.151, 310.44,  0.146, 331.86,  0.154, 337.92,  0.093, 311.94,  0.185, 321.15,  0.056, 285.52,  0.055, 260.54,  0.075,  99.96,-99.000, -99.00,-99.000, -99.00,-99.000, -99.00,-99.000, -99.00,
9/14/2006 12:20:00, 10.0,276.1,  2.6,  2.8, 18.919, 29.47,  0.0,  0.0,  0.041, 350.07,  0.186, 324.18,  0.100, 273.43,  0.080, 318.54,  0.162, 281.03,  0.149, 301.23,  0.175, 314.77,  0.066, 319.30,  0.106, 345.31,  0.093, 338.65,  0.108, 327.49,  0.067, 336.12,  0.084, 328.57,  0.156, 316.81,  0.065, 271.76,  0.045, 230.36,-99.000, -99.00,-99.000, -99.00,-99.000, -99.00,-99.000, -99.00,
9/14/2006 12:25:00, 10.0,276.1,  2.7,  2.8, 18.932, 29.47,  0.0,  0.0,  0.030, 299.98,  0.185, 328.03,  0.144, 310.21,  0.068, 251.03,  0.208, 297.55,  0.064, 299.74,  0.164, 268.25,  0.145, 270.00,  0.154, 297.40,  0.080, 312.47,  0.153, 313.41,  0.108, 348.27,  0.100, 343.74,  0.071, 313.85,  0.158, 312.69,  0.040, 157.93,-99.000, -99.00,-99.000, -99.00,-99.000, -99.00,-99.000, -99.00,
9/14/2006 12:30:00, 10.0,276.1,  2.6,  2.8, 18.937, 29.47,  0.0,  0.0,  0.101, 284.86,  0.140, 329.60,  0.103,   0.00,  0.073, 335.88,  0.108, 291.11,  0.148, 290.15,  0.087, 328.70,  0.162, 323.27,  0.097, 301.57,  0.087, 290.94,  0.055, 239.22,  0.130, 255.75,  0.162, 283.61,  0.110, 283.66,  0.047, 278.65,  0.160, 306.87,-99.000, -99.00,-99.000, -99.00,-99.000, -99.00,-99.000, -99.00,
9/14/2006 12:35:00, 10.0,276.2,  2.6,  2.8, 18.936, 29.47,  0.0,  0.0,  0.017, 229.76,  0.089, 342.38,  0.173, 324.65,  0.167, 305.02,  0.076, 290.11,  0.155, 285.39,  0.140, 280.27,  0.188, 283.22,  0.115, 310.76,  0.104, 312.27,  0.095, 306.87,  0.132, 331.49,  0.153, 322.68,  0.129, 308.38,  0.098, 286.59,  0.114, 346.33,-99.000, -99.00,-99.000, -99.00,-99.000, -99.00,-99.000, -99.00,
9/14/2006 12:40:00, 10.0,276.1,  2.6,  2.8, 18.954, 29.47,  0.0,  0.0,  0.125, 336.50,  0.177, 266.44,  0.150, 296.91,  0.083, 324.78,  0.099, 335.51,  0.063, 295.35,  0.132, 290.91,  0.121, 305.92,  0.130, 288.43,  0.138, 310.87,  0.173, 330.91,  0.109, 324.71,  0.105, 308.83,  0.110, 328.05,  0.145, 323.13,  0.095, 285.20,-99.000, -99.00,-99.000, -99.00,-99.000, -99.00,-99.000, -99.00,
9/14/2006 12:45:00, 10.0,276.2,  2.6,  2.8, 18.950, 29.48,  0.0,  0.0,  0.110, 326.45,  0.069, 317.34,  0.175, 231.03,  0.211, 303.99,  0.156, 292.96,  0.112, 298.16,  0.105, 297.30,  0.193, 270.00,  0.139, 306.54,  0.149, 324.82,  0.197, 330.83,  0.083, 307.15,  0.078, 322.25,  0.156, 317.60,  0.127, 310.21,  0.158, 316.02,-99.000, -99.00,-99.000, -99.00,-99.000, -99.00,-99.000, -99.00,
9/14/2006 12:50:00, 10.0,276.1,  2.7,  2.8, 18.942, 29.48,  0.0,  0.0,  0.145, 284.80,  0.149, 307.10,  0.084, 330.09,  0.082, 247.81,  0.090, 251.97,  0.141, 285.61,  0.142, 294.94,  0.171, 309.08,  0.137, 319.44,  0.172, 326.86,  0.141, 323.94,  0.143, 288.82,  0.088, 287.82,  0.166, 321.34,  0.174, 316.40,  0.033, 311.35,-99.000, -99.00,-99.000, -99.00,-99.000, -99.00,-99.000, -99.00,
9/14/2006 12:55:00, 10.0,276.1,  2.7,  2.7, 18.959, 29.49,  0.0,  0.0,  0.136, 320.95,  0.158, 290.39,  0.208, 301.25,  0.103, 268.89,  0.202, 300.38,  0.197, 285.03,  0.208, 304.22,  0.138, 293.04,  0.191, 310.54,  0.142, 324.74,  0.114, 327.57,  0.011,  26.57,  0.010, 270.00,  0.078, 280.30,  0.076, 294.88,  0.181, 335.84,-99.000, -99.00,-99.000, -99.00,-99.000, -99.00,-99.000, -99.00,
9/14/2006 13:00:00, 10.0,276.1,  2.7,  2.7, 18.971, 29.49,  0.0,  0.0,  0.127, 287.43,  0.119, 275.81,  0.129, 314.06,  0.109, 309.40,  0.160, 314.49,  0.221, 315.00,  0.160, 299.12,  0.146, 301.84,  0.098, 304.18,  0.130, 294.59,  0.146, 322.50,  0.146, 320.55,  0.149, 294.67,  0.124, 258.33,  0.156, 317.85,  0.052,   3.30,-99.000, -99.00,-99.000, -99.00,-99.000, -99.00,-99.000, -99.00,
9/14/2006 13:05:00, 10.0,276.2,  2.6,  2.8, 18.973, 29.50,  0.0,  0.0,  0.114, 304.66,  0.158, 332.46,  0.110, 328.77,  0.169, 319.33,  0.166, 316.47,  0.207, 313.82,  0.177, 316.37,  0.147, 324.69,  0.149, 315.27,  0.094, 297.93,  0.119, 285.55,  0.104, 267.80,  0.132, 286.78,  0.174, 288.12,  0.196, 308.80,  0.120, 299.33,-99.000, -99.00,-99.000, -99.00,-99.000, -99.00,-99.000, -99.00,
9/14/2006 13:10:00, 10.0,276.1,  2.7,  2.7, 18.979, 29.51,  0.0,  0.0,  0.182, 347.64,  0.140, 323.70,  0.196, 323.71,  0.235, 330.92,  0.178, 312.27,  0.273, 294.41,  0.114, 282.20,  0.107, 297.76,  0.162, 301.33,  0.150, 296.05,  0.172, 298.50,  0.161, 303.10,  0.143, 303.91,  0.148, 282.53,  0.142, 272.02,  0.136, 287.50,-99.000, -99.00,-99.000, -99.00,-99.000, -99.00,-99.000, -99.00,
9/14/2006 13:15:00, 10.0,276.2,  2.6,  2.8, 18.987, 29.51,  0.0,  0.0,  0.170, 334.19,  0.143, 338.27,  0.111, 322.72,  0.121, 308.96,  0.113, 306.36,  0.145, 325.11,  0.190, 318.84,  0.139, 312.38,  0.122, 314.67,  0.076, 333.43,  0.192, 321.34,  0.103, 294.08,  0.137, 299.18,  0.129, 275.36,  0.129, 286.61,  0.101, 275.65,-99.000, -99.00,-99.000, -99.00,-99.000, -99.00,-99.000, -99.00,
9/14/2006 13:20:00, 10.0,276.2,  2.7,  2.8, 18.995, 29.52,  0.0,  0.0,  0.121, 299.74,  0.176, 329.93,  0.161, 293.39,  0.064, 263.76,  0.123, 334.06,  0.126, 323.04,  0.132, 307.30,  0.108, 313.88,  0.135, 286.82,  0.110, 297.49,  0.140, 310.07,  0.204, 293.68,  0.182, 292.33,  0.164, 277.69,  0.142, 283.84,  0.079, 270.73,-99.000, -99.00,-99.000, -99.00,-99.000, -99.00,-99.000, -99.00,
9/14/2006 13:25:00, 10.0,276.1,  2.7,  2.7, 18.994, 29.54,  0.0,  0.0,  0.210, 297.78,  0.171, 319.03,  0.129, 312.48,  0.106, 272.16,  0.057, 346.93,  0.205, 326.54,  0.228, 325.54,  0.251, 304.77,  0.130, 324.36,  0.186, 306.93,  0.116, 288.59,  0.111, 309.14,  0.125, 276.90,  0.164, 287.77,  0.170, 292.05,  0.142, 296.38,-99.000, -99.00,-99.000, -99.00,-99.000, -99.00,-99.000, -99.00,
9/14/2006 13:30:00, 10.0,276.1,  2.7,  2.7, 18.984, 29.55,  0.0,  0.0,  0.182, 345.05,  0.071, 337.75,  0.212,   0.00,  0.162, 332.80,  0.125, 344.18,  0.111, 344.34,  0.139, 339.35,  0.219, 322.61,  0.195, 320.83,  0.168, 305.78,  0.138, 288.17,  0.195, 297.74,  0.199, 299.53,  0.122, 293.20,  0.144, 301.03,  0.140, 263.03,-99.000, -99.00,-99.000, -99.00,-99.000, -99.00,-99.000, -99.00,
9/14/2006 13:35:00, 10.0,276.1,  2.7,  2.7, 18.986, 29.56,  0.0,  0.0,  0.169, 343.17,  0.151, 333.60,  0.109, 344.56,  0.119, 297.42,  0.147, 310.86,  0.125, 266.79,  0.176, 311.09,  0.103, 293.34,  0.127, 261.87,  0.199, 280.41,  0.165, 276.95,  0.240, 301.17,  0.238, 299.15,  0.174, 293.03,  0.136, 279.32,  0.121, 295.93,-99.000, -99.00,-99.000, -99.00,-99.000, -99.00,-99.000, -99.00,
9/14/2006 13:40:00, 10.0,276.2,  2.7,  2.7, 19.008, 29.56,  0.0,  0.0,  0.231, 328.10,  0.213, 307.35,  0.124,   9.31,  0.188, 298.20,  0.208, 303.84,  0.150, 270.38,  0.145, 266.84,  0.178, 262.60,  0.181, 267.47,  0.193, 284.68,  0.193, 257.76,  0.194, 287.97,  0.167, 279.63,  0.138, 273.73,  0.155, 302.04,  0.069, 245.28,-99.000, -99.00,-99.000, -99.00,-99.000, -99.00,-99.000, -99.00,
9/14/2006 13:45:00, 10.0,276.1,  2.7,  2.8, 19.021, 29.57,  0.0,  0.0,  0.238, 332.14,  0.136, 334.37,  0.114, 308.58,  0.111, 279.89,  0.150, 320.15,  0.176, 304.32,  0.174, 276.92,  0.217, 272.90,  0.216, 246.52,  0.180, 233.58,  0.134, 256.17,  0.179, 261.96,  0.172, 253.78,  0.146, 256.15,  0.112, 281.31,  0.131, 310.03,-99.000, -99.00,-99.000, -99.00,-99.000, -99.00,-99.000, -99.00,
9/14/2006 13:50:00, 10.0,276.1,  2.7,  2.7, 19.012, 29.57,  0.0,  0.0,  0.147, 282.99,  0.082, 306.03,  0.077, 342.73,  0.160, 338.40,  0.147, 328.90,  0.097, 309.12,  0.141, 300.20,  0.170, 281.18,  0.131, 304.78,  0.148, 295.53,  0.154, 281.60,  0.139, 258.77,  0.200, 284.45,  0.227, 284.83,  0.153, 289.03,  0.099, 326.95,-99.000, -99.00,-99.000, -99.00,-99.000, -99.00,-99.000, -99.00,
9/14/2006 13:55:00, 10.0,276.1,  2.7,  2.8, 19.004, 29.57,  0.0,  0.0,  0.169, 352.87,  0.110, 354.81,  0.139, 308.60,  0.161, 318.78,  0.159, 343.51,  0.103, 307.53,  0.176, 278.82,  0.079, 284.74,  0.097, 271.18,  0.064, 266.42,  0.116, 322.73,  0.162, 300.36,  0.155, 264.81,  0.185, 281.25,  0.199, 308.25,  0.233, 299.87,-99.000, -99.00,-99.000, -99.00,-99.000, -99.00,-99.000, -99.00,
9/14/2006 14:00:00, 10.0,276.1,  2.7,  2.8, 19.001, 29.57,  0.0,  0.0,  0.050, 334.98,  0.103, 283.50,  0.059, 288.74,  0.147, 283.37,  0.066, 277.88,  0.114, 313.93,  0.104, 319.70,  0.165, 283.28,  0.177, 283.72,  0.106, 238.11,  0.104, 267.25,  0.191, 275.71,  0.213, 262.71,  0.192, 275.38,  0.138, 290.80,  0.123, 296.15,-99.000, -99.00,-99.000, -99.00,-99.000, -99.00,-99.000, -99.00,
9/14/2006 14:05:00, 10.0,276.2,  2.7,  2.7, 19.006, 29.57,  0.0,  0.0,  0.025, 341.57,  0.114, 280.12,  0.073, 302.17,  0.099, 275.19,  0.201, 302.58,  0.064, 252.70,  0.094, 266.96,  0.144, 282.40,  0.174, 278.27,  0.121, 309.99,  0.114, 286.84,  0.151, 267.72,  0.176, 261.50,  0.126, 254.86,  0.133, 311.02,  0.067, 322.28,-99.000, -99.00,-99.000, -99.00,-99.000, -99.00,-99.000, -99.00,
9/14/2006 14:10:00, 10.0,276.1,  2.7,  2.8, 19.008, 29.56,  0.0,  0.0,  0.146, 285.95,  0.070, 324.27,  0.130, 286.07,  0.134, 243.82,  0.083, 296.57,  0.133, 284.77,  0.093, 257.01,  0.104, 261.17,  0.142, 260.67,  0.109, 260.45,  0.118, 285.68,  0.146, 281.08,  0.191, 296.70,  0.136, 304.51,  0.204, 308.84,  0.004, 243.43,-99.000, -99.00,-99.000, -99.00,-99.000, -99.00,-99.000, -99.00,
9/14/2006 14:15:00, 10.0,276.1,  2.7,  2.8, 19.023, 29.55,  0.0,  0.0,  0.090, 339.15,  0.189, 308.14,  0.120, 295.07,  0.105, 309.60,  0.134, 303.45,  0.105, 322.36,  0.048, 266.42,  0.105, 251.74,  0.181, 253.66,  0.202, 264.04,  0.148, 261.87,  0.154, 266.28,  0.220, 299.13,  0.127, 292.14,  0.163, 297.04,  0.096, 291.47,-99.000, -99.00,-99.000, -99.00,-99.000, -99.00,-99.000, -99.00,
9/14/2006 14:20:00, 10.0,276.1,  2.7,  2.8, 19.009, 29.55,  0.0,  0.0,  0.111, 298.65,  0.101, 294.02,  0.200, 318.03,  0.130, 307.84,  0.061, 265.31,  0.162, 271.06,  0.176, 267.72,  0.191, 288.91,  0.115, 274.47,  0.118, 273.39,  0.125, 265.88,  0.164, 254.78,  0.170, 290.36,  0.143, 310.17,  0.113, 317.52,  0.059, 327.38,-99.000, -99.00,-99.000, -99.00,-99.000, -99.00,-99.000, -99.00,
9/14/2006 14:25:00, 10.0,276.1,  2.7,  2.8, 19.024, 29.55,  0.0,  0.0,  0.115, 346.93,  0.209, 326.92,  0.140, 339.88,  0.188, 274.89,  0.158, 301.77,  0.175, 320.32,  0.169, 300.96,  0.121, 310.65,  0.125, 282.03,  0.120, 262.34,  0.155, 284.22,  0.215, 289.03,  0.143, 308.47,  0.135, 293.14,  0.163, 312.01,  0.011, 206.57,-99.000, -99.00,-99.000, -99.00,-99.000, -99.00,-99.000, -99.00,
9/14/2006 14:30:00, 10.0,276.1,  2.7,  2.7, 19.000, 29.54,  0.0,  0.0,  0.090, 314.55,  0.070, 304.59,  0.069, 279.19,  0.086, 290.32,  0.049, 255.96,  0.217, 296.57,  0.175, 255.09,  0.234, 272.20,  0.188, 277.96,  0.175, 274.25,  0.179, 272.24,  0.086, 282.09,  0.115, 270.50,  0.132, 294.23,  0.082, 312.04,  0.054, 314.26,-99.000, -99.00,-99.000, -99.00,-99.000, -99.00,-99.000, -99.00,
9/14/2006 14:35:00, 10.0,276.1,  2.7,  2.8, 19.019, 29.54,  0.0,  0.0,  0.099, 353.02,  0.102, 333.94,  0.064, 336.22,  0.154, 266.66,  0.173, 289.90,  0.136, 273.79,  0.144, 293.72,  0.169, 278.51,  0.080, 267.14,  0.093, 207.67,  0.135, 251.03,  0.136, 280.98,  0.137, 272.51,  0.170, 290.36,  0.209, 310.93,  0.173, 335.36,-99.000, -99.00,-99.000, -99.00,-99.000, -99.00,-99.000, -99.00,
9/14/2006 14:40:00, 10.0,276.1,  2.7,  2.8, 19.022, 29.54,  0.0,  0.0,  0.069, 327.46,  0.059,  38.81,  0.125, 302.54,  0.050, 271.15,  0.126, 269.55,  0.047, 282.26,  0.173, 274.65,  0.121, 285.88,  0.152, 253.12,  0.139, 271.24,  0.099, 276.98,  0.129, 275.36,  0.095, 290.34,  0.074, 287.22,  0.102, 291.80,  0.109, 323.97,-99.000, -99.00,-99.000, -99.00,-99.000, -99.00,-99.000, -99.00,
9/14/2006 14:45:00, 10.0,276.1,  2.7,  2.8, 19.020, 29.54,  0.0,  0.0,  0.176, 312.93,  0.142, 349.88,  0.135, 351.51,  0.116, 336.09,  0.161, 302.31,  0.140, 297.30,  0.091, 264.98,  0.106, 272.16,  0.117, 279.38,  0.090, 266.82,  0.137, 244.55,  0.143, 251.69,  0.162, 277.43,  0.176, 299.34,  0.110, 297.73,  0.051, 345.14,-99.000, -99.00,-99.000, -99.00,-99.000, -99.00,-99.000, -99.00,
9/14/2006 14:50:00, 10.0,276.2,  2.7,  2.7, 19.014, 29.54,  0.0,  0.0,  0.115, 324.93,  0.066, 322.96,  0.094, 311.53,  0.138, 277.49,  0.073, 289.18,  0.094, 297.11,  0.086, 241.65,  0.134, 295.61,  0.170, 273.03,  0.094, 247.52,  0.122, 278.46,  0.132, 274.76,  0.162, 257.51,  0.106, 310.43,  0.139, 315.00,  0.047, 274.86,-99.000, -99.00,-99.000, -99.00,-99.000, -99.00,-99.000, -99.00,
9/14/2006 14:55:00, 10.0,276.0,  2.7,  2.8, 19.012, 29.54,  0.0,  0.0,  0.183, 313.01,  0.151, 312.32,  0.089, 315.91,  0.098, 324.53,  0.128, 308.03,  0.151, 313.93,  0.070, 298.02,  0.214, 279.95,  0.201, 251.75,  0.212, 266.76,  0.161, 292.26,  0.150, 292.80,  0.192, 298.97,  0.199, 304.17,  0.169, 316.68,  0.075, 325.26,-99.000, -99.00,-99.000, -99.00,-99.000, -99.00,-99.000, -99.00,
9/14/2006 15:00:00, 10.0,276.1,  2.7,  2.8, 19.024, 29.54,  0.0,  0.0,  0.108, 283.91,  0.056, 329.74,  0.085, 291.43,  0.029, 329.04,  0.128, 296.37,  0.157, 259.70,  0.166, 273.10,  0.123, 290.94,  0.114, 284.77,  0.132, 251.43,  0.194, 305.33,  0.174, 281.96,  0.220, 286.37,  0.138, 276.25,  0.138, 305.30,  0.063, 330.59,-99.000, -99.00,-99.000, -99.00,-99.000, -99.00,-99.000, -99.00,
9/14/2006 15:05:00, 10.0,276.1,  2.7,  2.7, 19.024, 29.54,  0.0,  0.0,  0.077,   0.00,  0.066, 328.74,  0.088, 307.13,  0.107, 302.06,  0.136, 280.15,  0.119, 298.50,  0.058, 278.97,  0.105, 291.19,  0.119, 277.72,  0.180, 284.50,  0.196, 285.66,  0.200, 277.48,  0.180, 277.01,  0.124, 288.29,  0.198, 305.54,  0.134, 334.78,-99.000, -99.00,-99.000, -99.00,-99.000, -99.00,-99.000, -99.00,
9/14/2006 15:10:00, 10.0,276.1,  2.7,  2.7, 19.020, 29.54,  0.0,  0.0,  0.127,  31.20,  0.083, 354.49,  0.142, 290.98,  0.094, 305.89,  0.110, 306.14,  0.189, 293.04,  0.132, 232.09,  0.109, 256.22,  0.140, 278.19,  0.163, 296.25,  0.162, 262.22,  0.236, 267.33,  0.125, 278.71,  0.152, 298.76,  0.099, 285.87,  0.098, 315.83,-99.000, -99.00,-99.000, -99.00,-99.000, -99.00,-99.000, -99.00,
9/14/2006 15:15:00, 10.0,276.1,  2.7,  2.7, 19.016, 29.54,  0.0,  0.0,  0.111, 341.08,  0.119, 300.88,  0.074,   5.40,  0.139, 315.29,  0.218, 304.93,  0.036, 318.37,  0.198, 286.42,  0.160, 288.55,  0.141, 285.61,  0.148, 300.90,  0.202, 283.76,  0.145, 273.55,  0.149, 284.78,  0.178, 285.99,  0.120, 299.57,  0.044,   0.00,-99.000, -99.00,-99.000, -99.00,-99.000, -99.00,-99.000, -99.00,
9/14/2006 15:20:00, 10.0,276.0,  2.7,  2.7, 19.019, 29.54,  0.0,  0.0,  0.024, 332.35,  0.061, 251.86,  0.174, 290.21,  0.098, 242.65,  0.132, 287.20,  0.253, 278.19,  0.086, 287.59,  0.158, 276.54,  0.147, 285.36,  0.108, 232.17,  0.197, 265.94,  0.143, 274.40,  0.156, 287.51,  0.159, 277.57,  0.133, 279.11,  0.043, 230.71,-99.000, -99.00,-99.000, -99.00,-99.000, -99.00,-99.000, -99.00,
9/14/2006 15:25:00, 10.0,276.0,  2.7,  2.7, 19.015, 29.54,  0.0,  0.0,  0.116, 303.00,  0.145, 304.35,  0.142, 258.22,  0.031, 258.69,  0.119, 298.73,  0.223, 270.26,  0.182, 284.65,  0.135, 279.81,  0.203, 277.65,  0.190, 276.34,  0.188, 260.19,  0.148, 275.05,  0.179, 304.31,  0.122, 314.33,  0.167, 316.46,  0.079, 306.29,-99.000, -99.00,-99.000, -99.00,-99.000, -99.00,-99.000, -99.00,
9/14/2006 15:30:00, 10.0,276.1,  2.7,  2.7, 19.012, 29.55,  0.0,  0.0,  0.136, 348.94,  0.132, 305.74,  0.158, 319.36,  0.130, 281.05,  0.153, 288.67,  0.103, 282.29,  0.171, 268.99,  0.218, 285.44,  0.184, 291.69,  0.249, 283.48,  0.211, 285.95,  0.174, 277.25,  0.195, 290.76,  0.207, 312.26,  0.098, 319.14,  0.061, 299.51,-99.000, -99.00,-99.000, -99.00,-99.000, -99.00,-99.000, -99.00,
9/14/2006 15:35:00, 10.0,276.1,  2.7,  2.8, 19.016, 29.55,  0.0,  0.0,  0.103,  21.60,  0.174, 292.29,  0.143, 320.09,  0.005, 201.80,  0.202, 312.20,  0.147, 264.13,  0.209, 270.00,  0.127, 232.68,  0.072, 284.42,  0.160, 295.92,  0.137, 313.82,  0.101, 299.11,  0.205, 302.06,  0.121, 300.80,  0.138, 311.19,  0.091, 259.19,-99.000, -99.00,-99.000, -99.00,-99.000, -99.00,-99.000, -99.00,
9/14/2006 15:40:00, 10.0,276.2,  2.7,  2.7, 19.009, 29.55,  0.0,  0.0,  0.175, 334.31,  0.031, 262.65,  0.134, 334.78,  0.133, 339.24,  0.095, 292.80,  0.057, 257.91,  0.229, 283.37,  0.160, 258.48,  0.099, 242.40,  0.099, 256.53,  0.238, 278.20,  0.147, 273.89,  0.144, 301.92,  0.135, 295.04,  0.127, 297.78,  0.020, 113.96,-99.000, -99.00,-99.000, -99.00,-99.000, -99.00,-99.000, -99.00,
9/14/2006 15:45:00, 10.0,276.1,  2.7,  2.8, 19.021, 29.55,  0.0,  0.0,  0.092, 314.12,  0.153, 303.79,  0.069, 316.17,  0.091, 314.10,  0.088, 299.18,  0.101, 319.03,  0.080, 288.89,  0.129, 270.44,  0.182, 290.63,  0.122, 266.72,  0.143, 257.91,  0.158, 244.90,  0.175, 269.02,  0.213, 291.75,  0.122, 309.69,  0.039, 343.44,-99.000, -99.00,-99.000, -99.00,-99.000, -99.00,-99.000, -99.00,
9/14/2006 15:50:00, 10.0,276.0,  2.7,  2.7, 19.022, 29.55,  0.0,  0.0,  0.113, 337.73,  0.042, 337.69,  0.102, 311.82,  0.170, 309.03,  0.113, 276.62,  0.083, 239.74,  0.140, 268.77,  0.164, 256.98,  0.162, 270.35,  0.142, 285.50,  0.195, 275.30,  0.207, 252.61,  0.135, 261.51,  0.166, 289.31,  0.170, 279.79,  0.117, 279.87,-99.000, -99.00,-99.000, -99.00,-99.000, -99.00,-99.000, -99.00,
9/14/2006 15:55:00, 10.0,276.1,  2.7,  2.7, 19.018, 29.55,  0.0,  0.0,  0.025, 229.90,  0.113, 338.20,  0.165, 326.89,  0.033, 307.57,  0.126, 290.45,  0.068, 274.21,  0.141, 270.81,  0.162, 298.30,  0.144, 291.58,  0.119, 248.38,  0.100, 272.86,  0.212, 267.57,  0.257, 291.68,  0.186, 317.40,  0.121, 315.34,  0.061, 276.55,-99.000, -99.00,-99.000, -99.00,-99.000, -99.00,-99.000, -99.00,
9/14/2006 16:00:00, 10.0,276.1,  2.7,  2.7, 19.002, 29.55,  0.0,  0.0,  0.125,  45.32,  0.038,  71.57,  0.081, 358.59,  0.151, 292.15,  0.223, 272.82,  0.205, 295.44,  0.134, 294.27,  0.151, 258.17,  0.175, 275.58,  0.163, 274.94,  0.171, 251.99,  0.206, 258.80,  0.228, 256.02,  0.182, 280.14,  0.186, 322.64,  0.193, 336.10,-99.000, -99.00,-99.000, -99.00,-99.000, -99.00,-99.000, -99.00,
9/14/2006 16:05:00, 10.0,276.1,  2.7,  2.7, 18.997, 29.55,  0.0,  0.0,  0.168,  21.23,  0.147, 286.59,  0.127, 335.85,  0.071,  20.75,  0.137, 281.80,  0.114, 332.31,  0.197, 299.82,  0.123, 270.47,  0.158, 276.54,  0.243, 284.32,  0.186, 275.86,  0.132, 271.74,  0.145, 263.27,  0.128, 272.24,  0.202, 293.39,  0.089, 301.73,-99.000, -99.00,-99.000, -99.00,-99.000, -99.00,-99.000, -99.00,
9/14/2006 16:10:00, 10.0,276.1,  2.7,  2.7, 18.985, 29.55,  0.0,  0.0,  0.091, 341.37,  0.081, 348.55,  0.111, 332.05,  0.133, 324.76,  0.084, 332.21,  0.198, 318.27,  0.202, 326.70,  0.175, 303.33,  0.150, 307.41,  0.129, 290.82,  0.108, 259.84,  0.146, 279.46,  0.173, 270.66,  0.191, 286.44,  0.127, 282.72,  0.079, 302.08,-99.000, -99.00,-99.000, -99.00,-99.000, -99.00,-99.000, -99.00,
9/14/2006 16:15:00, 10.0,276.0,  2.7,  2.8, 18.983, 29.55,  0.0,  0.0,  0.102, 343.52,  0.075, 324.82,  0.085, 350.54,  0.161, 332.32,  0.155, 301.53,  0.179, 293.70,  0.157, 270.36,  0.123, 254.95,  0.135, 301.33,  0.102, 305.86,  0.085, 272.02,  0.173, 288.23,  0.196, 293.43,  0.261, 303.26,  0.181, 312.08,  0.135, 324.07,-99.000, -99.00,-99.000, -99.00,-99.000, -99.00,-99.000, -99.00,
9/14/2006 16:20:00, 10.0,276.1,  2.7,  2.8, 19.010, 29.55,  0.0,  0.0,  0.055,   6.23,  0.104, 314.61,  0.063, 288.43,  0.167, 296.26,  0.135, 305.34,  0.098, 310.03,  0.088, 242.85,  0.086, 317.82,  0.088, 225.46,  0.171, 277.04,  0.199, 287.53,  0.121, 275.19,  0.157, 292.00,  0.154, 283.86,  0.107, 290.81,  0.049, 319.14,-99.000, -99.00,-99.000, -99.00,-99.000, -99.00,-99.000, -99.00,
9/14/2006 16:25:00, 10.0,276.1,  2.7,  2.7, 18.989, 29.56,  0.0,  0.0,  0.174, 318.97,  0.102, 345.28,  0.049, 285.46,  0.056, 307.69,  0.063, 303.94,  0.119, 270.48,  0.065, 209.31,  0.073, 264.52,  0.187, 282.03,  0.158, 282.45,  0.185, 301.28,  0.196, 274.98,  0.158, 270.00,  0.228, 273.26,  0.185, 301.71,  0.061, 359.06,-99.000, -99.00,-99.000, -99.00,-99.000, -99.00,-99.000, -99.00,
9/14/2006 16:30:00, 10.0,276.0,  2.7,  2.7, 19.000, 29.56,  0.0,  0.0,  0.043, 343.69,  0.027,  58.67,  0.068, 275.88,  0.133, 251.57,  0.053, 247.80,  0.043, 291.80,  0.142, 275.67,  0.065, 202.62,  0.186, 274.94,  0.110, 264.81,  0.151, 250.73,  0.138, 260.40,  0.202, 293.90,  0.165, 281.17,  0.143, 280.92,  0.086, 319.25,-99.000, -99.00,-99.000, -99.00,-99.000, -99.00,-99.000, -99.00,
9/14/2006 16:35:00, 10.0,276.0,  2.7,  2.8, 19.001, 29.56,  0.0,  0.0,  0.113, 349.29,  0.034, 315.00,  0.054, 271.06,  0.083, 260.99,  0.023,   0.00,  0.017, 298.07,  0.091, 323.00,  0.099, 264.17,  0.111, 232.72,  0.093, 250.59,  0.037, 293.81,  0.026, 272.20,  0.080, 247.93,  0.121, 286.34,  0.108, 311.24,  0.082, 292.19,-99.000, -99.00,-99.000, -99.00,-99.000, -99.00,-99.000, -99.00,
9/14/2006 16:40:00, 10.0,276.1,  2.7,  2.7, 18.979, 29.56,  0.0,  0.0,  0.026,   0.00,  0.040, 326.31,  0.034,  30.38,  0.122, 327.75,  0.027,   8.43,  0.139, 330.66,  0.117, 272.94,  0.092, 308.85,  0.068, 301.83,  0.059, 285.68,  0.117, 267.55,  0.075, 263.07,  0.070, 258.53,  0.109, 277.91,  0.094, 276.14,  0.064, 282.72,-99.000, -99.00,-99.000, -99.00,-99.000, -99.00,-99.000, -99.00,
9/14/2006 16:45:00,  9.9,276.1,  2.7,  2.8, 18.992, 29.56,  0.0,  0.0,  0.100, 332.67,  0.191, 331.82,  0.156, 338.54,  0.089, 311.37,  0.055,   2.08,  0.115, 321.73,  0.090, 284.19,  0.092, 293.77,  0.179, 265.85,  0.102, 230.19,  0.091, 276.34,  0.088, 301.52,  0.133, 294.05,  0.089, 302.62,  0.145, 289.81,  0.030, 242.59,-99.000, -99.00,-99.000, -99.00,-99.000, -99.00,-99.000, -99.00,
9/14/2006 16:50:00,  9.9,276.1,  2.7,  2.8, 18.987, 29.57,  0.0,  0.0,  0.064,  12.72,  0.101, 323.47,  0.107, 311.59,  0.132, 294.23,  0.062, 196.97,  0.083, 309.63,  0.075, 245.49,  0.131, 254.05,  0.156, 257.03,  0.109, 272.63,  0.110, 297.03,  0.113, 263.38,  0.140, 276.97,  0.096, 255.53,  0.120, 297.20,  0.017, 149.04,-99.000, -99.00,-99.000, -99.00,-99.000, -99.00,-99.000, -99.00,
9/14/2006 16:55:00,  9.9,276.0,  2.7,  2.7, 18.966, 29.57,  0.0,  0.0,  0.124,  50.25,  0.129,  68.61,  0.113, 339.80,  0.113, 331.39,  0.074, 251.08,  0.091, 247.38,  0.086, 306.47,  0.138, 309.70,  0.074, 310.60,  0.088, 282.46,  0.116, 248.29,  0.149, 249.13,  0.144, 270.00,  0.173, 260.70,  0.134, 270.00,  0.081, 279.93,-99.000, -99.00,-99.000, -99.00,-99.000, -99.00,-99.000, -99.00,
9/14/2006 17:00:00,  9.9,276.0,  2.7,  2.7, 18.966, 29.57,  0.0,  0.0,  0.106, 295.84,  0.117, 270.00,  0.124, 330.95,  0.052,   3.30,  0.109,   6.86,  0.093, 313.69,  0.024, 337.75,  0.077, 352.50,  0.103, 273.33,  0.060, 298.69,  0.084, 311.12,  0.083, 274.13,  0.096, 225.84,  0.090, 271.91,  0.080, 324.13,  0.033, 321.07,-99.000, -99.00,-99.000, -99.00,-99.000, -99.00,-99.000, -99.00,
9/14/2006 17:05:00,  9.9,276.0,  2.7,  2.7, 18.961, 29.57,  0.0,  0.0,  0.072, 320.60,  0.102, 272.81,  0.112, 324.46,  0.175, 248.56,  0.097,   2.36,  0.110, 313.53,  0.109, 316.49,  0.105, 252.78,  0.144, 269.60,  0.132, 242.08,  0.060, 229.09,  0.092, 270.00,  0.102, 243.69,  0.137, 276.29,  0.057, 274.01,  0.088,  27.15,-99.000, -99.00,-99.000, -99.00,-99.000, -99.00,-99.000, -99.00,
9/14/2006 17:10:00,  9.9,276.0,  2.7,  2.7, 18.958, 29.57,  0.0,  0.0,  0.083,  87.24,  0.058,  38.05,  0.015, 344.05,  0.127, 341.71,  0.093, 245.10,  0.059, 305.31,  0.090, 295.71,  0.064, 279.90,  0.092, 263.73,  0.178, 269.03,  0.114, 253.16,  0.162, 253.47,  0.117, 235.09,  0.121, 250.22,  0.038, 251.57,  0.043,  41.19,-99.000, -99.00,-99.000, -99.00,-99.000, -99.00,-99.000, -99.00,
9/14/2006 17:15:00,  9.9,276.0,  2.7,  2.7, 18.946, 29.57,  0.0,  0.0,  0.069, 336.80,  0.043, 239.26,  0.020, 107.53,  0.060,  11.50,  0.048, 309.96,  0.029, 180.00,  0.078, 259.70,  0.131, 270.00,  0.112, 268.47,  0.078, 271.47,  0.120, 242.80,  0.091, 258.57,  0.113, 232.52,  0.100, 220.54,  0.048, 271.19,  0.069,  67.89,-99.000, -99.00,-99.000, -99.00,-99.000, -99.00,-99.000, -99.00,
9/14/2006 17:20:00,  9.9,275.9,  2.7,  2.7, 18.949, 29.58,  0.0,  0.0,  0.046, 209.90,  0.122, 356.25,  0.087, 291.56,  0.008, 203.20,  0.091, 316.79,  0.082, 301.56,  0.114, 215.36,  0.137, 263.71,  0.129, 282.09,  0.114, 246.80,  0.085, 263.96,  0.086, 235.39,  0.052, 248.40,  0.057, 216.47,  0.044,  18.43,  0.083, 271.38,-99.000, -99.00,-99.000, -99.00,-99.000, -99.00,-99.000, -99.00,
9/14/2006 17:25:00,  9.9,276.0,  2.7,  2.7, 18.938, 29.57,  0.0,  0.0,  0.044, 135.00,  0.035, 247.89,  0.055,  36.87,  0.105, 271.64,  0.135, 279.39,  0.045, 276.34,  0.122, 299.51,  0.129, 276.68,  0.125, 311.44,  0.069, 310.87,  0.049,  40.86,  0.066, 334.98,  0.061, 340.97,  0.070, 348.53,  0.134, 332.48,  0.056,  59.74,-99.000, -99.00,-99.000, -99.00,-99.000, -99.00,-99.000, -99.00,
9/14/2006 17:30:00,  9.9,276.1,  2.7,  2.7, 18.934, 29.53,  0.0,  0.0,  0.064, 221.19,  0.048, 135.00,  0.060, 211.29,  0.054, 267.88,  0.110, 282.64,  0.024,   0.00,  0.045,  54.90,  0.013, 327.53,  0.029, 342.18,  0.030, 320.44,  0.086, 268.67,  0.091, 274.40,  0.085, 302.01,  0.059, 338.20,  0.082, 321.45,  0.050, 233.13,-99.000, -99.00,-99.000, -99.00,-99.000, -99.00,-99.000, -99.00,
9/14/2006 17:35:00,  9.9,276.0,  2.7,  2.7, 18.923, 29.51,  0.0,  0.0,  0.015,   0.00,  0.100, 226.61,  0.045, 132.27,  0.064, 224.37,  0.076, 148.39,  0.007, 270.00,  0.039,  27.22,  0.059, 328.20,  0.046, 262.57,  0.016, 183.58,  0.123, 287.55,  0.082, 299.05,  0.057, 274.01,  0.027, 331.56,  0.025,   0.00,  0.009,  18.43,-99.000, -99.00,-99.000, -99.00,-99.000, -99.00,-99.000, -99.00,
9/14/2006 17:40:00,  9.9,276.1,  2.7,  2.8, 18.926, 29.48,  0.0,  0.0,  0.120, 214.09,  0.084, 175.91,  0.059, 258.31,  0.115, 255.96,  0.083, 164.62,  0.053, 135.76,  0.088, 142.87,  0.070, 347.56,  0.064,  14.47,  0.112,   5.10,  0.047, 246.16,  0.064, 300.96,  0.102, 323.81,  0.040, 348.41,  0.039, 265.60,  0.025, 301.76,-99.000, -99.00,-99.000, -99.00,-99.000, -99.00,-99.000, -99.00,
9/14/2006 17:45:00,  9.9,276.0,  2.7,  2.7, 18.930, 29.46,  0.0,  0.0,  0.069, 225.59,  0.060, 242.15,  0.066, 192.15,  0.159, 211.09,  0.099, 208.89,  0.085, 237.43,  0.068, 184.21,  0.026, 204.62,  0.085, 297.16,  0.065, 287.88,  0.036, 164.05,  0.086, 293.29,  0.040, 309.99,  0.026, 351.25,  0.150, 334.29,  0.046, 356.27,-99.000, -99.00,-99.000, -99.00,-99.000, -99.00,-99.000, -99.00,
9/14/2006 17:50:00,  9.9,276.0,  2.7,  2.7, 18.917, 29.45,  0.0,  0.0,  0.076, 143.58,  0.110, 168.49,  0.111, 161.57,  0.103, 133.81,  0.114, 171.94,  0.068, 175.79,  0.030, 133.67,  0.018, 289.44,  0.069, 315.59,  0.091, 254.74,  0.098, 301.26,  0.068, 246.47,  0.021, 307.41,  0.102, 320.99,  0.034, 280.30,  0.044, 210.07,-99.000, -99.00,-99.000, -99.00,-99.000, -99.00,-99.000, -99.00,
9/14/2006 17:55:00,  9.9,276.0,  2.7,  2.7, 18.933, 29.44,  0.0,  0.0,  0.031, 174.47,  0.095, 151.00,  0.098, 163.97,  0.129, 142.86,  0.077, 113.89,  0.077, 142.39,  0.086, 153.73,  0.039,  85.60,  0.016, 349.38,  0.064, 288.15,  0.067,  25.80,  0.056,  24.27,  0.058, 359.01,  0.087,  11.31,  0.065,  84.73,  0.007,  74.05,-99.000, -99.00,-99.000, -99.00,-99.000, -99.00,-99.000, -99.00,
9/14/2006 18:00:00,  9.9,276.0,  2.7,  2.7, 18.918, 29.43,  0.0,  0.0,  0.016,  75.07,  0.043, 246.45,  0.060, 109.33,  0.078,  98.13,  0.099, 136.64,  0.153, 146.73,  0.032, 228.81,  0.012,  85.24,  0.031,   7.35,  0.063,  45.64,  0.011,  48.81,  0.050, 301.16,  0.054, 262.61,  0.026, 171.25,  0.045, 100.30,  0.114, 188.56,-99.000, -99.00,-99.000, -99.00,-99.000, -99.00,-99.000, -99.00,
9/14/2006 18:05:00,  9.9,275.9,  2.7,  2.7, 18.911, 29.43,  0.0,  0.0,  0.051,  93.37,  0.106, 172.41,  0.115, 176.52,  0.033, 188.62,  0.102, 201.80,  0.098, 165.26,  0.001,  90.00,  0.033, 128.93,  0.097,  38.29,  0.053,  52.70,  0.010, 253.30,  0.057, 315.71,  0.059, 311.55,  0.095, 340.99,  0.044,  11.82,  0.077, 288.20,-99.000, -99.00,-99.000, -99.00,-99.000, -99.00,-99.000, -99.00,
9/14/2006 18:10:00,  9.9,276.0,  2.7,  2.7, 18.895, 29.42,  0.0,  0.0,  0.095, 129.88,  0.060, 170.38,  0.051, 186.71,  0.047, 218.09,  0.138, 145.96,  0.064, 147.80,  0.069, 111.34,  0.095, 140.96,  0.039, 124.51,  0.026, 278.75,  0.043, 310.31,  0.076, 309.13,  0.072, 270.00,  0.045, 253.18,  0.018, 353.66,  0.054, 253.91,-99.000, -99.00,-99.000, -99.00,-99.000, -99.00,-99.000, -99.00,
9/14/2006 18:15:00,  9.9,276.0,  2.7,  2.8, 18.901, 29.42,  0.0,  0.0,  0.094, 151.53,  0.095, 174.59,  0.180, 119.71,  0.107, 125.48,  0.219, 153.67,  0.147, 148.04,  0.172, 171.96,  0.127, 184.95,  0.057, 152.99,  0.056, 137.17,  0.045, 258.44,  0.031, 181.85,  0.049, 211.76,  0.014, 233.97,  0.074,  97.03,  0.060, 325.24,-99.000, -99.00,-99.000, -99.00,-99.000, -99.00,-99.000, -99.00,
9/14/2006 18:20:00,  9.9,276.1,  2.8,  2.7, 18.877, 29.41,  0.0,  0.0,  0.220, 157.28,  0.156, 124.30,  0.110, 107.45,  0.118, 127.45,  0.120,  91.91,  0.074, 136.10,  0.121, 163.66,  0.081, 131.52,  0.095, 162.90,  0.088, 155.18,  0.045,  45.00,  0.058, 104.04,  0.018,  26.57,  0.010,  45.00,  0.106, 328.11,  0.032, 245.85,-99.000, -99.00,-99.000, -99.00,-99.000, -99.00,-99.000, -99.00,
9/14/2006 18:25:00,  9.9,276.1,  2.7,  2.7, 18.871, 29.41,  0.0,  0.0,  0.196, 112.51,  0.142, 131.57,  0.147,  82.20,  0.170,  99.13,  0.095, 118.18,  0.205, 131.24,  0.098, 178.83,  0.016, 214.70,  0.051, 178.88,  0.146, 119.89,  0.073,  53.91,  0.009,  35.54,  0.039, 184.40,  0.066, 313.15,  0.039, 301.22,  0.046, 272.49,-99.000, -99.00,-99.000, -99.00,-99.000, -99.00,-99.000, -99.00,
9/14/2006 18:30:00,  9.9,275.9,  2.7,  2.7, 18.876, 29.40,  0.0,  0.0,  0.195,  90.59,  0.114, 140.32,  0.149, 118.12,  0.084, 104.53,  0.095, 206.83,  0.091, 162.76,  0.015, 306.87,  0.083, 125.22,  0.129,  89.11,  0.062,   9.31,  0.069, 136.17,  0.030, 312.27,  0.035, 173.48,  0.012, 109.98,  0.037,  77.47,  0.029, 273.95,-99.000, -99.00,-99.000, -99.00,-99.000, -99.00,-99.000, -99.00,
9/14/2006 18:35:00,  9.9,276.0,  2.7,  2.7, 18.872, 29.40,  0.0,  0.0,  0.153, 118.40,  0.158, 115.43,  0.116, 113.26,  0.140, 126.30,  0.116, 163.92,  0.193, 116.83,  0.101, 118.34,  0.113, 105.39,  0.094,  86.35,  0.154, 102.77,  0.074, 113.81,  0.080, 155.67,  0.052, 163.30,  0.038, 181.51,  0.022, 262.23,  0.051, 178.88,-99.000, -99.00,-99.000, -99.00,-99.000, -99.00,-99.000, -99.00,
9/14/2006 18:40:00,  9.9,276.0,  2.7,  2.7, 18.872, 29.40,  0.0,  0.0,  0.158, 133.47,  0.104, 147.53,  0.122, 109.18,  0.045, 159.15,  0.090, 123.16,  0.094,  84.53,  0.115, 146.03,  0.127, 113.73,  0.174, 115.97,  0.112, 129.54,  0.063, 136.93,  0.087,  73.24,  0.099,  53.59,  0.118, 119.38,  0.014, 338.96,  0.055,  53.13,-99.000, -99.00,-99.000, -99.00,-99.000, -99.00,-99.000, -99.00,
9/14/2006 18:45:00,  9.9,276.1,  2.7,  2.7, 18.865, 29.40,  0.0,  0.0,  0.168,  98.90,  0.133, 125.24,  0.225, 138.24,  0.093, 173.80,  0.116, 158.75,  0.136, 140.09,  0.159, 151.50,  0.178, 157.48,  0.092, 126.62,  0.113, 133.57,  0.163, 105.99,  0.129,  83.32,  0.122, 130.35,  0.097, 191.31,  0.046, 220.60,  0.051, 156.95,-99.000, -99.00,-99.000, -99.00,-99.000, -99.00,-99.000, -99.00,
9/14/2006 18:50:00,  9.9,276.0,  2.7,  2.8, 18.868, 29.41,  0.0,  0.0,  0.218,  86.33,  0.185, 112.26,  0.113, 116.34,  0.168, 121.61,  0.200, 126.87,  0.152, 137.40,  0.130, 146.92,  0.086, 107.59,  0.099, 123.85,  0.079,  53.28,  0.040, 119.74,  0.057, 147.99,  0.069,  65.28,  0.087, 102.60,  0.046,  72.35,  0.042, 202.31,-99.000, -99.00,-99.000, -99.00,-99.000, -99.00,-99.000, -99.00,
9/14/2006 18:55:00,  9.9,276.1,  2.8,  2.7, 18.853, 29.41,  0.0,  0.0,  0.091,  73.97,  0.116, 115.46,  0.280, 104.04,  0.106,  87.30,  0.161, 114.65,  0.173, 102.99,  0.125, 107.27,  0.084,  60.68,  0.085, 105.67,  0.119, 119.15,  0.086, 120.16,  0.058, 127.27,  0.158, 135.77,  0.073, 110.92,  0.045,  95.08,  0.043,   6.63,-99.000, -99.00,-99.000, -99.00,-99.000, -99.00,-99.000, -99.00,
9/14/2006 19:00:00,  9.9,275.9,  2.7,  2.7, 18.866, 29.41,  0.0,  0.0,  0.069,  81.63,  0.161, 102.57,  0.113,  68.67,  0.166,  66.21,  0.159,  93.96,  0.219, 103.21,  0.154,  86.66,  0.162, 131.49,  0.049, 159.72,  0.117, 118.53,  0.112, 128.82,  0.085, 121.08,  0.107, 140.67,  0.058, 109.06,  0.084, 148.57,  0.064, 155.85,-99.000, -99.00,-99.000, -99.00,-99.000, -99.00,-99.000, -99.00,
9/14/2006 19:05:00,  9.9,276.2,  2.8,  2.7, 18.832, 29.41,  0.0,  0.0,  0.083, 194.71,  0.183, 102.60,  0.155, 121.03,  0.130, 123.69,  0.222, 122.11,  0.151, 111.80,  0.173,  98.32,  0.203, 111.64,  0.154, 119.05,  0.182, 134.78,  0.148, 109.29,  0.196,  99.41,  0.240, 114.86,  0.215, 112.39,  0.203,  88.87,  0.248, 102.58,-99.000, -99.00,-99.000, -99.00,-99.000, -99.00,-99.000, -99.00,
9/14/2006 19:10:00,  9.9,276.1,  2.8,  2.7, 18.849, 29.41,  0.0,  0.0,  0.145, 133.60,  0.066, 164.05,  0.119,  88.56,  0.231, 107.65,  0.253, 107.93,  0.277, 123.23,  0.405, 110.54,  0.291, 104.13,  0.278, 118.31,  0.232, 107.34,  0.234, 105.64,  0.278, 112.41,  0.213,  94.05,  0.219, 106.70,  0.132,  97.82,  0.068,  80.68,-99.000, -99.00,-99.000, -99.00,-99.000, -99.00,-99.000, -99.00,
9/14/2006 19:15:00,  9.9,276.0,  2.7,  2.7, 18.825, 29.42,  0.0,  0.0,  0.197, 133.56,  0.120, 113.14,  0.175, 116.86,  0.101, 138.60,  0.203, 128.00,  0.156,  78.91,  0.216, 111.46,  0.184, 121.44,  0.195, 121.57,  0.143,  97.62,  0.123, 116.15,  0.032, 106.19,  0.056,  68.01,  0.053,  82.48,  0.053, 115.60,  0.030, 156.80,-99.000, -99.00,-99.000, -99.00,-99.000, -99.00,-99.000, -99.00,
9/14/2006 19:20:00,  9.9,276.1,  2.8,  2.7, 18.819, 29.42,  0.0,  0.0,  0.119, 119.15,  0.231, 128.31,  0.112, 155.73,  0.211, 167.94,  0.181, 134.10,  0.174, 138.97,  0.160, 147.01,  0.154, 125.75,  0.124, 101.67,  0.119, 127.16,  0.069, 123.69,  0.075,  90.00,  0.084,  60.09,  0.061,  99.46,  0.097, 320.42,  0.059,  47.73,-99.000, -99.00,-99.000, -99.00,-99.000, -99.00,-99.000, -99.00,
9/14/2006 19:25:00,  9.9,276.1,  2.7,  2.7, 18.837, 29.42,  0.0,  0.0,  0.063, 142.77,  0.075,  75.41,  0.203, 128.62,  0.166, 174.12,  0.109, 179.47,  0.107, 174.08,  0.132, 181.30,  0.068, 198.97,  0.082, 134.01,  0.041, 242.18,  0.098, 335.27,  0.049, 319.14,  0.114, 356.99,  0.061,  46.33,  0.041,  81.67,  0.093, 140.67,-99.000, -99.00,-99.000, -99.00,-99.000, -99.00,-99.000, -99.00,
9/14/2006 19:30:00,  9.9,276.0,  2.8,  2.7, 18.809, 29.42,  0.0,  0.0,  0.035, 194.83,  0.152, 169.36,  0.042, 258.96,  0.047, 135.00,  0.069, 130.87,  0.084, 248.33,  0.095, 168.45,  0.053, 244.40,  0.078, 210.84,  0.109, 207.27,  0.084, 184.09,  0.055, 172.75,  0.028, 248.96,  0.044, 316.85,  0.058,  68.75,  0.076, 114.88,-99.000, -99.00,-99.000, -99.00,-99.000, -99.00,-99.000, -99.00,
9/14/2006 19:35:00,  9.9,276.1,  2.8,  2.7, 18.823, 29.42,  0.0,  0.0,  0.052, 289.13,  0.044, 126.61,  0.073, 196.70,  0.042, 184.09,  0.055, 336.25,  0.134, 136.81,  0.117, 144.01,  0.026, 256.50,  0.050, 197.35,  0.015, 336.80,  0.043, 320.71,  0.125, 347.97,  0.099, 349.49,  0.063,  29.41,  0.133, 324.51,  0.068, 115.43,-99.000, -99.00,-99.000, -99.00,-99.000, -99.00,-99.000, -99.00,
9/14/2006 19:40:00,  9.9,276.0,  2.7,  2.7, 18.805, 29.42,  0.0,  0.0,  0.033, 289.54,  0.063, 262.65,  0.078, 206.57,  0.069, 101.63,  0.116, 233.03,  0.032,  98.88,  0.113, 146.87,  0.081, 317.49,  0.042, 344.98,  0.083, 334.36,  0.059,   3.88,  0.058, 355.07,  0.100, 345.00,  0.138, 310.29,  0.108, 334.86,  0.032, 339.86,-99.000, -99.00,-99.000, -99.00,-99.000, -99.00,-99.000, -99.00,
9/14/2006 19:45:00,  9.9,275.9,  2.7,  2.7, 18.823, 29.41,  0.0,  0.0,  0.115, 200.32,  0.057, 277.00,  0.047,  83.93,  0.023, 219.81,  0.076, 204.88,  0.043, 167.91,  0.087, 233.92,  0.064, 273.58,  0.035, 219.17,  0.036, 262.09,  0.021, 270.00,  0.098, 335.80,  0.100, 341.38,  0.142, 326.20,  0.077, 320.29,  0.075, 350.04,-99.000, -99.00,-99.000, -99.00,-99.000, -99.00,-99.000, -99.00,
9/14/2006 19:50:00,  9.9,276.1,  2.8,  2.7, 18.802, 29.41,  0.0,  0.0,  0.008, 113.20,  0.025, 260.91,  0.053, 330.52,  0.039,  31.22,  0.072,   8.02,  0.051, 114.54,  0.053,  48.81,  0.011, 158.20,  0.008, 225.00,  0.041, 347.32,  0.060, 284.50,  0.080, 341.79,  0.208, 321.64,  0.165, 315.49,  0.099, 338.09,  0.087,  31.87,-99.000, -99.00,-99.000, -99.00,-99.000, -99.00,-99.000, -99.00,
9/14/2006 19:55:00,  9.9,275.9,  2.7,  2.7, 18.803, 29.40,  0.0,  0.0,  0.024,  62.35,  0.084, 279.57,  0.050, 343.74,  0.096, 282.59,  0.055, 235.44,  0.038, 288.43,  0.022,  46.85,  0.053, 354.61,  0.150, 278.02,  0.107, 290.81,  0.059, 326.04,  0.065,   5.27,  0.128, 322.32,  0.094, 334.25,  0.129, 340.58,  0.052, 310.36,-99.000, -99.00,-99.000, -99.00,-99.000, -99.00,-99.000, -99.00,
9/14/2006 20:00:00,  9.9,276.1,  2.8,  2.7, 18.798, 29.40,  0.0,  0.0,  0.105, 202.41,  0.055,  74.20,  0.053, 320.33,  0.057, 344.74,  0.091, 318.58,  0.083, 271.38,  0.058, 282.85,  0.057, 316.43,  0.153, 313.68,  0.191, 326.98,  0.075, 339.62,  0.108, 326.31,  0.141, 347.74,  0.088, 320.53,  0.083, 298.11,  0.073,   0.00,-99.000, -99.00,-99.000, -99.00,-99.000, -99.00,-99.000, -99.00,
9/14/2006 20:05:00,  9.9,276.1,  2.8,  2.7, 18.809, 29.40,  0.0,  0.0,  0.018, 225.00,  0.092, 339.01,  0.094, 314.57,  0.162, 314.25,  0.083, 335.90,  0.041, 275.57,  0.054, 306.66,  0.084, 306.73,  0.139, 313.25,  0.224, 304.61,  0.133, 318.98,  0.093, 306.25,  0.144, 314.72,  0.107, 323.34,  0.106, 322.70,  0.016, 333.43,-99.000, -99.00,-99.000, -99.00,-99.000, -99.00,-99.000, -99.00,
9/14/2006 20:10:00,  9.9,276.0,  2.8,  2.7, 18.787, 29.40,  0.0,  0.0,  0.118, 293.52,  0.103, 338.40,  0.052, 356.70,  0.091, 278.22,  0.115, 339.03,  0.089, 334.01,  0.106, 343.61,  0.125, 336.92,  0.062, 357.23,  0.109, 309.40,  0.118, 344.79,  0.127, 331.82,  0.168, 316.69,  0.166, 322.58,  0.181, 317.24,  0.080, 347.01,-99.000, -99.00,-99.000, -99.00,-99.000, -99.00,-99.000, -99.00,
9/14/2006 20:15:00,  9.9,276.1,  2.8,  2.7, 18.800, 29.40,  0.0,  0.0,  0.043, 349.22,  0.046, 304.38,  0.121, 318.68,  0.212, 345.24,  0.117, 302.06,  0.151, 317.96,  0.073, 321.71,  0.092, 313.24,  0.080, 309.44,  0.237, 306.44,  0.177, 309.97,  0.098, 318.32,  0.105, 321.17,  0.212, 322.48,  0.153, 315.26,  0.064,   5.36,-99.000, -99.00,-99.000, -99.00,-99.000, -99.00,-99.000, -99.00,
9/14/2006 20:20:00,  9.9,276.2,  2.8,  2.7, 18.787, 29.41,  0.0,  0.0,  0.234, 341.80,  0.089, 332.57,  0.148, 300.03,  0.123, 304.72,  0.075, 319.32,  0.111, 285.16,  0.079, 350.54,  0.092, 319.87,  0.133, 319.59,  0.068, 352.35,  0.174, 330.79,  0.193, 323.43,  0.132, 294.23,  0.109, 289.94,  0.161, 313.23,  0.020, 110.22,-99.000, -99.00,-99.000, -99.00,-99.000, -99.00,-99.000, -99.00,
9/14/2006 20:25:00,  9.9,276.1,  2.8,  2.7, 18.795, 29.41,  0.0,  0.0,  0.140, 318.20,  0.190, 350.93,  0.157, 337.52,  0.126, 329.97,  0.161, 314.75,  0.159, 312.44,  0.123, 295.10,  0.181, 320.15,  0.093, 307.61,  0.159, 303.19,  0.198, 322.38,  0.189, 323.37,  0.183, 323.44,  0.145, 320.04,  0.098, 326.63,  0.064,  12.72,-99.000, -99.00,-99.000, -99.00,-99.000, -99.00,-99.000, -99.00,
9/14/2006 20:30:00,  9.9,276.0,  2.8,  2.7, 18.795, 29.41,  0.0,  0.0,  0.091, 345.96,  0.152,  14.86,  0.102, 345.83,  0.099, 349.49,  0.083, 332.82,  0.108, 311.63,  0.015, 298.30,  0.142, 273.22,  0.113, 301.57,  0.142, 302.01,  0.187, 298.07,  0.137, 280.49,  0.121, 310.65,  0.076, 309.13,  0.038, 307.48,  0.029,  80.22,-99.000, -99.00,-99.000, -99.00,-99.000, -99.00,-99.000, -99.00,
9/14/2006 20:35:00,  9.9,276.2,  2.8,  2.7, 18.773, 29.42,  0.0,  0.0,  0.079,  20.73,  0.123, 352.99,  0.114, 322.13,  0.188, 319.96,  0.170, 320.02,  0.171, 348.89,  0.113, 355.95,  0.130, 333.43,  0.145, 350.08,  0.069, 349.99,  0.029, 308.05,  0.149, 323.44,  0.209, 329.51,  0.121, 346.08,  0.125, 326.06,  0.092, 307.49,-99.000, -99.00,-99.000, -99.00,-99.000, -99.00,-99.000, -99.00,
9/14/2006 20:40:00,  9.9,276.2,  2.8,  2.7, 18.772, 29.42,  0.0,  0.0,  0.143,  17.55,  0.099, 326.95,  0.092,  24.34,  0.071, 322.97,  0.118, 329.95,  0.202, 331.28,  0.122, 314.67,  0.088, 302.97,  0.157, 318.37,  0.148, 349.90,  0.142, 313.01,  0.046, 312.36,  0.115, 338.57,  0.167, 338.96,  0.149, 321.82,  0.045,   5.08,-99.000, -99.00,-99.000, -99.00,-99.000, -99.00,-99.000, -99.00,
9/14/2006 20:45:00,  9.9,276.1,  2.8,  2.7, 18.760, 29.43,  0.0,  0.0,  0.140,   4.49,  0.141, 329.25,  0.154, 348.76,  0.106, 295.60,  0.233, 342.26,  0.127, 328.19,  0.120, 306.87,  0.145, 322.58,  0.117, 317.43,  0.049,   5.83,  0.104, 351.17,  0.045, 339.15,  0.160, 325.42,  0.172, 339.56,  0.058, 342.82,  0.069,   8.37,-99.000, -99.00,-99.000, -99.00,-99.000, -99.00,-99.000, -99.00,
9/14/2006 20:50:00,  9.9,276.0,  2.8,  2.7, 18.770, 29.43,  0.0,  0.0,  0.069, 319.13,  0.108,   0.00,  0.078,  52.84,  0.142, 298.55,  0.152, 326.83,  0.133, 320.80,  0.071, 331.26,  0.089, 345.03,  0.091, 307.87,  0.110, 295.40,  0.067, 256.17,  0.083, 296.57,  0.086, 316.88,  0.091, 328.06,  0.070, 346.76,  0.073, 273.92,-99.000, -99.00,-99.000, -99.00,-99.000, -99.00,-99.000, -99.00,
9/14/2006 20:55:00,  9.9,276.1,  2.8,  2.7, 18.772, 29.44,  0.0,  0.0,  0.106, 354.02,  0.082, 345.96,  0.083, 311.58,  0.086, 320.19,  0.138, 322.63,  0.074, 272.32,  0.105, 320.40,  0.069, 235.62,  0.092, 327.00,  0.177, 336.33,  0.133, 345.23,  0.136, 335.70,  0.132, 332.46,  0.116, 336.74,  0.101, 331.66,  0.095, 324.46,-99.000, -99.00,-99.000, -99.00,-99.000, -99.00,-99.000, -99.00,
9/14/2006 21:00:00,  9.9,276.1,  2.8,  2.7, 18.763, 29.44,  0.0,  0.0,  0.192,  13.89,  0.096, 313.32,  0.016, 349.38,  0.163, 334.54,  0.106, 325.41,  0.096, 293.36,  0.111, 349.60,  0.097, 353.46,  0.114, 321.03,  0.063, 255.30,  0.088, 200.71,  0.048,   4.76,  0.033, 344.29,  0.034, 256.37,  0.036, 296.57,  0.033,  14.04,-99.000, -99.00,-99.000, -99.00,-99.000, -99.00,-99.000, -99.00,
9/14/2006 21:05:00,  9.9,276.1,  2.8,  2.7, 18.769, 29.44,  0.0,  0.0,  0.162, 342.79,  0.099, 353.60,  0.175,   7.21,  0.197, 344.41,  0.200, 336.12,  0.211, 338.90,  0.096, 327.80,  0.136, 303.92,  0.108, 293.48,  0.078, 270.00,  0.108, 297.51,  0.014,  85.91,  0.053, 134.24,  0.093, 341.18,  0.094, 345.23,  0.091,  13.28,-99.000, -99.00,-99.000, -99.00,-99.000, -99.00,-99.000, -99.00,
9/14/2006 21:10:00,  9.9,276.1,  2.8,  2.7, 18.780, 29.44,  0.0,  0.0,  0.189,  33.10,  0.073, 321.71,  0.135, 358.30,  0.078,   4.40,  0.017,   0.00,  0.073,  75.77,  0.070, 324.27,  0.086, 326.86,  0.059, 328.20,  0.107, 336.31,  0.090, 333.72,  0.124, 355.85,  0.122, 342.31,  0.062, 287.85,  0.067, 290.85,  0.081, 304.47,-99.000, -99.00,-99.000, -99.00,-99.000, -99.00,-99.000, -99.00,
9/14/2006 21:15:00,  9.9,276.1,  2.8,  2.7, 18.782, 29.44,  0.0,  0.0,  0.148, 324.37,  0.197, 329.14,  0.117, 349.65,  0.177,   9.41,  0.080, 347.70,  0.100, 296.05,  0.079, 339.95,  0.077, 327.13,  0.123, 319.60,  0.118, 296.13,  0.024,  12.26,  0.043, 309.29,  0.033, 338.84,  0.049, 145.01,  0.122, 334.70,  0.074,  17.22,-99.000, -99.00,-99.000, -99.00,-99.000, -99.00,-99.000, -99.00,
9/14/2006 21:20:00,  9.9,276.0,  2.8,  2.7, 18.755, 29.43,  0.0,  0.0,  0.122, 349.61,  0.059, 355.16,  0.044, 313.15,  0.041,  27.82,  0.037, 249.62,  0.121, 294.44,  0.048, 239.66,  0.025, 126.87,  0.056, 327.45,  0.040,  60.26,  0.105, 320.40,  0.093, 320.67,  0.023, 322.13,  0.063, 328.57,  0.071, 148.76,  0.048,  15.78,-99.000, -99.00,-99.000, -99.00,-99.000, -99.00,-99.000, -99.00,
9/14/2006 21:25:00,  9.9,276.1,  2.8,  2.7, 18.783, 29.42,  0.0,  0.0,  0.055,  22.38,  0.107, 343.09,  0.094, 350.24,  0.063,  12.93,  0.108, 336.04,  0.125, 344.18,  0.154, 335.92,  0.103, 322.13,  0.047, 324.61,  0.041, 332.18,  0.057, 248.39,  0.041,  36.03,  0.046,   3.73,  0.063, 325.30,  0.048, 315.00,  0.063,  82.65,-99.000, -99.00,-99.000, -99.00,-99.000, -99.00,-99.000, -99.00,
9/14/2006 21:30:00,  9.9,276.1,  2.8,  2.7, 18.788, 29.42,  0.0,  0.0,  0.092,  19.03,  0.087, 336.97,  0.135, 314.10,  0.128, 357.32,  0.102, 335.19,  0.048,  15.78,  0.068, 355.79,  0.087, 341.15,  0.065, 306.87,  0.046, 299.90,  0.065, 267.36,  0.024, 330.26,  0.024,  19.18,  0.033, 291.16,  0.061, 291.97,  0.041, 135.00,-99.000, -99.00,-99.000, -99.00,-99.000, -99.00,-99.000, -99.00,
9/14/2006 21:35:00,  9.9,276.1,  2.8,  2.7, 18.753, 29.42,  0.0,  0.0,  0.105,  15.49,  0.127,   0.00,  0.073, 346.53,  0.014, 114.78,  0.081, 319.01,  0.144, 260.80,  0.035, 298.74,  0.149, 286.37,  0.116, 292.81,  0.057, 282.09,  0.131, 301.26,  0.140, 297.30,  0.115, 333.66,  0.141, 307.52,  0.070, 294.38,  0.031,  65.10,-99.000, -99.00,-99.000, -99.00,-99.000, -99.00,-99.000, -99.00,
9/14/2006 21:40:00,  9.9,276.1,  2.8,  2.7, 18.786, 29.42,  0.0,  0.0,  0.095, 349.64,  0.027,  70.20,  0.098, 334.49,  0.055, 332.05,  0.069,   0.00,  0.145, 342.69,  0.151, 311.51,  0.115, 250.78,  0.124, 331.57,  0.127, 332.22,  0.208, 312.27,  0.118, 310.55,  0.096, 337.98,  0.082, 319.93,  0.103, 345.96,  0.092,  38.37,-99.000, -99.00,-99.000, -99.00,-99.000, -99.00,-99.000, -99.00,
9/14/2006 21:45:00,  9.9,276.1,  2.8,  2.7, 18.788, 29.42,  0.0,  0.0,  0.011, 296.57,  0.025,  28.61,  0.136, 347.29,  0.093, 310.20,  0.055, 298.44,  0.044, 267.40,  0.132, 280.03,  0.115, 323.83,  0.138, 315.88,  0.024, 102.26,  0.011, 221.19,  0.053, 268.92,  0.079, 308.32,  0.113, 325.05,  0.045, 340.35,  0.055,  95.19,-99.000, -99.00,-99.000, -99.00,-99.000, -99.00,-99.000, -99.00,
9/14/2006 21:50:00,  9.8,276.1,  2.8,  2.7, 18.771, 29.42,  0.0,  0.0,  0.108,   0.00,  0.072,  40.52,  0.101, 263.72,  0.035, 331.26,  0.114, 327.57,  0.023,  43.26,  0.079, 246.99,  0.079, 267.10,  0.067, 253.47,  0.041, 248.46,  0.068, 296.94,  0.135, 327.37,  0.066, 347.66,  0.104,  10.01,  0.073,  31.50,  0.018, 286.39,-99.000, -99.00,-99.000, -99.00,-99.000, -99.00,-99.000, -99.00,
9/14/2006 21:55:00,  9.8,276.2,  2.8,  2.7, 18.786, 29.42,  0.0,  0.0,  0.108, 336.52,  0.146, 267.65,  0.075, 296.22,  0.074, 289.65,  0.162, 323.77,  0.030, 185.71,  0.061, 218.37,  0.095, 325.30,  0.091, 228.58,  0.067, 301.55,  0.089, 318.21,  0.134, 318.33,  0.050, 254.85,  0.054, 281.73,  0.081, 322.56,  0.079,  10.18,-99.000, -99.00,-99.000, -99.00,-99.000, -99.00,-99.000, -99.00,
9/14/2006 22:00:00,  9.8,276.1,  2.8,  2.7, 18.780, 29.44,  0.0,  0.0,  0.136, 310.24,  0.140, 305.39,  0.134, 291.01,  0.108, 302.51,  0.121, 266.69,  0.089, 309.56,  0.048, 298.71,  0.094, 323.25,  0.063, 328.57,  0.149, 322.90,  0.113, 330.26,  0.122, 315.33,  0.088, 354.81,  0.065, 332.65,  0.067, 270.86,  0.020, 315.00,-99.000, -99.00,-99.000, -99.00,-99.000, -99.00,-99.000, -99.00,
9/14/2006 22:05:00,  9.8,276.1,  2.8,  2.7, 18.764, 29.45,  0.0,  0.0,  0.047, 313.26,  0.073, 349.00,  0.111, 355.88,  0.173, 327.96,  0.046, 328.39,  0.040, 327.09,  0.082, 329.04,  0.029, 305.31,  0.115, 313.24,  0.117, 286.89,  0.054, 280.68,  0.028, 263.88,  0.009,  18.43,  0.042, 324.78,  0.028, 355.91,  0.065, 359.12,-99.000, -99.00,-99.000, -99.00,-99.000, -99.00,-99.000, -99.00,
9/14/2006 22:10:00,  9.8,276.1,  2.8,  2.7, 18.765, 29.46,  0.0,  0.0,  0.040, 298.50,  0.068, 288.97,  0.070, 356.73,  0.173, 284.04,  0.192, 306.75,  0.103, 316.19,  0.156, 313.19,  0.164, 328.74,  0.058, 270.00,  0.105, 328.28,  0.108, 341.06,  0.039, 277.31,  0.016,  29.74,  0.087, 315.47,  0.072, 329.17,  0.075, 304.11,-99.000, -99.00,-99.000, -99.00,-99.000, -99.00,-99.000, -99.00,
9/14/2006 22:15:00,  9.8,276.1,  2.8,  2.7, 18.775, 29.46,  0.0,  0.0,  0.110, 355.32,  0.068, 292.43,  0.113, 289.72,  0.107, 325.27,  0.061, 279.46,  0.025, 135.00,  0.052, 316.55,  0.052, 352.33,  0.048, 343.07,  0.046, 358.75,  0.017, 295.02,  0.147, 328.90,  0.093, 325.11,  0.011,  48.81,  0.090, 349.07,  0.057, 300.62,-99.000, -99.00,-99.000, -99.00,-99.000, -99.00,-99.000, -99.00,
9/14/2006 22:20:00,  9.8,276.1,  2.8,  2.7, 18.800, 29.47,  0.0,  0.0,  0.057, 133.57,  0.044, 356.10,  0.092, 342.94,  0.012, 145.01,  0.045, 273.81,  0.037, 220.60,  0.073, 255.77,  0.139, 290.65,  0.130, 282.00,  0.077, 283.50,  0.087, 321.55,  0.088, 332.27,  0.011, 138.81,  0.018,  70.56,  0.057, 298.37,  0.062, 326.82,-99.000, -99.00,-99.000, -99.00,-99.000, -99.00,-99.000, -99.00,
9/14/2006 22:25:00,  9.8,276.1,  2.8,  2.7, 18.774, 29.48,  0.0,  0.0,  0.082, 333.12,  0.054, 333.43,  0.131, 330.69,  0.108, 294.66,  0.066, 225.00,  0.055, 316.47,  0.042,  28.39,  0.132, 333.43,  0.170, 344.98,  0.102, 326.15,  0.138, 325.96,  0.072, 333.79,  0.034, 296.57,  0.025,  36.87,  0.070, 329.04,  0.051, 289.50,-99.000, -99.00,-99.000, -99.00,-99.000, -99.00,-99.000, -99.00,
9/14/2006 22:30:00,  9.8,276.1,  2.8,  2.7, 18.791, 29.49,  0.0,  0.0,  0.043, 321.55,  0.032,  95.36,  0.101, 306.98,  0.050, 272.29,  0.058, 331.23,  0.114, 328.69,  0.079, 341.57,  0.104, 307.97,  0.079, 316.02,  0.040,  95.71,  0.039,  88.53,  0.042,  42.09,  0.026, 329.42,  0.010,  11.31,  0.119, 350.78,  0.020,   0.00,-99.000, -99.00,-99.000, -99.00,-99.000, -99.00,-99.000, -99.00,
9/14/2006 22:35:00,  9.8,276.1,  2.8,  2.7, 18.775, 29.50,  0.0,  0.0,  0.055, 316.47,  0.055, 317.94,  0.059, 306.10,  0.157, 299.84,  0.171, 333.29,  0.078, 315.52,  0.080, 335.67,  0.106, 323.46,  0.052, 287.74,  0.072, 295.50,  0.102, 308.22,  0.069, 324.46,  0.079, 343.86,  0.044, 292.52,  0.089, 276.48,  0.081, 252.01,-99.000, -99.00,-99.000, -99.00,-99.000, -99.00,-99.000, -99.00,
9/14/2006 22:40:00,  9.8,276.1,  2.8,  2.7, 18.779, 29.50,  0.0,  0.0,  0.116, 336.74,  0.075, 319.32,  0.072, 337.01,  0.096, 319.21,  0.107, 339.70,  0.069, 350.81,  0.064, 287.30,  0.063, 280.95,  0.125, 329.74,  0.064, 333.84,  0.099,   1.16,  0.063, 304.70,  0.055,   8.43,  0.074,  11.77,  0.116, 323.03,  0.055, 298.44,-99.000, -99.00,-99.000, -99.00,-99.000, -99.00,-99.000, -99.00,
9/14/2006 22:45:00,  9.8,276.2,  2.8,  2.7, 18.782, 29.50,  0.0,  0.0,  0.107, 267.86,  0.099, 308.03,  0.063,  45.64,  0.050, 300.17,  0.086, 345.15,  0.067,   1.71,  0.077, 326.73,  0.023, 195.26,  0.097, 332.90,  0.079,   6.58,  0.025,  11.77,  0.031, 281.31,  0.048, 220.73,  0.021,  35.22,  0.013, 333.43,  0.020, 143.13,-99.000, -99.00,-99.000, -99.00,-99.000, -99.00,-99.000, -99.00,
9/14/2006 22:50:00,  9.8,276.1,  2.8,  2.7, 18.771, 29.50,  0.0,  0.0,  0.082, 115.31,  0.050, 203.50,  0.092, 354.41,  0.042,  77.62,  0.057,  36.47,  0.053, 236.61,  0.124, 323.22,  0.043, 312.18,  0.098, 291.58,  0.035,  49.57,  0.055, 341.90,  0.025, 328.24,  0.075, 324.82,  0.184, 308.61,  0.131, 283.72,  0.010,   5.71,-99.000, -99.00,-99.000, -99.00,-99.000, -99.00,-99.000, -99.00,
9/14/2006 22:55:00,  9.8,276.1,  2.8,  2.7, 18.782, 29.50,  0.0,  0.0,  0.155, 285.74,  0.049, 343.41,  0.114,  55.75,  0.047, 256.55,  0.123,  49.60,  0.106,  15.87,  0.097, 331.58,  0.092,  25.73,  0.087,  18.85,  0.027, 333.43,  0.023, 329.04,  0.105, 326.31,  0.080, 316.52,  0.127, 310.21,  0.112, 318.62,  0.084, 320.81,-99.000, -99.00,-99.000, -99.00,-99.000, -99.00,-99.000, -99.00,
9/14/2006 23:00:00,  9.8,276.1,  2.8,  2.7, 18.778, 29.50,  0.0,  0.0,  0.215, 276.40,  0.102, 325.38,  0.132, 278.25,  0.096, 292.57,  0.143, 273.20,  0.057, 324.34,  0.106, 288.78,  0.119, 304.76,  0.151, 324.95,  0.144, 314.72,  0.125, 280.59,  0.054, 328.67,  0.130, 333.04,  0.161, 326.90,  0.105, 327.82,  0.048,   1.19,-99.000, -99.00,-99.000, -99.00,-99.000, -99.00,-99.000, -99.00,
9/14/2006 23:05:00,  9.8,276.0,  2.8,  2.7, 18.778, 29.51,  0.0,  0.0,  0.099, 355.38,  0.128, 309.92,  0.050,  67.56,  0.042, 358.64,  0.059,   0.00,  0.136, 326.43,  0.070, 305.06,  0.053, 342.58,  0.087, 294.50,  0.079, 260.54,  0.059, 270.97,  0.064, 350.10,  0.067, 317.44,  0.073, 334.13,  0.130, 319.35,  0.085,  11.58,-99.000, -99.00,-99.000, -99.00,-99.000, -99.00,-99.000, -99.00,
9/14/2006 23:10:00,  9.8,276.1,  2.8,  2.7, 18.790, 29.51,  0.0,  0.0,  0.067, 316.81,  0.121, 327.49,  0.049, 286.59,  0.084, 277.55,  0.031, 335.10,  0.023, 307.87,  0.116, 306.57,  0.064, 271.79,  0.128, 269.10,  0.142, 343.22,  0.116, 348.11,  0.088,  16.57,  0.065,  38.80,  0.100, 353.66,  0.102, 349.80,  0.079, 335.38,-99.000, -99.00,-99.000, -99.00,-99.000, -99.00,-99.000, -99.00,
9/14/2006 23:15:00,  9.8,276.0,  2.8,  2.7, 18.795, 29.51,  0.0,  0.0,  0.052, 271.10,  0.093, 323.75,  0.038, 270.00,  0.045, 264.92,  0.042, 333.43,  0.055,   0.00,  0.032, 286.19,  0.042, 340.71,  0.052, 324.46,  0.070,  38.66,  0.043,   2.66,  0.050, 329.83,  0.047, 355.14,  0.053, 332.95,  0.139, 337.66,  0.013,  98.75,-99.000, -99.00,-99.000, -99.00,-99.000, -99.00,-99.000, -99.00,
9/14/2006 23:20:00,  9.8,276.1,  2.8,  2.7, 18.786, 29.51,  0.0,  0.0,  0.062, 284.93,  0.054, 351.42,  0.111, 288.43,  0.157, 330.16,  0.120, 324.46,  0.103, 257.05,  0.082, 173.74,  0.068,  29.22,  0.034, 287.35,  0.037, 295.87,  0.051, 131.82,  0.034,  65.70,  0.060,   0.00,  0.104, 341.57,  0.107, 324.09,  0.030, 191.69,-99.000, -99.00,-99.000, -99.00,-99.000, -99.00,-99.000, -99.00,
9/14/2006 23:25:00,  9.8,276.1,  2.8,  2.7, 18.810, 29.51,  0.0,  0.0,  0.083, 313.06,  0.098,   4.09,  0.104, 270.55,  0.088,  30.63,  0.021,   8.13,  0.023, 230.19,  0.050, 219.37,  0.104, 300.02,  0.048,  45.00,  0.034, 353.29,  0.093, 336.48,  0.126, 304.70,  0.040, 169.82,  0.035, 310.43,  0.026, 322.70,  0.060, 291.45,-99.000, -99.00,-99.000, -99.00,-99.000, -99.00,-99.000, -99.00,
9/14/2006 23:30:00,  9.8,276.2,  2.8,  2.7, 18.802, 29.51,  0.0,  0.0,  0.068, 291.64,  0.127,  16.87,  0.168, 316.93,  0.105, 267.82,  0.049, 278.30,  0.135, 317.70,  0.104, 326.00,  0.156, 302.47,  0.021, 295.35,  0.162, 342.35,  0.067, 354.88,  0.062, 345.07,  0.057, 344.74,  0.156, 351.14,  0.132,   8.25,  0.004, 213.69,-99.000, -99.00,-99.000, -99.00,-99.000, -99.00,-99.000, -99.00,
9/14/2006 23:35:00,  9.8,276.1,  2.8,  2.7, 18.801, 29.51,  0.0,  0.0,  0.026, 337.38,  0.028,  64.36,  0.019,  51.34,  0.087, 321.03,  0.127, 327.18,  0.098, 334.49,  0.014, 329.74,  0.084, 259.76,  0.057, 323.53,  0.052, 115.08,  0.088, 351.50,  0.022, 357.40,  0.069, 312.05,  0.041, 242.18,  0.113, 309.61,  0.037, 262.30,-99.000, -99.00,-99.000, -99.00,-99.000, -99.00,-99.000, -99.00,
9/14/2006 23:40:00,  9.8,276.1,  2.8,  2.7, 18.800, 29.52,  0.0,  0.0,  0.090, 339.96,  0.112, 309.54,  0.047,  23.84,  0.094, 258.33,  0.072, 280.38,  0.011, 315.00,  0.048, 315.00,  0.019,  74.48,  0.105,   1.64,  0.065, 346.61,  0.066, 346.81,  0.084, 274.76,  0.122, 276.60,  0.078, 292.62,  0.071, 298.74,  0.065,  16.19,-99.000, -99.00,-99.000, -99.00,-99.000, -99.00,-99.000, -99.00,
9/14/2006 23:45:00,  9.8,276.1,  2.8,  2.7, 18.802, 29.52,  0.0,  0.0,  0.082,  33.11,  0.052, 289.13,  0.050, 252.65,  0.130, 215.28,  0.103, 316.97,  0.022, 237.72,  0.074, 272.32,  0.022, 144.16,  0.198, 338.63,  0.094, 350.24,  0.112, 352.30,  0.134, 325.36,  0.136, 325.49,  0.094, 324.96,  0.091, 339.37,  0.109, 289.94,-99.000, -99.00,-99.000, -99.00,-99.000, -99.00,-99.000, -99.00,
9/14/2006 23:50:00,  9.8,276.1,  2.8,  2.7, 18.795, 29.52,  0.0,  0.0,  0.137, 331.76,  0.084, 301.79,  0.148, 297.26,  0.100, 323.13,  0.051, 276.71,  0.116, 250.31,  0.041, 322.00,  0.087, 285.31,  0.129, 256.50,  0.119, 270.48,  0.067, 268.29,  0.047, 267.56,  0.053,  29.48,  0.043, 293.55,  0.093, 330.41,  0.067, 351.38,-99.000, -99.00,-99.000, -99.00,-99.000, -99.00,-99.000, -99.00,
9/14/2006 23:55:00,  9.8,276.0,  2.8,  2.7, 18.807, 29.52,  0.0,  0.0,  0.051, 311.82,  0.075, 253.74,  0.100, 258.47,  0.072, 149.17,  0.001, 225.00,  0.017, 225.00,  0.013, 221.99,  0.004, 165.96,  0.067, 320.41,  0.032, 171.12,  0.008, 180.00,  0.103, 312.65,  0.085, 295.67,  0.074, 244.47,  0.043, 241.07,  0.022, 302.28,-99.000, -99.00,-99.000, -99.00,-99.000, -99.00,-99.000, -99.00,
9/15/2006 00:00:00,  9.8,276.0,  2.8,  2.7, 18.822, 29.52,  0.0,  0.0,  0.132, 308.25,  0.129, 282.96,  0.079, 212.08,  0.066, 290.35,  0.066, 300.07,  0.101, 328.36,  0.070,   6.52,  0.120,   7.66,  0.099,  48.27,  0.059,  12.63,  0.061, 337.67,  0.049, 333.43,  0.063, 310.50,  0.094, 327.99,  0.042,   9.69,  0.089, 342.38,-99.000, -99.00,-99.000, -99.00,-99.000, -99.00,-99.000, -99.00,
9/15/2006 00:05:00,  9.8,276.0,  2.8,  2.7, 18.829, 29.52,  0.0,  0.0,  0.066, 270.87,  0.113, 282.31,  0.107, 263.01,  0.093, 247.85,  0.097, 296.30,  0.049, 270.00,  0.102, 198.26,  0.050,  78.47,  0.099, 110.08,  0.045,  45.00,  0.068, 349.85,  0.074, 345.96,  0.119, 332.35,  0.067, 302.28,  0.050, 288.80,  0.068, 299.95,-99.000, -99.00,-99.000, -99.00,-99.000, -99.00,-99.000, -99.00,
9/15/2006 00:10:00,  9.8,276.0,  2.8,  2.7, 18.818, 29.52,  0.0,  0.0,  0.069, 295.82,  0.126, 327.32,  0.073, 349.00,  0.048, 262.87,  0.150, 282.28,  0.042,  26.57,  0.084,  47.41,  0.014, 282.09,  0.094, 329.88,  0.052, 315.78,  0.048, 313.32,  0.045, 337.96,  0.117, 331.47,  0.165, 304.37,  0.070, 291.04,  0.060, 177.14,-99.000, -99.00,-99.000, -99.00,-99.000, -99.00,-99.000, -99.00,
9/15/2006 00:15:00,  9.8,276.1,  2.8,  2.7, 18.813, 29.52,  0.0,  0.0,  0.044, 235.22,  0.059, 187.85,  0.118, 346.32,  0.093, 350.13,  0.031, 279.16,  0.030, 248.55,  0.034, 288.97,  0.041, 341.57,  0.041,  67.17,  0.021,  79.22,  0.045,   2.54,  0.066, 358.26,  0.052, 315.78,  0.022, 324.16,  0.055, 296.10,  0.078, 239.80,-99.000, -99.00,-99.000, -99.00,-99.000, -99.00,-99.000, -99.00,
9/15/2006 00:20:00,  9.8,276.1,  2.8,  2.7, 18.834, 29.52,  0.0,  0.0,  0.129, 262.43,  0.039, 320.19,  0.062, 172.53,  0.049, 315.00,  0.109, 307.18,  0.059, 238.20,  0.046, 341.18,  0.095, 236.98,  0.059, 269.03,  0.056, 263.88,  0.086, 264.03,  0.095, 271.81,  0.075, 287.95,  0.106, 305.04,  0.072, 257.91,  0.022, 262.23,-99.000, -99.00,-99.000, -99.00,-99.000, -99.00,-99.000, -99.00,
9/15/2006 00:25:00,  9.8,276.1,  2.8,  2.7, 18.844, 29.52,  0.0,  0.0,  0.088, 255.49,  0.053,  20.81,  0.130, 246.40,  0.143, 249.16,  0.068, 275.04,  0.028, 152.53,  0.041, 279.93,  0.046, 325.62,  0.063, 346.18,  0.030, 111.45,  0.030, 342.76,  0.019, 285.52,  0.047, 242.35,  0.045, 272.54,  0.054, 278.58,  0.010, 343.30,-99.000, -99.00,-99.000, -99.00,-99.000, -99.00,-99.000, -99.00,
9/15/2006 00:30:00,  9.8,276.1,  2.8,  2.7, 18.837, 29.52,  0.0,  0.0,  0.036, 356.82,  0.014, 303.69,  0.143, 332.54,  0.180, 305.98,  0.118, 337.57,  0.034, 299.54,  0.016, 217.57,  0.047, 342.72,  0.061, 332.59,  0.001, 135.00,  0.095, 321.43,  0.105, 306.11,  0.087, 308.97,  0.029, 271.97,  0.044, 233.39,  0.044,  78.18,-99.000, -99.00,-99.000, -99.00,-99.000, -99.00,-99.000, -99.00,
9/15/2006 00:35:00,  9.8,276.1,  2.8,  2.7, 18.828, 29.52,  0.0,  0.0,  0.076, 342.28,  0.069, 325.62,  0.083, 228.42,  0.126, 339.13,  0.082, 357.21,  0.066, 272.60,  0.105, 320.40,  0.059, 355.16,  0.020, 194.74,  0.025, 293.50,  0.022, 288.43,  0.007, 195.95,  0.027, 195.07,  0.126, 287.14,  0.069, 326.77,  0.069, 346.57,-99.000, -99.00,-99.000, -99.00,-99.000, -99.00,-99.000, -99.00,
9/15/2006 00:40:00,  9.8,276.2,  2.8,  2.7, 18.849, 29.52,  0.0,  0.0,  0.079, 336.99,  0.115, 327.41,  0.044,  80.75,  0.109, 292.09,  0.007, 270.00,  0.060, 342.47,  0.069, 262.46,  0.094, 286.11,  0.021, 340.71,  0.039, 212.47,  0.057, 286.22,  0.035, 246.37,  0.045, 285.59,  0.020, 306.87,  0.026, 220.36,  0.067, 309.59,-99.000, -99.00,-99.000, -99.00,-99.000, -99.00,-99.000, -99.00,
9/15/2006 00:45:00,  9.8,276.1,  2.8,  2.7, 18.838, 29.52,  0.0,  0.0,  0.027,  28.44,  0.059, 312.27,  0.024, 216.38,  0.129, 260.17,  0.129, 267.78,  0.112, 313.20,  0.043, 165.32,  0.089, 283.72,  0.044,  11.82,  0.091, 339.37,  0.029, 347.91,  0.008,  66.80,  0.043, 297.76,  0.017, 203.63,  0.062, 353.56,  0.063, 259.94,-99.000, -99.00,-99.000, -99.00,-99.000, -99.00,-99.000, -99.00,
9/15/2006 00:50:00,  9.8,276.1,  2.8,  2.7, 18.844, 29.53,  0.0,  0.0,  0.136, 346.37,  0.028, 327.99,  0.081, 311.52,  0.133,   2.58,  0.017, 259.99,  0.083, 275.51,  0.052,   5.49,  0.090, 330.02,  0.055, 266.88,  0.112, 276.68,  0.047, 306.38,  0.050, 305.27,  0.128, 170.54,  0.064, 277.24,  0.105, 297.30,  0.068, 192.80,-99.000, -99.00,-99.000, -99.00,-99.000, -99.00,-99.000, -99.00,
9/15/2006 00:55:00,  9.8,276.0,  2.8,  2.7, 18.834, 29.52,  0.0,  0.0,  0.044,   0.00,  0.093,   0.00,  0.008, 119.74,  0.026, 142.70,  0.032, 223.73,  0.022, 259.70,  0.032, 294.15,  0.067, 340.75,  0.025, 279.09,  0.009, 125.54,  0.053, 109.80,  0.033, 270.00,  0.028, 349.88,  0.044, 121.18,  0.028, 239.74,  0.034, 271.68,-99.000, -99.00,-99.000, -99.00,-99.000, -99.00,-99.000, -99.00,
9/15/2006 01:00:00,  9.8,276.1,  2.8,  2.7, 18.826, 29.52,  0.0,  0.0,  0.051, 311.82,  0.084, 256.29,  0.081, 294.68,  0.022,   0.00,  0.054,   4.24,  0.074, 350.67,  0.029,  15.95,  0.013, 318.01,  0.052, 305.54,  0.050,  71.20,  0.091, 345.35,  0.128, 357.76,  0.049, 344.54,  0.063, 261.74,  0.104, 301.25,  0.073, 241.33,-99.000, -99.00,-99.000, -99.00,-99.000, -99.00,-99.000, -99.00,
9/15/2006 01:05:00,  9.8,276.1,  2.8,  2.7, 18.845, 29.52,  0.0,  0.0,  0.070, 252.60,  0.083, 307.15,  0.039,   7.31,  0.073, 334.84,  0.073, 330.26,  0.036,  63.43,  0.014, 120.26,  0.015,  19.65,  0.062, 306.50,  0.071,  12.26,  0.094, 334.25,  0.115, 264.49,  0.041, 285.38,  0.040, 246.61,  0.019, 258.11,  0.063, 160.41,-99.000, -99.00,-99.000, -99.00,-99.000, -99.00,-99.000, -99.00,
9/15/2006 01:10:00,  9.8,276.2,  2.8,  2.7, 18.822, 29.52,  0.0,  0.0,  0.120, 281.50,  0.131, 306.61,  0.114, 294.32,  0.127, 326.56,  0.072, 356.82,  0.056, 352.87,  0.077, 344.16,  0.041,  78.69,  0.049, 229.14,  0.076, 255.60,  0.092, 350.03,  0.068, 347.20,  0.014,  36.03,  0.033, 327.26,  0.107, 320.33,  0.047, 183.65,-99.000, -99.00,-99.000, -99.00,-99.000, -99.00,-99.000, -99.00,
9/15/2006 01:15:00,  9.8,276.1,  2.8,  2.7, 18.828, 29.52,  0.0,  0.0,  0.100,   1.15,  0.092, 338.20,  0.057, 346.70,  0.025, 221.82,  0.061, 303.69,  0.042, 223.09,  0.053,  45.76,  0.076, 339.89,  0.009, 125.54,  0.119, 211.54,  0.055, 242.97,  0.049, 253.41,  0.097, 235.49,  0.102, 268.32,  0.122, 303.30,  0.029,   7.85,-99.000, -99.00,-99.000, -99.00,-99.000, -99.00,-99.000, -99.00,
9/15/2006 01:20:00,  9.8,276.1,  2.8,  2.7, 18.816, 29.52,  0.0,  0.0,  0.088,  16.57,  0.019, 351.03,  0.077, 207.90,  0.102, 296.31,  0.059, 269.03,  0.090, 307.76,  0.134, 335.34,  0.044, 307.65,  0.030,  32.62,  0.043, 270.00,  0.150, 294.00,  0.045, 290.85,  0.101, 316.20,  0.119, 306.77,  0.084, 331.61,  0.057, 284.28,-99.000, -99.00,-99.000, -99.00,-99.000, -99.00,-99.000, -99.00,
9/15/2006 01:25:00,  9.8,276.0,  2.8,  2.7, 18.817, 29.52,  0.0,  0.0,  0.043,  45.94,  0.097, 297.62,  0.105, 343.98,  0.127,  45.00,  0.064,   9.02,  0.108, 341.06,  0.056, 298.86,  0.095, 321.43,  0.100, 337.77,  0.114, 306.06,  0.086, 349.99,  0.040, 343.86,  0.103, 304.77,  0.056, 271.02,  0.059, 311.55,  0.095, 300.34,-99.000, -99.00,-99.000, -99.00,-99.000, -99.00,-99.000, -99.00,
9/15/2006 01:30:00,  9.8,276.1,  2.8,  2.7, 18.835, 29.52,  0.0,  0.0,  0.054,   0.00,  0.043, 322.59,  0.103, 282.29,  0.037,  14.04,  0.093, 299.59,  0.044, 275.19,  0.108, 249.38,  0.097, 273.54,  0.098, 306.29,  0.164, 321.94,  0.083, 306.18,  0.015,   0.00,  0.078, 288.67,  0.104, 285.11,  0.146, 310.01,  0.118, 288.74,-99.000, -99.00,-99.000, -99.00,-99.000, -99.00,-99.000, -99.00,
9/15/2006 01:35:00,  9.8,276.1,  2.8,  2.7, 18.848, 29.52,  0.0,  0.0,  0.136, 280.57,  0.016, 255.07,  0.088, 268.70,  0.119, 315.00,  0.129, 292.38,  0.115, 277.99,  0.175, 309.43,  0.045, 249.15,  0.094, 282.26,  0.106, 305.79,  0.113, 311.42,  0.048, 332.90,  0.115, 298.13,  0.116, 340.31,  0.074, 308.42,  0.019,   0.00,-99.000, -99.00,-99.000, -99.00,-99.000, -99.00,-99.000, -99.00,
9/15/2006 01:40:00,  9.8,276.1,  2.8,  2.7, 18.845, 29.52,  0.0,  0.0,  0.176, 286.89,  0.099, 306.41,  0.135, 261.51,  0.024, 184.76,  0.078, 250.64,  0.076, 207.58,  0.086, 248.82,  0.093, 283.74,  0.028, 309.29,  0.076, 318.18,  0.129, 300.35,  0.043, 326.31,  0.096, 346.69,  0.097, 342.68,  0.123, 334.06,  0.042,  42.09,-99.000, -99.00,-99.000, -99.00,-99.000, -99.00,-99.000, -99.00,
9/15/2006 01:45:00,  9.8,276.2,  2.8,  2.7, 18.852, 29.52,  0.0,  0.0,  0.163, 288.99,  0.146, 280.23,  0.107,  19.11,  0.040, 277.13,  0.093, 275.53,  0.117, 290.44,  0.131, 298.33,  0.071, 299.45,  0.090, 299.12,  0.070, 248.96,  0.088, 292.77,  0.134, 314.09,  0.070, 338.96,  0.062, 286.97,  0.078, 311.88,  0.031, 148.39,-99.000, -99.00,-99.000, -99.00,-99.000, -99.00,-99.000, -99.00,
9/15/2006 01:50:00,  9.8,276.1,  2.8,  2.7, 18.847, 29.51,  0.0,  0.0,  0.102, 335.70,  0.160, 327.99,  0.095, 299.52,  0.216, 294.66,  0.124, 286.83,  0.028, 295.64,  0.056, 311.38,  0.072, 302.59,  0.050, 262.03,  0.064, 300.96,  0.117, 308.05,  0.061, 307.63,  0.110, 323.86,  0.100, 335.75,  0.153, 336.95,  0.045, 245.14,-99.000, -99.00,-99.000, -99.00,-99.000, -99.00,-99.000, -99.00,
9/15/2006 01:55:00,  9.8,276.0,  2.8,  2.7, 18.837, 29.51,  0.0,  0.0,  0.072, 282.09,  0.162, 287.21,  0.048,   0.00,  0.102, 346.92,  0.129, 299.36,  0.109, 281.10,  0.018, 315.00,  0.105, 302.93,  0.096, 261.62,  0.113, 275.61,  0.113, 261.37,  0.096, 255.53,  0.131, 286.36,  0.204, 277.06,  0.146, 281.85,  0.043, 220.31,-99.000, -99.00,-99.000, -99.00,-99.000, -99.00,-99.000, -99.00,
9/15/2006 02:00:00,  9.8,276.1,  2.8,  2.7, 18.844, 29.51,  0.0,  0.0,  0.131, 271.31,  0.114, 320.71,  0.061, 308.37,  0.109, 309.81,  0.106,  32.64,  0.046, 341.18,  0.111, 310.27,  0.066, 296.18,  0.068, 260.68,  0.088, 297.73,  0.087, 329.60,  0.080, 324.13,  0.049, 304.99,  0.042, 264.56,  0.055, 309.14,  0.048, 335.56,-99.000, -99.00,-99.000, -99.00,-99.000, -99.00,-99.000, -99.00,
9/15/2006 02:05:00,  9.8,276.0,  2.8,  2.7, 18.826, 29.51,  0.0,  0.0,  0.154, 302.24,  0.156, 327.84,  0.090, 260.43,  0.033, 302.74,  0.084, 311.12,  0.113, 280.21,  0.120, 302.11,  0.101, 311.78,  0.131, 321.82,  0.133, 322.01,  0.074, 234.37,  0.067, 236.55,  0.042, 282.38,  0.081, 299.40,  0.212, 312.33,  0.185, 302.66,-99.000, -99.00,-99.000, -99.00,-99.000, -99.00,-99.000, -99.00,
9/15/2006 02:10:00,  9.8,276.1,  2.8,  2.7, 18.827, 29.51,  0.0,  0.0,  0.072, 342.32,  0.081, 301.93,  0.156, 260.42,  0.193, 284.68,  0.116, 299.44,  0.106, 274.32,  0.014, 252.90,  0.074, 190.10,  0.016,  29.74,  0.111, 318.28,  0.079, 283.16,  0.124, 333.64,  0.202, 325.68,  0.130, 334.42,  0.128, 324.57,  0.011,  41.19,-99.000, -99.00,-99.000, -99.00,-99.000, -99.00,-99.000, -99.00,
9/15/2006 02:15:00,  9.8,276.0,  2.8,  2.7, 18.820, 29.51,  0.0,  0.0,  0.070, 309.81,  0.102, 340.50,  0.138, 310.87,  0.125, 305.59,  0.166, 303.21,  0.120, 281.03,  0.098, 260.06,  0.081, 303.89,  0.158, 296.24,  0.191, 319.04,  0.133, 314.39,  0.191, 310.54,  0.169, 300.67,  0.153, 288.67,  0.188, 321.91,  0.043, 205.97,-99.000, -99.00,-99.000, -99.00,-99.000, -99.00,-99.000, -99.00,
9/15/2006 02:20:00,  9.8,276.0,  2.8,  2.7, 18.818, 29.51,  0.0,  0.0,  0.156, 233.35,  0.140, 266.32,  0.056, 248.96,  0.082, 295.31,  0.140, 260.94,  0.123, 267.67,  0.057, 302.01,  0.112, 316.45,  0.127, 268.65,  0.120, 313.31,  0.120, 292.07,  0.153, 299.74,  0.084, 284.53,  0.163, 299.70,  0.114, 306.06,  0.055, 220.60,-99.000, -99.00,-99.000, -99.00,-99.000, -99.00,-99.000, -99.00,
9/15/2006 02:25:00,  9.8,276.1,  2.8,  2.7, 18.833, 29.51,  0.0,  0.0,  0.039, 327.53,  0.147, 308.11,  0.175, 287.30,  0.208, 311.29,  0.156, 280.37,  0.208, 277.47,  0.061, 245.94,  0.103, 242.94,  0.057, 263.99,  0.069, 313.83,  0.097, 291.25,  0.158, 303.39,  0.102, 296.82,  0.128, 319.45,  0.067, 297.72,  0.041, 292.83,-99.000, -99.00,-99.000, -99.00,-99.000, -99.00,-99.000, -99.00,
9/15/2006 02:30:00,  9.8,276.0,  2.8,  2.7, 18.831, 29.50,  0.0,  0.0,  0.155, 338.75,  0.145, 324.55,  0.079, 298.84,  0.175, 285.23,  0.211, 287.66,  0.134, 255.76,  0.134, 289.11,  0.136, 290.70,  0.124, 278.78,  0.137, 304.27,  0.160, 290.81,  0.091, 288.63,  0.100, 315.81,  0.128, 309.29,  0.168, 324.22,  0.083,  35.22,-99.000, -99.00,-99.000, -99.00,-99.000, -99.00,-99.000, -99.00,
9/15/2006 02:35:00,  9.8,276.0,  2.8,  2.7, 18.815, 29.50,  0.0,  0.0,  0.061, 315.00,  0.114, 301.31,  0.168, 310.90,  0.136, 290.16,  0.128, 284.90,  0.189, 290.16,  0.139, 297.85,  0.144, 298.17,  0.044, 245.77,  0.151, 315.27,  0.141, 311.84,  0.088, 296.27,  0.084, 337.69,  0.169, 327.06,  0.150, 311.76,  0.091, 232.62,-99.000, -99.00,-99.000, -99.00,-99.000, -99.00,-99.000, -99.00,
9/15/2006 02:40:00,  9.8,276.1,  2.8,  2.7, 18.821, 29.49,  0.0,  0.0,  0.185, 287.95,  0.239, 273.85,  0.171, 275.04,  0.138, 291.19,  0.194, 284.61,  0.150, 286.63,  0.153, 284.76,  0.170, 274.37,  0.185, 269.69,  0.112, 264.90,  0.143, 295.31,  0.088, 313.15,  0.132, 290.35,  0.174, 305.42,  0.133, 314.39,  0.081, 291.80,-99.000, -99.00,-99.000, -99.00,-99.000, -99.00,-99.000, -99.00,
9/15/2006 02:45:00,  9.8,276.1,  2.8,  2.7, 18.816, 29.49,  0.0,  0.0,  0.237, 308.66,  0.228, 285.01,  0.254, 290.79,  0.231, 277.22,  0.257, 270.89,  0.237, 280.22,  0.236, 300.59,  0.113, 277.13,  0.121, 287.38,  0.146, 291.66,  0.096, 257.99,  0.148, 310.35,  0.153, 308.89,  0.146, 323.05,  0.122, 320.97,  0.133, 293.88,-99.000, -99.00,-99.000, -99.00,-99.000, -99.00,-99.000, -99.00,
9/15/2006 02:50:00,  9.8,276.1,  2.8,  2.7, 18.818, 29.48,  0.0,  0.0,  0.198, 278.13,  0.170, 280.52,  0.236, 285.21,  0.249, 292.44,  0.135, 304.75,  0.232, 308.70,  0.209, 303.69,  0.212, 294.26,  0.214, 292.00,  0.185, 289.61,  0.240, 285.49,  0.150, 267.33,  0.224, 318.98,  0.218, 299.39,  0.129, 299.36,  0.125, 256.63,-99.000, -99.00,-99.000, -99.00,-99.000, -99.00,-99.000, -99.00,
9/15/2006 02:55:00,  9.8,276.1,  2.8,  2.7, 18.838, 29.48,  0.0,  0.0,  0.202, 261.47,  0.179, 277.72,  0.231, 251.01,  0.156, 307.16,  0.192, 310.34,  0.257, 285.12,  0.266, 308.59,  0.224, 298.86,  0.145, 302.92,  0.212, 301.29,  0.162, 304.67,  0.180, 320.64,  0.162, 291.80,  0.140, 296.20,  0.192, 312.89,  0.042, 171.87,-99.000, -99.00,-99.000, -99.00,-99.000, -99.00,-99.000, -99.00,
9/15/2006 03:00:00,  9.8,276.1,  2.8,  2.7, 18.826, 29.48,  0.0,  0.0,  0.285, 293.78,  0.199, 289.71,  0.177, 288.74,  0.182, 299.67,  0.259, 285.70,  0.205, 301.20,  0.260, 302.29,  0.225, 301.01,  0.165, 307.36,  0.248, 325.03,  0.254, 305.38,  0.236, 298.30,  0.159, 309.39,  0.132, 348.18,  0.225, 330.13,  0.167, 319.84,-99.000, -99.00,-99.000, -99.00,-99.000, -99.00,-99.000, -99.00,
9/15/2006 03:05:00,  9.8,276.1,  2.8,  2.7, 18.803, 29.47,  0.0,  0.0,  0.194, 305.16,  0.344, 303.27,  0.316, 283.90,  0.288, 280.22,  0.232, 281.16,  0.254, 288.36,  0.309, 293.83,  0.240, 297.85,  0.232, 308.35,  0.198, 301.36,  0.276, 298.05,  0.201, 299.11,  0.135, 318.61,  0.200, 323.13,  0.197, 292.66,  0.104, 281.63,-99.000, -99.00,-99.000, -99.00,-99.000, -99.00,-99.000, -99.00,
9/15/2006 03:10:00,  9.8,276.1,  2.8,  2.7, 18.800, 29.47,  0.0,  0.0,  0.312, 314.35,  0.224, 300.92,  0.223, 307.33,  0.377, 281.79,  0.291, 288.87,  0.203, 295.68,  0.310, 292.01,  0.251, 295.03,  0.178, 292.10,  0.211, 300.08,  0.246, 291.97,  0.182, 308.32,  0.181, 314.10,  0.191, 318.81,  0.214, 323.34,  0.077, 251.80,-99.000, -99.00,-99.000, -99.00,-99.000, -99.00,-99.000, -99.00,
9/15/2006 03:15:00,  9.8,276.1,  2.8,  2.7, 18.809, 29.47,  0.0,  0.0,  0.177, 307.65,  0.194, 292.46,  0.251, 298.30,  0.191, 281.78,  0.228, 283.18,  0.254, 286.01,  0.225, 273.31,  0.233, 278.13,  0.185, 296.70,  0.212, 303.24,  0.170, 280.85,  0.108, 283.39,  0.114, 290.03,  0.190, 301.85,  0.189, 308.33,  0.074, 260.67,-99.000, -99.00,-99.000, -99.00,-99.000, -99.00,-99.000, -99.00,
9/15/2006 03:20:00,  9.8,276.1,  2.8,  2.7, 18.814, 29.47,  0.0,  0.0,  0.231, 307.61,  0.192, 275.09,  0.150, 311.22,  0.224, 282.11,  0.271, 273.17,  0.287, 291.91,  0.239, 293.67,  0.224, 294.27,  0.205, 292.06,  0.242, 296.78,  0.174, 292.29,  0.173, 282.67,  0.224, 302.06,  0.164, 315.00,  0.158, 303.89,  0.060, 299.15,-99.000, -99.00,-99.000, -99.00,-99.000, -99.00,-99.000, -99.00,
9/15/2006 03:25:00,  9.8,276.1,  2.8,  2.7, 18.812, 29.47,  0.0,  0.0,  0.132, 297.54,  0.159, 316.27,  0.134, 306.53,  0.232, 302.87,  0.258, 290.69,  0.217, 289.94,  0.233, 295.69,  0.147, 287.45,  0.227, 281.95,  0.138, 292.65,  0.204, 298.45,  0.189, 278.22,  0.221, 300.39,  0.191, 303.69,  0.090, 282.80,  0.106, 291.50,-99.000, -99.00,-99.000, -99.00,-99.000, -99.00,-99.000, -99.00,
9/15/2006 03:30:00,  9.8,276.0,  2.8,  2.7, 18.806, 29.46,  0.0,  0.0,  0.213, 298.98,  0.112, 315.36,  0.172, 298.80,  0.225, 275.36,  0.208, 293.23,  0.171, 312.16,  0.136, 292.04,  0.116, 278.90,  0.089, 254.41,  0.216, 275.05,  0.131, 247.95,  0.099, 282.22,  0.090, 276.41,  0.126, 293.32,  0.065, 237.53,  0.095, 237.48,-99.000, -99.00,-99.000, -99.00,-99.000, -99.00,-99.000, -99.00,
9/15/2006 03:35:00,  9.8,276.0,  2.8,  2.7, 18.805, 29.46,  0.0,  0.0,  0.212, 353.78,  0.217, 335.56,  0.173, 340.10,  0.118, 329.53,  0.273, 323.80,  0.174, 318.50,  0.120, 310.60,  0.115, 348.50,  0.058, 342.82,  0.118, 327.12,  0.138, 289.49,  0.191, 266.11,  0.233, 274.68,  0.160, 262.07,  0.064, 253.56,  0.051, 276.71,-99.000, -99.00,-99.000, -99.00,-99.000, -99.00,-99.000, -99.00,
9/15/2006 03:40:00,  9.7,276.1,  2.8,  2.7, 18.798, 29.46,  0.0,  0.0,  0.236, 309.15,  0.164, 300.31,  0.229, 330.75,  0.192, 304.60,  0.241, 310.63,  0.102, 331.93,  0.135, 321.01,  0.226, 284.34,  0.268, 283.15,  0.244, 299.72,  0.209, 282.71,  0.174, 288.75,  0.140, 286.62,  0.149, 270.00,  0.081, 307.01,  0.067, 248.04,-99.000, -99.00,-99.000, -99.00,-99.000, -99.00,-99.000, -99.00,
9/15/2006 03:45:00,  9.7,276.2,  2.8,  2.7, 18.788, 29.46,  0.0,  0.0,  0.161, 297.68,  0.180, 320.64,  0.209, 333.31,  0.153, 331.42,  0.202, 299.36,  0.248, 296.05,  0.176, 319.15,  0.235, 312.59,  0.145, 300.28,  0.156, 284.84,  0.099, 329.83,  0.168, 305.30,  0.137, 286.06,  0.125, 280.59,  0.080, 288.21,  0.070, 237.91,-99.000, -99.00,-99.000, -99.00,-99.000, -99.00,-99.000, -99.00,
9/15/2006 03:50:00,  9.7,276.2,  2.8,  2.7, 18.790, 29.46,  0.0,  0.0,  0.206, 328.70,  0.168, 337.56,  0.180, 331.16,  0.232, 332.22,  0.175, 278.55,  0.046, 273.73,  0.292, 306.36,  0.230, 305.28,  0.227, 286.60,  0.253, 270.00,  0.173, 284.76,  0.191, 277.83,  0.172, 269.00,  0.260, 257.57,  0.192, 268.21,  0.093, 240.95,-99.000, -99.00,-99.000, -99.00,-99.000, -99.00,-99.000, -99.00,
9/15/2006 03:55:00,  9.7,276.3,  2.8,  2.7, 18.785, 29.47,  0.0,  0.0,  0.199, 359.71,  0.124,   3.69,  0.139, 314.71,  0.190, 334.11,  0.154, 302.56,  0.145, 349.23,  0.188, 323.86,  0.156, 317.33,  0.146, 299.89,  0.211, 311.93,  0.214, 323.34,  0.160, 304.79,  0.159, 290.26,  0.151, 246.65,  0.135, 284.55,  0.061, 257.77,-99.000, -99.00,-99.000, -99.00,-99.000, -99.00,-99.000, -99.00,
9/15/2006 04:00:00,  9.7,276.1,  2.8,  2.7, 18.769, 29.47,  0.0,  0.0,  0.199, 308.08,  0.117, 308.05,  0.155, 286.45,  0.204, 297.82,  0.174, 270.66,  0.183, 279.41,  0.152, 327.36,  0.136, 292.43,  0.138, 305.30,  0.148, 307.87,  0.159, 298.98,  0.157, 283.24,  0.168, 277.89,  0.134, 259.70,  0.155, 257.67,  0.126, 258.60,-99.000, -99.00,-99.000, -99.00,-99.000, -99.00,-99.000, -99.00,
9/15/2006 04:05:00,  9.7,276.0,  2.8,  2.7, 18.781, 29.46,  0.0,  0.0,  0.172, 320.19,  0.235, 309.65,  0.125, 302.30,  0.224, 302.06,  0.161, 303.89,  0.180, 308.46,  0.197, 302.96,  0.172, 311.47,  0.161, 326.11,  0.159, 318.31,  0.072, 268.41,  0.221, 290.65,  0.088, 239.93,  0.196, 297.35,  0.116, 269.01,  0.107, 275.92,-99.000, -99.00,-99.000, -99.00,-99.000, -99.00,-99.000, -99.00,
9/15/2006 04:10:00,  9.7,276.1,  2.8,  2.7, 18.777, 29.47,  0.0,  0.0,  0.067, 330.36,  0.164, 298.44,  0.089, 295.99,  0.033,   0.00,  0.203, 302.51,  0.200, 277.48,  0.060, 320.44,  0.206, 334.06,  0.140, 318.47,  0.144, 308.22,  0.119, 323.23,  0.141, 289.84,  0.171, 297.91,  0.099, 275.83,  0.070, 270.82,  0.068, 252.10,-99.000, -99.00,-99.000, -99.00,-99.000, -99.00,-99.000, -99.00,
9/15/2006 04:15:00,  9.7,276.0,  2.8,  2.6, 18.785, 29.47,  0.0,  0.0,  0.237, 286.44,  0.238, 296.14,  0.188, 294.80,  0.200, 298.36,  0.185, 297.40,  0.123, 302.01,  0.085, 343.69,  0.108, 291.11,  0.158, 291.19,  0.149, 308.48,  0.125, 296.57,  0.227, 287.96,  0.196, 297.35,  0.215, 295.61,  0.153, 301.93,  0.068, 275.88,-99.000, -99.00,-99.000, -99.00,-99.000, -99.00,-99.000, -99.00,
9/15/2006 04:20:00,  9.7,276.1,  2.8,  2.7, 18.780, 29.47,  0.0,  0.0,  0.209, 288.09,  0.238, 289.12,  0.138, 299.54,  0.210, 315.96,  0.225, 288.11,  0.199, 267.99,  0.189, 319.92,  0.092, 285.69,  0.170, 298.37,  0.028, 304.82,  0.085, 325.56,  0.141, 310.69,  0.123, 278.85,  0.112, 283.42,  0.151, 286.15,  0.199, 245.63,-99.000, -99.00,-99.000, -99.00,-99.000, -99.00,-99.000, -99.00,
9/15/2006 04:25:00,  9.7,276.0,  2.8,  2.6, 18.778, 29.46,  0.0,  0.0,  0.141, 329.25,  0.213, 302.12,  0.288, 301.10,  0.124, 300.49,  0.151, 282.65,  0.159, 298.50,  0.049, 266.50,  0.055, 300.78,  0.097, 264.70,  0.100, 292.44,  0.106, 263.48,  0.130, 305.90,  0.046, 310.60,  0.117, 275.91,  0.098, 297.87,  0.114, 243.89,-99.000, -99.00,-99.000, -99.00,-99.000, -99.00,-99.000, -99.00,
9/15/2006 04:30:00,  9.7,276.2,  2.8,  2.7, 18.776, 29.46,  0.0,  0.0,  0.226, 320.75,  0.219, 281.57,  0.191, 275.41,  0.205, 300.44,  0.182, 295.02,  0.166, 288.65,  0.133, 305.49,  0.121, 296.57,  0.125, 282.48,  0.160, 305.87,  0.036, 328.50,  0.190, 330.07,  0.105, 302.93,  0.122, 290.67,  0.091, 288.63,  0.100, 251.93,-99.000, -99.00,-99.000, -99.00,-99.000, -99.00,-99.000, -99.00,
9/15/2006 04:35:00,  9.7,276.1,  2.8,  2.6, 18.772, 29.46,  0.0,  0.0,  0.208, 311.88,  0.161, 285.51,  0.140, 262.22,  0.284, 299.82,  0.161, 277.88,  0.134, 266.58,  0.115, 287.65,  0.202, 323.24,  0.228, 304.81,  0.181, 294.44,  0.113, 282.80,  0.205, 294.56,  0.144, 267.61,  0.152, 259.36,  0.166, 262.02,  0.147, 257.85,-99.000, -99.00,-99.000, -99.00,-99.000, -99.00,-99.000, -99.00,
9/15/2006 04:40:00,  9.7,276.2,  2.7,  2.7, 18.775, 29.45,  0.0,  0.0,  0.155, 286.91,  0.136, 302.99,  0.134, 291.01,  0.188, 281.67,  0.264, 285.14,  0.180, 247.84,  0.127, 259.13,  0.140, 290.89,  0.167, 294.42,  0.155, 283.41,  0.212, 293.91,  0.145, 287.68,  0.107, 279.73,  0.060, 294.84,  0.079, 282.45,  0.093, 216.25,-99.000, -99.00,-99.000, -99.00,-99.000, -99.00,-99.000, -99.00,
9/15/2006 04:45:00,  9.7,276.2,  2.8,  2.7, 18.770, 29.45,  0.0,  0.0,  0.218, 297.04,  0.214, 279.95,  0.198, 294.11,  0.154, 274.86,  0.267, 291.96,  0.141, 304.03,  0.112, 278.71,  0.117, 291.07,  0.119, 257.37,  0.073, 206.92,  0.160, 251.45,  0.182, 264.32,  0.131, 251.29,  0.060, 260.38,  0.050, 313.36,  0.028, 173.88,-99.000, -99.00,-99.000, -99.00,-99.000, -99.00,-99.000, -99.00,
9/15/2006 04:50:00,  9.7,276.0,  2.8,  2.7, 18.768, 29.45,  0.0,  0.0,  0.154, 312.90,  0.212, 301.89,  0.146, 272.35,  0.185, 291.28,  0.132, 300.44,  0.166, 319.89,  0.131, 272.62,  0.182, 278.84,  0.098, 254.69,  0.145, 290.56,  0.074, 260.67,  0.070, 246.37,  0.064, 243.03,  0.084, 249.84,  0.080, 264.29,  0.058, 237.68,-99.000, -99.00,-99.000, -99.00,-99.000, -99.00,-99.000, -99.00,
9/15/2006 04:55:00,  9.7,276.1,  2.8,  2.7, 18.751, 29.45,  0.0,  0.0,  0.137, 326.31,  0.211, 282.59,  0.155, 302.04,  0.114, 325.34,  0.183, 316.11,  0.216, 279.59,  0.123, 272.79,  0.132, 285.83,  0.160, 247.93,  0.210, 219.21,  0.131, 213.45,  0.135, 249.15,  0.152, 249.18,  0.145, 275.95,  0.114, 286.36,  0.051, 283.50,-99.000, -99.00,-99.000, -99.00,-99.000, -99.00,-99.000, -99.00,
9/15/2006 05:00:00,  9.7,276.0,  2.8,  2.6, 18.752, 29.45,  0.0,  0.0,  0.219, 299.84,  0.143, 272.40,  0.082, 290.64,  0.163, 295.46,  0.172, 330.75,  0.127, 261.87,  0.149, 273.84,  0.129, 280.27,  0.097, 278.30,  0.159, 269.64,  0.131, 289.68,  0.107, 271.07,  0.119, 233.90,  0.118, 241.70,  0.089, 242.00,  0.032, 171.12,-99.000, -99.00,-99.000, -99.00,-99.000, -99.00,-99.000, -99.00,
9/15/2006 05:05:00,  9.7,276.0,  2.8,  2.7, 18.761, 29.46,  0.0,  0.0,  0.144, 284.91,  0.103, 318.92,  0.141, 312.99,  0.136, 302.41,  0.117, 261.66,  0.123, 292.41,  0.111, 289.41,  0.145, 251.57,  0.139, 257.16,  0.088, 246.63,  0.110, 237.61,  0.108, 223.13,  0.117, 200.44,  0.123, 216.40,  0.037, 229.40,  0.024, 242.35,-99.000, -99.00,-99.000, -99.00,-99.000, -99.00,-99.000, -99.00,
9/15/2006 05:10:00,  9.7,276.1,  2.8,  2.7, 18.742, 29.46,  0.0,  0.0,  0.160, 312.97,  0.106, 330.52,  0.155, 287.62,  0.165, 304.85,  0.091, 314.56,  0.087, 334.03,  0.121, 296.57,  0.123, 221.05,  0.100, 259.03,  0.132, 227.76,  0.221, 235.88,  0.170, 245.25,  0.130, 234.72,  0.142, 210.55,  0.072, 180.00,  0.020, 233.13,-99.000, -99.00,-99.000, -99.00,-99.000, -99.00,-99.000, -99.00,
9/15/2006 05:15:00,  9.7,276.0,  2.8,  2.7, 18.725, 29.46,  0.0,  0.0,  0.152,   1.88,  0.108, 308.25,  0.134, 300.01,  0.163, 303.98,  0.043, 270.00,  0.071, 277.33,  0.188, 271.22,  0.134, 286.00,  0.197, 244.47,  0.196, 273.50,  0.149, 268.85,  0.102, 246.21,  0.031, 255.07,  0.116, 203.26,  0.041, 309.09,  0.026, 332.45,-99.000, -99.00,-99.000, -99.00,-99.000, -99.00,-99.000, -99.00,
9/15/2006 05:20:00,  9.7,276.2,  2.8,  2.7, 18.726, 29.46,  0.0,  0.0,  0.114, 318.20,  0.145, 279.14,  0.135, 359.58,  0.150, 309.85,  0.148, 313.08,  0.102, 330.67,  0.077, 276.75,  0.128, 310.55,  0.203, 270.28,  0.191, 267.00,  0.154, 263.66,  0.210, 272.73,  0.199, 292.71,  0.169, 310.93,  0.090, 335.14,  0.097, 293.66,-99.000, -99.00,-99.000, -99.00,-99.000, -99.00,-99.000, -99.00,
9/15/2006 05:25:00,  9.7,276.1,  2.8,  2.6, 18.718, 29.46,  0.0,  0.0,  0.116, 297.67,  0.219, 339.17,  0.151, 321.46,  0.103, 323.69,  0.082, 324.38,  0.085, 282.89,  0.085, 278.80,  0.078, 311.88,  0.082, 254.44,  0.211, 257.41,  0.179, 261.01,  0.128, 263.26,  0.174, 283.32,  0.301, 295.97,  0.181, 272.85,  0.148, 278.19,-99.000, -99.00,-99.000, -99.00,-99.000, -99.00,-99.000, -99.00,
9/15/2006 05:30:00,  9.7,276.1,  2.8,  2.7, 18.721, 29.46,  0.0,  0.0,  0.158, 312.95,  0.178, 311.82,  0.112, 327.72,  0.108, 323.66,  0.095, 299.52,  0.118, 295.05,  0.047, 279.87,  0.095, 236.14,  0.172, 268.67,  0.143, 280.45,  0.200, 281.53,  0.167, 247.12,  0.143, 274.40,  0.234, 257.92,  0.206, 250.42,  0.219, 263.72,-99.000, -99.00,-99.000, -99.00,-99.000, -99.00,-99.000, -99.00,
9/15/2006 05:35:00,  9.7,276.0,  2.8,  2.7, 18.732, 29.46,  0.0,  0.0,  0.048,   4.76,  0.101,   3.96,  0.125, 294.10,  0.161, 342.24,  0.096, 306.99,  0.123, 316.32,  0.168, 297.63,  0.092, 278.13,  0.102, 345.28,  0.171, 307.41,  0.184, 283.20,  0.173, 268.34,  0.151, 262.41,  0.162, 242.80,  0.172, 261.30,  0.165, 288.00,-99.000, -99.00,-99.000, -99.00,-99.000, -99.00,-99.000, -99.00,
9/15/2006 05:40:00,  9.7,276.0,  2.8,  2.7, 18.719, 29.46,  0.0,  0.0,  0.084, 289.52,  0.121, 295.50,  0.143, 291.73,  0.087, 257.40,  0.066, 356.53,  0.051, 340.50,  0.086, 312.63,  0.156, 327.84,  0.088, 236.13,  0.026, 270.00,  0.075, 270.00,  0.121, 235.78,  0.170, 213.22,  0.175, 206.86,  0.181, 204.16,  0.187, 233.93,-99.000, -99.00,-99.000, -99.00,-99.000, -99.00,-99.000, -99.00,
9/15/2006 05:45:00,  9.7,276.1,  2.8,  2.7, 18.730, 29.47,  0.0,  0.0,  0.119, 298.73,  0.083, 353.05,  0.049, 259.38,  0.098, 270.00,  0.186, 306.25,  0.075, 301.36,  0.122, 340.38,  0.148, 245.68,  0.171, 262.63,  0.110, 278.86,  0.087, 260.75,  0.103, 285.79,  0.156, 225.78,  0.161, 207.84,  0.134, 223.19,  0.113, 230.39,-99.000, -99.00,-99.000, -99.00,-99.000, -99.00,-99.000, -99.00,
9/15/2006 05:50:00,  9.7,276.2,  2.8,  2.6, 18.721, 29.47,  0.0,  0.0,  0.073, 284.98,  0.142, 268.39,  0.060, 282.43,  0.080, 288.21,  0.103, 276.71,  0.108, 307.83,  0.069, 286.06,  0.080, 237.31,  0.071, 270.81,  0.126, 232.40,  0.134, 248.04,  0.145, 235.11,  0.112, 255.47,  0.137, 212.76,  0.126, 199.44,  0.118, 235.37,-99.000, -99.00,-99.000, -99.00,-99.000, -99.00,-99.000, -99.00,
9/15/2006 05:55:00,  9.7,276.1,  2.8,  2.7, 18.708, 29.47,  0.0,  0.0,  0.066, 262.12,  0.046, 298.81,  0.168, 280.98,  0.100, 292.23,  0.078, 252.95,  0.059, 270.00,  0.133, 282.58,  0.156, 288.32,  0.074, 317.73,  0.045, 317.73,  0.089, 280.30,  0.126, 279.61,  0.134, 252.24,  0.170, 245.39,  0.100, 276.34,  0.131, 228.40,-99.000, -99.00,-99.000, -99.00,-99.000, -99.00,-99.000, -99.00,
9/15/2006 06:00:00,  9.7,276.0,  2.8,  2.7, 18.702, 29.47,  0.0,  0.0,  0.143, 248.27,  0.058, 289.06,  0.069,   0.00,  0.031, 256.87,  0.052, 242.45,  0.062, 266.31,  0.080, 265.71,  0.078, 278.13,  0.154, 281.24,  0.129, 247.62,  0.085, 244.04,  0.090, 266.82,  0.159, 272.52,  0.182, 223.89,  0.164, 199.54,  0.101, 229.83,-99.000, -99.00,-99.000, -99.00,-99.000, -99.00,-99.000, -99.00,
9/15/2006 06:05:00,  9.7,276.1,  2.8,  2.6, 18.695, 29.47,  0.0,  0.0,  0.037,  47.20,  0.151,   2.28,  0.123, 333.85,  0.176, 332.56,  0.151, 306.11,  0.115, 225.71,  0.156, 252.49,  0.060, 281.50,  0.153, 255.96,  0.163, 232.50,  0.147, 265.72,  0.166, 217.91,  0.154, 226.85,  0.169, 209.45,  0.171, 174.96,  0.090, 177.46,-99.000, -99.00,-99.000, -99.00,-99.000, -99.00,-99.000, -99.00,
9/15/2006 06:10:00,  9.7,276.1,  2.8,  2.6, 18.693, 29.47,  0.0,  0.0,  0.107, 257.64,  0.066,  17.61,  0.048, 204.44,  0.020, 296.57,  0.033, 237.26,  0.080, 299.12,  0.079, 257.55,  0.119, 277.72,  0.066, 220.70,  0.042, 261.87,  0.074, 326.52,  0.031, 348.69,  0.108, 311.99,  0.063, 261.74,  0.032, 298.18,  0.072, 333.43,-99.000, -99.00,-99.000, -99.00,-99.000, -99.00,-99.000, -99.00,
9/15/2006 06:15:00,  9.7,276.1,  2.8,  2.7, 18.691, 29.47,  0.0,  0.0,  0.087, 293.63,  0.144, 348.77,  0.106,  14.17,  0.083, 338.07,  0.012, 300.96,  0.027, 274.24,  0.059, 183.88,  0.066, 195.71,  0.141, 227.01,  0.105, 225.38,  0.070, 231.34,  0.140, 241.78,  0.213, 275.12,  0.175, 273.92,  0.077, 288.90,  0.060, 314.33,-99.000, -99.00,-99.000, -99.00,-99.000, -99.00,-99.000, -99.00,
9/15/2006 06:20:00,  9.7,275.9,  2.7,  2.7, 18.689, 29.47,  0.0,  0.0,  0.099, 347.78,  0.117,  13.32,  0.107, 335.60,  0.095,  18.43,  0.057,  96.01,  0.113,  42.48,  0.122,  34.34,  0.043, 113.03,  0.101, 268.30,  0.122, 248.90,  0.119, 263.23,  0.157, 285.10,  0.109, 239.67,  0.106, 243.19,  0.095, 280.36,  0.075, 316.08,-99.000, -99.00,-99.000, -99.00,-99.000, -99.00,-99.000, -99.00,
9/15/2006 06:25:00,  9.7,276.1,  2.8,  2.7, 18.685, 29.47,  0.0,  0.0,  0.059, 349.26,  0.084, 342.00,  0.128, 289.14,  0.067, 355.73,  0.063, 359.09,  0.090, 324.90,  0.142, 330.55,  0.035, 250.02,  0.132, 328.96,  0.123, 295.94,  0.111, 247.14,  0.121, 263.82,  0.136, 273.79,  0.161, 272.84,  0.195, 271.18,  0.120, 266.19,-99.000, -99.00,-99.000, -99.00,-99.000, -99.00,-99.000, -99.00,
9/15/2006 06:30:00,  9.7,276.1,  2.8,  2.7, 18.681, 29.47,  0.0,  0.0,  0.084, 299.91,  0.058,   1.97,  0.039, 215.71,  0.119, 349.35,  0.125, 341.27,  0.135, 332.10,  0.072, 326.31,  0.130, 313.75,  0.127, 307.95,  0.115, 235.62,  0.108, 266.29,  0.144, 271.19,  0.158, 281.31,  0.106, 291.00,  0.017, 249.44,  0.093, 264.47,-99.000, -99.00,-99.000, -99.00,-99.000, -99.00,-99.000, -99.00,
9/15/2006 06:35:00,  9.7,276.1,  2.8,  2.6, 18.684, 29.47,  0.0,  0.0,  0.069, 357.51,  0.049, 355.33,  0.024, 289.18,  0.028, 180.00,  0.047, 279.87,  0.128, 289.14,  0.192, 260.10,  0.095, 294.15,  0.042, 224.03,  0.099, 274.04,  0.158, 259.05,  0.176, 285.45,  0.141, 261.87,  0.160, 261.01,  0.101, 223.80,  0.020, 302.91,-99.000, -99.00,-99.000, -99.00,-99.000, -99.00,-99.000, -99.00,
9/15/2006 06:40:00,  9.7,276.1,  2.8,  2.7, 18.677, 29.47,  0.0,  0.0,  0.109, 317.23,  0.054, 332.49,  0.052,   7.67,  0.086, 316.88,  0.071, 327.65,  0.090, 297.70,  0.023, 135.00,  0.097, 248.75,  0.105, 273.27,  0.085, 258.42,  0.126, 260.39,  0.159, 258.06,  0.144, 236.31,  0.112, 260.20,  0.092, 265.03,  0.030, 240.02,-99.000, -99.00,-99.000, -99.00,-99.000, -99.00,-99.000, -99.00,
9/15/2006 06:45:00,  9.7,276.0,  2.8,  2.6, 18.671, 29.47,  0.0,  0.0,  0.028, 355.91,  0.026, 226.55,  0.097, 305.33,  0.029, 247.83,  0.038, 282.20,  0.071,  15.61,  0.035, 239.04,  0.118, 278.27,  0.132, 253.22,  0.103, 262.74,  0.149, 287.95,  0.070, 234.27,  0.095, 225.00,  0.104, 283.37,  0.096, 266.42,  0.090, 260.43,-99.000, -99.00,-99.000, -99.00,-99.000, -99.00,-99.000, -99.00,
9/15/2006 06:50:00,  9.7,276.1,  2.8,  2.7, 18.665, 29.47,  0.0,  0.0,  0.070, 324.27,  0.052, 316.55,  0.076, 285.32,  0.041, 212.15,  0.035, 332.70,  0.132, 276.10,  0.155, 271.48,  0.070, 271.64,  0.087, 236.31,  0.120, 230.74,  0.169, 263.55,  0.095, 230.12,  0.091, 263.03,  0.110, 266.88,  0.096, 284.47,  0.035, 278.13,-99.000, -99.00,-99.000, -99.00,-99.000, -99.00,-99.000, -99.00,
9/15/2006 06:55:00,  9.7,276.1,  2.8,  2.6, 18.674, 29.47,  0.0,  0.0,  0.092, 321.15,  0.046,  26.00,  0.040,  56.31,  0.053, 257.01,  0.090, 304.57,  0.107, 306.22,  0.044, 298.30,  0.073, 270.78,  0.058, 195.95,  0.060, 258.50,  0.135, 268.73,  0.130, 247.79,  0.160, 245.67,  0.142, 247.60,  0.085, 235.01,  0.037, 293.81,-99.000, -99.00,-99.000, -99.00,-99.000, -99.00,-99.000, -99.00,
9/15/2006 07:00:00,  9.7,276.0,  2.8,  2.6, 18.666, 29.47,  0.0,  0.0,  0.030,  84.29,  0.094,   3.65,  0.102,   6.22,  0.065, 333.43,  0.098, 224.59,  0.063, 267.27,  0.046,   2.49,  0.049, 329.24,  0.108, 298.69,  0.064, 315.00,  0.030, 181.91,  0.025, 298.61,  0.076, 280.57,  0.098, 277.63,  0.076, 285.32,  0.078, 227.08,-99.000, -99.00,-99.000, -99.00,-99.000, -99.00,-99.000, -99.00,
9/15/2006 07:05:00,  9.7,276.1,  2.8,  2.7, 18.667, 29.47,  0.0,  0.0,  0.045, 206.57,  0.056, 109.72,  0.054,  68.20,  0.045,  39.64,  0.099, 163.58,  0.055, 169.51,  0.069, 195.04,  0.053, 263.54,  0.015, 246.80,  0.015, 227.73,  0.072, 291.95,  0.095, 353.93,  0.118,   9.78,  0.053,  19.80,  0.045, 357.46,  0.035, 151.26,-99.000, -99.00,-99.000, -99.00,-99.000, -99.00,-99.000, -99.00,
9/15/2006 07:10:00,  9.7,276.1,  2.8,  2.6, 18.654, 29.46,  0.0,  0.0,  0.059, 164.32,  0.107, 188.05,  0.036, 180.00,  0.140,   7.78,  0.026,  90.00,  0.041, 170.07,  0.086, 192.09,  0.085, 214.44,  0.043, 237.43,  0.074, 264.60,  0.092, 326.48,  0.056, 299.74,  0.056, 244.80,  0.074, 275.40,  0.152, 273.76,  0.089, 251.77,-99.000, -99.00,-99.000, -99.00,-99.000, -99.00,-99.000, -99.00,
9/15/2006 07:15:00,  9.7,276.2,  2.8,  2.7, 18.653, 29.45,  0.0,  0.0,  0.106, 250.20,  0.096, 283.31,  0.069, 145.62,  0.040, 123.69,  0.028, 225.00,  0.109, 327.33,  0.099, 274.04,  0.061, 254.83,  0.080, 218.88,  0.022, 305.84,  0.008, 255.96,  0.022, 254.05,  0.094, 277.96,  0.154, 271.49,  0.187, 290.38,  0.057, 229.94,-99.000, -99.00,-99.000, -99.00,-99.000, -99.00,-99.000, -99.00,
9/15/2006 07:20:00,  9.7,276.1,  2.8,  2.6, 18.655, 29.45,  0.0,  0.0,  0.121, 229.71,  0.129, 179.56,  0.116, 120.54,  0.049, 105.46,  0.021, 357.27,  0.066, 294.23,  0.051, 225.00,  0.011, 354.81,  0.077, 326.10,  0.017, 327.26,  0.065, 180.00,  0.116, 204.36,  0.081, 260.07,  0.094, 233.62,  0.047, 180.00,  0.029, 245.22,-99.000, -99.00,-99.000, -99.00,-99.000, -99.00,-99.000, -99.00,
9/15/2006 07:25:00,  9.7,276.1,  2.8,  2.7, 18.651, 29.44,  0.0,  0.0,  0.007, 326.31,  0.085, 100.12,  0.109, 230.93,  0.088, 218.05,  0.071,  88.39,  0.066,  64.98,  0.057, 120.62,  0.002,  90.00,  0.079, 291.67,  0.051, 283.50,  0.038, 203.20,  0.048, 190.84,  0.052, 199.13,  0.088, 248.08,  0.076, 270.75,  0.051, 245.92,-99.000, -99.00,-99.000, -99.00,-99.000, -99.00,-99.000, -99.00,
9/15/2006 07:30:00,  9.7,276.1,  2.8,  2.7, 18.633, 29.44,  0.0,  0.0,  0.106, 176.76,  0.097, 171.12,  0.154, 138.67,  0.112, 175.91,  0.078, 155.74,  0.147, 156.39,  0.072, 280.38,  0.105, 313.85,  0.024,  85.24,  0.035,  86.73,  0.011, 280.30,  0.048, 296.03,  0.016, 129.81,  0.012, 294.44,  0.047, 333.43,  0.076, 253.23,-99.000, -99.00,-99.000, -99.00,-99.000, -99.00,-99.000, -99.00,
9/15/2006 07:35:00,  9.7,276.1,  2.8,  2.7, 18.633, 29.44,  0.0,  0.0,  0.114,  97.06,  0.091, 130.53,  0.087, 133.60,  0.130, 138.11,  0.071, 124.14,  0.134, 133.79,  0.071, 114.04,  0.083,  13.20,  0.059, 273.88,  0.061, 242.59,  0.004,  90.00,  0.016,  10.62,  0.093,  80.74,  0.109, 329.67,  0.067, 284.66,  0.081, 322.00,-99.000, -99.00,-99.000, -99.00,-99.000, -99.00,-99.000, -99.00,
9/15/2006 07:40:00,  9.7,276.1,  2.8,  2.6, 18.659, 29.43,  0.0,  0.0,  0.111, 183.61,  0.049, 167.09,  0.142, 242.35,  0.163, 204.68,  0.050, 156.50,  0.057,  80.87,  0.069, 105.04,  0.070,  72.60,  0.066,  52.96,  0.004, 270.00,  0.038, 188.97,  0.070, 321.34,  0.050, 288.80,  0.052, 285.64,  0.036, 202.99,  0.067, 176.58,-99.000, -99.00,-99.000, -99.00,-99.000, -99.00,-99.000, -99.00,
9/15/2006 07:45:00,  9.7,276.1,  2.8,  2.6, 18.633, 29.43,  0.0,  0.0,  0.078, 171.87,  0.039, 160.64,  0.131, 119.31,  0.043, 137.82,  0.061, 231.63,  0.098, 103.61,  0.100, 103.90,  0.040, 106.14,  0.025, 111.37,  0.028,   2.05,  0.019, 222.88,  0.030,  42.27,  0.049, 165.96,  0.019, 191.89,  0.057, 176.99,  0.070,  35.06,-99.000, -99.00,-99.000, -99.00,-99.000, -99.00,-99.000, -99.00,
9/15/2006 07:50:00,  9.7,276.1,  2.8,  2.7, 18.642, 29.43,  0.0,  0.0,  0.060, 163.66,  0.071, 193.84,  0.101, 179.43,  0.020, 220.91,  0.076, 197.72,  0.047, 155.06,  0.057, 140.71,  0.015,  19.65,  0.054, 211.33,  0.098, 159.72,  0.017, 156.37,  0.034, 144.46,  0.077, 149.42,  0.018, 243.43,  0.010,  29.05,  0.053, 270.00,-99.000, -99.00,-99.000, -99.00,-99.000, -99.00,-99.000, -99.00,
9/15/2006 07:55:00,  9.7,276.1,  2.8,  2.6, 18.640, 29.43,  0.0,  0.0,  0.072,  97.22,  0.061,  99.46,  0.117, 141.95,  0.104, 161.57,  0.075, 152.06,  0.054,   4.24,  0.071, 111.50,  0.085,  46.91,  0.080, 176.42,  0.047, 222.44,  0.037, 297.26,  0.092, 304.38,  0.077, 223.42,  0.110, 204.23,  0.076, 165.60,  0.041, 264.43,-99.000, -99.00,-99.000, -99.00,-99.000, -99.00,-99.000, -99.00,
9/15/2006 08:00:00,  9.7,276.1,  2.8,  2.7, 18.656, 29.43,  0.0,  0.0,  0.138, 155.66,  0.137,  87.49,  0.199, 156.01,  0.127, 168.69,  0.040, 129.99,  0.116, 149.46,  0.054, 208.95,  0.045, 168.44,  0.033, 118.89,  0.136, 115.81,  0.137, 104.34,  0.040, 159.27,  0.098, 297.87,  0.100, 214.01,  0.059, 196.61,  0.037, 145.01,-99.000, -99.00,-99.000, -99.00,-99.000, -99.00,-99.000, -99.00,
9/15/2006 08:05:00,  9.7,276.1,  2.8,  2.7, 18.651, 29.44,  0.0,  0.0,  0.110, 135.37,  0.116, 124.51,  0.114, 124.66,  0.098, 127.10,  0.204, 134.60,  0.073, 130.01,  0.074, 131.70,  0.119,  88.07,  0.133, 119.64,  0.034, 116.57,  0.058, 132.21,  0.074, 133.90,  0.059, 240.38,  0.062, 226.97,  0.041, 180.00,  0.026, 252.26,-99.000, -99.00,-99.000, -99.00,-99.000, -99.00,-99.000, -99.00,
9/15/2006 08:10:00,  9.7,276.1,  2.8,  2.7, 18.660, 29.44,  0.0,  0.0,  0.172, 109.70,  0.168, 132.59,  0.109, 116.80,  0.254, 122.12,  0.175, 133.15,  0.195, 117.48,  0.110, 117.03,  0.123, 154.90,  0.056, 111.04,  0.116, 159.21,  0.058, 218.66,  0.058, 183.95,  0.055, 172.75,  0.035, 235.41,  0.111, 184.64,  0.072, 196.16,-99.000, -99.00,-99.000, -99.00,-99.000, -99.00,-99.000, -99.00,
9/15/2006 08:15:00,  9.7,276.1,  2.8,  2.7, 18.648, 29.43,  0.0,  0.0,  0.196, 141.20,  0.168, 141.29,  0.147, 104.98,  0.186, 152.74,  0.118, 135.34,  0.085, 148.92,  0.154, 159.10,  0.099, 163.02,  0.074, 117.26,  0.100, 128.48,  0.071, 127.52,  0.069, 132.05,  0.110, 150.64,  0.034, 154.18,  0.020, 284.74,  0.051, 257.59,-99.000, -99.00,-99.000, -99.00,-99.000, -99.00,-99.000, -99.00,
9/15/2006 08:20:00,  9.7,276.1,  2.8,  2.7, 18.647, 29.43,  0.0,  0.0,  0.219, 121.95,  0.120, 131.28,  0.156, 111.46,  0.129, 119.14,  0.161, 140.29,  0.113, 154.34,  0.125, 148.09,  0.199, 121.85,  0.054, 146.31,  0.053, 141.17,  0.077, 151.09,  0.038, 184.51,  0.059, 159.10,  0.054,  65.82,  0.064,  67.86,  0.014, 261.87,-99.000, -99.00,-99.000, -99.00,-99.000, -99.00,-99.000, -99.00,
9/15/2006 08:25:00,  9.7,276.1,  2.8,  2.7, 18.648, 29.42,  0.0,  0.0,  0.047,  55.30,  0.177, 102.07,  0.112, 143.33,  0.128, 111.13,  0.115, 126.87,  0.098, 150.55,  0.170, 139.55,  0.031, 128.37,  0.031, 176.31,  0.073, 135.56,  0.096, 132.47,  0.002,  63.43,  0.036, 155.56,  0.072, 196.16,  0.048, 266.42,  0.103, 262.18,-99.000, -99.00,-99.000, -99.00,-99.000, -99.00,-99.000, -99.00,
9/15/2006 08:30:00,  9.7,276.0,  2.8,  2.6, 18.649, 29.42,  0.0,  0.0,  0.100, 102.09,  0.122, 131.01,  0.099, 150.33,  0.082, 104.89,  0.066, 190.46,  0.090, 110.26,  0.069, 195.04,  0.137, 157.19,  0.086,  93.33,  0.105, 153.43,  0.071, 169.48,  0.055, 156.25,  0.068, 176.63,  0.053, 205.60,  0.019, 356.99,  0.016, 198.43,-99.000, -99.00,-99.000, -99.00,-99.000, -99.00,-99.000, -99.00,
9/15/2006 08:35:00,  9.7,276.1,  2.8,  2.6, 18.646, 29.42,  0.0,  0.0,  0.199, 105.43,  0.111, 101.41,  0.155, 112.76,  0.125, 118.21,  0.157, 121.15,  0.099, 105.87,  0.118,  67.12,  0.137, 126.70,  0.081, 119.40,  0.100, 123.53,  0.095,  96.07,  0.091, 133.67,  0.075, 152.06,  0.007, 164.05,  0.023, 304.38,  0.056, 233.75,-99.000, -99.00,-99.000, -99.00,-99.000, -99.00,-99.000, -99.00,
9/15/2006 08:40:00,  9.7,276.0,  2.8,  2.6, 18.651, 29.42,  0.0,  0.0,  0.156, 122.67,  0.091, 132.78,  0.125, 129.81,  0.115, 147.41,  0.205, 135.00,  0.181, 155.14,  0.118, 129.49,  0.086, 149.84,  0.103, 116.57,  0.063, 135.64,  0.048, 142.65,  0.120, 152.15,  0.033, 217.57,  0.092, 162.94,  0.023, 105.26,  0.130, 239.49,-99.000, -99.00,-99.000, -99.00,-99.000, -99.00,-99.000, -99.00,
9/15/2006 08:45:00,  9.7,276.2,  2.8,  2.7, 18.638, 29.42,  0.0,  0.0,  0.140, 126.30,  0.124, 127.79,  0.169, 123.41,  0.175, 149.77,  0.178, 138.87,  0.192, 119.37,  0.169, 116.72,  0.165, 147.37,  0.143, 113.88,  0.096,  91.19,  0.070,  75.17,  0.086, 121.65,  0.038,  70.14,  0.055, 145.44,  0.050, 237.26,  0.098, 268.25,-99.000, -99.00,-99.000, -99.00,-99.000, -99.00,-99.000, -99.00,
9/15/2006 08:50:00,  9.7,276.1,  2.8,  2.6, 18.654, 29.43,  0.0,  0.0,  0.056,  67.07,  0.108, 118.69,  0.229,  93.25,  0.221,  90.26,  0.093, 111.35,  0.122, 154.27,  0.061, 142.37,  0.003, 341.57,  0.055, 156.25,  0.069, 353.39,  0.066, 149.18,  0.025, 170.91,  0.121, 164.12,  0.053, 149.59,  0.066, 161.57,  0.018, 141.84,-99.000, -99.00,-99.000, -99.00,-99.000, -99.00,-99.000, -99.00,
9/15/2006 08:55:00,  9.7,276.1,  2.8,  2.6, 18.653, 29.43,  0.0,  0.0,  0.097,  63.70,  0.098, 144.53,  0.166, 155.76,  0.114, 116.57,  0.076, 136.06,  0.199, 116.95,  0.168,  96.15,  0.129, 106.61,  0.069,  50.30,  0.080,  67.93,  0.085,  79.09,  0.071,  85.97,  0.066, 106.78,  0.074, 143.29,  0.104, 163.83,  0.127, 316.60,-99.000, -99.00,-99.000, -99.00,-99.000, -99.00,-99.000, -99.00,
9/15/2006 09:00:00,  9.7,276.1,  2.8,  2.6, 18.646, 29.43,  0.0,  0.0,  0.194, 133.96,  0.274, 107.18,  0.092,  91.87,  0.040, 228.01,  0.141, 133.56,  0.087, 113.03,  0.110, 121.95,  0.219, 122.53,  0.050,  46.64,  0.084, 279.57,  0.070, 234.27,  0.039, 221.88,  0.074, 316.64,  0.057, 153.89,  0.096,  72.50,  0.066, 286.78,-99.000, -99.00,-99.000, -99.00,-99.000, -99.00,-99.000, -99.00,
9/15/2006 09:05:00,  9.7,276.0,  2.8,  2.7, 18.625, 29.44,  0.0,  0.0,  0.092, 128.37,  0.090, 108.03,  0.135, 118.85,  0.136,  67.02,  0.104, 133.83,  0.124, 136.30,  0.092, 115.73,  0.050, 109.89,  0.045, 284.04,  0.104, 330.73,  0.083, 335.90,  0.112, 159.62,  0.034, 238.17,  0.065, 268.24,  0.034, 300.38,  0.053,  14.30,-99.000, -99.00,-99.000, -99.00,-99.000, -99.00,-99.000, -99.00,
9/15/2006 09:10:00,  9.7,276.2,  2.8,  2.6, 18.654, 29.44,  0.0,  0.0,  0.152,  66.31,  0.184, 113.65,  0.120, 108.89,  0.046, 116.00,  0.154, 140.53,  0.117, 142.64,  0.074, 169.90,  0.121, 177.63,  0.010, 203.96,  0.029, 226.40,  0.021, 313.03,  0.024,  55.01,  0.040, 159.78,  0.043, 230.71,  0.010, 233.13,  0.132, 278.75,-99.000, -99.00,-99.000, -99.00,-99.000, -99.00,-99.000, -99.00,
9/15/2006 09:15:00,  9.7,276.1,  2.8,  2.7, 18.663, 29.44,  0.0,  0.0,  0.106, 177.30,  0.034, 107.35,  0.086, 127.93,  0.041, 194.04,  0.087,  99.89,  0.066, 113.09,  0.103, 159.64,  0.093, 158.65,  0.090, 188.94,  0.061, 176.25,  0.107, 167.53,  0.087, 179.34,  0.038, 207.90,  0.036, 292.99,  0.081, 337.54,  0.045, 260.96,-99.000, -99.00,-99.000, -99.00,-99.000, -99.00,-99.000, -99.00,
9/15/2006 09:20:00,  9.7,276.1,  2.8,  2.7, 18.668, 29.44,  0.0,  0.0,  0.098, 159.17,  0.120, 142.46,  0.071, 139.57,  0.077, 226.58,  0.056,  90.00,  0.116, 122.32,  0.053, 320.33,  0.041, 271.40,  0.072, 232.33,  0.097, 273.54,  0.044, 283.09,  0.048,   8.47,  0.074, 353.83,  0.028, 161.57,  0.069, 234.46,  0.102, 236.62,-99.000, -99.00,-99.000, -99.00,-99.000, -99.00,-99.000, -99.00,
9/15/2006 09:25:00,  9.7,276.2,  2.8,  2.7, 18.673, 29.44,  0.0,  0.0,  0.065, 117.35,  0.082, 151.56,  0.057, 127.87,  0.113, 158.67,  0.082, 128.55,  0.197, 128.61,  0.134, 131.67,  0.107, 171.42,  0.091, 141.24,  0.032,  95.36,  0.046, 263.80,  0.065, 206.57,  0.043, 294.78,  0.017, 186.71,  0.007, 351.87,  0.158, 263.46,-99.000, -99.00,-99.000, -99.00,-99.000, -99.00,-99.000, -99.00,
9/15/2006 09:30:00,  9.7,276.0,  2.8,  2.7, 18.676, 29.43,  0.0,  0.0,  0.039, 262.69,  0.032, 176.42,  0.104, 187.74,  0.067, 185.96,  0.056, 338.01,  0.049, 266.50,  0.065, 261.12,  0.047, 193.45,  0.086,  81.30,  0.036,  24.44,  0.035, 283.24,  0.100, 260.82,  0.084, 281.04,  0.066, 239.93,  0.039, 215.71,  0.039, 233.43,-99.000, -99.00,-99.000, -99.00,-99.000, -99.00,-99.000, -99.00,
9/15/2006 09:35:00,  9.7,276.1,  2.8,  2.7, 18.681, 29.43,  0.0,  0.0,  0.042, 247.69,  0.084, 138.88,  0.021, 169.22,  0.067,  36.53,  0.036, 168.69,  0.021,  48.81,  0.061, 147.09,  0.027, 357.88,  0.017, 173.29,  0.024, 347.74,  0.043, 183.99,  0.036, 292.99,  0.087, 305.15,  0.100, 308.48,  0.034, 275.04,  0.084, 267.95,-99.000, -99.00,-99.000, -99.00,-99.000, -99.00,-99.000, -99.00,
9/15/2006 09:40:00,  9.7,276.1,  2.8,  2.7, 18.684, 29.43,  0.0,  0.0,  0.048, 297.10,  0.020,   2.86,  0.065, 293.43,  0.029, 294.78,  0.118, 222.24,  0.029, 333.43,  0.081, 244.38,  0.071, 188.13,  0.011,  21.80,  0.031, 343.30,  0.024, 270.00,  0.075, 299.65,  0.081, 312.99,  0.020, 210.47,  0.046, 339.59,  0.150, 250.96,-99.000, -99.00,-99.000, -99.00,-99.000, -99.00,-99.000, -99.00,
9/15/2006 09:45:00,  9.7,276.0,  2.8,  2.6, 18.689, 29.43,  0.0,  0.0,  0.033, 162.12,  0.036,  46.12,  0.043,   1.33,  0.043, 279.46,  0.144, 209.05,  0.037, 110.38,  0.031, 153.43,  0.034, 256.37,  0.018, 189.46,  0.028, 230.71,  0.095, 299.52,  0.113, 292.27,  0.081, 318.48,  0.071, 273.22,  0.043, 270.00,  0.141, 233.94,-99.000, -99.00,-99.000, -99.00,-99.000, -99.00,-99.000, -99.00,
9/15/2006 09:50:00,  9.7,276.0,  2.8,  2.6, 18.687, 29.43,  0.0,  0.0,  0.025,   4.57,  0.022,  35.84,  0.073,  70.82,  0.169, 345.64,  0.063,   9.16,  0.038, 327.99,  0.070, 338.20,  0.055, 272.08,  0.053, 322.70,  0.086, 307.41,  0.098, 300.76,  0.092, 278.13,  0.028, 244.36,  0.137, 294.51,  0.192, 310.15,  0.151, 271.90,-99.000, -99.00,-99.000, -99.00,-99.000, -99.00,-99.000, -99.00,
9/15/2006 09:55:00,  9.7,276.1,  2.8,  2.6, 18.690, 29.43,  0.0,  0.0,  0.045, 133.21,  0.045, 198.03,  0.023,  92.49,  0.099, 287.70,  0.041, 332.18,  0.039, 144.29,  0.031,  30.65,  0.125, 327.46,  0.005, 233.13,  0.045, 288.03,  0.015, 289.65,  0.048, 120.34,  0.022, 333.43,  0.025,  92.29,  0.037, 191.00,  0.069, 278.37,-99.000, -99.00,-99.000, -99.00,-99.000, -99.00,-99.000, -99.00,
9/15/2006 10:00:00,  9.7,276.1,  2.8,  2.7, 18.690, 29.43,  0.0,  0.0,  0.049,  60.83,  0.092,  93.11,  0.027,  33.11,  0.021,  46.97,  0.043, 253.69,  0.089,   9.04,  0.047,  11.07,  0.083, 345.29,  0.095, 340.99,  0.103, 274.44,  0.118, 267.57,  0.082, 263.74,  0.099, 329.53,  0.126, 312.43,  0.058, 302.32,  0.023, 205.46,-99.000, -99.00,-99.000, -99.00,-99.000, -99.00,-99.000, -99.00,
9/15/2006 10:05:00,  9.7,276.0,  2.8,  2.6, 18.694, 29.43,  0.0,  0.0,  0.068, 282.80,  0.080, 307.87,  0.039,  37.75,  0.062, 100.22,  0.103,   0.56,  0.101, 346.24,  0.091, 337.96,  0.090, 359.36,  0.011, 174.81,  0.075, 263.91,  0.144, 305.12,  0.099, 288.80,  0.105, 310.36,  0.099, 316.64,  0.078, 322.84,  0.114, 276.06,-99.000, -99.00,-99.000, -99.00,-99.000, -99.00,-99.000, -99.00,
9/15/2006 10:10:00,  9.7,276.1,  2.8,  2.6, 18.703, 29.43,  0.0,  0.0,  0.107, 271.07,  0.082, 303.11,  0.024, 308.29,  0.074,  14.78,  0.068, 262.35,  0.034, 358.32,  0.078, 339.70,  0.064, 296.97,  0.033, 327.26,  0.043, 240.42,  0.065, 262.98,  0.023, 307.87,  0.150, 302.21,  0.131, 267.38,  0.116, 268.03,  0.190, 247.75,-99.000, -99.00,-99.000, -99.00,-99.000, -99.00,-99.000, -99.00,
9/15/2006 10:15:00,  9.6,276.1,  2.8,  2.7, 18.709, 29.44,  0.0,  0.0,  0.065,  21.80,  0.064, 296.97,  0.137,  18.70,  0.091, 288.63,  0.092, 338.20,  0.082, 352.96,  0.061, 313.67,  0.011, 158.20,  0.086, 275.97,  0.023, 342.35,  0.071, 335.96,  0.086, 335.22,  0.066, 329.18,  0.073, 351.31,  0.034, 159.44,  0.096, 263.99,-99.000, -99.00,-99.000, -99.00,-99.000, -99.00,-99.000, -99.00,
9/15/2006 10:20:00,  9.6,276.0,  2.8,  2.6, 18.721, 29.44,  0.0,  0.0,  0.107,   7.52,  0.112, 299.30,  0.035, 323.13,  0.216, 324.25,  0.139, 356.71,  0.203, 324.03,  0.152, 318.21,  0.158, 343.86,  0.155, 291.25,  0.159, 308.38,  0.100, 292.44,  0.103, 301.53,  0.078, 322.84,  0.179, 345.42,  0.108, 318.76,  0.139, 243.43,-99.000, -99.00,-99.000, -99.00,-99.000, -99.00,-99.000, -99.00,
9/15/2006 10:25:00,  9.6,276.1,  2.8,  2.6, 18.725, 29.45,  0.0,  0.0,  0.064,  94.47,  0.147, 323.29,  0.090, 330.02,  0.158, 278.03,  0.113, 343.01,  0.103, 343.67,  0.090, 346.58,  0.078, 298.20,  0.116, 303.00,  0.184, 313.24,  0.161, 307.16,  0.100, 300.67,  0.040,   4.29,  0.075, 333.09,  0.040, 309.99,  0.059, 275.81,-99.000, -99.00,-99.000, -99.00,-99.000, -99.00,-99.000, -99.00,
9/15/2006 10:30:00,  9.6,276.1,  2.8,  2.6, 18.730, 29.45,  0.0,  0.0,  0.053, 358.92,  0.058, 218.66,  0.152, 320.34,  0.034, 149.62,  0.127, 306.33,  0.066,   8.75,  0.022, 338.20,  0.106, 344.65,  0.030, 295.71,  0.031, 354.47,  0.085, 327.06,  0.029, 321.95,  0.053, 258.06,  0.044, 275.19,  0.042, 151.61,  0.151, 269.24,-99.000, -99.00,-99.000, -99.00,-99.000, -99.00,-99.000, -99.00,
9/15/2006 10:35:00,  9.6,276.0,  2.8,  2.7, 18.734, 29.44,  0.0,  0.0,  0.034,   5.04,  0.127, 248.28,  0.106, 333.19,  0.149,  14.41,  0.069,  19.49,  0.091,   0.00,  0.097, 328.12,  0.099, 340.46,  0.034, 270.00,  0.065, 281.48,  0.066, 306.35,  0.106, 326.91,  0.034, 186.71,  0.077, 320.29,  0.081, 337.54,  0.107, 261.42,-99.000, -99.00,-99.000, -99.00,-99.000, -99.00,-99.000, -99.00,
9/15/2006 10:40:00,  9.6,276.0,  2.8,  2.7, 18.749, 29.43,  0.0,  0.0,  0.057, 356.99,  0.079, 348.26,  0.066,  15.95,  0.063,   8.26,  0.146, 346.92,  0.123,   0.00,  0.106, 315.76,  0.098, 271.75,  0.046, 299.90,  0.054, 342.90,  0.051, 264.40,  0.067, 290.85,  0.109, 290.43,  0.108, 270.00,  0.089, 281.69,  0.100, 274.00,-99.000, -99.00,-99.000, -99.00,-99.000, -99.00,-99.000, -99.00,
9/15/2006 10:45:00,  9.6,275.9,  2.8,  2.7, 18.747, 29.43,  0.0,  0.0,  0.054, 342.90,  0.016,   0.00,  0.103, 357.78,  0.107, 350.27,  0.103, 356.67,  0.127,  18.86,  0.057, 243.89,  0.041, 265.82,  0.063, 302.68,  0.084, 286.70,  0.121, 297.63,  0.134, 322.87,  0.126, 327.95,  0.027,   2.12,  0.067, 290.06,  0.155, 267.78,-99.000, -99.00,-99.000, -99.00,-99.000, -99.00,-99.000, -99.00,
9/15/2006 10:50:00,  9.6,276.1,  2.8,  2.6, 18.758, 29.43,  0.0,  0.0,  0.075,   0.00,  0.052,  76.76,  0.108, 311.63,  0.119,  23.77,  0.134, 342.24,  0.014, 102.09,  0.080, 343.37,  0.145, 337.32,  0.079, 294.62,  0.105, 315.00,  0.112, 328.16,  0.116, 321.65,  0.123, 308.73,  0.181, 310.29,  0.153, 296.73,  0.163, 265.06,-99.000, -99.00,-99.000, -99.00,-99.000, -99.00,-99.000, -99.00,
9/15/2006 10:55:00,  9.6,276.0,  2.8,  2.6, 18.743, 29.43,  0.0,  0.0,  0.051,  19.50,  0.117, 349.17,  0.102,   2.25,  0.120,  18.43,  0.114, 310.38,  0.196, 287.23,  0.112, 286.02,  0.126, 313.71,  0.087, 315.47,  0.062, 263.56,  0.109, 320.19,  0.169, 308.02,  0.158, 291.87,  0.170, 299.28,  0.081, 272.12,  0.061, 232.94,-99.000, -99.00,-99.000, -99.00,-99.000, -99.00,-99.000, -99.00,
9/15/2006 11:00:00,  9.6,276.1,  2.8,  2.7, 18.756, 29.44,  0.0,  0.0,  0.070, 313.26,  0.085, 317.86,  0.082,  13.36,  0.148,  16.48,  0.065, 342.96,  0.104, 314.61,  0.082, 321.45,  0.046, 351.16,  0.159, 281.24,  0.173, 279.30,  0.073, 269.22,  0.097, 311.24,  0.030, 348.31,  0.106, 319.57,  0.175, 315.46,  0.092, 293.77,-99.000, -99.00,-99.000, -99.00,-99.000, -99.00,-99.000, -99.00,
9/15/2006 11:05:00,  9.6,276.1,  2.8,  2.7, 18.748, 29.44,  0.0,  0.0,  0.067, 342.65,  0.047, 286.11,  0.048,  24.44,  0.073, 353.75,  0.183, 356.87,  0.139, 313.25,  0.081, 317.49,  0.102, 320.99,  0.140, 284.93,  0.181, 276.97,  0.041, 316.97,  0.066, 267.40,  0.106, 305.79,  0.132, 294.23,  0.126, 303.69,  0.138, 265.86,-99.000, -99.00,-99.000, -99.00,-99.000, -99.00,-99.000, -99.00,
9/15/2006 11:10:00,  9.6,276.1,  2.8,  2.6, 18.767, 29.44,  0.0,  0.0,  0.163, 350.48,  0.034,   5.04,  0.080, 347.01,  0.130, 302.71,  0.127, 312.12,  0.088, 318.69,  0.041, 323.97,  0.102, 306.65,  0.114, 264.44,  0.104, 278.83,  0.099, 290.08,  0.123, 298.24,  0.133, 280.80,  0.062, 311.10,  0.026, 327.53,  0.134, 292.36,-99.000, -99.00,-99.000, -99.00,-99.000, -99.00,-99.000, -99.00,
9/15/2006 11:15:00,  9.6,276.1,  2.8,  2.6, 18.777, 29.44,  0.0,  0.0,  0.163,  45.25,  0.103, 357.78,  0.058, 342.82,  0.126, 321.77,  0.036, 350.27,  0.063, 350.84,  0.077, 337.78,  0.108, 322.50,  0.072, 315.00,  0.124, 307.79,  0.114, 287.80,  0.067, 320.41,  0.073, 302.17,  0.069, 258.37,  0.079, 298.84,  0.111, 292.18,-99.000, -99.00,-99.000, -99.00,-99.000, -99.00,-99.000, -99.00,
9/15/2006 11:20:00,  9.6,276.1,  2.8,  2.7, 18.782, 29.44,  0.0,  0.0,  0.073,  31.50,  0.061, 306.30,  0.173, 350.37,  0.058, 279.95,  0.131, 306.96,  0.022, 346.61,  0.039, 262.69,  0.106, 294.62,  0.042, 292.31,  0.071, 297.65,  0.085, 304.44,  0.074, 323.75,  0.095, 315.86,  0.041, 242.18,  0.012,  34.99,  0.114, 238.69,-99.000, -99.00,-99.000, -99.00,-99.000, -99.00,-99.000, -99.00,
9/15/2006 11:25:00,  9.6,276.1,  2.8,  2.6, 18.780, 29.45,  0.0,  0.0,  0.073,   0.78,  0.095, 289.01,  0.089, 273.22,  0.109, 322.08,  0.034, 190.30,  0.123, 310.70,  0.081,  45.00,  0.112, 304.40,  0.138, 301.96,  0.091, 274.40,  0.041, 271.40,  0.096, 244.77,  0.067, 241.53,  0.054, 249.57,  0.020, 200.22,  0.121, 221.99,-99.000, -99.00,-99.000, -99.00,-99.000, -99.00,-99.000, -99.00,
9/15/2006 11:30:00,  9.6,276.2,  2.8,  2.7, 18.781, 29.45,  0.0,  0.0,  0.130, 320.31,  0.114, 306.47,  0.161, 350.01,  0.096, 300.86,  0.076,  35.36,  0.129, 298.75,  0.118, 352.69,  0.117, 280.35,  0.029, 324.69,  0.081, 300.36,  0.104, 283.37,  0.112, 309.94,  0.074, 324.37,  0.023, 334.54,  0.018,  47.29,  0.089, 221.37,-99.000, -99.00,-99.000, -99.00,-99.000, -99.00,-99.000, -99.00,
9/15/2006 11:35:00,  9.6,276.2,  2.8,  2.6, 18.794, 29.45,  0.0,  0.0,  0.153, 349.06,  0.122, 350.54,  0.048, 350.34,  0.100, 298.11,  0.095, 306.03,  0.077, 340.14,  0.123, 316.32,  0.132, 312.54,  0.084, 305.78,  0.062, 302.40,  0.083, 335.90,  0.073, 340.08,  0.085,  22.93,  0.052,  40.36,  0.048,  76.83,  0.035, 316.17,-99.000, -99.00,-99.000, -99.00,-99.000, -99.00,-99.000, -99.00,
9/15/2006 11:40:00,  9.6,276.0,  2.8,  2.7, 18.804, 29.46,  0.0,  0.0,  0.044, 331.70,  0.031,  29.05,  0.131, 344.90,  0.072, 340.56,  0.056,  24.27,  0.211, 348.80,  0.077, 329.42,  0.111, 273.09,  0.153, 281.68,  0.100, 270.00,  0.110, 305.42,  0.073, 326.75,  0.066, 287.61,  0.060, 212.11,  0.078, 204.93,  0.142, 220.43,-99.000, -99.00,-99.000, -99.00,-99.000, -99.00,-99.000, -99.00,
9/15/2006 11:45:00,  9.6,276.0,  2.8,  2.6, 18.807, 29.46,  0.0,  0.0,  0.118, 138.08,  0.091, 340.77,  0.013, 282.99,  0.049,  21.37,  0.148, 307.57,  0.098, 252.12,  0.057, 260.87,  0.081,  15.07,  0.072, 345.58,  0.049, 230.79,  0.062, 209.05,  0.075, 292.80,  0.071, 149.45,  0.053, 259.11,  0.096, 304.85,  0.144, 218.78,-99.000, -99.00,-99.000, -99.00,-99.000, -99.00,-99.000, -99.00,
9/15/2006 11:50:00,  9.6,276.1,  2.8,  2.6, 18.819, 29.46,  0.0,  0.0,  0.134,  48.93,  0.110, 354.81,  0.079, 352.69,  0.033,  74.29,  0.070, 338.20,  0.042, 321.77,  0.116, 304.10,  0.156, 303.79,  0.077, 329.42,  0.035,  18.43,  0.066,  61.88,  0.060,   7.72,  0.064,  65.85,  0.085, 355.29,  0.106, 336.09,  0.127, 231.41,-99.000, -99.00,-99.000, -99.00,-99.000, -99.00,-99.000, -99.00,
9/15/2006 11:55:00,  9.6,276.0,  2.8,  2.6, 18.825, 29.46,  0.0,  0.0,  0.097,  17.32,  0.035, 319.57,  0.059, 265.16,  0.026, 287.74,  0.033, 285.71,  0.056, 244.80,  0.073,  43.33,  0.066, 357.40,  0.043,  44.06,  0.054, 349.32,  0.033, 297.35,  0.105, 356.73,  0.056, 300.26,  0.131, 303.21,  0.074, 297.26,  0.093, 209.05,-99.000, -99.00,-99.000, -99.00,-99.000, -99.00,-99.000, -99.00,
9/15/2006 12:00:00,  9.6,276.2,  2.8,  2.6, 18.842, 29.46,  0.0,  0.0,  0.092, 308.37,  0.043, 357.34,  0.108, 336.04,  0.052, 337.38,  0.021,   8.13,  0.046, 252.35,  0.043,  10.78,  0.040, 264.29,  0.081, 304.47,  0.064,   0.00,  0.009, 220.60,  0.074, 293.10,  0.073, 243.08,  0.125, 291.04,  0.157, 296.89,  0.119, 284.15,-99.000, -99.00,-99.000, -99.00,-99.000, -99.00,-99.000, -99.00,
9/15/2006 12:05:00,  9.6,276.1,  2.8,  2.6, 18.823, 29.46,  0.0,  0.0,  0.042,  99.69,  0.109, 310.54,  0.051, 240.40,  0.053,  85.68,  0.039,  14.74,  0.036,  88.41,  0.116, 329.89,  0.022,  32.28,  0.063, 341.57,  0.077, 351.76,  0.100, 345.55,  0.108, 325.57,  0.022, 303.69,  0.089, 298.30,  0.128, 314.68,  0.146, 229.44,-99.000, -99.00,-99.000, -99.00,-99.000, -99.00,-99.000, -99.00,
9/15/2006 12:10:00,  9.6,276.1,  2.8,  2.7, 18.854, 29.47,  0.0,  0.0,  0.068, 280.15,  0.113, 295.66,  0.063, 345.30,  0.115, 270.00,  0.108, 257.76,  0.143, 280.92,  0.113, 333.21,  0.059, 302.62,  0.122, 312.34,  0.103, 341.39,  0.042, 335.90,  0.084, 318.88,  0.114, 312.51,  0.175, 283.56,  0.144, 301.92,  0.152, 253.59,-99.000, -99.00,-99.000, -99.00,-99.000, -99.00,-99.000, -99.00,
9/15/2006 12:15:00,  9.6,276.0,  2.8,  2.6, 18.849, 29.47,  0.0,  0.0,  0.060,   2.86,  0.080, 308.44,  0.095, 290.34,  0.138, 293.96,  0.107, 313.10,  0.141, 331.26,  0.032, 294.15,  0.086, 287.59,  0.022, 294.23,  0.034,   0.00,  0.078, 284.04,  0.086, 293.29,  0.076, 318.18,  0.087, 315.47,  0.062, 315.00,  0.092, 222.36,-99.000, -99.00,-99.000, -99.00,-99.000, -99.00,-99.000, -99.00,
9/15/2006 12:20:00,  9.6,276.0,  2.9,  2.6, 18.865, 29.47,  0.0,  0.0,  0.090, 334.29,  0.104,   2.20,  0.110, 347.98,  0.067, 271.71,  0.042,   6.79,  0.037, 336.19,  0.065, 299.31,  0.031, 247.52,  0.090, 284.19,  0.045, 325.95,  0.036, 345.58,  0.025,  28.61,  0.104, 357.80,  0.072,   2.39,  0.135, 326.19,  0.183, 255.43,-99.000, -99.00,-99.000, -99.00,-99.000, -99.00,-99.000, -99.00,
9/15/2006 12:25:00,  9.6,276.2,  2.8,  2.6, 18.866, 29.48,  0.0,  0.0,  0.031,  80.84,  0.035,   8.13,  0.082, 324.38,  0.087, 307.53,  0.059, 327.38,  0.079, 301.09,  0.042, 234.78,  0.072, 284.42,  0.027,  41.99,  0.107, 304.73,  0.023,   7.43,  0.077, 354.81,  0.104, 331.21,  0.097, 265.29,  0.072, 297.98,  0.100, 186.34,-99.000, -99.00,-99.000, -99.00,-99.000, -99.00,-99.000, -99.00,
9/15/2006 12:30:00,  9.6,276.1,  2.9,  2.6, 18.882, 29.48,  0.0,  0.0,  0.134, 280.72,  0.106, 298.01,  0.129, 291.80,  0.103, 334.68,  0.082, 270.00,  0.038, 312.88,  0.118, 318.77,  0.054, 314.26,  0.087, 344.05,  0.032, 341.57,  0.035, 288.43,  0.112, 289.24,  0.047, 305.39,  0.139, 312.96,  0.117, 309.12,  0.186, 242.05,-99.000, -99.00,-99.000, -99.00,-99.000, -99.00,-99.000, -99.00,
9/15/2006 12:35:00,  9.6,276.3,  2.9,  2.6, 18.863, 29.48,  0.0,  0.0,  0.109, 331.56,  0.121, 329.61,  0.079, 280.89,  0.178, 340.65,  0.062, 353.56,  0.037, 263.83,  0.073, 352.87,  0.056, 298.86,  0.068, 294.30,  0.055,  50.19,  0.093,   1.23,  0.078, 336.71,  0.033, 349.38,  0.080, 296.89,  0.089, 274.50,  0.079, 209.48,-99.000, -99.00,-99.000, -99.00,-99.000, -99.00,-99.000, -99.00,
9/15/2006 12:40:00,  9.6,276.1,  2.9,  2.6, 18.873, 29.48,  0.0,  0.0,  0.033, 297.35,  0.026, 342.26,  0.201, 335.98,  0.153, 321.63,  0.052, 256.76,  0.103, 270.00,  0.098,  15.46,  0.098,   2.34,  0.088, 340.74,  0.048,  35.68,  0.115, 353.00,  0.155, 328.97,  0.126, 309.51,  0.114, 291.61,  0.093, 301.81,  0.075, 205.20,-99.000, -99.00,-99.000, -99.00,-99.000, -99.00,-99.000, -99.00,
9/15/2006 12:45:00,  9.6,276.1,  2.9,  2.6, 18.881, 29.48,  0.0,  0.0,  0.032, 339.86,  0.064, 290.97,  0.015,  90.00,  0.105, 302.93,  0.081, 290.89,  0.113, 322.52,  0.091,   0.00,  0.062,  27.80,  0.009, 327.99,  0.065, 318.73,  0.069, 316.77,  0.053, 288.78,  0.077, 336.11,  0.096,   6.01,  0.045, 323.13,  0.147, 257.39,-99.000, -99.00,-99.000, -99.00,-99.000, -99.00,-99.000, -99.00,
9/15/2006 12:50:00,  9.6,276.1,  2.9,  2.6, 18.888, 29.49,  0.0,  0.0,  0.091, 331.19,  0.047,  56.31,  0.051, 322.91,  0.108, 295.85,  0.061, 267.18,  0.067, 311.35,  0.083, 349.63,  0.138, 349.58,  0.078, 287.05,  0.081, 326.11,  0.103, 332.94,  0.051, 284.86,  0.047, 270.00,  0.037, 312.80,  0.068, 316.19,  0.161, 250.78,-99.000, -99.00,-99.000, -99.00,-99.000, -99.00,-99.000, -99.00,
9/15/2006 12:55:00,  9.6,276.2,  2.9,  2.6, 18.896, 29.49,  0.0,  0.0,  0.141, 314.14,  0.116,   7.92,  0.099, 321.97,  0.148, 295.53,  0.093, 301.81,  0.136, 274.21,  0.086, 318.75,  0.135, 357.46,  0.054, 355.76,  0.108, 327.49,  0.028, 338.96,  0.048,   2.39,  0.089, 350.33,  0.065, 324.36,  0.086, 330.75,  0.071, 236.53,-99.000, -99.00,-99.000, -99.00,-99.000, -99.00,-99.000, -99.00,
9/15/2006 13:00:00,  9.6,276.1,  2.9,  2.6, 18.907, 29.49,  0.0,  0.0,  0.155, 276.30,  0.057, 319.29,  0.083, 334.98,  0.054, 296.57,  0.055, 283.78,  0.090, 295.71,  0.115, 284.64,  0.079, 251.57,  0.109, 332.02,  0.048, 151.29,  0.068, 354.12,  0.027, 304.29,  0.065, 249.34,  0.032, 277.13,  0.152, 273.76,  0.172, 282.42,-99.000, -99.00,-99.000, -99.00,-99.000, -99.00,-99.000, -99.00,
9/15/2006 13:05:00,  9.6,276.2,  2.9,  2.6, 18.906, 29.49,  0.0,  0.0,  0.102, 296.06,  0.139, 312.08,  0.148, 290.15,  0.170, 339.01,  0.150, 322.06,  0.149, 334.98,  0.098, 330.04,  0.122, 315.33,  0.114, 342.04,  0.082, 324.95,  0.093, 294.09,  0.191, 303.27,  0.073, 323.91,  0.097, 312.08,  0.169, 312.11,  0.077, 295.24,-99.000, -99.00,-99.000, -99.00,-99.000, -99.00,-99.000, -99.00,
9/15/2006 13:10:00,  9.6,276.1,  2.9,  2.6, 18.904, 29.49,  0.0,  0.0,  0.066, 315.62,  0.079,  36.29,  0.154, 311.33,  0.140, 275.34,  0.082, 291.54,  0.072, 331.65,  0.053, 328.11,  0.093, 270.00,  0.080, 331.50,  0.070, 319.67,  0.050, 323.13,  0.111, 306.56,  0.159, 312.71,  0.131, 293.43,  0.124, 292.83,  0.103, 274.99,-99.000, -99.00,-99.000, -99.00,-99.000, -99.00,-99.000, -99.00,
9/15/2006 13:15:00,  9.6,276.1,  2.9,  2.6, 18.914, 29.50,  0.0,  0.0,  0.047, 326.31,  0.119, 308.88,  0.058, 264.09,  0.169, 280.91,  0.134, 281.65,  0.051, 356.63,  0.123, 291.37,  0.098, 319.97,  0.063, 307.95,  0.183, 317.66,  0.154, 308.66,  0.125, 300.88,  0.136, 315.00,  0.111, 273.09,  0.103, 280.11,  0.137, 219.97,-99.000, -99.00,-99.000, -99.00,-99.000, -99.00,-99.000, -99.00,
9/15/2006 13:20:00,  9.6,276.1,  2.9,  2.6, 18.922, 29.50,  0.0,  0.0,  0.091, 328.06,  0.068, 334.57,  0.149, 349.97,  0.040, 339.78,  0.072, 309.91,  0.132, 319.30,  0.098, 257.66,  0.048, 292.25,  0.089, 295.99,  0.090, 316.35,  0.134, 308.93,  0.079, 259.82,  0.086, 331.65,  0.053, 332.95,  0.106, 315.76,  0.121, 211.86,-99.000, -99.00,-99.000, -99.00,-99.000, -99.00,-99.000, -99.00,
9/15/2006 13:25:00,  9.6,276.2,  2.9,  2.6, 18.935, 29.50,  0.0,  0.0,  0.108, 308.25,  0.096, 335.31,  0.095, 326.14,  0.082,   0.00,  0.057, 275.01,  0.026, 270.00,  0.102, 291.28,  0.075, 315.00,  0.185, 310.16,  0.142, 304.36,  0.124, 338.80,  0.213, 318.81,  0.198, 312.95,  0.190, 315.64,  0.111, 323.44,  0.206, 196.67,-99.000, -99.00,-99.000, -99.00,-99.000, -99.00,-99.000, -99.00,
9/15/2006 13:30:00,  9.6,276.2,  2.9,  2.6, 18.940, 29.50,  0.0,  0.0,  0.114, 313.22,  0.141, 313.85,  0.112, 279.80,  0.066, 263.09,  0.082, 270.00,  0.174, 298.93,  0.069, 287.65,  0.062, 314.34,  0.070, 279.06,  0.121, 319.71,  0.157, 296.40,  0.094, 269.39,  0.083, 280.37,  0.087, 292.42,  0.093, 318.93,  0.130, 233.13,-99.000, -99.00,-99.000, -99.00,-99.000, -99.00,-99.000, -99.00,
9/15/2006 13:35:00,  9.6,276.1,  2.9,  2.6, 18.944, 29.51,  0.0,  0.0,  0.066, 217.57,  0.086, 324.46,  0.135, 334.57,  0.070, 320.19,  0.119, 308.88,  0.121, 308.29,  0.091, 277.59,  0.151, 281.83,  0.173, 327.96,  0.088, 314.54,  0.075, 344.48,  0.131, 307.22,  0.128, 312.15,  0.091, 313.67,  0.147, 292.74,  0.193, 231.94,-99.000, -99.00,-99.000, -99.00,-99.000, -99.00,-99.000, -99.00,
9/15/2006 13:40:00,  9.6,276.1,  2.9,  2.6, 18.958, 29.51,  0.0,  0.0,  0.086, 350.65,  0.037, 299.36,  0.078, 340.64,  0.126, 303.06,  0.059, 310.18,  0.106, 291.00,  0.163, 306.03,  0.097, 341.94,  0.112, 283.91,  0.099, 326.95,  0.113, 335.93,  0.033,  19.54,  0.076, 293.20,  0.068, 267.47,  0.095, 331.00,  0.138, 234.46,-99.000, -99.00,-99.000, -99.00,-99.000, -99.00,-99.000, -99.00,
9/15/2006 13:45:00,  9.6,276.2,  2.9,  2.6, 18.966, 29.51,  0.0,  0.0,  0.078, 335.74,  0.041, 344.62,  0.201, 292.49,  0.094, 297.93,  0.093, 272.46,  0.068, 283.63,  0.115, 268.51,  0.128, 264.60,  0.105, 299.00,  0.111, 276.23,  0.070, 240.15,  0.095, 275.41,  0.108, 308.99,  0.097, 296.83,  0.095, 299.52,  0.172, 212.39,-99.000, -99.00,-99.000, -99.00,-99.000, -99.00,-99.000, -99.00,
9/15/2006 13:50:00,  9.6,276.1,  2.9,  2.6, 18.969, 29.51,  0.0,  0.0,  0.198,  28.38,  0.136, 292.98,  0.186, 309.77,  0.089, 293.96,  0.147, 307.26,  0.139, 326.77,  0.056, 286.50,  0.181, 289.33,  0.215, 302.06,  0.233, 314.65,  0.203, 308.00,  0.120, 293.57,  0.170, 266.30,  0.197, 278.46,  0.166, 289.75,  0.154, 267.77,-99.000, -99.00,-99.000, -99.00,-99.000, -99.00,-99.000, -99.00,
9/15/2006 13:55:00,  9.6,276.1,  2.9,  2.6, 18.967, 29.51,  0.0,  0.0,  0.060, 308.96,  0.137, 315.59,  0.198, 299.28,  0.070, 284.83,  0.101, 338.51,  0.110, 318.32,  0.082, 267.21,  0.118, 307.75,  0.081, 307.01,  0.016, 341.57,  0.116, 324.12,  0.139, 321.73,  0.168, 291.36,  0.109, 274.20,  0.092, 297.12,  0.088, 205.69,-99.000, -99.00,-99.000, -99.00,-99.000, -99.00,-99.000, -99.00,
9/15/2006 14:00:00,  9.6,276.1,  2.9,  2.6, 18.972, 29.51,  0.0,  0.0,  0.195, 350.54,  0.108, 283.91,  0.082, 301.56,  0.135, 316.50,  0.028, 242.53,  0.186, 308.90,  0.077, 333.10,  0.225, 304.11,  0.114, 307.17,  0.128, 297.97,  0.063, 301.43,  0.071, 280.52,  0.098, 274.67,  0.094, 282.86,  0.174, 285.31,  0.203, 238.26,-99.000, -99.00,-99.000, -99.00,-99.000, -99.00,-99.000, -99.00,
9/15/2006 14:05:00,  9.6,276.1,  2.9,  2.6, 18.979, 29.51,  0.0,  0.0,  0.116, 336.54,  0.086, 339.68,  0.134, 276.43,  0.134, 286.00,  0.160, 284.82,  0.128, 272.68,  0.075, 273.05,  0.072, 206.57,  0.128, 308.66,  0.162, 321.01,  0.128, 329.42,  0.090, 303.16,  0.121, 266.69,  0.141, 259.80,  0.154, 274.46,  0.162, 238.67,-99.000, -99.00,-99.000, -99.00,-99.000, -99.00,-99.000, -99.00,
9/15/2006 14:10:00,  9.6,276.1,  2.9,  2.6, 18.978, 29.52,  0.0,  0.0,  0.116, 330.56,  0.135, 280.23,  0.047, 346.55,  0.180, 342.87,  0.072, 335.56,  0.093, 282.99,  0.100, 289.34,  0.165, 283.28,  0.081, 299.74,  0.084, 331.61,  0.119, 342.33,  0.061, 322.37,  0.128, 303.81,  0.140, 286.23,  0.114, 291.15,  0.083, 217.15,-99.000, -99.00,-99.000, -99.00,-99.000, -99.00,-99.000, -99.00,
9/15/2006 14:15:00,  9.6,276.2,  2.9,  2.6, 18.979, 29.52,  0.0,  0.0,  0.163, 351.87,  0.103, 287.55,  0.149, 323.75,  0.134, 344.41,  0.063, 314.36,  0.038, 243.43,  0.076, 301.61,  0.103, 288.08,  0.149, 323.21,  0.095, 326.14,  0.101, 303.69,  0.189, 314.36,  0.115, 316.41,  0.072, 286.16,  0.067, 286.53,  0.092, 213.52,-99.000, -99.00,-99.000, -99.00,-99.000, -99.00,-99.000, -99.00,
9/15/2006 14:20:00,  9.6,276.1,  2.9,  2.6, 18.987, 29.52,  0.0,  0.0,  0.053, 290.81,  0.033,   0.00,  0.097, 328.43,  0.021, 228.81,  0.075, 291.80,  0.051, 337.99,  0.146, 328.16,  0.088, 297.15,  0.101, 284.31,  0.133, 287.89,  0.090, 282.18,  0.040, 268.57,  0.070, 244.54,  0.121, 275.19,  0.119, 294.40,  0.185, 261.61,-99.000, -99.00,-99.000, -99.00,-99.000, -99.00,-99.000, -99.00,
9/15/2006 14:25:00,  9.6,276.2,  2.9,  2.6, 18.993, 29.52,  0.0,  0.0,  0.089, 311.79,  0.104, 310.30,  0.164, 291.09,  0.189, 321.01,  0.156, 279.58,  0.086, 294.78,  0.105, 295.35,  0.091,   4.40,  0.114, 348.89,  0.119, 347.84,  0.104, 351.17,  0.073, 208.67,  0.119, 278.20,  0.082, 251.57,  0.137, 274.17,  0.195, 228.32,-99.000, -99.00,-99.000, -99.00,-99.000, -99.00,-99.000, -99.00,
9/15/2006 14:30:00,  9.6,276.0,  2.9,  2.6, 18.995, 29.53,  0.0,  0.0,  0.189, 300.50,  0.134, 316.52,  0.058, 327.68,  0.153, 332.43,  0.109, 331.56,  0.043,   6.63,  0.056, 312.83,  0.143, 340.43,  0.121, 319.04,  0.194, 329.59,  0.156, 318.64,  0.051, 358.88,  0.070, 284.83,  0.115, 295.68,  0.103, 309.09,  0.158, 224.23,-99.000, -99.00,-99.000, -99.00,-99.000, -99.00,-99.000, -99.00,
9/15/2006 14:35:00,  9.6,276.1,  2.9,  2.6, 18.992, 29.53,  0.0,  0.0,  0.153, 350.60,  0.158, 327.42,  0.123, 358.14,  0.167, 292.12,  0.197, 297.47,  0.108, 258.79,  0.134, 290.06,  0.083, 305.22,  0.129, 274.43,  0.200, 292.33,  0.152, 303.17,  0.106, 251.91,  0.093, 285.52,  0.121, 281.96,  0.127, 313.40,  0.130, 228.44,-99.000, -99.00,-99.000, -99.00,-99.000, -99.00,-99.000, -99.00,
9/15/2006 14:40:00,  9.6,276.1,  2.9,  2.6, 18.998, 29.53,  0.0,  0.0,  0.152, 305.36,  0.108,  45.37,  0.108,   9.64,  0.171, 286.31,  0.206, 302.30,  0.112, 311.38,  0.135, 301.33,  0.117, 330.38,  0.071, 300.55,  0.149, 269.23,  0.129, 289.42,  0.153, 284.40,  0.134, 261.45,  0.168, 282.05,  0.178, 300.47,  0.156, 227.33,-99.000, -99.00,-99.000, -99.00,-99.000, -99.00,-99.000, -99.00,
9/15/2006 14:45:00,  9.6,276.2,  2.9,  2.6, 19.006, 29.53,  0.0,  0.0,  0.116, 349.08,  0.149, 320.74,  0.138, 298.05,  0.095, 279.66,  0.177, 330.54,  0.121, 287.24,  0.094, 270.00,  0.099, 291.91,  0.114, 300.62,  0.140, 281.95,  0.169, 304.91,  0.108, 338.20,  0.123, 357.21,  0.196, 314.38,  0.127, 301.43,  0.095, 197.86,-99.000, -99.00,-99.000, -99.00,-99.000, -99.00,-99.000, -99.00,
9/15/2006 14:50:00,  9.6,276.3,  2.9,  2.7, 19.008, 29.53,  0.0,  0.0,  0.124, 326.82,  0.076, 314.46,  0.115, 298.57,  0.141, 268.78,  0.111, 280.40,  0.140, 317.31,  0.066, 301.26,  0.080, 272.86,  0.169, 284.04,  0.057, 289.38,  0.105, 290.68,  0.180, 315.45,  0.174, 317.79,  0.145, 289.31,  0.160, 300.41,  0.197, 243.43,-99.000, -99.00,-99.000, -99.00,-99.000, -99.00,-99.000, -99.00,
9/15/2006 14:55:00,  9.6,276.2,  2.9,  2.6, 19.007, 29.53,  0.0,  0.0,  0.174, 331.07,  0.119, 295.92,  0.219, 304.78,  0.095, 256.55,  0.124, 242.20,  0.166, 275.88,  0.104, 309.17,  0.125, 317.91,  0.016, 299.74,  0.092, 311.48,  0.155, 284.93,  0.140, 287.92,  0.145, 300.28,  0.202, 313.40,  0.267, 309.83,  0.119, 248.38,-99.000, -99.00,-99.000, -99.00,-99.000, -99.00,-99.000, -99.00,
9/15/2006 15:00:00,  9.6,276.2,  2.9,  2.6, 19.021, 29.53,  0.0,  0.0,  0.090, 349.81,  0.137, 349.51,  0.145, 328.50,  0.118, 302.88,  0.069, 325.62,  0.092, 314.12,  0.061, 327.09,  0.125, 275.03,  0.114, 305.36,  0.091, 286.03,  0.065, 289.00,  0.134, 312.59,  0.039, 230.19,  0.178, 300.02,  0.125, 261.74,  0.144, 226.97,-99.000, -99.00,-99.000, -99.00,-99.000, -99.00,-99.000, -99.00,
9/15/2006 15:05:00,  9.6,276.1,  2.9,  2.6, 19.025, 29.54,  0.0,  0.0,  0.101,  51.43,  0.173, 296.86,  0.072, 317.25,  0.176, 318.91,  0.077, 298.55,  0.107, 271.07,  0.126, 276.39,  0.097, 275.30,  0.143, 289.20,  0.121, 304.88,  0.059, 270.00,  0.129, 260.17,  0.164, 276.65,  0.128, 273.58,  0.077, 282.04,  0.091, 209.67,-99.000, -99.00,-99.000, -99.00,-99.000, -99.00,-99.000, -99.00,
9/15/2006 15:10:00,  9.6,276.2,  2.9,  2.6, 19.018, 29.54,  0.0,  0.0,  0.149, 298.79,  0.089, 294.55,  0.090, 319.95,  0.084, 278.90,  0.113, 319.29,  0.124, 338.80,  0.095, 295.49,  0.069, 318.50,  0.127, 285.02,  0.151, 302.01,  0.086, 272.00,  0.144, 252.19,  0.129, 280.27,  0.135, 267.46,  0.140, 284.04,  0.106, 242.47,-99.000, -99.00,-99.000, -99.00,-99.000, -99.00,-99.000, -99.00,
9/15/2006 15:15:00,  9.6,276.2,  2.9,  2.6, 19.017, 29.54,  0.0,  0.0,  0.123, 330.72,  0.154, 312.37,  0.155, 271.85,  0.055, 295.64,  0.128, 271.79,  0.148, 262.25,  0.136, 307.21,  0.139, 282.93,  0.187, 271.84,  0.109, 293.27,  0.161, 297.36,  0.116, 290.79,  0.194, 273.54,  0.196, 258.23,  0.187, 277.39,  0.176, 197.51,-99.000, -99.00,-99.000, -99.00,-99.000, -99.00,-99.000, -99.00,
9/15/2006 15:20:00,  9.6,276.1,  2.9,  2.6, 19.028, 29.54,  0.0,  0.0,  0.037, 220.60,  0.136, 335.70,  0.099, 292.66,  0.085, 260.54,  0.156, 277.35,  0.064, 261.87,  0.110, 286.95,  0.136, 275.08,  0.082, 274.88,  0.181, 312.32,  0.045, 339.15,  0.082, 262.27,  0.095, 238.83,  0.118, 313.29,  0.091, 278.84,  0.139, 233.79,-99.000, -99.00,-99.000, -99.00,-99.000, -99.00,-99.000, -99.00,
9/15/2006 15:25:00,  9.6,276.0,  2.9,  2.6, 19.025, 29.55,  0.0,  0.0,  0.171, 300.62,  0.059, 306.67,  0.041, 276.95,  0.175, 268.69,  0.123, 295.94,  0.215, 282.09,  0.121, 274.72,  0.146, 271.18,  0.093, 294.09,  0.174, 315.93,  0.206, 302.30,  0.201, 298.22,  0.131, 300.66,  0.166, 302.74,  0.110, 301.95,  0.123, 236.57,-99.000, -99.00,-99.000, -99.00,-99.000, -99.00,-99.000, -99.00,
9/15/2006 15:30:00,  9.6,276.0,  2.9,  2.6, 19.032, 29.55,  0.0,  0.0,  0.113, 304.53,  0.126, 308.23,  0.165, 307.84,  0.101, 281.98,  0.167, 305.98,  0.124, 293.87,  0.104, 277.19,  0.088, 320.53,  0.134, 279.46,  0.135, 295.43,  0.206, 309.09,  0.172, 310.53,  0.175, 288.64,  0.142, 290.22,  0.152, 295.38,  0.097, 229.59,-99.000, -99.00,-99.000, -99.00,-99.000, -99.00,-99.000, -99.00,
9/15/2006 15:35:00,  9.6,276.3,  2.9,  2.6, 19.032, 29.55,  0.0,  0.0,  0.048, 316.68,  0.091, 307.87,  0.132, 283.09,  0.139, 315.87,  0.089, 319.54,  0.091, 305.61,  0.156, 272.57,  0.118, 312.60,  0.108, 307.83,  0.088, 307.13,  0.082, 305.62,  0.119, 293.33,  0.164, 285.22,  0.210, 282.65,  0.137, 270.42,  0.201, 219.15,-99.000, -99.00,-99.000, -99.00,-99.000, -99.00,-99.000, -99.00,
9/15/2006 15:40:00,  9.6,276.1,  2.9,  2.6, 19.029, 29.56,  0.0,  0.0,  0.108, 300.60,  0.147, 296.22,  0.046, 297.12,  0.108, 272.65,  0.114, 287.80,  0.155, 284.57,  0.112, 253.98,  0.150, 296.57,  0.072, 322.33,  0.106, 329.31,  0.083, 300.26,  0.121, 270.95,  0.144, 272.39,  0.131, 280.54,  0.054, 321.01,  0.075,  86.95,-99.000, -99.00,-99.000, -99.00,-99.000, -99.00,-99.000, -99.00,
9/15/2006 15:45:00,  9.6,276.0,  2.9,  2.6, 19.029, 29.56,  0.0,  0.0,  0.089, 298.30,  0.112, 353.83,  0.085, 310.24,  0.148, 273.87,  0.117, 296.35,  0.104, 271.10,  0.178, 320.48,  0.105, 302.18,  0.098, 314.59,  0.133, 307.65,  0.105, 319.64,  0.121, 300.15,  0.103, 259.89,  0.163, 309.26,  0.160, 294.00,  0.188, 245.20,-99.000, -99.00,-99.000, -99.00,-99.000, -99.00,-99.000, -99.00,
9/15/2006 15:50:00,  9.6,276.3,  2.9,  2.6, 19.033, 29.56,  0.0,  0.0,  0.056, 292.93,  0.190, 312.01,  0.124, 268.61,  0.185, 279.00,  0.184, 307.49,  0.150, 274.99,  0.116, 298.77,  0.147, 294.99,  0.108, 317.62,  0.049,   8.13,  0.065, 315.00,  0.181, 323.32,  0.215, 317.83,  0.201, 301.79,  0.211, 308.83,  0.147, 225.00,-99.000, -99.00,-99.000, -99.00,-99.000, -99.00,-99.000, -99.00,
9/15/2006 15:55:00,  9.6,276.2,  2.9,  2.6, 19.032, 29.57,  0.0,  0.0,  0.151, 327.67,  0.101, 270.00,  0.155, 274.43,  0.165, 273.12,  0.145, 284.42,  0.217, 279.55,  0.193, 312.05,  0.123, 285.05,  0.131, 287.33,  0.089, 276.48,  0.096, 325.65,  0.183, 313.89,  0.118, 283.21,  0.172, 286.86,  0.206, 302.92,  0.164, 206.88,-99.000, -99.00,-99.000, -99.00,-99.000, -99.00,-99.000, -99.00,
9/15/2006 16:00:00,  9.6,276.1,  2.9,  2.6, 19.030, 29.57,  0.0,  0.0,  0.111, 294.49,  0.068, 347.20,  0.136, 251.57,  0.086, 259.22,  0.134, 293.70,  0.135, 270.00,  0.191, 307.11,  0.121, 292.33,  0.110, 285.30,  0.094, 332.89,  0.099, 334.98,  0.112, 317.17,  0.145, 306.32,  0.147, 270.00,  0.140, 298.22,  0.114, 235.34,-99.000, -99.00,-99.000, -99.00,-99.000, -99.00,-99.000, -99.00,
9/15/2006 16:05:00,  9.6,276.1,  2.9,  2.6, 19.019, 29.57,  0.0,  0.0,  0.147, 307.26,  0.083, 301.20,  0.129, 341.00,  0.081, 283.52,  0.045, 260.96,  0.062, 278.39,  0.059, 298.30,  0.183, 299.08,  0.137, 292.81,  0.131, 289.13,  0.129, 306.52,  0.076, 274.51,  0.126, 320.14,  0.143, 316.13,  0.106, 290.49,  0.130, 246.97,-99.000, -99.00,-99.000, -99.00,-99.000, -99.00,-99.000, -99.00,
9/15/2006 16:10:00,  9.6,276.1,  2.9,  2.6, 19.025, 29.57,  0.0,  0.0,  0.250, 327.07,  0.142, 286.39,  0.201, 270.86,  0.129, 320.02,  0.066, 326.79,  0.131, 259.46,  0.212, 297.53,  0.104, 296.81,  0.127, 268.20,  0.126, 292.31,  0.075, 273.05,  0.171, 300.91,  0.179, 298.00,  0.148, 263.02,  0.157, 285.10,  0.155, 226.31,-99.000, -99.00,-99.000, -99.00,-99.000, -99.00,-99.000, -99.00,
9/15/2006 16:15:00,  9.6,276.2,  2.9,  2.6, 19.023, 29.57,  0.0,  0.0,  0.093, 294.09,  0.099, 253.58,  0.170, 279.79,  0.172, 302.68,  0.142, 308.16,  0.130, 304.30,  0.176, 291.01,  0.190, 315.00,  0.157, 299.34,  0.192, 317.32,  0.145, 319.48,  0.074, 345.22,  0.163, 321.72,  0.146, 316.11,  0.079, 289.12,  0.177, 220.88,-99.000, -99.00,-99.000, -99.00,-99.000, -99.00,-99.000, -99.00,
9/15/2006 16:20:00,  9.6,276.1,  2.9,  2.6, 19.024, 29.58,  0.0,  0.0,  0.190, 303.61,  0.118, 277.31,  0.110, 316.85,  0.201, 302.82,  0.178, 292.82,  0.076, 286.05,  0.140, 318.78,  0.119, 309.87,  0.235, 308.43,  0.149, 316.64,  0.185, 317.41,  0.137, 300.32,  0.074, 317.20,  0.162, 295.93,  0.154, 301.73,  0.094, 216.38,-99.000, -99.00,-99.000, -99.00,-99.000, -99.00,-99.000, -99.00,
9/15/2006 16:25:00,  9.6,276.1,  2.9,  2.6, 19.027, 29.58,  0.0,  0.0,  0.072, 328.08,  0.130, 270.88,  0.129, 273.11,  0.045, 292.04,  0.137, 299.74,  0.152, 310.19,  0.145, 292.32,  0.161, 307.94,  0.104, 339.83,  0.118, 287.21,  0.090, 274.45,  0.190, 286.53,  0.148, 307.33,  0.098, 269.42,  0.183, 292.79,  0.126, 234.04,-99.000, -99.00,-99.000, -99.00,-99.000, -99.00,-99.000, -99.00,
9/15/2006 16:30:00,  9.6,276.1,  2.9,  2.6, 19.027, 29.57,  0.0,  0.0,  0.164, 307.08,  0.113, 300.18,  0.168, 289.84,  0.094, 277.35,  0.127, 279.98,  0.140, 249.88,  0.164, 288.43,  0.162, 292.13,  0.211, 311.16,  0.108, 258.27,  0.106, 282.59,  0.156, 303.49,  0.080, 264.29,  0.177, 279.78,  0.216, 299.42,  0.066, 236.79,-99.000, -99.00,-99.000, -99.00,-99.000, -99.00,-99.000, -99.00,
9/15/2006 16:35:00,  9.6,276.1,  2.9,  2.6, 19.023, 29.57,  0.0,  0.0,  0.176, 314.77,  0.163, 316.74,  0.128, 290.56,  0.081, 262.87,  0.191, 270.30,  0.082, 286.23,  0.095, 309.88,  0.087, 290.94,  0.149, 306.79,  0.210, 298.39,  0.202, 317.00,  0.144, 302.26,  0.181, 309.40,  0.192, 314.37,  0.211, 302.64,  0.181, 258.19,-99.000, -99.00,-99.000, -99.00,-99.000, -99.00,-99.000, -99.00,
9/15/2006 16:40:00,  9.6,276.1,  2.9,  2.6, 19.030, 29.57,  0.0,  0.0,  0.077, 260.29,  0.104, 313.83,  0.059, 256.20,  0.149, 298.79,  0.145, 269.21,  0.119, 306.77,  0.173, 288.54,  0.197, 321.39,  0.174, 309.64,  0.104, 293.13,  0.155, 289.60,  0.099, 300.96,  0.110, 295.17,  0.119, 308.88,  0.178, 305.84,  0.141, 250.54,-99.000, -99.00,-99.000, -99.00,-99.000, -99.00,-99.000, -99.00,
9/15/2006 16:45:00,  9.6,276.2,  2.9,  2.6, 19.016, 29.57,  0.0,  0.0,  0.162, 288.77,  0.140, 281.55,  0.125, 258.42,  0.052, 300.96,  0.187, 305.22,  0.169, 284.36,  0.177, 277.81,  0.176, 279.46,  0.138, 307.37,  0.212, 327.13,  0.093, 307.12,  0.107, 315.00,  0.181, 302.11,  0.168, 290.92,  0.132, 290.35,  0.107, 210.87,-99.000, -99.00,-99.000, -99.00,-99.000, -99.00,-99.000, -99.00,
9/15/2006 16:50:00,  9.6,276.2,  2.9,  2.6, 19.023, 29.57,  0.0,  0.0,  0.085, 283.55,  0.175, 327.86,  0.123, 333.43,  0.171, 289.07,  0.210, 276.82,  0.135, 288.57,  0.086, 242.24,  0.109, 288.77,  0.130, 313.13,  0.108, 311.24,  0.189, 316.07,  0.102, 293.79,  0.194, 303.44,  0.140, 307.77,  0.122, 306.03,  0.166, 236.02,-99.000, -99.00,-99.000, -99.00,-99.000, -99.00,-99.000, -99.00,
9/15/2006 16:55:00,  9.6,276.1,  2.9,  2.6, 18.999, 29.57,  0.0,  0.0,  0.166, 297.65,  0.128, 252.70,  0.125, 283.92,  0.105, 288.26,  0.198, 276.08,  0.137, 276.71,  0.145, 298.86,  0.115, 294.57,  0.094, 262.04,  0.091, 312.32,  0.093, 318.93,  0.122, 307.34,  0.143, 300.69,  0.152, 294.04,  0.184, 304.38,  0.112, 226.80,-99.000, -99.00,-99.000, -99.00,-99.000, -99.00,-99.000, -99.00,
9/15/2006 17:00:00,  9.6,276.1,  3.0,  2.6, 18.997, 29.58,  0.0,  0.0,  0.023, 329.04,  0.081, 299.40,  0.101, 279.09,  0.147, 307.26,  0.129, 320.99,  0.073, 301.50,  0.106, 305.79,  0.095, 305.54,  0.142, 304.36,  0.107, 315.38,  0.097, 323.37,  0.131, 287.74,  0.096, 292.02,  0.109, 292.09,  0.108, 315.37,  0.118, 227.76,-99.000, -99.00,-99.000, -99.00,-99.000, -99.00,-99.000, -99.00,
9/15/2006 17:05:00,  9.6,276.1,  2.9,  2.6, 19.012, 29.58,  0.0,  0.0,  0.151, 308.84,  0.095, 285.95,  0.107, 268.93,  0.045, 285.59,  0.110, 287.45,  0.150, 259.66,  0.173, 266.69,  0.179, 270.00,  0.152, 296.57,  0.106, 311.54,  0.114, 316.78,  0.160, 306.37,  0.171, 312.39,  0.100, 291.16,  0.205, 292.94,  0.191, 231.39,-99.000, -99.00,-99.000, -99.00,-99.000, -99.00,-99.000, -99.00,
9/15/2006 17:10:00,  9.6,276.1,  2.9,  2.6, 19.001, 29.59,  0.0,  0.0,  0.070, 299.85,  0.065, 282.53,  0.164, 294.53,  0.187, 232.82,  0.118, 290.90,  0.026, 240.52,  0.068, 263.29,  0.055, 258.49,  0.091, 315.00,  0.165, 290.19,  0.139, 310.91,  0.133, 291.16,  0.124, 313.36,  0.047, 282.26,  0.180, 297.42,  0.162, 243.28,-99.000, -99.00,-99.000, -99.00,-99.000, -99.00,-99.000, -99.00,
9/15/2006 17:15:00,  9.6,276.1,  3.0,  2.6, 19.001, 29.60,  0.0,  0.0,  0.018,  38.16,  0.095, 265.79,  0.091, 305.61,  0.102, 281.31,  0.143, 295.31,  0.090, 290.26,  0.097, 279.46,  0.072, 234.09,  0.071, 285.61,  0.060, 291.45,  0.107, 302.80,  0.123, 318.64,  0.071, 295.11,  0.119, 296.35,  0.143, 290.09,  0.203, 214.95,-99.000, -99.00,-99.000, -99.00,-99.000, -99.00,-99.000, -99.00,
9/15/2006 17:20:00,  9.6,276.0,  3.0,  2.6, 19.008, 29.60,  0.0,  0.0,  0.141, 318.74,  0.128, 291.97,  0.066, 248.84,  0.089, 306.74,  0.060, 255.50,  0.130, 287.46,  0.076, 260.17,  0.131, 289.13,  0.090, 286.82,  0.044, 284.35,  0.139, 309.43,  0.141, 320.77,  0.176, 307.85,  0.090, 284.81,  0.090, 298.56,  0.132, 280.03,-99.000, -99.00,-99.000, -99.00,-99.000, -99.00,-99.000, -99.00,
9/15/2006 17:25:00,  9.6,276.1,  3.0,  2.6, 19.008, 29.60,  0.0,  0.0,  0.049, 266.50,  0.149, 270.00,  0.105, 251.74,  0.145, 285.57,  0.071, 275.63,  0.077, 334.76,  0.066, 321.75,  0.082, 273.49,  0.068, 292.43,  0.126, 292.31,  0.116, 282.48,  0.057, 306.47,  0.081, 283.52,  0.142, 272.42,  0.157, 296.57,  0.158, 234.80,-99.000, -99.00,-99.000, -99.00,-99.000, -99.00,-99.000, -99.00,
9/15/2006 17:30:00,  9.6,276.1,  3.0,  2.6, 18.986, 29.60,  0.0,  0.0,  0.116, 322.73,  0.084, 283.05,  0.091, 335.40,  0.098, 299.17,  0.101, 286.65,  0.075, 222.84,  0.095, 236.98,  0.069,   0.00,  0.089, 318.63,  0.110, 313.15,  0.149, 318.53,  0.143, 319.53,  0.222, 297.37,  0.241, 284.15,  0.240, 295.92,  0.209, 209.27,-99.000, -99.00,-99.000, -99.00,-99.000, -99.00,-99.000, -99.00,
9/15/2006 17:35:00,  9.6,276.1,  2.9,  2.6, 18.983, 29.61,  0.0,  0.0,  0.075, 325.89,  0.121, 299.74,  0.103, 307.53,  0.050, 229.03,  0.163, 319.97,  0.113, 294.07,  0.078, 356.33,  0.136, 317.39,  0.096, 282.01,  0.166, 296.10,  0.094, 298.76,  0.158, 288.43,  0.163, 283.44,  0.163, 297.04,  0.174, 292.29,  0.213, 266.78,-99.000, -99.00,-99.000, -99.00,-99.000, -99.00,-99.000, -99.00,
9/15/2006 17:40:00,  9.6,276.1,  3.0,  2.6, 18.984, 29.61,  0.0,  0.0,  0.114, 290.50,  0.047, 272.44,  0.007, 153.43,  0.099, 297.60,  0.086, 241.65,  0.087, 258.04,  0.094, 257.14,  0.108, 305.17,  0.119, 309.87,  0.195, 313.13,  0.141, 276.12,  0.220, 299.94,  0.212, 274.88,  0.227, 281.95,  0.119, 275.33,  0.163, 233.97,-99.000, -99.00,-99.000, -99.00,-99.000, -99.00,-99.000, -99.00,
9/15/2006 17:45:00,  9.6,276.1,  3.0,  2.6, 18.964, 29.61,  0.0,  0.0,  0.049, 325.01,  0.053, 246.80,  0.123, 310.40,  0.089, 358.71,  0.126, 270.91,  0.079, 287.74,  0.065, 254.90,  0.130, 302.10,  0.090, 310.05,  0.172, 303.87,  0.065, 313.75,  0.066, 336.91,  0.105, 270.00,  0.198, 297.73,  0.099, 282.22,  0.155, 239.29,-99.000, -99.00,-99.000, -99.00,-99.000, -99.00,-99.000, -99.00,
9/15/2006 17:50:00,  9.6,276.1,  3.0,  2.6, 18.980, 29.60,  0.0,  0.0,  0.100, 243.95,  0.077, 258.84,  0.129, 239.87,  0.043, 194.68,  0.060, 317.02,  0.140, 304.82,  0.171, 295.97,  0.084, 286.50,  0.055, 261.57,  0.177, 298.30,  0.158, 288.43,  0.107, 305.48,  0.159, 307.09,  0.078, 274.40,  0.145, 280.77,  0.124, 201.80,-99.000, -99.00,-99.000, -99.00,-99.000, -99.00,-99.000, -99.00,
9/15/2006 17:55:00,  9.6,276.2,  3.0,  2.6, 18.988, 29.54,  0.0,  0.0,  0.141, 212.56,  0.103, 177.22,  0.065, 177.36,  0.138, 300.47,  0.133, 310.74,  0.139, 346.26,  0.034,  84.96,  0.022, 324.16,  0.139, 242.51,  0.192, 305.26,  0.210, 304.14,  0.263, 287.47,  0.218, 293.51,  0.124, 290.34,  0.211, 300.82,  0.136, 238.53,-99.000, -99.00,-99.000, -99.00,-99.000, -99.00,-99.000, -99.00,
9/15/2006 18:00:00,  9.6,276.0,  3.0,  2.6, 18.979, 29.48,  0.0,  0.0,  0.094, 274.26,  0.112, 270.00,  0.051, 337.99,  0.103,  13.50,  0.146, 308.60,  0.035, 295.11,  0.088, 275.19,  0.104, 263.35,  0.108, 283.39,  0.217, 303.32,  0.176, 301.52,  0.203, 289.24,  0.164, 279.46,  0.140, 274.49,  0.092, 290.41,  0.026, 265.60,-99.000, -99.00,-99.000, -99.00,-99.000, -99.00,-99.000, -99.00,
9/15/2006 18:05:00,  9.6,276.1,  3.0,  2.6, 18.974, 29.43,  0.0,  0.0,  0.099, 189.27,  0.070, 327.22,  0.009, 161.57,  0.027, 184.24,  0.040, 209.74,  0.106, 355.68,  0.062, 286.97,  0.111, 349.60,  0.005, 180.00,  0.017,   0.00,  0.079, 279.46,  0.122, 282.32,  0.151, 271.90,  0.160, 280.82,  0.120, 272.86,  0.122, 223.34,-99.000, -99.00,-99.000, -99.00,-99.000, -99.00,-99.000, -99.00,
9/15/2006 18:10:00,  9.6,276.1,  3.0,  2.6, 18.969, 29.39,  0.0,  0.0,  0.102,  91.68,  0.051, 159.44,  0.094, 167.14,  0.056, 219.94,  0.095, 173.93,  0.037, 212.83,  0.045,  48.58,  0.047, 296.57,  0.049, 320.79,  0.099, 284.60,  0.120, 265.24,  0.209, 276.89,  0.156, 252.03,  0.153, 245.28,  0.116, 287.03,  0.149, 208.98,-99.000, -99.00,-99.000, -99.00,-99.000, -99.00,-99.000, -99.00,
9/15/2006 18:15:00,  9.6,276.1,  3.0,  2.6, 18.965, 29.37,  0.0,  0.0,  0.030, 129.56,  0.092, 111.57,  0.069, 190.82,  0.042, 148.57,  0.038, 142.52,  0.034, 206.57,  0.005,  68.20,  0.088, 223.15,  0.084, 275.44,  0.114, 286.84,  0.088, 252.80,  0.126, 260.39,  0.119, 270.48,  0.123, 261.15,  0.119, 274.80,  0.106, 244.89,-99.000, -99.00,-99.000, -99.00,-99.000, -99.00,-99.000, -99.00,
9/15/2006 18:20:00,  9.6,276.2,  3.0,  2.6, 18.956, 29.35,  0.0,  0.0,  0.109, 120.78,  0.154, 168.40,  0.109, 150.84,  0.109, 173.14,  0.086, 169.22,  0.065, 271.76,  0.062, 269.08,  0.028,  16.50,  0.096, 302.20,  0.072, 235.20,  0.067, 224.40,  0.095, 278.47,  0.119, 266.63,  0.156, 269.27,  0.113, 291.33,  0.067, 214.64,-99.000, -99.00,-99.000, -99.00,-99.000, -99.00,-99.000, -99.00,
9/15/2006 18:25:00,  9.6,276.1,  3.0,  2.6, 18.947, 29.34,  0.0,  0.0,  0.096, 126.51,  0.187, 170.44,  0.100, 196.26,  0.012, 189.46,  0.023,  12.80,  0.027,  79.51,  0.088, 323.78,  0.072, 291.21,  0.077, 315.53,  0.099,   5.83,  0.070, 332.70,  0.073, 315.56,  0.087, 271.32,  0.143, 312.73,  0.112, 308.50,  0.056, 202.93,-99.000, -99.00,-99.000, -99.00,-99.000, -99.00,-99.000, -99.00,
9/15/2006 18:30:00,  9.6,276.1,  3.0,  2.6, 18.953, 29.33,  0.0,  0.0,  0.133, 134.39,  0.088,  94.55,  0.076, 113.20,  0.103, 108.08,  0.095, 116.83,  0.049,  64.49,  0.150,   8.83,  0.097,  31.57,  0.030, 201.45,  0.048, 335.56,  0.032, 278.88,  0.127, 233.94,  0.103, 221.08,  0.065, 226.25,  0.061, 301.61,  0.085, 204.44,-99.000, -99.00,-99.000, -99.00,-99.000, -99.00,-99.000, -99.00,
9/15/2006 18:35:00,  9.6,276.0,  3.0,  2.6, 18.954, 29.33,  0.0,  0.0,  0.117, 101.31,  0.144, 162.19,  0.112, 154.12,  0.133, 156.91,  0.063, 136.93,  0.090, 126.87,  0.031,  97.35,  0.037, 113.81,  0.022, 267.40,  0.061, 249.78,  0.121, 315.34,  0.112, 270.00,  0.178, 286.30,  0.035, 256.76,  0.103, 316.57,  0.113, 229.67,-99.000, -99.00,-99.000, -99.00,-99.000, -99.00,-99.000, -99.00,
9/15/2006 18:40:00,  9.6,276.1,  3.0,  2.6, 18.930, 29.31,  0.0,  0.0,  0.061, 100.39,  0.084, 128.23,  0.089,  90.00,  0.102, 100.76,  0.029, 229.18,  0.043, 163.69,  0.062, 289.90,  0.032, 143.84,  0.023, 210.96,  0.066, 336.91,  0.065, 241.46,  0.067, 248.04,  0.121, 288.73,  0.156, 278.13,  0.169, 290.79,  0.154, 213.90,-99.000, -99.00,-99.000, -99.00,-99.000, -99.00,-99.000, -99.00,
9/15/2006 18:45:00,  9.6,276.0,  3.0,  2.6, 18.922, 29.29,  0.0,  0.0,  0.169, 113.69,  0.135, 113.53,  0.102, 160.50,  0.064, 151.82,  0.073, 162.55,  0.031, 135.00,  0.007, 296.57,  0.051, 282.41,  0.016,  47.49,  0.016,  52.43,  0.067, 254.52,  0.076, 248.48,  0.107, 278.58,  0.099, 294.49,  0.044, 304.78,  0.099, 200.62,-99.000, -99.00,-99.000, -99.00,-99.000, -99.00,-99.000, -99.00,
9/15/2006 18:50:00,  9.6,276.1,  3.0,  2.6, 18.914, 29.28,  0.0,  0.0,  0.193, 117.10,  0.172, 114.78,  0.117, 118.10,  0.096, 143.01,  0.147, 170.60,  0.085, 156.45,  0.064, 198.15,  0.021, 165.96,  0.061, 158.03,  0.123, 206.57,  0.103, 221.08,  0.116, 257.52,  0.200, 245.48,  0.155, 243.10,  0.148, 295.18,  0.108, 214.86,-99.000, -99.00,-99.000, -99.00,-99.000, -99.00,-99.000, -99.00,
9/15/2006 18:55:00,  9.6,276.0,  3.0,  2.6, 18.916, 29.27,  0.0,  0.0,  0.143, 126.47,  0.227, 100.42,  0.189, 102.56,  0.142, 101.78,  0.121, 163.21,  0.108, 157.22,  0.057, 238.52,  0.012, 340.02,  0.073, 104.98,  0.098, 177.66,  0.038, 178.49,  0.056, 255.47,  0.144, 286.55,  0.083, 276.95,  0.052, 191.09,  0.114, 207.01,-99.000, -99.00,-99.000, -99.00,-99.000, -99.00,-99.000, -99.00,
9/15/2006 19:00:00,  9.6,276.2,  3.0,  2.6, 18.915, 29.26,  0.0,  0.0,  0.216, 122.88,  0.243, 119.10,  0.130, 114.99,  0.182, 124.91,  0.208, 166.96,  0.194, 137.51,  0.053, 106.39,  0.015, 180.00,  0.081, 124.47,  0.135, 280.65,  0.081, 271.41,  0.084, 256.29,  0.112, 234.05,  0.092, 220.60,  0.056, 281.31,  0.051, 187.82,-99.000, -99.00,-99.000, -99.00,-99.000, -99.00,-99.000, -99.00,
9/15/2006 19:05:00,  9.6,276.2,  3.0,  2.6, 18.905, 29.25,  0.0,  0.0,  0.174, 117.30,  0.242, 116.25,  0.297, 116.82,  0.204,  99.88,  0.268, 101.60,  0.259, 118.65,  0.137,  79.92,  0.043, 358.67,  0.075, 160.60,  0.110, 172.68,  0.092, 254.91,  0.177, 235.14,  0.076, 238.39,  0.040, 223.99,  0.041, 325.92,  0.043, 320.71,-99.000, -99.00,-99.000, -99.00,-99.000, -99.00,-99.000, -99.00,
9/15/2006 19:10:00,  9.6,276.1,  3.0,  2.6, 18.910, 29.24,  0.0,  0.0,  0.178, 156.17,  0.251, 123.94,  0.325,  93.71,  0.348, 136.40,  0.298, 120.44,  0.174, 102.60,  0.026, 112.62,  0.029, 136.40,  0.095, 204.15,  0.075, 249.62,  0.081, 207.20,  0.054, 271.06,  0.074, 277.03,  0.056, 318.62,  0.046,  40.60,  0.087, 142.47,-99.000, -99.00,-99.000, -99.00,-99.000, -99.00,-99.000, -99.00,
9/15/2006 19:15:00,  9.6,276.1,  3.0,  2.6, 18.913, 29.23,  0.0,  0.0,  0.270, 123.98,  0.249, 145.80,  0.166, 133.04,  0.090, 142.24,  0.116, 169.56,  0.068,  88.32,  0.127, 100.87,  0.162, 120.36,  0.144, 139.79,  0.024, 199.18,  0.070, 183.27,  0.065, 187.02,  0.055, 278.43,  0.093, 317.19,  0.040,  16.14,  0.085, 172.54,-99.000, -99.00,-99.000, -99.00,-99.000, -99.00,-99.000, -99.00,
9/15/2006 19:20:00,  9.6,276.2,  3.0,  2.6, 18.913, 29.23,  0.0,  0.0,  0.246, 117.92,  0.168, 117.33,  0.129, 142.86,  0.215, 115.37,  0.122, 100.39,  0.087,  78.69,  0.095, 140.12,  0.067, 117.72,  0.026, 305.54,  0.106, 151.99,  0.072, 221.63,  0.050, 189.27,  0.029, 162.18,  0.038,  76.33,  0.091, 327.53,  0.078, 152.45,-99.000, -99.00,-99.000, -99.00,-99.000, -99.00,-99.000, -99.00,
9/15/2006 19:25:00,  9.6,276.1,  3.0,  2.6, 18.900, 29.23,  0.0,  0.0,  0.194, 109.55,  0.206, 111.60,  0.121, 129.62,  0.182,  97.91,  0.031,  76.87,  0.033,  31.26,  0.008, 156.80,  0.016, 137.49,  0.023, 274.97,  0.072, 230.09,  0.056, 196.50,  0.031, 247.52,  0.004, 345.96,  0.056, 146.59,  0.029, 339.68,  0.116, 152.33,-99.000, -99.00,-99.000, -99.00,-99.000, -99.00,-99.000, -99.00,
9/15/2006 19:30:00,  9.6,276.1,  3.0,  2.6, 18.888, 29.23,  0.0,  0.0,  0.217, 124.28,  0.193, 115.11,  0.172, 119.99,  0.131, 139.02,  0.065, 162.96,  0.098, 127.10,  0.091, 149.47,  0.042, 117.18,  0.093, 157.29,  0.049, 149.24,  0.026, 149.42,  0.033, 212.74,  0.073, 239.57,  0.068, 243.06,  0.019,  11.89,  0.068, 142.13,-99.000, -99.00,-99.000, -99.00,-99.000, -99.00,-99.000, -99.00,
9/15/2006 19:35:00,  9.6,276.2,  3.0,  2.6, 18.871, 29.23,  0.0,  0.0,  0.147, 120.76,  0.182, 140.80,  0.129, 129.63,  0.180, 144.72,  0.011, 164.74,  0.085, 167.11,  0.055, 160.91,  0.093, 157.85,  0.066, 173.09,  0.067, 201.96,  0.104, 253.83,  0.088, 256.91,  0.112, 249.15,  0.055, 228.72,  0.022, 100.30,  0.051, 150.40,-99.000, -99.00,-99.000, -99.00,-99.000, -99.00,-99.000, -99.00,
9/15/2006 19:40:00,  9.6,276.2,  3.0,  2.6, 18.873, 29.24,  0.0,  0.0,  0.116, 115.02,  0.090, 135.45,  0.122,  97.07,  0.069, 156.04,  0.131, 188.81,  0.038, 209.93,  0.071, 207.65,  0.097, 171.70,  0.054, 313.49,  0.012, 109.98,  0.111, 245.51,  0.087, 244.90,  0.059, 297.44,  0.033, 311.35,  0.009, 270.00,  0.085, 186.79,-99.000, -99.00,-99.000, -99.00,-99.000, -99.00,-99.000, -99.00,
9/15/2006 19:45:00,  9.6,276.1,  3.0,  2.6, 18.866, 29.24,  0.0,  0.0,  0.189, 145.55,  0.179, 117.57,  0.139, 125.06,  0.155, 131.60,  0.081, 166.48,  0.085, 147.99,  0.062, 140.19,  0.154, 143.73,  0.108, 136.51,  0.051,  60.95,  0.058, 329.89,  0.067, 150.36,  0.133,  31.78,  0.116, 103.44,  0.093,  90.62,  0.097, 124.51,-99.000, -99.00,-99.000, -99.00,-99.000, -99.00,-99.000, -99.00,
9/15/2006 19:50:00,  9.6,276.1,  3.0,  2.6, 18.869, 29.24,  0.0,  0.0,  0.172, 130.28,  0.196, 139.97,  0.224, 136.63,  0.131, 142.43,  0.136, 132.02,  0.140, 123.92,  0.044, 129.47,  0.033, 195.71,  0.036, 202.99,  0.123, 229.96,  0.067, 194.66,  0.051,  78.69,  0.103,  41.45,  0.131, 117.74,  0.051, 147.88,  0.075, 197.95,-99.000, -99.00,-99.000, -99.00,-99.000, -99.00,-99.000, -99.00,
9/15/2006 19:55:00,  9.6,276.1,  3.0,  2.6, 18.870, 29.25,  0.0,  0.0,  0.203, 101.64,  0.209, 116.44,  0.185, 127.74,  0.204, 144.98,  0.079, 167.55,  0.059, 182.91,  0.046, 192.53,  0.115, 175.53,  0.128, 184.02,  0.065, 284.25,  0.013,  94.40,  0.007, 236.31,  0.033, 109.54,  0.046, 176.27,  0.069, 141.47,  0.076, 181.51,-99.000, -99.00,-99.000, -99.00,-99.000, -99.00,-99.000, -99.00,
9/15/2006 20:00:00,  9.6,276.2,  3.0,  2.6, 18.861, 29.28,  0.0,  0.0,  0.137, 114.13,  0.175, 104.91,  0.202, 100.53,  0.153, 114.72,  0.215, 137.26,  0.153, 121.09,  0.050, 135.81,  0.029, 107.82,  0.047, 138.47,  0.085, 226.91,  0.045, 224.09,  0.088, 207.73,  0.042, 308.23,  0.078, 145.49,  0.068, 199.77,  0.147, 236.09,-99.000, -99.00,-99.000, -99.00,-99.000, -99.00,-99.000, -99.00,
9/15/2006 20:05:00,  9.6,276.0,  3.0,  2.6, 18.853, 29.30,  0.0,  0.0,  0.192, 141.99,  0.094,  75.82,  0.203, 122.51,  0.308, 106.61,  0.238,  93.13,  0.211,  97.90,  0.092, 140.75,  0.085, 109.29,  0.132, 151.11,  0.127, 134.36,  0.084, 145.18,  0.096, 182.98,  0.028, 349.88,  0.056, 330.26,  0.038, 341.57,  0.132, 236.43,-99.000, -99.00,-99.000, -99.00,-99.000, -99.00,-99.000, -99.00,
9/15/2006 20:10:00,  9.6,276.2,  3.0,  2.6, 18.845, 29.30,  0.0,  0.0,  0.160, 111.60,  0.121, 140.01,  0.199, 136.02,  0.224, 114.51,  0.124,  95.57,  0.121, 107.84,  0.112, 139.34,  0.086,  75.15,  0.161, 122.80,  0.083,  73.10,  0.021, 261.87,  0.041, 165.96,  0.035,  25.11,  0.068, 121.11,  0.053,  97.52,  0.042, 152.82,-99.000, -99.00,-99.000, -99.00,-99.000, -99.00,-99.000, -99.00,
9/15/2006 20:15:00,  9.6,276.1,  3.0,  2.6, 18.834, 29.30,  0.0,  0.0,  0.170, 133.81,  0.114, 104.28,  0.184, 127.49,  0.176, 118.90,  0.173, 107.81,  0.185, 127.98,  0.150, 139.61,  0.163, 132.77,  0.110, 116.33,  0.228, 130.55,  0.092, 115.73,  0.046, 183.73,  0.134, 161.70,  0.108, 159.88,  0.017, 118.07,  0.060, 209.15,-99.000, -99.00,-99.000, -99.00,-99.000, -99.00,-99.000, -99.00,
9/15/2006 20:20:00,  9.6,276.2,  3.0,  2.6, 18.834, 29.30,  0.0,  0.0,  0.113,  98.13,  0.117, 115.91,  0.177, 141.64,  0.123,  65.94,  0.157, 120.15,  0.134, 123.10,  0.139, 127.69,  0.053, 255.70,  0.098, 180.00,  0.074, 221.70,  0.022, 256.61,  0.108, 181.59,  0.103, 180.00,  0.106, 182.70,  0.070, 239.04,  0.082, 240.00,-99.000, -99.00,-99.000, -99.00,-99.000, -99.00,-99.000, -99.00,
9/15/2006 20:25:00,  9.6,276.2,  3.0,  2.6, 18.824, 29.33,  0.0,  0.0,  0.117, 111.07,  0.133, 120.23,  0.076, 134.46,  0.186, 179.69,  0.106, 166.36,  0.132, 138.08,  0.111, 128.42,  0.100, 150.11,  0.083, 162.44,  0.093, 202.71,  0.125, 196.70,  0.076, 221.26,  0.099, 188.70,  0.093, 200.77,  0.046, 229.40,  0.084, 272.05,-99.000, -99.00,-99.000, -99.00,-99.000, -99.00,-99.000, -99.00,
9/15/2006 20:30:00,  9.6,276.2,  3.0,  2.6, 18.825, 29.34,  0.0,  0.0,  0.235, 136.73,  0.081, 142.00,  0.153, 138.71,  0.139, 141.15,  0.060, 141.04,  0.061, 335.94,  0.078, 175.60,  0.066, 181.74,  0.042, 188.13,  0.001,  45.00,  0.025,  92.29,  0.056, 349.70,  0.061, 343.93,  0.107, 333.43,  0.059,   0.00,  0.083, 254.62,-99.000, -99.00,-99.000, -99.00,-99.000, -99.00,-99.000, -99.00,
9/15/2006 20:35:00,  9.6,276.2,  3.0,  2.6, 18.825, 29.34,  0.0,  0.0,  0.025, 208.61,  0.031, 170.84,  0.064,   0.00,  0.042, 321.77,  0.096, 153.43,  0.093, 159.81,  0.077, 237.13,  0.049, 241.86,  0.083, 322.85,  0.169, 298.99,  0.121, 311.32,  0.053, 325.71,  0.081, 347.16,  0.082, 293.75,  0.201, 308.93,  0.153, 272.25,-99.000, -99.00,-99.000, -99.00,-99.000, -99.00,-99.000, -99.00,
9/15/2006 20:40:00,  9.6,276.1,  3.0,  2.6, 18.826, 29.34,  0.0,  0.0,  0.103, 188.37,  0.050, 247.56,  0.036, 232.82,  0.033, 122.74,  0.007, 351.87,  0.069, 277.54,  0.072, 311.63,  0.087, 321.03,  0.079, 248.60,  0.064, 205.77,  0.057, 327.99,  0.132, 302.01,  0.106, 270.54,  0.133, 329.18,  0.180, 328.16,  0.090, 270.00,-99.000, -99.00,-99.000, -99.00,-99.000, -99.00,-99.000, -99.00,
9/15/2006 20:45:00,  9.6,276.1,  3.0,  2.6, 18.818, 29.34,  0.0,  0.0,  0.066, 186.91,  0.023,  77.20,  0.027, 182.12,  0.016,  50.19,  0.067, 188.62,  0.024, 297.65,  0.095, 277.28,  0.054, 262.61,  0.115, 311.84,  0.029, 236.31,  0.085, 319.76,  0.092, 308.85,  0.082, 313.03,  0.077, 354.81,  0.061, 348.69,  0.056, 270.00,-99.000, -99.00,-99.000, -99.00,-99.000, -99.00,-99.000, -99.00,
9/15/2006 20:50:00,  9.6,276.1,  3.0,  2.6, 18.821, 29.32,  0.0,  0.0,  0.044, 144.16,  0.101,  72.65,  0.031,  67.52,  0.067, 176.58,  0.034, 153.43,  0.029, 200.32,  0.007, 296.57,  0.026, 344.36,  0.022, 300.07,  0.098, 287.88,  0.051, 260.91,  0.118, 328.87,  0.181, 339.26,  0.081, 344.25,  0.093, 315.87,  0.087, 244.90,-99.000, -99.00,-99.000, -99.00,-99.000, -99.00,-99.000, -99.00,
9/15/2006 20:55:00,  9.6,276.1,  3.0,  2.6, 18.822, 29.30,  0.0,  0.0,  0.054, 302.80,  0.043, 270.00,  0.059,  18.74,  0.078, 358.53,  0.098,  29.45,  0.079,  49.64,  0.082, 303.11,  0.022, 226.85,  0.106, 284.69,  0.058, 297.90,  0.075, 310.68,  0.025, 251.57,  0.139, 309.17,  0.073, 345.77,  0.076, 350.17,  0.026,  20.56,-99.000, -99.00,-99.000, -99.00,-99.000, -99.00,-99.000, -99.00,
9/15/2006 21:00:00,  9.6,276.1,  3.0,  2.6, 18.813, 29.30,  0.0,  0.0,  0.137, 299.74,  0.156,  14.13,  0.206,   1.95,  0.047,  32.01,  0.053,   1.08,  0.048,  28.71,  0.016, 214.70,  0.069, 134.41,  0.017, 353.29,  0.095, 274.81,  0.126, 303.06,  0.088, 289.26,  0.096, 270.60,  0.176, 308.30,  0.104, 311.50,  0.043, 155.22,-99.000, -99.00,-99.000, -99.00,-99.000, -99.00,-99.000, -99.00,
9/15/2006 21:05:00,  9.6,276.2,  3.0,  2.6, 18.809, 29.30,  0.0,  0.0,  0.109, 317.23,  0.108,  12.88,  0.097,  38.29,  0.056, 278.28,  0.062, 312.40,  0.045, 315.00,  0.069, 282.62,  0.046, 353.80,  0.129, 296.17,  0.161, 303.89,  0.079, 278.75,  0.031,  42.40,  0.086, 315.94,  0.150, 327.79,  0.080, 300.10,  0.033, 234.87,-99.000, -99.00,-99.000, -99.00,-99.000, -99.00,-99.000, -99.00,
9/15/2006 21:10:00,  9.6,276.0,  3.0,  2.6, 18.811, 29.30,  0.0,  0.0,  0.079, 301.09,  0.158, 288.43,  0.204, 327.79,  0.125, 318.25,  0.169, 328.28,  0.134, 300.60,  0.093, 312.81,  0.125, 306.23,  0.106, 319.57,  0.137, 320.03,  0.123, 309.39,  0.130, 311.27,  0.170, 324.07,  0.137, 350.74,  0.073, 333.08,  0.067, 251.83,-99.000, -99.00,-99.000, -99.00,-99.000, -99.00,-99.000, -99.00,
9/15/2006 21:15:00,  9.6,276.1,  3.0,  2.6, 18.795, 29.29,  0.0,  0.0,  0.111, 353.77,  0.137, 317.67,  0.112, 318.62,  0.169, 323.40,  0.153, 315.26,  0.036, 289.44,  0.116, 320.26,  0.044, 304.78,  0.076, 312.88,  0.120, 304.09,  0.175, 329.04,  0.082, 343.77,  0.224, 338.82,  0.176, 342.49,  0.171, 340.19,  0.058, 264.09,-99.000, -99.00,-99.000, -99.00,-99.000, -99.00,-99.000, -99.00,
9/15/2006 21:20:00,  9.6,276.1,  3.0,  2.6, 18.800, 29.28,  0.0,  0.0,  0.158, 338.13,  0.216, 345.77,  0.152, 331.24,  0.148,  21.01,  0.108,  14.42,  0.178, 332.29,  0.063, 260.84,  0.082, 306.03,  0.047, 261.35,  0.092, 309.25,  0.129, 312.48,  0.091, 328.06,  0.086, 357.34,  0.105, 316.92,  0.066, 329.18,  0.100, 286.81,-99.000, -99.00,-99.000, -99.00,-99.000, -99.00,-99.000, -99.00,
9/15/2006 21:25:00,  9.6,276.1,  3.0,  2.6, 18.791, 29.28,  0.0,  0.0,  0.187, 350.44,  0.277, 356.48,  0.119, 352.28,  0.080, 336.33,  0.138, 341.43,  0.130, 335.99,  0.165, 327.85,  0.103, 344.21,  0.112, 310.66,  0.135, 306.28,  0.093, 268.77,  0.190, 327.90,  0.164, 338.59,  0.110,   2.60,  0.120, 340.51,  0.089, 282.95,-99.000, -99.00,-99.000, -99.00,-99.000, -99.00,-99.000, -99.00,
9/15/2006 21:30:00,  9.6,276.2,  3.0,  2.6, 18.775, 29.28,  0.0,  0.0,  0.222, 338.87,  0.295, 341.63,  0.187, 353.25,  0.190,  16.53,  0.147, 312.51,  0.075, 310.10,  0.127, 297.17,  0.123, 293.01,  0.079, 283.86,  0.143, 293.51,  0.185, 295.32,  0.197, 315.82,  0.209, 328.28,  0.149, 358.08,  0.187, 353.25,  0.061, 291.10,-99.000, -99.00,-99.000, -99.00,-99.000, -99.00,-99.000, -99.00,
9/15/2006 21:35:00,  9.6,276.1,  3.0,  2.6, 18.782, 29.28,  0.0,  0.0,  0.234, 344.12,  0.164, 312.27,  0.162, 327.09,  0.095, 356.39,  0.208, 348.91,  0.186, 324.18,  0.053, 309.67,  0.151, 336.65,  0.142, 313.01,  0.073, 345.02,  0.166, 340.69,  0.092, 337.62,  0.093, 266.31,  0.183, 292.09,  0.103, 302.77,  0.011, 225.00,-99.000, -99.00,-99.000, -99.00,-99.000, -99.00,-99.000, -99.00,
9/15/2006 21:40:00,  9.6,276.1,  3.0,  2.6, 18.778, 29.27,  0.0,  0.0,  0.116, 336.54,  0.120,   2.86,  0.132, 330.90,  0.117, 327.26,  0.239, 339.44,  0.071, 342.07,  0.133, 336.91,  0.134, 343.59,  0.122, 345.74,  0.172, 332.24,  0.082, 337.17,  0.063, 328.57,  0.040, 320.01,  0.092,   1.25,  0.115, 351.52,  0.080, 211.70,-99.000, -99.00,-99.000, -99.00,-99.000, -99.00,-99.000, -99.00,
9/15/2006 21:45:00,  9.6,276.1,  3.0,  2.6, 18.787, 29.27,  0.0,  0.0,  0.243, 347.62,  0.093, 336.48,  0.081, 344.93,  0.165, 353.74,  0.158, 322.70,  0.150,   5.75,  0.126, 314.36,  0.153, 314.21,  0.201, 314.19,  0.130, 318.11,  0.099, 303.85,  0.163, 310.53,  0.138, 318.81,  0.142, 311.57,  0.187, 316.08,  0.030, 270.00,-99.000, -99.00,-99.000, -99.00,-99.000, -99.00,-99.000, -99.00,
9/15/2006 21:50:00,  9.6,276.2,  3.0,  2.6, 18.783, 29.27,  0.0,  0.0,  0.120, 329.36,  0.175, 344.05,  0.205, 342.10,  0.131, 308.80,  0.189, 298.73,  0.236, 337.88,  0.121, 335.13,  0.140, 334.54,  0.129, 326.68,  0.072, 342.32,  0.126, 323.04,  0.080, 329.28,  0.113, 356.96,  0.108, 337.22,  0.170, 328.46,  0.028, 132.14,-99.000, -99.00,-99.000, -99.00,-99.000, -99.00,-99.000, -99.00,
9/15/2006 21:55:00,  9.6,276.1,  3.0,  2.6, 18.766, 29.27,  0.0,  0.0,  0.170, 339.33,  0.140, 358.36,  0.157, 354.14,  0.126, 356.37,  0.142, 302.35,  0.109, 323.24,  0.160, 323.63,  0.082, 315.00,  0.157, 297.22,  0.169, 289.40,  0.086, 345.15,  0.114, 338.85,  0.116, 325.49,  0.093, 329.57,  0.031,  24.90,  0.055, 298.44,-99.000, -99.00,-99.000, -99.00,-99.000, -99.00,-99.000, -99.00,
9/15/2006 22:00:00,  9.6,276.2,  3.0,  2.6, 18.770, 29.26,  0.0,  0.0,  0.033,  10.62,  0.131, 327.76,  0.094, 346.41,  0.101, 307.33,  0.061, 327.09,  0.100, 349.03,  0.121, 281.40,  0.112, 257.08,  0.160, 315.51,  0.180, 324.02,  0.149, 324.28,  0.161, 357.87,  0.101,  14.86,  0.089,   9.67,  0.054,  32.23,  0.160, 233.63,-99.000, -99.00,-99.000, -99.00,-99.000, -99.00,-99.000, -99.00,
9/15/2006 22:05:00,  9.6,276.2,  3.0,  2.6, 18.768, 29.26,  0.0,  0.0,  0.097, 318.76,  0.119, 322.17,  0.087, 353.37,  0.049, 345.96,  0.038, 356.99,  0.084, 301.43,  0.110, 307.60,  0.024, 167.74,  0.012, 189.46,  0.020,  17.53,  0.047,  94.86,  0.050, 301.16,  0.065,  23.43,  0.118, 357.57,  0.140, 329.95,  0.141, 284.33,-99.000, -99.00,-99.000, -99.00,-99.000, -99.00,-99.000, -99.00,
9/15/2006 22:10:00,  9.6,276.1,  3.0,  2.6, 18.765, 29.26,  0.0,  0.0,  0.149, 358.08,  0.088, 355.45,  0.045, 317.73,  0.065, 321.20,  0.065,  98.88,  0.088, 325.59,  0.068, 285.26,  0.025, 158.63,  0.061, 290.22,  0.036, 335.56,  0.148, 344.37,  0.044, 295.41,  0.078, 321.80,  0.145, 341.94,  0.113, 333.21,  0.084, 342.65,-99.000, -99.00,-99.000, -99.00,-99.000, -99.00,-99.000, -99.00,
9/15/2006 22:15:00,  9.6,276.1,  3.0,  2.6, 18.769, 29.26,  0.0,  0.0,  0.163,  22.00,  0.114, 333.89,  0.106,  14.69,  0.070,  59.04,  0.043, 260.54,  0.094, 213.69,  0.039, 201.25,  0.160, 337.60,  0.112, 327.45,  0.093, 302.66,  0.028, 282.53,  0.071, 327.65,  0.127,  16.44,  0.068,  25.07,  0.084,  13.05,  0.088, 258.82,-99.000, -99.00,-99.000, -99.00,-99.000, -99.00,-99.000, -99.00,
9/15/2006 22:20:00,  9.6,276.1,  3.0,  2.6, 18.763, 29.26,  0.0,  0.0,  0.120, 358.09,  0.111, 336.19,  0.040, 203.39,  0.027, 301.33,  0.131, 289.68,  0.096, 308.66,  0.052, 238.47,  0.026, 259.11,  0.038, 356.99,  0.073, 339.08,  0.082, 343.77,  0.078, 322.25,  0.023, 270.00,  0.082, 339.36,  0.148, 356.13,  0.048, 303.02,-99.000, -99.00,-99.000, -99.00,-99.000, -99.00,-99.000, -99.00,
9/15/2006 22:25:00,  9.6,276.1,  3.0,  2.6, 18.775, 29.26,  0.0,  0.0,  0.137, 353.29,  0.087, 354.09,  0.150, 320.15,  0.234, 359.02,  0.150, 326.42,  0.022, 219.47,  0.043, 194.68,  0.042, 234.78,  0.029, 275.91,  0.064, 336.22,  0.074, 311.19,  0.087, 341.15,  0.030, 331.70,  0.089, 354.23,  0.084, 343.50,  0.068, 250.23,-99.000, -99.00,-99.000, -99.00,-99.000, -99.00,-99.000, -99.00,
9/15/2006 22:30:00,  9.6,276.1,  3.0,  2.6, 18.772, 29.26,  0.0,  0.0,  0.153, 341.68,  0.070, 214.59,  0.134, 300.96,  0.096, 326.48,  0.035,  53.13,  0.036, 318.37,  0.057, 214.25,  0.101, 291.49,  0.096, 340.63,  0.095, 352.72,  0.063,  24.52,  0.088, 339.29,  0.098, 335.80,  0.062,   5.53,  0.108, 355.76,  0.125, 307.87,-99.000, -99.00,-99.000, -99.00,-99.000, -99.00,-99.000, -99.00,
9/15/2006 22:35:00,  9.6,276.2,  3.0,  2.6, 18.766, 29.25,  0.0,  0.0,  0.128, 326.81,  0.132, 303.57,  0.045, 236.66,  0.077,  12.77,  0.058,  19.06,  0.069,   2.49,  0.044, 311.31,  0.098, 274.09,  0.124, 306.50,  0.041, 318.95,  0.065,  20.66,  0.049, 354.17,  0.044, 304.78,  0.099, 347.22,  0.086, 353.29,  0.048, 228.37,-99.000, -99.00,-99.000, -99.00,-99.000, -99.00,-99.000, -99.00,
9/15/2006 22:40:00,  9.6,276.2,  3.0,  2.6, 18.766, 29.26,  0.0,  0.0,  0.078, 284.93,  0.110, 332.27,  0.086, 269.33,  0.140, 301.53,  0.052, 282.17,  0.060, 337.31,  0.115, 228.16,  0.085, 349.88,  0.029, 189.78,  0.066, 315.00,  0.076, 320.87,  0.090, 340.56,  0.010, 216.87,  0.066, 311.92,  0.039,  19.36,  0.021, 209.05,-99.000, -99.00,-99.000, -99.00,-99.000, -99.00,-99.000, -99.00,
9/15/2006 22:45:00,  9.6,276.1,  3.0,  2.6, 18.759, 29.26,  0.0,  0.0,  0.125,  32.93,  0.035,  14.83,  0.097, 355.29,  0.022, 213.69,  0.062,  17.85,  0.005, 323.13,  0.043, 222.18,  0.038, 259.29,  0.097, 323.37,  0.088, 304.41,  0.079, 277.31,  0.084, 301.43,  0.031, 239.35,  0.097, 340.07,  0.126, 325.30,  0.100, 275.77,-99.000, -99.00,-99.000, -99.00,-99.000, -99.00,-99.000, -99.00,
9/15/2006 22:50:00,  9.6,276.1,  3.0,  2.6, 18.762, 29.26,  0.0,  0.0,  0.137,   0.42,  0.088, 352.15,  0.077,  59.42,  0.028,  40.60,  0.078, 305.11,  0.043, 334.03,  0.009,  20.56,  0.131, 339.50,  0.055, 344.20,  0.080, 355.00,  0.187, 313.92,  0.129, 307.14,  0.057, 291.61,  0.078, 294.26,  0.101, 312.20,  0.090, 270.00,-99.000, -99.00,-99.000, -99.00,-99.000, -99.00,-99.000, -99.00,
9/15/2006 22:55:00,  9.6,276.1,  3.0,  2.6, 18.763, 29.27,  0.0,  0.0,  0.074, 318.81,  0.080, 318.54,  0.045, 350.96,  0.122, 313.67,  0.065,  27.35,  0.055,  48.72,  0.099, 325.67,  0.050, 332.40,  0.078, 359.27,  0.092, 347.47,  0.089, 348.94,  0.069,  18.70,  0.109, 353.66,  0.109, 326.60,  0.025, 251.57,  0.092, 260.64,-99.000, -99.00,-99.000, -99.00,-99.000, -99.00,-99.000, -99.00,
9/15/2006 23:00:00,  9.6,276.1,  3.0,  2.6, 18.766, 29.29,  0.0,  0.0,  0.060, 351.33,  0.108, 338.20,  0.044,  36.61,  0.074, 294.83,  0.132, 332.46,  0.106, 349.11,  0.087, 317.33,  0.077, 292.22,  0.073, 313.33,  0.082, 230.46,  0.056, 286.50,  0.066, 336.91,  0.077, 325.07,  0.055,  58.32,  0.162, 347.51,  0.073, 292.68,-99.000, -99.00,-99.000, -99.00,-99.000, -99.00,-99.000, -99.00,
9/15/2006 23:05:00,  9.6,276.2,  3.0,  2.6, 18.754, 29.30,  0.0,  0.0,  0.060, 319.71,  0.104,  16.17,  0.095, 334.51,  0.053, 331.99,  0.092, 327.86,  0.109, 331.56,  0.013,  48.01,  0.068, 306.03,  0.072, 304.80,  0.036, 307.18,  0.036,   7.91,  0.008, 150.26,  0.032, 262.87,  0.046, 289.23,  0.144, 321.46,  0.176, 257.22,-99.000, -99.00,-99.000, -99.00,-99.000, -99.00,-99.000, -99.00,
9/15/2006 23:10:00,  9.6,276.1,  3.0,  2.6, 18.767, 29.31,  0.0,  0.0,  0.054, 290.43,  0.111, 327.89,  0.105, 329.04,  0.079, 299.48,  0.051, 349.80,  0.102, 324.14,  0.121, 111.27,  0.058,   4.93,  0.081, 287.99,  0.043, 284.68,  0.052, 239.04,  0.060, 235.24,  0.022, 182.60,  0.046,  37.87,  0.070,  62.70,  0.053, 235.71,-99.000, -99.00,-99.000, -99.00,-99.000, -99.00,-99.000, -99.00,
9/15/2006 23:15:00,  9.6,276.1,  3.0,  2.6, 18.769, 29.32,  0.0,  0.0,  0.163, 311.52,  0.106, 340.20,  0.153, 341.68,  0.081, 302.91,  0.076, 281.31,  0.086, 322.07,  0.029, 354.09,  0.098, 320.79,  0.097, 331.58,  0.066, 316.85,  0.078, 271.47,  0.079, 272.90,  0.047, 314.14,  0.038, 349.29,  0.110, 318.32,  0.104, 246.87,-99.000, -99.00,-99.000, -99.00,-99.000, -99.00,-99.000, -99.00,
9/15/2006 23:20:00,  9.6,276.1,  3.0,  2.6, 18.756, 29.33,  0.0,  0.0,  0.091, 314.10,  0.152, 331.75,  0.152,   7.17,  0.017,  69.44,  0.048, 266.42,  0.028, 343.50,  0.082, 330.00,  0.117, 347.63,  0.105, 290.68,  0.039, 239.53,  0.043, 346.61,  0.096, 341.75,  0.043, 173.37,  0.040, 237.09,  0.091, 303.34,  0.063, 259.94,-99.000, -99.00,-99.000, -99.00,-99.000, -99.00,-99.000, -99.00,
9/15/2006 23:25:00,  9.6,276.1,  3.0,  2.6, 18.756, 29.34,  0.0,  0.0,  0.179, 324.80,  0.178,  19.35,  0.098, 322.07,  0.091,  30.53,  0.090, 354.29,  0.067, 319.21,  0.122, 303.95,  0.079, 317.05,  0.137, 270.84,  0.061, 278.53,  0.098, 305.47,  0.097, 328.12,  0.100,   0.57,  0.093, 317.19,  0.096, 285.05,  0.166, 282.87,-99.000, -99.00,-99.000, -99.00,-99.000, -99.00,-99.000, -99.00,
9/15/2006 23:30:00,  9.6,276.1,  3.0,  2.6, 18.778, 29.35,  0.0,  0.0,  0.115, 340.14,  0.036, 352.09,  0.037,  12.53,  0.038, 347.80,  0.041,  90.00,  0.063,  10.06,  0.105,  24.85,  0.090,  27.14,  0.036, 183.18,  0.048, 293.36,  0.125, 302.30,  0.060, 309.56,  0.031,  42.40,  0.051,  10.20,  0.095,   7.28,  0.050, 300.17,-99.000, -99.00,-99.000, -99.00,-99.000, -99.00,-99.000, -99.00,
9/15/2006 23:35:00,  9.6,276.2,  3.0,  2.5, 18.779, 29.35,  0.0,  0.0,  0.134,   8.62,  0.110, 303.11,  0.026, 256.50,  0.134, 349.28,  0.058,   6.88,  0.079,  14.74,  0.108, 305.60,  0.039, 250.64,  0.042, 189.69,  0.021, 190.78,  0.058, 203.46,  0.100, 323.13,  0.057, 291.61,  0.079, 300.47,  0.048, 283.17,  0.081, 275.64,-99.000, -99.00,-99.000, -99.00,-99.000, -99.00,-99.000, -99.00,
9/15/2006 23:40:00,  9.6,276.0,  3.0,  2.5, 18.786, 29.35,  0.0,  0.0,  0.073, 344.05,  0.093,   4.30,  0.030, 281.69,  0.090,  29.43,  0.039, 309.81,  0.062, 280.22,  0.038, 302.01,  0.111, 297.26,  0.095, 269.40,  0.042, 301.43,  0.064, 263.76,  0.129, 320.02,  0.082, 246.89,  0.081, 322.99,  0.094, 318.47,  0.046, 208.81,-99.000, -99.00,-99.000, -99.00,-99.000, -99.00,-99.000, -99.00,
9/15/2006 23:45:00,  9.6,276.1,  3.0,  2.6, 18.787, 29.36,  0.0,  0.0,  0.038, 346.33,  0.024, 270.00,  0.074,   3.87,  0.080, 326.71,  0.057,  67.46,  0.109,   0.00,  0.055, 339.93,  0.044, 349.46,  0.048, 320.96,  0.092, 307.49,  0.086, 338.20,  0.048, 335.56,  0.087, 281.96,  0.100, 244.46,  0.024, 308.29,  0.113, 317.52,-99.000, -99.00,-99.000, -99.00,-99.000, -99.00,-99.000, -99.00,
9/15/2006 23:50:00,  9.6,276.2,  3.0,  2.6, 18.794, 29.36,  0.0,  0.0,  0.030, 312.27,  0.089, 315.91,  0.162, 353.97,  0.079,  15.45,  0.096, 349.75,  0.060, 354.29,  0.065,   2.64,  0.039, 168.11,  0.049, 278.30,  0.056, 192.31,  0.028, 167.47,  0.096, 321.34,  0.041, 257.32,  0.062,  56.82,  0.056,   9.29,  0.036, 234.09,-99.000, -99.00,-99.000, -99.00,-99.000, -99.00,-99.000, -99.00,
9/15/2006 23:55:00,  9.6,276.2,  3.0,  2.5, 18.784, 29.36,  0.0,  0.0,  0.113, 277.13,  0.118, 326.04,  0.036, 281.31,  0.070, 329.04,  0.123, 343.48,  0.046, 340.77,  0.118, 296.78,  0.072, 321.22,  0.039,  43.96,  0.057,  50.71,  0.020, 339.78,  0.070, 234.27,  0.095, 294.94,  0.015, 323.13,  0.044, 345.65,  0.090, 313.65,-99.000, -99.00,-99.000, -99.00,-99.000, -99.00,-99.000, -99.00,
9/16/2006 00:00:00,  9.6,276.1,  3.0,  2.6, 18.782, 29.37,  0.0,  0.0,  0.026, 110.56,  0.074, 358.45,  0.132, 313.15,  0.162, 308.49,  0.068, 304.16,  0.066, 356.53,  0.025,  78.69,  0.010,  16.70,  0.123, 299.69,  0.054, 313.49,  0.105, 331.00,  0.132, 356.10,  0.076, 335.12,  0.050, 308.48,  0.144, 301.37,  0.109, 232.08,-99.000, -99.00,-99.000, -99.00,-99.000, -99.00,-99.000, -99.00,
9/16/2006 00:05:00,  9.6,276.0,  3.0,  2.6, 18.782, 29.38,  0.0,  0.0,  0.141, 313.56,  0.045,  30.53,  0.123, 322.57,  0.068, 277.65,  0.116,   0.49,  0.062, 240.95,  0.047, 279.87,  0.027, 100.49,  0.082,  12.68,  0.096, 314.16,  0.048, 246.64,  0.044, 233.39,  0.011, 228.81,  0.059, 297.00,  0.063, 327.32,  0.071, 243.07,-99.000, -99.00,-99.000, -99.00,-99.000, -99.00,-99.000, -99.00,
9/16/2006 00:10:00,  9.6,276.2,  3.0,  2.6, 18.791, 29.39,  0.0,  0.0,  0.103,  16.86,  0.089, 304.05,  0.038, 333.43,  0.091,  41.89,  0.102, 325.38,  0.059, 336.93,  0.096, 286.36,  0.065, 297.35,  0.021,   0.00,  0.070, 257.56,  0.036, 270.00,  0.046, 240.10,  0.061, 269.06,  0.074, 295.53,  0.031, 116.57,  0.031, 215.75,-99.000, -99.00,-99.000, -99.00,-99.000, -99.00,-99.000, -99.00,
9/16/2006 00:15:00,  9.6,276.1,  3.0,  2.5, 18.788, 29.40,  0.0,  0.0,  0.022, 122.28,  0.055, 326.89,  0.082, 300.61,  0.024, 325.01,  0.056, 299.74,  0.107, 332.72,  0.072, 281.15,  0.064, 297.76,  0.042, 296.57,  0.027, 180.00,  0.062, 311.71,  0.036, 273.18,  0.074, 207.26,  0.077, 299.56,  0.110, 331.10,  0.017, 249.44,-99.000, -99.00,-99.000, -99.00,-99.000, -99.00,-99.000, -99.00,
9/16/2006 00:20:00,  9.6,276.1,  3.0,  2.5, 18.787, 29.41,  0.0,  0.0,  0.073, 273.14,  0.078, 217.16,  0.075, 247.20,  0.113, 327.99,  0.011, 315.00,  0.065,  10.62,  0.041, 337.17,  0.087,  31.87,  0.037, 132.80,  0.034, 107.35,  0.088, 254.23,  0.068, 252.10,  0.014,  53.97,  0.076,  12.94,  0.058,  22.17,  0.033, 125.13,-99.000, -99.00,-99.000, -99.00,-99.000, -99.00,-99.000, -99.00,
9/16/2006 00:25:00,  9.6,276.2,  3.0,  2.6, 18.792, 29.41,  0.0,  0.0,  0.108, 337.22,  0.084,   9.57,  0.055, 273.12,  0.028, 274.09,  0.038,   8.97,  0.036, 257.12,  0.011, 307.87,  0.030, 248.55,  0.073, 265.30,  0.022, 288.43,  0.024,  19.18,  0.042, 180.00,  0.118, 298.30,  0.050, 221.73,  0.053, 240.52,  0.071, 217.52,-99.000, -99.00,-99.000, -99.00,-99.000, -99.00,-99.000, -99.00,
9/16/2006 00:30:00,  9.6,276.2,  3.0,  2.5, 18.798, 29.42,  0.0,  0.0,  0.089, 270.00,  0.055, 320.19,  0.091, 314.10,  0.070, 284.04,  0.064, 261.87,  0.107, 324.09,  0.070, 350.13,  0.071, 262.67,  0.036, 322.82,  0.053, 273.24,  0.054, 228.01,  0.086, 279.35,  0.026, 337.38,  0.016,  29.74,  0.046, 171.16,  0.043, 197.59,-99.000, -99.00,-99.000, -99.00,-99.000, -99.00,-99.000, -99.00,
9/16/2006 00:35:00,  9.6,276.1,  3.0,  2.6, 18.795, 29.43,  0.0,  0.0,  0.074, 293.10,  0.145, 285.57,  0.029, 285.95,  0.022,   5.19,  0.109, 279.46,  0.029, 305.31,  0.030, 208.30,  0.072, 248.05,  0.063, 269.09,  0.063, 334.65,  0.060, 314.33,  0.089, 328.27,  0.061, 309.69,  0.046, 351.16,  0.046,  27.12,  0.043, 324.46,-99.000, -99.00,-99.000, -99.00,-99.000, -99.00,-99.000, -99.00,
9/16/2006 00:40:00,  9.6,276.2,  3.0,  2.5, 18.787, 29.45,  0.0,  0.0,  0.057, 307.87,  0.093, 358.77,  0.078,  13.32,  0.035, 223.83,  0.052, 320.48,  0.076, 313.94,  0.065, 258.52,  0.166, 283.20,  0.148, 275.05,  0.143, 264.37,  0.066, 237.99,  0.133, 305.24,  0.058, 287.18,  0.060, 308.21,  0.027,  63.43,  0.059, 162.18,-99.000, -99.00,-99.000, -99.00,-99.000, -99.00,-99.000, -99.00,
9/16/2006 00:45:00,  9.6,276.2,  3.0,  2.5, 18.786, 29.46,  0.0,  0.0,  0.016, 206.57,  0.079, 316.55,  0.034, 335.70,  0.063, 358.18,  0.130, 266.04,  0.061, 255.74,  0.034, 235.84,  0.076, 311.82,  0.148, 303.15,  0.082, 259.51,  0.099, 234.06,  0.057, 268.99,  0.028, 255.47,  0.070, 129.81,  0.058, 354.09,  0.101, 315.40,-99.000, -99.00,-99.000, -99.00,-99.000, -99.00,-99.000, -99.00,
9/16/2006 00:50:00,  9.6,276.1,  3.0,  2.5, 18.792, 29.47,  0.0,  0.0,  0.059, 350.22,  0.040, 278.53,  0.081, 279.23,  0.037, 257.47,  0.040,  12.99,  0.064, 202.14,  0.014, 216.03,  0.130, 263.37,  0.109, 245.56,  0.084, 183.41,  0.025, 279.09,  0.127, 183.60,  0.096, 157.98,  0.044, 131.31,  0.111,   3.09,  0.026,  74.36,-99.000, -99.00,-99.000, -99.00,-99.000, -99.00,-99.000, -99.00,
9/16/2006 00:55:00,  9.6,276.1,  3.0,  2.6, 18.794, 29.48,  0.0,  0.0,  0.009, 147.99,  0.054,  32.80,  0.074, 282.53,  0.123,  57.99,  0.034, 329.62,  0.032, 233.84,  0.033, 238.74,  0.091, 275.65,  0.102, 181.68,  0.096, 213.52,  0.120, 226.35,  0.047, 194.93,  0.073, 166.53,  0.056, 326.59,  0.021,  31.43,  0.060, 321.04,-99.000, -99.00,-99.000, -99.00,-99.000, -99.00,-99.000, -99.00,
9/16/2006 01:00:00,  9.6,276.1,  3.0,  2.5, 18.788, 29.48,  0.0,  0.0,  0.046, 352.57,  0.041,  37.15,  0.033, 302.74,  0.094, 274.86,  0.139, 267.94,  0.128, 191.22,  0.089, 286.39,  0.020, 275.71,  0.101, 260.91,  0.070, 209.13,  0.034, 304.16,  0.076, 297.24,  0.045, 257.20,  0.019, 195.52,  0.037,  43.92,  0.038,  42.88,-99.000, -99.00,-99.000, -99.00,-99.000, -99.00,-99.000, -99.00,
9/16/2006 01:05:00,  9.6,276.1,  3.0,  2.6, 18.793, 29.49,  0.0,  0.0,  0.098, 155.80,  0.099, 306.41,  0.049, 175.33,  0.025, 225.00,  0.018, 260.54,  0.094, 347.74,  0.055, 301.68,  0.079, 304.70,  0.072, 261.98,  0.047, 240.71,  0.035, 334.89,  0.053, 241.99,  0.107, 245.11,  0.043, 237.43,  0.046,   8.84,  0.053, 246.80,-99.000, -99.00,-99.000, -99.00,-99.000, -99.00,-99.000, -99.00,
9/16/2006 01:10:00,  9.6,276.1,  3.0,  2.5, 18.804, 29.49,  0.0,  0.0,  0.047, 318.47,  0.064, 329.81,  0.034, 148.17,  0.037, 297.26,  0.031,  24.90,  0.036, 271.59,  0.019, 216.25,  0.118, 303.29,  0.102, 300.58,  0.092, 293.77,  0.122, 293.20,  0.058, 192.85,  0.071, 255.38,  0.092, 303.00,  0.049, 276.98,  0.065, 278.00,-99.000, -99.00,-99.000, -99.00,-99.000, -99.00,-99.000, -99.00,
9/16/2006 01:15:00,  9.6,276.2,  3.0,  2.5, 18.801, 29.49,  0.0,  0.0,  0.037,   3.09,  0.027, 241.56,  0.080, 158.86,  0.093, 243.98,  0.029,  84.09,  0.065, 291.80,  0.037, 205.87,  0.019, 111.25,  0.089, 266.78,  0.090, 215.46,  0.072, 301.92,  0.048, 200.70,  0.085, 170.54,  0.068, 275.88,  0.058, 295.68,  0.101, 270.57,-99.000, -99.00,-99.000, -99.00,-99.000, -99.00,-99.000, -99.00,
9/16/2006 01:20:00,  9.6,276.1,  3.0,  2.6, 18.802, 29.49,  0.0,  0.0,  0.073,  64.84,  0.034, 301.83,  0.011, 311.19,  0.029, 185.91,  0.060, 289.33,  0.055, 191.51,  0.069, 291.34,  0.110, 278.35,  0.110, 277.32,  0.126, 286.57,  0.121, 244.50,  0.157, 231.97,  0.081, 246.61,  0.071, 155.96,  0.057,  27.01,  0.021, 202.83,-99.000, -99.00,-99.000, -99.00,-99.000, -99.00,-99.000, -99.00,
9/16/2006 01:25:00,  9.6,276.1,  3.0,  2.5, 18.808, 29.50,  0.0,  0.0,  0.047, 317.56,  0.027,  90.00,  0.051, 322.22,  0.090, 341.16,  0.088, 293.37,  0.082, 219.09,  0.030, 174.29,  0.039, 244.09,  0.059, 286.61,  0.092, 250.39,  0.096, 232.18,  0.086, 289.07,  0.026,  17.74,  0.076,   3.76,  0.032, 104.47,  0.050, 263.16,-99.000, -99.00,-99.000, -99.00,-99.000, -99.00,-99.000, -99.00,
9/16/2006 01:30:00,  9.6,276.2,  3.0,  2.6, 18.808, 29.50,  0.0,  0.0,  0.067, 255.34,  0.122, 295.30,  0.068, 232.13,  0.079, 217.30,  0.097, 281.89,  0.054, 195.07,  0.015, 164.05,  0.062, 270.00,  0.109, 285.44,  0.050, 283.76,  0.043,  82.06,  0.019,   8.97,  0.051, 141.34,  0.034, 130.24,  0.057, 132.88,  0.075, 202.80,-99.000, -99.00,-99.000, -99.00,-99.000, -99.00,-99.000, -99.00,
9/16/2006 01:35:00,  9.6,276.2,  3.0,  2.5, 18.808, 29.50,  0.0,  0.0,  0.064, 296.97,  0.015,   3.81,  0.100, 276.34,  0.101, 278.53,  0.087, 290.94,  0.036, 258.69,  0.087, 238.70,  0.085, 219.72,  0.072, 237.41,  0.056, 168.69,  0.032, 273.58,  0.030, 208.30,  0.055, 146.02,  0.064, 189.90,  0.057, 176.99,  0.046, 232.13,-99.000, -99.00,-99.000, -99.00,-99.000, -99.00,-99.000, -99.00,
9/16/2006 01:40:00,  9.6,276.1,  3.0,  2.5, 18.819, 29.50,  0.0,  0.0,  0.062, 255.07,  0.051, 287.02,  0.085, 322.18,  0.028, 304.82,  0.026, 327.53,  0.050, 312.58,  0.084, 278.90,  0.023, 235.62,  0.012, 214.99,  0.065, 245.41,  0.085, 293.55,  0.066, 272.60,  0.054, 319.51,  0.006, 218.66,  0.020, 243.43,  0.069, 221.50,-99.000, -99.00,-99.000, -99.00,-99.000, -99.00,-99.000, -99.00,
9/16/2006 01:45:00,  9.6,276.1,  3.0,  2.5, 18.811, 29.49,  0.0,  0.0,  0.077, 254.16,  0.054, 251.57,  0.102, 262.67,  0.137, 271.25,  0.077, 310.28,  0.032, 270.00,  0.049, 227.49,  0.020, 159.78,  0.049, 264.17,  0.084, 172.45,  0.060, 211.29,  0.028, 351.87,  0.103, 316.19,  0.064, 331.82,  0.014, 306.03,  0.044, 305.84,-99.000, -99.00,-99.000, -99.00,-99.000, -99.00,-99.000, -99.00,
9/16/2006 01:50:00,  9.6,276.2,  3.0,  2.6, 18.818, 29.49,  0.0,  0.0,  0.103, 343.14,  0.090, 319.05,  0.046, 317.64,  0.034,  42.61,  0.092, 183.11,  0.022, 329.93,  0.023, 300.96,  0.049, 247.11,  0.135, 285.48,  0.097, 292.35,  0.056, 271.02,  0.087, 260.75,  0.096, 298.71,  0.149, 347.64,  0.031,  73.30,  0.032, 241.82,-99.000, -99.00,-99.000, -99.00,-99.000, -99.00,-99.000, -99.00,
9/16/2006 01:55:00,  9.6,276.2,  3.0,  2.5, 18.819, 29.49,  0.0,  0.0,  0.036, 265.24,  0.034, 153.43,  0.099, 298.38,  0.100, 299.89,  0.037, 249.62,  0.047, 236.31,  0.018, 270.00,  0.065, 263.85,  0.140, 304.82,  0.079, 276.58,  0.036, 320.60,  0.105, 286.02,  0.078, 191.89,  0.082, 326.89,  0.014,  24.78,  0.067, 195.48,-99.000, -99.00,-99.000, -99.00,-99.000, -99.00,-99.000, -99.00,
9/16/2006 02:00:00,  9.6,276.1,  3.0,  2.5, 18.816, 29.49,  0.0,  0.0,  0.040, 320.01,  0.046, 193.74,  0.064, 133.73,  0.001,  90.00,  0.054, 225.00,  0.085, 279.46,  0.131, 261.19,  0.038, 307.48,  0.100, 201.70,  0.064, 223.73,  0.045, 247.96,  0.049, 238.24,  0.108, 316.51,  0.129, 320.37,  0.033,  93.47,  0.059, 198.74,-99.000, -99.00,-99.000, -99.00,-99.000, -99.00,-99.000, -99.00,
9/16/2006 02:05:00,  9.6,276.1,  3.0,  2.5, 18.819, 29.49,  0.0,  0.0,  0.065, 287.04,  0.054, 334.86,  0.102,  57.40,  0.079, 330.52,  0.085, 299.58,  0.060, 213.42,  0.024, 235.01,  0.070, 243.80,  0.045, 267.46,  0.086, 259.99,  0.078, 284.04,  0.032, 208.18,  0.017, 273.37,  0.094, 340.02,  0.069,  17.65,  0.031, 125.75,-99.000, -99.00,-99.000, -99.00,-99.000, -99.00,-99.000, -99.00,
9/16/2006 02:10:00,  9.6,276.1,  3.0,  2.5, 18.821, 29.49,  0.0,  0.0,  0.040, 330.26,  0.023, 344.74,  0.021, 289.29,  0.030,  78.31,  0.067, 324.16,  0.094, 318.47,  0.069, 324.46,  0.033, 301.26,  0.101, 164.45,  0.054, 207.51,  0.096, 291.47,  0.050, 226.64,  0.089, 316.82,  0.129, 329.26,  0.086, 356.01,  0.127, 226.91,-99.000, -99.00,-99.000, -99.00,-99.000, -99.00,-99.000, -99.00,
9/16/2006 02:15:00,  9.6,276.1,  3.0,  2.6, 18.817, 29.49,  0.0,  0.0,  0.060, 299.15,  0.106,  35.79,  0.129, 301.35,  0.134, 269.14,  0.047, 270.00,  0.043, 266.01,  0.029, 358.03,  0.108, 248.89,  0.099, 231.97,  0.107, 289.11,  0.044, 223.15,  0.046, 229.40,  0.108, 295.85,  0.102, 276.78,  0.044, 260.75,  0.105, 245.87,-99.000, -99.00,-99.000, -99.00,-99.000, -99.00,-99.000, -99.00,
9/16/2006 02:20:00,  9.6,276.1,  3.0,  2.5, 18.828, 29.48,  0.0,  0.0,  0.038, 256.33,  0.118, 302.88,  0.046, 302.66,  0.036, 257.12,  0.005, 201.80,  0.076, 270.75,  0.034, 287.35,  0.066, 248.84,  0.059, 291.80,  0.013, 122.47,  0.040, 225.00,  0.031,  65.10,  0.063,  41.78,  0.038, 293.20,  0.080, 291.14,  0.146, 270.00,-99.000, -99.00,-99.000, -99.00,-99.000, -99.00,-99.000, -99.00,
9/16/2006 02:25:00,  9.6,276.1,  3.0,  2.5, 18.823, 29.48,  0.0,  0.0,  0.079, 322.70,  0.103, 260.54,  0.045, 262.41,  0.100,  18.07,  0.113, 329.12,  0.095, 306.03,  0.116, 299.44,  0.080, 257.01,  0.221, 288.19,  0.105, 262.87,  0.077, 255.78,  0.127, 199.29,  0.091, 245.97,  0.087, 290.94,  0.068, 292.43,  0.081, 258.55,-99.000, -99.00,-99.000, -99.00,-99.000, -99.00,-99.000, -99.00,
9/16/2006 02:30:00,  9.6,276.1,  3.0,  2.6, 18.820, 29.48,  0.0,  0.0,  0.059, 236.85,  0.053, 252.58,  0.078, 313.96,  0.015,  66.80,  0.043, 330.42,  0.024, 260.54,  0.107, 209.68,  0.041, 189.93,  0.108, 247.22,  0.194, 256.25,  0.160, 292.73,  0.055, 258.49,  0.084, 308.23,  0.095, 314.14,  0.033,  14.04,  0.078, 202.62,-99.000, -99.00,-99.000, -99.00,-99.000, -99.00,-99.000, -99.00,
9/16/2006 02:35:00,  9.6,276.1,  3.0,  2.5, 18.833, 29.48,  0.0,  0.0,  0.062, 276.44,  0.028,  12.53,  0.133, 256.07,  0.065, 205.39,  0.038, 204.57,  0.061, 207.41,  0.045, 212.28,  0.111, 283.03,  0.059, 246.93,  0.009, 125.54,  0.045, 223.21,  0.130, 233.75,  0.067, 270.00,  0.070, 308.66,  0.034, 233.47,  0.048, 124.02,-99.000, -99.00,-99.000, -99.00,-99.000, -99.00,-99.000, -99.00,
9/16/2006 02:40:00,  9.6,276.2,  3.0,  2.6, 18.822, 29.47,  0.0,  0.0,  0.057,   8.13,  0.030, 258.31,  0.088, 341.36,  0.042, 120.26,  0.044, 212.97,  0.151, 303.69,  0.086, 276.71,  0.099, 212.25,  0.056, 257.69,  0.049, 240.83,  0.121, 270.95,  0.096, 257.99,  0.022, 226.85,  0.057, 346.93,  0.089, 342.99,  0.053, 232.70,-99.000, -99.00,-99.000, -99.00,-99.000, -99.00,-99.000, -99.00,
9/16/2006 02:45:00,  9.6,276.1,  3.0,  2.6, 18.824, 29.47,  0.0,  0.0,  0.118, 318.45,  0.069,  30.26,  0.009,  69.44,  0.098, 235.82,  0.059, 289.65,  0.126, 305.96,  0.144, 227.81,  0.078, 272.94,  0.074, 302.83,  0.116, 256.08,  0.067, 211.55,  0.130, 313.13,  0.075, 236.94,  0.029, 316.40,  0.081, 257.86,  0.117, 210.29,-99.000, -99.00,-99.000, -99.00,-99.000, -99.00,-99.000, -99.00,
9/16/2006 02:50:00,  9.6,276.1,  3.0,  2.5, 18.820, 29.47,  0.0,  0.0,  0.062,  48.90,  0.029,   0.00,  0.095, 342.14,  0.018, 326.31,  0.035, 242.70,  0.057, 223.57,  0.118, 264.63,  0.153, 249.66,  0.120, 233.13,  0.118, 196.28,  0.001,   0.00,  0.032, 318.81,  0.061, 195.17,  0.053, 150.52,  0.071, 270.00,  0.114, 219.29,-99.000, -99.00,-99.000, -99.00,-99.000, -99.00,-99.000, -99.00,
9/16/2006 02:55:00,  9.6,276.2,  3.0,  2.5, 18.820, 29.47,  0.0,  0.0,  0.038, 246.80,  0.036, 274.76,  0.099, 324.06,  0.071, 295.84,  0.027, 208.44,  0.049, 105.46,  0.074, 300.70,  0.128, 265.09,  0.050, 231.52,  0.048, 250.43,  0.085, 309.72,  0.101, 297.07,  0.094, 288.63,  0.167, 299.32,  0.077, 293.89,  0.105, 218.83,-99.000, -99.00,-99.000, -99.00,-99.000, -99.00,-99.000, -99.00,
9/16/2006 03:00:00,  9.6,276.1,  3.0,  2.5, 18.823, 29.47,  0.0,  0.0,  0.063,  27.38,  0.045, 332.30,  0.081, 341.34,  0.131, 277.45,  0.069, 300.26,  0.069, 264.21,  0.085, 236.50,  0.060, 262.28,  0.055, 279.46,  0.048, 264.05,  0.165, 280.49,  0.067, 261.38,  0.068, 319.76,  0.138, 344.05,  0.012, 294.44,  0.065, 180.00,-99.000, -99.00,-99.000, -99.00,-99.000, -99.00,-99.000, -99.00,
9/16/2006 03:05:00,  9.6,276.1,  3.0,  2.6, 18.811, 29.47,  0.0,  0.0,  0.057,  49.29,  0.041,  14.04,  0.138, 348.28,  0.011, 311.19,  0.075, 319.32,  0.055, 257.47,  0.037, 246.19,  0.032, 338.20,  0.054, 307.50,  0.052, 310.36,  0.042, 282.38,  0.081, 288.66,  0.025, 316.64,  0.028, 345.47,  0.018,   3.18,  0.064, 224.37,-99.000, -99.00,-99.000, -99.00,-99.000, -99.00,-99.000, -99.00,
9/16/2006 03:10:00,  9.6,276.1,  3.0,  2.5, 18.825, 29.47,  0.0,  0.0,  0.047,  45.86,  0.067,   7.77,  0.027, 357.88,  0.087,  23.63,  0.086, 317.37,  0.075, 254.48,  0.057, 219.29,  0.105, 288.26,  0.145, 290.56,  0.113, 296.34,  0.089, 318.21,  0.160, 302.01,  0.087, 267.37,  0.067, 291.96,  0.119, 297.00,  0.091, 259.92,-99.000, -99.00,-99.000, -99.00,-99.000, -99.00,-99.000, -99.00,
9/16/2006 03:15:00,  9.6,276.1,  3.0,  2.6, 18.821, 29.47,  0.0,  0.0,  0.034, 348.02,  0.044, 133.15,  0.032, 245.85,  0.060,  31.29,  0.019,  90.00,  0.096, 318.37,  0.085, 262.54,  0.140, 238.12,  0.109, 202.09,  0.098, 304.66,  0.056, 259.70,  0.073, 289.18,  0.036, 215.91,  0.077, 311.33,  0.016, 190.62,  0.062, 213.18,-99.000, -99.00,-99.000, -99.00,-99.000, -99.00,-99.000, -99.00,
9/16/2006 03:20:00,  9.6,276.2,  3.0,  2.6, 18.820, 29.47,  0.0,  0.0,  0.084,   5.44,  0.017, 229.76,  0.098, 304.66,  0.034, 229.76,  0.105, 300.96,  0.059, 280.74,  0.048, 303.02,  0.072, 285.40,  0.065, 267.36,  0.121, 264.29,  0.122, 254.25,  0.080, 312.47,  0.116, 288.59,  0.099, 268.26,  0.069, 288.70,  0.158, 226.53,-99.000, -99.00,-99.000, -99.00,-99.000, -99.00,-99.000, -99.00,
9/16/2006 03:25:00,  9.6,276.2,  3.0,  2.5, 18.811, 29.47,  0.0,  0.0,  0.045, 321.34,  0.023,  17.65,  0.093, 347.01,  0.060,  29.98,  0.026, 322.70,  0.066, 337.71,  0.038, 222.88,  0.139, 257.16,  0.081, 318.01,  0.036, 296.57,  0.078, 315.52,  0.094, 304.20,  0.046, 285.26,  0.038, 297.90,  0.074, 300.70,  0.079, 287.74,-99.000, -99.00,-99.000, -99.00,-99.000, -99.00,-99.000, -99.00,
9/16/2006 03:30:00,  9.6,276.1,  3.0,  2.5, 18.804, 29.46,  0.0,  0.0,  0.095, 335.06,  0.140, 277.38,  0.135, 305.34,  0.020, 278.53,  0.131, 338.93,  0.075, 335.49,  0.114, 287.80,  0.070, 302.78,  0.032, 270.00,  0.105, 282.06,  0.052, 267.80,  0.101, 256.79,  0.103, 270.00,  0.135, 291.80,  0.127, 303.44,  0.050, 292.44,-99.000, -99.00,-99.000, -99.00,-99.000, -99.00,-99.000, -99.00,
9/16/2006 03:35:00,  9.6,276.1,  3.0,  2.6, 18.810, 29.46,  0.0,  0.0,  0.138, 340.12,  0.142, 306.38,  0.070, 271.64,  0.041, 233.97,  0.056, 262.87,  0.111, 245.51,  0.131, 266.07,  0.169, 255.64,  0.126, 247.10,  0.166, 283.62,  0.112, 306.25,  0.078, 330.16,  0.027, 276.34,  0.079, 302.08,  0.019, 304.51,  0.070, 292.56,-99.000, -99.00,-99.000, -99.00,-99.000, -99.00,-99.000, -99.00,
9/16/2006 03:40:00,  9.6,276.1,  3.0,  2.5, 18.820, 29.46,  0.0,  0.0,  0.149, 350.35,  0.074, 316.64,  0.090, 355.55,  0.060, 276.65,  0.106, 275.98,  0.102, 276.78,  0.135, 268.73,  0.054, 257.24,  0.102, 287.02,  0.118, 302.21,  0.160, 281.87,  0.177, 270.00,  0.114, 230.00,  0.071, 229.57,  0.102, 259.24,  0.126, 239.58,-99.000, -99.00,-99.000, -99.00,-99.000, -99.00,-99.000, -99.00,
9/16/2006 03:45:00,  9.6,276.1,  3.0,  2.5, 18.820, 29.46,  0.0,  0.0,  0.119, 300.22,  0.077, 280.44,  0.054,  64.86,  0.129, 314.69,  0.062, 314.34,  0.118, 291.35,  0.095, 294.15,  0.069, 227.34,  0.093, 224.56,  0.168, 322.24,  0.065, 286.19,  0.084, 276.87,  0.066, 291.48,  0.046,  27.12,  0.048, 349.16,  0.037, 180.00,-99.000, -99.00,-99.000, -99.00,-99.000, -99.00,-99.000, -99.00,
9/16/2006 03:50:00,  9.6,276.1,  3.0,  2.5, 18.811, 29.46,  0.0,  0.0,  0.132, 302.97,  0.066, 313.15,  0.228, 305.01,  0.130, 331.46,  0.113, 310.33,  0.102, 274.48,  0.154, 271.12,  0.149, 259.97,  0.132, 226.85,  0.052, 242.45,  0.121, 293.82,  0.071, 303.47,  0.059, 329.53,  0.052, 301.53,  0.126, 296.97,  0.068, 276.71,-99.000, -99.00,-99.000, -99.00,-99.000, -99.00,-99.000, -99.00,
9/16/2006 03:55:00,  9.6,276.2,  3.0,  2.6, 18.808, 29.46,  0.0,  0.0,  0.045, 239.47,  0.074, 331.70,  0.063, 303.94,  0.137, 287.90,  0.042,  11.04,  0.091, 298.26,  0.059, 217.45,  0.071, 256.94,  0.108, 348.79,  0.033, 287.88,  0.064, 308.66,  0.050, 357.71,  0.108, 330.12,  0.116, 319.56,  0.161, 334.55,  0.078, 245.07,-99.000, -99.00,-99.000, -99.00,-99.000, -99.00,-99.000, -99.00,
9/16/2006 04:00:00,  9.6,276.2,  3.0,  2.5, 18.804, 29.46,  0.0,  0.0,  0.142, 308.72,  0.128, 318.81,  0.151, 308.01,  0.119, 315.68,  0.080, 255.44,  0.096, 296.57,  0.049, 299.17,  0.057, 277.00,  0.103, 277.82,  0.050, 286.26,  0.022,  76.61,  0.103, 305.54,  0.045, 326.66,  0.064, 293.78,  0.095, 295.49,  0.124, 232.21,-99.000, -99.00,-99.000, -99.00,-99.000, -99.00,-99.000, -99.00,
9/16/2006 04:05:00,  9.6,276.1,  3.0,  2.5, 18.818, 29.46,  0.0,  0.0,  0.059,  29.62,  0.058, 229.18,  0.161, 333.43,  0.047, 213.69,  0.058, 289.06,  0.108, 291.80,  0.117, 285.34,  0.044, 232.35,  0.035, 193.24,  0.110, 268.96,  0.058, 267.04,  0.071, 287.16,  0.072, 291.21,  0.087, 269.34,  0.099, 310.10,  0.089, 203.96,-99.000, -99.00,-99.000, -99.00,-99.000, -99.00,-99.000, -99.00,
9/16/2006 04:10:00,  9.6,276.1,  3.0,  2.5, 18.808, 29.45,  0.0,  0.0,  0.189, 279.46,  0.114, 310.38,  0.126, 274.54,  0.148, 293.10,  0.118, 251.26,  0.025, 274.57,  0.045, 332.30,  0.044, 268.70,  0.029, 324.69,  0.055, 298.44,  0.076, 274.51,  0.074, 278.57,  0.090, 280.93,  0.078, 300.84,  0.109, 329.67,  0.059, 236.85,-99.000, -99.00,-99.000, -99.00,-99.000, -99.00,-99.000, -99.00,
9/16/2006 04:15:00,  9.6,276.1,  3.0,  2.5, 18.798, 29.45,  0.0,  0.0,  0.152, 309.13,  0.115, 288.28,  0.135, 310.19,  0.074, 340.35,  0.047, 288.43,  0.116, 283.92,  0.140, 255.96,  0.126, 266.37,  0.084, 353.13,  0.168, 330.85,  0.114, 334.11,  0.016, 262.87,  0.071, 299.45,  0.038, 286.99,  0.068, 333.81,  0.042, 208.39,-99.000, -99.00,-99.000, -99.00,-99.000, -99.00,-99.000, -99.00,
9/16/2006 04:20:00,  9.6,276.1,  3.0,  2.5, 18.809, 29.45,  0.0,  0.0,  0.018,  45.00,  0.085, 287.15,  0.041, 354.43,  0.056, 349.70,  0.030,  13.57,  0.166, 310.11,  0.144, 296.74,  0.084, 305.78,  0.102, 272.81,  0.028, 278.13,  0.138, 301.96,  0.139, 272.47,  0.070, 312.11,  0.117, 315.00,  0.110, 281.51,  0.098, 246.04,-99.000, -99.00,-99.000, -99.00,-99.000, -99.00,-99.000, -99.00,
9/16/2006 04:25:00,  9.6,276.1,  3.0,  2.6, 18.800, 29.42,  0.0,  0.0,  0.053, 235.71,  0.109, 309.81,  0.157, 314.48,  0.141, 320.45,  0.107, 255.96,  0.113, 319.29,  0.090, 339.74,  0.071, 281.31,  0.069, 311.50,  0.078, 325.49,  0.158, 318.34,  0.108, 307.50,  0.122, 284.26,  0.150, 304.43,  0.094, 302.01,  0.119, 268.07,-99.000, -99.00,-99.000, -99.00,-99.000, -99.00,-99.000, -99.00,
9/16/2006 04:30:00,  9.6,276.1,  3.0,  2.6, 18.810, 29.41,  0.0,  0.0,  0.087, 339.06,  0.047, 300.96,  0.063, 331.39,  0.098,  12.34,  0.036, 282.88,  0.068, 313.81,  0.071, 286.39,  0.106, 292.20,  0.100, 285.00,  0.119, 302.62,  0.073, 321.10,  0.057, 254.74,  0.112, 274.59,  0.119, 253.39,  0.100, 260.26,  0.122, 275.66,-99.000, -99.00,-99.000, -99.00,-99.000, -99.00,-99.000, -99.00,
9/16/2006 04:35:00,  9.6,276.1,  3.0,  2.6, 18.794, 29.39,  0.0,  0.0,  0.100,  28.11,  0.117, 288.90,  0.075, 310.10,  0.115, 306.87,  0.074, 298.30,  0.175, 305.96,  0.149, 281.99,  0.114, 279.63,  0.141, 286.50,  0.078, 325.49,  0.102, 264.96,  0.088, 315.00,  0.055, 291.41,  0.119, 269.52,  0.067, 227.44,  0.039, 281.89,-99.000, -99.00,-99.000, -99.00,-99.000, -99.00,-99.000, -99.00,
9/16/2006 04:40:00,  9.6,276.1,  3.0,  2.6, 18.800, 29.38,  0.0,  0.0,  0.163, 290.89,  0.188, 302.85,  0.115, 300.79,  0.058, 341.88,  0.115, 337.46,  0.128, 302.57,  0.223, 292.42,  0.149, 273.84,  0.111, 291.04,  0.168, 307.49,  0.089, 288.43,  0.097, 283.75,  0.128, 265.98,  0.075, 287.95,  0.155, 310.80,  0.121, 268.11,-99.000, -99.00,-99.000, -99.00,-99.000, -99.00,-99.000, -99.00,
9/16/2006 04:45:00,  9.6,276.1,  3.0,  2.6, 18.783, 29.37,  0.0,  0.0,  0.117, 329.29,  0.085,  20.79,  0.120, 327.24,  0.065, 347.47,  0.092, 319.87,  0.099, 269.42,  0.168, 285.85,  0.139, 286.74,  0.097, 306.63,  0.164, 293.29,  0.181, 287.03,  0.174, 279.25,  0.117, 275.91,  0.058, 303.69,  0.143, 320.96,  0.115, 244.32,-99.000, -99.00,-99.000, -99.00,-99.000, -99.00,-99.000, -99.00,
9/16/2006 04:50:00,  9.6,276.0,  3.0,  2.5, 18.778, 29.37,  0.0,  0.0,  0.120, 323.80,  0.111, 300.96,  0.124, 326.18,  0.073,  13.47,  0.110, 344.20,  0.034, 249.44,  0.078, 264.14,  0.145, 264.05,  0.145, 262.09,  0.114, 284.16,  0.176, 287.20,  0.138, 276.25,  0.131, 253.64,  0.095, 282.14,  0.054, 274.24,  0.022, 275.19,-99.000, -99.00,-99.000, -99.00,-99.000, -99.00,-99.000, -99.00,
9/16/2006 04:55:00,  9.6,276.1,  3.0,  2.5, 18.778, 29.36,  0.0,  0.0,  0.219, 278.65,  0.158, 347.98,  0.130, 352.49,  0.113, 326.87,  0.140, 296.38,  0.050, 282.65,  0.051, 294.54,  0.154, 280.07,  0.162, 263.27,  0.200, 274.31,  0.201, 270.57,  0.175, 280.54,  0.135, 265.76,  0.090, 282.18,  0.116, 330.13,  0.088, 227.77,-99.000, -99.00,-99.000, -99.00,-99.000, -99.00,-99.000, -99.00,
9/16/2006 05:00:00,  9.6,276.2,  3.0,  2.5, 18.793, 29.36,  0.0,  0.0,  0.100, 301.16,  0.116, 318.86,  0.137, 333.62,  0.131, 281.48,  0.081, 332.18,  0.092, 295.17,  0.055, 298.44,  0.193, 302.29,  0.110, 254.70,  0.139, 288.43,  0.179, 258.38,  0.194, 275.03,  0.169, 300.67,  0.024, 294.44,  0.046, 299.90,  0.139, 263.80,-99.000, -99.00,-99.000, -99.00,-99.000, -99.00,-99.000, -99.00,
9/16/2006 05:05:00,  9.6,276.1,  3.0,  2.6, 18.790, 29.36,  0.0,  0.0,  0.165, 321.39,  0.178, 303.78,  0.133, 262.23,  0.159, 292.20,  0.144, 273.58,  0.088, 314.08,  0.214, 274.83,  0.176, 277.85,  0.174, 270.33,  0.155, 277.03,  0.144, 259.16,  0.242, 278.57,  0.187, 278.00,  0.083, 281.85,  0.077,   4.46,  0.076, 192.20,-99.000, -99.00,-99.000, -99.00,-99.000, -99.00,-99.000, -99.00,
9/16/2006 05:10:00,  9.6,276.0,  3.0,  2.5, 18.780, 29.37,  0.0,  0.0,  0.213, 335.85,  0.152, 323.58,  0.235, 324.89,  0.140, 318.47,  0.137, 301.61,  0.170, 254.66,  0.180, 260.07,  0.233, 268.77,  0.256, 267.09,  0.211, 270.81,  0.096, 264.64,  0.088, 254.86,  0.069, 288.70,  0.044, 154.59,  0.030, 275.71,  0.050, 181.15,-99.000, -99.00,-99.000, -99.00,-99.000, -99.00,-99.000, -99.00,
9/16/2006 05:15:00,  9.6,276.1,  3.0,  2.6, 18.783, 29.38,  0.0,  0.0,  0.094, 279.16,  0.180, 292.57,  0.172, 270.67,  0.151, 276.84,  0.214, 298.72,  0.149, 269.62,  0.266, 287.07,  0.279, 276.39,  0.207, 271.94,  0.239, 258.17,  0.183, 274.40,  0.146, 251.19,  0.182, 274.74,  0.101, 203.27,  0.033, 211.26,  0.070, 231.98,-99.000, -99.00,-99.000, -99.00,-99.000, -99.00,-99.000, -99.00,
9/16/2006 05:20:00,  9.6,276.1,  3.0,  2.6, 18.770, 29.38,  0.0,  0.0,  0.156, 317.60,  0.191, 308.85,  0.252, 310.97,  0.251, 304.45,  0.176, 291.01,  0.225, 292.80,  0.282, 276.92,  0.241, 266.44,  0.296, 245.68,  0.296, 262.42,  0.124, 260.23,  0.120, 281.03,  0.063, 219.23,  0.126, 162.43,  0.133, 146.07,  0.065, 168.52,-99.000, -99.00,-99.000, -99.00,-99.000, -99.00,-99.000, -99.00,
9/16/2006 05:25:00,  9.6,276.1,  3.0,  2.5, 18.764, 29.40,  0.0,  0.0,  0.115, 318.16,  0.183, 263.11,  0.216, 283.65,  0.195, 306.05,  0.132, 312.24,  0.183, 271.25,  0.239, 283.28,  0.221, 295.17,  0.188, 272.44,  0.189, 270.61,  0.163, 264.36,  0.158, 278.75,  0.119, 231.49,  0.172, 181.67,  0.152, 151.75,  0.097, 146.31,-99.000, -99.00,-99.000, -99.00,-99.000, -99.00,-99.000, -99.00,
9/16/2006 05:30:00,  9.6,276.1,  3.0,  2.6, 18.759, 29.41,  0.0,  0.0,  0.127, 308.94,  0.128, 307.05,  0.112, 297.02,  0.158, 309.34,  0.198, 307.22,  0.210, 297.78,  0.244, 285.46,  0.222, 276.74,  0.193, 277.46,  0.200, 280.07,  0.213, 272.15,  0.267, 287.69,  0.217, 291.61,  0.170, 301.25,  0.136, 287.50,  0.115, 271.00,-99.000, -99.00,-99.000, -99.00,-99.000, -99.00,-99.000, -99.00,
9/16/2006 05:35:00,  9.6,276.1,  3.0,  2.5, 18.765, 29.42,  0.0,  0.0,  0.139, 295.09,  0.166, 318.17,  0.160, 337.27,  0.140, 325.18,  0.192, 320.92,  0.201, 303.22,  0.173, 279.30,  0.160, 286.29,  0.207, 299.16,  0.084, 269.32,  0.139, 247.51,  0.109, 257.87,  0.155, 309.24,  0.183, 313.89,  0.143, 301.24,  0.213, 289.80,-99.000, -99.00,-99.000, -99.00,-99.000, -99.00,-99.000, -99.00,
9/16/2006 05:40:00,  9.5,276.1,  3.0,  2.5, 18.758, 29.42,  0.0,  0.0,  0.195, 340.54,  0.232, 330.01,  0.096, 285.05,  0.204, 275.63,  0.214, 281.57,  0.106, 266.22,  0.108, 272.65,  0.215, 296.80,  0.134, 260.12,  0.140, 279.87,  0.069, 299.54,  0.103, 277.26,  0.122, 284.72,  0.115, 287.65,  0.089, 242.57,  0.060, 212.11,-99.000, -99.00,-99.000, -99.00,-99.000, -99.00,-99.000, -99.00,
9/16/2006 05:45:00,  9.5,276.1,  3.0,  2.5, 18.752, 29.43,  0.0,  0.0,  0.052,   8.91,  0.029, 254.05,  0.077, 215.97,  0.110, 296.57,  0.094, 270.00,  0.188, 248.48,  0.190, 259.10,  0.158, 272.54,  0.126, 301.67,  0.088, 289.26,  0.070, 252.60,  0.072, 258.85,  0.138, 265.86,  0.153, 242.43,  0.120, 268.09,  0.090, 232.24,-99.000, -99.00,-99.000, -99.00,-99.000, -99.00,-99.000, -99.00,
9/16/2006 05:50:00,  9.5,276.1,  3.0,  2.6, 18.748, 29.43,  0.0,  0.0,  0.114, 321.42,  0.198, 338.09,  0.237, 307.64,  0.154, 271.86,  0.252, 265.44,  0.101, 254.45,  0.066, 249.65,  0.125, 240.37,  0.022, 200.85,  0.152, 180.00,  0.210, 176.19,  0.140, 184.93,  0.212, 198.43,  0.157, 199.36,  0.105, 149.04,  0.080, 139.55,-99.000, -99.00,-99.000, -99.00,-99.000, -99.00,-99.000, -99.00,
9/16/2006 05:55:00,  9.5,276.2,  3.0,  2.5, 18.743, 29.43,  0.0,  0.0,  0.182, 297.83,  0.190, 280.90,  0.135, 283.73,  0.204, 292.17,  0.202, 300.62,  0.176, 280.80,  0.232, 299.78,  0.180, 311.85,  0.160, 287.08,  0.200, 273.15,  0.170, 271.01,  0.180, 281.19,  0.116, 272.96,  0.170, 286.73,  0.120, 250.96,  0.083, 261.67,-99.000, -99.00,-99.000, -99.00,-99.000, -99.00,-99.000, -99.00,
9/16/2006 06:00:00,  9.5,276.1,  3.0,  2.6, 18.737, 29.43,  0.0,  0.0,  0.190, 346.62,  0.114,   2.51,  0.096, 322.18,  0.066,  51.75,  0.114, 282.20,  0.153, 304.32,  0.183, 299.08,  0.196, 274.11,  0.252, 279.13,  0.258, 276.46,  0.186, 274.64,  0.210, 253.98,  0.202, 245.72,  0.187, 258.57,  0.124, 278.33,  0.091, 190.08,-99.000, -99.00,-99.000, -99.00,-99.000, -99.00,-99.000, -99.00,
9/16/2006 06:05:00,  9.5,276.1,  3.0,  2.6, 18.728, 29.43,  0.0,  0.0,  0.174, 316.86,  0.199, 313.17,  0.270, 323.89,  0.253, 312.59,  0.169, 309.24,  0.145, 287.19,  0.112, 277.70,  0.169, 286.83,  0.191, 251.66,  0.174, 280.60,  0.236, 275.11,  0.200, 270.86,  0.172, 249.25,  0.184, 246.92,  0.119, 273.37,  0.110, 255.20,-99.000, -99.00,-99.000, -99.00,-99.000, -99.00,-99.000, -99.00,
9/16/2006 06:10:00,  9.5,276.1,  3.0,  2.6, 18.725, 29.43,  0.0,  0.0,  0.153, 343.34,  0.084, 336.80,  0.169, 337.69,  0.111,  21.71,  0.152, 349.80,  0.066, 310.70,  0.129, 273.55,  0.144, 272.39,  0.163, 310.53,  0.206, 308.09,  0.183, 282.60,  0.114, 254.26,  0.129, 262.00,  0.203, 269.72,  0.214, 276.16,  0.084, 258.96,-99.000, -99.00,-99.000, -99.00,-99.000, -99.00,-99.000, -99.00,
9/16/2006 06:15:00,  9.5,276.0,  3.0,  2.5, 18.720, 29.44,  0.0,  0.0,  0.094, 336.16,  0.107, 327.65,  0.092, 311.48,  0.119, 295.48,  0.056, 321.50,  0.103, 291.08,  0.096, 294.69,  0.086, 293.29,  0.166, 326.02,  0.089, 298.30,  0.204, 292.79,  0.200, 289.89,  0.123, 274.18,  0.173, 255.64,  0.123, 261.15,  0.041, 207.82,-99.000, -99.00,-99.000, -99.00,-99.000, -99.00,-99.000, -99.00,
9/16/2006 06:20:00,  9.5,276.0,  3.0,  2.5, 18.717, 29.44,  0.0,  0.0,  0.058, 337.83,  0.054,   8.58,  0.118, 347.74,  0.162, 322.00,  0.167, 336.04,  0.125, 335.90,  0.211, 318.46,  0.154, 266.28,  0.093, 272.46,  0.207, 280.60,  0.184, 255.21,  0.167, 257.55,  0.178, 291.80,  0.115, 240.32,  0.091, 259.92,  0.040, 274.29,-99.000, -99.00,-99.000, -99.00,-99.000, -99.00,-99.000, -99.00,
9/16/2006 06:25:00,  9.5,276.0,  3.0,  2.6, 18.720, 29.44,  0.0,  0.0,  0.112, 356.93,  0.105, 276.04,  0.166, 321.12,  0.103, 304.77,  0.068, 294.30,  0.103, 323.69,  0.162, 308.00,  0.131, 283.72,  0.142, 292.40,  0.223, 281.92,  0.223, 248.96,  0.230, 231.53,  0.214, 248.10,  0.190, 261.23,  0.176, 284.83,  0.119, 264.67,-99.000, -99.00,-99.000, -99.00,-99.000, -99.00,-99.000, -99.00,
9/16/2006 06:30:00,  9.5,276.0,  3.0,  2.6, 18.716, 29.45,  0.0,  0.0,  0.049, 329.24,  0.041, 194.04,  0.014, 347.91,  0.090, 329.15,  0.130, 296.57,  0.097, 270.59,  0.188, 297.25,  0.144, 296.92,  0.130, 306.25,  0.148, 311.44,  0.137, 282.21,  0.126, 277.74,  0.120, 255.50,  0.185, 258.75,  0.158, 280.18,  0.129, 249.18,-99.000, -99.00,-99.000, -99.00,-99.000, -99.00,-99.000, -99.00,
9/16/2006 06:35:00,  9.5,276.1,  3.0,  2.6, 18.704, 29.45,  0.0,  0.0,  0.067, 336.12,  0.055, 331.56,  0.168,  16.27,  0.122, 339.94,  0.136, 302.99,  0.139, 286.34,  0.052, 221.08,  0.165, 297.81,  0.112, 260.79,  0.213, 290.65,  0.176, 284.12,  0.136, 268.74,  0.127, 270.45,  0.216, 259.88,  0.182, 287.54,  0.087, 316.40,-99.000, -99.00,-99.000, -99.00,-99.000, -99.00,-99.000, -99.00,
9/16/2006 06:40:00,  9.5,276.0,  3.0,  2.6, 18.701, 29.46,  0.0,  0.0,  0.082,  12.00,  0.056, 320.06,  0.124, 329.51,  0.052, 297.55,  0.107, 287.93,  0.139, 289.35,  0.191, 286.44,  0.157, 236.41,  0.154, 248.27,  0.158, 246.52,  0.141, 285.22,  0.146, 269.61,  0.198, 256.59,  0.171, 248.07,  0.151, 256.24,  0.138, 250.12,-99.000, -99.00,-99.000, -99.00,-99.000, -99.00,-99.000, -99.00,
9/16/2006 06:45:00,  9.5,276.1,  3.0,  2.6, 18.706, 29.46,  0.0,  0.0,  0.098, 330.83,  0.103, 161.39,  0.057, 270.00,  0.048, 192.01,  0.044, 316.85,  0.160, 249.86,  0.136, 240.41,  0.051, 267.75,  0.078, 287.05,  0.164, 292.65,  0.092, 255.51,  0.145, 252.81,  0.128, 238.04,  0.132, 253.22,  0.088, 287.82,  0.058, 252.82,-99.000, -99.00,-99.000, -99.00,-99.000, -99.00,-99.000, -99.00,
9/16/2006 06:50:00,  9.5,276.1,  3.0,  2.6, 18.705, 29.46,  0.0,  0.0,  0.104,  82.26,  0.137, 202.27,  0.086, 300.16,  0.052, 339.83,  0.124, 278.33,  0.009,  49.40,  0.103, 235.69,  0.124, 244.26,  0.102, 253.52,  0.062, 290.77,  0.073, 271.57,  0.133, 257.01,  0.192, 261.32,  0.188, 262.99,  0.149, 255.22,  0.088, 225.92,-99.000, -99.00,-99.000, -99.00,-99.000, -99.00,-99.000, -99.00,
9/16/2006 06:55:00,  9.5,276.1,  3.0,  2.5, 18.695, 29.46,  0.0,  0.0,  0.082, 327.48,  0.080,  31.70,  0.065, 358.24,  0.048, 184.76,  0.065, 172.00,  0.016, 307.57,  0.117, 285.81,  0.095, 240.18,  0.105, 243.92,  0.072, 243.79,  0.139, 265.03,  0.192, 278.68,  0.109, 263.14,  0.107, 273.74,  0.066, 255.12,  0.060, 267.14,-99.000, -99.00,-99.000, -99.00,-99.000, -99.00,-99.000, -99.00,
9/16/2006 07:00:00,  9.5,276.1,  3.0,  2.6, 18.687, 29.46,  0.0,  0.0,  0.150, 340.11,  0.086, 260.65,  0.102, 213.85,  0.074, 294.83,  0.078, 225.00,  0.153, 260.60,  0.122, 268.59,  0.134, 263.57,  0.106, 270.00,  0.116, 243.88,  0.146, 232.50,  0.145, 243.79,  0.156, 255.16,  0.137, 226.48,  0.080, 250.20,  0.084, 228.37,-99.000, -99.00,-99.000, -99.00,-99.000, -99.00,-99.000, -99.00,
9/16/2006 07:05:00,  9.5,275.9,  3.0,  2.6, 18.687, 29.46,  0.0,  0.0,  0.128, 315.95,  0.145, 254.81,  0.042, 270.00,  0.092, 319.87,  0.026,  30.58,  0.015,   7.59,  0.079, 263.42,  0.185, 273.40,  0.169, 272.03,  0.142, 278.53,  0.065, 275.27,  0.076, 277.59,  0.096, 235.15,  0.084, 225.48,  0.039, 228.12,  0.027, 272.12,-99.000, -99.00,-99.000, -99.00,-99.000, -99.00,-99.000, -99.00,
9/16/2006 07:10:00,  9.5,276.1,  3.0,  2.6, 18.686, 29.46,  0.0,  0.0,  0.111, 273.09,  0.157, 256.76,  0.113, 268.99,  0.083, 240.34,  0.031, 155.10,  0.086, 260.65,  0.028, 282.53,  0.092, 265.03,  0.116, 232.34,  0.110, 268.44,  0.109, 267.90,  0.064, 250.71,  0.139, 270.41,  0.142, 245.96,  0.092, 250.97,  0.031, 292.48,-99.000, -99.00,-99.000, -99.00,-99.000, -99.00,-99.000, -99.00,
9/16/2006 07:15:00,  9.5,276.1,  3.0,  2.5, 18.688, 29.45,  0.0,  0.0,  0.152, 273.39,  0.086, 240.75,  0.076, 163.23,  0.096, 232.65,  0.129, 262.87,  0.123, 303.43,  0.102, 272.81,  0.085, 254.33,  0.125, 227.91,  0.014, 230.71,  0.073, 267.65,  0.044, 251.57,  0.122, 228.99,  0.131, 257.23,  0.062, 240.95,  0.043, 204.78,-99.000, -99.00,-99.000, -99.00,-99.000, -99.00,-99.000, -99.00,
9/16/2006 07:20:00,  9.5,276.1,  3.0,  2.5, 18.685, 29.45,  0.0,  0.0,  0.034, 334.18,  0.090, 218.66,  0.104, 263.35,  0.084, 244.65,  0.080, 267.85,  0.089, 248.92,  0.100, 270.57,  0.071, 227.29,  0.092, 248.43,  0.134, 239.40,  0.064, 262.76,  0.060, 308.21,  0.067, 273.42,  0.033, 287.88,  0.089, 161.57,  0.053, 159.19,-99.000, -99.00,-99.000, -99.00,-99.000, -99.00,-99.000, -99.00,
9/16/2006 07:25:00,  9.5,276.1,  3.0,  2.5, 18.675, 29.45,  0.0,  0.0,  0.052, 185.49,  0.134, 211.55,  0.082, 186.26,  0.037, 254.48,  0.147, 297.96,  0.079, 319.09,  0.054, 308.99,  0.045, 288.03,  0.037, 246.19,  0.076, 260.17,  0.062, 318.29,  0.086, 326.86,  0.122, 259.15,  0.150, 220.39,  0.062, 264.47,  0.035, 216.87,-99.000, -99.00,-99.000, -99.00,-99.000, -99.00,-99.000, -99.00,
9/16/2006 07:30:00,  9.5,276.0,  3.0,  2.5, 18.681, 29.43,  0.0,  0.0,  0.049, 194.32,  0.113, 236.17,  0.083, 251.13,  0.062, 270.00,  0.075, 292.80,  0.107, 335.60,  0.115, 277.00,  0.121, 256.08,  0.024, 350.54,  0.086, 312.18,  0.059, 261.18,  0.124, 296.77,  0.054, 274.24,  0.107, 204.40,  0.070, 175.10,  0.016, 270.00,-99.000, -99.00,-99.000, -99.00,-99.000, -99.00,-99.000, -99.00,
9/16/2006 07:35:00,  9.5,276.1,  3.0,  2.5, 18.667, 29.41,  0.0,  0.0,  0.167, 229.14,  0.141, 185.31,  0.059, 313.64,  0.041, 129.09,  0.063, 348.16,  0.076, 311.26,  0.105, 216.11,  0.065, 273.52,  0.142, 297.29,  0.131, 307.57,  0.103, 260.54,  0.107, 259.74,  0.092, 271.87,  0.068, 211.83,  0.046, 315.88,  0.084, 207.79,-99.000, -99.00,-99.000, -99.00,-99.000, -99.00,-99.000, -99.00,
9/16/2006 07:40:00,  9.5,276.1,  3.0,  2.5, 18.665, 29.40,  0.0,  0.0,  0.110, 190.49,  0.080, 185.71,  0.041, 161.57,  0.086, 190.66,  0.025, 248.63,  0.073, 295.16,  0.035, 178.36,  0.015, 344.05,  0.077, 242.10,  0.098, 195.31,  0.058, 287.18,  0.077, 302.24,  0.053, 188.75,  0.062,  94.61,  0.050,  12.65,  0.053, 213.39,-99.000, -99.00,-99.000, -99.00,-99.000, -99.00,-99.000, -99.00,
9/16/2006 07:45:00,  9.5,276.1,  3.0,  2.6, 18.660, 29.38,  0.0,  0.0,  0.156, 189.22,  0.040, 159.27,  0.137, 246.42,  0.059, 270.00,  0.052, 172.33,  0.095,   1.81,  0.020, 255.26,  0.015, 180.00,  0.076, 276.01,  0.102, 258.14,  0.076, 232.52,  0.072, 297.98,  0.183, 287.15,  0.144, 266.82,  0.083, 237.85,  0.113, 239.56,-99.000, -99.00,-99.000, -99.00,-99.000, -99.00,-99.000, -99.00,
9/16/2006 07:50:00,  9.5,276.0,  3.0,  2.5, 18.663, 29.37,  0.0,  0.0,  0.040, 161.11,  0.117, 165.61,  0.063, 207.38,  0.158, 133.20,  0.116, 137.10,  0.023, 307.87,  0.042, 145.56,  0.042, 195.02,  0.042, 213.31,  0.071, 229.57,  0.107, 242.72,  0.092, 256.87,  0.121, 239.61,  0.117, 286.89,  0.077, 274.46,  0.054, 205.14,-99.000, -99.00,-99.000, -99.00,-99.000, -99.00,-99.000, -99.00,
9/16/2006 07:55:00,  9.5,276.1,  3.0,  2.5, 18.662, 29.36,  0.0,  0.0,  0.093, 128.47,  0.087, 139.18,  0.124, 222.71,  0.134, 180.86,  0.145, 144.23,  0.105, 182.73,  0.039, 119.20,  0.060, 134.33,  0.018, 286.39,  0.045, 326.66,  0.052, 271.10,  0.036, 302.35,  0.058, 277.99,  0.054, 265.76,  0.021, 133.03,  0.029,  90.00,-99.000, -99.00,-99.000, -99.00,-99.000, -99.00,-99.000, -99.00,
9/16/2006 08:00:00,  9.5,276.1,  3.0,  2.6, 18.653, 29.35,  0.0,  0.0,  0.141, 170.20,  0.113, 183.04,  0.032, 323.84,  0.038, 144.64,  0.075, 201.09,  0.095, 178.19,  0.037, 124.99,  0.025, 336.50,  0.010,  66.04,  0.050,  26.05,  0.053, 120.41,  0.051,  52.22,  0.039, 351.25,  0.013,   8.75,  0.057, 333.89,  0.014, 188.13,-99.000, -99.00,-99.000, -99.00,-99.000, -99.00,-99.000, -99.00,
9/16/2006 08:05:00,  9.5,276.0,  3.0,  2.5, 18.648, 29.34,  0.0,  0.0,  0.102, 214.62,  0.040, 161.11,  0.052, 134.22,  0.063, 167.07,  0.102, 123.85,  0.125, 176.79,  0.119, 135.68,  0.041, 322.00,  0.044, 358.70,  0.016, 345.07,  0.059, 195.68,  0.094, 205.20,  0.091, 222.32,  0.041, 177.21,  0.031, 199.03,  0.017,   0.00,-99.000, -99.00,-99.000, -99.00,-99.000, -99.00,-99.000, -99.00,
9/16/2006 08:10:00,  9.5,276.0,  3.0,  2.6, 18.660, 29.34,  0.0,  0.0,  0.092, 165.51,  0.103, 139.34,  0.030, 203.20,  0.082, 210.61,  0.045, 319.54,  0.021, 340.71,  0.083,  16.04,  0.058, 127.27,  0.041, 164.62,  0.071, 107.16,  0.028, 198.43,  0.093, 238.19,  0.051, 239.42,  0.032, 266.42,  0.004, 225.00,  0.072, 202.99,-99.000, -99.00,-99.000, -99.00,-99.000, -99.00,-99.000, -99.00,
9/16/2006 08:15:00,  9.5,276.0,  3.0,  2.6, 18.647, 29.34,  0.0,  0.0,  0.051,  65.92,  0.199, 161.84,  0.193, 116.17,  0.120, 154.29,  0.112, 156.87,  0.094, 129.81,  0.088, 137.29,  0.084, 139.84,  0.024, 119.74,  0.055, 270.00,  0.077, 205.24,  0.034, 233.47,  0.027, 214.29,  0.002,  90.00,  0.009,  40.60,  0.035, 281.63,-99.000, -99.00,-99.000, -99.00,-99.000, -99.00,-99.000, -99.00,
9/16/2006 08:20:00,  9.5,276.0,  3.0,  2.5, 18.641, 29.34,  0.0,  0.0,  0.037,  59.30,  0.049, 153.43,  0.088, 124.41,  0.095,  92.41,  0.028, 157.07,  0.014, 213.69,  0.017, 263.29,  0.052, 177.80,  0.049,  90.00,  0.031, 200.77,  0.053, 167.01,  0.085, 216.87,  0.039, 228.12,  0.047, 227.56,  0.062, 200.77,  0.073, 217.81,-99.000, -99.00,-99.000, -99.00,-99.000, -99.00,-99.000, -99.00,
9/16/2006 08:25:00,  9.5,276.0,  3.0,  2.6, 18.640, 29.34,  0.0,  0.0,  0.035, 266.73,  0.041, 181.40,  0.064,  97.13,  0.062, 155.10,  0.116, 170.05,  0.029,  69.68,  0.081, 146.11,  0.094, 163.89,  0.066, 178.26,  0.021, 138.81,  0.050, 135.81,  0.021, 135.00,  0.074, 341.81,  0.075, 204.51,  0.082, 201.54,  0.116, 183.45,-99.000, -99.00,-99.000, -99.00,-99.000, -99.00,-99.000, -99.00,
9/16/2006 08:30:00,  9.5,276.1,  3.0,  2.5, 18.641, 29.35,  0.0,  0.0,  0.082, 135.00,  0.076, 169.43,  0.161, 164.49,  0.125, 134.03,  0.052, 158.40,  0.087, 147.23,  0.028, 276.12,  0.051, 192.41,  0.133, 250.61,  0.072, 225.00,  0.038, 242.10,  0.061, 231.63,  0.071, 241.26,  0.078, 260.42,  0.028, 242.53,  0.021, 228.81,-99.000, -99.00,-99.000, -99.00,-99.000, -99.00,-99.000, -99.00,
9/16/2006 08:35:00,  9.5,276.0,  3.0,  2.5, 18.641, 29.35,  0.0,  0.0,  0.120,  86.19,  0.112, 129.22,  0.096, 136.68,  0.057, 153.89,  0.077, 146.73,  0.094, 132.85,  0.076,  87.74,  0.009,   6.34,  0.068, 154.57,  0.048, 109.57,  0.050, 186.84,  0.016, 161.57,  0.015, 258.69,  0.061, 246.80,  0.049, 239.24,  0.092, 207.96,-99.000, -99.00,-99.000, -99.00,-99.000, -99.00,-99.000, -99.00,
9/16/2006 08:40:00,  9.5,276.0,  3.0,  2.5, 18.635, 29.35,  0.0,  0.0,  0.079,  68.60,  0.099, 118.89,  0.160, 139.05,  0.082, 101.31,  0.076, 149.04,  0.109, 140.19,  0.128,  89.10,  0.047, 204.94,  0.064, 157.86,  0.048, 321.71,  0.029, 294.78,  0.054, 178.94,  0.051, 209.60,  0.067, 252.65,  0.087, 181.97,  0.160, 265.71,-99.000, -99.00,-99.000, -99.00,-99.000, -99.00,-99.000, -99.00,
9/16/2006 08:45:00,  9.5,276.1,  3.0,  2.5, 18.640, 29.35,  0.0,  0.0,  0.127, 105.57,  0.093, 126.25,  0.181, 113.45,  0.153, 140.29,  0.068, 112.43,  0.139, 126.79,  0.115, 157.00,  0.126, 203.92,  0.082, 180.00,  0.107, 124.73,  0.088, 134.08,  0.067, 217.72,  0.099, 175.38,  0.016, 176.42,  0.050,  91.15,  0.155, 274.06,-99.000, -99.00,-99.000, -99.00,-99.000, -99.00,-99.000, -99.00,
9/16/2006 08:50:00,  9.5,276.1,  3.0,  2.5, 18.632, 29.36,  0.0,  0.0,  0.104, 142.03,  0.175, 151.39,  0.102, 165.28,  0.088, 145.59,  0.058, 175.07,  0.114, 119.49,  0.046, 183.73,  0.088,  91.30,  0.013, 202.62,  0.011, 180.00,  0.063, 270.00,  0.043, 138.81,  0.062, 126.50,  0.073, 202.68,  0.048, 213.02,  0.111, 243.90,-99.000, -99.00,-99.000, -99.00,-99.000, -99.00,-99.000, -99.00,
9/16/2006 08:55:00,  9.5,276.1,  3.0,  2.5, 18.625, 29.36,  0.0,  0.0,  0.129, 136.26,  0.100, 154.46,  0.118, 111.80,  0.016, 100.62,  0.080, 125.87,  0.046, 100.08,  0.023, 246.80,  0.037, 231.58,  0.013,  71.57,  0.043, 331.07,  0.021,   5.44,  0.051, 133.41,  0.028, 214.82,  0.039, 248.75,  0.010, 270.00,  0.126, 247.69,-99.000, -99.00,-99.000, -99.00,-99.000, -99.00,-99.000, -99.00,
9/16/2006 09:00:00,  9.5,276.0,  3.0,  2.5, 18.637, 29.37,  0.0,  0.0,  0.091,  91.89,  0.182,  92.52,  0.120, 138.72,  0.094, 134.57,  0.074, 147.17,  0.107, 133.86,  0.030, 203.20,  0.085, 126.87,  0.089, 117.43,  0.112, 140.78,  0.041, 114.68,  0.051, 105.95,  0.061, 107.24,  0.088, 179.35,  0.084, 167.62,  0.074, 210.70,-99.000, -99.00,-99.000, -99.00,-99.000, -99.00,-99.000, -99.00,
9/16/2006 09:05:00,  9.5,276.1,  3.0,  2.5, 18.639, 29.38,  0.0,  0.0,  0.101, 119.11,  0.109, 103.78,  0.128, 142.32,  0.176, 124.32,  0.155, 137.35,  0.085, 108.43,  0.097, 140.88,  0.024, 109.18,  0.083, 180.00,  0.132, 108.57,  0.066,  76.81,  0.069, 289.49,  0.078, 150.16,  0.077, 182.23,  0.061, 253.93,  0.185, 258.45,-99.000, -99.00,-99.000, -99.00,-99.000, -99.00,-99.000, -99.00,
9/16/2006 09:10:00,  9.5,276.1,  3.0,  2.6, 18.642, 29.38,  0.0,  0.0,  0.090,  58.60,  0.176, 139.15,  0.179, 119.43,  0.154, 129.47,  0.144, 133.88,  0.121, 118.69,  0.121,  99.07,  0.048,  70.43,  0.039,  78.11,  0.078, 141.80,  0.087, 182.63,  0.046, 233.88,  0.026, 240.52,  0.036, 215.91,  0.032, 171.12,  0.157, 248.33,-99.000, -99.00,-99.000, -99.00,-99.000, -99.00,-99.000, -99.00,
9/16/2006 09:15:00,  9.5,276.1,  3.0,  2.6, 18.636, 29.39,  0.0,  0.0,  0.174,  94.63,  0.194, 114.98,  0.122,  84.85,  0.087,  91.32,  0.130, 108.85,  0.146, 156.24,  0.093,  98.65,  0.131, 136.55,  0.086, 133.12,  0.103, 105.79,  0.081, 347.16,  0.083, 107.56,  0.036, 153.43,  0.033, 183.47,  0.040, 168.41,  0.146, 246.96,-99.000, -99.00,-99.000, -99.00,-99.000, -99.00,-99.000, -99.00,
9/16/2006 09:20:00,  9.5,276.1,  3.0,  2.5, 18.637, 29.40,  0.0,  0.0,  0.066,  83.95,  0.078, 130.84,  0.126, 126.60,  0.117,  96.39,  0.102, 101.86,  0.018,   0.00,  0.119, 137.05,  0.121, 114.87,  0.086, 113.29,  0.123, 139.30,  0.108, 117.04,  0.102, 151.93,  0.137, 148.39,  0.054, 117.51,  0.061, 201.10,  0.106, 208.26,-99.000, -99.00,-99.000, -99.00,-99.000, -99.00,-99.000, -99.00,
9/16/2006 09:25:00,  9.5,276.1,  3.0,  2.6, 18.637, 29.40,  0.0,  0.0,  0.161,  97.48,  0.108, 127.50,  0.097,  89.41,  0.092,  97.51,  0.124, 133.70,  0.104, 159.83,  0.118, 121.80,  0.179, 123.87,  0.208, 112.37,  0.138, 135.29,  0.138, 122.54,  0.188, 128.09,  0.161, 131.22,  0.149, 133.10,  0.068,  57.01,  0.050, 109.89,-99.000, -99.00,-99.000, -99.00,-99.000, -99.00,-99.000, -99.00,
9/16/2006 09:30:00,  9.5,276.0,  3.0,  2.5, 18.632, 29.40,  0.0,  0.0,  0.190, 109.67,  0.145, 105.57,  0.161, 115.77,  0.112, 139.34,  0.128, 149.04,  0.118, 153.87,  0.113, 146.59,  0.072, 166.35,  0.165, 130.56,  0.120, 111.00,  0.050, 146.31,  0.045, 189.04,  0.024, 109.18,  0.042, 151.61,  0.031,  59.35,  0.065, 235.08,-99.000, -99.00,-99.000, -99.00,-99.000, -99.00,-99.000, -99.00,
9/16/2006 09:35:00,  9.5,276.1,  3.0,  2.5, 18.632, 29.41,  0.0,  0.0,  0.112, 106.65,  0.172, 135.24,  0.191, 141.81,  0.154, 137.37,  0.140, 138.78,  0.095, 114.94,  0.117, 123.15,  0.060, 114.84,  0.117, 128.43,  0.093, 116.29,  0.106, 104.17,  0.093,  59.57,  0.091,  79.19,  0.107,  69.19,  0.067,  91.71,  0.108, 118.23,-99.000, -99.00,-99.000, -99.00,-99.000, -99.00,-99.000, -99.00,
9/16/2006 09:40:00,  9.5,276.0,  3.0,  2.5, 18.641, 29.41,  0.0,  0.0,  0.094, 143.25,  0.042, 120.26,  0.026, 139.64,  0.033,  37.57,  0.034, 118.07,  0.101, 109.69,  0.122, 141.34,  0.056, 154.80,  0.089, 103.72,  0.079, 115.59,  0.020, 149.53,  0.072, 159.81,  0.097, 145.49,  0.060, 159.44,  0.152, 136.33,  0.102, 149.91,-99.000, -99.00,-99.000, -99.00,-99.000, -99.00,-99.000, -99.00,
9/16/2006 09:45:00,  9.5,276.1,  3.0,  2.5, 18.643, 29.41,  0.0,  0.0,  0.086, 127.93,  0.092, 107.06,  0.107,  98.05,  0.145, 107.31,  0.146, 151.86,  0.224, 130.30,  0.089, 122.62,  0.117, 138.12,  0.049, 167.09,  0.056, 181.02,  0.053, 169.11,  0.062, 143.50,  0.090, 139.95,  0.099, 135.82,  0.129, 145.08,  0.121, 204.87,-99.000, -99.00,-99.000, -99.00,-99.000, -99.00,-99.000, -99.00,
9/16/2006 09:50:00,  9.5,276.1,  3.0,  2.5, 18.641, 29.41,  0.0,  0.0,  0.061, 110.22,  0.179, 110.56,  0.073, 115.16,  0.106, 104.83,  0.053, 309.67,  0.063,  66.68,  0.102, 181.12,  0.054, 153.43,  0.009, 125.54,  0.086, 179.33,  0.032,  65.85,  0.097, 153.17,  0.103, 154.18,  0.107, 155.11,  0.133, 160.75,  0.116, 220.82,-99.000, -99.00,-99.000, -99.00,-99.000, -99.00,-99.000, -99.00,
9/16/2006 09:55:00,  9.5,276.0,  3.0,  2.6, 18.649, 29.42,  0.0,  0.0,  0.033,   0.00,  0.102,  79.80,  0.131,  86.07,  0.141,  90.00,  0.060, 134.33,  0.048, 130.73,  0.153, 141.63,  0.107, 177.86,  0.115, 192.58,  0.082, 167.32,  0.071, 181.61,  0.117, 180.00,  0.224, 142.26,  0.105, 137.69,  0.076, 162.28,  0.098, 202.13,-99.000, -99.00,-99.000, -99.00,-99.000, -99.00,-99.000, -99.00,
9/16/2006 10:00:00,  9.5,276.0,  3.0,  2.5, 18.653, 29.42,  0.0,  0.0,  0.056, 164.48,  0.041, 188.33,  0.150, 163.74,  0.082, 193.36,  0.055, 133.53,  0.058, 141.95,  0.014, 171.87,  0.046, 148.39,  0.046, 127.87,  0.078, 112.62,  0.045,  82.41,  0.090, 145.43,  0.021, 148.57,  0.129, 161.42,  0.082, 176.51,  0.091, 200.63,-99.000, -99.00,-99.000, -99.00,-99.000, -99.00,-99.000, -99.00,
9/16/2006 10:05:00,  9.5,276.0,  3.0,  2.5, 18.661, 29.42,  0.0,  0.0,  0.033, 285.71,  0.154, 166.05,  0.011, 248.20,  0.043, 209.58,  0.027, 208.44,  0.016, 135.00,  0.064, 204.15,  0.077, 164.16,  0.097, 166.83,  0.084, 164.15,  0.080, 157.27,  0.055, 178.96,  0.128, 141.34,  0.052,  40.36,  0.089, 347.05,  0.080, 222.47,-99.000, -99.00,-99.000, -99.00,-99.000, -99.00,-99.000, -99.00,
9/16/2006 10:10:00,  9.5,276.1,  3.0,  2.5, 18.656, 29.42,  0.0,  0.0,  0.066,  90.00,  0.046,  90.00,  0.067,  78.86,  0.024, 233.62,  0.052, 237.53,  0.090, 192.80,  0.083, 184.82,  0.036,  12.88,  0.045, 186.34,  0.074, 267.68,  0.088, 225.92,  0.095, 179.40,  0.069, 214.38,  0.019, 218.66,  0.013,  48.01,  0.158, 263.46,-99.000, -99.00,-99.000, -99.00,-99.000, -99.00,-99.000, -99.00,
9/16/2006 10:15:00,  9.5,276.1,  3.0,  2.6, 18.659, 29.43,  0.0,  0.0,  0.052, 316.55,  0.096, 197.68,  0.055, 189.46,  0.055, 187.25,  0.052, 247.38,  0.048, 350.34,  0.037, 334.13,  0.048, 165.38,  0.037,   7.70,  0.054, 164.93,  0.041, 197.10,  0.067, 188.62,  0.143, 146.09,  0.134, 120.01,  0.145, 142.02,  0.187, 214.54,-99.000, -99.00,-99.000, -99.00,-99.000, -99.00,-99.000, -99.00,
9/16/2006 10:20:00,  9.5,276.0,  3.0,  2.5, 18.665, 29.43,  0.0,  0.0,  0.046, 287.65,  0.078, 291.94,  0.061, 325.01,  0.089, 328.27,  0.023, 318.58,  0.030, 312.27,  0.059, 237.38,  0.045, 284.04,  0.062, 246.32,  0.021, 177.27,  0.035, 268.36,  0.021, 267.27,  0.023, 352.57,  0.075, 174.67,  0.033, 167.66,  0.033, 255.96,-99.000, -99.00,-99.000, -99.00,-99.000, -99.00,-99.000, -99.00,
9/16/2006 10:25:00,  9.5,276.0,  3.0,  2.6, 18.653, 29.42,  0.0,  0.0,  0.144,   9.59,  0.009,  12.53,  0.076, 279.09,  0.145, 325.43,  0.077, 341.10,  0.033, 332.65,  0.048, 283.17,  0.086, 224.06,  0.117, 269.51,  0.091, 203.20,  0.129, 212.95,  0.078, 205.91,  0.110, 144.58,  0.083, 154.36,  0.035, 235.41,  0.125, 245.90,-99.000, -99.00,-99.000, -99.00,-99.000, -99.00,-99.000, -99.00,
9/16/2006 10:30:00,  9.5,276.0,  3.1,  2.5, 18.654, 29.41,  0.0,  0.0,  0.027, 326.89,  0.036, 116.57,  0.069, 316.17,  0.062, 286.97,  0.081, 271.41,  0.030, 285.42,  0.027, 344.93,  0.057,  55.75,  0.038,  86.99,  0.059,  60.38,  0.044,  59.93,  0.028,  94.09,  0.099, 330.33,  0.035, 270.00,  0.044, 270.00,  0.107, 240.32,-99.000, -99.00,-99.000, -99.00,-99.000, -99.00,-99.000, -99.00,
9/16/2006 10:35:00,  9.5,276.1,  3.0,  2.5, 18.665, 29.42,  0.0,  0.0,  0.063, 355.46,  0.074,  16.48,  0.097, 356.46,  0.103, 307.53,  0.044, 100.54,  0.125,  24.52,  0.087, 353.37,  0.111,   5.71,  0.046,  37.12,  0.050, 190.41,  0.045, 167.20,  0.025, 186.84,  0.033, 211.26,  0.006, 149.04,  0.037, 180.00,  0.124, 196.83,-99.000, -99.00,-99.000, -99.00,-99.000, -99.00,-99.000, -99.00,
9/16/2006 10:40:00,  9.5,276.1,  3.0,  2.6, 18.663, 29.42,  0.0,  0.0,  0.151, 289.76,  0.098, 298.66,  0.100, 313.78,  0.042, 120.26,  0.129,  24.78,  0.087,  56.67,  0.058,   9.95,  0.130,  24.99,  0.109, 357.37,  0.058,  81.03,  0.040, 320.01,  0.075, 273.81,  0.076, 223.94,  0.089, 151.13,  0.085, 343.69,  0.180, 216.87,-99.000, -99.00,-99.000, -99.00,-99.000, -99.00,-99.000, -99.00,
9/16/2006 10:45:00,  9.5,276.1,  3.0,  2.5, 18.662, 29.42,  0.0,  0.0,  0.039, 271.47,  0.077, 179.26,  0.084, 299.91,  0.028, 307.69,  0.139,  47.34,  0.065,  82.00,  0.136,  25.63,  0.108,  32.96,  0.033,  90.00,  0.011,  37.87,  0.036, 347.12,  0.055,  20.07,  0.048, 335.56,  0.055, 273.12,  0.035, 166.76,  0.193, 209.08,-99.000, -99.00,-99.000, -99.00,-99.000, -99.00,-99.000, -99.00,
9/16/2006 10:50:00,  9.5,276.1,  3.0,  2.5, 18.675, 29.40,  0.0,  0.0,  0.032, 143.84,  0.058,  70.94,  0.027, 116.57,  0.120, 289.49,  0.050, 189.27,  0.096, 352.21,  0.037,  11.00,  0.077, 329.42,  0.052, 333.92,  0.035,  36.87,  0.062, 323.50,  0.064, 289.29,  0.074, 217.33,  0.075, 289.40,  0.024, 343.07,  0.057, 239.38,-99.000, -99.00,-99.000, -99.00,-99.000, -99.00,-99.000, -99.00,
9/16/2006 10:55:00,  9.5,276.0,  3.1,  2.5, 18.677, 29.38,  0.0,  0.0,  0.082, 247.81,  0.037, 216.25,  0.056,  26.57,  0.048, 189.66,  0.031, 279.16,  0.080, 315.51,  0.052, 270.00,  0.037, 266.91,  0.088, 309.47,  0.049, 246.04,  0.044,  93.90,  0.048,  27.10,  0.040, 129.99,  0.074, 327.17,  0.086, 334.62,  0.158, 203.82,-99.000, -99.00,-99.000, -99.00,-99.000, -99.00,-99.000, -99.00,
9/16/2006 11:00:00,  9.5,276.1,  3.1,  2.5, 18.689, 29.37,  0.0,  0.0,  0.013, 228.01,  0.035, 256.76,  0.050,  41.73,  0.068, 310.24,  0.069, 264.21,  0.127, 270.00,  0.081, 301.33,  0.076, 301.61,  0.035, 278.13,  0.074, 247.62,  0.123, 321.92,  0.027, 238.67,  0.056, 217.69,  0.038, 254.88,  0.052, 318.92,  0.113, 212.70,-99.000, -99.00,-99.000, -99.00,-99.000, -99.00,-99.000, -99.00,
9/16/2006 11:05:00,  9.5,276.1,  3.1,  2.5, 18.689, 29.36,  0.0,  0.0,  0.003,   0.00,  0.068, 311.42,  0.079, 327.92,  0.058, 347.15,  0.112, 336.87,  0.130, 346.18,  0.106, 333.68,  0.058, 295.68,  0.043, 125.54,  0.079,  90.73,  0.041,   5.57,  0.073, 340.82,  0.118,   0.00,  0.120, 327.89,  0.105, 302.18,  0.183, 205.30,-99.000, -99.00,-99.000, -99.00,-99.000, -99.00,-99.000, -99.00,
9/16/2006 11:10:00,  9.5,276.1,  3.1,  2.5, 18.695, 29.35,  0.0,  0.0,  0.119, 237.38,  0.159, 346.14,  0.083,   0.69,  0.043, 356.01,  0.080, 339.53,  0.097, 343.81,  0.124, 321.20,  0.020, 302.91,  0.104, 336.87,  0.116, 326.58,  0.132, 347.75,  0.101,  19.69,  0.086, 332.24,  0.128, 326.19,  0.185, 281.25,  0.170, 258.49,-99.000, -99.00,-99.000, -99.00,-99.000, -99.00,-99.000, -99.00,
9/16/2006 11:15:00,  9.5,276.2,  3.0,  2.5, 18.698, 29.35,  0.0,  0.0,  0.128, 319.74,  0.136, 342.50,  0.102, 351.55,  0.095, 327.48,  0.116, 317.79,  0.068, 358.32,  0.070, 321.34,  0.105, 332.22,  0.081,  24.97,  0.110,  39.47,  0.042,   2.73,  0.024, 128.29,  0.080, 295.92,  0.156, 302.47,  0.103, 334.18,  0.122, 306.03,-99.000, -99.00,-99.000, -99.00,-99.000, -99.00,-99.000, -99.00,
9/16/2006 11:20:00,  9.5,276.1,  3.1,  2.5, 18.696, 29.34,  0.0,  0.0,  0.039, 250.64,  0.098, 337.87,  0.079, 318.61,  0.099, 342.30,  0.112, 330.45,  0.235, 337.47,  0.159, 339.74,  0.102, 346.92,  0.085, 263.96,  0.059, 336.04,  0.041, 294.68,  0.081, 290.22,  0.070, 266.73,  0.099, 318.27,  0.025, 288.43,  0.198, 221.32,-99.000, -99.00,-99.000, -99.00,-99.000, -99.00,-99.000, -99.00,
9/16/2006 11:25:00,  9.5,276.2,  3.1,  2.5, 18.703, 29.35,  0.0,  0.0,  0.116, 319.88,  0.081, 190.62,  0.048, 357.61,  0.085, 329.50,  0.051,  61.93,  0.080, 312.47,  0.134, 269.57,  0.082, 328.44,  0.025, 303.69,  0.085,   0.67,  0.129, 332.84,  0.114, 280.12,  0.120, 228.05,  0.043, 246.97,  0.035, 329.04,  0.115, 238.52,-99.000, -99.00,-99.000, -99.00,-99.000, -99.00,-99.000, -99.00,
9/16/2006 11:30:00,  9.5,276.1,  3.1,  2.5, 18.704, 29.34,  0.0,  0.0,  0.031, 202.48,  0.030, 260.54,  0.080,  12.99,  0.087,   1.97,  0.033,   0.00,  0.070, 284.04,  0.061, 356.25,  0.075,  16.26,  0.090, 346.58,  0.054, 302.80,  0.062, 355.39,  0.093, 329.04,  0.081, 307.01,  0.122, 292.58,  0.085, 290.56,  0.104, 217.97,-99.000, -99.00,-99.000, -99.00,-99.000, -99.00,-99.000, -99.00,
9/16/2006 11:35:00,  9.5,276.1,  3.1,  2.5, 18.714, 29.34,  0.0,  0.0,  0.063, 243.43,  0.096, 318.37,  0.060, 335.56,  0.129, 343.39,  0.105, 354.56,  0.090,  14.81,  0.082, 331.56,  0.085,  22.93,  0.121,  23.39,  0.084,  20.16,  0.117, 320.88,  0.061, 338.90,  0.090, 347.20,  0.041, 120.96,  0.084, 282.38,  0.129, 245.22,-99.000, -99.00,-99.000, -99.00,-99.000, -99.00,-99.000, -99.00,
9/16/2006 11:40:00,  9.5,276.0,  3.1,  2.6, 18.715, 29.34,  0.0,  0.0,  0.058, 285.00,  0.071, 283.84,  0.097, 311.24,  0.162, 312.25,  0.174,  22.59,  0.146,   9.07,  0.109,   8.95,  0.095, 339.09,  0.128, 350.10,  0.067, 350.54,  0.053, 308.83,  0.099, 288.80,  0.039, 253.44,  0.027, 344.93,  0.036, 356.82,  0.167, 219.41,-99.000, -99.00,-99.000, -99.00,-99.000, -99.00,-99.000, -99.00,
9/16/2006 11:45:00,  9.5,276.2,  3.1,  2.5, 18.725, 29.35,  0.0,  0.0,  0.086, 334.62,  0.099,   6.40,  0.063,  37.23,  0.160, 332.79,  0.042, 334.65,  0.043, 343.69,  0.103, 323.69,  0.110, 356.88,  0.080,  20.47,  0.032,   5.36,  0.102, 331.93,  0.087, 305.15,  0.074, 257.47,  0.013, 221.99,  0.040, 264.29,  0.111, 179.48,-99.000, -99.00,-99.000, -99.00,-99.000, -99.00,-99.000, -99.00,
9/16/2006 11:50:00,  9.5,276.2,  3.1,  2.5, 18.731, 29.36,  0.0,  0.0,  0.034,   1.68,  0.065, 301.72,  0.061, 329.20,  0.030, 318.99,  0.117, 342.03,  0.091, 339.37,  0.029, 290.32,  0.065, 316.25,  0.146,   9.07,  0.103, 355.01,  0.080,   1.43,  0.084, 348.29,  0.127, 329.81,  0.147, 228.59,  0.107, 252.07,  0.098, 152.13,-99.000, -99.00,-99.000, -99.00,-99.000, -99.00,-99.000, -99.00,
9/16/2006 11:55:00,  9.5,276.1,  3.1,  2.5, 18.746, 29.36,  0.0,  0.0,  0.113, 357.97,  0.107,  36.22,  0.162, 357.53,  0.147, 342.18,  0.182, 333.86,  0.087, 331.07,  0.143, 338.65,  0.109, 284.93,  0.042, 300.26,  0.133, 346.49,  0.041, 334.06,  0.039, 197.97,  0.082, 298.44,  0.044, 219.47,  0.007, 171.87,  0.046, 254.74,-99.000, -99.00,-99.000, -99.00,-99.000, -99.00,-99.000, -99.00,
9/16/2006 12:00:00,  9.5,276.1,  3.1,  2.5, 18.741, 29.37,  0.0,  0.0,  0.046, 347.47,  0.049,  47.49,  0.101, 353.72,  0.183, 332.74,  0.138, 341.43,  0.099, 347.22,  0.083,  16.90,  0.082, 357.21,  0.050, 267.71,  0.065, 258.52,  0.083, 308.12,  0.086, 289.07,  0.057, 259.88,  0.043, 291.80,  0.035, 248.50,  0.094, 242.89,-99.000, -99.00,-99.000, -99.00,-99.000, -99.00,-99.000, -99.00,
9/16/2006 12:05:00,  9.5,276.1,  3.1,  2.5, 18.755, 29.38,  0.0,  0.0,  0.102, 337.47,  0.076, 324.64,  0.067, 347.01,  0.109, 346.22,  0.044,   7.77,  0.146, 344.54,  0.095, 331.82,  0.078, 307.75,  0.030,  23.96,  0.065, 292.62,  0.125, 259.86,  0.063, 275.44,  0.076, 249.89,  0.070, 323.13,  0.049, 338.63,  0.088, 235.22,-99.000, -99.00,-99.000, -99.00,-99.000, -99.00,-99.000, -99.00,
9/16/2006 12:10:00,  9.5,276.0,  3.1,  2.5, 18.751, 29.39,  0.0,  0.0,  0.088, 287.20,  0.024, 337.75,  0.057, 263.00,  0.088,   1.30,  0.101,   5.65,  0.081,   2.12,  0.113, 303.83,  0.126, 356.82,  0.079,   0.00,  0.100,   4.00,  0.083,  12.53,  0.151, 323.05,  0.079, 311.93,  0.099, 292.66,  0.072, 323.45,  0.086, 190.66,-99.000, -99.00,-99.000, -99.00,-99.000, -99.00,-99.000, -99.00,
9/16/2006 12:15:00,  9.5,276.0,  3.1,  2.5, 18.754, 29.39,  0.0,  0.0,  0.054, 324.83,  0.148, 269.23,  0.050,  33.69,  0.060, 299.98,  0.153, 342.16,  0.125, 342.29,  0.045, 279.04,  0.105, 282.71,  0.113, 348.29,  0.020, 188.53,  0.019, 288.43,  0.043, 309.29,  0.080, 321.56,  0.061, 209.51,  0.003,  90.00,  0.052, 311.91,-99.000, -99.00,-99.000, -99.00,-99.000, -99.00,-99.000, -99.00,
9/16/2006 12:20:00,  9.5,276.2,  3.1,  2.5, 18.755, 29.40,  0.0,  0.0,  0.102, 314.20,  0.085, 331.01,  0.013, 265.60,  0.095, 246.41,  0.035, 336.37,  0.169, 326.12,  0.037,  20.38,  0.073, 325.01,  0.102, 315.00,  0.061, 329.20,  0.056, 287.78,  0.033, 257.66,  0.010, 264.29,  0.041, 216.03,  0.058, 294.36,  0.141, 175.94,-99.000, -99.00,-99.000, -99.00,-99.000, -99.00,-99.000, -99.00,
9/16/2006 12:25:00,  9.5,276.1,  3.1,  2.6, 18.771, 29.41,  0.0,  0.0,  0.154,  12.41,  0.118,  13.21,  0.057, 305.07,  0.097, 270.59,  0.117, 313.26,  0.150, 310.68,  0.087, 290.10,  0.091, 336.80,  0.180, 339.15,  0.135, 335.52,  0.082, 288.43,  0.093, 277.43,  0.083, 271.38,  0.130, 294.59,  0.071, 231.84,  0.152, 193.31,-99.000, -99.00,-99.000, -99.00,-99.000, -99.00,-99.000, -99.00,
9/16/2006 12:30:00,  9.5,276.1,  3.1,  2.5, 18.765, 29.42,  0.0,  0.0,  0.082, 305.05,  0.016, 217.57,  0.135, 348.02,  0.169, 345.22,  0.078, 321.80,  0.117, 351.18,  0.077,   2.23,  0.062, 320.91,  0.112, 309.22,  0.091, 294.60,  0.073, 347.30,  0.069, 306.21,  0.060, 353.35,  0.057, 327.14,  0.076, 353.99,  0.083, 273.45,-99.000, -99.00,-99.000, -99.00,-99.000, -99.00,-99.000, -99.00,
9/16/2006 12:35:00,  9.5,276.0,  3.1,  2.5, 18.775, 29.42,  0.0,  0.0,  0.088, 294.23,  0.240, 348.97,  0.051, 333.43,  0.081, 324.54,  0.028,   4.09,  0.123, 334.06,  0.072,  25.50,  0.041, 265.82,  0.062, 270.92,  0.036, 140.60,  0.040,   5.71,  0.035, 158.50,  0.073, 327.83,  0.057, 337.46,  0.109, 292.09,  0.206, 210.06,-99.000, -99.00,-99.000, -99.00,-99.000, -99.00,-99.000, -99.00,
9/16/2006 12:40:00,  9.5,276.0,  3.1,  2.5, 18.783, 29.43,  0.0,  0.0,  0.084, 307.28,  0.103,  27.06,  0.140, 329.60,  0.147, 311.96,  0.040, 262.87,  0.109,  14.93,  0.049,  47.49,  0.051, 295.56,  0.097, 316.25,  0.028,  57.99,  0.122, 351.54,  0.075, 333.09,  0.056, 261.72,  0.049, 214.99,  0.038, 119.93,  0.127, 224.36,-99.000, -99.00,-99.000, -99.00,-99.000, -99.00,-99.000, -99.00,
9/16/2006 12:45:00,  9.5,276.1,  3.1,  2.5, 18.795, 29.43,  0.0,  0.0,  0.092,   1.87,  0.099, 351.87,  0.121, 318.68,  0.079, 306.29,  0.081, 315.50,  0.052, 313.45,  0.076, 313.39,  0.088, 266.10,  0.048, 330.26,  0.059, 324.69,  0.072,  48.37,  0.083,  11.17,  0.054, 307.50,  0.063, 266.37,  0.019, 270.00,  0.143, 202.25,-99.000, -99.00,-99.000, -99.00,-99.000, -99.00,-99.000, -99.00,
9/16/2006 12:50:00,  9.5,276.1,  3.1,  2.5, 18.794, 29.43,  0.0,  0.0,  0.120, 350.38,  0.191, 350.04,  0.098,  22.13,  0.072, 359.20,  0.068, 304.85,  0.033, 100.62,  0.124, 325.54,  0.072, 345.58,  0.086, 305.54,  0.099, 303.05,  0.072, 331.65,  0.080, 235.12,  0.107, 262.48,  0.113, 269.49,  0.051, 290.56,  0.103, 228.92,-99.000, -99.00,-99.000, -99.00,-99.000, -99.00,-99.000, -99.00,
9/16/2006 12:55:00,  9.5,276.2,  3.1,  2.5, 18.806, 29.44,  0.0,  0.0,  0.141, 346.85,  0.130, 326.92,  0.039, 322.25,  0.119, 333.00,  0.071,  11.31,  0.140, 339.11,  0.069, 292.11,  0.071, 280.52,  0.042, 325.56,  0.071, 344.39,  0.106, 314.24,  0.069, 316.17,  0.113, 338.20,  0.080, 285.26,  0.011, 236.31,  0.164, 216.59,-99.000, -99.00,-99.000, -99.00,-99.000, -99.00,-99.000, -99.00,
9/16/2006 13:00:00,  9.5,276.1,  3.1,  2.5, 18.804, 29.44,  0.0,  0.0,  0.059,  15.68,  0.098, 279.94,  0.101, 308.57,  0.117, 353.61,  0.078, 229.16,  0.047, 326.31,  0.068, 331.19,  0.044,   3.90,  0.068,  29.95,  0.039, 302.47,  0.020, 225.00,  0.027,   2.12,  0.069, 312.66,  0.041,   0.00,  0.043,  66.45,  0.135, 184.24,-99.000, -99.00,-99.000, -99.00,-99.000, -99.00,-99.000, -99.00,
9/16/2006 13:05:00,  9.5,276.2,  3.1,  2.5, 18.817, 29.44,  0.0,  0.0,  0.073, 326.75,  0.206, 335.30,  0.046, 258.69,  0.109, 309.40,  0.081, 270.71,  0.032, 136.27,  0.057, 312.88,  0.072,   0.80,  0.096, 322.65,  0.108, 338.89,  0.088,   3.25,  0.045,   1.27,  0.106, 343.61,  0.061, 291.97,  0.065, 292.62,  0.106, 209.48,-99.000, -99.00,-99.000, -99.00,-99.000, -99.00,-99.000, -99.00,
9/16/2006 13:10:00,  9.5,276.1,  3.1,  2.5, 18.819, 29.45,  0.0,  0.0,  0.089, 333.15,  0.046,  44.12,  0.033, 321.07,  0.121, 344.12,  0.090, 325.43,  0.082, 330.00,  0.030, 344.58,  0.074,  62.74,  0.050,  28.61,  0.078,   3.67,  0.129, 332.24,  0.161, 322.56,  0.072, 297.98,  0.119, 326.31,  0.035, 346.76,  0.110, 172.68,-99.000, -99.00,-99.000, -99.00,-99.000, -99.00,-99.000, -99.00,
9/16/2006 13:15:00,  9.5,276.1,  3.1,  2.5, 18.826, 29.45,  0.0,  0.0,  0.144, 343.07,  0.019, 344.48,  0.096, 348.57,  0.118, 311.92,  0.131, 310.03,  0.096, 331.29,  0.086, 351.30,  0.088,   7.21,  0.038, 341.57,  0.048, 290.70,  0.126, 303.31,  0.087, 341.98,  0.087, 357.37,  0.077, 359.26,  0.076,  11.31,  0.033, 131.35,-99.000, -99.00,-99.000, -99.00,-99.000, -99.00,-99.000, -99.00,
9/16/2006 13:20:00,  9.5,276.1,  3.1,  2.5, 18.833, 29.45,  0.0,  0.0,  0.142, 345.77,  0.109, 322.08,  0.132, 336.35,  0.081, 300.36,  0.058, 279.95,  0.104, 346.63,  0.024, 270.00,  0.070,  25.46,  0.128,  14.47,  0.100,   5.77,  0.175, 348.11,  0.095,   1.21,  0.032,  56.31,  0.036, 339.08,  0.059,   7.85,  0.056, 207.47,-99.000, -99.00,-99.000, -99.00,-99.000, -99.00,-99.000, -99.00,
9/16/2006 13:25:00,  9.4,276.1,  3.1,  2.5, 18.833, 29.46,  0.0,  0.0,  0.159, 311.19,  0.087, 306.08,  0.086, 326.86,  0.115, 281.50,  0.075, 303.06,  0.076, 290.11,  0.119, 279.22,  0.110, 284.80,  0.075, 328.64,  0.049, 309.21,  0.045, 336.30,  0.079, 129.34,  0.020, 220.91,  0.122, 305.65,  0.101, 297.07,  0.129, 192.96,-99.000, -99.00,-99.000, -99.00,-99.000, -99.00,-99.000, -99.00,
9/16/2006 13:30:00,  9.4,276.2,  3.1,  2.5, 18.838, 29.46,  0.0,  0.0,  0.167, 326.50,  0.076, 342.28,  0.182, 308.07,  0.222, 338.05,  0.078, 294.26,  0.104, 285.64,  0.095, 326.65,  0.144, 321.78,  0.139, 314.13,  0.067, 279.46,  0.098, 284.18,  0.116, 296.57,  0.135, 308.40,  0.190, 312.23,  0.174, 322.47,  0.013, 261.25,-99.000, -99.00,-99.000, -99.00,-99.000, -99.00,-99.000, -99.00,
9/16/2006 13:35:00,  9.4,276.1,  3.1,  2.5, 18.846, 29.47,  0.0,  0.0,  0.085, 351.87,  0.133, 309.20,  0.072, 342.32,  0.030,   9.46,  0.077, 328.78,  0.081, 321.01,  0.134, 356.58,  0.109, 342.40,  0.097, 311.24,  0.029,  15.95,  0.053, 307.30,  0.065, 278.88,  0.055, 300.78,  0.093, 273.08,  0.055, 285.80,  0.150, 214.96,-99.000, -99.00,-99.000, -99.00,-99.000, -99.00,-99.000, -99.00,
9/16/2006 13:40:00,  9.4,276.1,  3.1,  2.5, 18.851, 29.47,  0.0,  0.0,  0.101, 346.79,  0.006, 239.04,  0.184, 339.59,  0.152,   1.51,  0.174, 346.68,  0.062, 330.14,  0.034, 306.53,  0.131, 301.87,  0.126, 328.96,  0.113, 335.93,  0.110, 297.49,  0.147, 279.78,  0.102, 275.04,  0.102, 270.56,  0.080, 229.55,  0.170, 201.43,-99.000, -99.00,-99.000, -99.00,-99.000, -99.00,-99.000, -99.00,
9/16/2006 13:45:00,  9.4,276.2,  3.1,  2.5, 18.858, 29.48,  0.0,  0.0,  0.070, 323.13,  0.174, 299.95,  0.048, 325.98,  0.078, 335.07,  0.059, 347.37,  0.094, 353.86,  0.052,   3.30,  0.113, 283.79,  0.072, 222.75,  0.098, 298.66,  0.069, 330.46,  0.067, 326.55,  0.045, 257.20,  0.053, 295.60,  0.093, 316.74,  0.071, 237.65,-99.000, -99.00,-99.000, -99.00,-99.000, -99.00,-99.000, -99.00,
9/16/2006 13:50:00,  9.4,276.2,  3.1,  2.5, 18.864, 29.48,  0.0,  0.0,  0.022, 161.57,  0.057, 193.07,  0.039, 346.68,  0.036, 164.05,  0.073, 322.82,  0.124, 315.98,  0.202, 345.96,  0.055, 357.92,  0.044, 323.39,  0.128, 293.55,  0.174, 303.51,  0.084, 295.35,  0.175, 304.51,  0.113, 283.79,  0.068, 288.97,  0.169, 205.65,-99.000, -99.00,-99.000, -99.00,-99.000, -99.00,-99.000, -99.00,
9/16/2006 13:55:00,  9.4,276.2,  3.1,  2.6, 18.869, 29.46,  0.0,  0.0,  0.037, 247.62,  0.055,  59.22,  0.043, 272.66,  0.081, 317.01,  0.069, 312.66,  0.164, 320.96,  0.152, 316.33,  0.152, 315.80,  0.125, 330.77,  0.120, 335.99,  0.108, 327.49,  0.116, 290.15,  0.120, 272.39,  0.052, 287.74,  0.046, 290.41,  0.186, 194.04,-99.000, -99.00,-99.000, -99.00,-99.000, -99.00,-99.000, -99.00,
9/16/2006 14:00:00,  9.4,276.3,  3.1,  2.5, 18.873, 29.44,  0.0,  0.0,  0.089, 255.65,  0.013, 228.01,  0.082,  36.59,  0.110,  46.85,  0.079, 334.41,  0.117, 321.26,  0.040,  14.38,  0.124, 344.05,  0.117, 314.65,  0.103, 338.92,  0.093, 300.96,  0.059, 289.65,  0.123, 326.96,  0.151, 334.45,  0.095, 331.82,  0.080, 254.74,-99.000, -99.00,-99.000, -99.00,-99.000, -99.00,-99.000, -99.00,
9/16/2006 14:05:00,  9.4,276.1,  3.1,  2.5, 18.884, 29.43,  0.0,  0.0,  0.051, 166.50,  0.044,  96.48,  0.063, 251.57,  0.051, 327.88,  0.118,  31.80,  0.156, 345.16,  0.129, 331.85,  0.146, 323.37,  0.098, 341.57,  0.185, 314.78,  0.163, 331.87,  0.161, 314.50,  0.168, 312.83,  0.175, 301.41,  0.192, 304.19,  0.212, 216.38,-99.000, -99.00,-99.000, -99.00,-99.000, -99.00,-99.000, -99.00,
9/16/2006 14:10:00,  9.4,276.2,  3.1,  2.5, 18.888, 29.41,  0.0,  0.0,  0.057, 323.53,  0.053, 202.20,  0.065, 332.65,  0.080, 303.29,  0.060, 319.09,  0.104, 327.53,  0.127, 321.41,  0.174, 309.64,  0.168, 331.91,  0.101, 335.46,  0.095, 320.96,  0.111, 303.98,  0.121, 288.29,  0.154, 318.15,  0.076, 312.32,  0.150, 197.83,-99.000, -99.00,-99.000, -99.00,-99.000, -99.00,-99.000, -99.00,
9/16/2006 14:15:00,  9.4,276.3,  3.1,  2.5, 18.897, 29.40,  0.0,  0.0,  0.078, 127.75,  0.044, 216.61,  0.010, 168.69,  0.091, 326.66,  0.113, 295.20,  0.153, 347.51,  0.149,   0.38,  0.121, 287.84,  0.076, 279.83,  0.069, 348.37,  0.049, 344.54,  0.084, 331.61,  0.089, 287.62,  0.127, 262.32,  0.123, 286.97,  0.151, 193.76,-99.000, -99.00,-99.000, -99.00,-99.000, -99.00,-99.000, -99.00,
9/16/2006 14:20:00,  9.4,276.1,  3.1,  2.5, 18.901, 29.39,  0.0,  0.0,  0.072,  96.34,  0.107, 168.17,  0.082, 272.79,  0.136, 356.21,  0.091, 356.86,  0.061, 326.31,  0.099, 339.92,  0.129, 336.63,  0.124, 353.97,  0.125,   7.35,  0.104, 346.10,  0.130, 317.82,  0.111, 320.13,  0.134, 320.47,  0.076,   8.34,  0.167, 194.20,-99.000, -99.00,-99.000, -99.00,-99.000, -99.00,-99.000, -99.00,
9/16/2006 14:25:00,  9.4,276.2,  3.1,  2.5, 18.903, 29.39,  0.0,  0.0,  0.117, 125.99,  0.087, 199.48,  0.064,  75.53,  0.103, 318.14,  0.218, 303.03,  0.171, 299.41,  0.133, 326.07,  0.129, 318.77,  0.065, 299.31,  0.088, 312.71,  0.066, 346.81,  0.100,  22.97,  0.118, 351.25,  0.057, 324.93,  0.079, 338.33,  0.164, 192.00,-99.000, -99.00,-99.000, -99.00,-99.000, -99.00,-99.000, -99.00,
9/16/2006 14:30:00,  9.4,276.2,  3.1,  2.5, 18.905, 29.38,  0.0,  0.0,  0.075, 338.20,  0.123, 247.59,  0.087, 276.63,  0.125, 308.16,  0.160, 352.83,  0.154,  22.08,  0.140,  15.72,  0.139, 337.51,  0.110, 332.27,  0.100, 337.56,  0.148, 341.44,  0.123, 330.72,  0.184, 317.20,  0.098, 304.66,  0.213, 310.43,  0.235, 216.19,-99.000, -99.00,-99.000, -99.00,-99.000, -99.00,-99.000, -99.00,
9/16/2006 14:35:00,  9.4,276.2,  3.1,  2.5, 18.914, 29.38,  0.0,  0.0,  0.047,  92.44,  0.073, 232.82,  0.080, 323.13,  0.229, 333.55,  0.099, 338.63,  0.040, 331.50,  0.174, 311.03,  0.135, 326.78,  0.166, 330.04,  0.102, 305.41,  0.073, 284.23,  0.098, 307.10,  0.132, 302.01,  0.228, 296.57,  0.167, 284.95,  0.151, 237.47,-99.000, -99.00,-99.000, -99.00,-99.000, -99.00,-99.000, -99.00,
9/16/2006 14:40:00,  9.4,276.2,  3.1,  2.6, 18.910, 29.38,  0.0,  0.0,  0.141, 145.97,  0.054, 257.24,  0.018, 299.36,  0.101, 348.02,  0.076, 350.17,  0.056, 307.07,  0.036, 321.84,  0.072, 277.22,  0.161, 312.73,  0.136, 302.41,  0.179, 300.58,  0.139, 293.25,  0.133, 305.84,  0.156, 273.67,  0.133, 273.01,  0.164, 215.33,-99.000, -99.00,-99.000, -99.00,-99.000, -99.00,-99.000, -99.00,
9/16/2006 14:45:00,  9.4,276.2,  3.1,  2.5, 18.925, 29.38,  0.0,  0.0,  0.034, 200.56,  0.084, 337.69,  0.078, 321.80,  0.127, 346.84,  0.140, 343.77,  0.145, 325.43,  0.121, 310.29,  0.153, 347.15,  0.074, 328.24,  0.055, 326.02,  0.110, 304.27,  0.072, 337.01,  0.137, 339.44,  0.052, 345.43,  0.153, 340.97,  0.107, 210.87,-99.000, -99.00,-99.000, -99.00,-99.000, -99.00,-99.000, -99.00,
9/16/2006 14:50:00,  9.4,276.1,  3.1,  2.5, 18.930, 29.38,  0.0,  0.0,  0.118, 205.69,  0.045, 225.91,  0.084, 275.44,  0.064, 295.77,  0.140, 286.23,  0.104, 310.30,  0.141, 315.00,  0.064, 295.77,  0.190, 320.35,  0.115, 329.64,  0.123, 312.37,  0.183, 317.66,  0.146, 298.67,  0.161, 296.57,  0.194, 296.30,  0.154, 218.95,-99.000, -99.00,-99.000, -99.00,-99.000, -99.00,-99.000, -99.00,
9/16/2006 14:55:00,  9.4,276.2,  3.1,  2.5, 18.935, 29.38,  0.0,  0.0,  0.205, 223.81,  0.116, 200.79,  0.074, 306.71,  0.157, 319.64,  0.071, 331.26,  0.127, 332.43,  0.190, 317.34,  0.136, 310.24,  0.146, 321.10,  0.104, 348.37,  0.174, 326.49,  0.174, 323.66,  0.123, 302.01,  0.148, 278.57,  0.163, 279.87,  0.219, 210.43,-99.000, -99.00,-99.000, -99.00,-99.000, -99.00,-99.000, -99.00,
9/16/2006 15:00:00,  9.4,276.1,  3.2,  2.5, 18.945, 29.38,  0.0,  0.0,  0.077, 336.11,  0.053,   7.52,  0.084, 314.52,  0.151,   0.00,  0.085, 325.56,  0.080, 252.47,  0.075, 298.61,  0.114, 294.32,  0.084, 304.82,  0.062,   5.53,  0.054, 296.57,  0.151, 341.09,  0.149, 331.02,  0.162, 281.38,  0.145, 282.79,  0.086, 203.90,-99.000, -99.00,-99.000, -99.00,-99.000, -99.00,-99.000, -99.00,
9/16/2006 15:05:00,  9.4,276.2,  3.2,  2.5, 18.955, 29.39,  0.0,  0.0,  0.133, 272.15,  0.158, 298.84,  0.134, 314.09,  0.105, 299.00,  0.143, 346.26,  0.188, 332.07,  0.132, 341.43,  0.196, 327.69,  0.149, 351.49,  0.159, 359.28,  0.117, 336.29,  0.097, 301.88,  0.196, 310.66,  0.081, 277.83,  0.097, 314.58,  0.204, 215.24,-99.000, -99.00,-99.000, -99.00,-99.000, -99.00,-99.000, -99.00,
9/16/2006 15:10:00,  9.4,276.1,  3.2,  2.5, 18.959, 29.39,  0.0,  0.0,  0.033,  42.51,  0.106, 331.26,  0.127, 287.00,  0.143, 297.10,  0.124, 331.57,  0.081, 271.41,  0.195, 307.93,  0.198, 319.30,  0.128, 305.43,  0.147, 311.70,  0.121, 293.39,  0.179, 296.85,  0.141, 293.84,  0.185, 290.19,  0.171, 267.32,  0.134, 213.45,-99.000, -99.00,-99.000, -99.00,-99.000, -99.00,-99.000, -99.00,
9/16/2006 15:15:00,  9.4,276.1,  3.2,  2.5, 18.965, 29.39,  0.0,  0.0,  0.076, 347.80,  0.086, 290.32,  0.179, 290.26,  0.134, 289.65,  0.144, 300.83,  0.149, 307.10,  0.099, 319.90,  0.133, 327.86,  0.156, 313.19,  0.079, 290.73,  0.129, 295.77,  0.095, 300.34,  0.124, 276.03,  0.136, 295.63,  0.154, 300.90,  0.049, 196.59,-99.000, -99.00,-99.000, -99.00,-99.000, -99.00,-99.000, -99.00,
9/16/2006 15:20:00,  9.4,276.2,  3.2,  2.5, 18.969, 29.39,  0.0,  0.0,  0.091, 261.16,  0.131, 301.87,  0.204, 315.59,  0.153, 321.63,  0.142, 346.94,  0.217, 313.69,  0.132, 318.69,  0.088, 346.12,  0.098, 316.66,  0.175, 330.95,  0.105, 306.87,  0.121, 320.38,  0.152, 301.81,  0.153, 293.54,  0.135, 305.93,  0.177, 213.96,-99.000, -99.00,-99.000, -99.00,-99.000, -99.00,-99.000, -99.00,
9/16/2006 15:25:00,  9.4,276.1,  3.2,  2.5, 18.971, 29.40,  0.0,  0.0,  0.122, 336.80,  0.185, 312.38,  0.134, 298.47,  0.155, 297.23,  0.193, 324.50,  0.142, 332.35,  0.131, 351.19,  0.148, 333.09,  0.136, 318.58,  0.163, 288.99,  0.109, 269.47,  0.159, 309.11,  0.130, 277.94,  0.197, 293.31,  0.155, 283.41,  0.200, 233.76,-99.000, -99.00,-99.000, -99.00,-99.000, -99.00,-99.000, -99.00,
9/16/2006 15:30:00,  9.4,276.0,  3.2,  2.5, 18.974, 29.41,  0.0,  0.0,  0.114,  17.32,  0.210, 294.74,  0.155, 312.12,  0.249, 318.10,  0.261, 312.36,  0.268, 335.34,  0.148, 324.91,  0.244, 316.83,  0.209, 310.54,  0.087, 303.33,  0.138, 326.54,  0.186, 302.07,  0.220, 300.07,  0.189, 281.90,  0.146, 271.96,  0.201, 264.01,-99.000, -99.00,-99.000, -99.00,-99.000, -99.00,-99.000, -99.00,
9/16/2006 15:35:00,  9.4,276.0,  3.2,  2.6, 18.973, 29.44,  0.0,  0.0,  0.131, 288.30,  0.159, 312.20,  0.175, 286.26,  0.297, 325.13,  0.129, 308.38,  0.218, 314.26,  0.201, 315.00,  0.191, 323.07,  0.135, 332.68,  0.156, 303.49,  0.151, 312.86,  0.181, 336.55,  0.116, 323.03,  0.178, 286.61,  0.286, 301.41,  0.276, 266.89,-99.000, -99.00,-99.000, -99.00,-99.000, -99.00,-99.000, -99.00,
9/16/2006 15:40:00,  9.4,276.0,  3.2,  2.5, 18.972, 29.47,  0.0,  0.0,  0.115, 310.76,  0.162, 310.75,  0.074, 301.10,  0.239, 301.29,  0.227, 319.29,  0.140, 311.53,  0.158, 316.28,  0.208, 311.50,  0.293, 318.87,  0.164, 315.00,  0.218, 293.27,  0.181, 283.42,  0.264, 292.00,  0.288, 289.25,  0.245, 310.53,  0.188, 266.35,-99.000, -99.00,-99.000, -99.00,-99.000, -99.00,-99.000, -99.00,
9/16/2006 15:45:00,  9.4,276.1,  3.2,  2.5, 18.973, 29.49,  0.0,  0.0,  0.133, 298.30,  0.146, 297.27,  0.088, 287.20,  0.158, 290.39,  0.142, 321.28,  0.176, 319.15,  0.214, 330.32,  0.223, 318.09,  0.201, 325.12,  0.147, 337.62,  0.182, 326.40,  0.146, 320.55,  0.158, 324.00,  0.242, 315.34,  0.221, 295.17,  0.253, 234.49,-99.000, -99.00,-99.000, -99.00,-99.000, -99.00,-99.000, -99.00,
9/16/2006 15:50:00,  9.4,276.1,  3.2,  2.6, 18.978, 29.50,  0.0,  0.0,  0.141, 285.22,  0.204, 299.33,  0.173, 273.31,  0.190, 316.28,  0.159, 294.15,  0.110, 316.47,  0.137, 310.56,  0.156, 324.68,  0.154, 303.59,  0.192, 311.41,  0.129, 314.06,  0.167, 285.62,  0.166, 285.38,  0.175, 288.64,  0.158, 293.96,  0.137, 186.29,-99.000, -99.00,-99.000, -99.00,-99.000, -99.00,-99.000, -99.00,
9/16/2006 15:55:00,  9.4,276.1,  3.2,  2.5, 18.987, 29.51,  0.0,  0.0,  0.207, 301.77,  0.189, 286.32,  0.174, 308.71,  0.164, 290.31,  0.083, 293.47,  0.189, 308.75,  0.126, 304.32,  0.252, 314.52,  0.214, 302.80,  0.196, 291.58,  0.164, 266.51,  0.277, 281.68,  0.159, 273.60,  0.225, 282.86,  0.233, 285.41,  0.090, 249.96,-99.000, -99.00,-99.000, -99.00,-99.000, -99.00,-99.000, -99.00,
9/16/2006 16:00:00,  9.4,276.1,  3.2,  2.5, 18.987, 29.52,  0.0,  0.0,  0.196, 304.82,  0.171, 302.11,  0.096,   4.76,  0.147, 315.00,  0.211, 327.22,  0.162, 351.47,  0.198, 320.93,  0.228, 331.97,  0.132, 341.84,  0.197, 315.41,  0.232, 272.22,  0.244, 278.96,  0.214, 293.94,  0.192, 292.96,  0.223, 329.52,  0.222, 322.31,-99.000, -99.00,-99.000, -99.00,-99.000, -99.00,-99.000, -99.00,
9/16/2006 16:05:00,  9.4,276.0,  3.2,  2.5, 18.991, 29.52,  0.0,  0.0,  0.201, 348.80,  0.245, 330.08,  0.270, 323.13,  0.196, 311.49,  0.216, 316.87,  0.110, 328.77,  0.203, 313.60,  0.194, 297.62,  0.145, 293.56,  0.183, 307.00,  0.245, 304.01,  0.177, 272.91,  0.232, 270.49,  0.231, 288.43,  0.193, 301.22,  0.138, 195.15,-99.000, -99.00,-99.000, -99.00,-99.000, -99.00,-99.000, -99.00,
9/16/2006 16:10:00,  9.4,276.2,  3.2,  2.5, 18.997, 29.52,  0.0,  0.0,  0.167, 330.51,  0.251, 333.54,  0.226, 315.00,  0.059,  11.69,  0.160, 320.84,  0.117, 334.09,  0.089,   9.04,  0.177, 319.82,  0.167, 302.55,  0.193, 293.51,  0.171, 280.45,  0.201, 282.93,  0.247, 264.43,  0.307, 254.52,  0.263, 275.02,  0.135, 231.94,-99.000, -99.00,-99.000, -99.00,-99.000, -99.00,-99.000, -99.00,
9/16/2006 16:15:00,  9.4,276.2,  3.2,  2.5, 19.001, 29.53,  0.0,  0.0,  0.149, 295.36,  0.196, 312.73,  0.139, 339.73,  0.107,   6.99,  0.188, 330.98,  0.109, 286.60,  0.099, 312.55,  0.059, 312.27,  0.121, 326.44,  0.081, 334.38,  0.157, 311.12,  0.145, 266.84,  0.130, 277.07,  0.143, 250.43,  0.165, 285.13,  0.192, 212.86,-99.000, -99.00,-99.000, -99.00,-99.000, -99.00,-99.000, -99.00,
9/16/2006 16:20:00,  9.4,276.2,  3.2,  2.6, 18.991, 29.53,  0.0,  0.0,  0.106, 265.68,  0.238, 324.91,  0.128, 351.93,  0.175, 336.07,  0.153, 336.11,  0.180, 321.09,  0.111, 323.44,  0.135, 326.19,  0.179, 313.42,  0.238, 324.57,  0.146, 301.84,  0.114, 306.47,  0.150, 324.51,  0.175, 289.37,  0.190, 289.39,  0.161, 219.44,-99.000, -99.00,-99.000, -99.00,-99.000, -99.00,-99.000, -99.00,
9/16/2006 16:25:00,  9.4,276.2,  3.2,  2.6, 18.996, 29.54,  0.0,  0.0,  0.119, 309.56,  0.171, 357.66,  0.205, 343.59,  0.185, 346.56,  0.119, 319.09,  0.157, 316.03,  0.144, 303.69,  0.129, 329.26,  0.178, 320.94,  0.117, 323.33,  0.146, 315.56,  0.225, 303.41,  0.141, 258.13,  0.198, 289.44,  0.192, 298.56,  0.118, 197.21,-99.000, -99.00,-99.000, -99.00,-99.000, -99.00,-99.000, -99.00,
9/16/2006 16:30:00,  9.4,276.2,  3.2,  2.5, 18.985, 29.57,  0.0,  0.0,  0.187, 313.05,  0.158, 326.92,  0.154, 339.44,  0.123, 327.99,  0.334, 323.16,  0.209, 312.86,  0.246, 320.43,  0.197, 300.86,  0.182, 313.89,  0.153, 297.24,  0.111, 310.60,  0.215, 294.18,  0.159, 307.59,  0.139, 267.94,  0.164, 288.10,  0.141, 231.91,-99.000, -99.00,-99.000, -99.00,-99.000, -99.00,-99.000, -99.00,
9/16/2006 16:35:00,  9.4,276.1,  3.2,  2.5, 19.000, 29.57,  0.0,  0.0,  0.190, 313.08,  0.158, 292.68,  0.074, 292.09,  0.121, 319.71,  0.064, 335.04,  0.062, 295.74,  0.090, 256.58,  0.147, 279.78,  0.125, 271.37,  0.132, 271.30,  0.122, 261.54,  0.142, 273.63,  0.145, 241.67,  0.146, 253.30,  0.155, 272.59,  0.116, 216.97,-99.000, -99.00,-99.000, -99.00,-99.000, -99.00,-99.000, -99.00,
9/16/2006 16:40:00,  9.4,276.1,  3.2,  2.6, 18.997, 29.58,  0.0,  0.0,  0.182, 307.18,  0.207, 332.69,  0.225, 321.14,  0.078, 301.85,  0.123, 323.60,  0.129, 268.22,  0.192, 282.01,  0.163, 293.11,  0.115, 229.24,  0.190, 243.03,  0.235, 253.42,  0.212, 249.25,  0.205, 259.02,  0.230, 243.66,  0.217, 273.69,  0.152, 206.23,-99.000, -99.00,-99.000, -99.00,-99.000, -99.00,-99.000, -99.00,
9/16/2006 16:45:00,  9.4,276.1,  3.2,  2.6, 18.998, 29.60,  0.0,  0.0,  0.224, 322.26,  0.134, 297.14,  0.088, 317.29,  0.123, 296.57,  0.159, 300.28,  0.143, 315.57,  0.142, 314.14,  0.160, 308.66,  0.140, 280.67,  0.143, 242.00,  0.181, 259.81,  0.238, 253.62,  0.198, 280.18,  0.195, 277.38,  0.103, 289.84,  0.082,   2.10,-99.000, -99.00,-99.000, -99.00,-99.000, -99.00,-99.000, -99.00,
9/16/2006 16:50:00,  9.4,276.2,  3.2,  2.6, 18.994, 29.63,  0.0,  0.0,  0.042,  62.82,  0.145, 324.55,  0.150, 318.78,  0.150, 325.35,  0.091, 257.95,  0.129, 287.59,  0.063, 262.65,  0.177, 291.20,  0.103, 224.60,  0.156, 271.47,  0.158, 288.43,  0.119, 277.24,  0.155, 310.56,  0.143, 278.87,  0.129, 302.95,  0.081, 152.80,-99.000, -99.00,-99.000, -99.00,-99.000, -99.00,-99.000, -99.00,
9/16/2006 16:55:00,  9.4,276.1,  3.2,  2.5, 19.001, 29.65,  0.0,  0.0,  0.100, 350.82,  0.109, 329.67,  0.132, 308.25,  0.153, 316.06,  0.173, 323.46,  0.086, 327.78,  0.149, 316.64,  0.140, 318.20,  0.158, 282.45,  0.145, 225.28,  0.142, 239.45,  0.167, 278.28,  0.136, 275.92,  0.202, 269.72,  0.163, 296.25,  0.101, 233.02,-99.000, -99.00,-99.000, -99.00,-99.000, -99.00,-99.000, -99.00,
9/16/2006 17:00:00,  9.4,276.1,  3.2,  2.5, 19.003, 29.67,  0.0,  0.0,  0.123, 315.00,  0.130, 299.91,  0.078, 259.70,  0.163, 236.50,  0.152, 282.94,  0.199, 282.15,  0.239, 246.33,  0.145, 240.60,  0.189, 257.80,  0.201, 264.29,  0.239, 282.30,  0.166, 281.45,  0.176, 303.15,  0.134, 272.99,  0.129, 282.09,  0.125, 214.58,-99.000, -99.00,-99.000, -99.00,-99.000, -99.00,-99.000, -99.00,
9/16/2006 17:05:00,  9.4,276.1,  3.2,  2.6, 19.003, 29.69,  0.0,  0.0,  0.148, 314.45,  0.154, 310.52,  0.119, 349.35,  0.121, 307.25,  0.173, 316.64,  0.143, 309.60,  0.162, 308.99,  0.085, 322.18,  0.096, 308.66,  0.156, 316.30,  0.120, 282.53,  0.215, 292.15,  0.114, 284.16,  0.124, 308.80,  0.139, 296.57,  0.147, 180.39,-99.000, -99.00,-99.000, -99.00,-99.000, -99.00,-99.000, -99.00,
9/16/2006 17:10:00,  9.4,276.1,  3.2,  2.5, 19.011, 29.66,  0.0,  0.0,  0.140, 300.05,  0.070, 239.04,  0.103, 228.14,  0.119, 279.22,  0.183, 324.13,  0.218, 311.66,  0.167, 321.82,  0.239, 321.79,  0.147, 301.63,  0.181, 333.01,  0.172, 301.48,  0.134, 267.86,  0.117, 285.81,  0.208, 304.61,  0.174, 292.59,  0.084, 253.50,-99.000, -99.00,-99.000, -99.00,-99.000, -99.00,-99.000, -99.00,
9/16/2006 17:15:00,  9.4,276.1,  3.2,  2.6, 19.004, 29.60,  0.0,  0.0,  0.106, 262.41,  0.061, 338.03,  0.124, 299.46,  0.070, 341.57,  0.199, 298.24,  0.176, 282.78,  0.140, 305.73,  0.113, 296.34,  0.197, 293.58,  0.113, 272.03,  0.194, 304.92,  0.145, 300.28,  0.203, 302.12,  0.217, 303.91,  0.128, 301.58,  0.091, 214.73,-99.000, -99.00,-99.000, -99.00,-99.000, -99.00,-99.000, -99.00,
9/16/2006 17:20:00,  9.4,276.1,  3.2,  2.6, 19.004, 29.58,  0.0,  0.0,  0.039, 299.20,  0.093, 270.00,  0.078, 278.13,  0.088, 287.82,  0.075, 307.94,  0.131, 277.45,  0.126, 270.00,  0.160, 311.96,  0.168, 309.94,  0.098, 235.01,  0.092, 250.39,  0.121, 232.37,  0.113, 264.39,  0.095, 317.56,  0.087, 341.98,  0.109, 199.76,-99.000, -99.00,-99.000, -99.00,-99.000, -99.00,-99.000, -99.00,
9/16/2006 17:25:00,  9.4,276.1,  3.2,  2.6, 19.005, 29.55,  0.0,  0.0,  0.133, 249.80,  0.155, 274.06,  0.130, 277.51,  0.136, 302.99,  0.199, 339.38,  0.140, 357.14,  0.073, 358.43,  0.165, 314.75,  0.134, 302.50,  0.074, 290.65,  0.153, 304.10,  0.132, 279.18,  0.166, 288.65,  0.155, 306.05,  0.189, 300.23,  0.129, 208.75,-99.000, -99.00,-99.000, -99.00,-99.000, -99.00,-99.000, -99.00,
9/16/2006 17:30:00,  9.4,276.2,  3.2,  2.5, 19.008, 29.51,  0.0,  0.0,  0.074, 250.35,  0.112, 283.91,  0.132, 279.61,  0.191, 305.19,  0.148, 332.57,  0.060, 309.56,  0.108, 298.23,  0.129, 296.17,  0.209, 304.68,  0.072, 253.84,  0.064, 270.90,  0.086, 271.33,  0.126, 292.31,  0.164, 282.00,  0.159, 283.43,  0.089, 223.18,-99.000, -99.00,-99.000, -99.00,-99.000, -99.00,-99.000, -99.00,
9/16/2006 17:35:00,  9.4,276.1,  3.2,  2.6, 19.001, 29.49,  0.0,  0.0,  0.294, 255.63,  0.216, 278.81,  0.159, 292.54,  0.139, 318.50,  0.173, 280.33,  0.101, 286.65,  0.270, 308.83,  0.128, 305.43,  0.118, 329.53,  0.077, 304.93,  0.139, 301.18,  0.164, 302.04,  0.179, 294.42,  0.196, 291.21,  0.143, 281.70,  0.070, 234.94,-99.000, -99.00,-99.000, -99.00,-99.000, -99.00,-99.000, -99.00,
9/16/2006 17:40:00,  9.4,276.1,  3.2,  2.6, 19.004, 29.47,  0.0,  0.0,  0.219, 273.66,  0.113, 258.79,  0.150, 317.70,  0.267, 308.46,  0.219, 310.37,  0.156, 319.16,  0.133, 313.78,  0.179, 314.77,  0.175, 297.59,  0.197, 322.84,  0.172, 319.72,  0.204, 301.98,  0.187, 311.10,  0.130, 305.28,  0.177, 319.36,  0.123, 189.39,-99.000, -99.00,-99.000, -99.00,-99.000, -99.00,-99.000, -99.00,
9/16/2006 17:45:00,  9.4,276.1,  3.2,  2.5, 18.997, 29.46,  0.0,  0.0,  0.226, 261.62,  0.151, 265.46,  0.096, 317.12,  0.228, 310.38,  0.099, 337.34,  0.080, 334.08,  0.168, 337.56,  0.132, 334.41,  0.204, 316.19,  0.170, 288.54,  0.178, 293.11,  0.230, 289.07,  0.210, 285.49,  0.141, 286.11,  0.115, 302.59,  0.129, 239.87,-99.000, -99.00,-99.000, -99.00,-99.000, -99.00,-99.000, -99.00,
9/16/2006 17:50:00,  9.4,276.2,  3.3,  2.5, 19.004, 29.45,  0.0,  0.0,  0.096, 332.10,  0.040, 235.12,  0.147, 260.99,  0.120, 312.31,  0.121, 307.25,  0.150, 326.94,  0.169, 287.25,  0.126, 318.22,  0.066, 326.79,  0.060, 280.56,  0.116, 295.46,  0.157, 280.30,  0.164, 270.00,  0.236, 298.09,  0.174, 297.30,  0.078, 204.26,-99.000, -99.00,-99.000, -99.00,-99.000, -99.00,-99.000, -99.00,
9/16/2006 17:55:00,  9.4,276.1,  3.2,  2.6, 18.997, 29.44,  0.0,  0.0,  0.185, 275.28,  0.135, 289.51,  0.213, 289.80,  0.124, 294.29,  0.209, 309.56,  0.072, 288.69,  0.089, 291.08,  0.159, 289.46,  0.148, 286.85,  0.132, 287.61,  0.132, 276.10,  0.157, 303.28,  0.203, 311.00,  0.214, 311.97,  0.197, 308.21,  0.089, 266.78,-99.000, -99.00,-99.000, -99.00,-99.000, -99.00,-99.000, -99.00,
9/16/2006 18:00:00,  9.4,276.1,  3.2,  2.6, 18.992, 29.44,  0.0,  0.0,  0.031, 176.31,  0.096, 284.47,  0.096, 285.05,  0.147, 267.66,  0.107, 286.24,  0.182, 297.13,  0.101, 295.29,  0.089, 318.63,  0.129, 302.95,  0.146, 299.89,  0.155, 310.80,  0.132, 299.10,  0.167, 293.65,  0.182, 297.41,  0.164, 294.07,  0.132, 292.29,-99.000, -99.00,-99.000, -99.00,-99.000, -99.00,-99.000, -99.00,
9/16/2006 18:05:00,  9.4,276.1,  3.2,  2.6, 18.992, 29.43,  0.0,  0.0,  0.045, 271.27,  0.149, 261.92,  0.149, 269.62,  0.153, 280.94,  0.170, 313.57,  0.191, 302.36,  0.155, 306.05,  0.157, 312.94,  0.110, 282.02,  0.155, 288.43,  0.205, 320.95,  0.234, 303.49,  0.225, 300.79,  0.204, 303.22,  0.217, 300.69,  0.176, 275.22,-99.000, -99.00,-99.000, -99.00,-99.000, -99.00,-99.000, -99.00,
9/16/2006 18:10:00,  9.4,276.1,  3.2,  2.6, 18.992, 29.43,  0.0,  0.0,  0.150, 292.80,  0.162, 254.25,  0.160, 253.71,  0.182, 274.74,  0.091, 277.59,  0.106, 324.96,  0.218, 305.29,  0.181, 294.16,  0.172, 291.18,  0.158, 303.08,  0.203, 316.00,  0.192, 296.57,  0.077, 277.50,  0.176, 324.95,  0.113, 297.47,  0.070, 155.62,-99.000, -99.00,-99.000, -99.00,-99.000, -99.00,-99.000, -99.00,
9/16/2006 18:15:00,  9.4,276.1,  3.2,  2.5, 18.992, 29.43,  0.0,  0.0,  0.123, 332.39,  0.080, 222.47,  0.057, 245.22,  0.142, 278.93,  0.163, 275.64,  0.159, 329.72,  0.183, 285.56,  0.182, 296.14,  0.078, 304.51,  0.122, 297.82,  0.213, 299.58,  0.146, 302.38,  0.096, 274.17,  0.157, 275.13,  0.120, 275.28,  0.072, 240.95,-99.000, -99.00,-99.000, -99.00,-99.000, -99.00,-99.000, -99.00,
9/16/2006 18:20:00,  9.4,276.0,  3.2,  2.5, 18.989, 29.44,  0.0,  0.0,  0.088, 318.69,  0.068, 279.32,  0.161, 304.38,  0.071, 229.57,  0.149, 240.16,  0.229, 262.97,  0.194, 294.71,  0.139, 291.04,  0.129, 296.17,  0.099, 300.47,  0.135, 299.22,  0.145, 296.57,  0.247, 284.77,  0.199, 282.78,  0.162, 290.56,  0.083, 143.82,-99.000, -99.00,-99.000, -99.00,-99.000, -99.00,-99.000, -99.00,
9/16/2006 18:25:00,  9.4,276.2,  3.2,  2.6, 18.993, 29.44,  0.0,  0.0,  0.123, 319.60,  0.080, 298.50,  0.150, 261.54,  0.176, 288.95,  0.128, 303.57,  0.109, 308.66,  0.104, 255.56,  0.121, 275.71,  0.146, 310.01,  0.133, 317.44,  0.150, 283.48,  0.123, 266.28,  0.128, 292.55,  0.159, 277.98,  0.139, 287.53,  0.092, 276.27,-99.000, -99.00,-99.000, -99.00,-99.000, -99.00,-99.000, -99.00,
9/16/2006 18:30:00,  9.4,276.1,  3.2,  2.6, 18.983, 29.44,  0.0,  0.0,  0.067, 266.58,  0.179, 283.57,  0.162, 274.62,  0.108, 319.11,  0.093, 280.58,  0.112, 272.05,  0.111, 330.90,  0.140, 319.35,  0.114, 297.01,  0.198, 312.95,  0.153, 304.62,  0.222, 278.82,  0.193, 264.35,  0.173, 282.35,  0.154, 303.90,  0.108, 195.07,-99.000, -99.00,-99.000, -99.00,-99.000, -99.00,-99.000, -99.00,
9/16/2006 18:35:00,  9.4,276.2,  3.2,  2.5, 18.979, 29.44,  0.0,  0.0,  0.059, 190.74,  0.119, 257.84,  0.082, 247.17,  0.104, 265.05,  0.112, 294.74,  0.169, 289.40,  0.158, 280.60,  0.122, 288.58,  0.177, 279.09,  0.174, 285.00,  0.206, 290.20,  0.098, 268.25,  0.149, 274.60,  0.178, 272.89,  0.124, 274.15,  0.032, 221.19,-99.000, -99.00,-99.000, -99.00,-99.000, -99.00,-99.000, -99.00,
9/16/2006 18:40:00,  9.4,276.3,  3.2,  2.6, 18.980, 29.45,  0.0,  0.0,  0.083, 321.88,  0.079, 287.74,  0.051, 282.41,  0.087, 251.98,  0.083, 272.07,  0.192, 283.89,  0.096, 267.02,  0.114, 304.25,  0.027,  66.25,  0.012, 329.04,  0.108, 298.69,  0.062, 313.03,  0.117, 298.53,  0.142, 293.15,  0.149, 292.44,  0.105, 265.10,-99.000, -99.00,-99.000, -99.00,-99.000, -99.00,-99.000, -99.00,
9/16/2006 18:45:00,  9.4,276.2,  3.2,  2.6, 18.977, 29.45,  0.0,  0.0,  0.052, 250.87,  0.064,  10.78,  0.105, 327.07,  0.111, 252.22,  0.100, 293.50,  0.181, 304.39,  0.187, 288.43,  0.094, 282.86,  0.095, 268.19,  0.147, 280.17,  0.138, 272.90,  0.171, 278.08,  0.174, 286.04,  0.143, 270.00,  0.168, 293.82,  0.091, 250.77,-99.000, -99.00,-99.000, -99.00,-99.000, -99.00,-99.000, -99.00,
9/16/2006 18:50:00,  9.4,276.1,  3.2,  2.5, 18.966, 29.45,  0.0,  0.0,  0.092,  21.57,  0.110, 291.90,  0.089, 257.05,  0.077, 292.91,  0.133, 273.87,  0.031, 289.03,  0.178, 317.05,  0.115, 323.83,  0.061, 272.82,  0.147, 282.61,  0.169, 273.39,  0.106, 280.89,  0.073, 288.43,  0.123, 263.45,  0.177, 303.24,  0.059, 185.81,-99.000, -99.00,-99.000, -99.00,-99.000, -99.00,-99.000, -99.00,
9/16/2006 18:55:00,  9.4,276.1,  3.2,  2.5, 18.961, 29.46,  0.0,  0.0,  0.046, 355.03,  0.058, 335.64,  0.044,  52.35,  0.038,  27.90,  0.077, 297.90,  0.162, 317.75,  0.087, 341.15,  0.059, 343.11,  0.122, 306.03,  0.099, 278.13,  0.082, 272.10,  0.148, 266.91,  0.206, 287.20,  0.202, 271.98,  0.211, 286.80,  0.035, 210.96,-99.000, -99.00,-99.000, -99.00,-99.000, -99.00,-99.000, -99.00,
9/16/2006 19:00:00,  9.4,276.1,  3.3,  2.5, 18.958, 29.46,  0.0,  0.0,  0.129, 320.99,  0.051, 285.95,  0.050,  76.24,  0.107,  88.93,  0.022,  18.43,  0.115, 159.03,  0.107, 156.31,  0.043, 111.80,  0.085,  47.86,  0.028, 347.47,  0.137, 359.58,  0.092,   4.35,  0.051, 329.42,  0.037, 270.00,  0.073, 306.09,  0.042, 199.29,-99.000, -99.00,-99.000, -99.00,-99.000, -99.00,-99.000, -99.00,
9/16/2006 19:05:00,  9.4,276.1,  3.2,  2.5, 18.949, 29.47,  0.0,  0.0,  0.100,  38.13,  0.052, 191.09,  0.058, 277.99,  0.141, 165.67,  0.103, 164.21,  0.007, 195.95,  0.096, 161.75,  0.065,  88.24,  0.077,  90.74,  0.096, 161.19,  0.100, 168.47,  0.114, 162.68,  0.154, 133.95,  0.147, 127.26,  0.196, 106.31,  0.134, 137.12,-99.000, -99.00,-99.000, -99.00,-99.000, -99.00,-99.000, -99.00,
9/16/2006 19:10:00,  9.4,276.2,  3.3,  2.5, 18.943, 29.47,  0.0,  0.0,  0.065, 278.88,  0.058, 132.21,  0.083, 136.94,  0.182, 124.04,  0.169, 145.09,  0.073, 123.25,  0.113, 122.01,  0.093,  44.13,  0.111, 135.36,  0.048, 121.37,  0.094, 113.28,  0.088, 147.58,  0.025, 211.76,  0.024, 247.75,  0.056, 260.71,  0.093, 180.00,-99.000, -99.00,-99.000, -99.00,-99.000, -99.00,-99.000, -99.00,
9/16/2006 19:15:00,  9.4,276.1,  3.2,  2.6, 18.943, 29.47,  0.0,  0.0,  0.063,  64.65,  0.067, 107.35,  0.130, 132.51,  0.095, 119.52,  0.057, 120.62,  0.073, 128.29,  0.099, 171.30,  0.177, 170.59,  0.199, 162.47,  0.130, 202.62,  0.188, 146.48,  0.198, 141.34,  0.109, 147.33,  0.175, 145.95,  0.197, 133.97,  0.102, 169.80,-99.000, -99.00,-99.000, -99.00,-99.000, -99.00,-99.000, -99.00,
9/16/2006 19:20:00,  9.4,276.2,  3.3,  2.5, 18.946, 29.48,  0.0,  0.0,  0.113, 237.99,  0.201, 187.73,  0.087, 230.62,  0.034, 120.38,  0.072, 132.75,  0.132, 133.77,  0.068,  29.95,  0.086, 134.53,  0.006,   0.00,  0.033, 128.93,  0.135, 131.70,  0.180, 117.85,  0.119, 111.62,  0.086, 124.06,  0.067, 335.34,  0.071, 178.39,-99.000, -99.00,-99.000, -99.00,-99.000, -99.00,-99.000, -99.00,
9/16/2006 19:25:00,  9.4,276.2,  3.3,  2.5, 18.942, 29.48,  0.0,  0.0,  0.090, 196.82,  0.094, 175.74,  0.099, 112.66,  0.152, 145.47,  0.069, 147.46,  0.084, 143.27,  0.069,  94.14,  0.107, 187.52,  0.045, 195.59,  0.042, 145.56,  0.040, 197.53,  0.143, 201.35,  0.083, 244.98,  0.021, 332.24,  0.020, 206.57,  0.021, 207.76,-99.000, -99.00,-99.000, -99.00,-99.000, -99.00,-99.000, -99.00,
9/16/2006 19:30:00,  9.4,276.2,  3.3,  2.5, 18.937, 29.46,  0.0,  0.0,  0.021, 223.03,  0.080, 128.44,  0.041, 216.03,  0.018, 266.82,  0.037, 187.70,  0.117, 169.17,  0.035,  98.13,  0.088, 176.75,  0.017, 305.54,  0.083, 306.18,  0.093, 251.76,  0.098, 258.80,  0.115, 288.28,  0.067, 256.17,  0.077, 264.81,  0.079, 172.69,-99.000, -99.00,-99.000, -99.00,-99.000, -99.00,-99.000, -99.00,
9/16/2006 19:35:00,  9.4,276.2,  3.3,  2.6, 18.939, 29.45,  0.0,  0.0,  0.080, 102.30,  0.052, 149.04,  0.038, 106.99,  0.072, 198.69,  0.036, 320.60,  0.125, 133.05,  0.099, 193.47,  0.086, 134.06,  0.013,   0.00,  0.069, 204.72,  0.122, 280.39,  0.086, 257.25,  0.054, 248.20,  0.104, 287.39,  0.064, 300.19,  0.029, 239.04,-99.000, -99.00,-99.000, -99.00,-99.000, -99.00,-99.000, -99.00,
9/16/2006 19:40:00,  9.4,276.1,  3.3,  2.5, 18.923, 29.43,  0.0,  0.0,  0.090, 201.45,  0.062, 168.87,  0.135, 103.73,  0.070, 137.89,  0.102, 132.61,  0.085, 105.67,  0.104, 138.50,  0.061,  13.35,  0.076, 212.64,  0.146, 251.19,  0.208, 215.83,  0.136, 250.63,  0.118, 313.97,  0.074, 246.90,  0.078, 304.51,  0.040, 175.71,-99.000, -99.00,-99.000, -99.00,-99.000, -99.00,-99.000, -99.00,
9/16/2006 19:45:00,  9.4,276.2,  3.3,  2.5, 18.924, 29.42,  0.0,  0.0,  0.021, 190.78,  0.069, 155.28,  0.076, 175.49,  0.129, 255.21,  0.029, 223.60,  0.091, 114.60,  0.053, 108.78,  0.061, 273.75,  0.059, 220.18,  0.100, 265.43,  0.070, 237.91,  0.143, 265.60,  0.067, 226.81,  0.062, 295.74,  0.048, 104.62,  0.056, 142.31,-99.000, -99.00,-99.000, -99.00,-99.000, -99.00,-99.000, -99.00,
9/16/2006 19:50:00,  9.4,276.2,  3.3,  2.5, 18.907, 29.41,  0.0,  0.0,  0.047, 219.81,  0.129, 170.61,  0.201, 178.01,  0.081, 122.91,  0.088, 166.12,  0.131, 109.13,  0.114, 135.36,  0.021,  64.65,  0.047, 214.70,  0.079, 196.14,  0.065, 219.35,  0.063, 293.32,  0.040, 255.62,  0.043, 198.85,  0.047, 288.43,  0.081, 110.89,-99.000, -99.00,-99.000, -99.00,-99.000, -99.00,-99.000, -99.00,
9/16/2006 19:55:00,  9.4,276.1,  3.3,  2.5, 18.911, 29.40,  0.0,  0.0,  0.101, 165.69,  0.097, 116.83,  0.071, 161.05,  0.098, 169.38,  0.055, 100.49,  0.118, 110.90,  0.061,  80.54,  0.035, 184.90,  0.025,  53.13,  0.060, 282.43,  0.114, 249.97,  0.122, 224.33,  0.034, 244.18,  0.080,  92.15,  0.111, 140.13,  0.071, 174.37,-99.000, -99.00,-99.000, -99.00,-99.000, -99.00,-99.000, -99.00,
9/16/2006 20:00:00,  9.4,276.1,  3.2,  2.5, 18.905, 29.39,  0.0,  0.0,  0.111, 155.05,  0.183, 165.43,  0.158, 203.96,  0.083, 180.00,  0.157, 132.94,  0.131, 114.81,  0.128, 102.63,  0.068, 128.40,  0.120, 172.82,  0.028, 226.47,  0.082, 304.08,  0.057, 275.01,  0.056, 268.98,  0.030, 293.20,  0.039, 355.60,  0.036, 173.66,-99.000, -99.00,-99.000, -99.00,-99.000, -99.00,-99.000, -99.00,
9/16/2006 20:05:00,  9.3,276.1,  3.3,  2.5, 18.901, 29.39,  0.0,  0.0,  0.032, 273.58,  0.137, 126.37,  0.067, 208.47,  0.158, 197.29,  0.136, 159.84,  0.105, 161.74,  0.071, 140.71,  0.083, 106.90,  0.113, 209.05,  0.109, 204.44,  0.091, 188.84,  0.017,  90.00,  0.067, 304.64,  0.048, 304.02,  0.024,  97.13,  0.054, 160.56,-99.000, -99.00,-99.000, -99.00,-99.000, -99.00,-99.000, -99.00,
9/16/2006 20:10:00,  9.3,276.1,  3.3,  2.5, 18.898, 29.38,  0.0,  0.0,  0.163, 108.99,  0.101, 136.20,  0.051, 217.09,  0.155, 134.74,  0.113, 130.33,  0.090, 140.84,  0.136, 151.36,  0.032,  77.28,  0.080, 163.37,  0.050, 156.50,  0.149, 273.07,  0.057, 252.53,  0.001, 315.00,  0.071, 141.84,  0.052,  87.80,  0.075, 158.91,-99.000, -99.00,-99.000, -99.00,-99.000, -99.00,-99.000, -99.00,
9/16/2006 20:15:00,  9.3,276.1,  3.3,  2.5, 18.892, 29.38,  0.0,  0.0,  0.117,  96.88,  0.061, 146.31,  0.057, 151.63,  0.075, 179.24,  0.163, 148.55,  0.159, 170.95,  0.060, 100.56,  0.074, 179.23,  0.070, 211.66,  0.062, 209.86,  0.083, 253.10,  0.049, 197.70,  0.066, 216.35,  0.039, 181.47,  0.051, 308.66,  0.034, 121.83,-99.000, -99.00,-99.000, -99.00,-99.000, -99.00,-99.000, -99.00,
9/16/2006 20:20:00,  9.3,276.1,  3.3,  2.5, 18.889, 29.38,  0.0,  0.0,  0.050,  85.43,  0.175, 124.51,  0.101, 132.20,  0.064, 135.00,  0.065, 139.40,  0.249, 159.52,  0.148, 126.48,  0.121, 119.74,  0.066, 179.13,  0.057, 171.87,  0.112, 195.52,  0.121, 235.12,  0.092, 278.75,  0.015,  93.81,  0.019, 237.99,  0.064, 181.79,-99.000, -99.00,-99.000, -99.00,-99.000, -99.00,-99.000, -99.00,
9/16/2006 20:25:00,  9.3,276.1,  3.3,  2.6, 18.888, 29.38,  0.0,  0.0,  0.154, 132.63,  0.175, 112.90,  0.094, 130.67,  0.078, 115.91,  0.147, 148.04,  0.250, 143.13,  0.070, 137.89,  0.102, 195.95,  0.081, 144.54,  0.073, 143.91,  0.012, 149.04,  0.037, 220.60,  0.041, 255.96,  0.078, 185.86,  0.056, 357.95,  0.096,  87.02,-99.000, -99.00,-99.000, -99.00,-99.000, -99.00,-99.000, -99.00,
9/16/2006 20:30:00,  9.3,276.2,  3.3,  2.5, 18.879, 29.38,  0.0,  0.0,  0.182, 141.24,  0.206, 115.57,  0.085, 115.06,  0.126, 111.89,  0.053,  83.54,  0.086, 152.24,  0.205, 135.79,  0.044,  95.19,  0.063, 201.30,  0.147, 162.18,  0.081, 192.84,  0.075, 199.40,  0.045, 139.54,  0.059, 180.00,  0.065, 162.96,  0.028, 137.86,-99.000, -99.00,-99.000, -99.00,-99.000, -99.00,-99.000, -99.00,
9/16/2006 20:35:00,  9.3,276.1,  3.3,  2.6, 18.887, 29.38,  0.0,  0.0,  0.092, 126.12,  0.103,  73.67,  0.129, 107.59,  0.092, 115.73,  0.095, 140.96,  0.130, 145.70,  0.144, 141.78,  0.063, 169.94,  0.131, 184.37,  0.023,  92.49,  0.032, 169.05,  0.013, 302.47,  0.078, 110.30,  0.024,  27.65,  0.095, 342.90,  0.047, 206.57,-99.000, -99.00,-99.000, -99.00,-99.000, -99.00,-99.000, -99.00,
9/16/2006 20:40:00,  9.3,276.1,  3.3,  2.5, 18.879, 29.38,  0.0,  0.0,  0.120, 109.04,  0.140, 117.30,  0.139, 119.69,  0.130, 135.00,  0.198, 141.57,  0.135, 108.17,  0.136, 118.44,  0.132, 121.64,  0.081, 115.62,  0.040, 129.99,  0.119, 154.08,  0.072, 195.40,  0.074, 195.73,  0.064, 192.72,  0.077, 172.50,  0.002, 333.43,-99.000, -99.00,-99.000, -99.00,-99.000, -99.00,-99.000, -99.00,
9/16/2006 20:45:00,  9.3,276.0,  3.3,  2.6, 18.879, 29.37,  0.0,  0.0,  0.183,  95.34,  0.123, 127.43,  0.124, 122.15,  0.169, 123.88,  0.132,  94.76,  0.198, 140.12,  0.197, 158.90,  0.107, 157.50,  0.096, 156.64,  0.050, 170.73,  0.055,  38.33,  0.030,   5.71,  0.120, 200.56,  0.075, 214.74,  0.071, 184.83,  0.032, 198.43,-99.000, -99.00,-99.000, -99.00,-99.000, -99.00,-99.000, -99.00,
9/16/2006 20:50:00,  9.3,276.1,  3.3,  2.5, 18.875, 29.37,  0.0,  0.0,  0.189, 123.77,  0.243, 128.33,  0.234, 138.29,  0.234, 107.43,  0.182, 117.55,  0.202, 119.36,  0.021, 119.05,  0.121, 155.13,  0.067, 180.00,  0.124, 140.55,  0.085, 125.93,  0.034, 197.35,  0.061, 291.97,  0.046, 312.36,  0.018, 292.38,  0.037, 336.19,-99.000, -99.00,-99.000, -99.00,-99.000, -99.00,-99.000, -99.00,
9/16/2006 20:55:00,  9.3,276.1,  3.3,  2.5, 18.862, 29.37,  0.0,  0.0,  0.249, 122.54,  0.146, 138.89,  0.180, 112.16,  0.170, 123.22,  0.188, 103.82,  0.213, 119.58,  0.140, 125.73,  0.148, 139.40,  0.107, 118.95,  0.145, 161.57,  0.093, 171.35,  0.073, 179.22,  0.060, 112.69,  0.047,  72.72,  0.041,  15.75,  0.059, 111.80,-99.000, -99.00,-99.000, -99.00,-99.000, -99.00,-99.000, -99.00,
9/16/2006 21:00:00,  9.3,276.1,  3.3,  2.5, 18.862, 29.36,  0.0,  0.0,  0.268, 122.50,  0.169, 119.74,  0.202, 131.19,  0.171,  98.75,  0.103, 117.81,  0.173, 158.32,  0.112, 138.62,  0.123, 137.63,  0.141, 135.86,  0.041,  75.96,  0.062, 180.92,  0.096, 293.90,  0.073, 204.12,  0.062, 249.23,  0.026, 103.50,  0.021, 157.17,-99.000, -99.00,-99.000, -99.00,-99.000, -99.00,-99.000, -99.00,
9/16/2006 21:05:00,  9.3,276.1,  3.3,  2.6, 18.852, 29.35,  0.0,  0.0,  0.221, 147.03,  0.193, 122.95,  0.261, 113.03,  0.124,  95.57,  0.163, 140.24,  0.153, 108.32,  0.194, 125.16,  0.191, 139.89,  0.150, 137.70,  0.066, 129.47,  0.079, 135.00,  0.064, 162.70,  0.036, 353.66,  0.055,  90.00,  0.044, 151.70,  0.020, 284.74,-99.000, -99.00,-99.000, -99.00,-99.000, -99.00,-99.000, -99.00,
9/16/2006 21:10:00,  9.3,276.1,  3.3,  2.5, 18.841, 29.35,  0.0,  0.0,  0.216, 116.92,  0.176, 105.14,  0.310, 115.24,  0.183, 137.87,  0.191, 120.45,  0.256, 129.78,  0.218, 133.14,  0.170, 109.29,  0.162,  88.59,  0.147, 116.22,  0.183, 142.57,  0.033, 139.97,  0.051, 284.86,  0.026, 239.42,  0.076, 171.66,  0.027, 169.51,-99.000, -99.00,-99.000, -99.00,-99.000, -99.00,-99.000, -99.00,
9/16/2006 21:15:00,  9.3,276.1,  3.3,  2.5, 18.839, 29.35,  0.0,  0.0,  0.188, 137.58,  0.123, 107.99,  0.176, 101.82,  0.226, 107.23,  0.222, 109.98,  0.199, 101.87,  0.222, 120.03,  0.193, 131.44,  0.083, 132.55,  0.054, 133.49,  0.109, 151.56,  0.069, 149.74,  0.034, 200.56,  0.094, 238.51,  0.055, 242.05,  0.089, 185.77,-99.000, -99.00,-99.000, -99.00,-99.000, -99.00,-99.000, -99.00,
9/16/2006 21:20:00,  9.3,276.1,  3.3,  2.6, 18.847, 29.35,  0.0,  0.0,  0.161, 125.37,  0.208, 114.47,  0.106, 100.35,  0.234, 120.63,  0.166, 118.89,  0.225, 115.88,  0.203, 121.11,  0.131, 116.76,  0.080, 109.80,  0.176, 117.73,  0.139, 116.93,  0.083, 107.56,  0.059,  40.18,  0.082, 334.06,  0.039, 152.78,  0.054, 197.10,-99.000, -99.00,-99.000, -99.00,-99.000, -99.00,-99.000, -99.00,
9/16/2006 21:25:00,  9.3,276.2,  3.3,  2.6, 18.834, 29.35,  0.0,  0.0,  0.218, 104.36,  0.258, 115.77,  0.277, 111.38,  0.226, 118.27,  0.273, 119.38,  0.274, 116.19,  0.213,  82.71,  0.155,  89.63,  0.201, 107.35,  0.181, 119.12,  0.102, 124.16,  0.038,  39.61,  0.122, 321.63,  0.087, 298.93,  0.057, 277.00,  0.049, 220.86,-99.000, -99.00,-99.000, -99.00,-99.000, -99.00,-99.000, -99.00,
9/16/2006 21:30:00,  9.3,276.2,  3.3,  2.6, 18.833, 29.36,  0.0,  0.0,  0.075,  92.29,  0.088, 105.77,  0.187, 122.33,  0.100, 132.97,  0.225, 123.19,  0.229, 128.62,  0.175, 126.87,  0.169, 131.15,  0.123, 118.65,  0.197, 113.31,  0.122,  81.54,  0.082, 129.09,  0.052, 104.57,  0.107, 155.82,  0.044, 193.09,  0.095, 211.69,-99.000, -99.00,-99.000, -99.00,-99.000, -99.00,-99.000, -99.00,
9/16/2006 21:35:00,  9.3,276.1,  3.3,  2.6, 18.833, 29.37,  0.0,  0.0,  0.241, 140.22,  0.211, 126.71,  0.280, 123.18,  0.287, 122.64,  0.294, 125.15,  0.239, 109.27,  0.290, 128.29,  0.267, 131.04,  0.246, 117.29,  0.216, 130.11,  0.213, 146.68,  0.067, 116.57,  0.142,  81.07,  0.051,  72.98,  0.070,  22.56,  0.099,  98.70,-99.000, -99.00,-99.000, -99.00,-99.000, -99.00,-99.000, -99.00,
9/16/2006 21:40:00,  9.3,276.1,  3.3,  2.5, 18.822, 29.37,  0.0,  0.0,  0.136, 136.79,  0.171, 123.32,  0.187, 130.43,  0.188, 123.94,  0.257, 111.68,  0.228, 115.44,  0.294, 126.56,  0.237, 119.05,  0.139,  98.71,  0.176,  97.17,  0.111,  87.94,  0.065,  83.85,  0.080,   0.72,  0.065,  20.66,  0.107, 141.42,  0.055, 176.88,-99.000, -99.00,-99.000, -99.00,-99.000, -99.00,-99.000, -99.00,
9/16/2006 21:45:00,  9.3,276.2,  3.3,  2.5, 18.812, 29.38,  0.0,  0.0,  0.234, 126.14,  0.128, 113.55,  0.098, 107.88,  0.164, 129.31,  0.208, 142.41,  0.190, 158.03,  0.207, 138.92,  0.159, 116.89,  0.226, 121.44,  0.052, 131.08,  0.118, 138.45,  0.130, 119.53,  0.076,  70.85,  0.033,  42.51,  0.067, 349.70,  0.032, 201.80,-99.000, -99.00,-99.000, -99.00,-99.000, -99.00,-99.000, -99.00,
9/16/2006 21:50:00,  9.3,276.2,  3.3,  2.5, 18.822, 29.37,  0.0,  0.0,  0.195, 127.28,  0.153, 136.59,  0.173, 144.19,  0.218, 143.76,  0.165, 137.70,  0.160, 138.04,  0.128, 186.29,  0.270, 166.53,  0.098, 171.79,  0.121, 116.99,  0.137, 179.58,  0.052, 202.62,  0.084,  73.30,  0.148,  20.15,  0.091, 340.18,  0.018, 180.00,-99.000, -99.00,-99.000, -99.00,-99.000, -99.00,-99.000, -99.00,
9/16/2006 21:55:00,  9.3,276.0,  3.3,  2.5, 18.813, 29.37,  0.0,  0.0,  0.131,  86.07,  0.165, 159.81,  0.003, 180.00,  0.219, 170.02,  0.137, 173.29,  0.032, 163.81,  0.090, 146.84,  0.015, 233.13,  0.087, 139.18,  0.110, 180.00,  0.072, 240.95,  0.048, 296.03,  0.017,  57.26,  0.127, 339.29,  0.059, 336.04,  0.026, 245.38,-99.000, -99.00,-99.000, -99.00,-99.000, -99.00,-99.000, -99.00,
9/16/2006 22:00:00,  9.3,276.2,  3.3,  2.5, 18.811, 29.37,  0.0,  0.0,  0.086, 132.63,  0.146, 174.88,  0.143, 152.54,  0.121, 162.16,  0.081, 178.59,  0.101, 150.40,  0.041, 195.75,  0.039, 216.57,  0.046, 110.41,  0.092,  51.15,  0.017,   6.71,  0.093, 322.39,  0.102, 343.52,  0.110, 327.61,  0.112, 335.73,  0.048, 214.02,-99.000, -99.00,-99.000, -99.00,-99.000, -99.00,-99.000, -99.00,
9/16/2006 22:05:00,  9.3,276.1,  3.3,  2.5, 18.809, 29.36,  0.0,  0.0,  0.102, 145.84,  0.011, 344.74,  0.115,  88.01,  0.016, 325.30,  0.035, 101.63,  0.030,  78.31,  0.089, 109.65,  0.015, 121.61,  0.029, 358.03,  0.097, 345.68,  0.129, 358.67,  0.138, 328.04,  0.126, 326.31,  0.093, 359.38,  0.109, 342.40,  0.071, 235.86,-99.000, -99.00,-99.000, -99.00,-99.000, -99.00,-99.000, -99.00,
9/16/2006 22:10:00,  9.3,276.1,  3.3,  2.5, 18.807, 29.35,  0.0,  0.0,  0.050, 107.35,  0.095, 118.18,  0.079, 133.98,  0.030, 270.00,  0.035,   0.00,  0.094, 135.43,  0.057, 312.88,  0.065,  67.38,  0.047,  30.96,  0.037, 247.62,  0.095, 333.71,  0.101, 282.53,  0.122, 317.98,  0.191, 337.47,  0.099, 348.35,  0.074, 284.04,-99.000, -99.00,-99.000, -99.00,-99.000, -99.00,-99.000, -99.00,
9/16/2006 22:15:00,  9.3,276.2,  3.3,  2.5, 18.801, 29.35,  0.0,  0.0,  0.064,  69.03,  0.047, 131.53,  0.004,  56.31,  0.108, 116.33,  0.034,  74.74,  0.079, 336.99,  0.038,  49.24,  0.051, 122.12,  0.021,  67.17,  0.064, 315.63,  0.038,  83.99,  0.029,   5.91,  0.104, 313.83,  0.099, 300.96,  0.168, 338.33,  0.011, 236.31,-99.000, -99.00,-99.000, -99.00,-99.000, -99.00,-99.000, -99.00,
9/16/2006 22:20:00,  9.3,276.0,  3.3,  2.5, 18.800, 29.35,  0.0,  0.0,  0.087, 113.03,  0.150, 118.61,  0.054, 126.03,  0.126, 155.67,  0.060, 134.33,  0.060, 141.04,  0.056, 309.94,  0.035, 165.17,  0.037, 270.00,  0.052, 322.03,  0.125, 334.87,  0.111, 341.08,  0.142, 325.64,  0.096, 344.95,  0.101, 349.70,  0.007, 116.57,-99.000, -99.00,-99.000, -99.00,-99.000, -99.00,-99.000, -99.00,
9/16/2006 22:25:00,  9.3,276.1,  3.3,  2.5, 18.792, 29.35,  0.0,  0.0,  0.075, 108.68,  0.080,  83.50,  0.020,  45.00,  0.078, 141.80,  0.008, 209.74,  0.088, 320.53,  0.056, 350.71,  0.012,  55.01,  0.081, 335.32,  0.038, 109.86,  0.096, 344.22,  0.145, 330.60,  0.134, 355.73,  0.127, 345.85,  0.098, 326.63,  0.063, 291.30,-99.000, -99.00,-99.000, -99.00,-99.000, -99.00,-99.000, -99.00,
9/16/2006 22:30:00,  9.3,276.1,  3.3,  2.6, 18.795, 29.36,  0.0,  0.0,  0.061, 158.90,  0.086, 158.20,  0.033, 353.09,  0.029,   3.95,  0.039, 318.12,  0.059, 322.55,  0.041, 152.18,  0.029, 172.15,  0.013, 318.01,  0.105, 321.60,  0.114, 313.93,  0.094, 318.87,  0.111, 339.44,  0.136, 348.94,  0.114, 344.74,  0.056, 174.90,-99.000, -99.00,-99.000, -99.00,-99.000, -99.00,-99.000, -99.00,
9/16/2006 22:35:00,  9.3,276.1,  3.3,  2.5, 18.783, 29.38,  0.0,  0.0,  0.152,  45.80,  0.067,  16.53,  0.031, 317.60,  0.029, 136.40,  0.149, 294.67,  0.034, 330.46,  0.143, 332.90,  0.089, 350.33,  0.103, 305.08,  0.214, 336.91,  0.148, 317.47,  0.115, 312.54,  0.096, 319.21,  0.109, 296.80,  0.134, 328.09,  0.024,  90.00,-99.000, -99.00,-99.000, -99.00,-99.000, -99.00,-99.000, -99.00,
9/16/2006 22:40:00,  9.3,276.0,  3.3,  2.5, 18.783, 29.39,  0.0,  0.0,  0.056,   0.00,  0.114, 332.31,  0.046, 325.62,  0.055, 320.19,  0.004, 315.00,  0.070, 263.48,  0.110, 321.67,  0.115, 330.99,  0.112, 340.10,  0.070, 355.10,  0.126, 343.43,  0.084, 346.95,  0.150, 330.35,  0.128, 329.04,  0.229, 329.29,  0.027, 158.20,-99.000, -99.00,-99.000, -99.00,-99.000, -99.00,-99.000, -99.00,
9/16/2006 22:45:00,  9.3,276.0,  3.3,  2.6, 18.775, 29.40,  0.0,  0.0,  0.121, 342.76,  0.087, 352.71,  0.128,   2.24,  0.123, 352.53,  0.070, 332.70,  0.064, 332.24,  0.074,   3.87,  0.094, 332.89,  0.101, 308.57,  0.113, 279.13,  0.156, 325.19,  0.132, 341.84,  0.094, 321.91,  0.083, 343.96,  0.102, 327.88,  0.043, 142.59,-99.000, -99.00,-99.000, -99.00,-99.000, -99.00,-99.000, -99.00,
9/16/2006 22:50:00,  9.3,276.1,  3.3,  2.5, 18.772, 29.41,  0.0,  0.0,  0.177, 336.76,  0.114,  19.38,  0.113, 330.95,  0.096, 315.84,  0.148, 337.77,  0.128, 307.68,  0.114, 291.61,  0.053, 324.21,  0.083, 337.43,  0.072, 357.61,  0.055, 306.87,  0.064, 326.56,  0.107, 347.01,  0.101, 354.91,  0.160, 346.66,  0.045,  57.72,-99.000, -99.00,-99.000, -99.00,-99.000, -99.00,-99.000, -99.00,
9/16/2006 22:55:00,  9.3,276.2,  3.3,  2.5, 18.767, 29.42,  0.0,  0.0,  0.187, 353.86,  0.181, 350.12,  0.067, 342.65,  0.117, 281.31,  0.101, 299.60,  0.100, 329.33,  0.052, 289.13,  0.114, 329.38,  0.085, 315.00,  0.105, 293.63,  0.095, 294.94,  0.101, 306.53,  0.098, 299.96,  0.103, 344.74,  0.174, 331.52,  0.027, 180.00,-99.000, -99.00,-99.000, -99.00,-99.000, -99.00,-99.000, -99.00,
9/16/2006 23:00:00,  9.3,276.1,  3.3,  2.5, 18.770, 29.42,  0.0,  0.0,  0.134,  12.90,  0.192, 347.05,  0.081, 347.86,  0.117, 329.29,  0.082, 313.03,  0.165, 326.12,  0.074, 335.17,  0.118, 338.20,  0.135, 357.03,  0.147, 340.08,  0.130, 358.68,  0.173, 321.81,  0.127, 315.32,  0.161, 313.74,  0.158, 330.35,  0.042, 151.61,-99.000, -99.00,-99.000, -99.00,-99.000, -99.00,-99.000, -99.00,
9/16/2006 23:05:00,  9.3,276.1,  3.3,  2.6, 18.774, 29.42,  0.0,  0.0,  0.194,  31.72,  0.084,  11.04,  0.163,   3.86,  0.131, 310.36,  0.174, 325.03,  0.094, 307.23,  0.075, 356.19,  0.088, 354.16,  0.136, 306.95,  0.184, 297.12,  0.038, 245.43,  0.040,   1.43,  0.092, 308.85,  0.032, 339.86,  0.048, 346.83,  0.034, 296.57,-99.000, -99.00,-99.000, -99.00,-99.000, -99.00,-99.000, -99.00,
9/16/2006 23:10:00,  9.3,276.1,  3.3,  2.5, 18.777, 29.41,  0.0,  0.0,  0.169, 341.67,  0.197, 341.38,  0.171,  16.31,  0.171, 344.74,  0.116, 352.08,  0.156, 338.20,  0.115, 344.40,  0.147, 316.10,  0.206, 338.92,  0.073, 277.91,  0.165, 333.43,  0.089, 333.15,  0.122, 320.31,  0.142, 327.65,  0.122, 341.42,  0.051, 290.56,-99.000, -99.00,-99.000, -99.00,-99.000, -99.00,-99.000, -99.00,
9/16/2006 23:15:00,  9.3,276.1,  3.3,  2.5, 18.775, 29.41,  0.0,  0.0,  0.167,   1.37,  0.158, 324.00,  0.217,   5.82,  0.167, 347.21,  0.129, 349.30,  0.057, 336.14,  0.061,   0.00,  0.069,   8.37,  0.115, 326.31,  0.064, 331.82,  0.110, 303.55,  0.125, 309.16,  0.060, 280.56,  0.154, 318.15,  0.061, 306.30,  0.040, 156.61,-99.000, -99.00,-99.000, -99.00,-99.000, -99.00,-99.000, -99.00,
9/16/2006 23:20:00,  9.3,276.1,  3.3,  2.5, 18.774, 29.40,  0.0,  0.0,  0.160, 329.90,  0.182, 341.07,  0.183, 353.73,  0.133, 324.51,  0.181, 345.96,  0.111,  22.86,  0.142, 339.02,  0.095,  19.01,  0.154, 343.80,  0.127, 332.83,  0.116, 355.56,  0.098,  13.61,  0.073, 350.54,  0.084,   2.05,  0.193, 337.81,  0.087, 172.71,-99.000, -99.00,-99.000, -99.00,-99.000, -99.00,-99.000, -99.00,
9/16/2006 23:25:00,  9.3,276.0,  3.3,  2.6, 18.768, 29.39,  0.0,  0.0,  0.130, 331.07,  0.054, 344.93,  0.203, 332.81,  0.181,  10.81,  0.082,  19.32,  0.168, 349.02,  0.172, 347.58,  0.105, 292.41,  0.114, 326.45,  0.086,   2.00,  0.129, 349.30,  0.071, 334.16,  0.046, 304.38,  0.030, 295.71,  0.126, 320.49,  0.027, 126.03,-99.000, -99.00,-99.000, -99.00,-99.000, -99.00,-99.000, -99.00,
9/16/2006 23:30:00,  9.3,276.1,  3.3,  2.5, 18.764, 29.39,  0.0,  0.0,  0.104, 309.17,  0.196, 343.69,  0.140, 354.25,  0.103,   2.22,  0.221, 343.70,  0.140,   3.68,  0.132, 351.75,  0.016,  63.43,  0.049,  33.37,  0.128, 303.57,  0.072, 243.79,  0.061, 294.06,  0.094, 327.15,  0.129, 343.81,  0.111,   0.00,  0.052, 135.78,-99.000, -99.00,-99.000, -99.00,-99.000, -99.00,-99.000, -99.00,
9/16/2006 23:35:00,  9.3,276.1,  3.3,  2.6, 18.765, 29.38,  0.0,  0.0,  0.167, 330.51,  0.113, 344.61,  0.079,   2.17,  0.111,   0.52,  0.232, 327.47,  0.161, 353.58,  0.130,  25.97,  0.118, 329.53,  0.070, 348.53,  0.065, 331.46,  0.046, 310.60,  0.065, 271.76,  0.119, 329.12,  0.137, 313.82,  0.057, 279.13,  0.031,  80.84,-99.000, -99.00,-99.000, -99.00,-99.000, -99.00,-99.000, -99.00,
9/16/2006 23:40:00,  9.3,276.1,  3.3,  2.5, 18.770, 29.37,  0.0,  0.0,  0.147, 294.12,  0.160, 324.92,  0.112, 340.76,  0.198, 331.62,  0.128,  17.30,  0.105,  18.26,  0.182,  34.48,  0.089,  24.55,  0.121, 319.35,  0.224, 330.35,  0.129, 316.57,  0.153, 334.78,  0.137, 338.12,  0.079, 335.38,  0.106, 328.85,  0.065, 304.92,-99.000, -99.00,-99.000, -99.00,-99.000, -99.00,-99.000, -99.00,
9/16/2006 23:45:00,  9.3,276.1,  3.3,  2.6, 18.769, 29.37,  0.0,  0.0,  0.193, 357.92,  0.158, 320.66,  0.188, 333.84,  0.094, 334.25,  0.183, 345.43,  0.136, 353.66,  0.089, 347.68,  0.035, 334.89,  0.118,  25.69,  0.089, 345.65,  0.070, 305.73,  0.057, 301.48,  0.027, 276.34,  0.099, 319.09,  0.082, 338.46,  0.046,  21.57,-99.000, -99.00,-99.000, -99.00,-99.000, -99.00,-99.000, -99.00,
9/16/2006 23:50:00,  9.3,276.0,  3.3,  2.5, 18.763, 29.36,  0.0,  0.0,  0.127,   4.50,  0.166, 355.50,  0.104, 352.81,  0.102, 321.78,  0.149,   8.08,  0.166,  24.56,  0.121, 356.69,  0.072,  42.17,  0.091,  20.63,  0.032,  93.58,  0.069, 300.68,  0.146, 322.50,  0.072, 322.33,  0.082, 345.11,  0.127, 313.40,  0.025, 244.44,-99.000, -99.00,-99.000, -99.00,-99.000, -99.00,-99.000, -99.00,
9/16/2006 23:55:00,  9.3,276.1,  3.3,  2.6, 18.779, 29.36,  0.0,  0.0,  0.121, 357.16,  0.112, 356.93,  0.080,  17.53,  0.113, 290.20,  0.122, 347.68,  0.096,  42.47,  0.105,  25.35,  0.106, 351.87,  0.180, 348.44,  0.039, 355.60,  0.063, 315.64,  0.115, 302.16,  0.121, 325.39,  0.117, 344.19,  0.052, 324.46,  0.109, 155.56,-99.000, -99.00,-99.000, -99.00,-99.000, -99.00,-99.000, -99.00,
9/17/2006 00:00:00,  9.3,276.0,  3.3,  2.5, 18.785, 29.36,  0.0,  0.0,  0.111, 326.74,  0.071, 306.38,  0.109, 348.38,  0.168, 332.67,  0.145,  10.30,  0.115,  19.22,  0.094, 350.84,  0.064,  10.78,  0.104, 339.12,  0.162, 339.44,  0.090, 337.14,  0.157, 311.39,  0.106, 306.98,  0.046, 338.43,  0.099, 341.75,  0.065, 301.72,-99.000, -99.00,-99.000, -99.00,-99.000, -99.00,-99.000, -99.00,
9/17/2006 00:05:00,  9.3,276.0,  3.3,  2.5, 18.773, 29.36,  0.0,  0.0,  0.135, 320.41,  0.141,   2.44,  0.140, 358.77,  0.101,  19.69,  0.103, 334.68,  0.133, 335.16,  0.014, 326.31,  0.099, 281.65,  0.071, 310.43,  0.165, 349.85,  0.026, 254.36,  0.092, 304.38,  0.054, 294.18,  0.079, 340.88,  0.090, 311.85,  0.039, 297.22,-99.000, -99.00,-99.000, -99.00,-99.000, -99.00,-99.000, -99.00,
9/17/2006 00:10:00,  9.3,276.1,  3.3,  2.6, 18.771, 29.36,  0.0,  0.0,  0.148, 342.30,  0.121, 340.67,  0.211,   9.02,  0.085,   2.69,  0.149, 345.59,  0.080, 345.44,  0.088,   5.19,  0.175, 351.13,  0.019,   0.00,  0.089, 323.64,  0.053, 259.11,  0.065, 318.73,  0.072, 255.58,  0.053, 282.99,  0.022, 164.05,  0.018, 199.44,-99.000, -99.00,-99.000, -99.00,-99.000, -99.00,-99.000, -99.00,
9/17/2006 00:15:00,  9.3,276.1,  3.3,  2.5, 18.780, 29.36,  0.0,  0.0,  0.055,  35.42,  0.045,  16.82,  0.114, 335.01,  0.129, 318.14,  0.060, 331.31,  0.042,   6.79,  0.102, 333.18,  0.028, 329.74,  0.058, 348.11,  0.033,  12.34,  0.017,  17.35,  0.071,  17.16,  0.086, 333.73,  0.080,  15.26,  0.039, 349.56,  0.082, 233.41,-99.000, -99.00,-99.000, -99.00,-99.000, -99.00,-99.000, -99.00,
9/17/2006 00:20:00,  9.3,276.1,  3.3,  2.6, 18.773, 29.36,  0.0,  0.0,  0.110, 353.72,  0.102, 342.98,  0.161, 347.09,  0.078,  14.93,  0.114,   5.01,  0.116, 343.92,  0.053,  61.99,  0.042, 328.57,  0.020, 270.00,  0.079, 290.73,  0.048, 300.34,  0.028, 288.43,  0.083, 334.98,  0.034, 244.18,  0.127, 305.70,  0.075, 296.22,-99.000, -99.00,-99.000, -99.00,-99.000, -99.00,-99.000, -99.00,
9/17/2006 00:25:00,  9.3,276.2,  3.3,  2.5, 18.775, 29.37,  0.0,  0.0,  0.197, 324.70,  0.110, 347.36,  0.126, 329.97,  0.106, 317.29,  0.148, 334.47,  0.135, 322.20,  0.087, 295.97,  0.092, 358.13,  0.140, 321.08,  0.203, 305.18,  0.147, 329.77,  0.112, 326.31,  0.101, 318.22,  0.099, 309.66,  0.090, 308.26,  0.007, 116.57,-99.000, -99.00,-99.000, -99.00,-99.000, -99.00,-99.000, -99.00,
9/17/2006 00:30:00,  9.3,276.2,  3.3,  2.5, 18.786, 29.37,  0.0,  0.0,  0.148, 305.40,  0.125, 348.42,  0.133, 301.78,  0.091, 299.67,  0.066, 289.54,  0.094, 318.01,  0.157, 337.18,  0.068, 331.93,  0.075, 322.06,  0.106, 326.91,  0.081, 330.26,  0.065, 292.62,  0.043, 331.07,  0.127, 316.60,  0.121, 313.33,  0.096, 300.56,-99.000, -99.00,-99.000, -99.00,-99.000, -99.00,-99.000, -99.00,
9/17/2006 00:35:00,  9.3,276.1,  3.3,  2.6, 18.778, 29.37,  0.0,  0.0,  0.123,   6.08,  0.156,  45.26,  0.101, 352.59,  0.100, 340.66,  0.097, 259.96,  0.097, 327.62,  0.094, 348.33,  0.056, 350.71,  0.067, 350.54,  0.054, 350.36,  0.055, 230.19,  0.057, 275.01,  0.089, 331.13,  0.054, 333.43,  0.007,  26.57,  0.055, 198.10,-99.000, -99.00,-99.000, -99.00,-99.000, -99.00,-99.000, -99.00,
9/17/2006 00:40:00,  9.3,276.1,  3.3,  2.5, 18.779, 29.37,  0.0,  0.0,  0.073, 330.64,  0.043, 327.43,  0.147, 329.77,  0.052, 334.92,  0.090, 337.72,  0.143, 350.74,  0.033,  32.74,  0.101, 328.36,  0.131, 343.09,  0.142, 345.77,  0.101, 280.30,  0.198, 290.73,  0.122, 297.82,  0.078, 340.64,  0.088, 338.08,  0.075, 166.89,-99.000, -99.00,-99.000, -99.00,-99.000, -99.00,-99.000, -99.00,
9/17/2006 00:45:00,  9.3,276.1,  3.3,  2.6, 18.776, 29.38,  0.0,  0.0,  0.091, 308.76,  0.137,  10.08,  0.086, 307.41,  0.077,  22.22,  0.031, 114.90,  0.069, 316.77,  0.083, 331.89,  0.141, 332.53,  0.086, 304.61,  0.101, 276.28,  0.081, 322.56,  0.115, 312.88,  0.060, 294.84,  0.074, 334.47,  0.096,  42.88,  0.075, 140.98,-99.000, -99.00,-99.000, -99.00,-99.000, -99.00,-99.000, -99.00,
9/17/2006 00:50:00,  9.3,276.2,  3.3,  2.5, 18.779, 29.39,  0.0,  0.0,  0.102, 332.68,  0.184, 313.24,  0.064, 337.86,  0.101, 322.22,  0.072, 329.86,  0.140, 276.16,  0.126, 302.68,  0.092, 278.13,  0.061, 259.61,  0.110, 308.01,  0.106, 301.89,  0.110, 298.90,  0.056, 274.09,  0.099, 306.75,  0.049, 293.96,  0.085, 190.12,-99.000, -99.00,-99.000, -99.00,-99.000, -99.00,-99.000, -99.00,
9/17/2006 00:55:00,  9.3,276.0,  3.3,  2.5, 18.779, 29.39,  0.0,  0.0,  0.070, 317.89,  0.145, 348.85,  0.130, 319.35,  0.137, 308.79,  0.103, 336.43,  0.126, 343.43,  0.026,  85.60,  0.100,   5.77,  0.049, 356.50,  0.044, 290.10,  0.082, 287.77,  0.112, 325.60,  0.108, 321.01,  0.093, 339.23,  0.128, 346.40,  0.049,  22.89,-99.000, -99.00,-99.000, -99.00,-99.000, -99.00,-99.000, -99.00,
9/17/2006 01:00:00,  9.3,276.0,  3.3,  2.5, 18.773, 29.40,  0.0,  0.0,  0.141, 333.98,  0.105, 314.23,  0.163, 325.73,  0.145, 338.20,  0.081, 331.22,  0.062,  36.50,  0.038,  18.43,  0.048,  48.37,  0.090, 324.90,  0.020, 162.47,  0.120, 325.91,  0.123, 332.39,  0.087, 323.92,  0.136, 320.95,  0.133, 316.22,  0.025,  53.13,-99.000, -99.00,-99.000, -99.00,-99.000, -99.00,-99.000, -99.00,
9/17/2006 01:05:00,  9.3,276.1,  3.3,  2.6, 18.779, 29.41,  0.0,  0.0,  0.101, 291.49,  0.160, 345.53,  0.018,  60.64,  0.124, 344.05,  0.101,   5.09,  0.092, 329.25,  0.102, 328.65,  0.006, 300.96,  0.063,  26.57,  0.060, 354.29,  0.026, 212.47,  0.045, 284.04,  0.116, 332.33,  0.122,   8.92,  0.034,  36.53,  0.078, 275.86,-99.000, -99.00,-99.000, -99.00,-99.000, -99.00,-99.000, -99.00,
9/17/2006 01:10:00,  9.3,276.1,  3.3,  2.5, 18.781, 29.42,  0.0,  0.0,  0.164, 324.18,  0.086, 287.59,  0.112, 283.91,  0.057, 332.99,  0.052, 332.45,  0.036, 302.35,  0.078, 292.62,  0.045, 300.53,  0.143, 293.51,  0.090, 281.56,  0.073, 286.70,  0.129, 289.42,  0.133, 289.25,  0.039,  48.12,  0.080, 329.28,  0.040, 282.99,-99.000, -99.00,-99.000, -99.00,-99.000, -99.00,-99.000, -99.00,
9/17/2006 01:15:00,  9.3,276.1,  3.3,  2.6, 18.780, 29.44,  0.0,  0.0,  0.050,   3.43,  0.093,   6.82,  0.097, 307.46,  0.054, 316.51,  0.055, 218.33,  0.049, 299.17,  0.110, 320.53,  0.045, 285.59,  0.092, 280.70,  0.112, 314.27,  0.118, 322.94,  0.060, 273.81,  0.099, 300.17,  0.130, 334.42,  0.099, 349.49,  0.007,  56.31,-99.000, -99.00,-99.000, -99.00,-99.000, -99.00,-99.000, -99.00,
9/17/2006 01:20:00,  9.3,276.1,  3.3,  2.5, 18.776, 29.45,  0.0,  0.0,  0.043, 322.59,  0.053, 341.22,  0.101, 328.36,  0.033, 316.22,  0.084, 337.69,  0.080, 317.53,  0.026,  60.52,  0.062, 324.25,  0.159, 317.80,  0.132, 332.08,  0.075, 319.32,  0.113, 312.14,  0.083, 254.62,  0.154, 318.95,  0.178, 324.61,  0.044, 154.59,-99.000, -99.00,-99.000, -99.00,-99.000, -99.00,-99.000, -99.00,
9/17/2006 01:25:00,  9.3,276.1,  3.3,  2.5, 18.787, 29.45,  0.0,  0.0,  0.064, 306.69,  0.106,   2.70,  0.075,  37.94,  0.097,   0.00,  0.071,   0.00,  0.114, 346.33,  0.135, 314.10,  0.093, 150.41,  0.051, 277.82,  0.022, 349.70,  0.034, 155.70,  0.058, 268.03,  0.025, 313.36,  0.027, 123.11,  0.042, 170.31,  0.046, 107.65,-99.000, -99.00,-99.000, -99.00,-99.000, -99.00,-99.000, -99.00,
9/17/2006 01:30:00,  9.3,276.0,  3.3,  2.6, 18.784, 29.46,  0.0,  0.0,  0.080, 334.72,  0.080,   7.93,  0.097, 338.20,  0.088, 302.97,  0.101, 296.57,  0.126, 356.82,  0.097, 326.80,  0.161, 301.02,  0.058, 342.82,  0.068,  15.26,  0.106, 341.22,  0.138, 333.25,  0.152, 318.21,  0.109, 294.44,  0.144, 320.91,  0.039, 325.49,-99.000, -99.00,-99.000, -99.00,-99.000, -99.00,-99.000, -99.00,
9/17/2006 01:35:00,  9.3,276.1,  3.3,  2.6, 18.790, 29.46,  0.0,  0.0,  0.129,  23.20,  0.041, 348.69,  0.092, 350.03,  0.098, 304.18,  0.075, 315.00,  0.079, 308.32,  0.048,   7.13,  0.054,  38.99,  0.013,  90.00,  0.059, 293.96,  0.115, 290.97,  0.118, 318.77,  0.013, 288.43,  0.118, 325.37,  0.110, 334.60,  0.035, 274.90,-99.000, -99.00,-99.000, -99.00,-99.000, -99.00,-99.000, -99.00,
9/17/2006 01:40:00,  9.3,276.1,  3.3,  2.5, 18.787, 29.46,  0.0,  0.0,  0.049, 322.43,  0.113,  33.83,  0.132, 333.05,  0.053, 312.71,  0.029,   7.85,  0.066, 348.69,  0.055, 200.07,  0.051, 274.48,  0.023, 177.51,  0.096, 325.65,  0.060, 295.71,  0.083, 316.47,  0.041, 260.07,  0.109, 328.95,  0.067, 326.55,  0.038, 262.50,-99.000, -99.00,-99.000, -99.00,-99.000, -99.00,-99.000, -99.00,
9/17/2006 01:45:00,  9.3,276.0,  3.3,  2.5, 18.792, 29.47,  0.0,  0.0,  0.102, 308.66,  0.094, 343.30,  0.028,  27.47,  0.069,   8.37,  0.061, 354.38,  0.026, 270.00,  0.057, 312.14,  0.120, 350.38,  0.106, 334.89,  0.109, 298.44,  0.106, 288.78,  0.122, 314.01,  0.068, 339.44,  0.153, 338.13,  0.090, 330.88,  0.010, 191.31,-99.000, -99.00,-99.000, -99.00,-99.000, -99.00,-99.000, -99.00,
9/17/2006 01:50:00,  9.3,276.1,  3.3,  2.6, 18.792, 29.47,  0.0,  0.0,  0.123, 346.87,  0.057, 309.29,  0.137, 323.88,  0.149, 357.31,  0.164, 336.71,  0.075, 299.65,  0.065, 324.36,  0.067, 351.38,  0.035, 346.76,  0.048, 324.32,  0.108, 311.24,  0.155, 306.87,  0.121, 328.55,  0.085,   0.00,  0.088, 334.31,  0.038, 230.39,-99.000, -99.00,-99.000, -99.00,-99.000, -99.00,-99.000, -99.00,
9/17/2006 01:55:00,  9.3,276.1,  3.3,  2.5, 18.806, 29.48,  0.0,  0.0,  0.134,   4.69,  0.190, 329.66,  0.066, 337.71,  0.017,  13.24,  0.120, 330.43,  0.046, 250.77,  0.053, 311.19,  0.077, 313.42,  0.087, 275.91,  0.152, 311.54,  0.078, 315.00,  0.086, 322.07,  0.027, 272.12,  0.071, 350.27,  0.070, 323.13,  0.011,  84.81,-99.000, -99.00,-99.000, -99.00,-99.000, -99.00,-99.000, -99.00,
9/17/2006 02:00:00,  9.3,276.1,  3.3,  2.5, 18.811, 29.48,  0.0,  0.0,  0.098, 299.17,  0.100, 333.95,  0.129, 322.86,  0.146, 314.44,  0.091, 325.27,  0.025, 328.24,  0.129, 322.24,  0.059, 297.00,  0.110, 304.99,  0.095, 326.98,  0.126, 343.43,  0.132, 314.69,  0.128, 320.71,  0.063,  10.06,  0.054, 337.22,  0.043, 163.69,-99.000, -99.00,-99.000, -99.00,-99.000, -99.00,-99.000, -99.00,
9/17/2006 02:05:00,  9.3,276.0,  3.3,  2.5, 18.807, 29.48,  0.0,  0.0,  0.035, 316.17,  0.032, 284.47,  0.099, 272.89,  0.121, 338.73,  0.065,  39.35,  0.035, 233.13,  0.049, 200.28,  0.102, 323.35,  0.112, 325.18,  0.109, 332.02,  0.027,  51.01,  0.101, 336.73,  0.141, 333.07,  0.050,   0.00,  0.053, 344.65,  0.023,  43.26,-99.000, -99.00,-99.000, -99.00,-99.000, -99.00,-99.000, -99.00,
9/17/2006 02:10:00,  9.3,276.1,  3.3,  2.5, 18.796, 29.49,  0.0,  0.0,  0.147, 350.99,  0.121, 341.27,  0.046,  85.03,  0.114, 312.51,  0.105, 306.87,  0.032, 122.20,  0.052, 161.92,  0.078, 315.00,  0.051, 274.48,  0.127, 324.30,  0.185, 307.30,  0.087, 287.39,  0.095, 300.34,  0.097, 333.17,  0.113, 351.37,  0.025, 336.50,-99.000, -99.00,-99.000, -99.00,-99.000, -99.00,-99.000, -99.00,
9/17/2006 02:15:00,  9.3,276.1,  3.3,  2.6, 18.818, 29.49,  0.0,  0.0,  0.141, 282.66,  0.077,  16.56,  0.060, 274.76,  0.095, 344.80,  0.074, 337.62,  0.104, 296.32,  0.081, 275.64,  0.084, 281.71,  0.098, 318.32,  0.104, 314.61,  0.189, 315.21,  0.112, 305.54,  0.138, 324.70,  0.146, 346.92,  0.102, 325.84,  0.091, 169.92,-99.000, -99.00,-99.000, -99.00,-99.000, -99.00,-99.000, -99.00,
9/17/2006 02:20:00,  9.3,276.0,  3.3,  2.5, 18.799, 29.49,  0.0,  0.0,  0.011, 318.81,  0.040, 319.09,  0.031, 345.07,  0.083, 343.96,  0.060,  10.56,  0.119,   9.70,  0.116,  15.47,  0.024,  22.25,  0.098, 310.03,  0.080,   8.64,  0.122, 335.75,  0.100, 299.39,  0.007, 206.57,  0.022,   0.00,  0.043,  48.81,  0.031,  29.05,-99.000, -99.00,-99.000, -99.00,-99.000, -99.00,-99.000, -99.00,
9/17/2006 02:25:00,  9.3,276.1,  3.3,  2.5, 18.801, 29.49,  0.0,  0.0,  0.126, 302.68,  0.149,   6.17,  0.089, 337.48,  0.133, 328.22,  0.139, 352.16,  0.100, 318.65,  0.005, 270.00,  0.105, 270.55,  0.108, 285.07,  0.097, 296.30,  0.065, 311.27,  0.135, 321.94,  0.111, 314.64,  0.089, 340.95,  0.065, 293.43,  0.034, 239.62,-99.000, -99.00,-99.000, -99.00,-99.000, -99.00,-99.000, -99.00,
9/17/2006 02:30:00,  9.3,276.1,  3.3,  2.5, 18.817, 29.50,  0.0,  0.0,  0.149,  39.02,  0.076,   8.34,  0.069, 101.63,  0.033, 278.62,  0.090, 324.54,  0.064, 236.56,  0.104, 289.65,  0.075, 206.22,  0.038, 152.10,  0.050, 249.04,  0.122, 259.61,  0.071, 270.00,  0.038, 324.64,  0.057, 268.99,  0.061, 249.78,  0.057, 233.53,-99.000, -99.00,-99.000, -99.00,-99.000, -99.00,-99.000, -99.00,
9/17/2006 02:35:00,  9.2,276.1,  3.3,  2.5, 18.818, 29.50,  0.0,  0.0,  0.056, 331.14,  0.123, 352.07,  0.038,  64.80,  0.050, 280.41,  0.101, 314.60,  0.044,  31.87,  0.080, 359.28,  0.067, 344.52,  0.098, 348.23,  0.123, 258.78,  0.017, 246.37,  0.037,  75.96,  0.062, 309.81,  0.054, 311.99,  0.052,   1.10,  0.052, 188.91,-99.000, -99.00,-99.000, -99.00,-99.000, -99.00,-99.000, -99.00,
9/17/2006 02:40:00,  9.2,276.1,  3.3,  2.5, 18.807, 29.50,  0.0,  0.0,  0.029, 277.85,  0.104, 346.63,  0.121, 313.99,  0.082, 244.06,  0.005,   0.00,  0.045, 304.05,  0.054, 266.82,  0.041,   9.93,  0.085,  90.00,  0.035,  48.50,  0.074,  22.09,  0.064,  41.19,  0.139, 307.12,  0.070, 284.83,  0.063, 285.57,  0.037, 189.21,-99.000, -99.00,-99.000, -99.00,-99.000, -99.00,-99.000, -99.00,
9/17/2006 02:45:00,  9.2,276.1,  3.3,  2.5, 18.819, 29.50,  0.0,  0.0,  0.090, 337.72,  0.063, 289.59,  0.121, 229.71,  0.097, 283.17,  0.129, 266.45,  0.032, 255.53,  0.034, 330.46,  0.062, 246.32,  0.114, 260.37,  0.116, 272.47,  0.094, 298.47,  0.065, 288.71,  0.131, 303.45,  0.056, 248.01,  0.038, 334.80,  0.095, 190.95,-99.000, -99.00,-99.000, -99.00,-99.000, -99.00,-99.000, -99.00,
9/17/2006 02:50:00,  9.2,276.0,  3.3,  2.5, 18.826, 29.50,  0.0,  0.0,  0.028, 136.47,  0.004, 345.96,  0.149, 346.80,  0.159, 343.16,  0.126,   0.00,  0.096, 355.24,  0.019, 270.00,  0.066, 194.88,  0.077, 211.22,  0.093, 271.23,  0.050, 237.26,  0.070, 202.56,  0.089, 219.97,  0.095, 239.66,  0.077, 237.76,  0.044, 233.39,-99.000, -99.00,-99.000, -99.00,-99.000, -99.00,-99.000, -99.00,
9/17/2006 02:55:00,  9.2,276.1,  3.3,  2.5, 18.826, 29.51,  0.0,  0.0,  0.020,  95.71,  0.059, 359.03,  0.020, 327.09,  0.022, 243.43,  0.072, 312.17,  0.039, 277.31,  0.017, 122.74,  0.026,  46.55,  0.078, 314.48,  0.095, 282.14,  0.050, 296.05,  0.070, 279.87,  0.108, 251.06,  0.062, 246.32,  0.054, 316.51,  0.048, 190.84,-99.000, -99.00,-99.000, -99.00,-99.000, -99.00,-99.000, -99.00,
9/17/2006 03:00:00,  9.2,276.1,  3.3,  2.5, 18.824, 29.51,  0.0,  0.0,  0.061,  59.20,  0.080,  23.67,  0.159, 344.65,  0.127,   9.54,  0.146, 359.61,  0.046,  11.31,  0.030, 237.38,  0.022, 234.16,  0.023, 318.58,  0.047, 267.56,  0.037, 274.64,  0.062, 252.15,  0.103, 262.18,  0.098, 276.47,  0.015, 254.05,  0.032, 133.73,-99.000, -99.00,-99.000, -99.00,-99.000, -99.00,-99.000, -99.00,
9/17/2006 03:05:00,  9.2,276.0,  3.3,  2.5, 18.821, 29.51,  0.0,  0.0,  0.102, 279.00,  0.124,  30.09,  0.035, 343.61,  0.077,  53.43,  0.009, 333.43,  0.025, 153.43,  0.001, 135.00,  0.102,  17.02,  0.063, 327.32,  0.076, 286.05,  0.082, 316.97,  0.063, 196.70,  0.088, 262.15,  0.130, 269.12,  0.091, 273.14,  0.051, 268.88,-99.000, -99.00,-99.000, -99.00,-99.000, -99.00,-99.000, -99.00,
9/17/2006 03:10:00,  9.2,276.1,  3.3,  2.5, 18.823, 29.51,  0.0,  0.0,  0.024, 277.13,  0.045, 327.72,  0.013,  85.60,  0.030, 273.81,  0.044, 268.70,  0.035, 235.41,  0.095, 284.62,  0.064, 217.41,  0.093, 292.15,  0.059, 280.74,  0.063, 180.91,  0.017, 346.76,  0.068, 328.17,  0.073, 281.93,  0.101, 307.33,  0.058, 210.11,-99.000, -99.00,-99.000, -99.00,-99.000, -99.00,-99.000, -99.00,
9/17/2006 03:15:00,  9.2,276.1,  3.3,  2.6, 18.830, 29.51,  0.0,  0.0,  0.026, 259.11,  0.037, 315.00,  0.008,  50.19,  0.077, 308.66,  0.080, 285.26,  0.084, 278.23,  0.044, 138.69,  0.053, 198.78,  0.024, 343.07,  0.052, 295.08,  0.049, 239.24,  0.092, 317.64,  0.084, 314.52,  0.067, 264.04,  0.041, 291.54,  0.043, 158.20,-99.000, -99.00,-99.000, -99.00,-99.000, -99.00,-99.000, -99.00,
9/17/2006 03:20:00,  9.2,276.1,  3.3,  2.5, 18.828, 29.51,  0.0,  0.0,  0.068, 325.15,  0.086, 337.33,  0.074, 296.57,  0.060, 270.00,  0.042, 305.22,  0.081,  41.99,  0.031,  54.25,  0.097, 333.17,  0.085, 343.69,  0.073, 358.43,  0.044, 341.57,  0.050, 288.80,  0.064, 242.24,  0.070, 257.56,  0.099, 277.56,  0.093, 268.77,-99.000, -99.00,-99.000, -99.00,-99.000, -99.00,-99.000, -99.00,
9/17/2006 03:25:00,  9.2,276.0,  3.3,  2.5, 18.818, 29.50,  0.0,  0.0,  0.048, 297.10,  0.033, 264.81,  0.024, 304.99,  0.069, 286.06,  0.017, 225.00,  0.150, 313.92,  0.152, 313.67,  0.104, 287.39,  0.086, 319.25,  0.048,   0.00,  0.099, 298.38,  0.118, 274.84,  0.041, 233.97,  0.043, 320.71,  0.042,  90.00,  0.086, 236.86,-99.000, -99.00,-99.000, -99.00,-99.000, -99.00,-99.000, -99.00,
9/17/2006 03:30:00,  9.2,276.1,  3.3,  2.5, 18.832, 29.50,  0.0,  0.0,  0.077, 309.71,  0.065, 347.47,  0.035,  53.13,  0.088,  39.47,  0.085, 322.18,  0.053, 266.76,  0.056, 265.91,  0.065, 272.64,  0.134, 289.65,  0.061, 254.83,  0.053, 321.84,  0.004, 303.69,  0.115, 319.94,  0.057, 249.33,  0.075, 273.81,  0.062, 206.98,-99.000, -99.00,-99.000, -99.00,-99.000, -99.00,-99.000, -99.00,
9/17/2006 03:35:00,  9.2,276.1,  3.3,  2.5, 18.832, 29.50,  0.0,  0.0,  0.068, 177.47,  0.062, 272.77,  0.019, 186.01,  0.038, 123.27,  0.063, 258.16,  0.049, 215.94,  0.095, 306.87,  0.096, 334.77,  0.025,  87.71,  0.084, 196.50,  0.088, 294.23,  0.088, 242.85,  0.073, 268.43,  0.077, 291.25,  0.066, 341.57,  0.026,  38.66,-99.000, -99.00,-99.000, -99.00,-99.000, -99.00,-99.000, -99.00,
9/17/2006 03:40:00,  9.2,276.1,  3.3,  2.6, 18.831, 29.50,  0.0,  0.0,  0.145, 274.34,  0.047, 260.13,  0.027, 199.80,  0.020, 182.86,  0.033, 118.89,  0.036,  39.40,  0.059, 135.69,  0.035, 289.98,  0.035, 317.29,  0.045, 264.92,  0.060, 303.42,  0.041, 232.00,  0.091, 291.22,  0.113, 303.83,  0.064, 289.29,  0.047, 187.28,-99.000, -99.00,-99.000, -99.00,-99.000, -99.00,-99.000, -99.00,
9/17/2006 03:45:00,  9.2,276.0,  3.3,  2.6, 18.825, 29.50,  0.0,  0.0,  0.092, 249.59,  0.057, 280.12,  0.089, 293.11,  0.027, 233.97,  0.020,   2.86,  0.010,   0.00,  0.030, 150.02,  0.056, 309.94,  0.077, 262.50,  0.089, 295.41,  0.104, 342.09,  0.082, 350.19,  0.033, 208.89,  0.056, 294.27,  0.104, 287.39,  0.035, 222.71,-99.000, -99.00,-99.000, -99.00,-99.000, -99.00,-99.000, -99.00,
9/17/2006 03:50:00,  9.2,276.1,  3.3,  2.6, 18.841, 29.50,  0.0,  0.0,  0.026,  32.47,  0.058, 315.00,  0.061, 312.34,  0.105, 313.45,  0.155, 315.26,  0.074, 318.30,  0.088,   0.00,  0.181, 355.55,  0.068, 353.29,  0.011, 270.00,  0.085, 313.09,  0.075, 324.82,  0.058, 351.03,  0.112, 325.18,  0.092, 338.20,  0.094, 281.67,-99.000, -99.00,-99.000, -99.00,-99.000, -99.00,-99.000, -99.00,
9/17/2006 03:55:00,  9.2,276.0,  3.3,  2.6, 18.830, 29.50,  0.0,  0.0,  0.044, 285.95,  0.033, 315.00,  0.032, 228.81,  0.031, 305.75,  0.040, 290.22,  0.084, 273.41,  0.131, 255.01,  0.057, 333.89,  0.021, 286.70,  0.044, 201.32,  0.075, 271.53,  0.066, 333.05,  0.048, 335.56,  0.154, 308.43,  0.134, 301.55,  0.095, 306.03,-99.000, -99.00,-99.000, -99.00,-99.000, -99.00,-99.000, -99.00,
9/17/2006 04:00:00,  9.2,276.1,  3.3,  2.6, 18.833, 29.50,  0.0,  0.0,  0.072, 295.50,  0.080, 300.72,  0.105, 287.74,  0.066, 270.00,  0.040, 200.22,  0.067, 327.72,  0.099, 290.08,  0.072, 236.98,  0.058, 300.96,  0.069, 275.79,  0.103, 292.32,  0.126, 282.38,  0.121, 300.39,  0.049, 299.17,  0.053, 298.01,  0.035, 295.11,-99.000, -99.00,-99.000, -99.00,-99.000, -99.00,-99.000, -99.00,
9/17/2006 04:05:00,  9.2,276.1,  3.3,  2.6, 18.828, 29.50,  0.0,  0.0,  0.082, 287.77,  0.108, 337.22,  0.093, 355.08,  0.067, 305.84,  0.089, 279.67,  0.068, 240.05,  0.090, 293.70,  0.140, 280.67,  0.172, 296.27,  0.044, 284.35,  0.070, 331.98,  0.097, 314.58,  0.081, 270.00,  0.145, 322.02,  0.132, 320.53,  0.141, 304.03,-99.000, -99.00,-99.000, -99.00,-99.000, -99.00,-99.000, -99.00,
9/17/2006 04:10:00,  9.2,276.0,  3.3,  2.5, 18.834, 29.50,  0.0,  0.0,  0.115, 295.23,  0.123, 277.93,  0.055, 289.09,  0.149, 269.62,  0.071, 262.67,  0.098, 265.33,  0.038, 333.43,  0.074, 326.52,  0.145, 301.71,  0.225, 304.33,  0.149, 306.79,  0.169, 297.02,  0.097, 296.83,  0.184, 305.50,  0.134, 313.48,  0.011, 259.70,-99.000, -99.00,-99.000, -99.00,-99.000, -99.00,-99.000, -99.00,
9/17/2006 04:15:00,  9.2,276.0,  3.3,  2.6, 18.836, 29.50,  0.0,  0.0,  0.062, 336.32,  0.105, 297.78,  0.045,   0.00,  0.076, 313.94,  0.076, 245.12,  0.073, 288.43,  0.108, 308.99,  0.086, 268.00,  0.093, 263.80,  0.111, 252.22,  0.129, 270.44,  0.122, 260.54,  0.104, 295.58,  0.085, 262.54,  0.047, 267.56,  0.085, 302.01,-99.000, -99.00,-99.000, -99.00,-99.000, -99.00,-99.000, -99.00,
9/17/2006 04:20:00,  9.2,276.0,  3.3,  2.5, 18.832, 29.50,  0.0,  0.0,  0.094, 358.17,  0.136, 314.40,  0.149, 282.82,  0.213, 302.72,  0.065, 230.65,  0.045, 323.13,  0.040, 274.29,  0.077, 291.25,  0.211, 318.07,  0.110, 297.03,  0.199, 290.89,  0.158, 277.26,  0.104, 261.17,  0.101, 276.28,  0.100, 272.86,  0.126, 288.43,-99.000, -99.00,-99.000, -99.00,-99.000, -99.00,-99.000, -99.00,
9/17/2006 04:25:00,  9.2,276.1,  3.3,  2.5, 18.840, 29.50,  0.0,  0.0,  0.209, 313.45,  0.101, 335.46,  0.185, 312.81,  0.177, 308.10,  0.164, 305.33,  0.114, 272.51,  0.126, 275.94,  0.135, 308.06,  0.110, 312.80,  0.061, 316.33,  0.047, 273.65,  0.133, 289.39,  0.117, 284.39,  0.162, 301.15,  0.195, 285.74,  0.193, 265.83,-99.000, -99.00,-99.000, -99.00,-99.000, -99.00,-99.000, -99.00,
9/17/2006 04:30:00,  9.2,276.1,  3.3,  2.5, 18.834, 29.50,  0.0,  0.0,  0.127, 331.21,  0.231, 339.44,  0.104, 348.91,  0.147, 333.26,  0.094, 309.42,  0.099, 303.05,  0.060, 325.78,  0.057, 339.33,  0.082, 324.95,  0.145, 269.21,  0.139, 295.64,  0.095, 295.49,  0.082, 303.50,  0.180, 322.24,  0.139, 314.42,  0.122, 278.00,-99.000, -99.00,-99.000, -99.00,-99.000, -99.00,-99.000, -99.00,
9/17/2006 04:35:00,  9.2,276.0,  3.3,  2.6, 18.848, 29.50,  0.0,  0.0,  0.119, 346.90,  0.140, 282.35,  0.126, 307.60,  0.140, 252.60,  0.119, 274.80,  0.093, 358.15,  0.199, 305.60,  0.098, 285.31,  0.122, 348.69,  0.082, 353.74,  0.077, 279.71,  0.236, 307.60,  0.074, 318.30,  0.081, 209.40,  0.110, 283.15,  0.064, 254.67,-99.000, -99.00,-99.000, -99.00,-99.000, -99.00,-99.000, -99.00,
9/17/2006 04:40:00,  9.2,276.0,  3.3,  2.5, 18.847, 29.50,  0.0,  0.0,  0.102, 320.19,  0.129, 315.94,  0.152, 309.13,  0.067,   3.42,  0.168, 334.96,  0.081, 303.89,  0.071, 277.33,  0.068, 301.83,  0.100, 265.43,  0.085, 266.63,  0.132, 301.41,  0.143, 267.60,  0.157, 262.69,  0.168, 255.55,  0.142, 264.33,  0.083, 251.13,-99.000, -99.00,-99.000, -99.00,-99.000, -99.00,-99.000, -99.00,
9/17/2006 04:45:00,  9.2,276.1,  3.3,  2.5, 18.844, 29.50,  0.0,  0.0,  0.172, 321.86,  0.090, 331.44,  0.145, 295.68,  0.097, 335.56,  0.032, 286.19,  0.103, 325.23,  0.112, 279.80,  0.099, 283.47,  0.154, 325.07,  0.092, 321.63,  0.067, 272.56,  0.110, 299.36,  0.110, 303.55,  0.115, 297.90,  0.098, 263.53,  0.141, 267.16,-99.000, -99.00,-99.000, -99.00,-99.000, -99.00,-99.000, -99.00,
9/17/2006 04:50:00,  9.2,276.1,  3.3,  2.5, 18.841, 29.50,  0.0,  0.0,  0.042, 314.03,  0.060, 286.34,  0.077, 295.24,  0.148, 337.77,  0.133, 305.84,  0.122, 285.17,  0.140, 266.73,  0.130, 283.29,  0.017,  93.37,  0.050, 317.42,  0.114, 280.12,  0.097, 246.88,  0.070, 239.04,  0.051, 235.38,  0.072, 291.21,  0.133, 296.37,-99.000, -99.00,-99.000, -99.00,-99.000, -99.00,-99.000, -99.00,
9/17/2006 04:55:00,  9.2,276.2,  3.3,  2.6, 18.848, 29.50,  0.0,  0.0,  0.223, 315.00,  0.105, 324.33,  0.174, 358.68,  0.226, 328.78,  0.117, 299.20,  0.072, 303.69,  0.091, 301.94,  0.159, 297.37,  0.151, 270.38,  0.140, 267.95,  0.176, 293.07,  0.140, 295.83,  0.100, 284.45,  0.109, 304.13,  0.046, 319.40,  0.039, 253.44,-99.000, -99.00,-99.000, -99.00,-99.000, -99.00,-99.000, -99.00,
9/17/2006 05:00:00,  9.2,276.1,  3.3,  2.5, 18.844, 29.50,  0.0,  0.0,  0.233, 286.96,  0.167, 275.16,  0.179, 321.59,  0.148, 314.18,  0.139, 287.65,  0.100, 267.71,  0.095, 318.42,  0.105, 303.69,  0.118, 307.06,  0.105, 303.39,  0.143, 282.09,  0.227, 277.34,  0.170, 281.18,  0.164, 311.05,  0.153, 292.71,  0.108, 292.29,-99.000, -99.00,-99.000, -99.00,-99.000, -99.00,-99.000, -99.00,
9/17/2006 05:05:00,  9.2,276.0,  3.3,  2.6, 18.848, 29.50,  0.0,  0.0,  0.147, 318.59,  0.139, 320.25,  0.043, 275.31,  0.193, 286.56,  0.207, 274.44,  0.199, 256.31,  0.160, 284.82,  0.157, 277.67,  0.226, 278.38,  0.203, 257.20,  0.144, 291.21,  0.107, 296.09,  0.066, 278.75,  0.144, 291.21,  0.163, 301.45,  0.108, 292.29,-99.000, -99.00,-99.000, -99.00,-99.000, -99.00,-99.000, -99.00,
9/17/2006 05:10:00,  9.2,276.2,  3.3,  2.5, 18.846, 29.49,  0.0,  0.0,  0.165, 307.84,  0.025, 265.43,  0.175, 302.14,  0.118, 275.37,  0.088, 285.77,  0.121, 277.59,  0.131, 295.39,  0.166, 288.98,  0.120, 289.49,  0.159, 289.12,  0.211, 277.09,  0.121, 285.88,  0.101, 300.38,  0.040, 243.43,  0.060, 261.33,  0.112, 286.65,-99.000, -99.00,-99.000, -99.00,-99.000, -99.00,-99.000, -99.00,
9/17/2006 05:15:00,  9.2,276.1,  3.3,  2.6, 18.841, 29.49,  0.0,  0.0,  0.153, 301.61,  0.118, 279.78,  0.146, 304.67,  0.142, 289.33,  0.205, 322.52,  0.148, 339.85,  0.174, 315.00,  0.164, 293.75,  0.170, 315.00,  0.177, 296.85,  0.144, 277.96,  0.082, 277.73,  0.097, 254.38,  0.103, 237.70,  0.196, 314.38,  0.069, 298.41,-99.000, -99.00,-99.000, -99.00,-99.000, -99.00,-99.000, -99.00,
9/17/2006 05:20:00,  9.2,276.1,  3.3,  2.5, 18.832, 29.49,  0.0,  0.0,  0.204, 288.88,  0.144, 273.58,  0.148, 289.78,  0.134, 290.06,  0.159, 308.10,  0.191, 268.50,  0.169, 272.03,  0.162, 306.73,  0.218, 294.92,  0.187, 300.12,  0.192, 275.38,  0.238, 291.94,  0.188, 309.38,  0.094, 330.71,  0.040, 321.12,  0.103, 289.32,-99.000, -99.00,-99.000, -99.00,-99.000, -99.00,-99.000, -99.00,
9/17/2006 05:25:00,  9.2,276.0,  3.3,  2.6, 18.844, 29.49,  0.0,  0.0,  0.200, 291.06,  0.155, 288.08,  0.207, 310.30,  0.176, 281.82,  0.219, 279.46,  0.199, 276.63,  0.267, 295.32,  0.244, 276.60,  0.268, 296.57,  0.239, 303.76,  0.205, 296.94,  0.207, 293.34,  0.200, 282.99,  0.223, 307.18,  0.317, 305.10,  0.200, 298.11,-99.000, -99.00,-99.000, -99.00,-99.000, -99.00,-99.000, -99.00,
9/17/2006 05:30:00,  9.2,276.1,  3.3,  2.6, 18.838, 29.48,  0.0,  0.0,  0.234, 294.26,  0.179, 285.20,  0.217, 297.75,  0.139, 312.08,  0.192, 274.19,  0.229, 273.75,  0.167, 266.23,  0.180, 277.99,  0.206, 283.50,  0.230, 283.31,  0.205, 288.17,  0.168, 274.09,  0.175, 297.59,  0.178, 308.16,  0.261, 328.13,  0.180, 321.54,-99.000, -99.00,-99.000, -99.00,-99.000, -99.00,-99.000, -99.00,
9/17/2006 05:35:00,  9.2,276.1,  3.3,  2.6, 18.829, 29.48,  0.0,  0.0,  0.258, 302.03,  0.197, 341.93,  0.132, 298.12,  0.280, 285.78,  0.164, 293.75,  0.270, 303.81,  0.236, 310.36,  0.210, 288.00,  0.271, 298.93,  0.209, 295.46,  0.131, 284.99,  0.161, 314.75,  0.117, 318.81,  0.076, 307.48,  0.122, 315.33,  0.130, 319.06,-99.000, -99.00,-99.000, -99.00,-99.000, -99.00,-99.000, -99.00,
9/17/2006 05:40:00,  9.2,276.1,  3.3,  2.5, 18.822, 29.47,  0.0,  0.0,  0.147, 308.66,  0.271, 306.45,  0.276, 282.33,  0.253, 287.93,  0.199, 303.13,  0.166, 272.41,  0.235, 268.05,  0.287, 275.19,  0.219, 264.50,  0.236, 257.50,  0.185, 296.01,  0.236, 296.13,  0.165, 292.51,  0.178, 310.67,  0.142, 301.45,  0.120, 295.71,-99.000, -99.00,-99.000, -99.00,-99.000, -99.00,-99.000, -99.00,
9/17/2006 05:45:00,  9.2,276.1,  3.3,  2.5, 18.819, 29.47,  0.0,  0.0,  0.223, 321.54,  0.167, 332.98,  0.123, 292.41,  0.064, 298.97,  0.179, 288.23,  0.222, 300.96,  0.195, 266.77,  0.215, 294.18,  0.239, 291.09,  0.298, 314.59,  0.135, 315.90,  0.126, 302.05,  0.126, 275.94,  0.086, 239.26,  0.059, 256.20,  0.023, 244.54,-99.000, -99.00,-99.000, -99.00,-99.000, -99.00,-99.000, -99.00,
9/17/2006 05:50:00,  9.2,276.1,  3.3,  2.6, 18.816, 29.46,  0.0,  0.0,  0.190, 316.71,  0.162, 350.77,  0.172, 294.78,  0.238, 291.49,  0.204, 285.67,  0.243, 295.83,  0.121, 279.07,  0.062, 291.63,  0.109, 289.27,  0.166, 280.43,  0.146, 271.57,  0.140, 291.80,  0.093, 277.43,  0.130, 241.07,  0.111, 253.84,  0.047, 305.39,-99.000, -99.00,-99.000, -99.00,-99.000, -99.00,-99.000, -99.00,
9/17/2006 05:55:00,  9.2,276.0,  3.3,  2.6, 18.812, 29.46,  0.0,  0.0,  0.210, 329.41,  0.243, 293.51,  0.224, 285.28,  0.314, 290.34,  0.320, 275.02,  0.234, 279.58,  0.303, 280.46,  0.224, 279.25,  0.271, 270.00,  0.228, 283.43,  0.235, 277.34,  0.296, 281.50,  0.267, 278.62,  0.176, 287.82,  0.157, 298.20,  0.081, 216.44,-99.000, -99.00,-99.000, -99.00,-99.000, -99.00,-99.000, -99.00,
9/17/2006 06:00:00,  9.2,276.1,  3.3,  2.6, 18.819, 29.45,  0.0,  0.0,  0.163, 258.69,  0.289, 299.67,  0.303, 293.52,  0.276, 314.71,  0.200, 294.52,  0.162, 266.12,  0.126, 316.93,  0.151, 311.51,  0.160, 302.01,  0.093, 273.08,  0.130, 300.51,  0.129, 292.38,  0.119, 269.52,  0.107, 259.22,  0.100, 255.00,  0.187, 208.76,-99.000, -99.00,-99.000, -99.00,-99.000, -99.00,-99.000, -99.00,
9/17/2006 06:05:00,  9.2,276.1,  3.3,  2.5, 18.809, 29.44,  0.0,  0.0,  0.189, 333.98,  0.237, 309.19,  0.137, 313.82,  0.123, 311.36,  0.173, 308.66,  0.241, 305.87,  0.244, 278.00,  0.230, 281.02,  0.197, 256.53,  0.106, 274.85,  0.100, 278.62,  0.162, 265.38,  0.146, 277.47,  0.124, 281.67,  0.131, 273.93,  0.075, 209.65,-99.000, -99.00,-99.000, -99.00,-99.000, -99.00,-99.000, -99.00,
9/17/2006 06:10:00,  9.2,276.0,  3.3,  2.6, 18.820, 29.44,  0.0,  0.0,  0.221, 330.42,  0.233, 329.04,  0.145, 326.53,  0.098, 310.86,  0.211, 332.34,  0.161, 349.60,  0.116, 317.79,  0.160, 303.29,  0.158, 331.65,  0.169, 313.80,  0.150, 280.78,  0.132, 275.23,  0.208, 288.17,  0.163, 286.77,  0.164, 295.31,  0.097, 254.38,-99.000, -99.00,-99.000, -99.00,-99.000, -99.00,-99.000, -99.00,
9/17/2006 06:15:00,  9.2,276.1,  3.3,  2.5, 18.812, 29.44,  0.0,  0.0,  0.266, 326.49,  0.196, 315.62,  0.199, 295.28,  0.200, 300.28,  0.177, 325.14,  0.165, 309.09,  0.233, 303.08,  0.201, 288.89,  0.198, 294.75,  0.173, 287.81,  0.204, 294.93,  0.206, 301.92,  0.201, 294.66,  0.207, 283.10,  0.159, 282.37,  0.122, 240.49,-99.000, -99.00,-99.000, -99.00,-99.000, -99.00,-99.000, -99.00,
9/17/2006 06:20:00,  9.2,276.1,  3.3,  2.5, 18.814, 29.44,  0.0,  0.0,  0.209, 322.58,  0.223, 328.73,  0.173, 312.65,  0.164, 309.81,  0.168, 325.93,  0.204, 300.34,  0.222, 294.25,  0.243, 306.11,  0.244, 308.18,  0.207, 302.39,  0.147, 283.75,  0.116, 278.90,  0.153, 260.97,  0.243, 267.41,  0.147, 247.26,  0.025, 263.16,-99.000, -99.00,-99.000, -99.00,-99.000, -99.00,-99.000, -99.00,
9/17/2006 06:25:00,  9.2,276.2,  3.3,  2.6, 18.801, 29.44,  0.0,  0.0,  0.197, 299.56,  0.187, 306.75,  0.262, 324.00,  0.158, 297.86,  0.264, 297.73,  0.187, 319.57,  0.168, 324.70,  0.136, 315.00,  0.168, 313.79,  0.148, 292.59,  0.182, 297.13,  0.228, 285.50,  0.253, 282.11,  0.234, 265.09,  0.170, 275.74,  0.069, 233.79,-99.000, -99.00,-99.000, -99.00,-99.000, -99.00,-99.000, -99.00,
9/17/2006 06:30:00,  9.2,276.1,  3.3,  2.5, 18.804, 29.44,  0.0,  0.0,  0.202, 322.05,  0.153, 298.91,  0.170, 298.37,  0.197, 330.44,  0.112, 313.55,  0.164, 316.97,  0.100, 314.19,  0.176, 304.32,  0.163, 310.53,  0.189, 282.86,  0.150, 261.17,  0.196, 289.36,  0.156, 286.00,  0.147, 258.23,  0.126, 264.52,  0.039, 281.89,-99.000, -99.00,-99.000, -99.00,-99.000, -99.00,-99.000, -99.00,
9/17/2006 06:35:00,  9.2,276.2,  3.3,  2.6, 18.811, 29.44,  0.0,  0.0,  0.222, 343.77,  0.249, 305.67,  0.197, 335.12,  0.206, 348.80,  0.093, 298.22,  0.229, 285.74,  0.057, 286.22,  0.130, 322.51,  0.207, 309.91,  0.241, 307.92,  0.181, 312.32,  0.109, 299.16,  0.092, 267.51,  0.161, 250.78,  0.175, 278.22,  0.097, 244.23,-99.000, -99.00,-99.000, -99.00,-99.000, -99.00,-99.000, -99.00,
9/17/2006 06:40:00,  9.2,276.0,  3.3,  2.5, 18.804, 29.44,  0.0,  0.0,  0.084, 309.19,  0.184, 326.31,  0.203, 307.38,  0.177, 301.63,  0.157, 323.28,  0.206, 335.05,  0.197, 315.21,  0.179, 329.86,  0.136, 315.89,  0.175, 292.47,  0.212, 306.54,  0.199, 265.67,  0.207, 268.06,  0.181, 266.52,  0.149, 291.23,  0.080, 253.37,-99.000, -99.00,-99.000, -99.00,-99.000, -99.00,-99.000, -99.00,
9/17/2006 06:45:00,  9.2,276.2,  3.3,  2.5, 18.806, 29.44,  0.0,  0.0,  0.150, 319.61,  0.203, 301.89,  0.193, 313.53,  0.137, 320.62,  0.135, 294.48,  0.179, 316.13,  0.181, 307.82,  0.099, 322.78,  0.165, 306.10,  0.193, 321.94,  0.154, 311.85,  0.173, 301.30,  0.119, 271.44,  0.116, 286.56,  0.166, 294.87,  0.103, 244.68,-99.000, -99.00,-99.000, -99.00,-99.000, -99.00,-99.000, -99.00,
9/17/2006 06:50:00,  9.2,276.0,  3.3,  2.6, 18.793, 29.44,  0.0,  0.0,  0.251, 311.77,  0.121, 320.38,  0.199, 296.82,  0.147, 326.09,  0.191, 322.89,  0.165, 342.00,  0.185, 347.54,  0.219, 313.15,  0.203, 334.57,  0.180, 318.60,  0.156, 295.08,  0.105, 265.64,  0.167, 274.11,  0.189, 259.34,  0.156, 274.40,  0.078, 227.08,-99.000, -99.00,-99.000, -99.00,-99.000, -99.00,-99.000, -99.00,
9/17/2006 06:55:00,  9.2,276.0,  3.3,  2.5, 18.791, 29.44,  0.0,  0.0,  0.124, 319.90,  0.063, 316.93,  0.133, 296.76,  0.156, 306.65,  0.157, 290.51,  0.165, 309.58,  0.179, 324.80,  0.126, 319.50,  0.171, 305.27,  0.169, 294.13,  0.169, 311.63,  0.129, 294.19,  0.183, 277.86,  0.191, 267.30,  0.199, 294.63,  0.081, 258.55,-99.000, -99.00,-99.000, -99.00,-99.000, -99.00,-99.000, -99.00,
9/17/2006 07:00:00,  9.2,276.1,  3.3,  2.6, 18.792, 29.45,  0.0,  0.0,  0.114, 320.00,  0.103, 332.19,  0.192, 306.51,  0.112, 306.25,  0.173, 332.84,  0.182, 303.78,  0.191, 320.73,  0.132, 317.76,  0.122, 317.32,  0.177, 276.48,  0.141, 284.33,  0.175, 277.90,  0.202, 264.32,  0.231, 268.26,  0.193, 262.84,  0.105, 253.46,-99.000, -99.00,-99.000, -99.00,-99.000, -99.00,-99.000, -99.00,
9/17/2006 07:05:00,  9.2,276.2,  3.3,  2.6, 18.782, 29.45,  0.0,  0.0,  0.131, 311.60,  0.146, 312.22,  0.156, 348.91,  0.097, 319.59,  0.166, 327.26,  0.144, 312.75,  0.214, 331.28,  0.077, 321.34,  0.177, 286.79,  0.152, 290.82,  0.174, 272.30,  0.142, 269.60,  0.221, 276.48,  0.238, 254.68,  0.164, 269.65,  0.095, 269.40,-99.000, -99.00,-99.000, -99.00,-99.000, -99.00,-99.000, -99.00,
9/17/2006 07:10:00,  9.2,276.1,  3.3,  2.5, 18.780, 29.45,  0.0,  0.0,  0.145, 306.00,  0.092, 308.85,  0.188, 333.16,  0.127, 328.19,  0.125, 343.74,  0.122, 322.66,  0.145, 320.60,  0.171, 330.88,  0.147, 313.90,  0.167, 293.33,  0.117, 302.06,  0.144, 288.69,  0.174, 241.07,  0.249, 257.92,  0.169, 247.07,  0.104, 241.21,-99.000, -99.00,-99.000, -99.00,-99.000, -99.00,-99.000, -99.00,
9/17/2006 07:15:00,  9.2,276.0,  3.3,  2.6, 18.769, 29.45,  0.0,  0.0,  0.137, 341.70,  0.173, 322.53,  0.117, 338.93,  0.228, 309.48,  0.112, 306.25,  0.099, 341.20,  0.160, 322.34,  0.137, 306.37,  0.230, 319.40,  0.081, 296.25,  0.202, 298.97,  0.197, 302.16,  0.163, 244.54,  0.148, 250.71,  0.079, 229.64,  0.082, 245.61,-99.000, -99.00,-99.000, -99.00,-99.000, -99.00,-99.000, -99.00,
9/17/2006 07:20:00,  9.2,276.2,  3.3,  2.5, 18.764, 29.45,  0.0,  0.0,  0.124, 294.29,  0.136, 309.91,  0.107, 325.27,  0.052, 281.09,  0.144, 335.75,  0.128, 358.21,  0.093,  12.99,  0.106, 305.04,  0.090, 295.71,  0.173, 302.95,  0.173, 289.59,  0.126, 284.70,  0.113, 296.34,  0.133, 251.57,  0.131, 270.87,  0.046, 276.20,-99.000, -99.00,-99.000, -99.00,-99.000, -99.00,-99.000, -99.00,
9/17/2006 07:25:00,  9.2,276.1,  3.3,  2.6, 18.761, 29.45,  0.0,  0.0,  0.155, 291.94,  0.147, 286.96,  0.127, 312.12,  0.090, 327.19,  0.144, 328.63,  0.186, 353.22,  0.179, 324.98,  0.158, 338.47,  0.158, 309.85,  0.115, 327.84,  0.179, 307.06,  0.226, 287.79,  0.259, 281.14,  0.281, 266.32,  0.179, 280.93,  0.045, 253.18,-99.000, -99.00,-99.000, -99.00,-99.000, -99.00,-99.000, -99.00,
9/17/2006 07:30:00,  9.2,276.1,  3.3,  2.5, 18.768, 29.45,  0.0,  0.0,  0.132, 318.37,  0.209, 327.30,  0.064, 358.21,  0.109, 322.82,  0.114, 339.97,  0.113,   7.63,  0.143, 317.83,  0.166, 321.61,  0.119, 304.76,  0.112, 301.84,  0.099, 284.60,  0.172, 289.70,  0.109, 265.80,  0.139, 248.05,  0.151, 249.40,  0.100, 263.66,-99.000, -99.00,-99.000, -99.00,-99.000, -99.00,-99.000, -99.00,
9/17/2006 07:35:00,  9.2,276.1,  3.3,  2.5, 18.760, 29.45,  0.0,  0.0,  0.103, 297.06,  0.179, 335.29,  0.106, 335.38,  0.180, 319.50,  0.122, 312.68,  0.146,   7.08,  0.102, 337.47,  0.087, 303.69,  0.083, 290.39,  0.086, 286.13,  0.125, 283.92,  0.187, 285.23,  0.183, 275.02,  0.227, 246.37,  0.089, 262.23,  0.061, 198.14,-99.000, -99.00,-99.000, -99.00,-99.000, -99.00,-99.000, -99.00,
9/17/2006 07:40:00,  9.2,276.1,  3.3,  2.5, 18.759, 29.45,  0.0,  0.0,  0.106,  23.91,  0.052,   6.58,  0.106, 296.32,  0.135,   0.00,  0.081, 306.44,  0.087, 275.91,  0.079, 323.71,  0.157, 326.72,  0.106, 296.32,  0.041, 274.18,  0.153, 315.53,  0.072, 291.21,  0.084, 283.05,  0.129, 261.05,  0.123, 286.97,  0.065, 274.40,-99.000, -99.00,-99.000, -99.00,-99.000, -99.00,-99.000, -99.00,
9/17/2006 07:45:00,  9.2,276.0,  3.3,  2.6, 18.748, 29.45,  0.0,  0.0,  0.078, 261.87,  0.094, 288.63,  0.159, 336.99,  0.100, 358.28,  0.073, 330.64,  0.032, 325.30,  0.145, 281.93,  0.096, 266.42,  0.145, 275.95,  0.150, 252.90,  0.189, 239.09,  0.260, 255.27,  0.227, 261.37,  0.162, 234.54,  0.081, 270.00,  0.069, 233.30,-99.000, -99.00,-99.000, -99.00,-99.000, -99.00,-99.000, -99.00,
9/17/2006 07:50:00,  9.2,276.0,  3.3,  2.6, 18.736, 29.45,  0.0,  0.0,  0.117, 304.23,  0.104, 354.51,  0.083, 357.24,  0.178,   0.64,  0.170, 334.19,  0.098, 343.41,  0.104, 320.48,  0.132, 313.15,  0.101, 304.48,  0.083, 264.49,  0.149, 280.86,  0.150, 274.99,  0.174, 270.99,  0.152, 262.46,  0.108, 259.84,  0.059, 278.82,-99.000, -99.00,-99.000, -99.00,-99.000, -99.00,-99.000, -99.00,
9/17/2006 07:55:00,  9.2,276.0,  3.3,  2.6, 18.738, 29.45,  0.0,  0.0,  0.181, 309.85,  0.079, 349.11,  0.077, 358.51,  0.201, 332.16,  0.128, 307.41,  0.100, 327.26,  0.123, 302.01,  0.087, 280.54,  0.069, 302.54,  0.107, 311.59,  0.106, 209.48,  0.060, 267.14,  0.152, 291.17,  0.112, 248.01,  0.092, 268.13,  0.070, 286.62,-99.000, -99.00,-99.000, -99.00,-99.000, -99.00,-99.000, -99.00,
9/17/2006 08:00:00,  9.2,276.0,  3.3,  2.5, 18.737, 29.46,  0.0,  0.0,  0.150, 268.47,  0.106, 295.11,  0.099, 253.02,  0.004, 255.96,  0.140, 219.49,  0.145, 241.48,  0.217, 273.17,  0.178, 271.29,  0.236, 285.21,  0.230, 299.13,  0.257, 285.82,  0.172, 276.01,  0.185, 256.26,  0.203, 254.25,  0.168, 262.83,  0.116, 270.00,-99.000, -99.00,-99.000, -99.00,-99.000, -99.00,-99.000, -99.00,
9/17/2006 08:05:00,  9.2,276.2,  3.3,  2.5, 18.736, 29.46,  0.0,  0.0,  0.050, 272.29,  0.039,  64.09,  0.120, 323.13,  0.115, 326.73,  0.083, 307.15,  0.103, 304.77,  0.101, 334.71,  0.148, 326.85,  0.081, 347.16,  0.150, 329.17,  0.079, 338.33,  0.144, 309.09,  0.140, 295.46,  0.059, 250.02,  0.103, 285.79,  0.065, 292.62,-99.000, -99.00,-99.000, -99.00,-99.000, -99.00,-99.000, -99.00,
9/17/2006 08:10:00,  9.2,276.0,  3.3,  2.5, 18.727, 29.46,  0.0,  0.0,  0.035, 276.52,  0.057, 294.78,  0.095, 262.13,  0.174, 292.29,  0.032, 248.20,  0.082, 329.39,  0.072, 228.96,  0.094, 309.81,  0.063, 282.93,  0.152, 289.98,  0.158, 280.24,  0.184, 253.24,  0.176, 259.84,  0.097, 249.51,  0.055, 193.78,  0.071, 205.84,-99.000, -99.00,-99.000, -99.00,-99.000, -99.00,-99.000, -99.00,
9/17/2006 08:15:00,  9.2,276.1,  3.3,  2.6, 18.731, 29.46,  0.0,  0.0,  0.113, 325.05,  0.100, 268.85,  0.118, 272.43,  0.063, 308.52,  0.090, 297.14,  0.150, 314.46,  0.059,   4.84,  0.133, 346.49,  0.118, 284.74,  0.098, 231.61,  0.052, 262.33,  0.113, 267.47,  0.134, 289.11,  0.144, 281.62,  0.091, 283.28,  0.077, 234.03,-99.000, -99.00,-99.000, -99.00,-99.000, -99.00,-99.000, -99.00,
9/17/2006 08:20:00,  9.2,276.1,  3.3,  2.5, 18.728, 29.47,  0.0,  0.0,  0.162, 323.77,  0.075, 270.00,  0.106, 269.46,  0.098, 317.06,  0.107, 303.99,  0.088, 295.69,  0.063, 280.06,  0.083, 320.37,  0.046, 308.85,  0.058, 248.75,  0.083, 221.58,  0.079, 260.54,  0.078, 270.00,  0.120, 277.18,  0.084, 272.05,  0.101, 240.89,-99.000, -99.00,-99.000, -99.00,-99.000, -99.00,-99.000, -99.00,
9/17/2006 08:25:00,  9.2,276.2,  3.3,  2.5, 18.728, 29.46,  0.0,  0.0,  0.149, 261.11,  0.108, 316.87,  0.040,  26.57,  0.067,  45.60,  0.049,   2.34,  0.096, 344.95,  0.084,  14.53,  0.078, 335.07,  0.109, 330.84,  0.033, 237.26,  0.049, 255.96,  0.079, 310.36,  0.114, 280.12,  0.116, 265.56,  0.079, 267.10,  0.061, 270.00,-99.000, -99.00,-99.000, -99.00,-99.000, -99.00,-99.000, -99.00,
9/17/2006 08:30:00,  9.2,276.1,  3.3,  2.5, 18.716, 29.46,  0.0,  0.0,  0.099, 218.84,  0.071, 232.48,  0.020, 261.47,  0.141, 314.14,  0.038, 335.43,  0.114, 271.01,  0.078, 259.70,  0.120, 318.37,  0.121, 269.05,  0.111, 247.14,  0.065, 270.88,  0.086, 287.59,  0.088, 218.05,  0.111, 214.70,  0.117, 285.81,  0.054, 253.91,-99.000, -99.00,-99.000, -99.00,-99.000, -99.00,-99.000, -99.00,
9/17/2006 08:35:00,  9.2,276.2,  3.3,  2.5, 18.719, 29.46,  0.0,  0.0,  0.044, 328.13,  0.091, 316.33,  0.074, 270.00,  0.111, 256.46,  0.068, 273.37,  0.080, 285.26,  0.144, 300.49,  0.061, 217.06,  0.131, 285.10,  0.142, 227.86,  0.081, 203.39,  0.100, 270.00,  0.077, 237.76,  0.025, 263.16,  0.036, 292.99,  0.067, 237.72,-99.000, -99.00,-99.000, -99.00,-99.000, -99.00,-99.000, -99.00,
9/17/2006 08:40:00,  9.2,276.1,  3.3,  2.6, 18.711, 29.46,  0.0,  0.0,  0.032, 138.81,  0.024, 240.26,  0.040, 341.11,  0.119, 306.10,  0.092, 321.15,  0.047, 273.65,  0.133, 294.05,  0.092, 266.27,  0.134, 275.58,  0.009, 212.01,  0.110, 305.72,  0.097, 300.26,  0.026, 308.66,  0.040, 231.12,  0.099, 305.94,  0.058, 236.31,-99.000, -99.00,-99.000, -99.00,-99.000, -99.00,-99.000, -99.00,
9/17/2006 08:45:00,  9.2,276.0,  3.3,  2.6, 18.714, 29.45,  0.0,  0.0,  0.041, 285.38,  0.058, 275.91,  0.070, 305.06,  0.100, 328.54,  0.047, 292.71,  0.042, 315.97,  0.089, 336.04,  0.086, 322.59,  0.097, 335.02,  0.052, 239.98,  0.110, 268.96,  0.115, 265.03,  0.081, 223.99,  0.096, 222.47,  0.129, 295.77,  0.050, 259.59,-99.000, -99.00,-99.000, -99.00,-99.000, -99.00,-99.000, -99.00,
9/17/2006 08:50:00,  9.2,276.1,  3.3,  2.6, 18.705, 29.45,  0.0,  0.0,  0.131, 297.15,  0.057, 306.47,  0.108, 264.71,  0.038, 196.99,  0.050, 102.65,  0.101, 235.52,  0.090, 237.72,  0.105, 166.76,  0.055, 220.60,  0.082, 219.09,  0.054, 185.29,  0.022, 270.00,  0.083, 247.43,  0.095, 269.40,  0.077, 266.28,  0.042, 241.61,-99.000, -99.00,-99.000, -99.00,-99.000, -99.00,-99.000, -99.00,
9/17/2006 08:55:00,  9.2,276.1,  3.3,  2.5, 18.701, 29.45,  0.0,  0.0,  0.120,   2.39,  0.138, 322.05,  0.088, 314.08,  0.079, 238.54,  0.040, 357.14,  0.071, 287.93,  0.087, 260.11,  0.080, 272.86,  0.063, 237.32,  0.129, 225.63,  0.095, 238.83,  0.075, 281.61,  0.068, 296.94,  0.147, 269.61,  0.117, 251.10,  0.135, 262.35,-99.000, -99.00,-99.000, -99.00,-99.000, -99.00,-99.000, -99.00,
9/17/2006 09:00:00,  9.2,276.0,  3.3,  2.6, 18.703, 29.45,  0.0,  0.0,  0.071, 251.82,  0.069, 202.11,  0.110, 236.89,  0.067,   1.71,  0.026, 339.44,  0.119, 244.52,  0.072, 249.54,  0.067, 293.88,  0.022, 201.80,  0.156, 243.76,  0.116, 284.52,  0.070, 282.44,  0.085, 251.57,  0.143, 234.98,  0.091, 284.04,  0.101, 205.80,-99.000, -99.00,-99.000, -99.00,-99.000, -99.00,-99.000, -99.00,
9/17/2006 09:05:00,  9.2,276.1,  3.3,  2.5, 18.702, 29.46,  0.0,  0.0,  0.128, 293.55,  0.103,  90.56,  0.075, 183.81,  0.039, 322.25,  0.069, 332.32,  0.025, 111.37,  0.057, 293.86,  0.085, 282.24,  0.104, 316.95,  0.082, 323.97,  0.025, 343.74,  0.068, 240.78,  0.135, 257.61,  0.092, 227.64,  0.090, 282.80,  0.068, 197.90,-99.000, -99.00,-99.000, -99.00,-99.000, -99.00,-99.000, -99.00,
9/17/2006 09:10:00,  9.1,276.1,  3.3,  2.5, 18.697, 29.46,  0.0,  0.0,  0.065, 101.48,  0.037, 313.92,  0.032, 128.66,  0.100, 283.90,  0.086, 265.35,  0.149, 281.61,  0.069, 302.54,  0.012, 235.01,  0.057, 178.99,  0.154, 270.00,  0.079, 270.00,  0.113, 219.61,  0.107, 246.80,  0.121, 289.33,  0.045, 254.41,  0.108, 221.63,-99.000, -99.00,-99.000, -99.00,-99.000, -99.00,-99.000, -99.00,
9/17/2006 09:15:00,  9.1,276.0,  3.3,  2.6, 18.687, 29.45,  0.0,  0.0,  0.092, 148.72,  0.046, 241.19,  0.034, 287.35,  0.023, 257.20,  0.036, 189.73,  0.095, 139.27,  0.059, 216.67,  0.036, 257.12,  0.098, 229.97,  0.113, 209.05,  0.099, 220.10,  0.085, 219.72,  0.109, 277.39,  0.132, 226.23,  0.062, 233.50,  0.141, 209.85,-99.000, -99.00,-99.000, -99.00,-99.000, -99.00,-99.000, -99.00,
9/17/2006 09:20:00,  9.1,276.2,  3.3,  2.5, 18.689, 29.45,  0.0,  0.0,  0.056, 148.86,  0.027, 282.99,  0.021, 230.91,  0.054, 292.78,  0.121, 149.20,  0.051, 182.25,  0.025, 206.57,  0.052, 327.53,  0.053, 260.18,  0.083, 120.26,  0.064, 115.77,  0.006, 210.96,  0.033, 199.54,  0.042, 208.39,  0.018, 220.60,  0.156, 190.37,-99.000, -99.00,-99.000, -99.00,-99.000, -99.00,-99.000, -99.00,
9/17/2006 09:25:00,  9.1,276.2,  3.3,  2.6, 18.682, 29.46,  0.0,  0.0,  0.171, 199.50,  0.068, 299.22,  0.108, 316.51,  0.042, 218.23,  0.057, 331.63,  0.082, 284.04,  0.135, 217.80,  0.134, 214.05,  0.104, 220.72,  0.043, 256.61,  0.072, 240.95,  0.094, 224.57,  0.054, 245.82,  0.013, 206.57,  0.016,  75.96,  0.207, 226.18,-99.000, -99.00,-99.000, -99.00,-99.000, -99.00,-99.000, -99.00,
9/17/2006 09:30:00,  9.1,276.1,  3.3,  2.5, 18.684, 29.46,  0.0,  0.0,  0.021,  67.17,  0.044, 238.82,  0.072, 215.45,  0.033, 273.47,  0.065, 186.15,  0.008, 113.20,  0.089, 182.57,  0.053, 251.22,  0.056, 158.01,  0.056, 237.45,  0.009, 102.53,  0.018, 236.31,  0.034, 222.61,  0.043, 353.37,  0.036, 352.09,  0.173, 214.42,-99.000, -99.00,-99.000, -99.00,-99.000, -99.00,-99.000, -99.00,
9/17/2006 09:35:00,  9.1,276.0,  3.3,  2.6, 18.671, 29.46,  0.0,  0.0,  0.055, 216.87,  0.138, 210.11,  0.028,  68.96,  0.037, 154.13,  0.058, 210.11,  0.037, 183.09,  0.047, 194.93,  0.050, 315.81,  0.103, 133.03,  0.059, 285.68,  0.059, 319.82,  0.027, 338.20,  0.045, 189.04,  0.026, 229.64,  0.015, 285.95,  0.220, 209.71,-99.000, -99.00,-99.000, -99.00,-99.000, -99.00,-99.000, -99.00,
9/17/2006 09:40:00,  9.1,276.3,  3.3,  2.6, 18.675, 29.45,  0.0,  0.0,  0.115, 174.49,  0.067,  97.77,  0.083, 183.45,  0.136, 179.58,  0.107, 174.66,  0.036, 178.41,  0.073, 157.32,  0.040, 169.82,  0.011, 285.26,  0.029, 254.05,  0.077, 243.10,  0.062, 225.66,  0.063, 122.68,  0.014, 158.96,  0.052, 216.43,  0.191, 204.82,-99.000, -99.00,-99.000, -99.00,-99.000, -99.00,-99.000, -99.00,
9/17/2006 09:45:00,  9.1,276.1,  3.3,  2.6, 18.670, 29.44,  0.0,  0.0,  0.042, 135.00,  0.020,  20.22,  0.070, 123.92,  0.081, 213.89,  0.040, 154.72,  0.013,  18.43,  0.037,  29.36,  0.089, 160.35,  0.067, 148.45,  0.020, 252.47,  0.038, 241.39,  0.129, 313.11,  0.039, 334.09,  0.043, 319.69,  0.022, 313.15,  0.173, 214.88,-99.000, -99.00,-99.000, -99.00,-99.000, -99.00,-99.000, -99.00,
9/17/2006 09:50:00,  9.1,276.3,  3.3,  2.5, 18.678, 29.43,  0.0,  0.0,  0.040, 288.89,  0.056, 237.45,  0.095, 167.86,  0.091, 204.03,  0.066, 186.05,  0.068, 214.16,  0.077, 236.10,  0.009, 147.99,  0.020, 113.96,  0.075, 163.01,  0.060, 160.67,  0.070, 279.87,  0.064, 152.24,  0.025,  90.00,  0.017, 353.29,  0.163, 203.57,-99.000, -99.00,-99.000, -99.00,-99.000, -99.00,-99.000, -99.00,
9/17/2006 09:55:00,  9.1,276.1,  3.3,  2.6, 18.688, 29.43,  0.0,  0.0,  0.055, 236.89,  0.075, 188.46,  0.094, 175.74,  0.160, 196.73,  0.129, 137.52,  0.149, 154.64,  0.054, 146.31,  0.024, 225.00,  0.022, 285.95,  0.080, 136.52,  0.144, 138.66,  0.020, 206.57,  0.060, 201.45,  0.024,  19.18,  0.022,  92.60,  0.191, 202.41,-99.000, -99.00,-99.000, -99.00,-99.000, -99.00,-99.000, -99.00,
9/17/2006 10:00:00,  9.1,276.2,  3.3,  2.6, 18.685, 29.42,  0.0,  0.0,  0.122, 169.61,  0.108, 196.09,  0.061, 164.83,  0.119, 113.77,  0.057, 131.47,  0.042, 105.02,  0.035, 131.50,  0.024,  51.71,  0.061, 251.86,  0.037, 141.58,  0.076, 151.75,  0.053,  42.71,  0.045, 122.28,  0.060, 129.56,  0.020,  87.14,  0.134, 228.33,-99.000, -99.00,-99.000, -99.00,-99.000, -99.00,-99.000, -99.00,
9/17/2006 10:05:00,  9.1,276.1,  3.3,  2.5, 18.688, 29.42,  0.0,  0.0,  0.080, 115.92,  0.059,  88.06,  0.086, 104.85,  0.113, 117.47,  0.116, 150.56,  0.088, 152.85,  0.066,  86.53,  0.024, 123.02,  0.037, 120.70,  0.047, 161.57,  0.086, 151.65,  0.058, 141.95,  0.023, 293.20,  0.054, 220.49,  0.024, 253.07,  0.157, 215.92,-99.000, -99.00,-99.000, -99.00,-99.000, -99.00,-99.000, -99.00,
9/17/2006 10:10:00,  9.1,276.2,  3.3,  2.5, 18.683, 29.42,  0.0,  0.0,  0.081, 147.09,  0.069, 178.34,  0.018, 150.64,  0.075, 140.39,  0.134, 138.33,  0.094, 212.01,  0.049, 182.34,  0.166, 121.20,  0.090, 159.15,  0.043, 176.01,  0.037,  83.83,  0.043, 103.39,  0.044, 270.00,  0.018, 310.60,  0.049, 271.17,  0.115, 211.90,-99.000, -99.00,-99.000, -99.00,-99.000, -99.00,-99.000, -99.00,
9/17/2006 10:15:00,  9.1,276.1,  3.3,  2.5, 18.692, 29.42,  0.0,  0.0,  0.049, 143.37,  0.114,  98.56,  0.128, 123.81,  0.083, 129.63,  0.080, 111.14,  0.030, 152.59,  0.069, 143.30,  0.062, 131.71,  0.069, 135.59,  0.064, 147.80,  0.079, 161.57,  0.056, 148.86,  0.056, 132.83,  0.047, 305.39,  0.059, 233.33,  0.167, 201.48,-99.000, -99.00,-99.000, -99.00,-99.000, -99.00,-99.000, -99.00,
9/17/2006 10:20:00,  9.1,276.2,  3.3,  2.6, 18.688, 29.42,  0.0,  0.0,  0.103,  56.46,  0.041,  94.18,  0.066, 127.57,  0.086,  88.00,  0.029, 141.95,  0.087, 165.32,  0.090, 141.34,  0.150, 139.32,  0.060, 139.09,  0.014, 143.97,  0.061, 337.67,  0.055, 140.86,  0.026, 212.47,  0.056, 266.93,  0.015, 168.69,  0.109, 192.13,-99.000, -99.00,-99.000, -99.00,-99.000, -99.00,-99.000, -99.00,
9/17/2006 10:25:00,  9.1,276.1,  3.3,  2.6, 18.674, 29.42,  0.0,  0.0,  0.106, 107.06,  0.090, 152.30,  0.105, 167.94,  0.107, 130.08,  0.031, 112.48,  0.067, 151.53,  0.100, 137.84,  0.100, 155.75,  0.118, 139.13,  0.067, 173.19,  0.092, 171.87,  0.058, 207.90,  0.082, 276.26,  0.068, 196.29,  0.076, 175.49,  0.101, 218.57,-99.000, -99.00,-99.000, -99.00,-99.000, -99.00,-99.000, -99.00,
9/17/2006 10:30:00,  9.1,276.2,  3.3,  2.6, 18.672, 29.42,  0.0,  0.0,  0.107,  90.00,  0.201,  85.71,  0.114,  61.19,  0.110, 121.23,  0.162, 137.25,  0.077, 149.42,  0.059, 107.82,  0.095, 128.57,  0.076, 119.93,  0.034, 112.75,  0.097, 146.80,  0.039, 240.80,  0.071, 322.97,  0.088, 345.49,  0.040, 347.01,  0.055, 118.44,-99.000, -99.00,-99.000, -99.00,-99.000, -99.00,-99.000, -99.00,
9/17/2006 10:35:00,  9.1,276.1,  3.3,  2.6, 18.682, 29.42,  0.0,  0.0,  0.065,  81.12,  0.075, 174.67,  0.038,  10.71,  0.110, 137.94,  0.052, 160.87,  0.021, 177.27,  0.093, 140.67,  0.039, 122.47,  0.114,  98.06,  0.117,  78.69,  0.006, 128.66,  0.075, 263.07,  0.026, 210.58,  0.089, 103.72,  0.094, 313.71,  0.066, 233.65,-99.000, -99.00,-99.000, -99.00,-99.000, -99.00,-99.000, -99.00,
9/17/2006 10:40:00,  9.1,276.0,  3.3,  2.5, 18.678, 29.43,  0.0,  0.0,  0.015,  53.13,  0.045, 100.30,  0.035,  81.87,  0.138, 173.34,  0.079, 177.10,  0.081, 164.25,  0.063, 163.30,  0.153, 133.94,  0.099, 106.98,  0.118, 120.05,  0.093, 133.69,  0.084, 137.41,  0.065, 193.39,  0.029, 240.75,  0.086, 299.83,  0.102, 235.84,-99.000, -99.00,-99.000, -99.00,-99.000, -99.00,-99.000, -99.00,
9/17/2006 10:45:00,  9.1,276.2,  3.3,  2.5, 18.691, 29.43,  0.0,  0.0,  0.140, 116.20,  0.106, 158.50,  0.059, 126.67,  0.149, 129.02,  0.170, 138.81,  0.129, 134.69,  0.105, 134.23,  0.078, 158.06,  0.084, 144.22,  0.118, 142.55,  0.056, 104.53,  0.068, 114.30,  0.028,  57.99,  0.013, 308.66,  0.123, 284.60,  0.169, 215.38,-99.000, -99.00,-99.000, -99.00,-99.000, -99.00,-99.000, -99.00,
9/17/2006 10:50:00,  9.1,276.2,  3.3,  2.6, 18.681, 29.43,  0.0,  0.0,  0.054, 123.69,  0.055, 242.97,  0.206, 152.81,  0.029, 102.09,  0.126, 126.96,  0.094, 141.05,  0.112, 161.24,  0.149, 157.56,  0.093, 149.57,  0.103, 152.94,  0.123, 137.63,  0.071, 170.27,  0.064, 112.14,  0.066, 358.26,  0.073, 150.26,  0.121, 171.47,-99.000, -99.00,-99.000, -99.00,-99.000, -99.00,-99.000, -99.00,
9/17/2006 10:55:00,  9.1,276.2,  3.3,  2.5, 18.676, 29.43,  0.0,  0.0,  0.044, 126.61,  0.030, 105.42,  0.064, 168.34,  0.145, 138.63,  0.059, 126.67,  0.150, 150.54,  0.078, 129.81,  0.115, 138.16,  0.042, 135.00,  0.082,  96.26,  0.064, 152.24,  0.060, 328.71,  0.092, 104.49,  0.041, 180.00,  0.053, 288.78,  0.105, 210.96,-99.000, -99.00,-99.000, -99.00,-99.000, -99.00,-99.000, -99.00,
9/17/2006 11:00:00,  9.1,276.1,  3.3,  2.6, 18.670, 29.44,  0.0,  0.0,  0.048, 113.36,  0.161, 112.59,  0.110, 121.23,  0.077,  84.81,  0.096, 152.10,  0.030, 216.87,  0.145,  80.86,  0.083,  91.38,  0.053, 188.75,  0.117, 163.11,  0.081,  93.53,  0.097, 116.83,  0.075,  90.00,  0.058,  69.68,  0.018, 116.57,  0.171, 193.55,-99.000, -99.00,-99.000, -99.00,-99.000, -99.00,-99.000, -99.00,
9/17/2006 11:05:00,  9.1,276.1,  3.3,  2.6, 18.676, 29.44,  0.0,  0.0,  0.102,  36.65,  0.155,  90.37,  0.192, 117.23,  0.145, 121.50,  0.019,  64.80,  0.106, 179.46,  0.097, 125.33,  0.118, 109.82,  0.089, 103.72,  0.065, 342.96,  0.086, 163.87,  0.058, 137.79,  0.046,  11.31,  0.035, 337.89,  0.010, 191.31,  0.172, 193.07,-99.000, -99.00,-99.000, -99.00,-99.000, -99.00,-99.000, -99.00,
9/17/2006 11:10:00,  9.1,276.1,  3.3,  2.6, 18.683, 29.45,  0.0,  0.0,  0.134,  95.58,  0.022, 105.95,  0.102, 136.59,  0.087, 118.03,  0.098, 102.34,  0.131, 108.30,  0.010, 209.05,  0.057, 167.91,  0.057, 147.99,  0.066, 131.92,  0.097,  95.95,  0.034,  36.53,  0.032, 147.80,  0.047,  42.44,  0.056,  87.95,  0.136, 213.34,-99.000, -99.00,-99.000, -99.00,-99.000, -99.00,-99.000, -99.00,
9/17/2006 11:15:00,  9.1,276.2,  3.3,  2.5, 18.677, 29.45,  0.0,  0.0,  0.163, 152.65,  0.187, 133.26,  0.058, 145.49,  0.108, 130.49,  0.057,  88.99,  0.032, 106.19,  0.143, 123.91,  0.142, 122.01,  0.091, 140.36,  0.157, 157.18,  0.086, 130.75,  0.100, 136.61,  0.052, 210.96,  0.068, 212.99,  0.056, 109.72,  0.166, 196.80,-99.000, -99.00,-99.000, -99.00,-99.000, -99.00,-99.000, -99.00,
9/17/2006 11:20:00,  9.1,276.3,  3.3,  2.6, 18.682, 29.45,  0.0,  0.0,  0.066, 185.19,  0.118, 176.12,  0.129, 172.87,  0.141, 140.45,  0.112, 145.89,  0.039, 107.97,  0.107, 152.24,  0.089, 147.38,  0.059, 131.55,  0.040, 139.09,  0.035,  11.63,  0.039, 280.44,  0.063, 244.65,  0.027, 259.51,  0.025, 284.04,  0.121, 164.12,-99.000, -99.00,-99.000, -99.00,-99.000, -99.00,-99.000, -99.00,
9/17/2006 11:25:00,  9.1,276.2,  3.3,  2.5, 18.681, 29.46,  0.0,  0.0,  0.029, 200.32,  0.075,  74.48,  0.039, 219.81,  0.060,  68.55,  0.075, 114.51,  0.119, 147.38,  0.101, 133.00,  0.140, 135.00,  0.064, 107.30,  0.048,  60.26,  0.060, 144.46,  0.048, 145.98,  0.045, 153.43,  0.026,  59.42,  0.058, 132.21,  0.041, 194.04,-99.000, -99.00,-99.000, -99.00,-99.000, -99.00,-99.000, -99.00,
9/17/2006 11:30:00,  9.1,276.1,  3.3,  2.6, 18.681, 29.47,  0.0,  0.0,  0.075, 156.50,  0.079, 132.42,  0.085,  90.00,  0.041,  46.97,  0.085, 105.67,  0.142,  96.87,  0.057, 144.34,  0.038,  21.80,  0.069, 135.00,  0.029, 290.32,  0.118, 164.32,  0.071, 165.38,  0.011, 248.20,  0.030, 344.58,  0.051,  63.43,  0.106, 148.85,-99.000, -99.00,-99.000, -99.00,-99.000, -99.00,-99.000, -99.00,
9/17/2006 11:35:00,  9.1,276.1,  3.3,  2.6, 18.686, 29.47,  0.0,  0.0,  0.099, 197.70,  0.075,  21.80,  0.066,  92.60,  0.079, 109.12,  0.150, 114.00,  0.112, 133.20,  0.140, 136.16,  0.137,  97.95,  0.147,  84.13,  0.095,  99.07,  0.118,  95.37,  0.087,  92.63,  0.134, 134.70,  0.093, 110.19,  0.075, 116.22,  0.080, 170.66,-99.000, -99.00,-99.000, -99.00,-99.000, -99.00,-99.000, -99.00,
9/17/2006 11:40:00,  9.1,276.2,  3.3,  2.5, 18.697, 29.48,  0.0,  0.0,  0.085,  39.29,  0.150,  89.24,  0.068,  66.47,  0.099, 110.62,  0.135,  77.61,  0.162,  96.38,  0.051, 102.41,  0.122, 140.31,  0.122, 136.66,  0.048,   7.13,  0.005, 143.13,  0.115, 190.53,  0.101, 162.10,  0.056, 124.82,  0.090, 136.35,  0.183, 190.39,-99.000, -99.00,-99.000, -99.00,-99.000, -99.00,-99.000, -99.00,
9/17/2006 11:45:00,  9.1,276.2,  3.3,  2.5, 18.691, 29.49,  0.0,  0.0,  0.080, 114.33,  0.056,  42.83,  0.016, 352.87,  0.103,  47.76,  0.066, 179.13,  0.080, 125.29,  0.132, 122.97,  0.099, 184.62,  0.133, 180.43,  0.130, 161.15,  0.128, 155.04,  0.082, 160.02,  0.044,  91.30,  0.078, 126.14,  0.054, 126.66,  0.078, 182.20,-99.000, -99.00,-99.000, -99.00,-99.000, -99.00,-99.000, -99.00,
9/17/2006 11:50:00,  9.1,276.2,  3.3,  2.5, 18.694, 29.50,  0.0,  0.0,  0.035,  73.61,  0.062, 191.13,  0.051,  76.50,  0.066, 153.82,  0.044, 169.46,  0.127, 154.24,  0.122, 114.68,  0.065, 106.19,  0.124, 130.75,  0.073,  34.35,  0.129, 153.83,  0.079, 161.57,  0.073, 165.77,  0.072, 150.95,  0.114, 149.38,  0.201, 191.20,-99.000, -99.00,-99.000, -99.00,-99.000, -99.00,-99.000, -99.00,
9/17/2006 11:55:00,  9.1,276.2,  3.3,  2.5, 18.698, 29.51,  0.0,  0.0,  0.050,  44.19,  0.111, 112.18,  0.064,  90.00,  0.021, 349.22,  0.037, 225.00,  0.089, 143.64,  0.125, 162.73,  0.097, 155.56,  0.086, 104.20,  0.100, 140.27,  0.080, 178.57,  0.074, 138.30,  0.121, 129.62,  0.164, 145.44,  0.083, 119.66,  0.099, 185.19,-99.000, -99.00,-99.000, -99.00,-99.000, -99.00,-99.000, -99.00,
9/17/2006 12:00:00,  9.1,276.3,  3.3,  2.6, 18.703, 29.51,  0.0,  0.0,  0.030, 350.54,  0.070, 219.81,  0.077, 257.23,  0.050, 302.74,  0.014, 188.13,  0.069, 227.95,  0.090, 218.66,  0.103, 181.11,  0.145, 163.19,  0.111, 181.03,  0.091, 221.01,  0.017, 246.37,  0.076, 203.20,  0.182, 190.75,  0.087, 169.46,  0.124, 210.09,-99.000, -99.00,-99.000, -99.00,-99.000, -99.00,-99.000, -99.00,
9/17/2006 12:05:00,  9.1,276.1,  3.3,  2.6, 18.699, 29.52,  0.0,  0.0,  0.035, 219.17,  0.103, 289.84,  0.048, 261.53,  0.020, 275.71,  0.016, 137.49,  0.030,  41.01,  0.040,  22.07,  0.024, 262.87,  0.053,   3.24,  0.051, 357.75,  0.044, 353.52,  0.052, 289.13,  0.049, 225.83,  0.062, 192.03,  0.049, 127.57,  0.147, 187.41,-99.000, -99.00,-99.000, -99.00,-99.000, -99.00,-99.000, -99.00,
9/17/2006 12:10:00,  9.1,276.2,  3.3,  2.6, 18.710, 29.51,  0.0,  0.0,  0.021, 272.73,  0.064, 313.73,  0.074, 259.90,  0.052, 268.90,  0.030,  95.71,  0.100,  45.81,  0.040,   1.43,  0.064, 203.78,  0.026, 166.50,  0.100, 329.33,  0.020, 310.91,  0.018, 257.47,  0.026, 197.74,  0.084, 179.32,  0.030, 252.76,  0.211, 196.54,-99.000, -99.00,-99.000, -99.00,-99.000, -99.00,-99.000, -99.00,
9/17/2006 12:15:00,  9.1,276.1,  3.3,  2.6, 18.715, 29.51,  0.0,  0.0,  0.165, 349.51,  0.118, 334.31,  0.095, 310.73,  0.146, 309.45,  0.138, 326.20,  0.133, 339.24,  0.128,   7.62,  0.046,  28.81,  0.045, 333.43,  0.073, 313.33,  0.033, 280.62,  0.046, 102.53,  0.015, 176.19,  0.021, 292.83,  0.004, 116.57,  0.144, 202.83,-99.000, -99.00,-99.000, -99.00,-99.000, -99.00,-99.000, -99.00,
9/17/2006 12:20:00,  9.1,276.2,  3.3,  2.5, 18.708, 29.51,  0.0,  0.0,  0.089, 296.85,  0.161, 305.66,  0.116, 292.35,  0.241,   0.00,  0.123, 354.89,  0.145, 342.69,  0.090, 334.29,  0.185,   2.48,  0.115,   0.00,  0.137, 327.82,  0.090, 300.85,  0.113, 330.26,  0.047, 345.07,  0.016, 352.87,  0.024, 299.74,  0.117, 182.45,-99.000, -99.00,-99.000, -99.00,-99.000, -99.00,-99.000, -99.00,
9/17/2006 12:25:00,  9.1,276.2,  3.3,  2.6, 18.719, 29.51,  0.0,  0.0,  0.072, 338.79,  0.142,  13.06,  0.096,  25.23,  0.168,  45.00,  0.071,  83.57,  0.091, 357.48,  0.130, 352.93,  0.087, 317.33,  0.024, 345.38,  0.080,  52.13,  0.086,  37.41,  0.060, 357.14,  0.058, 270.00,  0.125, 305.22,  0.106, 259.11,  0.096, 206.03,-99.000, -99.00,-99.000, -99.00,-99.000, -99.00,-99.000, -99.00,
9/17/2006 12:30:00,  9.1,276.3,  3.3,  2.6, 18.719, 29.51,  0.0,  0.0,  0.078, 331.80,  0.134, 319.54,  0.119,   2.89,  0.144,   8.41,  0.122,   3.75,  0.125, 357.25,  0.112,   0.00,  0.119, 351.80,  0.042,  56.69,  0.159, 349.11,  0.162,  13.61,  0.065, 354.73,  0.018,  70.56,  0.088,  74.23,  0.069,  57.46,  0.046, 348.69,-99.000, -99.00,-99.000, -99.00,-99.000, -99.00,-99.000, -99.00,
9/17/2006 12:35:00,  9.1,276.2,  3.3,  2.6, 18.737, 29.51,  0.0,  0.0,  0.103, 305.08,  0.075, 327.59,  0.021, 280.78,  0.137, 332.69,  0.031, 301.61,  0.130,  10.62,  0.148,  12.91,  0.134, 358.72,  0.108, 325.57,  0.067, 351.38,  0.085, 326.50,  0.078,  41.88,  0.036, 257.12,  0.071, 331.26,  0.040, 325.12,  0.120, 156.86,-99.000, -99.00,-99.000, -99.00,-99.000, -99.00,-99.000, -99.00,
9/17/2006 12:40:00,  9.1,276.3,  3.3,  2.6, 18.735, 29.51,  0.0,  0.0,  0.024,  16.93,  0.126, 358.64,  0.059, 356.12,  0.065,   5.27,  0.066, 346.81,  0.216, 352.02,  0.077,   1.49,  0.158, 344.20,  0.126, 322.77,  0.076, 356.99,  0.067,  32.74,  0.076, 357.74,  0.016, 352.87,  0.050,   0.00,  0.048, 339.30,  0.021, 215.22,-99.000, -99.00,-99.000, -99.00,-99.000, -99.00,-99.000, -99.00,
9/17/2006 12:45:00,  9.1,276.2,  3.3,  2.6, 18.732, 29.50,  0.0,  0.0,  0.045, 341.97,  0.152, 332.08,  0.080, 357.14,  0.119,   6.29,  0.102, 358.88,  0.113, 350.29,  0.143,   8.87,  0.169, 343.50,  0.159, 318.07,  0.073, 317.78,  0.077, 313.42,  0.051, 322.22,  0.030,  25.71,  0.061, 354.38,  0.031, 238.39,  0.193, 205.11,-99.000, -99.00,-99.000, -99.00,-99.000, -99.00,-99.000, -99.00,
9/17/2006 12:50:00,  9.1,276.2,  3.3,  2.6, 18.748, 29.50,  0.0,  0.0,  0.105, 291.90,  0.090, 350.43,  0.058, 273.95,  0.099, 319.09,  0.062,   5.53,  0.041,  17.10,  0.185, 342.35,  0.053, 322.70,  0.048,  34.02,  0.039, 349.56,  0.061,  29.51,  0.079, 330.52,  0.014,  21.04,  0.124, 323.50,  0.074, 298.30,  0.114, 212.86,-99.000, -99.00,-99.000, -99.00,-99.000, -99.00,-99.000, -99.00,
9/17/2006 12:55:00,  9.1,276.2,  3.3,  2.6, 18.746, 29.50,  0.0,  0.0,  0.055, 260.54,  0.038, 303.27,  0.073,  17.45,  0.103,  21.60,  0.074, 328.90,  0.095, 295.49,  0.109, 295.62,  0.055,  19.09,  0.011,  84.81,  0.056,   4.09,  0.181, 349.50,  0.085, 339.21,  0.024, 102.26,  0.027, 287.10,  0.093, 332.61,  0.089, 299.74,-99.000, -99.00,-99.000, -99.00,-99.000, -99.00,-99.000, -99.00,
9/17/2006 13:00:00,  9.1,276.2,  3.3,  2.6, 18.751, 29.50,  0.0,  0.0,  0.126, 301.67,  0.055,  19.09,  0.030,  45.00,  0.074, 312.80,  0.035,  48.50,  0.056, 344.48,  0.069, 293.96,  0.046, 267.51,  0.105, 332.70,  0.021, 311.19,  0.067, 352.23,  0.062,   5.53,  0.062,  41.10,  0.118, 337.57,  0.101, 334.20,  0.181, 317.24,-99.000, -99.00,-99.000, -99.00,-99.000, -99.00,-99.000, -99.00,
9/17/2006 13:05:00,  9.1,276.3,  3.3,  2.6, 18.755, 29.50,  0.0,  0.0,  0.075, 355.43,  0.106, 338.50,  0.087, 316.40,  0.065,   3.52,  0.124, 314.67,  0.050, 293.50,  0.077, 359.26,  0.012, 284.04,  0.067, 352.23,  0.041,   4.18,  0.080, 309.90,  0.083, 324.78,  0.108, 322.92,  0.076, 290.11,  0.046, 258.69,  0.076, 252.28,-99.000, -99.00,-99.000, -99.00,-99.000, -99.00,-99.000, -99.00,
9/17/2006 13:10:00,  9.1,276.2,  3.3,  2.6, 18.758, 29.50,  0.0,  0.0,  0.034, 324.46,  0.069, 307.37,  0.084, 326.12,  0.066,  50.53,  0.085, 330.42,  0.083, 304.65,  0.059, 351.18,  0.101, 311.78,  0.079, 283.16,  0.062, 311.10,  0.074, 279.33,  0.051, 275.60,  0.055, 291.41,  0.093, 270.00,  0.027, 287.10,  0.073, 225.56,-99.000, -99.00,-99.000, -99.00,-99.000, -99.00,-99.000, -99.00,
9/17/2006 13:15:00,  9.1,276.2,  3.3,  2.6, 18.759, 29.50,  0.0,  0.0,  0.069, 317.95,  0.069,  10.82,  0.010,  84.29,  0.069, 307.37,  0.006, 321.34,  0.092,  16.46,  0.067, 346.17,  0.031, 346.87,  0.128, 319.74,  0.142, 334.16,  0.096, 350.44,  0.104, 349.45,  0.074,   8.57,  0.109, 308.66,  0.083, 303.69,  0.034, 114.30,-99.000, -99.00,-99.000, -99.00,-99.000, -99.00,-99.000, -99.00,
9/17/2006 13:20:00,  9.1,276.3,  3.3,  2.6, 18.764, 29.50,  0.0,  0.0,  0.136, 310.24,  0.116, 307.27,  0.111, 302.83,  0.028, 315.00,  0.028, 332.53,  0.012, 270.00,  0.024, 282.26,  0.100, 348.47,  0.103, 311.45,  0.082, 303.11,  0.045,  24.86,  0.010, 299.05,  0.078, 271.47,  0.144, 310.77,  0.055, 346.22,  0.115, 211.48,-99.000, -99.00,-99.000, -99.00,-99.000, -99.00,-99.000, -99.00,
9/17/2006 13:25:00,  9.1,276.3,  3.3,  2.6, 18.773, 29.50,  0.0,  0.0,  0.056, 252.22,  0.078, 237.53,  0.098, 308.39,  0.110, 353.20,  0.035, 311.50,  0.128, 326.19,  0.043, 336.97,  0.031, 299.05,  0.075, 302.41,  0.028,  18.43,  0.112, 351.80,  0.020, 323.13,  0.023, 102.80,  0.045, 341.97,  0.029, 240.75,  0.071, 197.16,-99.000, -99.00,-99.000, -99.00,-99.000, -99.00,-99.000, -99.00,
9/17/2006 13:30:00,  9.1,276.3,  3.3,  2.6, 18.781, 29.50,  0.0,  0.0,  0.119, 326.98,  0.067, 339.94,  0.144, 341.31,  0.086, 349.99,  0.049, 270.00,  0.154, 285.48,  0.069,  50.30,  0.100, 347.91,  0.098, 326.63,  0.014, 294.78,  0.084, 315.48,  0.063, 345.30,  0.021,   2.73,  0.108, 113.96,  0.064,  23.78,  0.063, 217.95,-99.000, -99.00,-99.000, -99.00,-99.000, -99.00,-99.000, -99.00,
9/17/2006 13:35:00,  9.1,276.1,  3.3,  2.6, 18.781, 29.50,  0.0,  0.0,  0.066,   1.74,  0.074,  46.10,  0.136, 342.50,  0.054, 345.96,  0.127, 304.07,  0.029,   3.95,  0.098,   0.00,  0.070,  21.80,  0.098, 332.65,  0.091, 340.77,  0.072,   1.59,  0.055,  36.87,  0.070, 319.67,  0.044, 287.20,  0.026, 130.36,  0.124, 175.39,-99.000, -99.00,-99.000, -99.00,-99.000, -99.00,-99.000, -99.00,
9/17/2006 13:40:00,  9.1,276.1,  3.3,  2.6, 18.788, 29.50,  0.0,  0.0,  0.113, 329.12,  0.001,   0.00,  0.119, 310.24,  0.089, 302.62,  0.084, 301.43,  0.119, 354.19,  0.046, 307.87,  0.091, 346.72,  0.105, 346.76,  0.047, 355.14,  0.091, 331.19,  0.087, 322.47,  0.013,  57.53,  0.060, 339.44,  0.042, 329.74,  0.123, 212.01,-99.000, -99.00,-99.000, -99.00,-99.000, -99.00,-99.000, -99.00,
9/17/2006 13:45:00,  9.1,276.2,  3.3,  2.6, 18.797, 29.49,  0.0,  0.0,  0.089, 311.79,  0.103, 301.06,  0.107, 334.63,  0.038, 346.33,  0.089, 287.01,  0.119, 302.62,  0.054, 347.24,  0.163, 323.97,  0.168, 325.65,  0.038, 332.10,  0.043,   2.66,  0.056, 312.83,  0.065, 327.53,  0.090, 343.79,  0.034, 346.37,  0.106, 194.69,-99.000, -99.00,-99.000, -99.00,-99.000, -99.00,-99.000, -99.00,
9/17/2006 13:50:00,  9.1,276.3,  3.3,  2.5, 18.801, 29.49,  0.0,  0.0,  0.061, 343.93,  0.069,  14.24,  0.122, 329.04,  0.094, 352.04,  0.212, 303.47,  0.097, 350.54,  0.050, 288.80,  0.040, 318.01,  0.052, 216.43,  0.059, 350.22,  0.113, 312.14,  0.041, 275.57,  0.049, 355.33,  0.018,  38.16,  0.124, 194.04,  0.144, 225.56,-99.000, -99.00,-99.000, -99.00,-99.000, -99.00,-99.000, -99.00,
9/17/2006 13:55:00,  9.1,276.1,  3.3,  2.6, 18.812, 29.49,  0.0,  0.0,  0.078, 331.80,  0.048, 320.96,  0.061,  24.06,  0.044, 356.10,  0.087, 326.67,  0.144, 308.78,  0.048, 319.27,  0.072, 356.82,  0.030, 101.69,  0.123, 338.03,  0.150, 316.08,  0.168, 298.39,  0.039, 284.74,  0.149, 316.90,  0.106, 279.82,  0.133, 195.29,-99.000, -99.00,-99.000, -99.00,-99.000, -99.00,-99.000, -99.00,
9/17/2006 14:00:00,  9.1,276.1,  3.4,  2.6, 18.816, 29.48,  0.0,  0.0,  0.079, 310.91,  0.031,   5.53,  0.116, 336.54,  0.063, 332.62,  0.085, 344.98,  0.079,  12.45,  0.053,  20.81,  0.089, 338.32,  0.051,  11.31,  0.060, 328.71,  0.092, 299.36,  0.097, 332.38,  0.056, 352.87,  0.062, 283.13,  0.054, 187.39,  0.087, 186.63,-99.000, -99.00,-99.000, -99.00,-99.000, -99.00,-99.000, -99.00,
9/17/2006 14:05:00,  9.1,276.2,  3.4,  2.6, 18.832, 29.48,  0.0,  0.0,  0.089,   0.00,  0.139,   4.52,  0.014,  59.74,  0.148, 297.26,  0.070, 286.62,  0.127, 336.86,  0.002,  90.00,  0.080,  10.05,  0.104, 275.49,  0.032, 295.77,  0.103, 344.74,  0.096, 332.10,  0.084, 326.12,  0.029, 305.31,  0.051, 349.80,  0.039, 182.94,-99.000, -99.00,-99.000, -99.00,-99.000, -99.00,-99.000, -99.00,
9/17/2006 14:10:00,  9.1,276.1,  3.3,  2.6, 18.819, 29.48,  0.0,  0.0,  0.094, 343.30,  0.170, 318.81,  0.080, 341.79,  0.102,  23.05,  0.092, 337.05,  0.066, 326.79,  0.107, 327.94,  0.160, 333.60,  0.171, 318.09,  0.073, 257.30,  0.128, 314.68,  0.056, 322.31,  0.102, 292.53,  0.031, 335.10,  0.057,   7.00,  0.143, 150.75,-99.000, -99.00,-99.000, -99.00,-99.000, -99.00,-99.000, -99.00,
9/17/2006 14:15:00,  9.1,276.4,  3.3,  2.6, 18.848, 29.48,  0.0,  0.0,  0.017, 331.93,  0.150, 287.83,  0.114, 311.09,  0.036, 279.46,  0.053, 271.08,  0.064, 306.16,  0.091, 336.80,  0.063, 314.36,  0.063, 315.64,  0.111, 335.98,  0.128, 350.10,  0.091,   8.84,  0.012, 189.46,  0.063, 196.70,  0.105, 320.40,  0.148, 190.48,-99.000, -99.00,-99.000, -99.00,-99.000, -99.00,-99.000, -99.00,
9/17/2006 14:20:00,  9.1,276.2,  3.3,  2.6, 18.842, 29.48,  0.0,  0.0,  0.058, 307.27,  0.076, 297.58,  0.197, 339.17,  0.101, 277.41,  0.052, 343.30,  0.133, 317.44,  0.041, 282.68,  0.137, 316.77,  0.119, 327.38,  0.067, 259.70,  0.047, 271.22,  0.069,  66.80,  0.141,  20.75,  0.080, 350.66,  0.083, 321.88,  0.070, 185.71,-99.000, -99.00,-99.000, -99.00,-99.000, -99.00,-99.000, -99.00,
9/17/2006 14:25:00,  9.1,276.1,  3.3,  2.6, 18.859, 29.48,  0.0,  0.0,  0.091, 290.63,  0.069, 338.66,  0.077, 327.13,  0.072, 267.61,  0.110, 330.64,  0.091, 211.94,  0.040, 282.99,  0.074, 301.76,  0.075,   0.00,  0.168, 336.80,  0.133, 307.65,  0.071, 342.07,  0.104, 337.89,  0.068, 299.22,  0.145, 325.98,  0.124, 256.97,-99.000, -99.00,-99.000, -99.00,-99.000, -99.00,-99.000, -99.00,
9/17/2006 14:30:00,  9.1,276.1,  3.4,  2.6, 18.851, 29.48,  0.0,  0.0,  0.040,  25.28,  0.097,  44.58,  0.115, 345.36,  0.046, 332.88,  0.072, 310.52,  0.075, 304.11,  0.079, 316.55,  0.033, 293.43,  0.011, 158.20,  0.022, 309.47,  0.007, 171.87,  0.051, 321.34,  0.105, 326.31,  0.091, 326.66,  0.149, 331.02,  0.097, 184.13,-99.000, -99.00,-99.000, -99.00,-99.000, -99.00,-99.000, -99.00,
9/17/2006 14:35:00,  9.1,276.1,  3.4,  2.6, 18.853, 29.48,  0.0,  0.0,  0.109, 325.87,  0.073, 326.75,  0.174, 312.67,  0.105, 315.77,  0.133, 326.67,  0.057, 227.12,  0.141, 316.72,  0.131, 317.17,  0.023,   9.87,  0.073, 299.36,  0.029, 264.09,  0.043, 286.31,  0.057, 346.93,  0.055, 130.60,  0.029, 299.25,  0.109, 216.03,-99.000, -99.00,-99.000, -99.00,-99.000, -99.00,-99.000, -99.00,
9/17/2006 14:40:00,  9.1,276.2,  3.4,  2.6, 18.857, 29.49,  0.0,  0.0,  0.157, 323.79,  0.075,  14.59,  0.122, 335.75,  0.032, 280.95,  0.124, 310.10,  0.083, 281.17,  0.062, 323.50,  0.044, 348.18,  0.128, 345.96,  0.094, 343.30,  0.030,   1.91,  0.077,  37.61,  0.113,  37.79,  0.136,  14.96,  0.060,  58.71,  0.016, 127.57,-99.000, -99.00,-99.000, -99.00,-99.000, -99.00,-99.000, -99.00,
9/17/2006 14:45:00,  9.1,276.2,  3.4,  2.6, 18.863, 29.49,  0.0,  0.0,  0.114, 316.78,  0.106, 317.29,  0.070, 349.33,  0.074,  18.92,  0.099, 287.70,  0.090, 295.71,  0.120, 308.59,  0.100, 303.22,  0.079, 303.08,  0.150, 325.89,  0.092, 340.39,  0.098, 334.49,  0.045, 326.66,  0.096, 310.79,  0.075, 286.99,  0.016, 150.26,-99.000, -99.00,-99.000, -99.00,-99.000, -99.00,-99.000, -99.00,
9/17/2006 14:50:00,  9.1,276.3,  3.4,  2.6, 18.866, 29.49,  0.0,  0.0,  0.128, 325.81,  0.058,  68.75,  0.037, 277.70,  0.084, 333.74,  0.104, 320.05,  0.056, 294.27,  0.065, 276.15,  0.083, 320.37,  0.035, 306.87,  0.075, 324.20,  0.070, 351.75,  0.082,  18.43,  0.076, 328.39,  0.052, 309.52,  0.045,  15.59,  0.077, 167.23,-99.000, -99.00,-99.000, -99.00,-99.000, -99.00,-99.000, -99.00,
9/17/2006 14:55:00,  9.1,276.1,  3.4,  2.6, 18.873, 29.49,  0.0,  0.0,  0.165,   8.72,  0.040,  94.29,  0.141, 318.74,  0.018, 333.43,  0.069, 301.39,  0.106, 293.91,  0.113, 322.93,  0.085, 318.81,  0.012, 109.98,  0.147,   3.50,  0.119, 323.23,  0.144, 325.76,  0.042, 288.00,  0.099, 324.87,  0.051, 348.69,  0.057, 144.93,-99.000, -99.00,-99.000, -99.00,-99.000, -99.00,-99.000, -99.00,
9/17/2006 15:00:00,  9.1,276.2,  3.4,  2.6, 18.876, 29.49,  0.0,  0.0,  0.113, 333.21,  0.172, 306.47,  0.045, 133.21,  0.050, 340.11,  0.027, 351.57,  0.083, 335.90,  0.139, 349.25,  0.091, 331.19,  0.110, 323.13,  0.084, 326.12,  0.080, 303.29,  0.128, 263.26,  0.124, 287.41,  0.064, 272.68,  0.072, 312.17,  0.071, 270.81,-99.000, -99.00,-99.000, -99.00,-99.000, -99.00,-99.000, -99.00,
9/17/2006 15:05:00,  9.1,276.3,  3.4,  2.6, 18.889, 29.50,  0.0,  0.0,  0.029, 247.83,  0.089,  24.55,  0.162, 347.86,  0.061,   0.00,  0.062, 322.21,  0.110, 316.47,  0.134, 315.60,  0.094, 319.33,  0.120, 303.82,  0.119, 293.33,  0.129, 314.06,  0.111, 345.34,  0.127, 325.56,  0.044, 315.00,  0.034, 154.18,  0.069, 178.34,-99.000, -99.00,-99.000, -99.00,-99.000, -99.00,-99.000, -99.00,
9/17/2006 15:10:00,  9.1,276.2,  3.4,  2.6, 18.899, 29.50,  0.0,  0.0,  0.201,   1.42,  0.135, 329.25,  0.101, 306.53,  0.079, 270.00,  0.123, 290.94,  0.114, 297.69,  0.101, 313.00,  0.129,   6.68,  0.145, 356.05,  0.060,  24.44,  0.063,   2.73,  0.086, 326.86,  0.056, 298.86,  0.017, 280.01,  0.035, 183.27,  0.055, 140.19,-99.000, -99.00,-99.000, -99.00,-99.000, -99.00,-99.000, -99.00,
9/17/2006 15:15:00,  9.1,276.3,  3.4,  2.6, 18.905, 29.50,  0.0,  0.0,  0.076, 317.12,  0.108, 295.85,  0.162, 322.00,  0.134, 302.50,  0.115, 297.46,  0.160, 330.39,  0.097, 326.31,  0.108, 348.27,  0.126, 353.16,  0.132, 334.41,  0.189, 338.59,  0.039, 358.53,  0.230, 326.73,  0.103, 299.81,  0.091, 261.78,  0.134, 199.11,-99.000, -99.00,-99.000, -99.00,-99.000, -99.00,-99.000, -99.00,
9/17/2006 15:20:00,  9.1,276.2,  3.4,  2.6, 18.915, 29.50,  0.0,  0.0,  0.108, 354.13,  0.142, 336.85,  0.167, 349.63,  0.093, 357.54,  0.095, 276.07,  0.140, 304.26,  0.165, 338.71,  0.083, 336.53,  0.134, 342.24,  0.090,  12.18,  0.130, 337.79,  0.130, 342.54,  0.030, 250.35,  0.047, 246.16,  0.037, 266.91,  0.069, 263.39,-99.000, -99.00,-99.000, -99.00,-99.000, -99.00,-99.000, -99.00,
9/17/2006 15:25:00,  9.1,276.2,  3.4,  2.6, 18.917, 29.51,  0.0,  0.0,  0.142, 338.88,  0.079, 359.27,  0.055,   5.19,  0.022, 185.19,  0.124, 324.52,  0.110, 339.75,  0.131, 325.58,  0.124, 319.25,  0.148,   0.77,  0.144, 346.35,  0.029, 345.96,  0.156, 328.66,  0.131, 319.97,  0.052, 314.22,  0.051, 303.07,  0.091, 217.38,-99.000, -99.00,-99.000, -99.00,-99.000, -99.00,-99.000, -99.00,
9/17/2006 15:30:00,  9.1,276.2,  3.4,  2.5, 18.928, 29.51,  0.0,  0.0,  0.087,   0.00,  0.071, 316.70,  0.134, 342.24,  0.163, 316.74,  0.182, 306.30,  0.097, 349.27,  0.152, 332.08,  0.153, 308.37,  0.098, 327.93,  0.120, 310.60,  0.141, 316.72,  0.096,   0.00,  0.158, 325.81,  0.150, 273.81,  0.099, 261.87,  0.052, 239.98,-99.000, -99.00,-99.000, -99.00,-99.000, -99.00,-99.000, -99.00,
9/17/2006 15:35:00,  9.1,276.2,  3.4,  2.6, 18.927, 29.51,  0.0,  0.0,  0.095, 346.55,  0.130, 311.89,  0.156, 317.33,  0.146, 333.96,  0.161, 308.94,  0.096, 307.82,  0.010, 185.71,  0.134, 315.60,  0.083, 315.97,  0.129, 327.05,  0.143, 290.84,  0.067, 302.74,  0.110, 308.74,  0.030, 332.59,  0.162, 335.18,  0.091, 271.26,-99.000, -99.00,-99.000, -99.00,-99.000, -99.00,-99.000, -99.00,
9/17/2006 15:40:00,  9.1,276.1,  3.4,  2.6, 18.934, 29.51,  0.0,  0.0,  0.110, 325.01,  0.110, 352.68,  0.171, 324.27,  0.158, 309.62,  0.138, 271.66,  0.097, 278.88,  0.152, 300.45,  0.166, 337.75,  0.168, 298.39,  0.121, 314.66,  0.154, 338.61,  0.146, 344.05,  0.122, 322.00,  0.168, 312.83,  0.120, 312.98,  0.138, 204.34,-99.000, -99.00,-99.000, -99.00,-99.000, -99.00,-99.000, -99.00,
9/17/2006 15:45:00,  9.1,276.3,  3.4,  2.6, 18.942, 29.51,  0.0,  0.0,  0.101, 320.63,  0.159, 344.30,  0.119, 309.19,  0.214, 312.72,  0.103, 299.81,  0.160, 306.87,  0.138, 304.38,  0.111, 320.86,  0.082, 315.99,  0.157, 294.11,  0.102, 296.82,  0.190, 317.56,  0.107, 325.27,  0.123, 302.01,  0.151, 309.90,  0.155, 246.07,-99.000, -99.00,-99.000, -99.00,-99.000, -99.00,-99.000, -99.00,
9/17/2006 15:50:00,  9.0,276.1,  3.4,  2.6, 18.946, 29.51,  0.0,  0.0,  0.153, 319.52,  0.102, 337.47,  0.153, 336.46,  0.144, 323.45,  0.139, 279.53,  0.119, 284.15,  0.128, 260.54,  0.189, 293.32,  0.181, 297.27,  0.077, 299.56,  0.254, 325.75,  0.190, 351.23,  0.133, 311.02,  0.150, 309.32,  0.144, 314.15,  0.091, 221.01,-99.000, -99.00,-99.000, -99.00,-99.000, -99.00,-99.000, -99.00,
9/17/2006 15:55:00,  9.0,276.2,  3.4,  2.6, 18.953, 29.51,  0.0,  0.0,  0.070, 251.57,  0.163, 343.23,  0.125, 337.94,  0.206, 314.02,  0.175, 281.18,  0.042, 270.00,  0.087, 289.48,  0.180, 314.33,  0.141, 314.14,  0.130, 311.56,  0.147, 306.17,  0.163, 312.51,  0.218, 315.37,  0.192, 309.92,  0.189, 314.79,  0.161, 218.72,-99.000, -99.00,-99.000, -99.00,-99.000, -99.00,-99.000, -99.00,
9/17/2006 16:00:00,  9.0,276.1,  3.4,  2.6, 18.949, 29.51,  0.0,  0.0,  0.129, 322.24,  0.123, 334.90,  0.107, 357.86,  0.158, 353.10,  0.104, 272.75,  0.101, 268.30,  0.118, 307.06,  0.123, 296.15,  0.099, 282.22,  0.124, 293.68,  0.161, 330.26,  0.140, 336.37,  0.081, 294.97,  0.193, 296.43,  0.170, 293.55,  0.166, 222.55,-99.000, -99.00,-99.000, -99.00,-99.000, -99.00,-99.000, -99.00,
9/17/2006 16:05:00,  9.0,276.2,  3.4,  2.6, 18.957, 29.51,  0.0,  0.0,  0.084, 323.27,  0.065, 333.43,  0.067,   8.62,  0.204, 272.25,  0.152, 292.36,  0.161, 317.01,  0.143, 307.59,  0.141, 271.62,  0.155, 298.55,  0.124, 333.64,  0.075, 348.39,  0.134, 322.28,  0.102, 320.99,  0.083, 322.31,  0.127, 300.19,  0.107, 226.90,-99.000, -99.00,-99.000, -99.00,-99.000, -99.00,-99.000, -99.00,
9/17/2006 16:10:00,  9.0,276.3,  3.4,  2.6, 18.969, 29.51,  0.0,  0.0,  0.122, 357.65,  0.176, 345.17,  0.081, 319.01,  0.115, 342.35,  0.123, 294.06,  0.130, 270.88,  0.181, 283.73,  0.142, 305.82,  0.193, 323.43,  0.165, 309.09,  0.149, 303.48,  0.143, 290.09,  0.193, 326.64,  0.160, 316.52,  0.182, 319.23,  0.079, 216.72,-99.000, -99.00,-99.000, -99.00,-99.000, -99.00,-99.000, -99.00,
9/17/2006 16:15:00,  9.0,276.1,  3.4,  2.6, 18.974, 29.51,  0.0,  0.0,  0.106, 310.78,  0.131, 331.28,  0.182, 308.07,  0.068, 278.49,  0.115, 256.45,  0.133, 290.20,  0.183, 289.42,  0.228, 298.25,  0.126, 287.14,  0.096, 320.50,  0.151, 292.15,  0.127, 297.78,  0.146, 318.33,  0.180, 285.81,  0.282, 289.27,  0.236, 240.62,-99.000, -99.00,-99.000, -99.00,-99.000, -99.00,-99.000, -99.00,
9/17/2006 16:20:00,  9.0,276.1,  3.4,  2.6, 18.987, 29.51,  0.0,  0.0,  0.129, 341.42,  0.176, 308.56,  0.135, 303.22,  0.037,  30.70,  0.117, 311.19,  0.154, 286.20,  0.157, 283.59,  0.087, 303.33,  0.195, 311.88,  0.156, 310.32,  0.169, 309.72,  0.058, 341.88,  0.133, 319.86,  0.137, 294.13,  0.182, 286.25,  0.247, 208.33,-99.000, -99.00,-99.000, -99.00,-99.000, -99.00,-99.000, -99.00,
9/17/2006 16:25:00,  9.0,276.1,  3.4,  2.6, 18.992, 29.51,  0.0,  0.0,  0.118, 292.43,  0.130, 337.79,  0.159, 305.29,  0.180, 304.57,  0.194, 300.26,  0.049,   4.67,  0.090, 332.86,  0.154,  13.86,  0.224,   1.53,  0.148,  30.03,  0.174,  13.32,  0.206,  30.68,  0.273,   2.73,  0.201, 356.02,  0.214, 336.31,  0.038, 218.66,-99.000, -99.00,-99.000, -99.00,-99.000, -99.00,-99.000, -99.00,
9/17/2006 16:30:00,  9.0,276.1,  3.4,  2.6, 18.988, 29.51,  0.0,  0.0,  0.145, 322.02,  0.181, 319.26,  0.148, 296.39,  0.123, 308.73,  0.065, 291.80,  0.084, 266.59,  0.161, 268.22,  0.188, 288.34,  0.138, 324.70,  0.293, 330.55,  0.240, 330.23,  0.257, 328.54,  0.145, 327.08,  0.203, 321.38,  0.226, 321.46,  0.102, 249.25,-99.000, -99.00,-99.000, -99.00,-99.000, -99.00,-99.000, -99.00,
9/17/2006 16:35:00,  9.0,276.1,  3.4,  2.6, 19.002, 29.51,  0.0,  0.0,  0.100, 285.00,  0.187, 294.65,  0.262, 302.54,  0.195, 288.53,  0.189, 292.76,  0.271, 301.40,  0.249, 279.46,  0.163, 304.76,  0.082, 300.00,  0.190, 317.34,  0.194, 333.70,  0.138, 324.46,  0.194, 298.28,  0.154, 275.23,  0.130, 287.04,  0.227, 228.22,-99.000, -99.00,-99.000, -99.00,-99.000, -99.00,-99.000, -99.00,
9/17/2006 16:40:00,  9.0,276.1,  3.4,  2.6, 18.995, 29.51,  0.0,  0.0,  0.136, 309.32,  0.161, 331.36,  0.166, 303.69,  0.172, 305.07,  0.141, 308.09,  0.151, 277.59,  0.188, 307.42,  0.161, 287.76,  0.159, 297.69,  0.213, 304.29,  0.167, 301.79,  0.209, 317.91,  0.185, 304.21,  0.133, 292.52,  0.165, 310.83,  0.184, 250.68,-99.000, -99.00,-99.000, -99.00,-99.000, -99.00,-99.000, -99.00,
9/17/2006 16:45:00,  9.0,276.1,  3.4,  2.6, 19.000, 29.51,  0.0,  0.0,  0.154, 330.95,  0.176, 334.02,  0.138, 321.47,  0.202, 280.86,  0.144, 291.58,  0.153, 319.24,  0.125, 305.59,  0.253, 304.38,  0.120, 335.36,  0.196, 341.84,  0.133, 345.23,  0.201, 322.90,  0.166, 320.64,  0.229, 310.93,  0.183, 317.43,  0.145, 292.68,-99.000, -99.00,-99.000, -99.00,-99.000, -99.00,-99.000, -99.00,
9/17/2006 16:50:00,  9.0,276.3,  3.4,  2.6, 18.996, 29.51,  0.0,  0.0,  0.206, 314.22,  0.148, 305.09,  0.073, 292.68,  0.184, 307.06,  0.069, 303.23,  0.090, 271.91,  0.129, 303.94,  0.145, 304.89,  0.064, 272.68,  0.144, 291.21,  0.205, 312.63,  0.145, 297.45,  0.189, 302.01,  0.080, 291.14,  0.134, 287.76,  0.224, 285.28,-99.000, -99.00,-99.000, -99.00,-99.000, -99.00,-99.000, -99.00,
9/17/2006 16:55:00,  9.0,276.3,  3.4,  2.6, 19.004, 29.51,  0.0,  0.0,  0.205, 320.73,  0.188, 318.01,  0.244, 314.83,  0.212, 261.87,  0.197, 273.78,  0.123, 298.24,  0.124, 286.83,  0.164, 302.52,  0.134, 299.43,  0.314, 321.34,  0.188, 323.86,  0.204, 324.59,  0.235, 307.21,  0.158, 295.92,  0.211, 330.52,  0.143, 278.87,-99.000, -99.00,-99.000, -99.00,-99.000, -99.00,-99.000, -99.00,
9/17/2006 17:00:00,  9.0,276.1,  3.4,  2.6, 18.995, 29.51,  0.0,  0.0,  0.132, 352.61,  0.149, 298.79,  0.151, 320.92,  0.061, 257.77,  0.256, 292.47,  0.164, 310.30,  0.162, 327.09,  0.198, 312.14,  0.192, 329.29,  0.177, 324.88,  0.150, 337.70,  0.164, 320.69,  0.103, 333.43,  0.128, 336.04,  0.083, 315.49,  0.086, 235.39,-99.000, -99.00,-99.000, -99.00,-99.000, -99.00,-99.000, -99.00,
9/17/2006 17:05:00,  9.0,276.2,  3.4,  2.6, 19.013, 29.52,  0.0,  0.0,  0.213, 305.85,  0.184, 294.75,  0.127, 290.71,  0.076, 299.93,  0.187, 288.05,  0.195, 280.33,  0.245, 312.02,  0.256, 320.71,  0.205, 316.19,  0.229, 327.28,  0.220, 305.21,  0.175, 313.84,  0.093, 305.39,  0.086, 283.39,  0.185, 312.38,  0.149, 243.78,-99.000, -99.00,-99.000, -99.00,-99.000, -99.00,-99.000, -99.00,
9/17/2006 17:10:00,  9.0,276.2,  3.4,  2.6, 19.021, 29.52,  0.0,  0.0,  0.143, 331.10,  0.156, 318.64,  0.089, 284.35,  0.113, 306.36,  0.163, 316.74,  0.149, 298.79,  0.136, 305.10,  0.130, 299.91,  0.202, 304.08,  0.147, 295.87,  0.129, 309.98,  0.118, 324.29,  0.213, 330.79,  0.164, 320.69,  0.178, 293.83,  0.134, 244.78,-99.000, -99.00,-99.000, -99.00,-99.000, -99.00,-99.000, -99.00,
9/17/2006 17:15:00,  9.0,276.3,  3.4,  2.6, 19.018, 29.53,  0.0,  0.0,  0.242, 301.13,  0.201, 326.78,  0.193, 334.89,  0.147, 340.58,  0.154, 313.95,  0.111, 288.92,  0.197, 315.00,  0.121, 342.16,  0.159, 346.57,  0.228, 325.89,  0.098, 322.90,  0.075, 306.87,  0.160, 320.33,  0.121, 296.99,  0.112, 304.40,  0.078, 235.49,-99.000, -99.00,-99.000, -99.00,-99.000, -99.00,-99.000, -99.00,
9/17/2006 17:20:00,  9.0,276.2,  3.4,  2.6, 19.020, 29.54,  0.0,  0.0,  0.278, 324.82,  0.162, 300.05,  0.182, 317.45,  0.210, 299.37,  0.149, 325.13,  0.091, 316.33,  0.156, 326.21,  0.226, 318.77,  0.155, 270.74,  0.197, 299.42,  0.209, 297.91,  0.220, 299.36,  0.165, 299.36,  0.131, 268.25,  0.148, 283.28,  0.228, 223.22,-99.000, -99.00,-99.000, -99.00,-99.000, -99.00,-99.000, -99.00,
9/17/2006 17:25:00,  9.0,276.1,  3.4,  2.6, 19.026, 29.55,  0.0,  0.0,  0.152, 325.16,  0.115, 308.27,  0.166, 326.02,  0.134, 347.10,  0.112, 325.18,  0.215, 328.53,  0.086, 314.06,  0.139, 307.69,  0.111, 279.29,  0.107, 287.42,  0.080, 280.05,  0.157, 286.25,  0.121, 259.06,  0.173, 270.33,  0.168, 271.36,  0.152, 254.78,-99.000, -99.00,-99.000, -99.00,-99.000, -99.00,-99.000, -99.00,
9/17/2006 17:30:00,  9.0,276.1,  3.4,  2.6, 19.018, 29.56,  0.0,  0.0,  0.076, 342.28,  0.111, 289.41,  0.152, 315.80,  0.144, 315.28,  0.128, 312.79,  0.144, 333.26,  0.160, 290.47,  0.136, 280.57,  0.183, 293.20,  0.169, 287.58,  0.175, 245.34,  0.140, 277.78,  0.182, 271.26,  0.193, 260.44,  0.105, 268.36,  0.078, 204.93,-99.000, -99.00,-99.000, -99.00,-99.000, -99.00,-99.000, -99.00,
9/17/2006 17:35:00,  9.0,276.1,  3.4,  2.6, 19.026, 29.57,  0.0,  0.0,  0.190, 293.59,  0.161, 297.84,  0.203, 309.01,  0.177, 288.74,  0.143, 324.09,  0.114, 320.32,  0.176, 318.91,  0.124, 293.68,  0.177, 269.68,  0.188, 239.35,  0.218, 276.86,  0.170, 255.31,  0.201, 272.28,  0.231, 267.52,  0.270, 270.42,  0.168, 263.17,-99.000, -99.00,-99.000, -99.00,-99.000, -99.00,-99.000, -99.00,
9/17/2006 17:40:00,  9.0,276.1,  3.4,  2.6, 19.008, 29.58,  0.0,  0.0,  0.178, 341.97,  0.155, 343.90,  0.183, 325.01,  0.099, 358.26,  0.198,   2.60,  0.130, 326.31,  0.153, 309.71,  0.165, 295.79,  0.152, 292.50,  0.151, 304.74,  0.141, 292.03,  0.150, 291.94,  0.092, 268.75,  0.107, 245.60,  0.178, 292.52,  0.204, 257.81,-99.000, -99.00,-99.000, -99.00,-99.000, -99.00,-99.000, -99.00,
9/17/2006 17:45:00,  9.0,276.1,  3.4,  2.6, 19.016, 29.59,  0.0,  0.0,  0.225, 302.84,  0.192, 310.99,  0.155, 326.31,  0.167, 316.94,  0.191, 333.84,  0.082, 297.50,  0.108, 306.34,  0.078, 282.61,  0.131, 296.37,  0.036, 289.44,  0.039, 300.47,  0.085, 335.56,  0.182, 321.24,  0.171, 304.53,  0.221, 321.78,  0.130, 270.88,-99.000, -99.00,-99.000, -99.00,-99.000, -99.00,-99.000, -99.00,
9/17/2006 17:50:00,  9.0,276.1,  3.4,  2.6, 19.023, 29.59,  0.0,  0.0,  0.044,  48.69,  0.160, 275.39,  0.117, 283.32,  0.157, 282.17,  0.119, 306.77,  0.172, 356.34,  0.163, 329.82,  0.097, 338.96,  0.077, 310.76,  0.087, 281.96,  0.142, 276.87,  0.111, 285.16,  0.086, 291.80,  0.138, 281.31,  0.146, 277.08,  0.163, 235.24,-99.000, -99.00,-99.000, -99.00,-99.000, -99.00,-99.000, -99.00,
9/17/2006 17:55:00,  9.0,276.1,  3.4,  2.6, 19.022, 29.60,  0.0,  0.0,  0.124, 308.44,  0.164, 285.90,  0.182, 297.83,  0.155, 334.76,  0.074, 326.52,  0.088, 289.26,  0.102, 300.58,  0.132, 256.39,  0.124, 283.48,  0.127, 267.75,  0.219, 265.28,  0.177, 258.63,  0.157, 271.09,  0.238, 299.15,  0.175, 284.91,  0.183, 225.66,-99.000, -99.00,-99.000, -99.00,-99.000, -99.00,-99.000, -99.00,
9/17/2006 18:00:00,  9.0,276.1,  3.4,  2.6, 19.033, 29.60,  0.0,  0.0,  0.132, 330.90,  0.139, 313.25,  0.042, 288.00,  0.203, 289.86,  0.096, 352.21,  0.231, 327.21,  0.108, 318.01,  0.146, 319.99,  0.195, 327.12,  0.232, 326.24,  0.130, 286.49,  0.129, 296.76,  0.154, 276.71,  0.164, 272.44,  0.154, 277.82,  0.150, 220.15,-99.000, -99.00,-99.000, -99.00,-99.000, -99.00,-99.000, -99.00,
9/17/2006 18:05:00,  9.0,276.1,  3.4,  2.6, 19.029, 29.60,  0.0,  0.0,  0.165, 289.86,  0.156, 302.47,  0.150, 292.30,  0.103, 292.32,  0.150, 310.68,  0.223, 311.19,  0.186, 341.18,  0.202, 336.73,  0.266, 330.44,  0.179, 323.19,  0.146, 330.45,  0.132, 320.86,  0.101, 303.69,  0.224, 302.41,  0.185, 312.38,  0.097, 265.29,-99.000, -99.00,-99.000, -99.00,-99.000, -99.00,-99.000, -99.00,
9/17/2006 18:10:00,  9.0,276.1,  3.4,  2.6, 19.027, 29.60,  0.0,  0.0,  0.117, 276.88,  0.064, 323.84,  0.124, 282.13,  0.189, 262.39,  0.120, 292.51,  0.119, 274.33,  0.111, 256.46,  0.083, 297.18,  0.147, 286.96,  0.097, 290.49,  0.152, 278.34,  0.163, 257.93,  0.182, 248.08,  0.134, 243.43,  0.128, 273.13,  0.171, 232.86,-99.000, -99.00,-99.000, -99.00,-99.000, -99.00,-99.000, -99.00,
9/17/2006 18:15:00,  9.0,276.2,  3.4,  2.6, 19.020, 29.59,  0.0,  0.0,  0.132, 295.98,  0.112, 315.36,  0.148, 305.94,  0.083, 283.87,  0.196, 312.31,  0.162, 304.96,  0.119, 321.49,  0.140, 335.08,  0.194, 324.84,  0.150, 337.20,  0.141, 321.34,  0.169, 297.47,  0.115, 303.69,  0.156, 312.67,  0.145, 302.92,  0.060, 266.19,-99.000, -99.00,-99.000, -99.00,-99.000, -99.00,-99.000, -99.00,
9/17/2006 18:20:00,  9.0,276.1,  3.4,  2.6, 19.023, 29.59,  0.0,  0.0,  0.129, 288.58,  0.153, 277.50,  0.121, 241.31,  0.059, 205.25,  0.094, 278.56,  0.087, 341.15,  0.154, 308.66,  0.147, 309.76,  0.162, 312.75,  0.146, 324.46,  0.248, 328.36,  0.176, 315.69,  0.146, 300.96,  0.152, 323.81,  0.173, 302.95,  0.119, 241.93,-99.000, -99.00,-99.000, -99.00,-99.000, -99.00,-99.000, -99.00,
9/17/2006 18:25:00,  9.0,276.2,  3.4,  2.6, 19.026, 29.59,  0.0,  0.0,  0.106, 285.87,  0.078, 278.13,  0.196, 263.56,  0.223, 303.48,  0.193, 300.81,  0.185, 280.28,  0.133, 293.88,  0.116, 307.27,  0.210, 298.76,  0.186, 291.06,  0.152, 295.72,  0.065, 247.38,  0.072, 245.22,  0.085, 272.69,  0.049, 303.37,  0.111, 197.29,-99.000, -99.00,-99.000, -99.00,-99.000, -99.00,-99.000, -99.00,
9/17/2006 18:30:00,  9.0,276.3,  3.4,  2.6, 19.015, 29.59,  0.0,  0.0,  0.131, 251.29,  0.061, 202.33,  0.085, 255.64,  0.108, 272.12,  0.034, 300.38,  0.075, 313.92,  0.129, 335.81,  0.136, 333.43,  0.190, 320.35,  0.185, 319.60,  0.101, 294.02,  0.096, 286.93,  0.141, 297.83,  0.126, 290.87,  0.080, 321.12,  0.173, 180.00,-99.000, -99.00,-99.000, -99.00,-99.000, -99.00,-99.000, -99.00,
9/17/2006 18:35:00,  9.0,276.1,  3.4,  2.6, 19.021, 29.58,  0.0,  0.0,  0.148, 315.55,  0.122, 297.82,  0.142, 255.28,  0.128, 297.36,  0.092, 312.36,  0.135, 296.38,  0.064, 258.34,  0.100, 291.16,  0.161, 291.14,  0.179, 294.42,  0.137, 266.66,  0.145, 285.57,  0.106, 287.58,  0.175, 296.42,  0.165, 290.19,  0.128, 210.58,-99.000, -99.00,-99.000, -99.00,-99.000, -99.00,-99.000, -99.00,
9/17/2006 18:40:00,  9.0,276.4,  3.4,  2.6, 19.026, 29.58,  0.0,  0.0,  0.074, 338.63,  0.002, 270.00,  0.117, 279.87,  0.144, 293.36,  0.143, 287.55,  0.123, 289.90,  0.119, 301.29,  0.110, 279.98,  0.138, 310.02,  0.152, 306.72,  0.135, 335.52,  0.210, 318.87,  0.212, 316.91,  0.178, 316.14,  0.129, 304.92,  0.148, 209.51,-99.000, -99.00,-99.000, -99.00,-99.000, -99.00,-99.000, -99.00,
9/17/2006 18:45:00,  9.0,276.4,  3.4,  2.6, 19.022, 29.57,  0.0,  0.0,  0.129, 291.80,  0.159, 286.39,  0.111, 226.82,  0.107, 313.86,  0.075, 246.50,  0.154, 313.15,  0.034, 270.00,  0.089, 304.94,  0.098, 285.46,  0.169, 318.85,  0.148, 301.76,  0.135, 294.09,  0.027, 338.20,  0.130, 295.97,  0.200, 307.90,  0.129, 233.84,-99.000, -99.00,-99.000, -99.00,-99.000, -99.00,-99.000, -99.00,
9/17/2006 18:50:00,  9.0,276.1,  3.4,  2.6, 19.027, 29.58,  0.0,  0.0,  0.016,  34.70,  0.127, 293.14,  0.137, 305.78,  0.131, 324.61,  0.126, 261.81,  0.209, 298.52,  0.152, 318.99,  0.104, 326.77,  0.126, 303.06,  0.101, 300.38,  0.187, 298.07,  0.088, 295.69,  0.197, 317.47,  0.160, 307.87,  0.147, 306.40,  0.199, 199.34,-99.000, -99.00,-99.000, -99.00,-99.000, -99.00,-99.000, -99.00,
9/17/2006 18:55:00,  9.0,276.3,  3.4,  2.6, 19.017, 29.58,  0.0,  0.0,  0.181, 308.96,  0.117, 298.53,  0.143, 286.66,  0.130, 267.36,  0.063, 313.07,  0.080, 349.95,  0.102, 287.72,  0.124, 285.95,  0.157, 307.75,  0.152, 315.80,  0.113, 303.41,  0.053, 298.01,  0.063, 307.95,  0.108, 313.13,  0.075, 302.41,  0.104, 215.99,-99.000, -99.00,-99.000, -99.00,-99.000, -99.00,-99.000, -99.00,
9/17/2006 19:00:00,  9.0,276.1,  3.4,  2.6, 19.014, 29.57,  0.0,  0.0,  0.169, 280.91,  0.173, 282.67,  0.106, 330.05,  0.070, 271.64,  0.065, 280.62,  0.131, 298.33,  0.224, 304.61,  0.187, 316.51,  0.145, 301.17,  0.163, 301.93,  0.140, 291.80,  0.220, 304.05,  0.175, 310.60,  0.119, 294.40,  0.141, 279.80,  0.128, 232.32,-99.000, -99.00,-99.000, -99.00,-99.000, -99.00,-99.000, -99.00,
9/17/2006 19:05:00,  9.0,276.1,  3.4,  2.6, 19.016, 29.56,  0.0,  0.0,  0.124, 307.15,  0.182, 284.34,  0.061, 289.03,  0.130, 263.37,  0.199, 253.66,  0.149, 295.02,  0.103, 322.91,  0.075, 339.62,  0.093,   8.04,  0.127, 323.94,  0.141, 300.20,  0.148, 296.05,  0.050, 246.50,  0.153, 306.50,  0.113, 271.01,  0.100, 240.61,-99.000, -99.00,-99.000, -99.00,-99.000, -99.00,-99.000, -99.00,
9/17/2006 19:10:00,  9.0,276.1,  3.4,  2.6, 19.009, 29.55,  0.0,  0.0,  0.143, 305.02,  0.105, 261.25,  0.150, 232.59,  0.133, 138.65,  0.105, 201.90,  0.032, 248.20,  0.020,  26.57,  0.076, 326.31,  0.088, 138.69,  0.039, 311.88,  0.095, 340.22,  0.126, 320.49,  0.168, 321.77,  0.114, 333.89,  0.115, 298.13,  0.167, 205.95,-99.000, -99.00,-99.000, -99.00,-99.000, -99.00,-99.000, -99.00,
9/17/2006 19:15:00,  9.0,276.1,  3.4,  2.6, 19.004, 29.55,  0.0,  0.0,  0.119, 265.20,  0.081, 207.20,  0.093, 309.33,  0.134, 264.42,  0.068, 190.98,  0.078, 237.53,  0.056, 201.99,  0.034, 330.46,  0.093,  80.13,  0.074, 270.77,  0.049, 275.83,  0.097, 263.46,  0.088, 271.95,  0.076, 269.25,  0.083, 294.10,  0.122, 213.95,-99.000, -99.00,-99.000, -99.00,-99.000, -99.00,-99.000, -99.00,
9/17/2006 19:20:00,  9.0,276.1,  3.4,  2.6, 19.004, 29.55,  0.0,  0.0,  0.101, 289.69,  0.137, 269.16,  0.172, 254.83,  0.174, 241.07,  0.032, 273.58,  0.028, 217.69,  0.034, 144.46,  0.021, 309.09,  0.021, 270.00,  0.031, 268.15,  0.120, 322.46,  0.079, 339.27,  0.129, 320.02,  0.074, 291.37,  0.072, 320.09,  0.076, 200.82,-99.000, -99.00,-99.000, -99.00,-99.000, -99.00,-99.000, -99.00,
9/17/2006 19:25:00,  9.0,276.2,  3.4,  2.6, 19.002, 29.54,  0.0,  0.0,  0.078, 217.16,  0.051, 288.43,  0.116, 246.09,  0.094, 237.99,  0.056, 206.57,  0.028, 291.04,  0.045, 257.20,  0.035, 166.76,  0.012, 221.63,  0.120, 338.55,  0.059, 327.38,  0.093, 301.81,  0.081, 313.51,  0.150, 304.96,  0.211, 302.64,  0.082, 219.09,-99.000, -99.00,-99.000, -99.00,-99.000, -99.00,-99.000, -99.00,
9/17/2006 19:30:00,  9.0,276.1,  3.4,  2.6, 19.005, 29.54,  0.0,  0.0,  0.141, 280.59,  0.035, 326.77,  0.116, 260.05,  0.131, 263.85,  0.080, 208.50,  0.086, 297.76,  0.091, 316.33,  0.083, 354.49,  0.022, 210.07,  0.090, 261.06,  0.083, 310.60,  0.032, 213.69,  0.042, 281.04,  0.091, 262.41,  0.071, 318.43,  0.074, 192.53,-99.000, -99.00,-99.000, -99.00,-99.000, -99.00,-99.000, -99.00,
9/17/2006 19:35:00,  9.0,276.2,  3.4,  2.6, 18.998, 29.54,  0.0,  0.0,  0.118, 338.02,  0.077, 327.76,  0.035, 338.50,  0.121, 265.75,  0.124, 306.78,  0.059, 336.93,  0.047,  88.78,  0.060, 124.22,  0.054, 225.74,  0.132, 315.00,  0.139, 309.75,  0.095, 339.09,  0.004, 296.57,  0.078, 302.47,  0.173, 307.27,  0.110, 224.27,-99.000, -99.00,-99.000, -99.00,-99.000, -99.00,-99.000, -99.00,
9/17/2006 19:40:00,  9.0,276.2,  3.4,  2.6, 18.989, 29.54,  0.0,  0.0,  0.126,   2.73,  0.038, 336.80,  0.100, 350.26,  0.088, 119.18,  0.022,  63.43,  0.056, 309.94,  0.041, 288.43,  0.065, 334.61,  0.021, 138.81,  0.064, 326.56,  0.135, 317.10,  0.132, 298.51,  0.141, 303.13,  0.059, 291.80,  0.164, 334.37,  0.093, 214.54,-99.000, -99.00,-99.000, -99.00,-99.000, -99.00,-99.000, -99.00,
9/17/2006 19:45:00,  9.0,276.1,  3.4,  2.6, 18.990, 29.54,  0.0,  0.0,  0.012, 294.44,  0.073, 300.43,  0.077, 278.24,  0.088, 199.87,  0.067, 305.34,  0.098, 141.61,  0.018,  63.43,  0.113, 301.57,  0.064, 315.63,  0.108, 329.40,  0.117, 327.53,  0.102, 318.97,  0.150, 303.58,  0.071, 261.07,  0.070, 302.09,  0.075, 248.91,-99.000, -99.00,-99.000, -99.00,-99.000, -99.00,-99.000, -99.00,
9/17/2006 19:50:00,  9.0,276.2,  3.4,  2.6, 18.992, 29.54,  0.0,  0.0,  0.072, 332.02,  0.077, 228.67,  0.007, 225.00,  0.188, 250.70,  0.188, 281.97,  0.099, 246.27,  0.112, 233.33,  0.113, 250.28,  0.049, 266.50,  0.075, 324.20,  0.118, 313.97,  0.048,  15.78,  0.097, 336.88,  0.092, 278.13,  0.098, 299.17,  0.139, 203.25,-99.000, -99.00,-99.000, -99.00,-99.000, -99.00,-99.000, -99.00,
9/17/2006 19:55:00,  9.0,276.1,  3.4,  2.6, 18.991, 29.54,  0.0,  0.0,  0.090, 319.95,  0.081, 245.03,  0.155, 230.24,  0.092, 209.90,  0.125, 278.26,  0.036, 265.24,  0.097, 203.66,  0.073, 328.50,  0.071, 341.82,  0.084, 305.78,  0.118, 316.03,  0.083, 314.51,  0.070, 332.70,  0.065, 337.38,  0.095, 327.48,  0.080, 275.00,-99.000, -99.00,-99.000, -99.00,-99.000, -99.00,-99.000, -99.00,
9/17/2006 20:00:00,  9.0,276.1,  3.4,  2.6, 18.986, 29.55,  0.0,  0.0,  0.079, 345.26,  0.028, 286.50,  0.079, 251.57,  0.058, 214.51,  0.094, 270.61,  0.163, 270.00,  0.118, 204.61,  0.059, 184.84,  0.096, 247.98,  0.024, 117.65,  0.041, 252.90,  0.120, 302.36,  0.127, 296.77,  0.087, 254.69,  0.134, 301.55,  0.140, 211.31,-99.000, -99.00,-99.000, -99.00,-99.000, -99.00,-99.000, -99.00,
9/17/2006 20:05:00,  9.0,276.1,  3.4,  2.6, 18.971, 29.55,  0.0,  0.0,  0.155,  24.41,  0.057,  13.30,  0.112, 268.47,  0.107, 225.00,  0.092, 209.36,  0.059, 242.56,  0.160, 299.92,  0.088, 283.09,  0.058, 334.32,  0.096, 320.50,  0.099, 279.27,  0.130, 264.25,  0.152, 301.81,  0.147, 318.59,  0.110, 307.60,  0.097, 233.37,-99.000, -99.00,-99.000, -99.00,-99.000, -99.00,-99.000, -99.00,
9/17/2006 20:10:00,  9.0,276.1,  3.4,  2.6, 18.979, 29.55,  0.0,  0.0,  0.122, 257.68,  0.057, 253.78,  0.085, 202.05,  0.157, 244.41,  0.119, 213.02,  0.102, 265.52,  0.077, 180.00,  0.053, 161.22,  0.059,   9.78,  0.011, 228.81,  0.049, 211.76,  0.102, 287.72,  0.179, 294.42,  0.074, 266.91,  0.060, 306.87,  0.101, 200.96,-99.000, -99.00,-99.000, -99.00,-99.000, -99.00,-99.000, -99.00,
9/17/2006 20:15:00,  9.0,276.3,  3.4,  2.6, 18.970, 29.55,  0.0,  0.0,  0.053, 263.54,  0.078, 292.62,  0.098, 249.17,  0.152, 212.64,  0.095, 213.35,  0.027, 270.00,  0.126, 271.36,  0.068, 295.07,  0.151, 287.35,  0.112, 251.24,  0.071, 261.87,  0.130, 322.16,  0.047, 326.31,  0.072, 261.19,  0.093, 274.92,  0.146, 222.22,-99.000, -99.00,-99.000, -99.00,-99.000, -99.00,-99.000, -99.00,
9/17/2006 20:20:00,  9.0,276.2,  3.4,  2.6, 18.962, 29.55,  0.0,  0.0,  0.103, 323.69,  0.098, 282.91,  0.085, 294.44,  0.192, 273.28,  0.028, 237.99,  0.065, 251.00,  0.101, 259.70,  0.035, 235.41,  0.011, 201.80,  0.016, 304.70,  0.072, 329.86,  0.116, 321.65,  0.081, 267.88,  0.072, 210.83,  0.022, 177.40,  0.032, 226.27,-99.000, -99.00,-99.000, -99.00,-99.000, -99.00,-99.000, -99.00,
9/17/2006 20:25:00,  9.0,276.1,  3.4,  2.6, 18.955, 29.56,  0.0,  0.0,  0.064, 255.53,  0.082, 219.09,  0.048, 283.17,  0.059, 224.31,  0.067, 295.80,  0.054, 212.23,  0.106, 277.06,  0.012, 294.44,  0.029, 247.83,  0.030, 256.43,  0.044, 211.18,  0.066, 230.53,  0.067, 274.27,  0.052, 255.43,  0.100, 296.05,  0.120, 238.30,-99.000, -99.00,-99.000, -99.00,-99.000, -99.00,-99.000, -99.00,
9/17/2006 20:30:00,  9.0,276.1,  3.4,  2.6, 18.950, 29.56,  0.0,  0.0,  0.042, 224.03,  0.024, 225.00,  0.022, 177.40,  0.025, 255.96,  0.099, 243.69,  0.035, 276.52,  0.034, 225.00,  0.105, 236.31,  0.048, 280.84,  0.046,  36.12,  0.008,   0.00,  0.053, 309.67,  0.046, 240.10,  0.104, 274.95,  0.142, 284.72,  0.087, 211.30,-99.000, -99.00,-99.000, -99.00,-99.000, -99.00,-99.000, -99.00,
9/17/2006 20:35:00,  9.0,276.1,  3.5,  2.6, 18.942, 29.57,  0.0,  0.0,  0.068, 282.80,  0.036, 307.18,  0.053, 235.71,  0.107, 322.59,  0.054, 227.23,  0.105, 231.17,  0.044, 144.16,  0.070,  15.83,  0.034,  83.29,  0.045, 270.00,  0.056, 219.94,  0.036, 168.69,  0.040, 331.50,  0.021, 270.00,  0.080, 325.71,  0.090, 233.13,-99.000, -99.00,-99.000, -99.00,-99.000, -99.00,-99.000, -99.00,
9/17/2006 20:40:00,  9.0,276.2,  3.4,  2.6, 18.943, 29.58,  0.0,  0.0,  0.126, 164.31,  0.070,  63.80,  0.060, 224.33,  0.170, 206.11,  0.048, 215.68,  0.050, 123.69,  0.056, 242.53,  0.043, 288.85,  0.132, 251.43,  0.109, 264.18,  0.066, 189.61,  0.022, 316.85,  0.044, 126.61,  0.056, 163.50,  0.093, 258.21,  0.102, 246.21,-99.000, -99.00,-99.000, -99.00,-99.000, -99.00,-99.000, -99.00,
9/17/2006 20:45:00,  9.0,276.3,  3.4,  2.6, 18.944, 29.59,  0.0,  0.0,  0.063, 268.18,  0.096, 297.37,  0.108, 207.04,  0.072, 175.24,  0.124, 271.39,  0.041, 267.21,  0.007, 225.00,  0.060, 145.24,  0.094, 249.44,  0.115, 258.50,  0.076, 292.50,  0.027, 328.67,  0.028,  22.93,  0.034, 241.93,  0.076, 231.93,  0.155, 209.70,-99.000, -99.00,-99.000, -99.00,-99.000, -99.00,-99.000, -99.00,
9/17/2006 20:50:00,  9.0,276.3,  3.4,  2.6, 18.937, 29.60,  0.0,  0.0,  0.032, 261.12,  0.050, 184.57,  0.067, 195.48,  0.083, 251.13,  0.140, 240.51,  0.111, 270.00,  0.081, 150.60,  0.026, 283.50,  0.043, 230.71,  0.059, 205.25,  0.109, 245.56,  0.065, 236.31,  0.101, 259.70,  0.099, 297.60,  0.058, 308.05,  0.158, 171.97,-99.000, -99.00,-99.000, -99.00,-99.000, -99.00,-99.000, -99.00,
9/17/2006 20:55:00,  9.0,276.1,  3.4,  2.6, 18.927, 29.60,  0.0,  0.0,  0.024, 292.25,  0.030, 320.44,  0.035, 241.26,  0.078, 289.36,  0.068, 188.49,  0.067, 251.83,  0.088, 151.39,  0.033, 225.00,  0.057, 324.34,  0.054, 178.94,  0.088, 180.65,  0.031, 258.69,  0.019, 306.25,  0.016, 201.80,  0.064, 197.30,  0.151, 175.46,-99.000, -99.00,-99.000, -99.00,-99.000, -99.00,-99.000, -99.00,
9/17/2006 21:00:00,  9.0,276.3,  3.4,  2.6, 18.930, 29.61,  0.0,  0.0,  0.137, 253.42,  0.051, 272.25,  0.079, 210.47,  0.049, 261.87,  0.017, 259.99,  0.042, 137.91,  0.068, 263.29,  0.063, 265.46,  0.061, 236.31,  0.078, 314.48,  0.068, 311.42,  0.044, 255.65,  0.096, 267.61,  0.080, 266.42,  0.061, 304.99,  0.046,  29.90,-99.000, -99.00,-99.000, -99.00,-99.000, -99.00,-99.000, -99.00,
9/17/2006 21:05:00,  9.0,276.2,  3.4,  2.6, 18.912, 29.63,  0.0,  0.0,  0.054, 259.32,  0.047, 219.81,  0.044, 238.13,  0.045, 226.79,  0.071, 217.03,  0.068, 198.97,  0.044, 277.77,  0.090, 143.13,  0.060, 134.33,  0.030, 156.80,  0.072, 239.17,  0.037, 276.17,  0.095, 219.04,  0.081, 206.25,  0.026, 193.50,  0.187, 204.37,-99.000, -99.00,-99.000, -99.00,-99.000, -99.00,-99.000, -99.00,
9/17/2006 21:10:00,  9.0,276.1,  3.4,  2.6, 18.911, 29.64,  0.0,  0.0,  0.035, 230.83,  0.060, 205.71,  0.031, 262.65,  0.041, 178.60,  0.052, 180.00,  0.081, 245.97,  0.021, 345.96,  0.107, 229.17,  0.131, 232.43,  0.103, 244.68,  0.075, 112.80,  0.012, 131.63,  0.053, 305.79,  0.013, 147.53,  0.071,  16.39,  0.096, 162.50,-99.000, -99.00,-99.000, -99.00,-99.000, -99.00,-99.000, -99.00,
9/17/2006 21:15:00,  9.0,276.2,  3.4,  2.6, 18.902, 29.65,  0.0,  0.0,  0.126, 245.07,  0.072, 222.17,  0.082, 218.55,  0.090, 212.28,  0.036, 219.40,  0.055, 210.78,  0.073, 216.09,  0.087, 167.40,  0.080, 259.95,  0.059, 229.82,  0.052, 184.40,  0.013, 161.57,  0.035, 168.37,  0.052,  92.20,  0.047, 168.93,  0.117, 221.88,-99.000, -99.00,-99.000, -99.00,-99.000, -99.00,-99.000, -99.00,
9/17/2006 21:20:00,  9.0,276.2,  3.4,  2.6, 18.900, 29.65,  0.0,  0.0,  0.154, 108.20,  0.125, 142.13,  0.100, 142.33,  0.121, 153.43,  0.072, 188.02,  0.024,  82.87,  0.037, 260.79,  0.010, 196.70,  0.016, 222.51,  0.114, 174.99,  0.036, 211.50,  0.055, 219.14,  0.084, 196.70,  0.084, 274.09,  0.073, 242.39,  0.129, 213.94,-99.000, -99.00,-99.000, -99.00,-99.000, -99.00,-99.000, -99.00,
9/17/2006 21:25:00,  9.0,276.2,  3.5,  2.6, 18.889, 29.60,  0.0,  0.0,  0.165,  96.61,  0.102, 101.31,  0.077,  57.13,  0.150, 102.74,  0.046,  19.23,  0.053,  23.20,  0.072, 199.44,  0.050, 274.57,  0.050, 235.67,  0.050, 260.73,  0.060, 219.56,  0.021, 253.30,  0.021, 154.65,  0.057, 173.99,  0.040, 159.78,  0.032, 163.81,-99.000, -99.00,-99.000, -99.00,-99.000, -99.00,-99.000, -99.00,
9/17/2006 21:30:00,  9.0,276.2,  3.5,  2.6, 18.892, 29.56,  0.0,  0.0,  0.156, 156.22,  0.108, 101.21,  0.018,  29.36,  0.046,  32.66,  0.036,   7.91,  0.073, 108.43,  0.016, 172.87,  0.060, 326.58,  0.085, 281.58,  0.085, 304.99,  0.062, 248.37,  0.062, 235.54,  0.053, 215.79,  0.019, 137.12,  0.048,  81.53,  0.052, 217.97,-99.000, -99.00,-99.000, -99.00,-99.000, -99.00,-99.000, -99.00,
9/17/2006 21:35:00,  9.0,276.2,  3.4,  2.6, 18.896, 29.53,  0.0,  0.0,  0.156,  90.73,  0.105,  92.73,  0.137, 132.92,  0.158, 118.35,  0.098,  74.54,  0.026,  87.80,  0.039,  22.62,  0.098, 291.58,  0.063, 292.48,  0.064, 198.15,  0.039, 268.53,  0.084, 318.37,  0.026, 110.56,  0.051,  94.48,  0.002,  26.57,  0.139, 204.17,-99.000, -99.00,-99.000, -99.00,-99.000, -99.00,-99.000, -99.00,
9/17/2006 21:40:00,  9.0,276.3,  3.4,  2.6, 18.888, 29.51,  0.0,  0.0,  0.078,  87.06,  0.121,  93.31,  0.209, 118.89,  0.078, 195.64,  0.123, 146.31,  0.043, 224.06,  0.031, 202.48,  0.033, 127.57,  0.085, 157.95,  0.083, 190.37,  0.138, 227.06,  0.075, 241.39,  0.086, 359.33,  0.075,   1.53,  0.086, 347.91,  0.047, 178.78,-99.000, -99.00,-99.000, -99.00,-99.000, -99.00,-99.000, -99.00,
9/17/2006 21:45:00,  9.0,276.1,  3.4,  2.6, 18.887, 29.49,  0.0,  0.0,  0.070, 108.43,  0.222,  99.59,  0.191, 100.55,  0.068, 108.97,  0.083, 159.61,  0.146, 135.00,  0.166, 217.91,  0.145, 219.96,  0.110, 214.27,  0.033, 207.35,  0.053, 241.99,  0.059, 237.38,  0.037, 282.53,  0.022, 147.72,  0.087,  86.71,  0.110, 160.42,-99.000, -99.00,-99.000, -99.00,-99.000, -99.00,-99.000, -99.00,
9/17/2006 21:50:00,  9.0,276.2,  3.5,  2.6, 18.878, 29.48,  0.0,  0.0,  0.210, 122.93,  0.114, 111.15,  0.155, 127.91,  0.046, 156.80,  0.043, 192.09,  0.090, 196.21,  0.057, 216.47,  0.033, 205.02,  0.029, 146.31,  0.035, 149.04,  0.054,  31.33,  0.022,  15.95,  0.042, 168.96,  0.021, 136.97,  0.072, 118.35,  0.069, 198.70,-99.000, -99.00,-99.000, -99.00,-99.000, -99.00,-99.000, -99.00,
9/17/2006 21:55:00,  9.0,276.2,  3.4,  2.6, 18.876, 29.47,  0.0,  0.0,  0.073,  49.99,  0.048,  90.00,  0.129, 113.20,  0.081, 106.43,  0.037,  57.17,  0.132, 119.10,  0.052, 121.53,  0.041, 322.85,  0.027, 235.71,  0.050, 180.00,  0.109, 139.86,  0.073, 101.00,  0.016,  39.81,  0.042, 148.57,  0.008, 345.96,  0.046, 198.82,-99.000, -99.00,-99.000, -99.00,-99.000, -99.00,-99.000, -99.00,
9/17/2006 22:00:00,  9.0,276.1,  3.5,  2.6, 18.866, 29.47,  0.0,  0.0,  0.125, 112.66,  0.084, 171.10,  0.145,  88.81,  0.074, 288.19,  0.031, 191.31,  0.072, 178.41,  0.033, 231.07,  0.114, 189.05,  0.029, 183.95,  0.061, 112.33,  0.036,  86.82,  0.034, 304.16,  0.027,  92.12,  0.078, 123.49,  0.110, 136.11,  0.073, 180.78,-99.000, -99.00,-99.000, -99.00,-99.000, -99.00,-99.000, -99.00,
9/17/2006 22:05:00,  9.0,276.2,  3.4,  2.6, 18.859, 29.47,  0.0,  0.0,  0.080,  95.00,  0.125,  91.37,  0.135,  90.42,  0.121, 153.43,  0.132, 126.70,  0.092, 156.23,  0.050,  95.71,  0.077, 163.44,  0.102, 209.33,  0.028,  25.64,  0.066, 129.47,  0.029, 149.04,  0.059, 285.68,  0.055, 328.32,  0.036, 109.44,  0.088, 185.84,-99.000, -99.00,-99.000, -99.00,-99.000, -99.00,-99.000, -99.00,
9/17/2006 22:10:00,  9.0,276.3,  3.5,  2.6, 18.853, 29.47,  0.0,  0.0,  0.156,  95.89,  0.151, 104.59,  0.254, 126.19,  0.163, 120.96,  0.168, 131.38,  0.114, 177.49,  0.111, 152.05,  0.076, 135.54,  0.113, 122.01,  0.098, 119.96,  0.114, 105.26,  0.063,  84.56,  0.083, 163.96,  0.101, 170.35,  0.056, 126.25,  0.141, 150.15,-99.000, -99.00,-99.000, -99.00,-99.000, -99.00,-99.000, -99.00,
9/17/2006 22:15:00,  8.9,276.1,  3.5,  2.6, 18.855, 29.47,  0.0,  0.0,  0.144, 101.23,  0.157, 124.60,  0.189, 137.36,  0.188, 158.09,  0.196, 128.16,  0.176, 121.52,  0.245, 131.36,  0.178, 147.38,  0.168, 132.34,  0.146, 141.10,  0.098, 112.13,  0.112, 107.14,  0.175, 120.52,  0.090, 128.26,  0.091, 159.37,  0.110, 135.00,-99.000, -99.00,-99.000, -99.00,-99.000, -99.00,-99.000, -99.00,
9/17/2006 22:20:00,  8.9,276.3,  3.4,  2.6, 18.838, 29.49,  0.0,  0.0,  0.119, 119.15,  0.188, 113.56,  0.224, 131.02,  0.178, 141.84,  0.245, 111.84,  0.147, 116.74,  0.163, 108.55,  0.163, 113.89,  0.169,  99.85,  0.187, 115.61,  0.104, 153.19,  0.117, 147.53,  0.098, 171.21,  0.089, 161.57,  0.020,  95.71,  0.101, 174.35,-99.000, -99.00,-99.000, -99.00,-99.000, -99.00,-99.000, -99.00,
9/17/2006 22:25:00,  8.9,276.3,  3.5,  2.6, 18.844, 29.50,  0.0,  0.0,  0.138, 105.95,  0.146, 109.55,  0.122, 120.56,  0.205, 129.05,  0.132, 134.69,  0.194, 120.00,  0.206, 111.60,  0.236, 123.08,  0.166, 142.85,  0.188, 142.58,  0.179, 122.45,  0.174, 137.79,  0.137, 147.24,  0.120, 119.98,  0.098, 124.18,  0.049, 159.72,-99.000, -99.00,-99.000, -99.00,-99.000, -99.00,-99.000, -99.00,
9/17/2006 22:30:00,  8.9,276.1,  3.4,  2.6, 18.844, 29.48,  0.0,  0.0,  0.110, 136.47,  0.151, 129.37,  0.111, 124.70,  0.083, 151.89,  0.192, 161.47,  0.151, 155.30,  0.295, 129.63,  0.222, 127.49,  0.207, 124.77,  0.131, 109.13,  0.148, 104.88,  0.171, 131.91,  0.140, 158.58,  0.139, 185.38,  0.114, 169.88,  0.074, 156.19,-99.000, -99.00,-99.000, -99.00,-99.000, -99.00,-99.000, -99.00,
9/17/2006 22:35:00,  8.9,276.2,  3.5,  2.6, 18.846, 29.46,  0.0,  0.0,  0.073, 154.13,  0.119, 157.75,  0.085, 172.54,  0.127, 130.85,  0.143, 107.04,  0.154, 109.73,  0.174, 117.74,  0.100, 157.56,  0.156, 136.04,  0.164, 158.59,  0.193, 163.44,  0.107, 151.05,  0.096, 146.48,  0.088, 127.65,  0.117, 135.35,  0.135, 178.73,-99.000, -99.00,-99.000, -99.00,-99.000, -99.00,-99.000, -99.00,
9/17/2006 22:40:00,  8.9,276.1,  3.4,  2.6, 18.837, 29.45,  0.0,  0.0,  0.115, 145.62,  0.127, 104.15,  0.061, 145.01,  0.079, 126.29,  0.096, 179.40,  0.070, 122.09,  0.138, 145.04,  0.146, 138.33,  0.140, 138.47,  0.105, 112.41,  0.057, 122.01,  0.145, 179.21,  0.055, 240.64,  0.050, 202.44,  0.052, 196.70,  0.097, 180.00,-99.000, -99.00,-99.000, -99.00,-99.000, -99.00,-99.000, -99.00,
9/17/2006 22:45:00,  8.9,276.3,  3.4,  2.6, 18.835, 29.44,  0.0,  0.0,  0.126, 213.31,  0.135, 138.89,  0.080, 174.29,  0.065, 109.83,  0.099, 110.62,  0.067, 152.28,  0.116, 116.57,  0.093,  71.18,  0.107, 140.33,  0.087, 190.54,  0.100, 162.47,  0.123, 146.96,  0.100, 202.44,  0.073, 241.33,  0.133, 165.65,  0.060, 150.85,-99.000, -99.00,-99.000, -99.00,-99.000, -99.00,-99.000, -99.00,
9/17/2006 22:50:00,  8.9,276.2,  3.4,  2.6, 18.834, 29.44,  0.0,  0.0,  0.133,  88.71,  0.012,  94.76,  0.126, 101.40,  0.155, 165.07,  0.077, 189.71,  0.039, 219.81,  0.082, 123.11,  0.120, 347.01,  0.023,  64.54,  0.036,  11.31,  0.066, 201.16,  0.069, 275.79,  0.138, 197.78,  0.118, 215.31,  0.078, 195.64,  0.121, 199.78,-99.000, -99.00,-99.000, -99.00,-99.000, -99.00,-99.000, -99.00,
9/17/2006 22:55:00,  8.9,276.3,  3.5,  2.6, 18.824, 29.43,  0.0,  0.0,  0.083, 173.05,  0.107, 118.95,  0.103, 115.32,  0.116, 129.05,  0.120, 117.20,  0.088, 132.23,  0.030, 189.46,  0.089, 231.84,  0.033, 252.12,  0.087, 265.40,  0.045, 286.82,  0.074, 202.38,  0.034, 252.65,  0.059, 262.15,  0.053, 252.58,  0.103, 178.33,-99.000, -99.00,-99.000, -99.00,-99.000, -99.00,-99.000, -99.00,
9/17/2006 23:00:00,  8.9,276.1,  3.4,  2.6, 18.811, 29.43,  0.0,  0.0,  0.073,  90.78,  0.086, 154.62,  0.123,  78.78,  0.050, 103.76,  0.054, 277.39,  0.073, 189.46,  0.084, 212.37,  0.047, 151.78,  0.076, 252.28,  0.018, 303.69,  0.035, 235.41,  0.064, 290.97,  0.089, 309.56,  0.048, 249.30,  0.032, 303.69,  0.107, 192.99,-99.000, -99.00,-99.000, -99.00,-99.000, -99.00,-99.000, -99.00,
9/17/2006 23:05:00,  8.9,276.1,  3.4,  2.6, 18.821, 29.43,  0.0,  0.0,  0.101,  26.57,  0.039, 270.00,  0.062, 228.90,  0.122, 216.68,  0.053, 210.41,  0.067, 201.96,  0.180, 227.02,  0.054, 287.10,  0.077, 309.71,  0.118, 295.69,  0.104, 276.65,  0.148, 282.07,  0.132, 263.47,  0.143, 299.79,  0.066, 277.88,  0.062, 244.26,-99.000, -99.00,-99.000, -99.00,-99.000, -99.00,-99.000, -99.00,
9/17/2006 23:10:00,  8.9,276.2,  3.5,  2.6, 18.806, 29.44,  0.0,  0.0,  0.065, 344.90,  0.062, 285.82,  0.051, 254.05,  0.119, 199.20,  0.076, 138.74,  0.077, 198.90,  0.124, 287.41,  0.151, 279.15,  0.080, 251.11,  0.127, 265.50,  0.204, 297.07,  0.115, 301.48,  0.143, 318.40,  0.086, 322.59,  0.114, 304.66,  0.137, 244.00,-99.000, -99.00,-99.000, -99.00,-99.000, -99.00,-99.000, -99.00,
9/17/2006 23:15:00,  8.9,276.2,  3.5,  2.6, 18.800, 29.45,  0.0,  0.0,  0.102,  86.63,  0.183, 267.18,  0.076, 245.12,  0.064, 272.68,  0.053, 196.39,  0.046, 232.13,  0.098, 267.66,  0.108, 308.99,  0.077, 331.09,  0.108, 332.96,  0.107, 310.83,  0.123, 297.61,  0.108, 298.69,  0.097, 301.07,  0.117, 297.44,  0.048, 290.70,-99.000, -99.00,-99.000, -99.00,-99.000, -99.00,-99.000, -99.00,
9/17/2006 23:20:00,  8.9,276.2,  3.4,  2.6, 18.791, 29.45,  0.0,  0.0,  0.051, 318.18,  0.110, 296.33,  0.115, 315.00,  0.093, 315.44,  0.082, 271.40,  0.124, 267.69,  0.054, 322.50,  0.016, 255.07,  0.048, 249.30,  0.053, 297.05,  0.100, 321.07,  0.064,   0.00,  0.107, 327.94,  0.164, 312.27,  0.084, 312.09,  0.071, 274.83,-99.000, -99.00,-99.000, -99.00,-99.000, -99.00,-99.000, -99.00,
9/17/2006 23:25:00,  8.9,276.1,  3.5,  2.6, 18.800, 29.45,  0.0,  0.0,  0.071, 341.82,  0.031, 330.95,  0.056, 356.93,  0.055,  45.00,  0.047, 320.19,  0.060, 318.37,  0.096, 278.97,  0.097, 292.35,  0.052, 336.37,  0.034, 306.53,  0.081, 280.62,  0.075, 276.93,  0.098, 282.34,  0.110, 325.73,  0.132, 305.13,  0.075, 188.46,-99.000, -99.00,-99.000, -99.00,-99.000, -99.00,-99.000, -99.00,
9/17/2006 23:30:00,  8.9,276.4,  3.5,  2.6, 18.796, 29.44,  0.0,  0.0,  0.047, 332.35,  0.135, 343.18,  0.150, 336.35,  0.065, 350.25,  0.054,   8.58,  0.018, 199.44,  0.076, 239.04,  0.106, 283.64,  0.152, 280.64,  0.016,  86.42,  0.076, 345.60,  0.030, 356.19,  0.129, 309.63,  0.075, 292.80,  0.116, 327.68,  0.066, 261.25,-99.000, -99.00,-99.000, -99.00,-99.000, -99.00,-99.000, -99.00,
9/17/2006 23:35:00,  8.9,276.1,  3.5,  2.6, 18.790, 29.44,  0.0,  0.0,  0.102,   4.48,  0.138, 310.60,  0.164, 280.21,  0.052, 291.60,  0.099,  21.91,  0.056, 349.70,  0.093, 312.81,  0.085, 304.99,  0.068, 334.93,  0.053, 330.52,  0.077, 344.16,  0.086, 333.73,  0.092, 292.38,  0.148, 318.56,  0.173, 325.58,  0.050, 223.36,-99.000, -99.00,-99.000, -99.00,-99.000, -99.00,-99.000, -99.00,
9/17/2006 23:40:00,  8.9,276.1,  3.5,  2.6, 18.790, 29.44,  0.0,  0.0,  0.111, 342.22,  0.221, 315.73,  0.129, 347.47,  0.102, 338.72,  0.010,  84.29,  0.158, 304.19,  0.156, 268.90,  0.103, 294.08,  0.103, 280.11,  0.102, 318.97,  0.047, 341.57,  0.043,   0.00,  0.129, 356.01,  0.205, 326.54,  0.062, 261.61,  0.074, 250.35,-99.000, -99.00,-99.000, -99.00,-99.000, -99.00,-99.000, -99.00,
9/17/2006 23:45:00,  8.9,276.1,  3.4,  2.6, 18.796, 29.44,  0.0,  0.0,  0.118,   7.79,  0.152,  16.77,  0.130, 346.71,  0.045, 321.34,  0.146, 290.42,  0.096, 336.64,  0.202, 313.00,  0.125, 276.90,  0.068, 345.56,  0.055, 338.59,  0.048, 347.99,  0.089, 318.21,  0.175, 337.10,  0.233, 335.96,  0.107, 338.00,  0.020,  90.00,-99.000, -99.00,-99.000, -99.00,-99.000, -99.00,-99.000, -99.00,
9/17/2006 23:50:00,  8.9,276.3,  3.5,  2.6, 18.779, 29.45,  0.0,  0.0,  0.136, 356.63,  0.164,  19.54,  0.118, 345.73,  0.067, 324.16,  0.049,  23.96,  0.091, 328.06,  0.125, 326.44,  0.084, 318.37,  0.100, 272.29,  0.084, 281.04,  0.101, 343.35,  0.133, 330.15,  0.085, 319.76,  0.088, 304.41,  0.098, 309.21,  0.102, 232.57,-99.000, -99.00,-99.000, -99.00,-99.000, -99.00,-99.000, -99.00,
9/17/2006 23:55:00,  8.9,276.1,  3.4,  2.6, 18.780, 29.45,  0.0,  0.0,  0.110, 316.11,  0.140,   3.68,  0.120, 340.51,  0.117, 358.04,  0.118,  21.98,  0.149, 355.40,  0.208, 327.99,  0.115, 341.25,  0.105, 324.33,  0.181, 331.59,  0.101, 314.60,  0.070, 293.63,  0.041, 300.96,  0.082, 308.55,  0.103, 304.77,  0.125, 204.52,-99.000, -99.00,-99.000, -99.00,-99.000, -99.00,-99.000, -99.00,
9/18/2006 00:00:00,  8.9,276.2,  3.5,  2.6, 18.770, 29.46,  0.0,  0.0,  0.160, 346.66,  0.126, 334.65,  0.080, 309.90,  0.148, 308.42,  0.136, 289.37,  0.082,   9.12,  0.178, 327.82,  0.115, 317.46,  0.113, 302.70,  0.016,  71.57,  0.010, 150.95,  0.099, 298.38,  0.091, 313.21,  0.161, 333.91,  0.146, 316.67,  0.110, 327.61,-99.000, -99.00,-99.000, -99.00,-99.000, -99.00,-99.000, -99.00,
9/18/2006 00:05:00,  8.9,276.3,  3.5,  2.6, 18.765, 29.47,  0.0,  0.0,  0.078,   8.13,  0.147, 357.66,  0.090, 309.16,  0.158, 329.22,  0.118, 321.19,  0.217, 318.54,  0.089, 306.36,  0.155, 305.02,  0.087, 295.10,  0.138, 319.71,  0.088, 312.23,  0.123, 307.06,  0.088, 316.85,  0.118, 325.37,  0.106, 324.96,  0.071, 223.30,-99.000, -99.00,-99.000, -99.00,-99.000, -99.00,-99.000, -99.00,
9/18/2006 00:10:00,  8.9,276.1,  3.4,  2.6, 18.758, 29.48,  0.0,  0.0,  0.059, 333.00,  0.108,  16.09,  0.149, 341.20,  0.110, 358.44,  0.062, 341.27,  0.028,  52.31,  0.134,   6.01,  0.047,  23.84,  0.092,   6.27,  0.052,   1.10,  0.030,  21.45,  0.079, 318.07,  0.112, 338.01,  0.175, 337.83,  0.089, 350.33,  0.033, 270.00,-99.000, -99.00,-99.000, -99.00,-99.000, -99.00,-99.000, -99.00,
9/18/2006 00:15:00,  8.9,276.1,  3.5,  2.6, 18.768, 29.48,  0.0,  0.0,  0.090, 308.26,  0.163,   0.70,  0.208, 318.89,  0.204, 302.60,  0.183, 327.96,  0.058, 309.43,  0.077, 278.24,  0.090, 327.19,  0.076, 251.57,  0.112, 274.59,  0.049, 224.17,  0.025, 298.61,  0.025,   6.84,  0.069, 300.68,  0.100, 345.55,  0.049, 101.77,-99.000, -99.00,-99.000, -99.00,-99.000, -99.00,-99.000, -99.00,
9/18/2006 00:20:00,  8.9,276.1,  3.5,  2.6, 18.774, 29.46,  0.0,  0.0,  0.162, 330.74,  0.119, 293.33,  0.104, 326.00,  0.171, 358.33,  0.147, 328.37,  0.069, 311.50,  0.127, 323.31,  0.110, 332.51,  0.111, 304.70,  0.072, 265.24,  0.025, 281.77,  0.043,   2.66,  0.034,  53.47,  0.079, 343.86,  0.121, 345.62,  0.079, 325.30,-99.000, -99.00,-99.000, -99.00,-99.000, -99.00,-99.000, -99.00,
9/18/2006 00:25:00,  8.9,276.1,  3.5,  2.6, 18.776, 29.45,  0.0,  0.0,  0.097, 340.82,  0.140,  30.40,  0.124, 331.57,  0.057,  45.71,  0.132,   5.23,  0.072, 351.19,  0.113,   5.61,  0.129, 344.24,  0.096, 343.64,  0.054, 317.23,  0.015,   0.00,  0.070, 312.11,  0.088, 314.08,  0.043, 267.34,  0.134, 311.67,  0.164, 243.59,-99.000, -99.00,-99.000, -99.00,-99.000, -99.00,-99.000, -99.00,
9/18/2006 00:30:00,  8.9,276.3,  3.5,  2.6, 18.769, 29.44,  0.0,  0.0,  0.143, 345.87,  0.111,   9.29,  0.123, 359.53,  0.135, 355.34,  0.085,   6.79,  0.037, 145.01,  0.092, 341.57,  0.165, 311.81,  0.067, 318.65,  0.071, 348.69,  0.068, 321.60,  0.054, 315.00,  0.022, 267.40,  0.065, 321.89,  0.061,   1.88,  0.073, 355.30,-99.000, -99.00,-99.000, -99.00,-99.000, -99.00,-99.000, -99.00,
9/18/2006 00:35:00,  8.9,276.2,  3.5,  2.6, 18.770, 29.44,  0.0,  0.0,  0.120,   8.13,  0.107, 297.76,  0.166, 355.87,  0.184, 358.44,  0.153, 339.79,  0.138, 357.92,  0.053,  23.20,  0.042,  12.38,  0.085, 285.02,  0.025, 301.76,  0.156, 319.16,  0.088, 322.87,  0.163, 315.25,  0.071, 290.75,  0.070, 327.22,  0.089, 138.21,-99.000, -99.00,-99.000, -99.00,-99.000, -99.00,-99.000, -99.00,
9/18/2006 00:40:00,  8.9,276.2,  3.5,  2.6, 18.776, 29.44,  0.0,  0.0,  0.106,  27.53,  0.222, 353.00,  0.133, 341.98,  0.044,  35.84,  0.104, 347.17,  0.102, 333.18,  0.046,  82.57,  0.070, 270.00,  0.083, 263.81,  0.101, 247.25,  0.133, 318.65,  0.045, 306.87,  0.021, 311.19,  0.086, 336.10,  0.029,   0.00,  0.027, 188.43,-99.000, -99.00,-99.000, -99.00,-99.000, -99.00,-99.000, -99.00,
9/18/2006 00:45:00,  8.9,276.3,  3.5,  2.6, 18.763, 29.44,  0.0,  0.0,  0.189, 316.93,  0.071, 314.43,  0.104, 320.83,  0.076, 301.61,  0.034,  69.44,  0.058, 276.88,  0.039, 302.47,  0.138, 349.99,  0.045,  16.82,  0.096,  47.53,  0.048, 131.63,  0.084, 329.15,  0.081, 329.64,  0.130, 342.12,  0.008, 352.87,  0.055, 164.20,-99.000, -99.00,-99.000, -99.00,-99.000, -99.00,-99.000, -99.00,
9/18/2006 00:50:00,  8.9,276.1,  3.5,  2.6, 18.774, 29.44,  0.0,  0.0,  0.065,  59.49,  0.114, 356.99,  0.104, 358.90,  0.082, 355.12,  0.091, 344.74,  0.152, 335.46,  0.120, 308.21,  0.035, 191.63,  0.030, 268.09,  0.044,  43.15,  0.086, 208.35,  0.107, 292.00,  0.019,   8.97,  0.025, 313.36,  0.081, 328.67,  0.045, 191.56,-99.000, -99.00,-99.000, -99.00,-99.000, -99.00,-99.000, -99.00,
9/18/2006 00:55:00,  8.9,276.3,  3.5,  2.6, 18.766, 29.45,  0.0,  0.0,  0.061,  23.20,  0.066, 326.07,  0.048, 330.26,  0.148, 282.53,  0.177, 313.63,  0.037, 352.30,  0.030, 336.80,  0.025, 253.74,  0.082, 306.03,  0.117, 315.00,  0.167, 332.98,  0.056, 312.83,  0.120, 345.04,  0.141,  11.87,  0.140, 357.14,  0.034, 157.25,-99.000, -99.00,-99.000, -99.00,-99.000, -99.00,-99.000, -99.00,
9/18/2006 01:00:00,  8.9,276.1,  3.4,  2.6, 18.763, 29.46,  0.0,  0.0,  0.065, 330.69,  0.085, 295.06,  0.063,   0.91,  0.058, 327.68,  0.065, 301.72,  0.113, 343.01,  0.082, 324.95,  0.018, 350.54,  0.099, 358.26,  0.020, 323.13,  0.079, 237.92,  0.124, 227.29,  0.094, 311.99,  0.067, 306.53,  0.122, 322.66,  0.031, 330.95,-99.000, -99.00,-99.000, -99.00,-99.000, -99.00,-99.000, -99.00,
9/18/2006 01:05:00,  8.9,276.2,  3.5,  2.6, 18.769, 29.47,  0.0,  0.0,  0.133, 289.25,  0.033,  46.22,  0.061, 302.91,  0.065, 292.62,  0.028, 320.71,  0.069, 323.30,  0.111, 294.02,  0.090, 308.26,  0.127, 301.43,  0.134, 309.53,  0.105, 344.51,  0.088, 294.82,  0.077, 297.90,  0.199, 324.40,  0.102, 313.41,  0.149, 188.51,-99.000, -99.00,-99.000, -99.00,-99.000, -99.00,-99.000, -99.00,
9/18/2006 01:10:00,  8.9,276.2,  3.5,  2.6, 18.772, 29.49,  0.0,  0.0,  0.095,   1.81,  0.090, 340.56,  0.180, 305.28,  0.140, 291.80,  0.093, 303.18,  0.041, 322.85,  0.093, 316.74,  0.052, 300.96,  0.169, 338.45,  0.115, 330.32,  0.124, 322.21,  0.090, 286.21,  0.153, 298.58,  0.087, 280.54,  0.056,   0.00,  0.034,  86.63,-99.000, -99.00,-99.000, -99.00,-99.000, -99.00,-99.000, -99.00,
9/18/2006 01:15:00,  8.9,276.1,  3.5,  2.6, 18.763, 29.51,  0.0,  0.0,  0.024, 299.74,  0.059, 334.75,  0.024,   9.46,  0.056, 309.94,  0.086, 323.53,  0.022, 198.43,  0.114, 327.57,  0.041, 300.96,  0.038, 349.29,  0.064, 331.03,  0.092,   0.00,  0.030,  62.59,  0.151, 327.15,  0.086, 333.73,  0.072,   4.76,  0.037, 262.30,-99.000, -99.00,-99.000, -99.00,-99.000, -99.00,-99.000, -99.00,
9/18/2006 01:20:00,  8.9,276.3,  3.5,  2.6, 18.770, 29.52,  0.0,  0.0,  0.154, 266.66,  0.039, 318.12,  0.137, 268.75,  0.092, 254.91,  0.072, 268.41,  0.066, 254.05,  0.120, 311.95,  0.004,  90.00,  0.074, 111.37,  0.077,   1.49,  0.043, 270.00,  0.037, 308.42,  0.007, 123.69,  0.034, 288.97,  0.015, 270.00,  0.086, 174.03,-99.000, -99.00,-99.000, -99.00,-99.000, -99.00,-99.000, -99.00,
9/18/2006 01:25:00,  8.9,276.1,  3.5,  2.6, 18.769, 29.53,  0.0,  0.0,  0.028, 332.53,  0.115, 332.54,  0.072, 330.95,  0.021,  39.09,  0.039,  22.62,  0.140, 301.88,  0.080, 320.56,  0.112, 340.76,  0.010, 119.05,  0.066,  14.04,  0.064, 334.23,  0.055,  31.68,  0.067,  13.83,  0.026, 283.50,  0.118, 310.87,  0.123, 228.29,-99.000, -99.00,-99.000, -99.00,-99.000, -99.00,-99.000, -99.00,
9/18/2006 01:30:00,  8.9,276.1,  3.5,  2.6, 18.773, 29.54,  0.0,  0.0,  0.061, 307.63,  0.102, 327.88,  0.055, 315.00,  0.128, 332.64,  0.119, 336.23,  0.097, 275.95,  0.096, 312.03,  0.090, 312.75,  0.081, 294.03,  0.070, 338.96,  0.066, 272.60,  0.095, 272.41,  0.110, 312.06,  0.099, 307.22,  0.039, 320.19,  0.035, 293.63,-99.000, -99.00,-99.000, -99.00,-99.000, -99.00,-99.000, -99.00,
9/18/2006 01:35:00,  8.9,276.1,  3.5,  2.6, 18.764, 29.55,  0.0,  0.0,  0.042, 286.70,  0.137, 303.11,  0.086, 286.13,  0.130, 318.44,  0.074, 258.23,  0.064, 276.24,  0.073,   0.00,  0.126, 349.05,  0.120, 327.89,  0.041, 270.00,  0.021, 267.27,  0.031, 289.03,  0.056, 331.14,  0.094, 344.64,  0.072, 348.85,  0.044, 258.18,-99.000, -99.00,-99.000, -99.00,-99.000, -99.00,-99.000, -99.00,
9/18/2006 01:40:00,  8.9,276.2,  3.5,  2.6, 18.773, 29.56,  0.0,  0.0,  0.127, 295.76,  0.091, 345.35,  0.133,  11.31,  0.026, 287.74,  0.156, 321.00,  0.029,   7.85,  0.089, 242.57,  0.069, 313.83,  0.025, 331.39,  0.113,   0.00,  0.029, 352.15,  0.073, 307.81,  0.021, 299.05,  0.008,  39.81,  0.049, 357.66,  0.047, 128.09,-99.000, -99.00,-99.000, -99.00,-99.000, -99.00,-99.000, -99.00,
9/18/2006 01:45:00,  8.9,276.1,  3.5,  2.6, 18.785, 29.56,  0.0,  0.0,  0.084, 330.09,  0.069,  31.39,  0.077, 299.56,  0.070, 317.89,  0.050, 297.60,  0.094, 234.11,  0.085, 241.34,  0.044, 301.87,  0.080, 352.79,  0.046,  38.85,  0.064, 315.63,  0.053, 308.16,  0.044, 357.40,  0.067, 312.56,  0.087, 325.76,  0.030, 145.78,-99.000, -99.00,-99.000, -99.00,-99.000, -99.00,-99.000, -99.00,
9/18/2006 01:50:00,  8.9,276.1,  3.4,  2.6, 18.786, 29.57,  0.0,  0.0,  0.125,   1.83,  0.064,   4.47,  0.119,   4.80,  0.122, 317.66,  0.120, 297.20,  0.138, 286.46,  0.072, 324.09,  0.127, 292.14,  0.075, 271.53,  0.061, 307.06,  0.061, 300.80,  0.063, 264.56,  0.117, 341.57,  0.076, 316.06,  0.071, 304.14,  0.045, 195.59,-99.000, -99.00,-99.000, -99.00,-99.000, -99.00,-99.000, -99.00,
9/18/2006 01:55:00,  8.9,276.2,  3.5,  2.6, 18.777, 29.57,  0.0,  0.0,  0.106, 339.51,  0.041, 351.67,  0.048,  50.96,  0.029, 180.00,  0.086,   5.97,  0.070, 208.02,  0.007,  90.00,  0.013,  22.62,  0.070, 319.04,  0.052, 183.30,  0.018, 337.62,  0.054, 109.44,  0.093,  18.24,  0.060, 346.43,  0.078, 321.23,  0.099, 236.15,-99.000, -99.00,-99.000, -99.00,-99.000, -99.00,-99.000, -99.00,
9/18/2006 02:00:00,  8.9,276.1,  3.4,  2.6, 18.784, 29.58,  0.0,  0.0,  0.143, 331.10,  0.045, 304.05,  0.010, 233.13,  0.110,  14.80,  0.087, 312.67,  0.037, 313.92,  0.019,  11.89,  0.061, 301.61,  0.058, 237.68,  0.071, 314.43,  0.080, 341.11,  0.064,  65.85,  0.103, 339.44,  0.140, 343.38,  0.097, 336.34,  0.046, 245.66,-99.000, -99.00,-99.000, -99.00,-99.000, -99.00,-99.000, -99.00,
9/18/2006 02:05:00,  8.9,276.3,  3.5,  2.6, 18.780, 29.58,  0.0,  0.0,  0.167, 319.84,  0.208, 322.41,  0.128, 298.36,  0.067, 309.59,  0.044, 325.22,  0.095,   2.41,  0.091, 355.60,  0.039, 253.44,  0.173, 307.27,  0.118, 292.88,  0.120, 306.20,  0.138, 326.54,  0.085, 334.94,  0.077, 331.09,  0.148, 324.91,  0.056, 180.00,-99.000, -99.00,-99.000, -99.00,-99.000, -99.00,-99.000, -99.00,
9/18/2006 02:10:00,  8.9,276.2,  3.5,  2.6, 18.791, 29.58,  0.0,  0.0,  0.185, 330.26,  0.058, 309.43,  0.091, 334.56,  0.116, 276.45,  0.037,  20.38,  0.067, 293.88,  0.139, 283.34,  0.101, 296.57,  0.096, 331.29,  0.063,  13.82,  0.026,  17.74,  0.071, 274.83,  0.051, 229.76,  0.048, 293.36,  0.114, 316.07,  0.023, 257.20,-99.000, -99.00,-99.000, -99.00,-99.000, -99.00,-99.000, -99.00,
9/18/2006 02:15:00,  8.9,276.2,  3.5,  2.6, 18.784, 29.59,  0.0,  0.0,  0.117, 317.07,  0.047, 279.87,  0.057, 329.38,  0.087, 301.30,  0.130, 307.84,  0.065, 270.88,  0.053, 232.70,  0.035, 202.11,  0.056, 309.94,  0.025, 357.71,  0.087, 344.05,  0.082, 358.60,  0.091, 349.19,  0.116, 354.04,  0.146, 309.70,  0.103, 236.93,-99.000, -99.00,-99.000, -99.00,-99.000, -99.00,-99.000, -99.00,
9/18/2006 02:20:00,  8.9,276.1,  3.5,  2.6, 18.805, 29.59,  0.0,  0.0,  0.163, 351.87,  0.126,   0.91,  0.096, 305.68,  0.083, 327.85,  0.044, 323.39,  0.112, 318.62,  0.071,  64.16,  0.115,  12.09,  0.112, 308.82,  0.099, 314.18,  0.062, 283.13,  0.015, 238.39,  0.050,  25.02,  0.108, 346.09,  0.149, 320.98,  0.125, 259.86,-99.000, -99.00,-99.000, -99.00,-99.000, -99.00,-99.000, -99.00,
9/18/2006 02:25:00,  8.9,276.3,  3.5,  2.6, 18.795, 29.59,  0.0,  0.0,  0.070, 303.92,  0.034, 323.47,  0.071, 359.19,  0.036, 311.63,  0.075, 359.24,  0.111, 352.75,  0.050,  15.15,  0.042, 289.29,  0.126, 291.46,  0.079, 312.95,  0.013, 108.43,  0.108, 324.83,  0.101, 277.41,  0.041, 257.32,  0.071, 314.43,  0.047, 225.00,-99.000, -99.00,-99.000, -99.00,-99.000, -99.00,-99.000, -99.00,
9/18/2006 02:30:00,  8.9,276.1,  3.5,  2.6, 18.801, 29.59,  0.0,  0.0,  0.040, 275.71,  0.130, 355.16,  0.136, 354.08,  0.045,  39.64,  0.091, 321.24,  0.036, 327.65,  0.040, 284.38,  0.036, 339.08,  0.096, 309.50,  0.104, 319.28,  0.100, 315.41,  0.092, 339.59,  0.080, 343.37,  0.089, 331.70,  0.031,  51.63,  0.030, 162.76,-99.000, -99.00,-99.000, -99.00,-99.000, -99.00,-99.000, -99.00,
9/18/2006 02:35:00,  8.9,276.3,  3.5,  2.6, 18.808, 29.59,  0.0,  0.0,  0.045, 347.20,  0.010,   5.71,  0.104, 316.17,  0.123, 355.35,  0.125, 323.13,  0.089, 327.38,  0.001, 270.00,  0.068, 304.85,  0.040, 218.88,  0.038, 302.01,  0.105, 321.93,  0.109, 308.66,  0.041, 327.85,  0.011, 248.20,  0.088, 292.77,  0.064, 276.24,-99.000, -99.00,-99.000, -99.00,-99.000, -99.00,-99.000, -99.00,
9/18/2006 02:40:00,  8.9,276.3,  3.5,  2.6, 18.803, 29.60,  0.0,  0.0,  0.097, 351.70,  0.062, 357.23,  0.047, 308.09,  0.146, 340.82,  0.088, 330.82,  0.139, 343.66,  0.092, 302.14,  0.135, 326.78,  0.074, 323.29,  0.007, 278.13,  0.050, 260.73,  0.086, 340.30,  0.138, 357.92,  0.118,  20.27,  0.042,  26.57,  0.006, 288.43,-99.000, -99.00,-99.000, -99.00,-99.000, -99.00,-99.000, -99.00,
9/18/2006 02:45:00,  8.9,276.2,  3.5,  2.6, 18.801, 29.60,  0.0,  0.0,  0.056, 303.41,  0.104, 277.19,  0.039, 233.43,  0.086, 293.90,  0.007, 344.05,  0.077, 291.25,  0.067, 316.81,  0.035, 227.29,  0.038, 130.76,  0.070, 262.57,  0.160, 262.48,  0.078, 280.30,  0.107, 315.75,  0.052, 300.02,  0.036, 339.08,  0.018, 270.00,-99.000, -99.00,-99.000, -99.00,-99.000, -99.00,-99.000, -99.00,
9/18/2006 02:50:00,  8.9,276.1,  3.5,  2.6, 18.791, 29.60,  0.0,  0.0,  0.029, 279.78,  0.134, 329.40,  0.025, 281.31,  0.085, 347.11,  0.096, 252.50,  0.052, 320.48,  0.064, 304.19,  0.055, 323.13,  0.073, 182.35,  0.091, 178.11,  0.120, 309.26,  0.100, 323.13,  0.019, 356.99,  0.083, 302.74,  0.121, 322.75,  0.035, 190.01,-99.000, -99.00,-99.000, -99.00,-99.000, -99.00,-99.000, -99.00,
9/18/2006 02:55:00,  8.9,276.2,  3.5,  2.6, 18.809, 29.59,  0.0,  0.0,  0.087,   9.25,  0.008, 230.19,  0.062, 357.23,  0.055,  25.64,  0.038,  42.88,  0.169,   8.18,  0.047, 340.02,  0.024, 131.63,  0.029, 187.85,  0.015,  93.81,  0.017,  30.96,  0.053, 297.05,  0.133, 299.26,  0.144, 323.45,  0.062, 320.91,  0.087, 266.71,-99.000, -99.00,-99.000, -99.00,-99.000, -99.00,-99.000, -99.00,
9/18/2006 03:00:00,  8.9,276.1,  3.5,  2.6, 18.809, 29.59,  0.0,  0.0,  0.128, 327.80,  0.122, 286.20,  0.038, 250.14,  0.095, 209.00,  0.110, 278.35,  0.104, 345.56,  0.088, 352.79,  0.051, 265.52,  0.093, 282.40,  0.026, 335.38,  0.030, 270.00,  0.105, 299.00,  0.088, 305.31,  0.112, 337.34,  0.043, 291.80,  0.090, 194.19,-99.000, -99.00,-99.000, -99.00,-99.000, -99.00,-99.000, -99.00,
9/18/2006 03:05:00,  8.9,276.1,  3.5,  2.6, 18.803, 29.59,  0.0,  0.0,  0.082, 324.95,  0.074, 288.92,  0.123, 328.64,  0.140, 326.65,  0.067,  43.19,  0.138, 238.61,  0.062, 283.13,  0.039, 337.38,  0.012, 300.96,  0.035, 137.29,  0.025,  46.64,  0.094, 355.14,  0.063,   8.26,  0.004, 284.04,  0.018, 180.00,  0.077, 180.74,-99.000, -99.00,-99.000, -99.00,-99.000, -99.00,-99.000, -99.00,
9/18/2006 03:10:00,  8.9,276.2,  3.5,  2.6, 18.813, 29.59,  0.0,  0.0,  0.068, 349.02,  0.080, 254.74,  0.039, 355.60,  0.077, 337.78,  0.034,  93.37,  0.085, 289.29,  0.080, 305.29,  0.010, 225.00,  0.089,  28.30,  0.059,  70.02,  0.051,  43.41,  0.032,  69.86,  0.030, 122.62,  0.061,  17.24,  0.024,   0.00,  0.103, 221.45,-99.000, -99.00,-99.000, -99.00,-99.000, -99.00,-99.000, -99.00,
9/18/2006 03:15:00,  8.9,276.2,  3.5,  2.6, 18.826, 29.59,  0.0,  0.0,  0.019,  55.49,  0.087, 298.03,  0.088, 295.69,  0.086, 239.26,  0.063, 294.52,  0.057, 108.43,  0.002, 333.43,  0.062, 307.79,  0.041, 268.60,  0.037, 310.60,  0.068, 261.51,  0.026, 321.34,  0.060,  24.84,  0.083,  70.91,  0.069,  83.39,  0.022,  84.81,-99.000, -99.00,-99.000, -99.00,-99.000, -99.00,-99.000, -99.00,
9/18/2006 03:20:00,  8.9,276.2,  3.5,  2.6, 18.820, 29.59,  0.0,  0.0,  0.072, 357.61,  0.042, 247.69,  0.049, 324.06,  0.038, 273.01,  0.060, 321.04,  0.038,  40.76,  0.056, 287.78,  0.080, 280.05,  0.081, 276.34,  0.068, 282.80,  0.025, 272.29,  0.056,   0.00,  0.076, 317.12,  0.077, 290.56,  0.121, 320.38,  0.016,  93.58,-99.000, -99.00,-99.000, -99.00,-99.000, -99.00,-99.000, -99.00,
9/18/2006 03:25:00,  8.9,276.1,  3.5,  2.6, 18.820, 29.59,  0.0,  0.0,  0.087, 227.33,  0.028, 340.91,  0.066, 263.09,  0.035, 340.02,  0.085, 330.42,  0.076, 329.04,  0.034, 208.07,  0.087, 264.09,  0.075, 340.60,  0.039,   2.94,  0.067, 278.62,  0.050, 250.11,  0.041, 158.46,  0.016, 291.80,  0.061, 131.01,  0.016,  82.87,-99.000, -99.00,-99.000, -99.00,-99.000, -99.00,-99.000, -99.00,
9/18/2006 03:30:00,  8.9,276.3,  3.5,  2.6, 18.829, 29.59,  0.0,  0.0,  0.010, 180.00,  0.067, 241.53,  0.096, 275.36,  0.117, 298.53,  0.108, 209.88,  0.035,  10.01,  0.035, 169.99,  0.103, 294.08,  0.034, 253.14,  0.062, 236.82,  0.054, 289.44,  0.029,  46.40,  0.083, 314.03,  0.061, 293.20,  0.024, 352.87,  0.040,  64.72,-99.000, -99.00,-99.000, -99.00,-99.000, -99.00,-99.000, -99.00,
9/18/2006 03:35:00,  8.9,276.3,  3.5,  2.6, 18.822, 29.58,  0.0,  0.0,  0.070,  49.67,  0.098, 286.59,  0.121, 321.04,  0.095, 337.20,  0.036, 287.93,  0.070, 310.33,  0.054, 294.18,  0.038, 199.86,  0.065, 231.20,  0.057, 258.89,  0.065, 237.53,  0.072, 251.31,  0.075, 196.26,  0.048, 240.26,  0.014, 274.09,  0.095, 341.57,-99.000, -99.00,-99.000, -99.00,-99.000, -99.00,-99.000, -99.00,
9/18/2006 03:40:00,  8.9,276.2,  3.5,  2.6, 18.821, 29.58,  0.0,  0.0,  0.025,   2.29,  0.015, 348.69,  0.098, 311.68,  0.037, 237.17,  0.029, 294.78,  0.031, 253.30,  0.054, 270.00,  0.002, 180.00,  0.062, 212.40,  0.049, 278.30,  0.015, 277.59,  0.016, 251.57,  0.140, 295.29,  0.103, 265.01,  0.034, 330.46,  0.056, 241.14,-99.000, -99.00,-99.000, -99.00,-99.000, -99.00,-99.000, -99.00,
9/18/2006 03:45:00,  8.9,276.0,  3.5,  2.6, 18.828, 29.58,  0.0,  0.0,  0.040, 249.78,  0.027, 124.29,  0.099,  30.96,  0.144,   7.17,  0.137, 326.89,  0.049, 278.30,  0.099, 278.70,  0.016,  79.38,  0.067, 320.41,  0.047, 237.99,  0.025, 316.64,  0.016, 194.04,  0.081, 197.99,  0.044, 201.32,  0.028, 343.50,  0.051, 281.31,-99.000, -99.00,-99.000, -99.00,-99.000, -99.00,-99.000, -99.00,
9/18/2006 03:50:00,  8.9,276.2,  3.5,  2.6, 18.838, 29.58,  0.0,  0.0,  0.077, 322.39,  0.069, 225.59,  0.004, 270.00,  0.026,   8.75,  0.076, 251.57,  0.134, 256.59,  0.117, 283.80,  0.048, 268.81,  0.044, 290.10,  0.100, 324.40,  0.102, 309.81,  0.030, 191.69,  0.072, 242.02,  0.052, 195.64,  0.065,  95.27,  0.007,  45.00,-99.000, -99.00,-99.000, -99.00,-99.000, -99.00,-99.000, -99.00,
9/18/2006 03:55:00,  8.9,276.2,  3.5,  2.6, 18.833, 29.58,  0.0,  0.0,  0.019,  55.49,  0.040, 303.69,  0.077, 266.28,  0.069, 223.83,  0.020, 239.53,  0.067, 317.44,  0.097, 208.42,  0.067, 221.99,  0.029, 204.78,  0.100, 243.18,  0.078, 272.20,  0.038, 195.12,  0.046, 301.61,  0.132, 313.15,  0.039, 318.12,  0.084, 171.10,-99.000, -99.00,-99.000, -99.00,-99.000, -99.00,-99.000, -99.00,
9/18/2006 04:00:00,  8.9,276.1,  3.5,  2.6, 18.837, 29.58,  0.0,  0.0,  0.041,  29.05,  0.122, 301.61,  0.100, 315.41,  0.091, 195.86,  0.080, 262.07,  0.054,  21.80,  0.045, 270.00,  0.076, 201.52,  0.050, 279.27,  0.080, 273.58,  0.031,   0.00,  0.028, 250.91,  0.085, 297.47,  0.062, 345.07,  0.051, 345.14,  0.005,  90.00,-99.000, -99.00,-99.000, -99.00,-99.000, -99.00,-99.000, -99.00,
9/18/2006 04:05:00,  8.9,276.3,  3.5,  2.6, 18.841, 29.57,  0.0,  0.0,  0.050, 323.13,  0.010, 275.71,  0.057, 302.86,  0.073,  77.30,  0.048,  37.35,  0.046, 178.75,  0.098, 116.57,  0.008, 270.00,  0.018, 326.31,  0.043, 185.31,  0.065, 204.59,  0.063, 326.06,  0.017, 283.24,  0.044, 304.78,  0.046, 282.53,  0.020,  30.47,-99.000, -99.00,-99.000, -99.00,-99.000, -99.00,-99.000, -99.00,
9/18/2006 04:10:00,  8.9,276.2,  3.4,  2.6, 18.847, 29.57,  0.0,  0.0,  0.039,   0.00,  0.192, 314.37,  0.056, 312.83,  0.050, 279.27,  0.012, 170.54,  0.141, 296.57,  0.042, 250.71,  0.036, 266.82,  0.122, 267.65,  0.118, 265.64,  0.073, 274.70,  0.025, 355.43,  0.095, 344.80,  0.124, 316.30,  0.043, 303.69,  0.030,  28.30,-99.000, -99.00,-99.000, -99.00,-99.000, -99.00,-99.000, -99.00,
9/18/2006 04:15:00,  8.9,276.1,  3.5,  2.6, 18.846, 29.57,  0.0,  0.0,  0.056, 280.30,  0.079, 319.09,  0.097, 268.23,  0.066, 259.54,  0.075, 190.71,  0.096, 218.66,  0.021,  73.30,  0.010, 306.87,  0.039, 352.69,  0.033,  90.00,  0.010,  11.31,  0.064, 191.66,  0.060, 174.29,  0.103, 345.96,  0.105, 316.92,  0.030, 129.56,-99.000, -99.00,-99.000, -99.00,-99.000, -99.00,-99.000, -99.00,
9/18/2006 04:20:00,  8.9,276.1,  3.5,  2.6, 18.848, 29.57,  0.0,  0.0,  0.046, 332.88,  0.082, 324.95,  0.051, 289.50,  0.069,  28.41,  0.109,   3.67,  0.083, 331.28,  0.027, 190.49,  0.100, 246.50,  0.047, 316.74,  0.067, 270.86,  0.064, 306.69,  0.042, 321.77,  0.098, 303.37,  0.143, 322.09,  0.050, 347.35,  0.061, 256.65,-99.000, -99.00,-99.000, -99.00,-99.000, -99.00,-99.000, -99.00,
9/18/2006 04:25:00,  8.9,276.2,  3.5,  2.6, 18.853, 29.57,  0.0,  0.0,  0.048, 343.07,  0.064, 263.76,  0.061, 329.68,  0.074, 280.86,  0.079, 289.12,  0.145, 303.14,  0.080, 279.34,  0.082, 279.12,  0.046, 203.20,  0.080, 303.29,  0.030, 342.76,  0.075, 256.15,  0.094, 279.76,  0.084, 305.78,  0.074, 296.57,  0.075, 258.39,-99.000, -99.00,-99.000, -99.00,-99.000, -99.00,-99.000, -99.00,
9/18/2006 04:30:00,  8.9,276.1,  3.5,  2.6, 18.846, 29.57,  0.0,  0.0,  0.069, 290.27,  0.081, 260.07,  0.069, 320.30,  0.134, 315.30,  0.051, 321.34,  0.096, 296.03,  0.113, 276.12,  0.073, 264.52,  0.132, 316.85,  0.077, 295.24,  0.033, 130.03,  0.073, 282.70,  0.075, 319.90,  0.079, 326.92,  0.065, 345.75,  0.059,  18.74,-99.000, -99.00,-99.000, -99.00,-99.000, -99.00,-99.000, -99.00,
9/18/2006 04:35:00,  8.9,276.1,  3.5,  2.6, 18.846, 29.57,  0.0,  0.0,  0.085, 295.06,  0.067, 290.85,  0.113, 225.72,  0.118, 278.27,  0.038,   0.00,  0.118, 287.82,  0.112, 293.60,  0.073, 284.23,  0.046, 340.77,  0.069,   0.00,  0.101, 258.02,  0.088, 277.85,  0.103, 305.08,  0.053, 290.81,  0.081, 317.01,  0.072,   5.55,-99.000, -99.00,-99.000, -99.00,-99.000, -99.00,-99.000, -99.00,
9/18/2006 04:40:00,  8.9,276.3,  3.4,  2.6, 18.854, 29.57,  0.0,  0.0,  0.007, 344.05,  0.069, 273.32,  0.064, 295.77,  0.057, 345.72,  0.134, 272.14,  0.105, 250.53,  0.050, 285.15,  0.046, 282.53,  0.057, 275.01,  0.094, 216.75,  0.087, 290.94,  0.133, 299.26,  0.212, 317.67,  0.057, 338.39,  0.028, 341.57,  0.093, 166.26,-99.000, -99.00,-99.000, -99.00,-99.000, -99.00,-99.000, -99.00,
9/18/2006 04:45:00,  8.8,276.1,  3.5,  2.6, 18.856, 29.56,  0.0,  0.0,  0.104, 287.39,  0.183, 290.81,  0.101, 295.80,  0.181, 277.28,  0.076, 266.99,  0.168, 267.27,  0.143, 265.17,  0.138, 269.17,  0.112, 267.95,  0.157, 272.92,  0.108, 311.63,  0.177, 299.91,  0.140, 307.77,  0.038, 297.90,  0.020, 233.13,  0.007, 213.69,-99.000, -99.00,-99.000, -99.00,-99.000, -99.00,-99.000, -99.00,
9/18/2006 04:50:00,  8.8,276.1,  3.5,  2.6, 18.860, 29.56,  0.0,  0.0,  0.083, 308.12,  0.118, 269.51,  0.177, 283.72,  0.135, 278.97,  0.164, 312.27,  0.118, 284.74,  0.101, 285.55,  0.112, 298.16,  0.070, 253.38,  0.061, 265.31,  0.204, 319.58,  0.077, 267.77,  0.072, 219.40,  0.117, 288.90,  0.089, 299.74,  0.048, 267.61,-99.000, -99.00,-99.000, -99.00,-99.000, -99.00,-99.000, -99.00,
9/18/2006 04:55:00,  8.8,276.3,  3.5,  2.6, 18.860, 29.56,  0.0,  0.0,  0.068, 275.88,  0.036, 270.00,  0.069, 326.31,  0.054, 274.24,  0.180, 298.56,  0.211, 286.21,  0.161, 273.20,  0.123, 296.57,  0.130, 265.60,  0.102, 290.03,  0.168, 297.33,  0.120, 279.62,  0.170, 286.08,  0.057, 280.12,  0.111, 311.33,  0.061, 248.03,-99.000, -99.00,-99.000, -99.00,-99.000, -99.00,-99.000, -99.00,
9/18/2006 05:00:00,  8.8,276.3,  3.5,  2.6, 18.865, 29.56,  0.0,  0.0,  0.151, 266.59,  0.194, 296.04,  0.167, 267.94,  0.129, 270.00,  0.180, 262.32,  0.188, 303.94,  0.164, 275.26,  0.045, 249.15,  0.106, 277.06,  0.113, 280.71,  0.067, 300.38,  0.072, 235.20,  0.076, 270.00,  0.122, 318.33,  0.053, 303.39,  0.091, 334.00,-99.000, -99.00,-99.000, -99.00,-99.000, -99.00,-99.000, -99.00,
9/18/2006 05:05:00,  8.8,276.1,  3.5,  2.6, 18.870, 29.56,  0.0,  0.0,  0.083, 330.34,  0.061, 332.59,  0.105, 315.00,  0.064, 300.19,  0.050, 310.97,  0.044, 273.90,  0.063, 339.55,  0.074, 324.37,  0.049, 270.00,  0.149, 280.41,  0.105, 297.30,  0.104, 314.61,  0.045, 271.27,  0.069, 319.13,  0.084, 295.35,  0.129, 225.00,-99.000, -99.00,-99.000, -99.00,-99.000, -99.00,-99.000, -99.00,
9/18/2006 05:10:00,  8.8,276.1,  3.5,  2.6, 18.862, 29.57,  0.0,  0.0,  0.129, 342.83,  0.087, 305.69,  0.117, 276.39,  0.122, 307.34,  0.172, 321.13,  0.067, 330.36,  0.067, 267.44,  0.092, 332.04,  0.125, 313.05,  0.077, 254.88,  0.074, 255.96,  0.069, 299.54,  0.072, 294.44,  0.063, 316.93,  0.073, 321.10,  0.084, 262.45,-99.000, -99.00,-99.000, -99.00,-99.000, -99.00,-99.000, -99.00,
9/18/2006 05:15:00,  8.8,276.1,  3.5,  2.6, 18.859, 29.57,  0.0,  0.0,  0.179, 279.67,  0.116, 325.49,  0.093, 286.28,  0.143, 296.57,  0.187, 299.86,  0.205, 276.43,  0.211, 277.09,  0.127, 274.50,  0.123, 286.52,  0.126, 274.09,  0.174, 310.57,  0.145, 284.42,  0.180, 294.58,  0.028, 274.09,  0.057, 343.78,  0.091,  82.41,-99.000, -99.00,-99.000, -99.00,-99.000, -99.00,-99.000, -99.00,
9/18/2006 05:20:00,  8.8,276.1,  3.5,  2.6, 18.866, 29.57,  0.0,  0.0,  0.024, 306.38,  0.118, 337.57,  0.172, 322.33,  0.222, 292.28,  0.093, 283.74,  0.065, 308.80,  0.040, 255.62,  0.031, 258.69,  0.183, 325.70,  0.162, 308.22,  0.116, 293.26,  0.097, 289.18,  0.087, 314.53,  0.072, 311.63,  0.131, 337.95,  0.114,   0.00,-99.000, -99.00,-99.000, -99.00,-99.000, -99.00,-99.000, -99.00,
9/18/2006 05:25:00,  8.8,276.1,  3.5,  2.6, 18.868, 29.57,  0.0,  0.0,  0.038, 229.24,  0.091, 323.00,  0.109, 282.76,  0.074, 241.70,  0.126, 293.92,  0.130, 292.62,  0.162, 277.83,  0.189, 266.37,  0.166, 275.88,  0.100, 274.57,  0.154, 264.77,  0.141, 283.94,  0.183, 326.14,  0.241, 351.90,  0.284, 349.44,  0.224, 334.35,-99.000, -99.00,-99.000, -99.00,-99.000, -99.00,-99.000, -99.00,
9/18/2006 05:30:00,  8.8,276.1,  3.5,  2.6, 18.872, 29.58,  0.0,  0.0,  0.148, 323.52,  0.118, 303.96,  0.140, 244.17,  0.116, 304.10,  0.133, 293.09,  0.178, 288.03,  0.184, 286.37,  0.172, 287.59,  0.138, 288.57,  0.125, 282.03,  0.145, 297.10,  0.178, 296.71,  0.117, 328.62,  0.117, 348.69,  0.312, 334.58,  0.223, 343.35,-99.000, -99.00,-99.000, -99.00,-99.000, -99.00,-99.000, -99.00,
9/18/2006 05:35:00,  8.8,276.1,  3.5,  2.6, 18.864, 29.58,  0.0,  0.0,  0.050, 326.31,  0.187, 318.04,  0.133, 284.35,  0.207, 275.55,  0.120, 272.86,  0.191, 295.49,  0.203, 275.94,  0.126, 287.57,  0.148, 278.57,  0.172, 310.28,  0.171, 312.39,  0.091, 315.90,  0.074, 272.32,  0.120, 300.64,  0.151, 290.60,  0.101, 195.55,-99.000, -99.00,-99.000, -99.00,-99.000, -99.00,-99.000, -99.00,
9/18/2006 05:40:00,  8.8,276.2,  3.5,  2.6, 18.864, 29.58,  0.0,  0.0,  0.054,  15.07,  0.130, 288.43,  0.157, 306.43,  0.171, 293.11,  0.166, 271.38,  0.160, 291.60,  0.123, 284.15,  0.198, 280.46,  0.221, 283.34,  0.122, 308.37,  0.070, 304.59,  0.140, 319.35,  0.072, 341.31,  0.175, 327.86,  0.167, 336.35,  0.045, 182.54,-99.000, -99.00,-99.000, -99.00,-99.000, -99.00,-99.000, -99.00,
9/18/2006 05:45:00,  8.8,276.3,  3.5,  2.6, 18.864, 29.58,  0.0,  0.0,  0.077,  30.58,  0.123, 322.29,  0.174, 266.38,  0.104, 265.60,  0.156, 297.06,  0.027, 333.43,  0.066, 291.16,  0.127, 249.29,  0.157, 263.42,  0.117, 268.53,  0.119, 210.88,  0.116, 279.95,  0.129, 329.87,  0.083, 289.09,  0.123, 287.55,  0.045, 247.96,-99.000, -99.00,-99.000, -99.00,-99.000, -99.00,-99.000, -99.00,
9/18/2006 05:50:00,  8.8,276.1,  3.5,  2.6, 18.860, 29.58,  0.0,  0.0,  0.149, 283.57,  0.093, 299.05,  0.123, 249.50,  0.191, 263.10,  0.162, 291.01,  0.165, 270.69,  0.113, 236.59,  0.090, 241.44,  0.051, 294.08,  0.138, 284.64,  0.076, 227.68,  0.065, 289.83,  0.054, 189.64,  0.069, 227.95,  0.052, 205.08,  0.049, 206.57,-99.000, -99.00,-99.000, -99.00,-99.000, -99.00,-99.000, -99.00,
9/18/2006 05:55:00,  8.8,276.3,  3.5,  2.6, 18.865, 29.58,  0.0,  0.0,  0.144, 341.31,  0.113, 316.43,  0.112, 298.86,  0.101, 277.41,  0.215, 264.13,  0.247, 240.63,  0.273, 201.02,  0.237, 185.81,  0.201, 209.11,  0.216, 207.63,  0.176, 220.85,  0.136, 186.34,  0.110, 199.09,  0.124, 201.80,  0.195, 171.45,  0.128, 161.85,-99.000, -99.00,-99.000, -99.00,-99.000, -99.00,-99.000, -99.00,
9/18/2006 06:00:00,  8.8,276.1,  3.5,  2.6, 18.864, 29.58,  0.0,  0.0,  0.060, 327.89,  0.124, 332.20,  0.171, 326.22,  0.107, 301.61,  0.202, 310.39,  0.146, 246.96,  0.128, 236.81,  0.139, 256.66,  0.155, 257.31,  0.163, 206.25,  0.191, 225.00,  0.189, 195.95,  0.171, 199.07,  0.209, 214.45,  0.229, 218.27,  0.241, 207.42,-99.000, -99.00,-99.000, -99.00,-99.000, -99.00,-99.000, -99.00,
9/18/2006 06:05:00,  8.8,276.2,  3.5,  2.6, 18.864, 29.58,  0.0,  0.0,  0.070, 328.34,  0.056, 283.54,  0.128, 327.80,  0.222, 332.63,  0.141, 312.41,  0.137, 278.84,  0.242, 282.14,  0.234, 300.84,  0.165, 267.57,  0.170, 275.41,  0.178, 300.47,  0.173, 309.13,  0.164, 288.43,  0.157, 296.89,  0.145, 310.26,  0.014, 270.00,-99.000, -99.00,-99.000, -99.00,-99.000, -99.00,-99.000, -99.00,
9/18/2006 06:10:00,  8.8,276.3,  3.5,  2.6, 18.872, 29.58,  0.0,  0.0,  0.140, 332.34,  0.213, 297.65,  0.198, 257.16,  0.096, 283.89,  0.199, 313.98,  0.196, 302.47,  0.134, 286.53,  0.233, 297.55,  0.139, 266.30,  0.110, 256.85,  0.121, 273.31,  0.212, 298.50,  0.161, 284.38,  0.118, 262.69,  0.039, 274.40,  0.074, 230.49,-99.000, -99.00,-99.000, -99.00,-99.000, -99.00,-99.000, -99.00,
9/18/2006 06:15:00,  8.8,276.1,  3.5,  2.6, 18.867, 29.58,  0.0,  0.0,  0.052, 309.52,  0.102, 288.97,  0.217, 324.77,  0.196, 317.69,  0.195, 320.83,  0.169, 282.97,  0.187, 295.33,  0.175, 306.41,  0.174, 298.03,  0.253, 294.24,  0.188, 276.71,  0.224, 285.03,  0.177, 269.03,  0.120, 265.71,  0.116, 318.86,  0.074, 184.64,-99.000, -99.00,-99.000, -99.00,-99.000, -99.00,-99.000, -99.00,
9/18/2006 06:20:00,  8.8,276.1,  3.5,  2.6, 18.871, 29.58,  0.0,  0.0,  0.201, 286.18,  0.130, 285.64,  0.115, 327.41,  0.189, 323.62,  0.089, 307.26,  0.226, 291.24,  0.145, 288.43,  0.189, 284.11,  0.138, 290.80,  0.177, 288.43,  0.178, 288.03,  0.111, 279.29,  0.198, 287.61,  0.189, 293.99,  0.218, 304.35,  0.085, 269.33,-99.000, -99.00,-99.000, -99.00,-99.000, -99.00,-99.000, -99.00,
9/18/2006 06:25:00,  8.8,276.1,  3.5,  2.6, 18.868, 29.57,  0.0,  0.0,  0.195, 329.09,  0.136, 269.16,  0.127, 288.86,  0.172, 291.18,  0.273, 312.33,  0.226, 292.93,  0.280, 284.28,  0.151, 270.76,  0.162, 309.49,  0.179, 310.91,  0.156, 300.02,  0.273, 297.50,  0.249, 290.48,  0.172, 284.44,  0.211, 302.41,  0.040, 303.69,-99.000, -99.00,-99.000, -99.00,-99.000, -99.00,-99.000, -99.00,
9/18/2006 06:30:00,  8.8,276.1,  3.5,  2.6, 18.867, 29.57,  0.0,  0.0,  0.112, 337.34,  0.140, 317.31,  0.165, 307.84,  0.157, 291.33,  0.165, 298.58,  0.192, 316.90,  0.228, 291.61,  0.149, 293.30,  0.212, 296.57,  0.183, 305.87,  0.141, 299.85,  0.226, 291.57,  0.214, 287.42,  0.134, 264.84,  0.164, 291.87,  0.066, 262.12,-99.000, -99.00,-99.000, -99.00,-99.000, -99.00,-99.000, -99.00,
9/18/2006 06:35:00,  8.8,276.1,  3.5,  2.6, 18.861, 29.57,  0.0,  0.0,  0.223, 308.62,  0.111, 310.60,  0.167, 301.32,  0.149, 308.72,  0.116, 283.92,  0.148, 294.83,  0.186, 304.29,  0.213, 308.32,  0.156, 285.19,  0.192, 288.81,  0.134, 286.95,  0.166, 274.13,  0.228, 282.94,  0.178, 273.22,  0.224, 305.18,  0.043, 252.41,-99.000, -99.00,-99.000, -99.00,-99.000, -99.00,-99.000, -99.00,
9/18/2006 06:40:00,  8.8,276.1,  3.5,  2.6, 18.849, 29.57,  0.0,  0.0,  0.146, 304.67,  0.129, 327.67,  0.266, 300.71,  0.170, 291.74,  0.195, 283.32,  0.224, 297.37,  0.182, 302.21,  0.122, 297.41,  0.168, 314.27,  0.206, 305.31,  0.201, 299.11,  0.173, 302.50,  0.195, 316.46,  0.144, 290.70,  0.240, 301.37,  0.084, 282.38,-99.000, -99.00,-99.000, -99.00,-99.000, -99.00,-99.000, -99.00,
9/18/2006 06:45:00,  8.8,276.1,  3.5,  2.6, 18.849, 29.57,  0.0,  0.0,  0.230, 306.52,  0.187, 295.61,  0.271, 307.04,  0.219, 305.36,  0.162, 292.46,  0.187, 304.97,  0.180, 306.87,  0.211, 310.96,  0.168, 322.24,  0.182, 309.64,  0.108, 324.40,  0.122, 315.00,  0.126, 290.02,  0.137, 296.94,  0.197, 318.29,  0.016, 232.43,-99.000, -99.00,-99.000, -99.00,-99.000, -99.00,-99.000, -99.00,
9/18/2006 06:50:00,  8.8,276.2,  3.5,  2.6, 18.856, 29.57,  0.0,  0.0,  0.249, 307.83,  0.148, 296.39,  0.262, 301.56,  0.147, 275.48,  0.167, 277.94,  0.173, 285.81,  0.202, 292.38,  0.199, 290.62,  0.231, 276.72,  0.222, 275.94,  0.133, 274.73,  0.209, 295.83,  0.208, 311.50,  0.165, 306.38,  0.084, 310.67,  0.042, 305.22,-99.000, -99.00,-99.000, -99.00,-99.000, -99.00,-99.000, -99.00,
9/18/2006 06:55:00,  8.8,276.1,  3.5,  2.6, 18.839, 29.57,  0.0,  0.0,  0.139, 294.72,  0.188, 302.17,  0.145, 275.55,  0.125, 267.71,  0.143, 303.58,  0.199, 312.35,  0.134, 315.91,  0.106, 300.69,  0.125, 298.21,  0.171, 285.26,  0.182, 295.72,  0.218, 303.03,  0.222, 309.71,  0.132, 331.88,  0.178, 344.32,  0.065, 235.08,-99.000, -99.00,-99.000, -99.00,-99.000, -99.00,-99.000, -99.00,
9/18/2006 07:00:00,  8.8,276.2,  3.5,  2.6, 18.859, 29.57,  0.0,  0.0,  0.249, 293.38,  0.128, 312.79,  0.218, 281.36,  0.210, 272.18,  0.173, 289.27,  0.168, 259.70,  0.140, 281.15,  0.225, 260.79,  0.282, 275.49,  0.180, 286.12,  0.208, 308.96,  0.127, 292.14,  0.161, 298.95,  0.192, 308.24,  0.205, 313.42,  0.067, 218.93,-99.000, -99.00,-99.000, -99.00,-99.000, -99.00,-99.000, -99.00,
9/18/2006 07:05:00,  8.8,276.1,  3.5,  2.6, 18.846, 29.56,  0.0,  0.0,  0.161, 282.22,  0.197, 309.43,  0.117, 310.50,  0.209, 313.07,  0.174, 305.42,  0.254, 311.33,  0.214, 290.21,  0.196, 284.74,  0.172, 290.01,  0.205, 282.41,  0.190, 307.72,  0.120, 289.04,  0.179, 310.91,  0.118, 294.61,  0.166, 309.14,  0.086, 269.33,-99.000, -99.00,-99.000, -99.00,-99.000, -99.00,-99.000, -99.00,
9/18/2006 07:10:00,  8.8,276.1,  3.5,  2.6, 18.838, 29.56,  0.0,  0.0,  0.093, 286.28,  0.247, 295.11,  0.207, 300.16,  0.167, 297.49,  0.216, 300.96,  0.167, 276.53,  0.216, 253.84,  0.174, 306.61,  0.213, 295.60,  0.287, 301.31,  0.239, 290.56,  0.280, 290.51,  0.225, 292.70,  0.197, 298.77,  0.202, 313.40,  0.030, 172.41,-99.000, -99.00,-99.000, -99.00,-99.000, -99.00,-99.000, -99.00,
9/18/2006 07:15:00,  8.8,276.1,  3.5,  2.6, 18.833, 29.55,  0.0,  0.0,  0.216, 316.31,  0.137, 320.03,  0.185, 306.44,  0.188, 318.01,  0.149, 289.65,  0.232, 296.68,  0.132, 262.18,  0.070, 313.26,  0.134, 287.76,  0.164, 291.09,  0.128, 271.79,  0.167, 278.62,  0.121, 256.08,  0.096, 304.35,  0.139, 302.66,  0.048, 200.70,-99.000, -99.00,-99.000, -99.00,-99.000, -99.00,-99.000, -99.00,
9/18/2006 07:20:00,  8.8,276.1,  3.5,  2.6, 18.828, 29.55,  0.0,  0.0,  0.154, 280.51,  0.158, 313.98,  0.254, 325.25,  0.164, 287.33,  0.183, 321.88,  0.146, 324.46,  0.114, 320.71,  0.116, 313.60,  0.146, 324.78,  0.099, 345.96,  0.225, 337.30,  0.153, 318.71,  0.169, 322.93,  0.198, 293.84,  0.243, 299.10,  0.131, 229.64,-99.000, -99.00,-99.000, -99.00,-99.000, -99.00,-99.000, -99.00,
9/18/2006 07:25:00,  8.8,276.1,  3.5,  2.6, 18.824, 29.55,  0.0,  0.0,  0.169, 317.64,  0.151, 324.95,  0.234, 343.11,  0.161, 307.94,  0.200, 315.20,  0.136, 340.23,  0.225, 297.47,  0.231, 291.34,  0.185, 304.21,  0.164, 287.33,  0.170, 289.93,  0.158, 290.05,  0.191, 297.51,  0.255, 286.16,  0.173, 294.20,  0.110, 239.93,-99.000, -99.00,-99.000, -99.00,-99.000, -99.00,-99.000, -99.00,
9/18/2006 07:30:00,  8.8,276.1,  3.5,  2.6, 18.822, 29.55,  0.0,  0.0,  0.255, 326.99,  0.239, 341.19,  0.165, 305.13,  0.153, 290.69,  0.212, 310.01,  0.136, 319.76,  0.094, 284.77,  0.205, 286.14,  0.164, 287.77,  0.199, 288.80,  0.153, 281.31,  0.140, 279.87,  0.137, 281.80,  0.199, 276.91,  0.142, 269.60,  0.066, 221.92,-99.000, -99.00,-99.000, -99.00,-99.000, -99.00,-99.000, -99.00,
9/18/2006 07:35:00,  8.8,276.1,  3.5,  2.6, 18.826, 29.55,  0.0,  0.0,  0.258, 303.14,  0.072, 309.91,  0.104,   2.20,  0.201, 334.97,  0.186, 340.49,  0.157, 327.22,  0.206, 326.08,  0.121, 329.61,  0.101, 294.54,  0.091, 308.76,  0.149, 314.19,  0.139, 312.38,  0.114, 300.62,  0.135, 288.17,  0.117, 276.88,  0.082, 262.27,-99.000, -99.00,-99.000, -99.00,-99.000, -99.00,-99.000, -99.00,
9/18/2006 07:40:00,  8.8,276.0,  3.5,  2.6, 18.820, 29.54,  0.0,  0.0,  0.162, 329.64,  0.160, 305.87,  0.107, 304.73,  0.107, 315.38,  0.127, 318.18,  0.082, 291.54,  0.179, 305.20,  0.243, 302.38,  0.142, 282.57,  0.181, 272.85,  0.177, 313.17,  0.130, 276.19,  0.128, 286.74,  0.128, 297.97,  0.162, 292.46,  0.082, 238.44,-99.000, -99.00,-99.000, -99.00,-99.000, -99.00,-99.000, -99.00,
9/18/2006 07:45:00,  8.8,276.0,  3.5,  2.6, 18.822, 29.55,  0.0,  0.0,  0.131, 321.82,  0.066, 310.70,  0.092, 324.75,  0.155, 288.43,  0.184, 295.73,  0.122, 298.46,  0.149, 320.98,  0.202, 322.45,  0.196, 321.20,  0.214, 313.86,  0.170, 313.81,  0.116, 314.30,  0.116, 329.46,  0.152, 309.66,  0.101, 295.29,  0.103, 252.45,-99.000, -99.00,-99.000, -99.00,-99.000, -99.00,-99.000, -99.00,
9/18/2006 07:50:00,  8.8,276.1,  3.5,  2.6, 18.823, 29.54,  0.0,  0.0,  0.062, 324.78,  0.196, 295.39,  0.234, 320.19,  0.196, 305.23,  0.173, 312.18,  0.126, 323.04,  0.128, 331.03,  0.101, 341.57,  0.154, 312.90,  0.123, 322.94,  0.216, 343.33,  0.154, 303.59,  0.241, 304.68,  0.162, 283.95,  0.126, 299.41,  0.037, 178.45,-99.000, -99.00,-99.000, -99.00,-99.000, -99.00,-99.000, -99.00,
9/18/2006 07:55:00,  8.8,276.0,  3.5,  2.6, 18.827, 29.54,  0.0,  0.0,  0.105, 287.22,  0.218, 307.55,  0.076, 293.20,  0.161, 300.23,  0.079, 335.38,  0.120, 308.21,  0.125, 318.56,  0.106,   1.08,  0.147, 349.38,  0.129, 328.28,  0.193, 338.47,  0.164, 341.12,  0.139, 277.02,  0.176, 269.35,  0.178, 292.82,  0.083, 223.06,-99.000, -99.00,-99.000, -99.00,-99.000, -99.00,-99.000, -99.00,
9/18/2006 08:00:00,  8.8,276.1,  3.5,  2.6, 18.823, 29.54,  0.0,  0.0,  0.284, 310.14,  0.067, 342.65,  0.097, 298.94,  0.164, 301.56,  0.235, 287.35,  0.213, 310.43,  0.203, 312.41,  0.108, 295.14,  0.214, 321.84,  0.209, 335.40,  0.181, 312.76,  0.137, 303.11,  0.165, 299.36,  0.140, 292.71,  0.152, 300.45,  0.078, 232.84,-99.000, -99.00,-99.000, -99.00,-99.000, -99.00,-99.000, -99.00,
9/18/2006 08:05:00,  8.8,276.1,  3.5,  2.7, 18.818, 29.54,  0.0,  0.0,  0.087, 323.92,  0.038, 265.49,  0.171, 287.69,  0.300, 279.21,  0.204, 296.82,  0.217, 301.64,  0.128, 302.57,  0.130, 291.23,  0.164, 308.06,  0.077, 269.26,  0.084, 308.23,  0.154, 321.05,  0.151, 290.96,  0.226, 286.19,  0.168, 303.31,  0.038, 195.12,-99.000, -99.00,-99.000, -99.00,-99.000, -99.00,-99.000, -99.00,
9/18/2006 08:10:00,  8.8,276.3,  3.5,  2.6, 18.815, 29.54,  0.0,  0.0,  0.178, 302.35,  0.149, 294.51,  0.155, 324.98,  0.151, 283.02,  0.072, 305.91,  0.088, 283.88,  0.112, 330.00,  0.030, 268.09,  0.137, 326.31,  0.091, 303.34,  0.106, 326.16,  0.148, 314.18,  0.123, 275.62,  0.140, 288.69,  0.094, 299.29,  0.076, 209.28,-99.000, -99.00,-99.000, -99.00,-99.000, -99.00,-99.000, -99.00,
9/18/2006 08:15:00,  8.8,276.2,  3.5,  2.6, 18.807, 29.54,  0.0,  0.0,  0.093, 264.47,  0.139, 300.61,  0.168, 331.61,  0.101, 327.09,  0.162, 308.49,  0.159, 321.90,  0.139, 329.74,  0.188, 325.38,  0.062, 335.10,  0.137, 313.23,  0.063, 282.93,  0.054, 272.12,  0.117, 268.04,  0.154, 280.51,  0.120, 284.04,  0.132, 201.72,-99.000, -99.00,-99.000, -99.00,-99.000, -99.00,-99.000, -99.00,
9/18/2006 08:20:00,  8.8,276.1,  3.5,  2.6, 18.797, 29.53,  0.0,  0.0,  0.069, 292.87,  0.215, 278.54,  0.155, 308.20,  0.109, 283.27,  0.220, 304.27,  0.098, 329.24,  0.196, 331.74,  0.074, 339.35,  0.213, 310.43,  0.141, 324.51,  0.084, 311.12,  0.103, 313.43,  0.137, 269.16,  0.157, 286.25,  0.073, 282.70,  0.064, 233.84,-99.000, -99.00,-99.000, -99.00,-99.000, -99.00,-99.000, -99.00,
9/18/2006 08:25:00,  8.8,276.1,  3.5,  2.6, 18.798, 29.53,  0.0,  0.0,  0.114, 278.56,  0.115, 257.42,  0.209, 281.04,  0.150, 281.91,  0.110, 294.70,  0.055, 323.13,  0.082, 299.05,  0.152, 281.75,  0.108, 273.18,  0.091, 295.44,  0.060, 289.33,  0.167, 296.26,  0.126, 291.46,  0.149, 280.86,  0.086, 280.78,  0.089, 192.95,-99.000, -99.00,-99.000, -99.00,-99.000, -99.00,-99.000, -99.00,
9/18/2006 08:30:00,  8.8,276.2,  3.5,  2.6, 18.798, 29.53,  0.0,  0.0,  0.075, 296.91,  0.135, 278.97,  0.069, 323.30,  0.156, 270.00,  0.082, 308.55,  0.155, 332.77,  0.083, 313.06,  0.130, 316.25,  0.122, 312.34,  0.112, 278.20,  0.207, 269.72,  0.168, 278.90,  0.159, 294.47,  0.124, 255.96,  0.150, 287.83,  0.168, 214.07,-99.000, -99.00,-99.000, -99.00,-99.000, -99.00,-99.000, -99.00,
9/18/2006 08:35:00,  8.8,276.1,  3.5,  2.6, 18.785, 29.53,  0.0,  0.0,  0.095, 271.81,  0.111, 272.06,  0.151, 275.33,  0.119, 268.56,  0.125, 279.24,  0.105, 287.22,  0.067, 290.85,  0.034, 358.32,  0.091, 318.11,  0.155, 293.93,  0.124, 282.58,  0.129, 281.66,  0.135, 270.42,  0.156, 273.67,  0.132, 266.96,  0.138, 250.51,-99.000, -99.00,-99.000, -99.00,-99.000, -99.00,-99.000, -99.00,
9/18/2006 08:40:00,  8.8,276.1,  3.5,  2.6, 18.783, 29.53,  0.0,  0.0,  0.175, 291.74,  0.210, 302.18,  0.101, 312.20,  0.102, 283.63,  0.092, 320.75,  0.116, 319.56,  0.111, 335.05,  0.092, 356.89,  0.058, 300.96,  0.176, 306.67,  0.110, 298.90,  0.158, 275.10,  0.161, 290.68,  0.136, 295.81,  0.112, 291.52,  0.123, 228.64,-99.000, -99.00,-99.000, -99.00,-99.000, -99.00,-99.000, -99.00,
9/18/2006 08:45:00,  8.8,276.0,  3.5,  2.6, 18.774, 29.53,  0.0,  0.0,  0.112, 302.55,  0.085, 295.96,  0.060, 258.50,  0.092, 248.20,  0.113, 304.95,  0.042, 303.31,  0.082, 328.44,  0.101, 270.00,  0.162, 318.25,  0.156, 312.40,  0.068, 284.44,  0.123, 301.36,  0.074, 295.53,  0.041, 248.46,  0.112, 279.80,  0.167, 240.98,-99.000, -99.00,-99.000, -99.00,-99.000, -99.00,-99.000, -99.00,
9/18/2006 08:50:00,  8.8,276.2,  3.5,  2.6, 18.775, 29.53,  0.0,  0.0,  0.090, 255.81,  0.140, 290.12,  0.119, 291.62,  0.164, 272.44,  0.121, 284.38,  0.082, 261.57,  0.134, 287.76,  0.090, 337.72,  0.036, 252.07,  0.044, 301.87,  0.096, 208.71,  0.037, 240.64,  0.047, 131.53,  0.015, 203.20,  0.026, 240.52,  0.125, 191.04,-99.000, -99.00,-99.000, -99.00,-99.000, -99.00,-99.000, -99.00,
9/18/2006 08:55:00,  8.8,276.1,  3.5,  2.6, 18.778, 29.53,  0.0,  0.0,  0.155, 279.28,  0.111, 246.19,  0.123, 277.93,  0.104, 282.83,  0.062,  12.03,  0.191, 310.11,  0.070, 320.19,  0.061, 248.03,  0.091, 285.26,  0.074, 287.22,  0.085, 230.28,  0.067, 247.25,  0.061, 283.35,  0.068, 292.43,  0.065, 294.59,  0.145, 201.43,-99.000, -99.00,-99.000, -99.00,-99.000, -99.00,-99.000, -99.00,
9/18/2006 09:00:00,  8.8,276.0,  3.5,  2.6, 18.779, 29.53,  0.0,  0.0,  0.136, 283.63,  0.073, 270.00,  0.191, 271.80,  0.050, 244.98,  0.062, 338.37,  0.135, 259.35,  0.153, 274.11,  0.081, 276.34,  0.105, 282.71,  0.108, 295.85,  0.115, 254.40,  0.140, 277.78,  0.039, 205.91,  0.065, 269.12,  0.069, 280.01,  0.189, 216.63,-99.000, -99.00,-99.000, -99.00,-99.000, -99.00,-99.000, -99.00,
9/18/2006 09:05:00,  8.8,276.1,  3.5,  2.6, 18.766, 29.53,  0.0,  0.0,  0.120, 228.37,  0.112, 226.45,  0.114, 250.45,  0.135, 289.51,  0.161, 260.36,  0.175, 256.12,  0.196, 277.02,  0.093, 272.46,  0.075, 286.99,  0.114, 284.77,  0.122, 302.25,  0.052, 320.48,  0.000,   0.00,  0.123, 305.11,  0.067, 287.35,  0.100, 201.16,-99.000, -99.00,-99.000, -99.00,-99.000, -99.00,-99.000, -99.00,
9/18/2006 09:10:00,  8.8,276.1,  3.5,  2.6, 18.771, 29.53,  0.0,  0.0,  0.021, 202.83,  0.049, 303.37,  0.147, 225.55,  0.205, 261.00,  0.034, 185.04,  0.099, 285.15,  0.148, 276.60,  0.083, 250.91,  0.049, 315.00,  0.079, 265.66,  0.019, 285.52,  0.079, 284.74,  0.079, 226.02,  0.089, 266.14,  0.087, 327.23,  0.139, 211.74,-99.000, -99.00,-99.000, -99.00,-99.000, -99.00,-99.000, -99.00,
9/18/2006 09:15:00,  8.8,276.0,  3.5,  2.6, 18.769, 29.53,  0.0,  0.0,  0.107, 307.41,  0.089, 256.28,  0.103, 262.18,  0.168, 233.47,  0.107, 273.21,  0.147, 262.20,  0.131, 251.70,  0.178, 241.13,  0.150, 244.80,  0.114, 289.55,  0.079, 261.25,  0.084, 285.20,  0.040, 290.22,  0.023, 241.19,  0.055, 335.30,  0.129, 183.11,-99.000, -99.00,-99.000, -99.00,-99.000, -99.00,-99.000, -99.00,
9/18/2006 09:20:00,  8.8,276.0,  3.5,  2.6, 18.758, 29.53,  0.0,  0.0,  0.112, 308.82,  0.165, 262.70,  0.127, 243.43,  0.166, 260.99,  0.120, 277.66,  0.113, 256.70,  0.136, 253.82,  0.082, 271.40,  0.109, 249.57,  0.112, 277.19,  0.056, 318.62,  0.032, 273.58,  0.076, 270.75,  0.023, 244.54,  0.026, 330.52,  0.215, 204.18,-99.000, -99.00,-99.000, -99.00,-99.000, -99.00,-99.000, -99.00,
9/18/2006 09:25:00,  8.8,276.1,  3.5,  2.6, 18.755, 29.53,  0.0,  0.0,  0.073, 259.77,  0.094, 350.24,  0.144, 248.05,  0.173, 251.15,  0.130, 253.93,  0.151, 244.45,  0.079, 275.06,  0.057, 282.09,  0.114, 253.64,  0.098, 274.67,  0.111, 290.56,  0.062, 289.90,  0.107, 211.61,  0.069, 265.86,  0.067,   5.12,  0.126, 200.02,-99.000, -99.00,-99.000, -99.00,-99.000, -99.00,-99.000, -99.00,
9/18/2006 09:30:00,  8.8,276.1,  3.5,  2.6, 18.749, 29.53,  0.0,  0.0,  0.035, 284.83,  0.065, 210.51,  0.084, 220.67,  0.105, 245.87,  0.097, 271.18,  0.143, 200.46,  0.041, 282.68,  0.066, 252.39,  0.060, 258.50,  0.022, 267.40,  0.019, 147.99,  0.075, 343.74,  0.063, 358.18,  0.042, 301.43,  0.064, 298.18,  0.168, 219.19,-99.000, -99.00,-99.000, -99.00,-99.000, -99.00,-99.000, -99.00,
9/18/2006 09:35:00,  8.8,276.1,  3.5,  2.6, 18.747, 29.53,  0.0,  0.0,  0.057, 132.88,  0.066, 282.15,  0.112, 312.10,  0.085, 259.88,  0.053, 199.80,  0.032, 192.72,  0.079, 259.11,  0.123, 265.35,  0.140, 229.04,  0.066, 208.89,  0.072, 257.12,  0.077, 287.27,  0.050, 293.50,  0.039, 250.64,  0.017, 205.02,  0.114, 211.74,-99.000, -99.00,-99.000, -99.00,-99.000, -99.00,-99.000, -99.00,
9/18/2006 09:40:00,  8.8,276.1,  3.5,  2.6, 18.739, 29.53,  0.0,  0.0,  0.031, 219.81,  0.145, 245.92,  0.130, 247.79,  0.067, 232.28,  0.092, 216.12,  0.102, 298.57,  0.045, 276.34,  0.049,  55.01,  0.008,   0.00,  0.073, 259.00,  0.057, 200.67,  0.050, 228.27,  0.064, 212.95,  0.038, 271.51,  0.029,  90.00,  0.172, 183.99,-99.000, -99.00,-99.000, -99.00,-99.000, -99.00,-99.000, -99.00,
9/18/2006 09:45:00,  8.8,276.1,  3.5,  2.6, 18.734, 29.54,  0.0,  0.0,  0.042, 305.22,  0.072, 240.95,  0.116, 210.54,  0.056, 178.98,  0.123, 215.75,  0.131, 252.67,  0.066, 225.00,  0.097, 190.73,  0.070, 243.80,  0.051, 266.63,  0.092, 283.88,  0.040, 265.71,  0.041, 149.04,  0.047, 171.35,  0.049, 135.83,  0.100, 174.23,-99.000, -99.00,-99.000, -99.00,-99.000, -99.00,-99.000, -99.00,
9/18/2006 09:50:00,  8.8,276.2,  3.5,  2.6, 18.737, 29.54,  0.0,  0.0,  0.128, 302.57,  0.088, 222.71,  0.057, 260.87,  0.042, 270.00,  0.103, 256.50,  0.036, 189.73,  0.072, 288.69,  0.107, 272.14,  0.077, 250.14,  0.089, 125.84,  0.034, 227.39,  0.097, 265.29,  0.039, 258.11,  0.067, 197.35,  0.035, 261.87,  0.131, 272.19,-99.000, -99.00,-99.000, -99.00,-99.000, -99.00,-99.000, -99.00,
9/18/2006 09:55:00,  8.8,276.2,  3.5,  2.6, 18.739, 29.54,  0.0,  0.0,  0.031, 322.77,  0.027, 291.80,  0.065, 248.20,  0.073, 271.57,  0.039, 240.80,  0.044, 249.90,  0.072, 236.98,  0.088, 247.23,  0.136, 259.85,  0.101, 292.01,  0.070, 218.02,  0.098, 229.14,  0.043, 180.00,  0.050, 122.74,  0.011, 127.87,  0.066, 316.85,-99.000, -99.00,-99.000, -99.00,-99.000, -99.00,-99.000, -99.00,
9/18/2006 10:00:00,  8.8,276.3,  3.5,  2.6, 18.734, 29.55,  0.0,  0.0,  0.079, 225.00,  0.119, 251.41,  0.075, 275.33,  0.127, 237.56,  0.145, 226.40,  0.144, 217.11,  0.084, 261.10,  0.123, 289.47,  0.082, 233.41,  0.027, 208.44,  0.024, 213.02,  0.055, 183.12,  0.054, 208.95,  0.010, 240.95,  0.023, 102.80,  0.160, 186.81,-99.000, -99.00,-99.000, -99.00,-99.000, -99.00,-99.000, -99.00,
9/18/2006 10:05:00,  8.8,276.2,  3.5,  2.6, 18.737, 29.55,  0.0,  0.0,  0.085, 244.94,  0.014, 309.29,  0.023, 325.62,  0.102, 228.97,  0.147, 268.44,  0.090, 223.65,  0.038, 248.20,  0.055, 207.03,  0.026, 169.11,  0.015, 266.19,  0.115, 211.48,  0.072, 223.88,  0.013,   8.75,  0.091, 154.56,  0.069, 107.65,  0.127, 148.19,-99.000, -99.00,-99.000, -99.00,-99.000, -99.00,-99.000, -99.00,
9/18/2006 10:10:00,  8.8,276.1,  3.5,  2.6, 18.729, 29.55,  0.0,  0.0,  0.101, 268.30,  0.100, 155.22,  0.121, 191.40,  0.114, 243.43,  0.089, 194.97,  0.045, 293.70,  0.034, 283.63,  0.059, 246.04,  0.053, 245.38,  0.112, 223.55,  0.041, 250.25,  0.061, 281.31,  0.079, 157.66,  0.053, 156.80,  0.011,  52.13,  0.096, 210.04,-99.000, -99.00,-99.000, -99.00,-99.000, -99.00,-99.000, -99.00,
9/18/2006 10:15:00,  8.8,276.3,  3.5,  2.6, 18.726, 29.55,  0.0,  0.0,  0.044, 270.00,  0.075, 214.74,  0.087, 225.47,  0.108, 239.86,  0.048, 247.75,  0.088, 281.82,  0.062, 313.03,  0.031,  88.15,  0.053,  68.81,  0.073,  84.52,  0.119, 132.95,  0.038,  82.50,  0.069, 197.65,  0.059, 297.00,  0.025, 154.44,  0.095, 193.45,-99.000, -99.00,-99.000, -99.00,-99.000, -99.00,-99.000, -99.00,
9/18/2006 10:20:00,  8.8,276.3,  3.6,  2.6, 18.722, 29.55,  0.0,  0.0,  0.037, 178.45,  0.089, 357.43,  0.086, 202.67,  0.116, 259.08,  0.139, 163.26,  0.031, 249.23,  0.057, 144.34,  0.019, 317.12,  0.024,  90.00,  0.056, 119.74,  0.066, 169.54,  0.031, 209.05,  0.098, 197.15,  0.090, 202.28,  0.045, 230.36,  0.106, 205.60,-99.000, -99.00,-99.000, -99.00,-99.000, -99.00,-99.000, -99.00,
9/18/2006 10:25:00,  8.8,276.3,  3.5,  2.6, 18.712, 29.55,  0.0,  0.0,  0.048, 149.66,  0.020,  57.09,  0.100, 204.78,  0.041, 261.67,  0.070, 198.43,  0.059, 233.90,  0.045, 275.08,  0.066, 198.43,  0.017, 159.44,  0.060, 335.16,  0.032,  86.42,  0.031, 258.69,  0.110, 186.80,  0.103, 199.32,  0.114, 199.55,  0.121, 186.65,-99.000, -99.00,-99.000, -99.00,-99.000, -99.00,-99.000, -99.00,
9/18/2006 10:30:00,  8.7,276.2,  3.5,  2.6, 18.719, 29.55,  0.0,  0.0,  0.103, 169.35,  0.052, 224.22,  0.078, 178.53,  0.059, 267.09,  0.074, 208.30,  0.195, 203.55,  0.059, 250.35,  0.129, 146.06,  0.041,  98.33,  0.102, 105.95,  0.072, 144.09,  0.030, 195.42,  0.031, 163.30,  0.018, 253.61,  0.032, 180.00,  0.157, 227.06,-99.000, -99.00,-99.000, -99.00,-99.000, -99.00,-99.000, -99.00,
9/18/2006 10:35:00,  8.7,276.2,  3.5,  2.6, 18.722, 29.56,  0.0,  0.0,  0.025, 296.57,  0.198, 186.37,  0.057, 193.30,  0.082, 172.96,  0.097, 281.31,  0.051, 218.66,  0.042, 233.67,  0.077, 320.76,  0.051, 254.05,  0.066, 256.81,  0.091, 202.62,  0.071, 200.75,  0.091, 186.34,  0.080, 174.29,  0.065, 177.36,  0.246, 219.39,-99.000, -99.00,-99.000, -99.00,-99.000, -99.00,-99.000, -99.00,
9/18/2006 10:40:00,  8.7,276.1,  3.5,  2.6, 18.714, 29.56,  0.0,  0.0,  0.078, 149.16,  0.046, 148.39,  0.033, 142.43,  0.055, 281.51,  0.096, 191.43,  0.077, 217.61,  0.055, 136.47,  0.017, 353.29,  0.127, 116.16,  0.049, 199.18,  0.109, 176.85,  0.011, 344.74,  0.038, 176.99,  0.111, 195.66,  0.055, 192.53,  0.175, 214.78,-99.000, -99.00,-99.000, -99.00,-99.000, -99.00,-99.000, -99.00,
9/18/2006 10:45:00,  8.7,276.1,  3.5,  2.6, 18.704, 29.56,  0.0,  0.0,  0.074, 111.37,  0.025, 165.96,  0.092, 207.96,  0.067, 180.00,  0.046,  26.00,  0.123, 221.36,  0.054, 206.57,  0.051, 232.91,  0.068, 199.77,  0.073, 124.99,  0.064,  86.42,  0.035,  55.41,  0.032, 143.84,  0.050, 254.85,  0.065, 287.04,  0.155, 217.39,-99.000, -99.00,-99.000, -99.00,-99.000, -99.00,-99.000, -99.00,
9/18/2006 10:50:00,  8.7,276.2,  3.5,  2.6, 18.701, 29.56,  0.0,  0.0,  0.144, 172.04,  0.060, 182.86,  0.047, 180.00,  0.081, 206.25,  0.081, 105.75,  0.094, 238.51,  0.061, 185.62,  0.068, 187.65,  0.018, 167.47,  0.068, 197.90,  0.067, 265.73,  0.035, 258.37,  0.077, 153.77,  0.082, 185.57,  0.011,  15.26,  0.126, 197.57,-99.000, -99.00,-99.000, -99.00,-99.000, -99.00,-99.000, -99.00,
9/18/2006 10:55:00,  8.7,276.1,  3.5,  2.6, 18.698, 29.55,  0.0,  0.0,  0.095,  93.61,  0.112, 136.80,  0.024, 146.98,  0.057, 193.07,  0.059, 173.23,  0.067, 180.00,  0.087, 180.00,  0.164, 189.81,  0.059, 181.94,  0.101, 183.96,  0.043, 129.29,  0.068, 107.10,  0.061, 146.31,  0.058, 195.00,  0.065, 216.87,  0.180, 238.16,-99.000, -99.00,-99.000, -99.00,-99.000, -99.00,-99.000, -99.00,
9/18/2006 11:00:00,  8.7,276.1,  3.5,  2.6, 18.702, 29.52,  0.0,  0.0,  0.172, 171.63,  0.143, 138.40,  0.140, 132.69,  0.103, 184.44,  0.105, 158.10,  0.131, 114.81,  0.121, 119.74,  0.119, 151.93,  0.075, 213.06,  0.088, 185.84,  0.033, 263.09,  0.015, 143.13,  0.048, 189.66,  0.051, 194.86,  0.119, 168.41,  0.155, 220.04,-99.000, -99.00,-99.000, -99.00,-99.000, -99.00,-99.000, -99.00,
9/18/2006 11:05:00,  8.7,276.3,  3.5,  2.6, 18.695, 29.50,  0.0,  0.0,  0.169, 139.80,  0.146, 104.70,  0.138, 124.38,  0.080,  58.30,  0.066,  95.19,  0.091, 129.64,  0.067,  99.46,  0.041, 117.82,  0.028, 139.40,  0.057, 272.01,  0.091, 178.74,  0.101, 204.02,  0.055, 272.08,  0.054, 175.76,  0.047, 104.93,  0.106, 197.06,-99.000, -99.00,-99.000, -99.00,-99.000, -99.00,-99.000, -99.00,
9/18/2006 11:10:00,  8.7,276.3,  3.5,  2.6, 18.701, 29.49,  0.0,  0.0,  0.113,  96.12,  0.097, 113.12,  0.130, 139.69,  0.089, 104.97,  0.027,  87.88,  0.081, 151.22,  0.109, 142.08,  0.128, 128.66,  0.054, 114.18,  0.106, 141.51,  0.040, 136.01,  0.096, 215.68,  0.080, 229.55,  0.030, 203.96,  0.057, 237.99,  0.192, 226.90,-99.000, -99.00,-99.000, -99.00,-99.000, -99.00,-99.000, -99.00,
9/18/2006 11:15:00,  8.7,276.2,  3.5,  2.6, 18.692, 29.48,  0.0,  0.0,  0.192, 133.94,  0.060,  38.96,  0.105,  90.00,  0.161, 117.04,  0.198, 139.09,  0.160, 149.59,  0.043, 167.91,  0.016,  45.00,  0.044, 122.97,  0.062, 142.21,  0.070, 150.15,  0.076, 170.17,  0.068, 233.97,  0.093, 215.39,  0.082, 303.11,  0.260, 214.18,-99.000, -99.00,-99.000, -99.00,-99.000, -99.00,-99.000, -99.00,
9/18/2006 11:20:00,  8.7,276.1,  3.5,  2.6, 18.698, 29.47,  0.0,  0.0,  0.205, 132.03,  0.176, 147.75,  0.146, 128.05,  0.116, 156.09,  0.068,  89.16,  0.067, 116.57,  0.063,  78.16,  0.149, 129.26,  0.086, 149.26,  0.098, 137.06,  0.035, 103.24,  0.054, 114.18,  0.085, 141.65,  0.075, 245.49,  0.065, 231.20,  0.153, 213.79,-99.000, -99.00,-99.000, -99.00,-99.000, -99.00,-99.000, -99.00,
9/18/2006 11:25:00,  8.7,276.0,  3.5,  2.6, 18.688, 29.47,  0.0,  0.0,  0.134, 155.34,  0.118,  89.51,  0.017, 169.99,  0.144, 176.82,  0.092, 141.15,  0.081,  90.00,  0.136, 104.44,  0.064, 143.31,  0.068, 166.37,  0.105, 111.70,  0.131, 108.30,  0.057, 164.74,  0.066, 201.48,  0.125, 192.93,  0.082, 202.19,  0.170, 230.97,-99.000, -99.00,-99.000, -99.00,-99.000, -99.00,-99.000, -99.00,
9/18/2006 11:30:00,  8.7,276.2,  3.5,  2.6, 18.690, 29.47,  0.0,  0.0,  0.122, 141.63,  0.129, 129.35,  0.091,  94.40,  0.087, 174.75,  0.025,  58.24,  0.113, 109.08,  0.081,  81.47,  0.098,  87.08,  0.068, 103.63,  0.026,  83.42,  0.083,  86.55,  0.040, 156.61,  0.050, 169.59,  0.022, 280.30,  0.032,  14.47,  0.151, 214.74,-99.000, -99.00,-99.000, -99.00,-99.000, -99.00,-99.000, -99.00,
9/18/2006 11:35:00,  8.7,276.2,  3.5,  2.6, 18.693, 29.46,  0.0,  0.0,  0.122, 141.63,  0.106, 130.78,  0.096,  96.60,  0.135, 127.46,  0.121, 111.89,  0.104,  57.99,  0.127, 126.69,  0.080, 147.69,  0.086, 126.47,  0.037, 137.20,  0.132, 145.83,  0.102, 107.19,  0.009, 102.53,  0.063, 196.70,  0.040, 252.47,  0.198, 208.63,-99.000, -99.00,-99.000, -99.00,-99.000, -99.00,-99.000, -99.00,
9/18/2006 11:40:00,  8.7,276.4,  3.5,  2.6, 18.683, 29.46,  0.0,  0.0,  0.099, 180.00,  0.133,  94.73,  0.104,  94.95,  0.066,  72.39,  0.028, 142.31,  0.049,  83.02,  0.067, 182.56,  0.092, 163.54,  0.161, 148.98,  0.090, 142.24,  0.045, 134.09,  0.052, 225.78,  0.089, 219.06,  0.078, 234.89,  0.065, 206.57,  0.159, 210.59,-99.000, -99.00,-99.000, -99.00,-99.000, -99.00,-99.000, -99.00,
9/18/2006 11:45:00,  8.7,276.3,  3.6,  2.6, 18.697, 29.47,  0.0,  0.0,  0.065, 167.47,  0.109,  73.40,  0.033, 131.35,  0.155, 101.16,  0.136,  79.02,  0.111, 108.92,  0.063,  44.36,  0.046, 139.40,  0.063, 101.84,  0.080, 122.31,  0.021,  50.91,  0.050,  56.31,  0.060,  56.58,  0.069, 135.00,  0.049, 154.49,  0.105, 237.82,-99.000, -99.00,-99.000, -99.00,-99.000, -99.00,-99.000, -99.00,
9/18/2006 11:50:00,  8.7,276.3,  3.5,  2.6, 18.695, 29.48,  0.0,  0.0,  0.066,  94.33,  0.156,  92.20,  0.154, 105.03,  0.153,  92.62,  0.122,  90.47,  0.116,  86.55,  0.051,  63.43,  0.105,  83.42,  0.060,  65.16,  0.072, 132.17,  0.024, 141.71,  0.028, 270.00,  0.097, 140.88,  0.095, 142.28,  0.006,  90.00,  0.141, 245.79,-99.000, -99.00,-99.000, -99.00,-99.000, -99.00,-99.000, -99.00,
9/18/2006 11:55:00,  8.7,276.1,  3.5,  2.6, 18.687, 29.50,  0.0,  0.0,  0.122, 101.31,  0.072, 138.37,  0.065,  93.52,  0.185, 126.44,  0.093, 106.28,  0.100, 112.97,  0.041, 140.91,  0.081,  61.84,  0.081, 113.39,  0.086, 125.54,  0.204, 147.01,  0.112, 147.02,  0.081, 155.03,  0.070, 158.96,  0.100, 144.73,  0.198, 196.42,-99.000, -99.00,-99.000, -99.00,-99.000, -99.00,-99.000, -99.00,
9/18/2006 12:00:00,  8.7,276.3,  3.5,  2.6, 18.705, 29.50,  0.0,  0.0,  0.215, 131.04,  0.094, 127.23,  0.161, 100.40,  0.080,  95.00,  0.161, 128.44,  0.091, 134.56,  0.152, 124.00,  0.125, 131.10,  0.097, 114.98,  0.181, 128.51,  0.092, 129.25,  0.076, 138.74,  0.044, 182.60,  0.060, 164.58,  0.061, 127.06,  0.160, 195.60,-99.000, -99.00,-99.000, -99.00,-99.000, -99.00,-99.000, -99.00,
9/18/2006 12:05:00,  8.7,276.3,  3.5,  2.6, 18.703, 29.52,  0.0,  0.0,  0.062, 160.10,  0.115, 104.64,  0.132, 102.67,  0.095, 109.01,  0.097, 174.05,  0.121,  88.11,  0.091, 156.80,  0.090, 159.74,  0.106, 156.59,  0.142, 161.57,  0.126, 181.36,  0.069, 179.17,  0.066, 164.05,  0.089, 183.22,  0.056, 166.46,  0.108, 188.50,-99.000, -99.00,-99.000, -99.00,-99.000, -99.00,-99.000, -99.00,
9/18/2006 12:10:00,  8.7,276.2,  3.5,  2.6, 18.699, 29.54,  0.0,  0.0,  0.065, 105.10,  0.226, 103.54,  0.197, 107.15,  0.185, 113.93,  0.140, 125.39,  0.076, 120.96,  0.096,  98.97,  0.056, 158.01,  0.115, 181.99,  0.046, 135.88,  0.052, 219.52,  0.071, 198.95,  0.049, 225.83,  0.033, 327.26,  0.046, 331.19,  0.050, 237.26,-99.000, -99.00,-99.000, -99.00,-99.000, -99.00,-99.000, -99.00,
9/18/2006 12:15:00,  8.7,276.1,  3.5,  2.6, 18.684, 29.55,  0.0,  0.0,  0.078, 141.23,  0.108, 115.85,  0.113, 146.87,  0.047,  17.28,  0.124, 152.20,  0.104, 104.44,  0.119, 141.12,  0.056, 172.87,  0.055,  97.25,  0.048, 159.30,  0.080, 149.28,  0.046,  83.80,  0.061,  83.45,  0.029,  95.91,  0.119, 155.16,  0.080, 200.47,-99.000, -99.00,-99.000, -99.00,-99.000, -99.00,-99.000, -99.00,
9/18/2006 12:20:00,  8.7,276.4,  3.5,  2.6, 18.689, 29.54,  0.0,  0.0,  0.046,  91.25,  0.105, 123.69,  0.096, 132.03,  0.031, 286.70,  0.059, 149.53,  0.046, 119.90,  0.090, 164.58,  0.045, 136.79,  0.042, 111.04,  0.062, 251.27,  0.070, 176.73,  0.041, 219.09,  0.082, 273.49,  0.037, 222.80,  0.045, 347.20,  0.122, 234.35,-99.000, -99.00,-99.000, -99.00,-99.000, -99.00,-99.000, -99.00,
9/18/2006 12:25:00,  8.7,276.2,  3.5,  2.6, 18.698, 29.52,  0.0,  0.0,  0.067, 142.28,  0.041,  59.04,  0.031,  42.40,  0.060, 262.28,  0.032,  88.21,  0.083, 105.38,  0.038, 297.90,  0.059, 215.31,  0.030,  60.02,  0.011, 270.00,  0.111, 280.40,  0.118, 191.21,  0.052, 263.42,  0.073, 204.12,  0.054, 248.20,  0.141, 232.48,-99.000, -99.00,-99.000, -99.00,-99.000, -99.00,-99.000, -99.00,
9/18/2006 12:30:00,  8.7,276.2,  3.5,  2.6, 18.688, 29.52,  0.0,  0.0,  0.037, 184.64,  0.050, 353.16,  0.073,  20.92,  0.084, 155.27,  0.006, 350.54,  0.038, 330.07,  0.057, 288.43,  0.030,  27.41,  0.038, 186.01,  0.077, 246.11,  0.051, 244.44,  0.050, 205.02,  0.083, 235.35,  0.098, 275.25,  0.070, 227.89,  0.112, 211.14,-99.000, -99.00,-99.000, -99.00,-99.000, -99.00,-99.000, -99.00,
9/18/2006 12:35:00,  8.7,276.3,  3.5,  2.6, 18.697, 29.52,  0.0,  0.0,  0.051, 205.56,  0.017,  54.46,  0.038, 317.12,  0.034, 107.35,  0.047, 170.13,  0.126, 184.99,  0.022, 180.00,  0.026, 130.36,  0.091, 166.72,  0.073, 231.10,  0.038, 277.50,  0.034, 196.86,  0.030, 216.87,  0.072, 244.50,  0.087, 246.37,  0.191, 207.10,-99.000, -99.00,-99.000, -99.00,-99.000, -99.00,-99.000, -99.00,
9/18/2006 12:40:00,  8.7,276.1,  3.5,  2.6, 18.693, 29.52,  0.0,  0.0,  0.129, 132.48,  0.055,   9.46,  0.026, 226.55,  0.069, 323.30,  0.034, 315.00,  0.055, 277.25,  0.074, 284.04,  0.045, 324.90,  0.032, 284.47,  0.009, 288.43,  0.097, 158.20,  0.054, 232.50,  0.082, 237.48,  0.050, 275.71,  0.019, 143.75,  0.205, 207.94,-99.000, -99.00,-99.000, -99.00,-99.000, -99.00,-99.000, -99.00,
9/18/2006 12:45:00,  8.7,276.2,  3.5,  2.6, 18.699, 29.53,  0.0,  0.0,  0.031, 320.19,  0.038, 270.00,  0.043, 353.37,  0.073, 335.88,  0.154, 318.15,  0.044, 155.77,  0.045, 289.65,  0.068, 238.17,  0.081, 320.01,  0.063, 264.56,  0.066, 221.92,  0.070, 230.19,  0.112, 240.45,  0.098, 285.46,  0.053, 285.35,  0.226, 234.90,-99.000, -99.00,-99.000, -99.00,-99.000, -99.00,-99.000, -99.00,
9/18/2006 12:50:00,  8.7,276.1,  3.5,  2.6, 18.700, 29.52,  0.0,  0.0,  0.122, 104.72,  0.067,  40.14,  0.097,   7.13,  0.080,  56.71,  0.017, 273.37,  0.091, 344.74,  0.016,  29.74,  0.075, 277.70,  0.056, 323.75,  0.063, 285.57,  0.071, 270.81,  0.061, 230.31,  0.031, 273.69,  0.021, 180.00,  0.014, 225.00,  0.160, 219.94,-99.000, -99.00,-99.000, -99.00,-99.000, -99.00,-99.000, -99.00,
9/18/2006 12:55:00,  8.7,276.2,  3.5,  2.6, 18.701, 29.52,  0.0,  0.0,  0.028, 147.99,  0.097, 354.70,  0.123,  44.34,  0.048, 211.37,  0.079, 270.00,  0.038, 285.12,  0.084, 358.64,  0.009, 122.01,  0.098, 209.96,  0.070, 270.82,  0.100, 222.97,  0.114, 258.89,  0.073, 209.36,  0.033, 266.53,  0.029, 347.91,  0.124, 220.75,-99.000, -99.00,-99.000, -99.00,-99.000, -99.00,-99.000, -99.00,
9/18/2006 13:00:00,  8.7,276.1,  3.5,  2.6, 18.705, 29.53,  0.0,  0.0,  0.060, 349.44,  0.044,  31.87,  0.079, 345.26,  0.084,  23.20,  0.036,  22.99,  0.059, 307.45,  0.108, 337.01,  0.046,   0.00,  0.045, 214.05,  0.021, 255.96,  0.044, 313.15,  0.025, 336.50,  0.068, 338.36,  0.041, 267.21,  0.059, 254.32,  0.134, 217.13,-99.000, -99.00,-99.000, -99.00,-99.000, -99.00,-99.000, -99.00,
9/18/2006 13:05:00,  8.7,276.3,  3.5,  2.6, 18.706, 29.53,  0.0,  0.0,  0.006, 315.00,  0.055,  77.47,  0.016, 187.13,  0.001, 270.00,  0.070, 315.58,  0.026, 274.40,  0.074, 247.62,  0.096, 292.02,  0.025, 281.77,  0.048, 292.25,  0.078, 243.43,  0.074, 284.78,  0.072, 256.35,  0.043, 280.78,  0.101, 334.20,  0.161, 206.88,-99.000, -99.00,-99.000, -99.00,-99.000, -99.00,-99.000, -99.00,
9/18/2006 13:10:00,  8.7,276.1,  3.5,  2.6, 18.715, 29.53,  0.0,  0.0,  0.148, 295.18,  0.035, 329.04,  0.088, 327.03,  0.138, 293.04,  0.067, 238.45,  0.094, 264.53,  0.089, 287.62,  0.064, 200.14,  0.083, 284.71,  0.064, 312.46,  0.085, 309.72,  0.065, 220.60,  0.104, 319.28,  0.053, 264.61,  0.110, 308.33,  0.232, 214.65,-99.000, -99.00,-99.000, -99.00,-99.000, -99.00,-99.000, -99.00,
9/18/2006 13:15:00,  8.7,276.1,  3.5,  2.6, 18.709, 29.53,  0.0,  0.0,  0.073, 159.08,  0.074,   3.09,  0.099, 351.87,  0.155, 291.94,  0.063,  58.57,  0.068, 245.70,  0.075, 289.40,  0.033, 312.51,  0.096,  13.31,  0.137, 332.69,  0.124, 306.13,  0.045, 231.34,  0.208, 303.84,  0.135, 308.99,  0.165, 322.16,  0.157, 215.92,-99.000, -99.00,-99.000, -99.00,-99.000, -99.00,-99.000, -99.00,
9/18/2006 13:20:00,  8.7,276.5,  3.5,  2.6, 18.710, 29.53,  0.0,  0.0,  0.080, 315.51,  0.073, 270.00,  0.150, 339.26,  0.130,  27.94,  0.117, 286.89,  0.101, 262.59,  0.084, 287.35,  0.078, 180.00,  0.066, 282.15,  0.157, 297.22,  0.137, 338.66,  0.086, 327.78,  0.129, 323.84,  0.068, 294.30,  0.119, 300.88,  0.059, 229.82,-99.000, -99.00,-99.000, -99.00,-99.000, -99.00,-99.000, -99.00,
9/18/2006 13:25:00,  8.7,276.3,  3.5,  2.6, 18.720, 29.53,  0.0,  0.0,  0.050,  54.73,  0.085,   0.00,  0.175, 319.86,  0.036,  54.09,  0.084, 351.77,  0.077, 356.28,  0.034, 315.00,  0.067, 311.35,  0.043, 284.68,  0.065, 313.75,  0.069, 231.47,  0.119, 254.45,  0.131, 285.52,  0.144, 304.24,  0.072, 300.14,  0.101, 218.57,-99.000, -99.00,-99.000, -99.00,-99.000, -99.00,-99.000, -99.00,
9/18/2006 13:30:00,  8.7,276.1,  3.5,  2.6, 18.728, 29.53,  0.0,  0.0,  0.166, 343.96,  0.086, 337.33,  0.100, 324.73,  0.109, 283.27,  0.055,   8.43,  0.109,   3.15,  0.131, 303.21,  0.118, 299.38,  0.095, 303.02,  0.152, 313.14,  0.144, 318.37,  0.083, 346.80,  0.118, 334.95,  0.155, 331.95,  0.131, 314.69,  0.162, 258.27,-99.000, -99.00,-99.000, -99.00,-99.000, -99.00,-99.000, -99.00,
9/18/2006 13:35:00,  8.7,276.3,  3.5,  2.6, 18.728, 29.52,  0.0,  0.0,  0.100, 357.71,  0.179,   7.05,  0.070,   1.64,  0.090, 339.96,  0.147, 308.66,  0.109, 340.73,  0.144, 312.46,  0.170, 294.30,  0.107, 315.38,  0.063, 244.65,  0.100, 279.18,  0.098, 293.96,  0.095, 309.04,  0.082, 270.00,  0.083, 315.49,  0.057, 214.25,-99.000, -99.00,-99.000, -99.00,-99.000, -99.00,-99.000, -99.00,
9/18/2006 13:40:00,  8.7,276.1,  3.5,  2.6, 18.732, 29.53,  0.0,  0.0,  0.118,  27.22,  0.097, 336.34,  0.127, 353.21,  0.201, 344.45,  0.221, 328.90,  0.132, 314.08,  0.144, 298.17,  0.073, 303.91,  0.107, 297.76,  0.106, 318.81,  0.093,   0.62,  0.065, 328.28,  0.170, 310.45,  0.122, 295.30,  0.188, 319.53,  0.041, 226.97,-99.000, -99.00,-99.000, -99.00,-99.000, -99.00,-99.000, -99.00,
9/18/2006 13:45:00,  8.7,276.3,  3.5,  2.6, 18.739, 29.53,  0.0,  0.0,  0.074, 315.00,  0.093, 307.12,  0.141,  19.46,  0.083, 340.25,  0.064, 270.00,  0.145, 303.47,  0.112, 302.28,  0.092, 268.13,  0.086, 296.86,  0.111, 281.41,  0.090, 298.56,  0.044, 327.03,  0.117, 317.07,  0.133, 310.14,  0.069,   1.66,  0.070, 189.87,-99.000, -99.00,-99.000, -99.00,-99.000, -99.00,-99.000, -99.00,
9/18/2006 13:50:00,  8.7,276.1,  3.5,  2.6, 18.745, 29.54,  0.0,  0.0,  0.211,   1.63,  0.130, 322.16,  0.111, 348.08,  0.149, 358.08,  0.190, 347.86,  0.039, 291.25,  0.142, 302.91,  0.126, 283.82,  0.143, 300.34,  0.093, 267.54,  0.074, 293.81,  0.130, 304.06,  0.110, 255.20,  0.071, 307.52,  0.117, 355.11,  0.049, 285.46,-99.000, -99.00,-99.000, -99.00,-99.000, -99.00,-99.000, -99.00,
9/18/2006 13:55:00,  8.7,276.1,  3.5,  2.6, 18.750, 29.55,  0.0,  0.0,  0.122, 314.33,  0.181, 359.68,  0.072, 334.50,  0.088, 261.50,  0.117, 343.58,  0.092, 344.91,  0.149, 319.90,  0.137, 318.54,  0.103, 305.08,  0.123, 304.72,  0.150, 325.04,  0.106, 304.59,  0.065, 271.76,  0.047, 271.22,  0.030, 316.33,  0.038,  91.51,-99.000, -99.00,-99.000, -99.00,-99.000, -99.00,-99.000, -99.00,
9/18/2006 14:00:00,  8.7,276.2,  3.5,  2.6, 18.754, 29.55,  0.0,  0.0,  0.072, 351.19,  0.210, 326.08,  0.120, 356.19,  0.091, 308.76,  0.070, 305.73,  0.079, 358.55,  0.115, 328.52,  0.174, 304.24,  0.103, 336.66,  0.150, 290.24,  0.112, 300.70,  0.064, 317.54,  0.094, 323.25,  0.096, 342.50,  0.081, 339.11,  0.093, 189.26,-99.000, -99.00,-99.000, -99.00,-99.000, -99.00,-99.000, -99.00,
9/18/2006 14:05:00,  8.7,276.2,  3.5,  2.6, 18.769, 29.55,  0.0,  0.0,  0.012,  70.02,  0.229, 326.93,  0.098, 318.32,  0.116,   4.44,  0.188, 341.37,  0.185, 320.47,  0.096, 306.99,  0.054, 299.88,  0.161, 298.95,  0.120, 273.34,  0.140, 281.15,  0.121, 284.38,  0.052, 332.45,  0.011, 291.80,  0.030,  57.38,  0.116, 183.95,-99.000, -99.00,-99.000, -99.00,-99.000, -99.00,-99.000, -99.00,
9/18/2006 14:10:00,  8.7,276.4,  3.5,  2.6, 18.772, 29.54,  0.0,  0.0,  0.066, 310.70,  0.145, 338.57,  0.188, 330.71,  0.195, 313.75,  0.157, 319.64,  0.182, 328.23,  0.197, 312.94,  0.120, 305.15,  0.100, 303.53,  0.068, 309.05,  0.085, 290.56,  0.167, 306.73,  0.070, 308.02,  0.074, 334.47,  0.023,  41.42,  0.073, 187.91,-99.000, -99.00,-99.000, -99.00,-99.000, -99.00,-99.000, -99.00,
9/18/2006 14:15:00,  8.7,276.2,  3.5,  2.6, 18.769, 29.54,  0.0,  0.0,  0.085, 340.71,  0.079, 339.27,  0.085, 313.09,  0.077, 354.07,  0.102, 329.42,  0.049, 300.76,  0.059, 314.31,  0.088, 313.15,  0.107,   1.61,  0.109, 321.34,  0.064, 330.26,  0.068, 280.15,  0.132, 278.25,  0.071, 307.52,  0.036, 326.31,  0.183, 213.17,-99.000, -99.00,-99.000, -99.00,-99.000, -99.00,-99.000, -99.00,
9/18/2006 14:20:00,  8.7,276.3,  3.5,  2.6, 18.776, 29.54,  0.0,  0.0,  0.035, 271.64,  0.185, 332.60,  0.065,   9.75,  0.043,  37.41,  0.068, 331.19,  0.036, 358.41,  0.086, 284.85,  0.003, 161.57,  0.057, 322.13,  0.087, 319.18,  0.123, 359.53,  0.069, 312.05,  0.108, 299.88,  0.123, 332.39,  0.016, 127.57,  0.103, 197.55,-99.000, -99.00,-99.000, -99.00,-99.000, -99.00,-99.000, -99.00,
9/18/2006 14:25:00,  8.7,276.1,  3.5,  2.6, 18.781, 29.54,  0.0,  0.0,  0.042, 224.03,  0.086, 318.75,  0.132,   2.17,  0.114, 346.33,  0.184, 342.26,  0.132, 317.76,  0.089, 306.36,  0.059, 308.81,  0.097, 326.31,  0.075, 307.94,  0.097, 284.89,  0.056, 304.82,  0.089, 298.87,  0.066, 237.99,  0.045, 311.42,  0.095, 199.78,-99.000, -99.00,-99.000, -99.00,-99.000, -99.00,-99.000, -99.00,
9/18/2006 14:30:00,  8.7,276.1,  3.5,  2.6, 18.773, 29.54,  0.0,  0.0,  0.059,  15.68,  0.100, 342.47,  0.063,   0.00,  0.031, 356.31,  0.107, 344.79,  0.083,  11.85,  0.035, 103.24,  0.095, 320.96,  0.055, 321.67,  0.075, 300.31,  0.088, 302.42,  0.109, 287.60,  0.104, 268.35,  0.106, 281.42,  0.037, 101.00,  0.062, 153.02,-99.000, -99.00,-99.000, -99.00,-99.000, -99.00,-99.000, -99.00,
9/18/2006 14:35:00,  8.7,276.1,  3.5,  2.6, 18.790, 29.54,  0.0,  0.0,  0.110, 355.32,  0.071, 338.50,  0.173,   8.65,  0.097, 354.70,  0.035, 100.01,  0.071, 317.29,  0.018, 260.54,  0.165, 327.37,  0.056, 307.07,  0.153, 302.44,  0.092, 299.90,  0.110, 300.07,  0.120, 299.98,  0.067, 253.47,  0.090, 301.40,  0.036, 260.54,-99.000, -99.00,-99.000, -99.00,-99.000, -99.00,-99.000, -99.00,
9/18/2006 14:40:00,  8.7,276.2,  3.5,  2.6, 18.791, 29.54,  0.0,  0.0,  0.072, 311.04,  0.089, 358.71,  0.076, 330.72,  0.047, 327.99,  0.014, 342.90,  0.101, 338.51,  0.073, 285.19,  0.083, 278.33,  0.061, 245.94,  0.072, 296.21,  0.038, 265.49,  0.110, 290.74,  0.106, 305.79,  0.014, 294.78,  0.033, 132.51,  0.113, 146.17,-99.000, -99.00,-99.000, -99.00,-99.000, -99.00,-99.000, -99.00,
9/18/2006 14:45:00,  8.7,276.1,  3.5,  2.6, 18.805, 29.54,  0.0,  0.0,  0.070,  24.38,  0.066,  36.35,  0.093,  34.89,  0.047, 283.45,  0.063, 296.57,  0.059, 312.93,  0.110, 292.38,  0.077, 239.42,  0.135, 279.81,  0.099, 248.09,  0.067, 242.28,  0.048, 159.30,  0.066, 329.93,  0.043,  14.68,  0.078,  20.98,  0.075,  97.70,-99.000, -99.00,-99.000, -99.00,-99.000, -99.00,-99.000, -99.00,
9/18/2006 14:50:00,  8.7,276.1,  3.5,  2.6, 18.799, 29.54,  0.0,  0.0,  0.064, 336.22,  0.110, 334.60,  0.056, 306.25,  0.073, 352.87,  0.110, 295.87,  0.129, 311.86,  0.102, 321.78,  0.097, 264.05,  0.100, 295.54,  0.080, 319.55,  0.105, 356.73,  0.042, 334.65,  0.055, 228.72,  0.044, 297.15,  0.037, 187.70,  0.019, 270.00,-99.000, -99.00,-99.000, -99.00,-99.000, -99.00,-99.000, -99.00,
9/18/2006 14:55:00,  8.7,276.1,  3.5,  2.6, 18.810, 29.55,  0.0,  0.0,  0.061,  29.51,  0.109, 344.05,  0.133, 325.11,  0.129, 347.04,  0.096, 346.69,  0.052, 326.00,  0.069, 329.74,  0.138, 333.25,  0.135, 288.97,  0.072, 343.84,  0.073, 279.46,  0.048, 294.44,  0.070, 276.52,  0.081, 308.00,  0.057, 328.52,  0.035, 160.02,-99.000, -99.00,-99.000, -99.00,-99.000, -99.00,-99.000, -99.00,
9/18/2006 15:00:00,  8.7,276.3,  3.5,  2.6, 18.819, 29.55,  0.0,  0.0,  0.121,  45.34,  0.013, 298.61,  0.125, 317.91,  0.019, 332.10,  0.014, 252.90,  0.095, 216.87,  0.089, 311.79,  0.127, 285.57,  0.102, 276.22,  0.049, 239.24,  0.028,  96.12,  0.065, 327.53,  0.092, 305.75,  0.057, 294.78,  0.023, 277.43,  0.067, 145.36,-99.000, -99.00,-99.000, -99.00,-99.000, -99.00,-99.000, -99.00,
9/18/2006 15:05:00,  8.7,276.1,  3.5,  2.6, 18.813, 29.55,  0.0,  0.0,  0.113, 349.29,  0.098,   0.00,  0.006,  51.34,  0.069, 358.34,  0.131, 308.80,  0.061, 318.99,  0.149, 289.16,  0.112, 314.64,  0.062, 323.50,  0.146, 328.16,  0.086, 296.27,  0.021, 112.83,  0.042,  12.38,  0.026,   2.20,  0.028, 132.14,  0.068,  78.20,-99.000, -99.00,-99.000, -99.00,-99.000, -99.00,-99.000, -99.00,
9/18/2006 15:10:00,  8.7,276.0,  3.5,  2.6, 18.816, 29.55,  0.0,  0.0,  0.038, 307.48,  0.118,  28.30,  0.110,  17.94,  0.061,  53.70,  0.073, 283.47,  0.055, 298.44,  0.156, 305.11,  0.107, 303.99,  0.106, 326.16,  0.065, 339.34,  0.089, 294.55,  0.070, 292.56,  0.124, 297.80,  0.071, 303.47,  0.016, 201.80,  0.129,  43.43,-99.000, -99.00,-99.000, -99.00,-99.000, -99.00,-99.000, -99.00,
9/18/2006 15:15:00,  8.7,276.1,  3.5,  2.6, 18.834, 29.56,  0.0,  0.0,  0.032,  60.26,  0.068,   3.37,  0.012, 345.96,  0.059, 301.80,  0.035, 292.11,  0.028, 351.87,  0.084, 340.48,  0.092, 270.00,  0.081, 322.56,  0.123, 278.85,  0.124, 281.13,  0.071, 334.89,  0.098,   8.21,  0.097,   2.36,  0.120, 317.69,  0.035,  19.98,-99.000, -99.00,-99.000, -99.00,-99.000, -99.00,-99.000, -99.00,
9/18/2006 15:20:00,  8.7,276.1,  3.5,  2.5, 18.842, 29.56,  0.0,  0.0,  0.099,   2.89,  0.020,  92.86,  0.070,   7.43,  0.041,  80.07,  0.090,  35.98,  0.104,  40.72,  0.043, 329.26,  0.114, 312.51,  0.070, 330.15,  0.102, 311.03,  0.040, 323.13,  0.022, 320.53,  0.059,  47.07,  0.087,  50.62,  0.098,  75.26,  0.115, 115.68,-99.000, -99.00,-99.000, -99.00,-99.000, -99.00,-99.000, -99.00,
9/18/2006 15:25:00,  8.7,276.2,  3.5,  2.6, 18.850, 29.56,  0.0,  0.0,  0.036, 340.56,  0.051, 354.40,  0.055, 315.00,  0.046, 253.54,  0.068, 206.19,  0.077, 237.13,  0.131, 288.71,  0.076, 234.64,  0.077, 278.24,  0.031, 345.07,  0.036,  86.82,  0.039,  31.22,  0.014,  77.91,  0.066,  71.57,  0.015,  70.35,  0.081,  99.93,-99.000, -99.00,-99.000, -99.00,-99.000, -99.00,-99.000, -99.00,
9/18/2006 15:30:00,  8.7,276.1,  3.5,  2.5, 18.848, 29.57,  0.0,  0.0,  0.022, 147.72,  0.031, 273.69,  0.036, 142.82,  0.035, 274.90,  0.061, 118.24,  0.039,  22.62,  0.056, 291.99,  0.009, 288.43,  0.034,  69.44,  0.090, 341.16,  0.046,   0.00,  0.074,  34.55,  0.042, 347.62,  0.030,  47.73,  0.064, 109.29,  0.061, 119.51,-99.000, -99.00,-99.000, -99.00,-99.000, -99.00,-99.000, -99.00,
9/18/2006 15:35:00,  8.7,276.0,  3.5,  2.6, 18.855, 29.58,  0.0,  0.0,  0.067, 332.28,  0.104, 337.89,  0.050, 311.73,  0.083, 321.34,  0.116, 310.44,  0.098, 319.97,  0.122, 283.81,  0.116, 245.64,  0.126, 312.43,  0.131, 338.93,  0.147,   2.34,  0.095,   6.07,  0.143, 318.96,  0.156, 335.74,  0.108, 343.25,  0.005,  90.00,-99.000, -99.00,-99.000, -99.00,-99.000, -99.00,-99.000, -99.00,
9/18/2006 15:40:00,  8.7,276.3,  3.5,  2.6, 18.858, 29.59,  0.0,  0.0,  0.090, 261.06,  0.062,   0.00,  0.092,  14.49,  0.078, 112.62,  0.098, 355.33,  0.095, 320.12,  0.135, 307.80,  0.080, 305.87,  0.052, 297.55,  0.104, 304.00,  0.039, 337.38,  0.086, 315.47,  0.099, 300.17,  0.053, 270.00,  0.053, 314.24,  0.130,  27.94,-99.000, -99.00,-99.000, -99.00,-99.000, -99.00,-99.000, -99.00,
9/18/2006 15:45:00,  8.7,276.1,  3.5,  2.6, 18.868, 29.60,  0.0,  0.0,  0.059,  30.47,  0.012,  48.37,  0.021, 280.78,  0.121,   5.24,  0.083, 323.82,  0.102, 340.50,  0.087, 323.39,  0.068, 264.12,  0.092, 285.09,  0.134, 196.00,  0.019, 338.75,  0.058,  15.00,  0.066,   6.91,  0.080, 333.43,  0.057, 222.14,  0.075,  68.91,-99.000, -99.00,-99.000, -99.00,-99.000, -99.00,-99.000, -99.00,
9/18/2006 15:50:00,  8.7,276.2,  3.5,  2.6, 18.873, 29.60,  0.0,  0.0,  0.034,  90.00,  0.092,  87.51,  0.092, 334.83,  0.010,  36.87,  0.100, 278.05,  0.060, 311.63,  0.105, 303.69,  0.132, 320.53,  0.112, 294.74,  0.124, 281.67,  0.052, 270.00,  0.056, 270.00,  0.085, 315.00,  0.058, 358.03,  0.014, 270.00,  0.006,  59.04,-99.000, -99.00,-99.000, -99.00,-99.000, -99.00,-99.000, -99.00,
9/18/2006 15:55:00,  8.7,276.2,  3.5,  2.6, 18.891, 29.61,  0.0,  0.0,  0.078, 348.11,  0.089, 288.43,  0.005, 180.00,  0.108, 307.08,  0.125, 345.63,  0.140, 330.87,  0.070, 347.56,  0.056, 263.88,  0.148, 251.44,  0.094, 299.29,  0.129, 286.61,  0.104, 296.81,  0.054, 316.51,  0.092, 328.39,  0.009, 276.34,  0.058, 112.17,-99.000, -99.00,-99.000, -99.00,-99.000, -99.00,-99.000, -99.00,
9/18/2006 16:00:00,  8.7,276.2,  3.5,  2.6, 18.898, 29.61,  0.0,  0.0,  0.087,   4.60,  0.050, 287.35,  0.057, 315.00,  0.066,  24.23,  0.109, 337.91,  0.026, 322.70,  0.049, 234.06,  0.102, 261.00,  0.113, 268.48,  0.172, 269.00,  0.151, 289.27,  0.117, 304.23,  0.059, 299.62,  0.041, 195.38,  0.073, 179.22,  0.057, 166.93,-99.000, -99.00,-99.000, -99.00,-99.000, -99.00,-99.000, -99.00,
9/18/2006 16:05:00,  8.6,276.2,  3.5,  2.6, 18.907, 29.61,  0.0,  0.0,  0.023,  23.20,  0.014,  24.78,  0.048, 293.36,  0.132, 333.05,  0.061, 265.31,  0.068, 286.29,  0.071, 267.58,  0.059, 269.03,  0.172, 303.60,  0.115, 309.36,  0.055, 290.07,  0.007,  90.00,  0.080, 318.54,  0.134, 308.93,  0.066, 265.67,  0.041,  21.54,-99.000, -99.00,-99.000, -99.00,-99.000, -99.00,-99.000, -99.00,
9/18/2006 16:10:00,  8.6,276.1,  3.5,  2.6, 18.908, 29.61,  0.0,  0.0,  0.020,  36.87,  0.064, 355.53,  0.122, 357.18,  0.148, 336.55,  0.132,  13.09,  0.034,  40.24,  0.115, 359.50,  0.151, 317.68,  0.091, 308.76,  0.149, 313.36,  0.138, 301.96,  0.174, 303.51,  0.151, 331.06,  0.154, 306.57,  0.085, 290.79,  0.030, 260.54,-99.000, -99.00,-99.000, -99.00,-99.000, -99.00,-99.000, -99.00,
9/18/2006 16:15:00,  8.6,276.2,  3.5,  2.6, 18.906, 29.60,  0.0,  0.0,  0.078,   0.00,  0.171, 286.64,  0.114, 287.80,  0.054,   7.39,  0.046, 301.61,  0.121, 298.69,  0.169, 295.65,  0.076, 215.36,  0.082, 282.68,  0.100, 312.97,  0.086, 287.59,  0.048, 257.99,  0.063, 256.18,  0.071, 270.00,  0.077, 312.37,  0.061, 345.74,-99.000, -99.00,-99.000, -99.00,-99.000, -99.00,-99.000, -99.00,
9/18/2006 16:20:00,  8.6,276.2,  3.5,  2.6, 18.906, 29.59,  0.0,  0.0,  0.095, 338.31,  0.031, 165.07,  0.069,  53.30,  0.105, 337.09,  0.072, 330.95,  0.107,   5.92,  0.058, 336.54,  0.122, 303.95,  0.084, 318.88,  0.123, 291.54,  0.108, 273.18,  0.090, 293.70,  0.066, 303.21,  0.106, 319.22,  0.101, 322.22,  0.045, 223.21,-99.000, -99.00,-99.000, -99.00,-99.000, -99.00,-99.000, -99.00,
9/18/2006 16:25:00,  8.6,276.1,  3.5,  2.6, 18.912, 29.59,  0.0,  0.0,  0.057, 311.47,  0.102, 325.38,  0.059, 303.96,  0.097, 341.94,  0.026,   0.00,  0.076, 336.80,  0.064, 350.98,  0.034, 323.47,  0.122, 307.34,  0.039, 289.36,  0.150, 346.89,  0.058, 331.23,  0.064, 352.76,  0.016, 325.30,  0.056, 321.50,  0.036, 228.37,-99.000, -99.00,-99.000, -99.00,-99.000, -99.00,-99.000, -99.00,
9/18/2006 16:30:00,  8.6,276.1,  3.5,  2.6, 18.904, 29.58,  0.0,  0.0,  0.017, 203.63,  0.038, 283.67,  0.066,  20.35,  0.112, 347.08,  0.090, 261.69,  0.146, 298.14,  0.082, 251.57,  0.078, 258.11,  0.106, 274.32,  0.087, 279.89,  0.092, 217.49,  0.059, 207.44,  0.045, 215.10,  0.084, 295.35,  0.126, 314.36,  0.035, 334.89,-99.000, -99.00,-99.000, -99.00,-99.000, -99.00,-99.000, -99.00,
9/18/2006 16:35:00,  8.6,276.2,  3.6,  2.6, 18.931, 29.58,  0.0,  0.0,  0.097,  14.89,  0.119, 289.65,  0.021,  50.91,  0.089, 302.07,  0.095,  20.91,  0.106, 318.81,  0.066, 294.23,  0.094, 356.96,  0.046,  27.12,  0.100, 302.74,  0.136, 279.32,  0.121, 300.15,  0.076, 244.11,  0.040, 272.86,  0.072, 319.48,  0.023, 252.35,-99.000, -99.00,-99.000, -99.00,-99.000, -99.00,-99.000, -99.00,
9/18/2006 16:40:00,  8.6,276.1,  3.6,  2.6, 18.928, 29.58,  0.0,  0.0,  0.082,  10.49,  0.067, 303.45,  0.013,  94.40,  0.045,  65.14,  0.091,  24.03,  0.055, 345.20,  0.129, 300.74,  0.094,  12.26,  0.014, 261.87,  0.048, 256.83,  0.088, 289.26,  0.076, 261.66,  0.093, 271.85,  0.107, 297.76,  0.062, 320.91,  0.090, 183.18,-99.000, -99.00,-99.000, -99.00,-99.000, -99.00,-99.000, -99.00,
9/18/2006 16:45:00,  8.6,276.2,  3.6,  2.6, 18.934, 29.58,  0.0,  0.0,  0.185, 279.97,  0.117, 330.80,  0.025,  11.77,  0.073,  14.23,  0.108,  48.76,  0.059, 331.70,  0.049, 351.70,  0.053, 272.16,  0.041, 316.97,  0.034, 191.98,  0.078, 272.94,  0.109, 246.73,  0.118, 287.21,  0.055, 265.84,  0.079, 279.46,  0.108, 201.80,-99.000, -99.00,-99.000, -99.00,-99.000, -99.00,-99.000, -99.00,
9/18/2006 16:50:00,  8.6,276.3,  3.6,  2.6, 18.944, 29.57,  0.0,  0.0,  0.084, 325.18,  0.080, 297.53,  0.146, 297.27,  0.144, 331.83,  0.098, 351.21,  0.117, 340.48,  0.122, 303.95,  0.153, 297.57,  0.137, 297.31,  0.110, 310.94,  0.152, 280.64,  0.103, 293.34,  0.106, 306.54,  0.079, 318.61,  0.109, 314.26,  0.086, 224.53,-99.000, -99.00,-99.000, -99.00,-99.000, -99.00,-99.000, -99.00,
9/18/2006 16:55:00,  8.6,276.1,  3.6,  2.6, 18.953, 29.58,  0.0,  0.0,  0.028, 291.04,  0.068, 287.10,  0.033, 105.71,  0.009, 290.56,  0.084, 343.50,  0.138, 285.15,  0.074, 265.36,  0.064, 315.00,  0.097, 289.18,  0.079, 259.82,  0.081, 252.01,  0.072, 243.43,  0.036, 266.82,  0.092, 289.03,  0.095, 307.72,  0.094, 215.04,-99.000, -99.00,-99.000, -99.00,-99.000, -99.00,-99.000, -99.00,
9/18/2006 17:00:00,  8.6,276.1,  3.6,  2.6, 18.939, 29.58,  0.0,  0.0,  0.111,  22.86,  0.127, 320.43,  0.119, 257.84,  0.096, 304.85,  0.141, 303.69,  0.094, 306.75,  0.134, 269.57,  0.097, 275.95,  0.054, 284.04,  0.122, 313.67,  0.165, 278.72,  0.159, 285.35,  0.145, 271.58,  0.157, 256.41,  0.081, 262.87,  0.101, 209.60,-99.000, -99.00,-99.000, -99.00,-99.000, -99.00,-99.000, -99.00,
9/18/2006 17:05:00,  8.6,276.1,  3.6,  2.7, 18.954, 29.58,  0.0,  0.0,  0.032,   5.36,  0.086,  60.17,  0.061, 322.94,  0.099, 343.02,  0.071, 304.14,  0.108, 318.76,  0.147, 316.65,  0.132, 312.54,  0.115, 313.24,  0.161, 339.99,  0.203, 311.21,  0.124, 267.23,  0.121, 276.18,  0.098, 294.20,  0.051, 271.12,  0.032,  97.13,-99.000, -99.00,-99.000, -99.00,-99.000, -99.00,-99.000, -99.00,
9/18/2006 17:10:00,  8.6,276.1,  3.7,  2.6, 18.959, 29.59,  0.0,  0.0,  0.087, 334.03,  0.014, 230.71,  0.043,  60.42,  0.034, 196.86,  0.060, 293.57,  0.063, 315.64,  0.123, 329.68,  0.059, 286.61,  0.163, 277.04,  0.130, 283.82,  0.079, 293.96,  0.114, 299.93,  0.016, 338.20,  0.077, 280.44,  0.094, 298.76,  0.043, 225.94,-99.000, -99.00,-99.000, -99.00,-99.000, -99.00,-99.000, -99.00,
9/18/2006 17:15:00,  8.6,276.1,  3.7,  2.6, 18.966, 29.59,  0.0,  0.0,  0.149, 316.90,  0.069,   6.61,  0.071, 341.82,  0.130, 341.15,  0.077, 332.10,  0.080, 334.72,  0.180, 332.86,  0.128, 297.97,  0.115, 270.50,  0.165, 280.15,  0.153, 291.87,  0.097, 280.04,  0.078, 244.09,  0.117, 283.32,  0.079, 256.84,  0.122, 204.25,-99.000, -99.00,-99.000, -99.00,-99.000, -99.00,-99.000, -99.00,
9/18/2006 17:20:00,  8.6,276.1,  3.7,  2.6, 18.963, 29.61,  0.0,  0.0,  0.117, 351.66,  0.152, 347.06,  0.174, 333.29,  0.129, 268.22,  0.114, 304.25,  0.089, 259.70,  0.150, 290.24,  0.119, 326.31,  0.063, 358.18,  0.062, 297.80,  0.115, 299.01,  0.048, 261.53,  0.079, 248.33,  0.093, 301.81,  0.115, 298.57,  0.127, 263.21,-99.000, -99.00,-99.000, -99.00,-99.000, -99.00,-99.000, -99.00,
9/18/2006 17:25:00,  8.6,276.0,  3.7,  2.6, 18.962, 29.62,  0.0,  0.0,  0.149, 309.02,  0.113, 352.37,  0.138, 326.20,  0.133, 336.91,  0.066, 284.88,  0.144, 274.37,  0.151, 298.09,  0.160, 276.81,  0.190, 291.58,  0.169, 291.11,  0.151, 259.73,  0.175, 267.06,  0.158, 242.46,  0.121, 271.42,  0.156, 307.46,  0.083, 256.13,-99.000, -99.00,-99.000, -99.00,-99.000, -99.00,-99.000, -99.00,
9/18/2006 17:30:00,  8.6,276.3,  3.7,  2.6, 18.982, 29.63,  0.0,  0.0,  0.178, 312.27,  0.148, 307.57,  0.100, 328.54,  0.216, 315.94,  0.214, 315.00,  0.136, 324.56,  0.193, 313.53,  0.127, 274.95,  0.169, 296.26,  0.122, 283.81,  0.142, 275.67,  0.163, 242.18,  0.145, 259.70,  0.162, 296.41,  0.085, 274.71,  0.089, 266.78,-99.000, -99.00,-99.000, -99.00,-99.000, -99.00,-99.000, -99.00,
9/18/2006 17:35:00,  8.6,276.1,  3.7,  2.6, 18.977, 29.64,  0.0,  0.0,  0.203, 305.18,  0.117, 347.15,  0.186, 324.61,  0.160, 298.32,  0.108, 348.79,  0.086, 311.25,  0.223, 302.91,  0.158, 290.39,  0.113, 272.03,  0.126, 304.95,  0.111, 276.23,  0.107, 260.27,  0.122, 257.22,  0.145, 304.35,  0.075, 274.57,  0.143, 264.77,-99.000, -99.00,-99.000, -99.00,-99.000, -99.00,-99.000, -99.00,
9/18/2006 17:40:00,  8.6,276.0,  3.7,  2.6, 18.983, 29.64,  0.0,  0.0,  0.166, 318.42,  0.151, 295.55,  0.134, 285.59,  0.122, 299.92,  0.147, 332.39,  0.106, 344.65,  0.110, 271.04,  0.130, 243.04,  0.136, 281.48,  0.152, 251.57,  0.209, 243.92,  0.146, 267.65,  0.121, 264.76,  0.111, 247.14,  0.128, 289.14,  0.076, 244.44,-99.000, -99.00,-99.000, -99.00,-99.000, -99.00,-99.000, -99.00,
9/18/2006 17:45:00,  8.6,276.1,  3.7,  2.6, 18.972, 29.64,  0.0,  0.0,  0.183, 305.87,  0.106, 318.81,  0.143, 329.86,  0.129, 290.40,  0.083, 294.10,  0.126, 286.13,  0.104, 295.08,  0.170, 314.76,  0.167, 319.62,  0.162, 308.00,  0.131, 277.88,  0.107, 294.40,  0.194, 326.15,  0.121, 275.19,  0.112, 276.68,  0.087, 260.75,-99.000, -99.00,-99.000, -99.00,-99.000, -99.00,-99.000, -99.00,
9/18/2006 17:50:00,  8.6,276.1,  3.7,  2.6, 18.976, 29.64,  0.0,  0.0,  0.122, 318.99,  0.162, 321.01,  0.138, 325.96,  0.165, 318.68,  0.103, 307.09,  0.044,  27.15,  0.138, 326.54,  0.137, 317.67,  0.198, 305.77,  0.110, 282.02,  0.106, 298.26,  0.108, 295.85,  0.149, 297.94,  0.142, 293.15,  0.136, 279.32,  0.085, 217.82,-99.000, -99.00,-99.000, -99.00,-99.000, -99.00,-99.000, -99.00,
9/18/2006 17:55:00,  8.6,276.1,  3.7,  2.6, 18.986, 29.64,  0.0,  0.0,  0.093, 322.02,  0.213, 330.42,  0.138, 325.96,  0.203, 322.00,  0.217, 301.05,  0.171, 320.71,  0.141, 304.03,  0.171, 308.61,  0.138, 294.89,  0.247, 304.59,  0.188, 272.44,  0.143, 285.40,  0.138, 277.90,  0.163, 278.13,  0.098, 248.42,  0.072, 269.20,-99.000, -99.00,-99.000, -99.00,-99.000, -99.00,-99.000, -99.00,
9/18/2006 18:00:00,  8.6,276.1,  3.8,  2.6, 18.988, 29.65,  0.0,  0.0,  0.197, 309.84,  0.138, 281.72,  0.146, 308.60,  0.140, 328.12,  0.145, 329.37,  0.199, 283.34,  0.141, 290.37,  0.152, 295.72,  0.169, 282.31,  0.215, 299.18,  0.174, 289.17,  0.182, 298.26,  0.188, 294.80,  0.126, 283.82,  0.129, 313.74,  0.066, 216.35,-99.000, -99.00,-99.000, -99.00,-99.000, -99.00,-99.000, -99.00,
9/18/2006 18:05:00,  8.6,276.3,  3.8,  2.6, 18.982, 29.65,  0.0,  0.0,  0.180, 346.50,  0.107, 297.28,  0.120, 303.42,  0.167, 279.29,  0.192, 283.89,  0.175, 282.85,  0.165, 294.39,  0.139, 262.16,  0.123, 273.26,  0.112, 265.41,  0.154, 270.00,  0.127, 295.15,  0.137, 293.58,  0.144, 284.91,  0.206, 293.82,  0.149, 252.78,-99.000, -99.00,-99.000, -99.00,-99.000, -99.00,-99.000, -99.00,
9/18/2006 18:10:00,  8.6,276.1,  3.8,  2.6, 18.988, 29.65,  0.0,  0.0,  0.213, 327.88,  0.137, 328.17,  0.132, 302.97,  0.127, 290.71,  0.115, 324.23,  0.142, 319.00,  0.156, 292.28,  0.147, 289.92,  0.175, 289.68,  0.125, 307.87,  0.144, 305.68,  0.189, 270.00,  0.280, 281.11,  0.263, 288.16,  0.222, 291.37,  0.096, 222.03,-99.000, -99.00,-99.000, -99.00,-99.000, -99.00,-99.000, -99.00,
9/18/2006 18:15:00,  8.6,276.3,  3.8,  2.6, 18.996, 29.66,  0.0,  0.0,  0.132, 290.35,  0.130, 305.28,  0.146, 313.06,  0.121, 350.46,  0.294, 307.81,  0.171, 297.16,  0.157, 311.12,  0.210, 302.55,  0.211, 298.26,  0.203, 303.53,  0.181, 289.04,  0.153, 264.36,  0.203, 276.78,  0.205, 275.32,  0.171, 284.52,  0.075, 252.05,-99.000, -99.00,-99.000, -99.00,-99.000, -99.00,-99.000, -99.00,
9/18/2006 18:20:00,  8.6,276.2,  3.8,  2.6, 18.993, 29.66,  0.0,  0.0,  0.173, 329.43,  0.093,   2.46,  0.100, 279.74,  0.147, 300.23,  0.207, 326.00,  0.148, 351.05,  0.155, 335.59,  0.179, 296.85,  0.170, 294.75,  0.213, 315.95,  0.154, 313.15,  0.174, 327.68,  0.091, 308.76,  0.163, 283.52,  0.224, 293.37,  0.166, 253.20,-99.000, -99.00,-99.000, -99.00,-99.000, -99.00,-99.000, -99.00,
9/18/2006 18:25:00,  8.6,276.1,  3.8,  2.6, 18.997, 29.66,  0.0,  0.0,  0.147, 344.64,  0.164, 330.00,  0.096, 332.10,  0.093, 315.44,  0.136, 338.36,  0.139, 333.07,  0.174, 310.57,  0.213, 329.82,  0.236, 320.51,  0.301, 311.63,  0.227, 309.64,  0.199, 305.20,  0.171, 300.62,  0.145, 304.57,  0.218, 306.61,  0.185, 238.29,-99.000, -99.00,-99.000, -99.00,-99.000, -99.00,-99.000, -99.00,
9/18/2006 18:30:00,  8.6,276.2,  3.8,  2.6, 19.000, 29.67,  0.0,  0.0,  0.278, 318.79,  0.178, 317.96,  0.214, 302.57,  0.231, 316.93,  0.232, 319.02,  0.082, 305.62,  0.190, 316.28,  0.155, 323.65,  0.135, 336.86,  0.161, 300.23,  0.218, 308.50,  0.145, 319.48,  0.217, 305.81,  0.135, 269.58,  0.092, 249.59,  0.065, 323.13,-99.000, -99.00,-99.000, -99.00,-99.000, -99.00,-99.000, -99.00,
9/18/2006 18:35:00,  8.6,276.1,  3.8,  2.7, 19.002, 29.67,  0.0,  0.0,  0.168, 321.77,  0.097, 337.65,  0.047, 348.93,  0.138, 344.45,  0.213, 305.04,  0.180, 299.71,  0.161, 295.77,  0.154, 278.60,  0.197, 281.42,  0.247, 281.90,  0.225, 289.24,  0.269, 286.21,  0.238, 263.98,  0.224, 266.15,  0.151, 287.72,  0.020, 264.29,-99.000, -99.00,-99.000, -99.00,-99.000, -99.00,-99.000, -99.00,
9/18/2006 18:40:00,  8.6,276.2,  3.8,  2.6, 19.020, 29.68,  0.0,  0.0,  0.108, 349.32,  0.131, 350.32,  0.227, 343.40,  0.210, 318.66,  0.211, 306.92,  0.256, 314.37,  0.193, 326.64,  0.117, 283.80,  0.211, 284.30,  0.245, 289.76,  0.245, 293.54,  0.296, 295.61,  0.218, 295.86,  0.138, 270.00,  0.150, 288.31,  0.081, 252.01,-99.000, -99.00,-99.000, -99.00,-99.000, -99.00,-99.000, -99.00,
9/18/2006 18:45:00,  8.6,276.3,  3.8,  2.6, 19.009, 29.68,  0.0,  0.0,  0.183, 338.20,  0.173, 321.81,  0.217, 317.42,  0.222, 320.86,  0.217, 305.45,  0.218, 299.03,  0.232, 294.69,  0.250, 293.29,  0.247, 294.39,  0.295, 289.60,  0.170, 283.63,  0.193, 284.68,  0.251, 259.23,  0.197, 259.15,  0.101, 216.98,  0.074, 239.97,-99.000, -99.00,-99.000, -99.00,-99.000, -99.00,-99.000, -99.00,
9/18/2006 18:50:00,  8.6,276.1,  3.8,  2.7, 19.023, 29.68,  0.0,  0.0,  0.097, 328.93,  0.159, 319.09,  0.204, 303.22,  0.218, 266.33,  0.269, 307.89,  0.196, 299.71,  0.218, 287.35,  0.316, 284.30,  0.335, 295.88,  0.283, 285.17,  0.196, 276.44,  0.219, 276.83,  0.267, 271.07,  0.281, 271.63,  0.195, 291.69,  0.108, 300.60,-99.000, -99.00,-99.000, -99.00,-99.000, -99.00,-99.000, -99.00,
9/18/2006 18:55:00,  8.6,276.3,  3.8,  2.7, 19.009, 29.69,  0.0,  0.0,  0.195, 329.49,  0.163, 331.39,  0.127, 338.70,  0.210, 293.27,  0.226, 323.08,  0.234, 306.14,  0.215, 295.61,  0.224, 287.38,  0.253, 294.54,  0.235, 279.54,  0.196, 284.74,  0.118, 256.79,  0.174, 289.79,  0.173, 274.65,  0.134, 277.71,  0.048, 255.38,-99.000, -99.00,-99.000, -99.00,-99.000, -99.00,-99.000, -99.00,
9/18/2006 19:00:00,  8.6,276.1,  3.8,  2.6, 19.019, 29.68,  0.0,  0.0,  0.244, 325.85,  0.217, 334.97,  0.185, 334.40,  0.156, 317.33,  0.173, 336.84,  0.143, 324.98,  0.108, 265.24,  0.119, 274.33,  0.210, 317.71,  0.167, 287.46,  0.140, 273.27,  0.105, 277.13,  0.144, 275.99,  0.130, 223.75,  0.134, 248.04,  0.138, 222.94,-99.000, -99.00,-99.000, -99.00,-99.000, -99.00,-99.000, -99.00,
9/18/2006 19:05:00,  8.6,276.1,  3.8,  2.6, 19.002, 29.68,  0.0,  0.0,  0.233, 339.62,  0.234, 330.04,  0.122,   0.94,  0.210, 339.06,  0.140, 310.65,  0.220, 322.40,  0.228, 330.63,  0.118, 332.78,  0.159, 298.18,  0.137, 284.34,  0.142, 289.71,  0.069, 292.87,  0.114, 261.44,  0.112, 242.98,  0.098, 307.10,  0.015, 216.87,-99.000, -99.00,-99.000, -99.00,-99.000, -99.00,-99.000, -99.00,
9/18/2006 19:10:00,  8.6,276.2,  3.8,  2.6, 19.010, 29.68,  0.0,  0.0,  0.185, 331.91,  0.183, 332.74,  0.182, 328.50,  0.185, 323.13,  0.130, 304.06,  0.197, 293.70,  0.175, 290.71,  0.144, 279.59,  0.127, 279.09,  0.215, 298.59,  0.146, 259.31,  0.140, 268.36,  0.124, 287.85,  0.107, 270.00,  0.114, 237.57,  0.080, 223.48,-99.000, -99.00,-99.000, -99.00,-99.000, -99.00,-99.000, -99.00,
9/18/2006 19:15:00,  8.6,276.1,  3.8,  2.6, 19.007, 29.68,  0.0,  0.0,  0.133, 308.59,  0.179, 305.46,  0.189, 325.13,  0.182, 346.65,  0.162, 345.71,  0.128, 338.03,  0.139, 320.83,  0.124, 307.79,  0.153, 294.72,  0.156, 300.02,  0.119, 293.33,  0.182, 274.42,  0.203, 273.10,  0.151, 282.65,  0.130, 297.94,  0.107, 229.17,-99.000, -99.00,-99.000, -99.00,-99.000, -99.00,-99.000, -99.00,
9/18/2006 19:20:00,  8.6,276.1,  3.8,  2.7, 19.013, 29.68,  0.0,  0.0,  0.163,  12.41,  0.141, 340.16,  0.135, 334.96,  0.122, 328.79,  0.115, 339.03,  0.110, 318.32,  0.118, 317.40,  0.148, 319.11,  0.096, 304.85,  0.092, 307.49,  0.112, 259.19,  0.172, 286.22,  0.137, 313.23,  0.077, 275.93,  0.117, 292.17,  0.071, 247.75,-99.000, -99.00,-99.000, -99.00,-99.000, -99.00,-99.000, -99.00,
9/18/2006 19:25:00,  8.6,276.1,  3.8,  2.6, 19.003, 29.68,  0.0,  0.0,  0.132,  12.25,  0.106, 348.58,  0.118,   6.82,  0.157, 315.52,  0.142, 318.43,  0.107, 331.52,  0.174, 290.52,  0.081, 293.39,  0.054, 181.06,  0.128, 263.26,  0.219, 275.50,  0.173, 264.03,  0.179, 259.70,  0.110, 239.93,  0.024, 265.24,  0.166, 215.70,-99.000, -99.00,-99.000, -99.00,-99.000, -99.00,-99.000, -99.00,
9/18/2006 19:30:00,  8.6,276.2,  3.8,  2.6, 19.001, 29.68,  0.0,  0.0,  0.141, 339.63,  0.205, 351.00,  0.189, 308.57,  0.142, 313.01,  0.183, 321.44,  0.262, 338.04,  0.194, 301.32,  0.227, 283.49,  0.196, 265.91,  0.157, 290.85,  0.201, 284.73,  0.208, 270.28,  0.141, 267.16,  0.148, 270.00,  0.131, 300.29,  0.077, 250.14,-99.000, -99.00,-99.000, -99.00,-99.000, -99.00,-99.000, -99.00,
9/18/2006 19:35:00,  8.6,276.1,  3.8,  2.6, 19.002, 29.67,  0.0,  0.0,  0.242, 314.33,  0.150, 341.69,  0.135, 333.62,  0.161, 321.28,  0.140, 307.77,  0.109, 333.90,  0.074, 326.52,  0.145, 329.72,  0.165, 308.61,  0.227, 295.55,  0.208, 292.01,  0.217, 296.80,  0.151, 269.62,  0.134, 249.94,  0.152, 283.31,  0.084, 238.57,-99.000, -99.00,-99.000, -99.00,-99.000, -99.00,-99.000, -99.00,
9/18/2006 19:40:00,  8.6,276.1,  3.8,  2.6, 18.992, 29.67,  0.0,  0.0,  0.203, 348.36,  0.263, 343.64,  0.190, 348.75,  0.205, 344.74,  0.176,   0.98,  0.142, 347.43,  0.104, 340.35,  0.171, 324.27,  0.142, 308.41,  0.198, 303.69,  0.177, 303.69,  0.168, 299.15,  0.178, 282.00,  0.176, 270.98,  0.199, 281.59,  0.131, 246.57,-99.000, -99.00,-99.000, -99.00,-99.000, -99.00,-99.000, -99.00,
9/18/2006 19:45:00,  8.6,276.2,  3.8,  2.6, 18.985, 29.67,  0.0,  0.0,  0.127,  13.16,  0.230, 327.97,  0.140, 330.87,  0.138, 325.96,  0.139, 320.25,  0.173, 317.35,  0.212, 305.41,  0.199, 307.85,  0.136, 302.99,  0.172, 291.80,  0.181, 282.12,  0.100, 280.41,  0.256, 303.38,  0.162, 251.68,  0.139, 275.79,  0.044, 194.35,-99.000, -99.00,-99.000, -99.00,-99.000, -99.00,-99.000, -99.00,
9/18/2006 19:50:00,  8.6,276.1,  3.8,  2.6, 18.993, 29.67,  0.0,  0.0,  0.180,   6.69,  0.237, 328.79,  0.223, 306.97,  0.084, 336.18,  0.185, 308.42,  0.117, 320.57,  0.199, 311.54,  0.171, 277.37,  0.202, 296.44,  0.137, 293.20,  0.175, 298.32,  0.181, 269.37,  0.187, 280.77,  0.160, 274.67,  0.091, 243.15,  0.021, 272.73,-99.000, -99.00,-99.000, -99.00,-99.000, -99.00,-99.000, -99.00,
9/18/2006 19:55:00,  8.6,276.3,  3.8,  2.7, 18.994, 29.67,  0.0,  0.0,  0.169, 355.24,  0.161, 337.41,  0.233, 332.88,  0.281, 318.47,  0.182, 327.79,  0.130, 320.93,  0.125, 306.23,  0.163, 306.03,  0.172, 285.49,  0.195, 272.35,  0.151, 273.79,  0.227, 286.68,  0.226, 282.80,  0.169, 276.79,  0.130, 296.57,  0.031, 337.52,-99.000, -99.00,-99.000, -99.00,-99.000, -99.00,-99.000, -99.00,
9/18/2006 20:00:00,  8.6,276.3,  3.8,  2.6, 18.984, 29.67,  0.0,  0.0,  0.238, 320.96,  0.190, 346.62,  0.150, 333.43,  0.169, 331.31,  0.183, 341.57,  0.133, 340.61,  0.205, 315.00,  0.127, 313.09,  0.086, 301.65,  0.189, 300.50,  0.232, 302.87,  0.173, 287.49,  0.195, 286.67,  0.177, 267.74,  0.150, 274.57,  0.124, 248.20,-99.000, -99.00,-99.000, -99.00,-99.000, -99.00,-99.000, -99.00,
9/18/2006 20:05:00,  8.6,276.1,  3.8,  2.6, 18.980, 29.67,  0.0,  0.0,  0.181, 329.04,  0.141, 335.62,  0.144, 331.29,  0.150, 322.29,  0.123, 304.72,  0.162, 298.47,  0.225, 304.68,  0.220, 291.56,  0.149, 299.32,  0.273, 300.60,  0.170, 281.91,  0.038, 318.24,  0.134, 302.50,  0.136, 261.09,  0.132, 281.40,  0.060, 220.91,-99.000, -99.00,-99.000, -99.00,-99.000, -99.00,-99.000, -99.00,
9/18/2006 20:10:00,  8.6,276.1,  3.8,  2.6, 18.977, 29.67,  0.0,  0.0,  0.119, 335.60,  0.147, 344.16,  0.174, 323.66,  0.180, 325.16,  0.215, 305.17,  0.167, 293.65,  0.148, 284.51,  0.253, 299.91,  0.186, 288.14,  0.133, 257.42,  0.136, 276.76,  0.101, 273.96,  0.098, 242.65,  0.134, 256.17,  0.070, 262.57,  0.074, 176.13,-99.000, -99.00,-99.000, -99.00,-99.000, -99.00,-99.000, -99.00,
9/18/2006 20:15:00,  8.6,276.1,  3.8,  2.6, 18.968, 29.67,  0.0,  0.0,  0.117, 317.07,  0.167,   7.94,  0.164, 336.25,  0.144, 321.46,  0.191, 334.51,  0.104, 339.12,  0.189, 325.97,  0.135, 306.28,  0.213, 300.78,  0.212, 272.16,  0.163, 283.10,  0.167, 274.11,  0.231, 280.48,  0.247, 258.33,  0.162, 277.43,  0.054, 259.32,-99.000, -99.00,-99.000, -99.00,-99.000, -99.00,-99.000, -99.00,
9/18/2006 20:20:00,  8.6,276.1,  3.8,  2.6, 18.975, 29.67,  0.0,  0.0,  0.149, 340.84,  0.121, 339.61,  0.176, 357.72,  0.146, 313.06,  0.177, 291.92,  0.141, 285.22,  0.144, 306.55,  0.129, 297.16,  0.132, 305.74,  0.168, 264.53,  0.232, 265.54,  0.199, 284.88,  0.153, 241.93,  0.166, 254.29,  0.109, 282.13,  0.080, 203.67,-99.000, -99.00,-99.000, -99.00,-99.000, -99.00,-99.000, -99.00,
9/18/2006 20:25:00,  8.6,276.1,  3.8,  2.7, 18.964, 29.67,  0.0,  0.0,  0.172, 349.28,  0.175, 331.39,  0.141,   6.92,  0.123,   3.72,  0.104,   0.00,  0.186, 327.77,  0.044, 280.54,  0.131, 304.78,  0.103, 278.37,  0.146, 234.78,  0.153, 259.43,  0.164, 267.56,  0.177, 266.12,  0.142, 272.42,  0.121, 280.47,  0.039, 212.47,-99.000, -99.00,-99.000, -99.00,-99.000, -99.00,-99.000, -99.00,
9/18/2006 20:30:00,  8.6,276.2,  3.8,  2.6, 18.966, 29.67,  0.0,  0.0,  0.157, 341.10,  0.109,   0.00,  0.196, 328.58,  0.115, 347.91,  0.067, 333.43,  0.176, 307.13,  0.163, 303.01,  0.163, 321.72,  0.130, 305.64,  0.128, 295.96,  0.174, 258.04,  0.122, 234.35,  0.060, 278.67,  0.072, 276.34,  0.033, 284.04,  0.089, 165.65,-99.000, -99.00,-99.000, -99.00,-99.000, -99.00,-99.000, -99.00,
9/18/2006 20:35:00,  8.6,276.1,  3.8,  2.6, 18.963, 29.67,  0.0,  0.0,  0.148, 314.73,  0.188, 328.67,  0.131, 289.68,  0.218, 335.66,  0.219, 306.45,  0.143, 307.03,  0.150, 306.03,  0.077, 286.56,  0.159, 295.28,  0.182, 300.37,  0.085, 276.79,  0.090, 218.26,  0.127, 260.46,  0.172, 256.93,  0.154, 266.28,  0.120, 223.65,-99.000, -99.00,-99.000, -99.00,-99.000, -99.00,-99.000, -99.00,
9/18/2006 20:40:00,  8.6,276.1,  3.8,  2.6, 18.964, 29.67,  0.0,  0.0,  0.093, 298.22,  0.131, 328.13,  0.135, 355.76,  0.126, 308.23,  0.115, 297.90,  0.159, 277.21,  0.171, 313.11,  0.154, 318.15,  0.091, 259.92,  0.155, 273.32,  0.195, 261.16,  0.198, 239.68,  0.202, 244.20,  0.222, 230.49,  0.158, 221.15,  0.099, 218.03,-99.000, -99.00,-99.000, -99.00,-99.000, -99.00,-99.000, -99.00,
9/18/2006 20:45:00,  8.6,276.0,  3.8,  2.6, 18.961, 29.67,  0.0,  0.0,  0.019, 312.88,  0.107, 355.19,  0.153, 339.31,  0.098, 337.87,  0.044,   3.90,  0.149, 265.78,  0.145, 337.68,  0.116, 292.35,  0.103, 263.84,  0.157, 268.54,  0.154, 264.77,  0.189, 255.60,  0.171, 285.58,  0.127, 256.84,  0.089, 301.18,  0.099, 203.20,-99.000, -99.00,-99.000, -99.00,-99.000, -99.00,-99.000, -99.00,
9/18/2006 20:50:00,  8.6,276.1,  3.8,  2.6, 18.959, 29.67,  0.0,  0.0,  0.140, 301.53,  0.127, 357.75,  0.078, 327.53,  0.090, 349.07,  0.144, 318.66,  0.152, 327.36,  0.094, 309.81,  0.130, 304.06,  0.175, 332.12,  0.122, 288.14,  0.173, 303.23,  0.133, 298.68,  0.103, 281.20,  0.130, 266.04,  0.030, 185.71,  0.016, 349.38,-99.000, -99.00,-99.000, -99.00,-99.000, -99.00,-99.000, -99.00,
9/18/2006 20:55:00,  8.6,276.1,  3.8,  2.6, 18.952, 29.67,  0.0,  0.0,  0.085, 280.12,  0.075, 343.01,  0.038, 103.67,  0.157, 356.36,  0.058, 298.77,  0.138, 220.60,  0.146, 266.47,  0.136, 275.08,  0.101, 268.30,  0.126, 240.59,  0.142, 252.33,  0.177, 265.13,  0.173, 260.70,  0.106, 238.85,  0.114, 271.01,  0.171, 242.54,-99.000, -99.00,-99.000, -99.00,-99.000, -99.00,-99.000, -99.00,
9/18/2006 21:00:00,  8.6,276.1,  3.8,  2.7, 18.956, 29.67,  0.0,  0.0,  0.044,   2.60,  0.081, 347.86,  0.102, 314.20,  0.102, 309.81,  0.069, 323.79,  0.141, 293.84,  0.129, 293.78,  0.125, 301.91,  0.060, 234.46,  0.127, 303.44,  0.090, 267.46,  0.135, 280.65,  0.178, 302.18,  0.105, 243.92,  0.126, 262.26,  0.028, 220.60,-99.000, -99.00,-99.000, -99.00,-99.000, -99.00,-99.000, -99.00,
9/18/2006 21:05:00,  8.6,276.1,  3.8,  2.6, 18.947, 29.67,  0.0,  0.0,  0.064, 260.10,  0.069,  40.87,  0.102, 327.40,  0.039, 262.69,  0.075, 259.29,  0.100, 288.62,  0.085, 317.86,  0.074, 244.47,  0.101, 258.58,  0.085, 237.06,  0.049, 197.70,  0.135, 244.01,  0.099, 252.30,  0.053, 178.92,  0.022, 210.07,  0.010, 185.71,-99.000, -99.00,-99.000, -99.00,-99.000, -99.00,-99.000, -99.00,
9/18/2006 21:10:00,  8.5,276.1,  3.8,  2.6, 18.944, 29.67,  0.0,  0.0,  0.086, 248.82,  0.197, 287.70,  0.139, 249.73,  0.106, 283.64,  0.086, 270.00,  0.125, 292.06,  0.057, 222.14,  0.041, 351.67,  0.067,  15.48,  0.048,  12.01,  0.051, 160.50,  0.010, 246.04,  0.059, 185.81,  0.065, 205.39,  0.031, 270.00,  0.068, 211.11,-99.000, -99.00,-99.000, -99.00,-99.000, -99.00,-99.000, -99.00,
9/18/2006 21:15:00,  8.5,276.1,  3.8,  2.6, 18.937, 29.67,  0.0,  0.0,  0.148, 246.90,  0.146, 314.17,  0.071, 278.93,  0.050, 277.97,  0.156, 295.42,  0.141, 281.47,  0.104, 266.70,  0.103, 274.44,  0.090, 215.46,  0.096, 263.40,  0.082, 292.19,  0.056, 306.25,  0.151, 268.10,  0.132, 238.96,  0.055, 196.80,  0.115, 201.89,-99.000, -99.00,-99.000, -99.00,-99.000, -99.00,-99.000, -99.00,
9/18/2006 21:20:00,  8.5,276.1,  3.8,  2.6, 18.931, 29.67,  0.0,  0.0,  0.097, 265.87,  0.155, 288.43,  0.154, 327.76,  0.065,   0.88,  0.110, 301.68,  0.091, 351.16,  0.075, 325.89,  0.014, 347.91,  0.130, 270.88,  0.111, 282.53,  0.077, 302.87,  0.066, 353.95,  0.081, 322.99,  0.077, 293.89,  0.074, 316.64,  0.024, 233.62,-99.000, -99.00,-99.000, -99.00,-99.000, -99.00,-99.000, -99.00,
9/18/2006 21:25:00,  8.5,276.1,  3.8,  2.6, 18.930, 29.66,  0.0,  0.0,  0.058, 227.79,  0.103, 353.84,  0.136, 264.08,  0.039, 237.53,  0.055,  24.70,  0.045, 224.09,  0.042, 234.78,  0.012, 355.24,  0.028,  68.96,  0.081, 259.38,  0.118, 232.25,  0.048, 260.34,  0.048, 301.37,  0.060, 310.91,  0.068, 297.32,  0.047, 205.46,-99.000, -99.00,-99.000, -99.00,-99.000, -99.00,-99.000, -99.00,
9/18/2006 21:30:00,  8.5,276.0,  3.8,  2.7, 18.926, 29.65,  0.0,  0.0,  0.022, 100.30,  0.068, 279.32,  0.103, 291.08,  0.090, 351.06,  0.141, 296.93,  0.089, 302.62,  0.062, 270.00,  0.025, 233.13,  0.116, 274.93,  0.097, 272.36,  0.156, 257.03,  0.124, 272.77,  0.188, 294.24,  0.099, 237.75,  0.063, 303.94,  0.006, 251.57,-99.000, -99.00,-99.000, -99.00,-99.000, -99.00,-99.000, -99.00,
9/18/2006 21:35:00,  8.5,276.1,  3.8,  2.6, 18.913, 29.65,  0.0,  0.0,  0.180, 302.98,  0.053,  41.19,  0.006, 108.43,  0.070, 332.70,  0.051, 295.56,  0.060, 291.45,  0.071, 221.57,  0.118, 319.13,  0.088, 265.45,  0.116, 287.50,  0.114, 298.37,  0.056, 241.14,  0.046, 233.88,  0.060, 240.02,  0.066, 236.07,  0.000,   0.00,-99.000, -99.00,-99.000, -99.00,-99.000, -99.00,-99.000, -99.00,
9/18/2006 21:40:00,  8.5,276.1,  3.8,  2.7, 18.906, 29.65,  0.0,  0.0,  0.107, 296.57,  0.023, 267.51,  0.031,  30.65,  0.018, 253.61,  0.062, 299.05,  0.043, 345.32,  0.068, 332.68,  0.037, 353.83,  0.046, 274.97,  0.099, 278.13,  0.100, 266.57,  0.056, 243.43,  0.086, 303.14,  0.081, 265.76,  0.087, 246.97,  0.071, 303.47,-99.000, -99.00,-99.000, -99.00,-99.000, -99.00,-99.000, -99.00,
9/18/2006 21:45:00,  8.5,276.1,  3.8,  2.7, 18.902, 29.64,  0.0,  0.0,  0.154, 277.45,  0.094, 285.36,  0.033, 280.62,  0.135, 279.81,  0.010,   0.00,  0.044, 249.90,  0.063,  12.93,  0.031,   0.00,  0.063, 307.23,  0.082, 260.88,  0.098, 259.38,  0.080, 268.57,  0.084, 259.76,  0.078, 267.06,  0.069, 280.82,  0.090, 211.40,-99.000, -99.00,-99.000, -99.00,-99.000, -99.00,-99.000, -99.00,
9/18/2006 21:50:00,  8.5,276.1,  3.8,  2.6, 18.897, 29.63,  0.0,  0.0,  0.066, 257.66,  0.132, 260.82,  0.075, 270.00,  0.111, 167.47,  0.005, 248.20,  0.090,   9.57,  0.087, 298.03,  0.065, 244.61,  0.062,  46.97,  0.059,  37.45,  0.048, 253.07,  0.051, 214.62,  0.033, 284.04,  0.034, 139.76,  0.025,  78.69,  0.035, 140.83,-99.000, -99.00,-99.000, -99.00,-99.000, -99.00,-99.000, -99.00,
9/18/2006 21:55:00,  8.5,276.1,  3.8,  2.6, 18.899, 29.62,  0.0,  0.0,  0.102, 271.12,  0.111, 294.95,  0.026,  32.47,  0.150, 296.57,  0.164, 300.00,  0.045, 255.96,  0.074, 193.28,  0.038, 150.07,  0.035,  33.23,  0.035,   8.13,  0.076, 335.12,  0.045,  27.70,  0.060, 111.45,  0.064, 352.76,  0.012, 235.01,  0.023, 241.19,-99.000, -99.00,-99.000, -99.00,-99.000, -99.00,-99.000, -99.00,
9/18/2006 22:00:00,  8.5,276.1,  3.8,  2.7, 18.887, 29.62,  0.0,  0.0,  0.069, 203.96,  0.175, 245.34,  0.139, 289.35,  0.138, 258.28,  0.109, 277.39,  0.117, 279.38,  0.081, 227.01,  0.065, 305.64,  0.036, 245.56,  0.022, 327.72,  0.062, 344.18,  0.024, 207.65,  0.070, 146.08,  0.068, 180.00,  0.039, 336.04,  0.035, 131.50,-99.000, -99.00,-99.000, -99.00,-99.000, -99.00,-99.000, -99.00,
9/18/2006 22:05:00,  8.5,276.2,  3.8,  2.6, 18.888, 29.58,  0.0,  0.0,  0.059, 261.18,  0.068, 272.53,  0.038, 139.24,  0.023, 235.62,  0.067, 154.20,  0.081, 227.01,  0.049, 241.86,  0.031, 345.07,  0.060, 212.11,  0.016, 153.43,  0.076, 154.11,  0.061, 291.97,  0.074,  52.67,  0.091, 142.62,  0.042, 275.44,  0.011, 315.00,-99.000, -99.00,-99.000, -99.00,-99.000, -99.00,-99.000, -99.00,
9/18/2006 22:10:00,  8.5,276.1,  3.8,  2.6, 18.885, 29.56,  0.0,  0.0,  0.144, 185.19,  0.065, 157.38,  0.086, 167.91,  0.041, 248.46,  0.081, 262.87,  0.040, 275.71,  0.124, 327.85,  0.085, 265.96,  0.063, 274.54,  0.083, 358.62,  0.081, 345.79,  0.013, 278.75,  0.052, 127.97,  0.060,  90.00,  0.026, 162.26,  0.049, 148.24,-99.000, -99.00,-99.000, -99.00,-99.000, -99.00,-99.000, -99.00,
9/18/2006 22:15:00,  8.5,276.1,  3.8,  2.7, 18.877, 29.54,  0.0,  0.0,  0.078, 127.16,  0.095, 138.42,  0.043, 180.00,  0.047, 348.93,  0.084, 270.00,  0.107, 302.35,  0.075, 242.06,  0.022,   7.77,  0.077, 188.24,  0.044, 226.85,  0.096, 306.51,  0.046, 299.90,  0.072, 317.83,  0.016, 259.38,  0.043, 303.69,  0.017, 154.98,-99.000, -99.00,-99.000, -99.00,-99.000, -99.00,-99.000, -99.00,
9/18/2006 22:20:00,  8.5,276.1,  3.8,  2.6, 18.872, 29.52,  0.0,  0.0,  0.069,  94.14,  0.030, 178.09,  0.093, 138.06,  0.183, 201.80,  0.066, 151.88,  0.011, 270.00,  0.069, 321.47,  0.043, 271.33,  0.054, 237.20,  0.058, 155.64,  0.013, 218.66,  0.104, 300.77,  0.023, 244.54,  0.062, 296.98,  0.065, 196.19,  0.058, 176.05,-99.000, -99.00,-99.000, -99.00,-99.000, -99.00,-99.000, -99.00,
9/18/2006 22:25:00,  8.5,276.0,  3.8,  2.6, 18.869, 29.51,  0.0,  0.0,  0.058, 133.60,  0.032, 298.18,  0.097, 227.92,  0.154, 231.86,  0.052, 273.30,  0.062, 219.09,  0.084, 278.90,  0.098, 246.04,  0.060, 275.71,  0.040, 153.43,  0.025, 267.71,  0.036, 183.18,  0.058, 270.99,  0.020, 194.74,  0.017, 270.00,  0.004,   0.00,-99.000, -99.00,-99.000, -99.00,-99.000, -99.00,-99.000, -99.00,
9/18/2006 22:30:00,  8.5,276.1,  3.8,  2.6, 18.857, 29.50,  0.0,  0.0,  0.074, 151.70,  0.125, 131.75,  0.117, 146.17,  0.050, 207.60,  0.082, 216.59,  0.108, 190.68,  0.141, 240.15,  0.120, 221.95,  0.111, 268.45,  0.081, 262.87,  0.084, 213.31,  0.066, 180.87,  0.076, 175.49,  0.076, 256.33,  0.061, 228.99,  0.023, 172.57,-99.000, -99.00,-99.000, -99.00,-99.000, -99.00,-99.000, -99.00,
9/18/2006 22:35:00,  8.5,276.1,  3.8,  2.6, 18.861, 29.49,  0.0,  0.0,  0.039,  97.31,  0.058, 120.96,  0.046, 186.20,  0.077, 202.22,  0.032, 288.43,  0.043, 123.69,  0.040, 270.00,  0.025, 267.71,  0.031, 232.77,  0.020, 246.04,  0.092, 256.87,  0.051, 232.91,  0.017, 283.24,  0.011, 135.00,  0.056, 107.78,  0.023, 208.81,-99.000, -99.00,-99.000, -99.00,-99.000, -99.00,-99.000, -99.00,
9/18/2006 22:40:00,  8.5,276.1,  3.8,  2.7, 18.850, 29.50,  0.0,  0.0,  0.083, 152.82,  0.091, 204.03,  0.103, 179.44,  0.051, 182.25,  0.055, 123.11,  0.065, 293.43,  0.101, 304.95,  0.050, 270.00,  0.069, 209.54,  0.058, 234.12,  0.100, 224.59,  0.030, 207.41,  0.032,  79.05,  0.042, 153.43,  0.069, 326.31,  0.052, 181.10,-99.000, -99.00,-99.000, -99.00,-99.000, -99.00,-99.000, -99.00,
9/18/2006 22:45:00,  8.5,276.0,  3.8,  2.7, 18.850, 29.50,  0.0,  0.0,  0.062, 107.85,  0.089, 144.16,  0.025, 106.26,  0.081, 107.31,  0.071, 110.75,  0.071, 223.30,  0.038, 232.52,  0.011, 123.69,  0.033, 223.78,  0.038, 205.20,  0.012, 355.24,  0.061, 160.97,  0.074, 194.78,  0.016, 145.30,  0.018,  22.38,  0.028, 202.93,-99.000, -99.00,-99.000, -99.00,-99.000, -99.00,-99.000, -99.00,
9/18/2006 22:50:00,  8.5,276.0,  3.8,  2.7, 18.838, 29.50,  0.0,  0.0,  0.097, 176.46,  0.096, 139.66,  0.114, 158.39,  0.126, 156.08,  0.049, 140.79,  0.071, 133.30,  0.062,  84.47,  0.084, 113.82,  0.017, 266.63,  0.057, 180.00,  0.092, 188.13,  0.072, 186.34,  0.052, 248.40,  0.090, 180.00,  0.071, 158.50,  0.021, 169.22,-99.000, -99.00,-99.000, -99.00,-99.000, -99.00,-99.000, -99.00,
9/18/2006 22:55:00,  8.5,276.1,  3.8,  2.6, 18.846, 29.50,  0.0,  0.0,  0.130, 112.62,  0.119, 143.51,  0.082,  58.44,  0.115, 108.28,  0.112,  84.34,  0.155, 121.03,  0.120, 133.65,  0.013, 138.01,  0.113, 173.38,  0.062, 209.05,  0.071, 216.38,  0.166, 180.00,  0.054, 180.00,  0.071, 207.65,  0.069, 169.99,  0.020, 327.09,-99.000, -99.00,-99.000, -99.00,-99.000, -99.00,-99.000, -99.00,
9/18/2006 23:00:00,  8.5,276.0,  3.8,  2.6, 18.844, 29.50,  0.0,  0.0,  0.134, 162.24,  0.078, 108.67,  0.121, 146.84,  0.084, 124.82,  0.041,  46.97,  0.091, 109.23,  0.090, 170.43,  0.135, 146.19,  0.109, 138.72,  0.058, 146.31,  0.049, 213.37,  0.083, 214.65,  0.109, 243.20,  0.045, 202.04,  0.042, 132.09,  0.026,  87.80,-99.000, -99.00,-99.000, -99.00,-99.000, -99.00,-99.000, -99.00,
9/18/2006 23:05:00,  8.5,276.1,  3.8,  2.7, 18.847, 29.49,  0.0,  0.0,  0.140,  97.78,  0.095,  79.05,  0.116, 121.64,  0.079, 140.66,  0.094, 123.69,  0.092, 115.73,  0.029, 195.95,  0.042, 177.27,  0.044, 136.85,  0.049, 337.11,  0.052, 242.45,  0.049, 200.28,  0.037, 194.04,  0.024, 180.00,  0.024, 165.38,  0.029, 187.85,-99.000, -99.00,-99.000, -99.00,-99.000, -99.00,-99.000, -99.00,
9/18/2006 23:10:00,  8.5,276.1,  3.8,  2.7, 18.835, 29.49,  0.0,  0.0,  0.102, 115.56,  0.130, 112.21,  0.163, 109.32,  0.085, 139.76,  0.134, 138.93,  0.060, 128.21,  0.138,  64.18,  0.053,  84.61,  0.081, 231.01,  0.016,  82.87,  0.032,  21.80,  0.016, 309.81,  0.041, 138.95,  0.034, 150.46,  0.033, 164.29,  0.050, 169.59,-99.000, -99.00,-99.000, -99.00,-99.000, -99.00,-99.000, -99.00,
9/18/2006 23:15:00,  8.5,276.2,  3.9,  2.6, 18.832, 29.49,  0.0,  0.0,  0.099, 135.82,  0.124, 108.87,  0.179, 112.28,  0.174, 126.34,  0.086, 120.16,  0.224, 123.34,  0.180, 129.60,  0.128, 166.40,  0.162, 158.66,  0.146, 165.68,  0.124, 158.20,  0.118, 192.26,  0.030, 235.78,  0.069, 166.57,  0.092, 132.36,  0.039, 101.89,-99.000, -99.00,-99.000, -99.00,-99.000, -99.00,-99.000, -99.00,
9/18/2006 23:20:00,  8.5,276.2,  3.9,  2.6, 18.835, 29.48,  0.0,  0.0,  0.151, 110.11,  0.147,  99.78,  0.117, 135.69,  0.120,  88.09,  0.089, 143.26,  0.124, 122.79,  0.030, 150.02,  0.073, 354.52,  0.021, 185.44,  0.024, 119.74,  0.020, 156.04,  0.047, 243.43,  0.030, 312.27,  0.031,  16.70,  0.007, 146.31,  0.053, 180.00,-99.000, -99.00,-99.000, -99.00,-99.000, -99.00,-99.000, -99.00,
9/18/2006 23:25:00,  8.5,276.2,  3.9,  2.6, 18.814, 29.48,  0.0,  0.0,  0.169, 112.93,  0.084, 103.05,  0.187, 140.86,  0.257, 106.53,  0.217, 120.10,  0.117, 134.65,  0.038, 106.99,  0.029, 176.05,  0.067, 215.34,  0.015, 187.59,  0.029, 105.95,  0.095, 125.19,  0.071, 115.84,  0.058, 102.85,  0.048, 127.35,  0.004, 123.69,-99.000, -99.00,-99.000, -99.00,-99.000, -99.00,-99.000, -99.00,
9/18/2006 23:30:00,  8.5,276.3,  3.9,  2.6, 18.811, 29.48,  0.0,  0.0,  0.173, 114.94,  0.231, 121.01,  0.176, 121.08,  0.165, 146.12,  0.132, 136.53,  0.109, 112.09,  0.197, 133.76,  0.103, 129.88,  0.150, 154.80,  0.124, 134.02,  0.087, 164.05,  0.079, 127.30,  0.018,  56.31,  0.092, 126.62,  0.102, 100.76,  0.059, 123.96,-99.000, -99.00,-99.000, -99.00,-99.000, -99.00,-99.000, -99.00,
9/18/2006 23:35:00,  8.5,276.1,  3.9,  2.6, 18.811, 29.47,  0.0,  0.0,  0.162, 137.75,  0.161, 117.68,  0.212, 123.09,  0.177, 132.25,  0.154, 145.59,  0.157, 146.41,  0.137, 113.75,  0.073, 175.30,  0.069,  94.97,  0.165, 106.57,  0.222, 137.74,  0.078, 179.27,  0.032, 174.64,  0.107, 141.09,  0.170, 129.98,  0.062,  88.15,-99.000, -99.00,-99.000, -99.00,-99.000, -99.00,-99.000, -99.00,
9/18/2006 23:40:00,  8.5,276.0,  3.9,  2.7, 18.795, 29.47,  0.0,  0.0,  0.159, 182.16,  0.102, 198.97,  0.092, 121.28,  0.188, 128.95,  0.158, 136.02,  0.161, 117.84,  0.130, 125.90,  0.119, 115.92,  0.234, 113.71,  0.246, 119.69,  0.172,  98.37,  0.226, 121.22,  0.291, 119.65,  0.178,  92.89,  0.141,  97.73,  0.069, 103.43,-99.000, -99.00,-99.000, -99.00,-99.000, -99.00,-99.000, -99.00,
9/18/2006 23:45:00,  8.5,276.2,  3.9,  2.6, 18.786, 29.47,  0.0,  0.0,  0.061, 190.39,  0.106, 148.85,  0.179, 125.91,  0.191, 115.76,  0.168, 126.53,  0.210,  99.33,  0.231, 109.22,  0.245, 105.11,  0.259, 109.42,  0.320, 117.13,  0.219,  91.05,  0.252, 111.67,  0.256, 115.46,  0.164,  87.56,  0.172, 106.54,  0.124,  69.23,-99.000, -99.00,-99.000, -99.00,-99.000, -99.00,-99.000, -99.00,
9/18/2006 23:50:00,  8.5,276.3,  3.9,  2.6, 18.789, 29.46,  0.0,  0.0,  0.198, 138.68,  0.141, 124.59,  0.196, 119.05,  0.202, 113.90,  0.139, 105.44,  0.139, 135.87,  0.208, 111.14,  0.140, 125.39,  0.142, 127.84,  0.109, 109.27,  0.165, 112.38,  0.172, 119.70,  0.136,  94.62,  0.125, 139.55,  0.007, 195.95,  0.056, 176.93,-99.000, -99.00,-99.000, -99.00,-99.000, -99.00,-99.000, -99.00,
9/18/2006 23:55:00,  8.5,276.2,  3.9,  2.6, 18.794, 29.46,  0.0,  0.0,  0.158, 130.64,  0.153, 135.26,  0.230, 143.13,  0.248, 136.64,  0.193, 122.54,  0.182, 126.74,  0.120, 110.56,  0.100,  89.43,  0.157, 131.91,  0.091,  83.66,  0.145,  52.58,  0.112,  84.90,  0.073,  96.25,  0.041,  74.62,  0.046,  12.53,  0.039, 113.96,-99.000, -99.00,-99.000, -99.00,-99.000, -99.00,-99.000, -99.00,
9/19/2006 00:00:00,  8.5,276.0,  3.9,  2.6, 18.790, 29.46,  0.0,  0.0,  0.084, 203.82,  0.209, 154.17,  0.167, 149.74,  0.103, 144.92,  0.236, 137.58,  0.211, 118.02,  0.187, 118.76,  0.131, 115.39,  0.169, 160.28,  0.214, 166.22,  0.123, 156.99,  0.077, 189.71,  0.036, 270.00,  0.037,  38.42,  0.084, 359.32,  0.045, 226.79,-99.000, -99.00,-99.000, -99.00,-99.000, -99.00,-99.000, -99.00,
9/19/2006 00:05:00,  8.5,276.1,  3.9,  2.7, 18.787, 29.45,  0.0,  0.0,  0.105, 154.65,  0.158, 142.19,  0.110, 132.06,  0.154, 156.26,  0.108, 150.12,  0.052,  92.20,  0.088,  73.43,  0.146,  84.88,  0.094,  43.71,  0.121,   0.00,  0.055, 355.84,  0.081,  86.47,  0.092,   8.13,  0.091,  56.66,  0.040, 110.73,  0.052, 172.33,-99.000, -99.00,-99.000, -99.00,-99.000, -99.00,-99.000, -99.00,
9/19/2006 00:10:00,  8.5,276.1,  3.9,  2.7, 18.786, 29.45,  0.0,  0.0,  0.049, 264.17,  0.115, 193.07,  0.128, 180.90,  0.193, 163.16,  0.137, 176.66,  0.144, 165.09,  0.062, 201.63,  0.088, 178.05,  0.022, 103.39,  0.031, 273.69,  0.031, 206.57,  0.025,  45.00,  0.074,   0.00,  0.073,  52.19,  0.069,  20.27,  0.064,  70.71,-99.000, -99.00,-99.000, -99.00,-99.000, -99.00,-99.000, -99.00,
9/19/2006 00:15:00,  8.5,276.2,  3.9,  2.6, 18.784, 29.45,  0.0,  0.0,  0.081, 202.46,  0.028, 129.29,  0.082,  82.96,  0.056, 274.09,  0.077,  84.81,  0.043, 172.06,  0.043,  88.67,  0.085, 332.84,  0.033, 358.26,  0.033, 340.46,  0.047,  19.98,  0.170, 352.58,  0.091, 346.72,  0.167, 342.22,  0.042, 358.64,  0.038,  70.14,-99.000, -99.00,-99.000, -99.00,-99.000, -99.00,-99.000, -99.00,
9/19/2006 00:20:00,  8.5,276.3,  3.9,  2.6, 18.786, 29.45,  0.0,  0.0,  0.064, 206.16,  0.108, 214.86,  0.105, 189.28,  0.100, 157.56,  0.109, 182.63,  0.108, 158.20,  0.103, 154.68,  0.068, 177.47,  0.030, 268.09,  0.074, 340.35,  0.116, 341.41,  0.090, 345.81,  0.137, 336.80,  0.103, 327.70,  0.141, 328.34,  0.038,  47.12,-99.000, -99.00,-99.000, -99.00,-99.000, -99.00,-99.000, -99.00,
9/19/2006 00:25:00,  8.5,276.1,  3.9,  2.6, 18.783, 29.45,  0.0,  0.0,  0.045, 223.21,  0.017,  49.76,  0.106, 111.50,  0.002,  90.00,  0.038, 322.52,  0.017,  54.46,  0.093,  73.72,  0.034,  76.37,  0.052, 351.09,  0.059,  16.61,  0.078, 356.33,  0.173, 327.05,  0.099, 331.11,  0.191, 322.65,  0.143, 305.02,  0.055,  65.30,-99.000, -99.00,-99.000, -99.00,-99.000, -99.00,-99.000, -99.00,
9/19/2006 00:30:00,  8.5,276.2,  3.9,  2.7, 18.783, 29.45,  0.0,  0.0,  0.088, 166.12,  0.035, 120.96,  0.065, 228.73,  0.108, 115.14,  0.047, 204.94,  0.126, 205.35,  0.046, 232.88,  0.099, 220.91,  0.056, 261.72,  0.030, 299.98,  0.070, 255.96,  0.146, 302.17,  0.076, 357.74,  0.083,   0.00,  0.116, 343.92,  0.027, 228.01,-99.000, -99.00,-99.000, -99.00,-99.000, -99.00,-99.000, -99.00,
9/19/2006 00:35:00,  8.5,276.1,  3.8,  2.7, 18.775, 29.45,  0.0,  0.0,  0.081, 327.09,  0.036, 322.82,  0.126, 221.14,  0.043, 167.91,  0.078,   1.47,  0.073, 328.50,  0.041, 297.82,  0.047, 342.72,  0.048,  24.44,  0.030, 199.65,  0.047,  41.53,  0.121, 354.76,  0.107, 358.93,  0.038, 347.80,  0.062, 325.54,  0.020,  69.78,-99.000, -99.00,-99.000, -99.00,-99.000, -99.00,-99.000, -99.00,
9/19/2006 00:40:00,  8.5,276.1,  3.9,  2.7, 18.775, 29.45,  0.0,  0.0,  0.081, 313.51,  0.051,  60.40,  0.033, 255.96,  0.044, 101.82,  0.054, 333.43,  0.030, 240.02,  0.050, 296.05,  0.037, 268.45,  0.084, 267.27,  0.128, 344.12,  0.093, 355.08,  0.149, 324.28,  0.123, 334.90,  0.145, 328.50,  0.124, 311.40,  0.053,   0.00,-99.000, -99.00,-99.000, -99.00,-99.000, -99.00,-99.000, -99.00,
9/19/2006 00:45:00,  8.5,276.2,  3.9,  2.7, 18.769, 29.45,  0.0,  0.0,  0.061, 294.06,  0.105, 312.68,  0.106, 318.46,  0.046,   0.00,  0.112,  33.69,  0.121, 331.96,  0.042, 324.78,  0.066, 331.11,  0.037, 341.08,  0.141, 304.93,  0.146, 325.01,  0.147, 307.26,  0.112, 281.31,  0.147, 322.74,  0.128, 315.95,  0.041, 291.54,-99.000, -99.00,-99.000, -99.00,-99.000, -99.00,-99.000, -99.00,
9/19/2006 00:50:00,  8.5,276.1,  3.9,  2.6, 18.762, 29.45,  0.0,  0.0,  0.020, 287.53,  0.057, 357.99,  0.104, 292.62,  0.103, 319.34,  0.111, 131.72,  0.036, 199.44,  0.021, 340.71,  0.056, 254.48,  0.092, 303.00,  0.137, 313.23,  0.125, 298.21,  0.090, 315.45,  0.111, 324.16,  0.173, 336.54,  0.146, 313.89,  0.036, 266.82,-99.000, -99.00,-99.000, -99.00,-99.000, -99.00,-99.000, -99.00,
9/19/2006 00:55:00,  8.5,276.2,  3.9,  2.7, 18.752, 29.45,  0.0,  0.0,  0.128, 336.45,  0.062, 265.39,  0.032, 352.87,  0.102, 327.40,  0.059, 336.93,  0.033, 324.87,  0.033, 164.29,  0.051, 270.00,  0.105, 277.13,  0.090, 328.60,  0.092, 325.62,  0.116, 350.05,  0.147, 326.96,  0.218, 329.67,  0.120, 307.92,  0.030, 270.00,-99.000, -99.00,-99.000, -99.00,-99.000, -99.00,-99.000, -99.00,
9/19/2006 01:00:00,  8.5,276.2,  3.9,  2.6, 18.762, 29.45,  0.0,  0.0,  0.178, 334.30,  0.072, 339.81,  0.063, 352.65,  0.154, 309.47,  0.117, 279.38,  0.062, 215.75,  0.107, 315.75,  0.053, 286.39,  0.092, 324.75,  0.016, 183.58,  0.056, 322.31,  0.067, 325.36,  0.069, 303.69,  0.179, 322.94,  0.116, 326.58,  0.024, 323.62,-99.000, -99.00,-99.000, -99.00,-99.000, -99.00,-99.000, -99.00,
9/19/2006 01:05:00,  8.5,276.1,  3.9,  2.6, 18.755, 29.45,  0.0,  0.0,  0.097,  11.89,  0.077, 353.25,  0.112, 315.36,  0.038, 302.01,  0.170, 305.66,  0.154, 286.56,  0.053, 343.61,  0.224, 343.10,  0.111,  14.04,  0.070, 312.11,  0.106, 287.06,  0.143, 322.65,  0.092, 324.25,  0.133, 321.41,  0.030, 325.78,  0.051,  69.44,-99.000, -99.00,-99.000, -99.00,-99.000, -99.00,-99.000, -99.00,
9/19/2006 01:10:00,  8.5,276.2,  3.9,  2.7, 18.755, 29.45,  0.0,  0.0,  0.152, 337.64,  0.104, 330.73,  0.061,  24.06,  0.064, 324.57,  0.058, 331.23,  0.116, 296.12,  0.193, 316.47,  0.143, 333.43,  0.062,   5.53,  0.085, 340.07,  0.183, 336.10,  0.129, 286.19,  0.109, 323.24,  0.113,   2.03,  0.112, 356.93,  0.051,  65.46,-99.000, -99.00,-99.000, -99.00,-99.000, -99.00,-99.000, -99.00,
9/19/2006 01:15:00,  8.5,276.2,  3.9,  2.7, 18.752, 29.46,  0.0,  0.0,  0.067,  73.47,  0.143,  11.31,  0.108, 335.34,  0.070, 260.13,  0.060, 290.56,  0.199, 338.84,  0.108, 298.23,  0.078,  48.12,  0.116,  13.92,  0.062, 346.87,  0.098, 336.04,  0.134, 330.95,  0.116, 334.98,  0.108, 325.57,  0.051, 313.41,  0.013, 292.62,-99.000, -99.00,-99.000, -99.00,-99.000, -99.00,-99.000, -99.00,
9/19/2006 01:20:00,  8.4,276.1,  3.9,  2.7, 18.762, 29.46,  0.0,  0.0,  0.123, 344.95,  0.112,   1.53,  0.099,   6.98,  0.088, 303.87,  0.074, 311.70,  0.103,   0.00,  0.058, 342.82,  0.099, 253.02,  0.168, 344.48,  0.114, 328.26,  0.062, 289.90,  0.098, 284.74,  0.063, 261.74,  0.185, 330.52,  0.110, 316.85,  0.057, 346.93,-99.000, -99.00,-99.000, -99.00,-99.000, -99.00,-99.000, -99.00,
9/19/2006 01:25:00,  8.4,276.1,  3.9,  2.6, 18.749, 29.47,  0.0,  0.0,  0.104, 336.15,  0.049,  16.59,  0.093, 289.41,  0.117, 326.17,  0.202, 322.05,  0.028, 337.07,  0.041,  67.17,  0.104, 323.24,  0.097, 348.11,  0.107, 331.52,  0.098, 315.41,  0.081, 297.82,  0.165, 327.66,  0.142, 328.55,  0.130, 325.70,  0.069, 282.62,-99.000, -99.00,-99.000, -99.00,-99.000, -99.00,-99.000, -99.00,
9/19/2006 01:30:00,  8.4,276.1,  3.9,  2.6, 18.752, 29.48,  0.0,  0.0,  0.120, 356.66,  0.049, 355.33,  0.139, 345.86,  0.136,  18.03,  0.119, 329.12,  0.103, 289.84,  0.035, 319.57,  0.118, 316.03,  0.097, 335.02,  0.092, 309.73,  0.126, 296.97,  0.068, 261.51,  0.096, 313.32,  0.146, 341.19,  0.145, 331.67,  0.039, 334.09,-99.000, -99.00,-99.000, -99.00,-99.000, -99.00,-99.000, -99.00,
9/19/2006 01:35:00,  8.4,276.1,  3.9,  2.6, 18.754, 29.48,  0.0,  0.0,  0.088,   3.25,  0.072,  55.20,  0.117, 281.31,  0.090, 294.29,  0.119, 312.95,  0.153, 313.41,  0.074, 310.60,  0.113, 299.05,  0.124, 318.60,  0.102, 325.38,  0.130, 327.53,  0.047, 326.31,  0.059, 336.04,  0.116, 315.70,  0.167, 326.98,  0.028, 319.40,-99.000, -99.00,-99.000, -99.00,-99.000, -99.00,-99.000, -99.00,
9/19/2006 01:40:00,  8.4,276.1,  3.9,  2.6, 18.753, 29.49,  0.0,  0.0,  0.171,   1.34,  0.100, 314.59,  0.089, 292.52,  0.202, 290.32,  0.126, 309.51,  0.099, 329.04,  0.084, 296.87,  0.134, 316.52,  0.087, 327.23,  0.153, 295.56,  0.108, 313.49,  0.043,   0.00,  0.117, 331.90,  0.150, 349.66,  0.155, 348.47,  0.025,  90.00,-99.000, -99.00,-99.000, -99.00,-99.000, -99.00,-99.000, -99.00,
9/19/2006 01:45:00,  8.4,276.1,  3.9,  2.7, 18.750, 29.50,  0.0,  0.0,  0.185, 251.08,  0.031, 189.16,  0.117,   0.00,  0.169, 351.82,  0.078,   6.67,  0.066, 309.47,  0.098, 301.26,  0.157, 299.34,  0.099, 307.22,  0.081, 316.49,  0.032, 347.28,  0.071, 311.57,  0.174, 293.33,  0.080, 333.11,  0.144, 348.38,  0.086,  98.70,-99.000, -99.00,-99.000, -99.00,-99.000, -99.00,-99.000, -99.00,
9/19/2006 01:50:00,  8.4,276.3,  3.9,  2.7, 18.747, 29.48,  0.0,  0.0,  0.071, 351.07,  0.035,   4.90,  0.111, 337.14,  0.061, 356.25,  0.191, 304.52,  0.100,   4.00,  0.086, 309.81,  0.144, 306.79,  0.042, 270.00,  0.048, 249.30,  0.096, 311.63,  0.129, 330.26,  0.079, 320.66,  0.046,  12.53,  0.054, 350.36,  0.025,  11.31,-99.000, -99.00,-99.000, -99.00,-99.000, -99.00,-99.000, -99.00,
9/19/2006 01:55:00,  8.4,276.3,  3.9,  2.6, 18.754, 29.48,  0.0,  0.0,  0.159, 303.19,  0.171, 298.66,  0.078, 344.36,  0.139, 354.62,  0.109,  30.33,  0.130, 353.81,  0.104, 336.87,  0.093, 350.74,  0.093, 331.78,  0.043, 271.33,  0.130, 277.51,  0.187, 309.57,  0.107, 319.92,  0.096, 344.95,  0.056, 327.45,  0.028, 316.47,-99.000, -99.00,-99.000, -99.00,-99.000, -99.00,-99.000, -99.00,
9/19/2006 02:00:00,  8.4,276.1,  3.9,  2.6, 18.751, 29.47,  0.0,  0.0,  0.118, 353.66,  0.111, 329.04,  0.071, 312.71,  0.169,   9.18,  0.109,   0.00,  0.062, 296.98,  0.035, 124.59,  0.006, 329.04,  0.059, 277.85,  0.113, 303.83,  0.062, 320.19,  0.152, 312.07,  0.137, 313.23,  0.119, 358.56,  0.088, 342.18,  0.009, 341.57,-99.000, -99.00,-99.000, -99.00,-99.000, -99.00,-99.000, -99.00,
9/19/2006 02:05:00,  8.4,276.2,  3.9,  2.6, 18.751, 29.46,  0.0,  0.0,  0.055, 245.30,  0.081, 331.84,  0.077, 252.51,  0.080, 349.25,  0.063, 315.64,  0.109,  24.92,  0.053, 358.92,  0.059,  37.45,  0.018,  26.57,  0.032, 257.28,  0.073, 321.71,  0.105, 320.40,  0.121, 344.12,  0.105, 332.70,  0.013, 318.01,  0.007,  90.00,-99.000, -99.00,-99.000, -99.00,-99.000, -99.00,-99.000, -99.00,
9/19/2006 02:10:00,  8.4,276.2,  3.9,  2.7, 18.760, 29.46,  0.0,  0.0,  0.023, 315.00,  0.105, 292.91,  0.059,   0.00,  0.084,  73.50,  0.109, 297.98,  0.102, 299.33,  0.158, 353.82,  0.111, 331.35,  0.023, 320.19,  0.105, 325.86,  0.091, 311.42,  0.184, 336.92,  0.076, 223.39,  0.094, 282.26,  0.092, 213.52,  0.016, 248.20,-99.000, -99.00,-99.000, -99.00,-99.000, -99.00,-99.000, -99.00,
9/19/2006 02:15:00,  8.4,276.1,  3.8,  2.7, 18.754, 29.45,  0.0,  0.0,  0.116, 305.88,  0.157, 335.22,  0.054, 349.32,  0.073, 312.22,  0.037, 259.00,  0.106, 270.00,  0.081, 232.00,  0.032, 358.21,  0.058,   0.99,  0.040, 108.89,  0.025, 334.44,  0.046, 294.34,  0.049, 272.34,  0.108, 294.66,  0.060, 318.37,  0.036, 345.58,-99.000, -99.00,-99.000, -99.00,-99.000, -99.00,-99.000, -99.00,
9/19/2006 02:20:00,  8.4,276.1,  3.9,  2.6, 18.757, 29.45,  0.0,  0.0,  0.118, 317.40,  0.095, 336.96,  0.055, 341.90,  0.080, 321.56,  0.096, 302.20,  0.091,  12.05,  0.084,   2.73,  0.032, 216.16,  0.041, 140.91,  0.050, 164.85,  0.037, 270.00,  0.059, 302.62,  0.089, 311.37,  0.166, 330.04,  0.107, 326.01,  0.021, 328.57,-99.000, -99.00,-99.000, -99.00,-99.000, -99.00,-99.000, -99.00,
9/19/2006 02:25:00,  8.4,276.2,  3.9,  2.7, 18.756, 29.45,  0.0,  0.0,  0.073, 354.52,  0.155, 296.07,  0.036, 328.50,  0.093, 313.26,  0.052, 316.55,  0.125, 280.14,  0.056, 332.53,  0.067,  62.28,  0.081, 324.54,  0.026, 287.74,  0.081, 357.17,  0.056, 333.43,  0.036, 322.82,  0.024, 289.18,  0.124, 325.16,  0.029, 229.18,-99.000, -99.00,-99.000, -99.00,-99.000, -99.00,-99.000, -99.00,
9/19/2006 02:30:00,  8.4,276.2,  3.9,  2.6, 18.754, 29.45,  0.0,  0.0,  0.079,  58.91,  0.077, 285.84,  0.016, 142.43,  0.047, 355.14,  0.118, 318.45,  0.101, 303.69,  0.070, 259.33,  0.071, 274.83,  0.035, 266.73,  0.038, 263.99,  0.089, 296.57,  0.114, 299.93,  0.069, 285.04,  0.082, 336.89,  0.088, 341.36,  0.023, 272.49,-99.000, -99.00,-99.000, -99.00,-99.000, -99.00,-99.000, -99.00,
9/19/2006 02:35:00,  8.4,276.1,  3.9,  2.6, 18.763, 29.45,  0.0,  0.0,  0.143,   3.60,  0.080, 112.07,  0.067, 303.45,  0.120, 339.00,  0.055, 355.84,  0.079, 304.70,  0.110, 296.33,  0.109, 309.40,  0.155, 304.51,  0.123, 270.00,  0.153, 282.04,  0.094, 293.28,  0.095, 331.82,  0.116, 348.59,  0.117, 331.90,  0.040,   0.00,-99.000, -99.00,-99.000, -99.00,-99.000, -99.00,-99.000, -99.00,
9/19/2006 02:40:00,  8.4,276.2,  3.9,  2.6, 18.764, 29.45,  0.0,  0.0,  0.071,  45.57,  0.080, 290.47,  0.026, 357.80,  0.005,  11.31,  0.016,  60.26,  0.081, 330.60,  0.123, 324.63,  0.038,  28.61,  0.064, 300.19,  0.031,  13.13,  0.065, 271.76,  0.091, 286.64,  0.072, 301.92,  0.043, 201.80,  0.018, 250.56,  0.027, 246.25,-99.000, -99.00,-99.000, -99.00,-99.000, -99.00,-99.000, -99.00,
9/19/2006 02:45:00,  8.4,276.2,  3.9,  2.6, 18.767, 29.45,  0.0,  0.0,  0.039,   4.40,  0.022,  68.20,  0.099,  36.41,  0.048, 341.94,  0.089, 311.37,  0.148, 321.58,  0.055, 339.93,  0.097, 324.67,  0.084, 329.15,  0.045, 299.43,  0.066, 198.43,  0.076, 278.34,  0.030, 208.30,  0.045, 326.66,  0.061, 288.14,  0.052, 347.83,-99.000, -99.00,-99.000, -99.00,-99.000, -99.00,-99.000, -99.00,
9/19/2006 02:50:00,  8.4,276.1,  3.9,  2.6, 18.780, 29.45,  0.0,  0.0,  0.058,   0.00,  0.017,  17.35,  0.073, 340.08,  0.079,  16.14,  0.057,  42.88,  0.083, 349.63,  0.099,   1.16,  0.061,  83.45,  0.042, 289.29,  0.078, 272.20,  0.079, 263.42,  0.063, 259.94,  0.058, 239.04,  0.127, 321.06,  0.091, 349.92,  0.011,  90.00,-99.000, -99.00,-99.000, -99.00,-99.000, -99.00,-99.000, -99.00,
9/19/2006 02:55:00,  8.4,276.1,  3.9,  2.6, 18.769, 29.45,  0.0,  0.0,  0.061, 339.78,  0.043, 299.58,  0.072, 337.01,  0.082, 292.19,  0.127, 281.31,  0.121, 335.56,  0.093, 318.06,  0.061, 325.01,  0.060, 249.44,  0.054, 240.12,  0.017, 310.24,  0.085, 343.69,  0.148, 319.40,  0.093, 310.20,  0.019, 285.52,  0.020, 159.78,-99.000, -99.00,-99.000, -99.00,-99.000, -99.00,-99.000, -99.00,
9/19/2006 03:00:00,  8.4,276.2,  3.9,  2.6, 18.789, 29.45,  0.0,  0.0,  0.042,  46.91,  0.074, 341.08,  0.083, 315.97,  0.052, 343.30,  0.033, 264.81,  0.096, 300.56,  0.136, 331.56,  0.053, 294.62,  0.067, 290.85,  0.090, 295.71,  0.030, 270.00,  0.037,   7.70,  0.059,   6.77,  0.057, 348.89,  0.052, 301.53,  0.038, 336.80,-99.000, -99.00,-99.000, -99.00,-99.000, -99.00,-99.000, -99.00,
9/19/2006 03:05:00,  8.4,276.1,  3.8,  2.7, 18.773, 29.45,  0.0,  0.0,  0.075, 283.11,  0.105, 308.83,  0.105, 309.60,  0.002, 116.57,  0.038,  33.27,  0.118,  31.80,  0.080, 347.70,  0.087,  16.76,  0.090, 286.82,  0.124, 292.23,  0.121, 295.50,  0.081, 291.80,  0.057, 317.12,  0.056, 322.31,  0.069, 359.17,  0.028,  27.47,-99.000, -99.00,-99.000, -99.00,-99.000, -99.00,-99.000, -99.00,
9/19/2006 03:10:00,  8.4,276.0,  3.8,  2.7, 18.779, 29.46,  0.0,  0.0,  0.080,  32.31,  0.038,  47.12,  0.074,  31.10,  0.023,  34.38,  0.082,  20.64,  0.016,  50.19,  0.032,   0.00,  0.046, 323.88,  0.061, 237.09,  0.068, 269.16,  0.044, 268.70,  0.067, 264.88,  0.161, 287.31,  0.150, 294.35,  0.075, 312.84,  0.051, 173.29,-99.000, -99.00,-99.000, -99.00,-99.000, -99.00,-99.000, -99.00,
9/19/2006 03:15:00,  8.4,276.1,  3.8,  2.7, 18.787, 29.47,  0.0,  0.0,  0.076, 290.11,  0.170, 344.33,  0.036, 300.14,  0.079,  10.89,  0.202, 353.47,  0.111, 349.60,  0.092, 307.49,  0.133, 287.48,  0.052, 280.01,  0.079, 326.92,  0.077, 333.77,  0.015, 331.70,  0.074, 280.10,  0.141, 323.94,  0.083, 317.45,  0.061, 311.01,-99.000, -99.00,-99.000, -99.00,-99.000, -99.00,-99.000, -99.00,
9/19/2006 03:20:00,  8.4,276.1,  3.9,  2.6, 18.795, 29.47,  0.0,  0.0,  0.071, 333.07,  0.074,   3.87,  0.080, 352.79,  0.049,  67.11,  0.086,   6.71,  0.121, 319.35,  0.122, 334.27,  0.042, 321.77,  0.095, 303.86,  0.056, 325.18,  0.123, 284.60,  0.095, 319.27,  0.114, 330.51,  0.105, 324.33,  0.103, 318.92,  0.049, 305.94,-99.000, -99.00,-99.000, -99.00,-99.000, -99.00,-99.000, -99.00,
9/19/2006 03:25:00,  8.4,276.1,  3.9,  2.6, 18.795, 29.47,  0.0,  0.0,  0.099,  36.41,  0.063,  78.16,  0.085, 305.38,  0.101, 310.97,  0.130, 327.53,  0.026, 339.44,  0.115, 281.02,  0.071, 277.33,  0.114, 254.74,  0.137, 283.53,  0.087, 255.32,  0.060, 309.56,  0.166, 333.90,  0.132, 337.31,  0.052, 339.83,  0.036, 217.18,-99.000, -99.00,-99.000, -99.00,-99.000, -99.00,-99.000, -99.00,
9/19/2006 03:30:00,  8.4,276.0,  3.9,  2.6, 18.795, 29.48,  0.0,  0.0,  0.025,  80.91,  0.054,  44.26,  0.040, 327.09,  0.122, 345.74,  0.014, 306.03,  0.079, 351.25,  0.083, 248.71,  0.089, 274.50,  0.153, 241.42,  0.110, 298.19,  0.156, 311.88,  0.088, 310.39,  0.070, 305.06,  0.041, 285.38,  0.095, 316.27,  0.028, 282.53,-99.000, -99.00,-99.000, -99.00,-99.000, -99.00,-99.000, -99.00,
9/19/2006 03:35:00,  8.4,276.0,  3.8,  2.7, 18.803, 29.49,  0.0,  0.0,  0.057, 309.29,  0.074, 328.90,  0.110, 286.95,  0.026, 299.48,  0.110, 287.94,  0.080, 305.87,  0.160, 320.84,  0.104, 286.70,  0.037, 259.00,  0.050, 229.90,  0.113, 317.86,  0.079, 288.43,  0.054, 307.50,  0.080, 212.69,  0.092, 303.00,  0.051, 321.34,-99.000, -99.00,-99.000, -99.00,-99.000, -99.00,-99.000, -99.00,
9/19/2006 03:40:00,  8.4,276.1,  3.9,  2.7, 18.798, 29.50,  0.0,  0.0,  0.030,   0.00,  0.017,  76.76,  0.101, 322.67,  0.074, 328.24,  0.108, 321.01,  0.033, 226.22,  0.142, 293.15,  0.034, 271.68,  0.050, 228.27,  0.043, 330.42,  0.035,   8.13,  0.112,   7.70,  0.143,  14.62,  0.070,  19.21,  0.064,   2.68,  0.060,  21.45,-99.000, -99.00,-99.000, -99.00,-99.000, -99.00,-99.000, -99.00,
9/19/2006 03:45:00,  8.4,276.3,  3.9,  2.6, 18.811, 29.51,  0.0,  0.0,  0.092, 347.47,  0.105, 349.01,  0.096, 242.63,  0.032, 347.28,  0.043,  56.31,  0.138, 269.58,  0.134, 316.21,  0.036, 337.01,  0.099, 334.21,  0.027, 135.00,  0.036, 347.12,  0.094, 354.53,  0.160, 325.21,  0.094, 331.24,  0.139, 326.77,  0.021, 351.87,-99.000, -99.00,-99.000, -99.00,-99.000, -99.00,-99.000, -99.00,
9/19/2006 03:50:00,  8.4,276.1,  3.9,  2.6, 18.800, 29.52,  0.0,  0.0,  0.115, 325.62,  0.061, 350.54,  0.074,   0.00,  0.046,   4.97,  0.085, 357.31,  0.053, 356.76,  0.003, 270.00,  0.016, 209.74,  0.014, 252.90,  0.045, 169.70,  0.112, 303.69,  0.072, 200.19,  0.080, 338.86,  0.084, 300.85,  0.119, 306.77,  0.056, 312.83,-99.000, -99.00,-99.000, -99.00,-99.000, -99.00,-99.000, -99.00,
9/19/2006 03:55:00,  8.4,276.1,  3.9,  2.6, 18.811, 29.53,  0.0,  0.0,  0.101,  17.35,  0.091, 305.61,  0.111,   5.71,  0.089, 279.67,  0.159, 326.81,  0.063, 284.70,  0.072, 291.21,  0.063, 254.43,  0.072, 339.54,  0.078, 319.16,  0.034, 328.17,  0.063, 318.22,  0.039, 284.74,  0.060, 299.98,  0.015, 312.27,  0.048,  18.06,-99.000, -99.00,-99.000, -99.00,-99.000, -99.00,-99.000, -99.00,
9/19/2006 04:00:00,  8.4,276.2,  3.9,  2.6, 18.805, 29.53,  0.0,  0.0,  0.074, 304.55,  0.153, 322.68,  0.081, 355.76,  0.036,  14.42,  0.065,  19.00,  0.031, 320.19,  0.086,  45.47,  0.025, 348.23,  0.109, 275.24,  0.063, 264.56,  0.024,  12.26,  0.046, 222.36,  0.029, 271.97,  0.053, 347.01,  0.082, 341.57,  0.031, 299.05,-99.000, -99.00,-99.000, -99.00,-99.000, -99.00,-99.000, -99.00,
9/19/2006 04:05:00,  8.4,276.0,  3.9,  2.6, 18.819, 29.54,  0.0,  0.0,  0.048, 356.42,  0.124,  15.38,  0.116, 343.92,  0.101,  70.31,  0.073, 335.88,  0.070, 341.57,  0.078, 348.98,  0.144, 338.05,  0.096, 300.04,  0.089, 298.87,  0.072, 271.59,  0.133, 322.96,  0.054, 315.74,  0.055, 311.28,  0.090, 305.10,  0.035, 261.87,-99.000, -99.00,-99.000, -99.00,-99.000, -99.00,-99.000, -99.00,
9/19/2006 04:10:00,  8.4,276.2,  3.9,  2.6, 18.808, 29.55,  0.0,  0.0,  0.040, 358.57,  0.092, 321.15,  0.053, 288.78,  0.057, 331.63,  0.086, 294.78,  0.083, 353.81,  0.063, 234.04,  0.135, 205.99,  0.101, 298.34,  0.074, 333.43,  0.080, 299.12,  0.190, 305.78,  0.118, 320.51,  0.116, 346.08,  0.089, 299.74,  0.065, 308.11,-99.000, -99.00,-99.000, -99.00,-99.000, -99.00,-99.000, -99.00,
9/19/2006 04:15:00,  8.4,276.1,  3.9,  2.6, 18.816, 29.55,  0.0,  0.0,  0.032, 133.73,  0.019,  78.11,  0.078, 264.14,  0.042, 281.04,  0.047, 274.86,  0.057, 305.66,  0.105, 228.09,  0.069, 297.68,  0.080, 308.44,  0.076, 276.01,  0.099, 263.60,  0.100, 285.71,  0.043, 279.46,  0.041, 334.06,  0.026, 344.36,  0.024,  22.25,-99.000, -99.00,-99.000, -99.00,-99.000, -99.00,-99.000, -99.00,
9/19/2006 04:20:00,  8.4,276.3,  3.9,  2.7, 18.823, 29.56,  0.0,  0.0,  0.116,  41.51,  0.040,  20.22,  0.075, 243.09,  0.024,   4.76,  0.117, 343.11,  0.148, 310.35,  0.121, 301.86,  0.091, 313.67,  0.096, 259.75,  0.078, 308.20,  0.125, 311.75,  0.069, 286.06,  0.196, 325.58,  0.181, 322.88,  0.160, 324.42,  0.028, 320.71,-99.000, -99.00,-99.000, -99.00,-99.000, -99.00,-99.000, -99.00,
9/19/2006 04:25:00,  8.4,276.0,  3.9,  2.6, 18.828, 29.56,  0.0,  0.0,  0.094,  40.27,  0.086, 352.63,  0.095, 302.52,  0.069, 327.46,  0.061, 346.65,  0.062, 355.39,  0.108, 310.49,  0.008, 320.19,  0.082, 259.51,  0.095, 288.43,  0.040, 265.71,  0.097, 313.75,  0.091, 340.18,  0.081, 343.57,  0.103, 353.29,  0.077,  21.25,-99.000, -99.00,-99.000, -99.00,-99.000, -99.00,-99.000, -99.00,
9/19/2006 04:30:00,  8.4,276.1,  3.9,  2.6, 18.836, 29.56,  0.0,  0.0,  0.058, 329.89,  0.129, 327.05,  0.080, 339.53,  0.048, 331.29,  0.019, 248.75,  0.081,  50.01,  0.095, 321.43,  0.055, 323.13,  0.038, 331.39,  0.102, 344.60,  0.082, 337.17,  0.087, 306.61,  0.075, 312.84,  0.048, 296.03,  0.104, 313.83,  0.048, 288.06,-99.000, -99.00,-99.000, -99.00,-99.000, -99.00,-99.000, -99.00,
9/19/2006 04:35:00,  8.4,276.1,  3.9,  2.6, 18.848, 29.57,  0.0,  0.0,  0.041, 120.96,  0.026, 305.54,  0.112, 324.46,  0.082, 336.25,  0.090, 313.65,  0.085, 298.99,  0.052, 270.00,  0.030,  84.29,  0.070,  35.06,  0.079, 343.16,  0.155, 305.84,  0.135, 265.34,  0.099, 279.27,  0.030, 248.55,  0.102, 291.80,  0.053, 252.58,-99.000, -99.00,-99.000, -99.00,-99.000, -99.00,-99.000, -99.00,
9/19/2006 04:40:00,  8.4,276.1,  3.9,  2.6, 18.848, 29.57,  0.0,  0.0,  0.061,   9.46,  0.055,  24.70,  0.071, 340.29,  0.101, 276.28,  0.164, 312.04,  0.041, 288.43,  0.084, 267.95,  0.051, 284.86,  0.094,   1.83,  0.059, 194.74,  0.099, 309.66,  0.089, 358.07,  0.014, 315.00,  0.064, 241.03,  0.060, 255.50,  0.028,  10.12,-99.000, -99.00,-99.000, -99.00,-99.000, -99.00,-99.000, -99.00,
9/19/2006 04:45:00,  8.4,276.0,  3.8,  2.7, 18.860, 29.57,  0.0,  0.0,  0.068,  55.84,  0.013, 128.66,  0.129, 291.80,  0.072, 301.92,  0.118, 228.77,  0.011,  33.69,  0.077, 344.88,  0.047, 340.02,  0.032, 277.13,  0.145, 324.00,  0.055, 304.56,  0.039,  27.22,  0.020,  92.86,  0.077, 144.46,  0.031,  20.77,  0.040, 290.22,-99.000, -99.00,-99.000, -99.00,-99.000, -99.00,-99.000, -99.00,
9/19/2006 04:50:00,  8.4,276.2,  3.9,  2.6, 18.860, 29.57,  0.0,  0.0,  0.097, 309.96,  0.087,   0.00,  0.084, 256.29,  0.019, 285.52,  0.103, 281.75,  0.101, 312.20,  0.123, 262.53,  0.101, 289.69,  0.119, 231.49,  0.098, 245.80,  0.061, 270.00,  0.051,  83.29,  0.086,  97.37,  0.064, 107.30,  0.041, 309.09,  0.064, 216.16,-99.000, -99.00,-99.000, -99.00,-99.000, -99.00,-99.000, -99.00,
9/19/2006 04:55:00,  8.4,276.1,  3.9,  2.6, 18.862, 29.57,  0.0,  0.0,  0.041, 342.90,  0.057, 194.28,  0.022, 291.80,  0.079, 297.86,  0.154, 321.86,  0.148, 343.89,  0.163, 326.50,  0.049, 276.98,  0.043, 294.78,  0.064, 300.96,  0.156, 309.52,  0.063, 276.34,  0.128, 315.32,  0.109, 316.49,  0.096, 318.37,  0.025, 281.77,-99.000, -99.00,-99.000, -99.00,-99.000, -99.00,-99.000, -99.00,
9/19/2006 05:00:00,  8.4,276.1,  3.9,  2.6, 18.860, 29.57,  0.0,  0.0,  0.093, 296.84,  0.107, 324.52,  0.159, 292.20,  0.088, 285.77,  0.067, 302.28,  0.172, 328.35,  0.098, 308.39,  0.073, 277.91,  0.115, 312.88,  0.023,   9.87,  0.048, 301.37,  0.078, 258.11,  0.047, 237.99,  0.047, 278.65,  0.055, 254.20,  0.038, 285.12,-99.000, -99.00,-99.000, -99.00,-99.000, -99.00,-99.000, -99.00,
9/19/2006 05:05:00,  8.4,276.1,  3.9,  2.6, 18.863, 29.57,  0.0,  0.0,  0.120, 340.51,  0.241, 322.42,  0.077, 348.84,  0.096, 315.00,  0.074,   0.77,  0.086, 308.87,  0.092, 274.35,  0.057, 281.11,  0.085,   4.71,  0.055, 301.68,  0.073, 262.09,  0.032, 174.64,  0.028, 242.53,  0.094, 319.73,  0.199, 332.54,  0.032, 218.66,-99.000, -99.00,-99.000, -99.00,-99.000, -99.00,-99.000, -99.00,
9/19/2006 05:10:00,  8.4,276.3,  3.9,  2.6, 18.865, 29.57,  0.0,  0.0,  0.087, 355.40,  0.052, 357.80,  0.177, 325.14,  0.106, 268.92,  0.089, 250.35,  0.089, 298.00,  0.099, 340.46,  0.035, 261.87,  0.102, 298.57,  0.059, 166.20,  0.037, 352.30,  0.088, 315.46,  0.105, 315.77,  0.045, 306.87,  0.125, 302.93,  0.190, 308.80,-99.000, -99.00,-99.000, -99.00,-99.000, -99.00,-99.000, -99.00,
9/19/2006 05:15:00,  8.4,276.1,  3.9,  2.6, 18.866, 29.57,  0.0,  0.0,  0.052,   8.91,  0.097,   4.71,  0.141, 309.23,  0.131, 314.07,  0.047, 291.12,  0.142, 316.42,  0.092, 316.76,  0.129, 335.81,  0.141,  28.94,  0.138, 336.58,  0.110, 275.19,  0.221, 316.28,  0.244, 328.39,  0.223, 326.52,  0.197, 325.75,  0.171, 331.79,-99.000, -99.00,-99.000, -99.00,-99.000, -99.00,-99.000, -99.00,
9/19/2006 05:20:00,  8.4,276.3,  3.9,  2.6, 18.867, 29.57,  0.0,  0.0,  0.071, 308.16,  0.060, 268.09,  0.128, 340.44,  0.167, 309.89,  0.137, 252.10,  0.161, 302.61,  0.137, 242.12,  0.156, 258.91,  0.087, 296.57,  0.114, 316.78,  0.111, 298.41,  0.082, 324.38,  0.130, 330.09,  0.204, 330.67,  0.228, 324.64,  0.218, 325.07,-99.000, -99.00,-99.000, -99.00,-99.000, -99.00,-99.000, -99.00,
9/19/2006 05:25:00,  8.4,276.3,  3.9,  2.7, 18.873, 29.57,  0.0,  0.0,  0.143, 343.34,  0.160, 309.67,  0.136, 315.30,  0.062, 312.40,  0.033, 241.11,  0.062, 284.93,  0.091, 354.98,  0.085, 320.28,  0.074, 314.45,  0.065, 231.89,  0.048, 257.99,  0.126, 296.97,  0.148, 299.51,  0.297, 337.84,  0.235, 335.84,  0.189, 326.65,-99.000, -99.00,-99.000, -99.00,-99.000, -99.00,-99.000, -99.00,
9/19/2006 05:30:00,  8.4,276.2,  3.9,  2.6, 18.870, 29.56,  0.0,  0.0,  0.089, 261.60,  0.103, 331.70,  0.129, 338.61,  0.081, 315.00,  0.047, 248.88,  0.065,  60.69,  0.023, 228.58,  0.083, 194.71,  0.139, 180.00,  0.165, 252.00,  0.147, 251.32,  0.121, 271.42,  0.184, 276.86,  0.194, 255.96,  0.116, 281.89,  0.084, 289.52,-99.000, -99.00,-99.000, -99.00,-99.000, -99.00,-99.000, -99.00,
9/19/2006 05:35:00,  8.3,276.1,  3.9,  2.6, 18.879, 29.56,  0.0,  0.0,  0.120, 357.14,  0.169, 308.98,  0.133, 288.02,  0.133, 315.61,  0.122, 311.67,  0.037, 271.55,  0.176, 318.69,  0.080, 267.85,  0.122, 318.99,  0.078, 255.96,  0.054, 238.67,  0.075, 276.09,  0.101, 270.00,  0.123, 283.59,  0.089, 301.18,  0.049, 295.51,-99.000, -99.00,-99.000, -99.00,-99.000, -99.00,-99.000, -99.00,
9/19/2006 05:40:00,  8.3,276.2,  3.9,  2.6, 18.872, 29.56,  0.0,  0.0,  0.163, 326.99,  0.114, 275.01,  0.092, 263.73,  0.090, 234.54,  0.039, 278.75,  0.003, 180.00,  0.150, 260.04,  0.066, 270.00,  0.068, 248.36,  0.151, 240.72,  0.112, 254.48,  0.077, 213.27,  0.116, 291.71,  0.116, 270.49,  0.107, 267.86,  0.059, 336.93,-99.000, -99.00,-99.000, -99.00,-99.000, -99.00,-99.000, -99.00,
9/19/2006 05:45:00,  8.3,276.2,  3.9,  2.7, 18.866, 29.56,  0.0,  0.0,  0.141, 321.02,  0.128, 288.15,  0.076, 304.32,  0.166, 339.16,  0.065, 315.00,  0.040, 342.47,  0.191, 333.30,  0.150, 343.74,  0.021, 301.43,  0.167, 310.38,  0.124, 264.43,  0.106, 255.83,  0.054, 298.95,  0.077, 285.84,  0.086, 315.47,  0.077, 347.96,-99.000, -99.00,-99.000, -99.00,-99.000, -99.00,-99.000, -99.00,
9/19/2006 05:50:00,  8.3,276.1,  3.9,  2.6, 18.861, 29.56,  0.0,  0.0,  0.102, 303.85,  0.123, 338.03,  0.102, 307.43,  0.139, 300.61,  0.115, 315.00,  0.086, 250.30,  0.077, 313.42,  0.076, 253.23,  0.065, 264.73,  0.098, 222.12,  0.100, 229.46,  0.017, 290.56,  0.027,   2.12,  0.034, 317.39,  0.056, 332.53,  0.027,  51.01,-99.000, -99.00,-99.000, -99.00,-99.000, -99.00,-99.000, -99.00,
9/19/2006 05:55:00,  8.3,276.1,  3.9,  2.6, 18.876, 29.56,  0.0,  0.0,  0.118, 296.13,  0.140, 278.65,  0.087, 305.15,  0.024, 299.74,  0.087, 235.76,  0.142, 254.89,  0.147, 270.00,  0.089, 281.06,  0.079, 141.68,  0.058, 213.69,  0.087, 226.40,  0.126, 242.62,  0.188, 206.16,  0.250, 224.51,  0.196, 234.12,  0.115, 217.57,-99.000, -99.00,-99.000, -99.00,-99.000, -99.00,-99.000, -99.00,
9/19/2006 06:00:00,  8.3,276.1,  3.9,  2.6, 18.874, 29.56,  0.0,  0.0,  0.143, 311.04,  0.050, 350.73,  0.026, 290.56,  0.141, 295.66,  0.138, 289.49,  0.053, 297.05,  0.054, 306.66,  0.144, 311.63,  0.064, 303.44,  0.102, 307.43,  0.112, 315.73,  0.130, 289.83,  0.044, 270.00,  0.056, 308.50,  0.092, 275.59,  0.132, 237.99,-99.000, -99.00,-99.000, -99.00,-99.000, -99.00,-99.000, -99.00,
9/19/2006 06:05:00,  8.3,276.1,  3.9,  2.6, 18.869, 29.56,  0.0,  0.0,  0.210, 310.36,  0.203, 289.24,  0.150, 289.89,  0.099, 289.54,  0.179, 298.00,  0.162, 295.62,  0.284, 288.05,  0.243, 299.10,  0.160, 275.75,  0.097, 291.04,  0.077, 283.50,  0.111, 306.97,  0.166, 317.45,  0.141, 296.57,  0.155, 303.18,  0.065, 321.89,-99.000, -99.00,-99.000, -99.00,-99.000, -99.00,-99.000, -99.00,
9/19/2006 06:10:00,  8.3,276.2,  3.9,  2.6, 18.891, 29.56,  0.0,  0.0,  0.150, 306.87,  0.112, 278.20,  0.184, 292.38,  0.184, 323.19,  0.208, 315.00,  0.089, 295.41,  0.079, 325.30,  0.151, 289.27,  0.134, 299.43,  0.199, 307.45,  0.173, 306.08,  0.176, 280.48,  0.143, 253.34,  0.143, 275.23,  0.209, 297.30,  0.107, 287.42,-99.000, -99.00,-99.000, -99.00,-99.000, -99.00,-99.000, -99.00,
9/19/2006 06:15:00,  8.3,276.1,  3.9,  2.7, 18.901, 29.56,  0.0,  0.0,  0.135, 305.93,  0.137, 359.16,  0.163, 322.71,  0.154, 330.76,  0.204, 311.82,  0.115, 313.24,  0.204, 316.99,  0.156, 313.96,  0.265, 317.60,  0.184, 301.87,  0.154, 311.33,  0.180, 319.95,  0.151, 321.99,  0.136, 319.17,  0.150, 308.24,  0.128, 309.29,-99.000, -99.00,-99.000, -99.00,-99.000, -99.00,-99.000, -99.00,
9/19/2006 06:20:00,  8.3,276.2,  3.9,  2.6, 18.900, 29.56,  0.0,  0.0,  0.150, 328.32,  0.191, 310.11,  0.192, 310.99,  0.167, 321.55,  0.107, 293.69,  0.102, 287.19,  0.086, 299.83,  0.183, 294.88,  0.126, 289.01,  0.109, 287.10,  0.192, 294.96,  0.182, 302.91,  0.166, 289.75,  0.178, 300.02,  0.096, 296.03,  0.080, 264.29,-99.000, -99.00,-99.000, -99.00,-99.000, -99.00,-99.000, -99.00,
9/19/2006 06:25:00,  8.3,276.1,  3.9,  2.6, 18.896, 29.56,  0.0,  0.0,  0.189, 343.10,  0.158, 316.02,  0.199, 314.39,  0.179, 339.44,  0.187, 347.30,  0.163, 329.04,  0.113, 329.82,  0.175, 302.14,  0.200, 315.61,  0.203, 320.59,  0.179, 305.91,  0.176, 304.59,  0.191, 303.69,  0.171, 294.47,  0.138, 286.86,  0.096, 280.84,-99.000, -99.00,-99.000, -99.00,-99.000, -99.00,-99.000, -99.00,
9/19/2006 06:30:00,  8.3,276.2,  3.9,  2.7, 18.898, 29.56,  0.0,  0.0,  0.189, 321.25,  0.120, 327.64,  0.191, 325.48,  0.181, 312.76,  0.030, 315.00,  0.187, 329.88,  0.172, 309.81,  0.085, 289.29,  0.155, 288.08,  0.145, 313.60,  0.141, 295.66,  0.174, 311.28,  0.241, 304.88,  0.166, 270.35,  0.189, 294.67,  0.069, 269.17,-99.000, -99.00,-99.000, -99.00,-99.000, -99.00,-99.000, -99.00,
9/19/2006 06:35:00,  8.3,275.9,  3.9,  2.6, 18.897, 29.55,  0.0,  0.0,  0.260, 285.37,  0.156, 300.02,  0.156, 274.79,  0.160, 336.47,  0.141, 289.46,  0.181, 303.95,  0.216, 287.26,  0.220, 288.27,  0.223, 297.48,  0.186, 297.53,  0.245, 302.01,  0.208, 293.85,  0.186, 275.56,  0.252, 271.14,  0.264, 291.80,  0.095, 294.15,-99.000, -99.00,-99.000, -99.00,-99.000, -99.00,-99.000, -99.00,
9/19/2006 06:40:00,  8.3,276.1,  3.9,  2.6, 18.898, 29.55,  0.0,  0.0,  0.198,  16.42,  0.150, 325.89,  0.173, 296.12,  0.108, 309.74,  0.212, 302.87,  0.235, 316.73,  0.168, 305.30,  0.199, 314.19,  0.145, 304.02,  0.157, 310.88,  0.186, 286.88,  0.292, 298.41,  0.215, 278.85,  0.204, 290.39,  0.137, 294.51,  0.107, 284.04,-99.000, -99.00,-99.000, -99.00,-99.000, -99.00,-99.000, -99.00,
9/19/2006 06:45:00,  8.3,276.1,  3.9,  2.6, 18.883, 29.55,  0.0,  0.0,  0.225, 332.41,  0.122, 330.49,  0.113, 325.05,  0.099, 345.96,  0.081, 322.56,  0.157, 294.11,  0.190, 316.92,  0.187, 299.17,  0.259, 303.51,  0.169, 281.24,  0.262, 301.08,  0.259, 295.08,  0.205, 271.68,  0.215, 280.16,  0.217, 291.02,  0.129, 266.45,-99.000, -99.00,-99.000, -99.00,-99.000, -99.00,-99.000, -99.00,
9/19/2006 06:50:00,  8.3,276.0,  3.9,  2.6, 18.885, 29.55,  0.0,  0.0,  0.243, 324.02,  0.221, 321.06,  0.143, 307.59,  0.087, 273.29,  0.136, 280.15,  0.120, 298.92,  0.222, 315.73,  0.145, 298.86,  0.236, 277.31,  0.198, 283.12,  0.300, 291.34,  0.299, 293.05,  0.302, 295.46,  0.278, 284.59,  0.249, 290.48,  0.161, 257.09,-99.000, -99.00,-99.000, -99.00,-99.000, -99.00,-99.000, -99.00,
9/19/2006 06:55:00,  8.3,276.1,  3.9,  2.6, 18.892, 29.55,  0.0,  0.0,  0.170, 332.38,  0.189, 329.09,  0.214, 320.88,  0.328, 330.39,  0.157, 309.06,  0.185, 315.87,  0.163, 309.54,  0.184, 308.17,  0.132, 290.91,  0.289, 300.56,  0.313, 298.61,  0.250, 289.38,  0.243, 290.00,  0.192, 277.50,  0.159, 265.68,  0.081, 275.64,-99.000, -99.00,-99.000, -99.00,-99.000, -99.00,-99.000, -99.00,
9/19/2006 07:00:00,  8.3,276.2,  3.9,  2.6, 18.888, 29.55,  0.0,  0.0,  0.120, 327.64,  0.190, 309.46,  0.122, 323.70,  0.061, 326.31,  0.150, 297.42,  0.246, 297.40,  0.192, 307.59,  0.196, 299.31,  0.157, 268.91,  0.145, 271.58,  0.220, 283.15,  0.223, 274.64,  0.236, 283.45,  0.200, 276.02,  0.205, 312.24,  0.092, 249.01,-99.000, -99.00,-99.000, -99.00,-99.000, -99.00,-99.000, -99.00,
9/19/2006 07:05:00,  8.3,276.1,  3.9,  2.6, 18.888, 29.55,  0.0,  0.0,  0.176, 331.83,  0.259, 301.42,  0.137, 339.98,  0.146, 275.12,  0.138, 280.82,  0.227, 276.31,  0.092, 338.43,  0.156, 312.67,  0.291, 309.28,  0.202, 292.75,  0.207, 279.46,  0.259, 282.70,  0.193, 278.05,  0.175, 280.22,  0.158, 301.77,  0.065, 277.02,-99.000, -99.00,-99.000, -99.00,-99.000, -99.00,-99.000, -99.00,
9/19/2006 07:10:00,  8.3,276.1,  3.9,  2.6, 18.899, 29.55,  0.0,  0.0,  0.128, 355.09,  0.271, 325.67,  0.194, 329.59,  0.194, 309.35,  0.150, 306.34,  0.184, 304.38,  0.188, 291.80,  0.202, 278.53,  0.198, 298.38,  0.184, 280.94,  0.180, 299.98,  0.214, 288.27,  0.144, 288.69,  0.147, 276.25,  0.184, 285.77,  0.110, 270.52,-99.000, -99.00,-99.000, -99.00,-99.000, -99.00,-99.000, -99.00,
9/19/2006 07:15:00,  8.3,276.1,  3.9,  2.7, 18.897, 29.55,  0.0,  0.0,  0.183, 311.89,  0.202, 318.01,  0.236, 309.15,  0.173, 315.00,  0.240, 321.60,  0.215, 293.83,  0.170, 302.76,  0.174, 295.53,  0.215, 298.35,  0.234, 292.85,  0.223, 282.17,  0.160, 277.52,  0.223, 280.60,  0.220, 266.62,  0.175, 297.88,  0.102, 244.95,-99.000, -99.00,-99.000, -99.00,-99.000, -99.00,-99.000, -99.00,
9/19/2006 07:20:00,  8.3,276.1,  3.9,  2.6, 18.893, 29.55,  0.0,  0.0,  0.220, 315.92,  0.296, 324.91,  0.267, 323.99,  0.251, 320.17,  0.201, 314.60,  0.208, 319.49,  0.187, 303.01,  0.233, 300.42,  0.212, 298.14,  0.212, 282.26,  0.231, 269.26,  0.198, 276.08,  0.184, 272.80,  0.206, 270.83,  0.173, 274.65,  0.125, 260.76,-99.000, -99.00,-99.000, -99.00,-99.000, -99.00,-99.000, -99.00,
9/19/2006 07:25:00,  8.3,276.1,  3.9,  2.6, 18.888, 29.55,  0.0,  0.0,  0.193, 343.44,  0.200, 336.12,  0.082, 313.03,  0.105, 315.77,  0.107, 302.80,  0.152, 311.54,  0.141, 317.59,  0.085, 285.67,  0.110, 283.66,  0.178, 295.70,  0.202, 295.80,  0.173, 269.01,  0.192, 286.93,  0.194, 265.26,  0.194, 293.01,  0.097, 262.29,-99.000, -99.00,-99.000, -99.00,-99.000, -99.00,-99.000, -99.00,
9/19/2006 07:30:00,  8.3,276.2,  3.9,  2.6, 18.887, 29.55,  0.0,  0.0,  0.226, 331.73,  0.216, 334.26,  0.164, 318.95,  0.221, 332.86,  0.347, 322.14,  0.214, 312.35,  0.265, 316.53,  0.163, 304.76,  0.134, 321.34,  0.183, 325.01,  0.116, 310.82,  0.178, 311.58,  0.198, 300.32,  0.147, 269.22,  0.227, 312.14,  0.113, 264.39,-99.000, -99.00,-99.000, -99.00,-99.000, -99.00,-99.000, -99.00,
9/19/2006 07:35:00,  8.3,276.2,  3.9,  2.6, 18.881, 29.55,  0.0,  0.0,  0.253, 343.71,  0.259, 317.50,  0.228, 304.11,  0.178, 296.28,  0.224, 307.94,  0.277, 307.66,  0.267, 314.54,  0.225, 295.20,  0.201, 292.23,  0.204, 277.06,  0.167, 293.33,  0.183, 273.44,  0.195, 274.13,  0.215, 263.60,  0.195, 282.12,  0.135, 266.19,-99.000, -99.00,-99.000, -99.00,-99.000, -99.00,-99.000, -99.00,
9/19/2006 07:40:00,  8.3,276.1,  3.9,  2.6, 18.873, 29.55,  0.0,  0.0,  0.138, 302.88,  0.151, 309.90,  0.185, 319.84,  0.241, 310.29,  0.085, 265.96,  0.221, 308.58,  0.142, 266.78,  0.195, 279.13,  0.179, 307.06,  0.133, 287.07,  0.140, 289.60,  0.136, 270.00,  0.169, 267.63,  0.176, 267.72,  0.180, 282.88,  0.135, 272.97,-99.000, -99.00,-99.000, -99.00,-99.000, -99.00,-99.000, -99.00,
9/19/2006 07:45:00,  8.3,276.1,  3.9,  2.6, 18.875, 29.55,  0.0,  0.0,  0.218, 326.97,  0.215, 324.46,  0.156, 309.52,  0.165, 319.17,  0.255, 322.01,  0.164, 315.00,  0.278, 321.44,  0.245, 316.32,  0.229, 295.89,  0.192, 300.04,  0.170, 288.86,  0.197, 296.57,  0.256, 290.35,  0.198, 271.74,  0.150, 285.89,  0.127, 273.60,-99.000, -99.00,-99.000, -99.00,-99.000, -99.00,-99.000, -99.00,
9/19/2006 07:50:00,  8.3,276.1,  3.9,  2.6, 18.876, 29.55,  0.0,  0.0,  0.141, 306.06,  0.224, 327.37,  0.181, 325.61,  0.167, 302.55,  0.049, 319.14,  0.165, 332.97,  0.130, 310.94,  0.128, 322.32,  0.103, 295.82,  0.146, 284.23,  0.189, 282.20,  0.195, 283.68,  0.132, 277.39,  0.135, 272.12,  0.145, 286.81,  0.098, 270.58,-99.000, -99.00,-99.000, -99.00,-99.000, -99.00,-99.000, -99.00,
9/19/2006 07:55:00,  8.3,275.9,  3.9,  2.6, 18.869, 29.55,  0.0,  0.0,  0.205, 351.59,  0.177, 305.12,  0.236, 328.87,  0.136, 315.60,  0.143, 338.27,  0.064, 276.24,  0.091, 296.00,  0.252, 318.22,  0.196, 287.79,  0.177, 281.76,  0.159, 271.44,  0.177, 290.18,  0.157, 287.86,  0.148, 282.91,  0.123, 278.85,  0.077, 256.50,-99.000, -99.00,-99.000, -99.00,-99.000, -99.00,-99.000, -99.00,
9/19/2006 08:00:00,  8.3,276.1,  3.9,  2.6, 18.876, 29.55,  0.0,  0.0,  0.202, 346.86,  0.128, 334.63,  0.071, 315.57,  0.151, 303.90,  0.154, 299.24,  0.183, 312.57,  0.162, 311.49,  0.162, 294.50,  0.176, 312.93,  0.164, 298.44,  0.138, 278.31,  0.130, 272.64,  0.129, 273.55,  0.162, 252.79,  0.195, 280.04,  0.109, 249.08,-99.000, -99.00,-99.000, -99.00,-99.000, -99.00,-99.000, -99.00,
9/19/2006 08:05:00,  8.3,276.0,  3.9,  2.6, 18.868, 29.55,  0.0,  0.0,  0.214, 321.26,  0.228, 331.75,  0.153, 291.87,  0.220, 301.81,  0.208, 312.27,  0.168, 290.16,  0.139, 299.69,  0.188, 297.52,  0.252, 301.35,  0.141, 282.26,  0.185, 276.51,  0.154, 259.13,  0.110, 238.32,  0.117, 257.63,  0.172, 288.33,  0.103, 249.44,-99.000, -99.00,-99.000, -99.00,-99.000, -99.00,-99.000, -99.00,
9/19/2006 08:10:00,  8.3,276.0,  3.9,  2.7, 18.864, 29.54,  0.0,  0.0,  0.208, 306.98,  0.120, 326.58,  0.154, 317.90,  0.146, 305.54,  0.121, 327.49,  0.117, 278.34,  0.106, 255.83,  0.145, 298.33,  0.050, 280.41,  0.201, 278.57,  0.214, 277.52,  0.183, 275.34,  0.168, 278.56,  0.160, 271.79,  0.200, 294.78,  0.119, 278.67,-99.000, -99.00,-99.000, -99.00,-99.000, -99.00,-99.000, -99.00,
9/19/2006 08:15:00,  8.3,276.0,  3.9,  2.6, 18.870, 29.54,  0.0,  0.0,  0.183, 325.70,  0.103, 280.65,  0.096, 339.30,  0.179, 291.98,  0.109, 279.55,  0.257, 304.68,  0.165, 308.12,  0.151, 317.14,  0.196, 293.16,  0.148, 285.73,  0.126, 249.13,  0.184, 280.33,  0.117, 273.42,  0.121, 274.72,  0.143, 296.57,  0.078, 238.15,-99.000, -99.00,-99.000, -99.00,-99.000, -99.00,-99.000, -99.00,
9/19/2006 08:20:00,  8.3,276.3,  3.9,  2.6, 18.868, 29.54,  0.0,  0.0,  0.039, 345.26,  0.172, 281.38,  0.084, 312.09,  0.117, 292.62,  0.155, 301.03,  0.165, 280.83,  0.156, 289.83,  0.195, 287.60,  0.151, 263.91,  0.168, 274.09,  0.114, 259.38,  0.100, 278.62,  0.143, 272.80,  0.169, 285.76,  0.116, 283.92,  0.088, 258.18,-99.000, -99.00,-99.000, -99.00,-99.000, -99.00,-99.000, -99.00,
9/19/2006 08:25:00,  8.3,276.2,  3.9,  2.7, 18.862, 29.54,  0.0,  0.0,  0.104, 309.17,  0.166, 323.82,  0.122, 314.67,  0.068, 334.57,  0.086, 255.80,  0.093, 276.82,  0.146, 277.85,  0.123, 291.54,  0.124, 288.29,  0.150, 282.28,  0.183, 276.89,  0.138, 279.19,  0.130, 263.81,  0.183, 274.40,  0.141, 283.94,  0.111, 297.95,-99.000, -99.00,-99.000, -99.00,-99.000, -99.00,-99.000, -99.00,
9/19/2006 08:30:00,  8.3,276.2,  3.9,  2.6, 18.860, 29.54,  0.0,  0.0,  0.249, 322.02,  0.152, 311.79,  0.114, 277.56,  0.198, 301.76,  0.174, 288.12,  0.098, 278.21,  0.120, 303.42,  0.149, 271.54,  0.112, 262.81,  0.177, 264.48,  0.122, 283.81,  0.146, 284.23,  0.146, 275.12,  0.131, 272.62,  0.178, 299.59,  0.094, 276.14,-99.000, -99.00,-99.000, -99.00,-99.000, -99.00,-99.000, -99.00,
9/19/2006 08:35:00,  8.3,276.1,  3.9,  2.6, 18.865, 29.54,  0.0,  0.0,  0.184, 305.50,  0.166, 302.74,  0.131, 270.00,  0.158, 270.00,  0.222, 271.55,  0.115, 276.51,  0.156, 300.34,  0.135, 292.59,  0.143, 282.96,  0.117, 274.89,  0.162, 271.77,  0.186, 269.08,  0.197, 277.88,  0.116, 259.56,  0.096, 281.43,  0.101, 252.65,-99.000, -99.00,-99.000, -99.00,-99.000, -99.00,-99.000, -99.00,
9/19/2006 08:40:00,  8.3,276.1,  3.9,  2.6, 18.861, 29.54,  0.0,  0.0,  0.159, 312.20,  0.119, 298.50,  0.111, 283.54,  0.163, 286.43,  0.140, 281.55,  0.169, 292.62,  0.187, 270.61,  0.079, 298.84,  0.121, 303.56,  0.171, 309.08,  0.146, 296.92,  0.143, 281.31,  0.153, 250.97,  0.126, 257.62,  0.045, 312.27,  0.071, 223.30,-99.000, -99.00,-99.000, -99.00,-99.000, -99.00,-99.000, -99.00,
9/19/2006 08:45:00,  8.3,276.0,  3.9,  2.6, 18.850, 29.54,  0.0,  0.0,  0.214, 280.52,  0.096, 282.01,  0.181, 274.11,  0.161, 280.75,  0.122, 262.47,  0.133, 279.11,  0.170, 277.08,  0.226, 289.08,  0.177, 252.28,  0.146, 243.08,  0.108, 260.36,  0.122, 276.13,  0.118, 285.68,  0.130, 259.81,  0.146, 265.69,  0.115, 250.14,-99.000, -99.00,-99.000, -99.00,-99.000, -99.00,-99.000, -99.00,
9/19/2006 08:50:00,  8.3,276.1,  3.9,  2.6, 18.847, 29.53,  0.0,  0.0,  0.185, 269.38,  0.176, 295.25,  0.081, 310.99,  0.153, 264.36,  0.078, 309.81,  0.120, 284.96,  0.106, 289.29,  0.133, 316.22,  0.054, 277.39,  0.042, 225.00,  0.081, 267.88,  0.110, 249.26,  0.121, 232.37,  0.134, 259.28,  0.119, 271.93,  0.072, 234.09,-99.000, -99.00,-99.000, -99.00,-99.000, -99.00,-99.000, -99.00,
9/19/2006 08:55:00,  8.3,276.0,  3.9,  2.7, 18.835, 29.53,  0.0,  0.0,  0.124, 321.56,  0.159, 300.59,  0.114, 281.11,  0.140, 303.92,  0.134, 303.10,  0.064, 270.90,  0.116, 271.97,  0.124, 272.77,  0.065, 319.97,  0.048, 259.16,  0.126, 258.51,  0.064, 266.42,  0.072, 286.93,  0.076, 241.75,  0.078, 239.80,  0.176, 205.98,-99.000, -99.00,-99.000, -99.00,-99.000, -99.00,-99.000, -99.00,
9/19/2006 09:00:00,  8.3,276.1,  3.9,  2.6, 18.837, 29.52,  0.0,  0.0,  0.156, 286.81,  0.107, 347.01,  0.139, 278.71,  0.131, 247.55,  0.105, 278.75,  0.085, 241.01,  0.072, 299.05,  0.112, 225.73,  0.125, 282.03,  0.187, 266.63,  0.123, 265.82,  0.105, 280.45,  0.121, 278.06,  0.142, 249.40,  0.143, 282.96,  0.108, 241.77,-99.000, -99.00,-99.000, -99.00,-99.000, -99.00,-99.000, -99.00,
9/19/2006 09:05:00,  8.3,276.1,  3.9,  2.6, 18.822, 29.52,  0.0,  0.0,  0.102, 336.95,  0.149, 304.33,  0.158, 285.80,  0.144, 302.81,  0.102, 293.79,  0.124, 291.20,  0.202, 282.87,  0.146, 257.30,  0.104, 264.51,  0.166, 247.30,  0.172, 277.70,  0.117, 248.47,  0.142, 273.63,  0.108, 260.97,  0.090, 203.45,  0.124, 200.77,-99.000, -99.00,-99.000, -99.00,-99.000, -99.00,-99.000, -99.00,
9/19/2006 09:10:00,  8.3,276.1,  3.9,  2.6, 18.826, 29.53,  0.0,  0.0,  0.074, 262.20,  0.115, 312.88,  0.118, 284.74,  0.104, 299.27,  0.125, 316.62,  0.129, 345.64,  0.068, 310.24,  0.075, 291.09,  0.123, 311.36,  0.053, 314.24,  0.070, 302.09,  0.146, 263.31,  0.169, 238.28,  0.197, 268.55,  0.123, 260.15,  0.140, 213.35,-99.000, -99.00,-99.000, -99.00,-99.000, -99.00,-99.000, -99.00,
9/19/2006 09:15:00,  8.3,276.0,  3.9,  2.7, 18.822, 29.53,  0.0,  0.0,  0.077, 301.22,  0.074, 266.91,  0.108, 321.01,  0.151, 316.88,  0.126, 292.48,  0.154, 304.93,  0.215, 295.61,  0.091, 259.19,  0.125, 258.96,  0.103, 294.08,  0.097, 300.26,  0.117, 229.50,  0.184, 250.68,  0.185, 261.00,  0.125, 275.03,  0.095, 211.69,-99.000, -99.00,-99.000, -99.00,-99.000, -99.00,-99.000, -99.00,
9/19/2006 09:20:00,  8.3,276.3,  3.9,  2.6, 18.820, 29.53,  0.0,  0.0,  0.163, 271.05,  0.099, 321.97,  0.060, 264.29,  0.031, 321.63,  0.098, 285.46,  0.041, 247.17,  0.047, 281.07,  0.130, 265.16,  0.103, 293.34,  0.081, 281.45,  0.146, 225.56,  0.176, 237.75,  0.107, 245.82,  0.109, 281.10,  0.023, 293.20,  0.076, 195.32,-99.000, -99.00,-99.000, -99.00,-99.000, -99.00,-99.000, -99.00,
9/19/2006 09:25:00,  8.2,276.1,  3.9,  2.6, 18.823, 29.53,  0.0,  0.0,  0.089, 319.54,  0.117, 272.45,  0.098, 312.12,  0.082, 266.51,  0.070, 263.48,  0.070, 301.66,  0.040, 287.53,  0.096, 243.97,  0.218, 241.79,  0.210, 235.10,  0.168, 246.18,  0.175, 250.32,  0.201, 259.98,  0.219, 252.47,  0.164, 272.79,  0.203, 221.80,-99.000, -99.00,-99.000, -99.00,-99.000, -99.00,-99.000, -99.00,
9/19/2006 09:30:00,  8.2,276.3,  3.9,  2.6, 18.803, 29.53,  0.0,  0.0,  0.127, 345.42,  0.106, 310.43,  0.105, 289.98,  0.079, 310.36,  0.138, 272.49,  0.097, 308.29,  0.078, 270.00,  0.118, 308.13,  0.074, 222.80,  0.072, 240.95,  0.111, 264.29,  0.175, 270.00,  0.138, 250.12,  0.146, 233.37,  0.164, 301.26,  0.158, 239.53,-99.000, -99.00,-99.000, -99.00,-99.000, -99.00,-99.000, -99.00,
9/19/2006 09:35:00,  8.2,276.1,  3.9,  2.7, 18.811, 29.53,  0.0,  0.0,  0.045, 292.04,  0.149, 295.88,  0.109, 301.05,  0.069, 251.30,  0.088, 313.15,  0.086, 299.83,  0.131, 259.03,  0.100, 279.74,  0.071, 259.48,  0.144, 298.17,  0.093, 251.18,  0.153, 260.97,  0.186, 262.26,  0.170, 254.33,  0.118, 258.79,  0.083, 240.34,-99.000, -99.00,-99.000, -99.00,-99.000, -99.00,-99.000, -99.00,
9/19/2006 09:40:00,  8.2,276.1,  3.9,  2.7, 18.801, 29.54,  0.0,  0.0,  0.162, 343.91,  0.167, 319.84,  0.128, 289.14,  0.053, 238.11,  0.072, 327.41,  0.028, 289.09,  0.093, 253.12,  0.058, 254.05,  0.068, 226.19,  0.116, 267.53,  0.117, 251.57,  0.154, 239.93,  0.155, 247.24,  0.153, 261.71,  0.131, 264.73,  0.139, 225.00,-99.000, -99.00,-99.000, -99.00,-99.000, -99.00,-99.000, -99.00,
9/19/2006 09:45:00,  8.2,276.1,  3.9,  2.7, 18.798, 29.54,  0.0,  0.0,  0.112, 351.80,  0.019, 278.97,  0.075, 268.47,  0.085, 339.21,  0.128, 305.17,  0.020, 323.13,  0.090, 271.91,  0.183, 265.29,  0.127, 274.95,  0.167, 247.88,  0.124, 271.85,  0.137, 236.31,  0.168, 246.49,  0.114, 252.04,  0.112, 268.47,  0.163, 227.99,-99.000, -99.00,-99.000, -99.00,-99.000, -99.00,-99.000, -99.00,
9/19/2006 09:50:00,  8.2,276.1,  3.9,  2.6, 18.798, 29.54,  0.0,  0.0,  0.128,  13.06,  0.094,  53.25,  0.039, 338.75,  0.124, 334.68,  0.045, 246.30,  0.070, 265.10,  0.064, 245.04,  0.075, 223.92,  0.123, 264.89,  0.139, 245.28,  0.129, 270.00,  0.139, 283.34,  0.123, 259.70,  0.104, 266.70,  0.079, 270.00,  0.110, 247.62,-99.000, -99.00,-99.000, -99.00,-99.000, -99.00,-99.000, -99.00,
9/19/2006 09:55:00,  8.2,276.1,  3.9,  2.7, 18.803, 29.55,  0.0,  0.0,  0.114, 328.69,  0.051, 316.59,  0.078, 274.40,  0.072, 326.31,  0.065, 298.54,  0.163, 288.21,  0.224, 307.74,  0.115, 294.11,  0.093, 293.52,  0.089, 241.70,  0.109, 249.57,  0.163, 282.07,  0.171, 237.14,  0.233, 254.05,  0.159, 250.88,  0.249, 234.46,-99.000, -99.00,-99.000, -99.00,-99.000, -99.00,-99.000, -99.00,
9/19/2006 10:00:00,  8.2,276.2,  3.9,  2.6, 18.787, 29.55,  0.0,  0.0,  0.121, 327.09,  0.067, 339.94,  0.064, 330.26,  0.113, 345.59,  0.045, 156.30,  0.062, 194.04,  0.092, 175.03,  0.048, 248.20,  0.151, 249.40,  0.138, 258.69,  0.114, 217.87,  0.086, 267.34,  0.143, 267.60,  0.177, 237.48,  0.165, 254.53,  0.136, 241.93,-99.000, -99.00,-99.000, -99.00,-99.000, -99.00,-99.000, -99.00,
9/19/2006 10:05:00,  8.2,276.1,  3.9,  2.7, 18.794, 29.55,  0.0,  0.0,  0.128, 225.95,  0.063, 280.06,  0.081, 270.00,  0.085, 278.13,  0.052, 264.51,  0.086, 285.49,  0.082, 272.10,  0.123, 269.53,  0.145, 213.47,  0.142, 248.12,  0.160, 236.71,  0.091, 236.66,  0.088, 236.13,  0.151, 239.88,  0.165, 275.23,  0.224, 217.74,-99.000, -99.00,-99.000, -99.00,-99.000, -99.00,-99.000, -99.00,
9/19/2006 10:10:00,  8.2,276.1,  3.9,  2.6, 18.790, 29.56,  0.0,  0.0,  0.156, 333.27,  0.047, 262.72,  0.112, 298.86,  0.032, 198.43,  0.090, 292.28,  0.129, 245.22,  0.137, 274.17,  0.083, 296.57,  0.050, 277.97,  0.126, 250.99,  0.121, 254.70,  0.083, 252.44,  0.121, 258.04,  0.178, 251.67,  0.129, 258.34,  0.170, 222.14,-99.000, -99.00,-99.000, -99.00,-99.000, -99.00,-99.000, -99.00,
9/19/2006 10:15:00,  8.2,276.1,  3.9,  2.6, 18.785, 29.56,  0.0,  0.0,  0.152, 320.34,  0.026, 330.52,  0.090, 286.82,  0.082,   8.43,  0.043,   6.63,  0.023,  92.49,  0.039, 196.56,  0.118, 274.84,  0.129, 256.50,  0.103, 271.67,  0.091, 253.36,  0.132, 247.31,  0.131, 232.78,  0.092, 220.13,  0.065, 240.69,  0.163, 223.01,-99.000, -99.00,-99.000, -99.00,-99.000, -99.00,-99.000, -99.00,
9/19/2006 10:20:00,  8.2,276.2,  3.9,  2.6, 18.775, 29.56,  0.0,  0.0,  0.104,   3.30,  0.011, 307.87,  0.086, 327.78,  0.149, 327.06,  0.080, 353.50,  0.054, 209.88,  0.074, 266.91,  0.057, 245.22,  0.060, 250.67,  0.132, 237.03,  0.103, 249.44,  0.129, 238.65,  0.119, 259.35,  0.155, 194.93,  0.103, 289.84,  0.208, 211.25,-99.000, -99.00,-99.000, -99.00,-99.000, -99.00,-99.000, -99.00,
9/19/2006 10:25:00,  8.2,276.3,  3.9,  2.7, 18.762, 29.57,  0.0,  0.0,  0.065, 275.27,  0.075, 338.20,  0.072, 226.12,  0.080, 356.42,  0.185, 327.60,  0.155, 335.25,  0.011, 275.19,  0.047,  48.47,  0.059, 274.84,  0.062, 242.20,  0.045, 253.18,  0.115, 253.30,  0.108, 246.04,  0.134, 244.39,  0.143, 235.53,  0.215, 210.14,-99.000, -99.00,-99.000, -99.00,-99.000, -99.00,-99.000, -99.00,
9/19/2006 10:30:00,  8.2,276.1,  3.9,  2.6, 18.757, 29.57,  0.0,  0.0,  0.110, 279.98,  0.087, 244.90,  0.050,  67.56,  0.038, 234.64,  0.066, 260.39,  0.121, 323.41,  0.047, 308.09,  0.045, 245.14,  0.140, 279.87,  0.135, 262.35,  0.132, 250.46,  0.083, 300.26,  0.118, 236.45,  0.108, 261.50,  0.081, 263.66,  0.151, 224.19,-99.000, -99.00,-99.000, -99.00,-99.000, -99.00,-99.000, -99.00,
9/19/2006 10:35:00,  8.2,276.1,  3.9,  2.6, 18.746, 29.57,  0.0,  0.0,  0.024, 175.24,  0.019,  90.00,  0.011, 138.81,  0.076, 324.64,  0.040, 312.95,  0.089, 332.57,  0.100, 278.05,  0.108, 208.69,  0.130, 235.94,  0.070, 257.56,  0.066, 276.05,  0.113, 270.51,  0.106, 234.21,  0.112, 259.70,  0.096, 259.75,  0.257, 210.96,-99.000, -99.00,-99.000, -99.00,-99.000, -99.00,-99.000, -99.00,
9/19/2006 10:40:00,  8.2,276.1,  3.9,  2.6, 18.756, 29.57,  0.0,  0.0,  0.018, 289.44,  0.061,  18.14,  0.018, 157.62,  0.076, 261.66,  0.123, 309.39,  0.026, 307.30,  0.069, 273.32,  0.039, 248.75,  0.070, 270.00,  0.066, 276.05,  0.102, 297.32,  0.074, 276.17,  0.147, 279.78,  0.156, 269.63,  0.090, 275.08,  0.156, 204.60,-99.000, -99.00,-99.000, -99.00,-99.000, -99.00,-99.000, -99.00,
9/19/2006 10:45:00,  8.2,276.2,  3.9,  2.6, 18.760, 29.58,  0.0,  0.0,  0.102,  34.62,  0.114, 339.50,  0.105,  35.67,  0.037, 288.92,  0.089, 343.61,  0.061, 354.38,  0.073, 338.34,  0.070, 305.73,  0.047, 219.81,  0.095, 200.34,  0.137, 231.21,  0.066, 221.92,  0.029, 249.68,  0.050, 236.31,  0.065, 262.00,  0.222, 207.03,-99.000, -99.00,-99.000, -99.00,-99.000, -99.00,-99.000, -99.00,
9/19/2006 10:50:00,  8.2,276.2,  3.9,  2.6, 18.746, 29.58,  0.0,  0.0,  0.024, 277.13,  0.073,  51.10,  0.100,  38.93,  0.030, 208.30,  0.019, 233.75,  0.083, 287.56,  0.146, 315.56,  0.086, 286.13,  0.021, 217.41,  0.081, 221.99,  0.089, 235.95,  0.111, 273.09,  0.061, 251.86,  0.096, 283.89,  0.054, 275.29,  0.179, 237.11,-99.000, -99.00,-99.000, -99.00,-99.000, -99.00,-99.000, -99.00,
9/19/2006 10:55:00,  8.2,276.1,  3.9,  2.6, 18.745, 29.58,  0.0,  0.0,  0.069, 332.32,  0.023,  80.13,  0.027, 128.99,  0.023, 214.38,  0.079, 344.55,  0.005, 143.13,  0.084, 228.37,  0.084, 180.00,  0.042,  13.71,  0.082, 267.90,  0.165, 270.35,  0.119, 275.81,  0.065, 209.31,  0.088, 183.90,  0.055, 213.11,  0.127, 224.04,-99.000, -99.00,-99.000, -99.00,-99.000, -99.00,-99.000, -99.00,
9/19/2006 11:00:00,  8.2,276.1,  3.9,  2.6, 18.733, 29.58,  0.0,  0.0,  0.096,  27.90,  0.067,  66.12,  0.032, 354.64,  0.023, 180.00,  0.016, 124.70,  0.048, 338.20,  0.047,  45.00,  0.053, 357.84,  0.043, 272.66,  0.079, 268.55,  0.054, 284.04,  0.056, 271.02,  0.084, 309.19,  0.077, 316.58,  0.028, 349.88,  0.222, 196.48,-99.000, -99.00,-99.000, -99.00,-99.000, -99.00,-99.000, -99.00,
9/19/2006 11:05:00,  8.2,276.2,  3.9,  2.6, 18.746, 29.59,  0.0,  0.0,  0.025, 253.74,  0.063, 201.30,  0.070, 306.87,  0.079,  70.88,  0.033, 113.43,  0.011,  45.00,  0.091,   3.14,  0.064, 235.81,  0.060, 203.57,  0.054, 277.39,  0.053, 268.92,  0.095, 236.98,  0.147, 284.98,  0.054, 232.50,  0.063, 304.70,  0.119, 241.93,-99.000, -99.00,-99.000, -99.00,-99.000, -99.00,-99.000, -99.00,
9/19/2006 11:10:00,  8.2,276.3,  3.9,  2.7, 18.727, 29.59,  0.0,  0.0,  0.044, 305.84,  0.026, 330.52,  0.046, 339.59,  0.116, 159.85,  0.092, 210.75,  0.049, 151.86,  0.064, 293.78,  0.084, 164.15,  0.026, 237.53,  0.052, 337.38,  0.074, 316.10,  0.014, 167.91,  0.031, 202.48,  0.076, 276.84,  0.036, 157.01,  0.072,  90.00,-99.000, -99.00,-99.000, -99.00,-99.000, -99.00,-99.000, -99.00,
9/19/2006 11:15:00,  8.2,276.2,  3.9,  2.7, 18.739, 29.59,  0.0,  0.0,  0.028, 160.91,  0.044, 300.07,  0.046, 211.61,  0.011, 142.13,  0.055, 229.40,  0.043, 224.06,  0.048, 236.98,  0.046, 182.49,  0.040, 200.22,  0.046, 281.31,  0.039, 258.11,  0.081, 233.56,  0.056, 203.33,  0.049, 254.54,  0.033, 212.74,  0.130, 260.25,-99.000, -99.00,-99.000, -99.00,-99.000, -99.00,-99.000, -99.00,
9/19/2006 11:20:00,  8.2,276.3,  3.9,  2.6, 18.732, 29.60,  0.0,  0.0,  0.064, 251.85,  0.043,  66.97,  0.055,  93.12,  0.058, 326.31,  0.065, 123.69,  0.027, 298.44,  0.027,  56.89,  0.115, 163.30,  0.055, 248.59,  0.066, 147.99,  0.028, 124.82,  0.022, 302.28,  0.033, 173.09,  0.059, 184.84,  0.025, 123.69,  0.129, 198.01,-99.000, -99.00,-99.000, -99.00,-99.000, -99.00,-99.000, -99.00,
9/19/2006 11:25:00,  8.2,276.1,  3.9,  2.6, 18.738, 29.61,  0.0,  0.0,  0.072,  84.45,  0.062, 132.40,  0.054, 335.82,  0.061,  89.06,  0.069,  91.66,  0.060,   2.86,  0.064,  45.00,  0.072, 105.40,  0.074,  82.97,  0.130,   0.88,  0.089,  86.14,  0.008,  45.00,  0.072, 213.69,  0.022, 291.80,  0.021, 185.44,  0.156, 212.67,-99.000, -99.00,-99.000, -99.00,-99.000, -99.00,-99.000, -99.00,
9/19/2006 11:30:00,  8.2,276.1,  3.9,  2.7, 18.722, 29.61,  0.0,  0.0,  0.094, 117.93,  0.019, 233.75,  0.102,  10.76,  0.037,  55.01,  0.082,  98.43,  0.121, 108.73,  0.037,  55.01,  0.082, 150.00,  0.060, 104.50,  0.030, 312.27,  0.003,  90.00,  0.021,  62.24,  0.042, 103.71,  0.034,  88.32,  0.011, 146.31,  0.146, 223.06,-99.000, -99.00,-99.000, -99.00,-99.000, -99.00,-99.000, -99.00,
9/19/2006 11:35:00,  8.2,276.1,  3.9,  2.6, 18.730, 29.62,  0.0,  0.0,  0.110, 100.49,  0.080,  76.31,  0.072, 202.99,  0.069, 198.70,  0.028, 192.53,  0.119, 153.43,  0.078, 165.96,  0.098, 162.85,  0.081, 182.83,  0.043, 218.45,  0.084, 158.96,  0.045, 170.96,  0.025, 276.84,  0.030, 246.80,  0.044, 266.10,  0.097, 196.76,-99.000, -99.00,-99.000, -99.00,-99.000, -99.00,-99.000, -99.00,
9/19/2006 11:40:00,  8.2,276.4,  3.9,  2.6, 18.716, 29.62,  0.0,  0.0,  0.037, 210.70,  0.080, 117.53,  0.071, 251.82,  0.132, 348.60,  0.044,   9.25,  0.041, 167.32,  0.120, 152.15,  0.061, 180.94,  0.089, 138.63,  0.075, 109.40,  0.009,  57.99,  0.027, 263.66,  0.042, 326.69,  0.082, 310.53,  0.097, 296.83,  0.148, 215.63,-99.000, -99.00,-99.000, -99.00,-99.000, -99.00,-99.000, -99.00,
9/19/2006 11:45:00,  8.2,276.1,  3.9,  2.6, 18.704, 29.63,  0.0,  0.0,  0.088, 165.49,  0.049, 205.51,  0.021, 165.96,  0.072, 132.75,  0.101,  82.59,  0.037, 143.75,  0.016,  82.87,  0.104,  46.95,  0.093,  38.47,  0.071, 355.17,  0.042, 332.82,  0.045, 218.66,  0.043, 256.61,  0.088, 279.14,  0.070, 209.85,  0.093, 239.04,-99.000, -99.00,-99.000, -99.00,-99.000, -99.00,-99.000, -99.00,
9/19/2006 11:50:00,  8.2,276.1,  3.9,  2.6, 18.710, 29.63,  0.0,  0.0,  0.102, 169.24,  0.027, 135.00,  0.082, 135.99,  0.092, 142.51,  0.044, 174.81,  0.084,  71.35,  0.050, 106.26,  0.034, 273.37,  0.067, 203.88,  0.039, 242.78,  0.081, 180.00,  0.044, 191.82,  0.055, 238.32,  0.057, 227.86,  0.071, 181.61,  0.160, 242.47,-99.000, -99.00,-99.000, -99.00,-99.000, -99.00,-99.000, -99.00,
9/19/2006 11:55:00,  8.2,276.1,  3.9,  2.7, 18.713, 29.63,  0.0,  0.0,  0.027, 153.43,  0.062,  94.61,  0.054, 186.34,  0.123, 127.43,  0.057,  95.01,  0.069, 113.20,  0.041, 126.03,  0.086, 130.75,  0.097, 117.62,  0.079,  79.82,  0.023, 219.81,  0.054, 180.00,  0.042, 205.35,  0.111, 260.11,  0.108, 186.93,  0.059, 259.26,-99.000, -99.00,-99.000, -99.00,-99.000, -99.00,-99.000, -99.00,
9/19/2006 12:00:00,  8.2,276.2,  3.9,  2.7, 18.707, 29.63,  0.0,  0.0,  0.099, 146.15,  0.056, 186.12,  0.110, 167.98,  0.108, 102.24,  0.171, 110.24,  0.084, 126.73,  0.119, 129.56,  0.082, 140.46,  0.058, 101.89,  0.102, 111.80,  0.045, 137.73,  0.107, 157.50,  0.081, 184.24,  0.100, 185.14,  0.070, 140.83,  0.132, 204.23,-99.000, -99.00,-99.000, -99.00,-99.000, -99.00,-99.000, -99.00,
9/19/2006 12:05:00,  8.2,276.2,  3.9,  2.7, 18.701, 29.63,  0.0,  0.0,  0.061, 186.55,  0.070, 191.47,  0.052, 130.36,  0.067,  95.12,  0.071, 144.74,  0.043,  87.34,  0.069,  95.79,  0.072, 127.67,  0.086, 106.13,  0.060,  79.44,  0.045, 104.04,  0.066, 140.53,  0.152, 168.99,  0.098, 172.37,  0.017, 122.74,  0.212, 216.17,-99.000, -99.00,-99.000, -99.00,-99.000, -99.00,-99.000, -99.00,
9/19/2006 12:10:00,  8.2,276.1,  3.9,  2.6, 18.696, 29.63,  0.0,  0.0,  0.034, 120.38,  0.058,  90.00,  0.053, 141.17,  0.076, 124.32,  0.056,  84.90,  0.068, 121.83,  0.088, 106.57,  0.112, 128.50,  0.089, 103.72,  0.057,   6.01,  0.031,  60.95,  0.049,   8.30,  0.022, 344.05,  0.069, 142.63,  0.022, 149.93,  0.105, 220.36,-99.000, -99.00,-99.000, -99.00,-99.000, -99.00,-99.000, -99.00,
9/19/2006 12:15:00,  8.2,276.1,  3.9,  2.6, 18.698, 29.63,  0.0,  0.0,  0.136, 123.34,  0.104, 141.25,  0.065, 155.41,  0.050,  66.50,  0.079, 189.46,  0.063, 108.43,  0.036,  88.41,  0.098, 171.79,  0.087, 181.97,  0.061, 194.26,  0.038, 190.71,  0.026,  59.42,  0.091,  96.97,  0.118, 124.63,  0.070, 111.80,  0.057, 166.70,-99.000, -99.00,-99.000, -99.00,-99.000, -99.00,-99.000, -99.00,
9/19/2006 12:20:00,  8.2,276.3,  3.9,  2.7, 18.700, 29.64,  0.0,  0.0,  0.181, 137.68,  0.132, 121.41,  0.096,  74.22,  0.126, 153.03,  0.046,  79.92,  0.045, 128.66,  0.046, 142.88,  0.060, 160.67,  0.081, 138.48,  0.047, 168.93,  0.027, 282.99,  0.041, 108.43,  0.088, 105.14,  0.036, 170.54,  0.028, 210.26,  0.019, 164.48,-99.000, -99.00,-99.000, -99.00,-99.000, -99.00,-99.000, -99.00,
9/19/2006 12:25:00,  8.2,276.2,  3.9,  2.6, 18.689, 29.64,  0.0,  0.0,  0.128, 108.72,  0.042,  88.64,  0.174, 132.21,  0.083, 129.63,  0.072, 183.18,  0.072, 163.07,  0.135, 135.30,  0.077, 129.71,  0.093, 150.95,  0.091, 149.79,  0.132, 135.92,  0.166, 146.31,  0.077,  84.07,  0.098,  98.21,  0.041, 164.25,  0.073, 195.19,-99.000, -99.00,-99.000, -99.00,-99.000, -99.00,-99.000, -99.00,
9/19/2006 12:30:00,  8.2,276.1,  3.9,  2.7, 18.695, 29.64,  0.0,  0.0,  0.094, 149.35,  0.089,  55.06,  0.061,  90.00,  0.100, 167.35,  0.130, 162.54,  0.149, 140.74,  0.030, 207.41,  0.061, 167.77,  0.066,  90.00,  0.107, 114.89,  0.070, 136.74,  0.054, 130.49,  0.088, 134.08,  0.157, 128.26,  0.112, 129.54,  0.059, 183.88,-99.000, -99.00,-99.000, -99.00,-99.000, -99.00,-99.000, -99.00,
9/19/2006 12:35:00,  8.2,276.3,  3.9,  2.6, 18.681, 29.64,  0.0,  0.0,  0.116, 126.97,  0.080, 131.46,  0.153, 124.62,  0.085, 173.21,  0.123, 118.02,  0.117, 147.94,  0.123, 139.60,  0.110, 146.16,  0.058,  91.97,  0.080,  97.93,  0.111, 138.28,  0.099, 105.87,  0.048, 109.57,  0.048,  87.61,  0.086,  86.67,  0.092, 135.88,-99.000, -99.00,-99.000, -99.00,-99.000, -99.00,-99.000, -99.00,
9/19/2006 12:40:00,  8.2,276.2,  3.9,  2.6, 18.702, 29.64,  0.0,  0.0,  0.132,  92.17,  0.082, 350.19,  0.038, 178.49,  0.043,  69.44,  0.133, 133.17,  0.132, 127.91,  0.113, 109.72,  0.065, 110.66,  0.110, 121.68,  0.068,  88.32,  0.058, 149.04,  0.060,  94.76,  0.015, 156.80,  0.072, 149.86,  0.022, 172.23,  0.074, 230.49,-99.000, -99.00,-99.000, -99.00,-99.000, -99.00,-99.000, -99.00,
9/19/2006 12:45:00,  8.2,276.3,  3.9,  2.6, 18.695, 29.65,  0.0,  0.0,  0.130,  83.37,  0.141,  62.53,  0.112, 139.34,  0.080, 153.43,  0.110, 121.68,  0.111, 133.91,  0.116, 131.51,  0.138, 152.88,  0.059, 152.56,  0.157, 140.43,  0.174, 147.40,  0.151, 142.52,  0.047, 138.47,  0.018, 209.36,  0.098, 191.20,  0.073, 235.65,-99.000, -99.00,-99.000, -99.00,-99.000, -99.00,-99.000, -99.00,
9/19/2006 12:50:00,  8.2,276.1,  3.9,  2.6, 18.704, 29.66,  0.0,  0.0,  0.099,  83.02,  0.107,  55.27,  0.118, 183.88,  0.021,  84.56,  0.205, 143.13,  0.096, 190.25,  0.119, 139.09,  0.057, 139.94,  0.154, 180.74,  0.119, 151.27,  0.166, 139.40,  0.096, 157.43,  0.046, 203.20,  0.072, 172.78,  0.065, 170.25,  0.043, 280.78,-99.000, -99.00,-99.000, -99.00,-99.000, -99.00,-99.000, -99.00,
9/19/2006 12:55:00,  8.2,276.1,  3.9,  2.6, 18.691, 29.67,  0.0,  0.0,  0.082,   9.12,  0.139, 346.66,  0.019, 288.43,  0.029,  91.97,  0.079, 107.74,  0.091, 157.38,  0.133, 142.61,  0.116, 151.23,  0.107, 151.52,  0.024, 152.35,  0.081, 180.71,  0.020,  95.71,  0.068, 148.89,  0.121, 174.76,  0.064, 237.05,  0.042, 272.73,-99.000, -99.00,-99.000, -99.00,-99.000, -99.00,-99.000, -99.00,
9/19/2006 13:00:00,  8.2,276.1,  3.9,  2.6, 18.700, 29.67,  0.0,  0.0,  0.036, 282.88,  0.053, 354.61,  0.078, 233.86,  0.084, 121.43,  0.084, 216.33,  0.117, 197.97,  0.019, 207.90,  0.044, 172.23,  0.073, 201.66,  0.169, 189.85,  0.096, 196.36,  0.010, 196.70,  0.031,  97.35,  0.059, 185.81,  0.065, 181.76,  0.062, 224.34,-99.000, -99.00,-99.000, -99.00,-99.000, -99.00,-99.000, -99.00,
9/19/2006 13:05:00,  8.2,278.6,  3.5,  2.8, 16.991, 29.68,  0.0,  0.0,  0.082, 107.77,  0.086, 100.78,  0.092,  36.12,  0.017, 122.74,  0.095, 294.94,  0.088, 251.36,  0.163, 273.51,  0.095, 262.13,  0.139, 300.26,  0.016,  75.07,  0.043,  40.31,  0.062, 280.22,  0.117, 194.87,  0.094, 231.91,-99.000, -99.00,-99.000, -99.00,-99.000, -99.00,-99.000, -99.00,-99.000, -99.00,-99.000, -99.00,
9/19/2006 13:10:00,  8.2, 38.8,-21.7,-20.8,  0.000, 29.85,  0.0,  0.0,-99.000, -99.00,-99.000, -99.00,-99.000, -99.00,-99.000, -99.00,-99.000, -99.00,-99.000, -99.00,-99.000, -99.00,-99.000, -99.00,-99.000, -99.00,-99.000, -99.00,-99.000, -99.00,-99.000, -99.00,-99.000, -99.00,-99.000, -99.00,-99.000, -99.00,-99.000, -99.00,-99.000, -99.00,-99.000, -99.00,-99.000, -99.00,-99.000, -99.00,
9/19/2006 13:15:00,  8.2, 16.9, -3.4, -0.7,  0.000, 30.34,  0.0,  0.0,-99.000, -99.00,-99.000, -99.00,-99.000, -99.00,-99.000, -99.00,-99.000, -99.00,-99.000, -99.00,-99.000, -99.00,-99.000, -99.00,-99.000, -99.00,-99.000, -99.00,-99.000, -99.00,-99.000, -99.00,-99.000, -99.00,-99.000, -99.00,-99.000, -99.00,-99.000, -99.00,-99.000, -99.00,-99.000, -99.00,-99.000, -99.00,-99.000, -99.00,
9/19/2006 13:20:00,  8.2,271.7, -2.1, -1.3,  0.000, 30.03,  0.0,  0.0,-99.000, -99.00,-99.000, -99.00,-99.000, -99.00,-99.000, -99.00,-99.000, -99.00,-99.000, -99.00,-99.000, -99.00,-99.000, -99.00,-99.000, -99.00,-99.000, -99.00,-99.000, -99.00,-99.000, -99.00,-99.000, -99.00,-99.000, -99.00,-99.000, -99.00,-99.000, -99.00,-99.000, -99.00,-99.000, -99.00,-99.000, -99.00,-99.000, -99.00,
9/19/2006 13:25:00,  8.2,  2.7, -1.9, -1.5,  0.000, 29.80,  0.0,  0.0,-99.000, -99.00,-99.000, -99.00,-99.000, -99.00,-99.000, -99.00,-99.000, -99.00,-99.000, -99.00,-99.000, -99.00,-99.000, -99.00,-99.000, -99.00,-99.000, -99.00,-99.000, -99.00,-99.000, -99.00,-99.000, -99.00,-99.000, -99.00,-99.000, -99.00,-99.000, -99.00,-99.000, -99.00,-99.000, -99.00,-99.000, -99.00,-99.000, -99.00,
9/19/2006 13:30:00,  8.2,  0.2, -3.7, -3.3,  0.000, 29.80,  0.0,  0.0,-99.000, -99.00,-99.000, -99.00,-99.000, -99.00,-99.000, -99.00,-99.000, -99.00,-99.000, -99.00,-99.000, -99.00,-99.000, -99.00,-99.000, -99.00,-99.000, -99.00,-99.000, -99.00,-99.000, -99.00,-99.000, -99.00,-99.000, -99.00,-99.000, -99.00,-99.000, -99.00,-99.000, -99.00,-99.000, -99.00,-99.000, -99.00,-99.000, -99.00,
9/19/2006 13:35:00,  8.2, 43.7, -7.1,  2.6,  0.000, 29.97,  0.0,  0.0,-99.000, -99.00,-99.000, -99.00,-99.000, -99.00,-99.000, -99.00,-99.000, -99.00,-99.000, -99.00,-99.000, -99.00,-99.000, -99.00,-99.000, -99.00,-99.000, -99.00,-99.000, -99.00,-99.000, -99.00,-99.000, -99.00,-99.000, -99.00,-99.000, -99.00,-99.000, -99.00,-99.000, -99.00,-99.000, -99.00,-99.000, -99.00,-99.000, -99.00,
9/19/2006 13:40:00,  8.2, 35.4, -4.7,  1.4,  0.000, 30.29,  0.0,  0.0,-99.000, -99.00,-99.000, -99.00,-99.000, -99.00,-99.000, -99.00,-99.000, -99.00,-99.000, -99.00,-99.000, -99.00,-99.000, -99.00,-99.000, -99.00,-99.000, -99.00,-99.000, -99.00,-99.000, -99.00,-99.000, -99.00,-99.000, -99.00,-99.000, -99.00,-99.000, -99.00,-99.000, -99.00,-99.000, -99.00,-99.000, -99.00,-99.000, -99.00,
9/19/2006 13:45:00,  8.2, 34.7, -7.6,  3.6,  0.000, 30.69,  0.0,  0.0,-99.000, -99.00,-99.000, -99.00,-99.000, -99.00,-99.000, -99.00,-99.000, -99.00,-99.000, -99.00,-99.000, -99.00,-99.000, -99.00,-99.000, -99.00,-99.000, -99.00,-99.000, -99.00,-99.000, -99.00,-99.000, -99.00,-99.000, -99.00,-99.000, -99.00,-99.000, -99.00,-99.000, -99.00,-99.000, -99.00,-99.000, -99.00,-99.000, -99.00,
9/19/2006 13:50:00,  8.2,334.2, -7.4,  3.0,  0.000, 31.13,  0.0,  0.0,-99.000, -99.00,-99.000, -99.00,-99.000, -99.00,-99.000, -99.00,-99.000, -99.00,-99.000, -99.00,-99.000, -99.00,-99.000, -99.00,-99.000, -99.00,-99.000, -99.00,-99.000, -99.00,-99.000, -99.00,-99.000, -99.00,-99.000, -99.00,-99.000, -99.00,-99.000, -99.00,-99.000, -99.00,-99.000, -99.00,-99.000, -99.00,-99.000, -99.00,
9/19/2006 13:55:00,  8.2,297.3, -3.7, -3.7,  0.000, 31.44,  0.0,  0.0,-99.000, -99.00,-99.000, -99.00,-99.000, -99.00,-99.000, -99.00,-99.000, -99.00,-99.000, -99.00,-99.000, -99.00,-99.000, -99.00,-99.000, -99.00,-99.000, -99.00,-99.000, -99.00,-99.000, -99.00,-99.000, -99.00,-99.000, -99.00,-99.000, -99.00,-99.000, -99.00,-99.000, -99.00,-99.000, -99.00,-99.000, -99.00,-99.000, -99.00,
9/19/2006 14:00:00,  8.2, 22.0, -2.5, -5.2,  0.000, 31.93,  0.0,  0.0,-99.000, -99.00,-99.000, -99.00,-99.000, -99.00,-99.000, -99.00,-99.000, -99.00,-99.000, -99.00,-99.000, -99.00,-99.000, -99.00,-99.000, -99.00,-99.000, -99.00,-99.000, -99.00,-99.000, -99.00,-99.000, -99.00,-99.000, -99.00,-99.000, -99.00,-99.000, -99.00,-99.000, -99.00,-99.000, -99.00,-99.000, -99.00,-99.000, -99.00,
9/19/2006 14:05:00,  8.1, 26.4, -2.7, -3.0,  0.000, 32.32,  0.0,  0.0,-99.000, -99.00,-99.000, -99.00,-99.000, -99.00,-99.000, -99.00,-99.000, -99.00,-99.000, -99.00,-99.000, -99.00,-99.000, -99.00,-99.000, -99.00,-99.000, -99.00,-99.000, -99.00,-99.000, -99.00,-99.000, -99.00,-99.000, -99.00,-99.000, -99.00,-99.000, -99.00,-99.000, -99.00,-99.000, -99.00,-99.000, -99.00,-99.000, -99.00,
9/19/2006 14:10:00,  8.1, 38.9, -3.5, -2.7,  0.000, 32.52,  0.0,  0.0,-99.000, -99.00,-99.000, -99.00,-99.000, -99.00,-99.000, -99.00,-99.000, -99.00,-99.000, -99.00,-99.000, -99.00,-99.000, -99.00,-99.000, -99.00,-99.000, -99.00,-99.000, -99.00,-99.000, -99.00,-99.000, -99.00,-99.000, -99.00,-99.000, -99.00,-99.000, -99.00,-99.000, -99.00,-99.000, -99.00,-99.000, -99.00,-99.000, -99.00,
9/19/2006 14:15:00,  8.1,113.6, -6.1,  1.4,  0.000, 32.57,  0.0,  0.0,-99.000, -99.00,-99.000, -99.00,-99.000, -99.00,-99.000, -99.00,-99.000, -99.00,-99.000, -99.00,-99.000, -99.00,-99.000, -99.00,-99.000, -99.00,-99.000, -99.00,-99.000, -99.00,-99.000, -99.00,-99.000, -99.00,-99.000, -99.00,-99.000, -99.00,-99.000, -99.00,-99.000, -99.00,-99.000, -99.00,-99.000, -99.00,-99.000, -99.00,
9/19/2006 14:20:00,  8.1,124.9, -7.6,  0.2,  0.000, 32.72,  0.0,  0.0,-99.000, -99.00,-99.000, -99.00,-99.000, -99.00,-99.000, -99.00,-99.000, -99.00,-99.000, -99.00,-99.000, -99.00,-99.000, -99.00,-99.000, -99.00,-99.000, -99.00,-99.000, -99.00,-99.000, -99.00,-99.000, -99.00,-99.000, -99.00,-99.000, -99.00,-99.000, -99.00,-99.000, -99.00,-99.000, -99.00,-99.000, -99.00,-99.000, -99.00,
9/19/2006 14:25:00,  8.1,131.0, -3.7, -2.2,  0.000, 32.92,  0.0,  0.0,-99.000, -99.00,-99.000, -99.00,-99.000, -99.00,-99.000, -99.00,-99.000, -99.00,-99.000, -99.00,-99.000, -99.00,-99.000, -99.00,-99.000, -99.00,-99.000, -99.00,-99.000, -99.00,-99.000, -99.00,-99.000, -99.00,-99.000, -99.00,-99.000, -99.00,-99.000, -99.00,-99.000, -99.00,-99.000, -99.00,-99.000, -99.00,-99.000, -99.00,
9/19/2006 14:30:00,  8.1,131.3, -2.3, -2.2,  0.000, 32.94,  0.0,  0.0,-99.000, -99.00,-99.000, -99.00,-99.000, -99.00,-99.000, -99.00,-99.000, -99.00,-99.000, -99.00,-99.000, -99.00,-99.000, -99.00,-99.000, -99.00,-99.000, -99.00,-99.000, -99.00,-99.000, -99.00,-99.000, -99.00,-99.000, -99.00,-99.000, -99.00,-99.000, -99.00,-99.000, -99.00,-99.000, -99.00,-99.000, -99.00,-99.000, -99.00,
9/19/2006 14:35:00,  8.1,241.1, -2.6, -3.8,  0.000, 33.38,  0.0,  0.0,-99.000, -99.00,-99.000, -99.00,-99.000, -99.00,-99.000, -99.00,-99.000, -99.00,-99.000, -99.00,-99.000, -99.00,-99.000, -99.00,-99.000, -99.00,-99.000, -99.00,-99.000, -99.00,-99.000, -99.00,-99.000, -99.00,-99.000, -99.00,-99.000, -99.00,-99.000, -99.00,-99.000, -99.00,-99.000, -99.00,-99.000, -99.00,-99.000, -99.00,
9/19/2006 14:40:00,  8.1,168.9, -1.7, -1.1,  0.000, 33.82,  0.0,  0.0,-99.000, -99.00,-99.000, -99.00,-99.000, -99.00,-99.000, -99.00,-99.000, -99.00,-99.000, -99.00,-99.000, -99.00,-99.000, -99.00,-99.000, -99.00,-99.000, -99.00,-99.000, -99.00,-99.000, -99.00,-99.000, -99.00,-99.000, -99.00,-99.000, -99.00,-99.000, -99.00,-99.000, -99.00,-99.000, -99.00,-99.000, -99.00,-99.000, -99.00,
9/19/2006 14:45:00,  8.1,285.9, -2.8, -1.6,  0.000, 34.43,  0.0,  0.0,-99.000, -99.00,-99.000, -99.00,-99.000, -99.00,-99.000, -99.00,-99.000, -99.00,-99.000, -99.00,-99.000, -99.00,-99.000, -99.00,-99.000, -99.00,-99.000, -99.00,-99.000, -99.00,-99.000, -99.00,-99.000, -99.00,-99.000, -99.00,-99.000, -99.00,-99.000, -99.00,-99.000, -99.00,-99.000, -99.00,-99.000, -99.00,-99.000, -99.00,
9/19/2006 14:50:00,  8.1, 21.6, -3.3, -1.7,  0.000, 34.79,  0.0,  0.0,-99.000, -99.00,-99.000, -99.00,-99.000, -99.00,-99.000, -99.00,-99.000, -99.00,-99.000, -99.00,-99.000, -99.00,-99.000, -99.00,-99.000, -99.00,-99.000, -99.00,-99.000, -99.00,-99.000, -99.00,-99.000, -99.00,-99.000, -99.00,-99.000, -99.00,-99.000, -99.00,-99.000, -99.00,-99.000, -99.00,-99.000, -99.00,-99.000, -99.00,
9/19/2006 14:55:00,  8.1,125.6, -2.3, -0.3,  0.000, 35.17,  0.0,  0.0,-99.000, -99.00,-99.000, -99.00,-99.000, -99.00,-99.000, -99.00,-99.000, -99.00,-99.000, -99.00,-99.000, -99.00,-99.000, -99.00,-99.000, -99.00,-99.000, -99.00,-99.000, -99.00,-99.000, -99.00,-99.000, -99.00,-99.000, -99.00,-99.000, -99.00,-99.000, -99.00,-99.000, -99.00,-99.000, -99.00,-99.000, -99.00,-99.000, -99.00,
9/19/2006 15:00:00,  8.2,333.9, -7.8,  2.3,  0.000, 35.38,  0.0,  0.0,-99.000, -99.00,-99.000, -99.00,-99.000, -99.00,-99.000, -99.00,-99.000, -99.00,-99.000, -99.00,-99.000, -99.00,-99.000, -99.00,-99.000, -99.00,-99.000, -99.00,-99.000, -99.00,-99.000, -99.00,-99.000, -99.00,-99.000, -99.00,-99.000, -99.00,-99.000, -99.00,-99.000, -99.00,-99.000, -99.00,-99.000, -99.00,-99.000, -99.00,
9/19/2006 15:05:00,  8.2, 59.4, -6.4,  1.6,  0.000, 35.57,  0.0,  0.0,-99.000, -99.00,-99.000, -99.00,-99.000, -99.00,-99.000, -99.00,-99.000, -99.00,-99.000, -99.00,-99.000, -99.00,-99.000, -99.00,-99.000, -99.00,-99.000, -99.00,-99.000, -99.00,-99.000, -99.00,-99.000, -99.00,-99.000, -99.00,-99.000, -99.00,-99.000, -99.00,-99.000, -99.00,-99.000, -99.00,-99.000, -99.00,-99.000, -99.00,
9/19/2006 15:10:00,  8.2, 40.9, -6.2,  1.5,  0.000, 35.56,  0.0,  0.0,-99.000, -99.00,-99.000, -99.00,-99.000, -99.00,-99.000, -99.00,-99.000, -99.00,-99.000, -99.00,-99.000, -99.00,-99.000, -99.00,-99.000, -99.00,-99.000, -99.00,-99.000, -99.00,-99.000, -99.00,-99.000, -99.00,-99.000, -99.00,-99.000, -99.00,-99.000, -99.00,-99.000, -99.00,-99.000, -99.00,-99.000, -99.00,-99.000, -99.00,
9/19/2006 15:15:00,  8.2, 21.7, -1.2, -0.5,  0.000, 35.13,  0.0,  0.0,-99.000, -99.00,-99.000, -99.00,-99.000, -99.00,-99.000, -99.00,-99.000, -99.00,-99.000, -99.00,-99.000, -99.00,-99.000, -99.00,-99.000, -99.00,-99.000, -99.00,-99.000, -99.00,-99.000, -99.00,-99.000, -99.00,-99.000, -99.00,-99.000, -99.00,-99.000, -99.00,-99.000, -99.00,-99.000, -99.00,-99.000, -99.00,-99.000, -99.00,
9/19/2006 15:20:00,  8.2, 65.0, -1.1, -1.7,  0.000, 34.68,  0.0,  0.0,-99.000, -99.00,-99.000, -99.00,-99.000, -99.00,-99.000, -99.00,-99.000, -99.00,-99.000, -99.00,-99.000, -99.00,-99.000, -99.00,-99.000, -99.00,-99.000, -99.00,-99.000, -99.00,-99.000, -99.00,-99.000, -99.00,-99.000, -99.00,-99.000, -99.00,-99.000, -99.00,-99.000, -99.00,-99.000, -99.00,-99.000, -99.00,-99.000, -99.00,
9/19/2006 15:25:00,  8.2,107.2, -5.4,  2.1,  0.000, 34.26,  0.0,  0.0,-99.000, -99.00,-99.000, -99.00,-99.000, -99.00,-99.000, -99.00,-99.000, -99.00,-99.000, -99.00,-99.000, -99.00,-99.000, -99.00,-99.000, -99.00,-99.000, -99.00,-99.000, -99.00,-99.000, -99.00,-99.000, -99.00,-99.000, -99.00,-99.000, -99.00,-99.000, -99.00,-99.000, -99.00,-99.000, -99.00,-99.000, -99.00,-99.000, -99.00,
9/19/2006 15:30:00,  8.2,104.0, -3.1,  1.1,  0.000, 34.15,  0.0,  0.0,-99.000, -99.00,-99.000, -99.00,-99.000, -99.00,-99.000, -99.00,-99.000, -99.00,-99.000, -99.00,-99.000, -99.00,-99.000, -99.00,-99.000, -99.00,-99.000, -99.00,-99.000, -99.00,-99.000, -99.00,-99.000, -99.00,-99.000, -99.00,-99.000, -99.00,-99.000, -99.00,-99.000, -99.00,-99.000, -99.00,-99.000, -99.00,-99.000, -99.00,
9/19/2006 15:35:00,  8.2, 99.4, -6.0,  2.2,  0.000, 34.12,  0.0,  0.0,-99.000, -99.00,-99.000, -99.00,-99.000, -99.00,-99.000, -99.00,-99.000, -99.00,-99.000, -99.00,-99.000, -99.00,-99.000, -99.00,-99.000, -99.00,-99.000, -99.00,-99.000, -99.00,-99.000, -99.00,-99.000, -99.00,-99.000, -99.00,-99.000, -99.00,-99.000, -99.00,-99.000, -99.00,-99.000, -99.00,-99.000, -99.00,-99.000, -99.00,
9/19/2006 15:40:00,  8.2,115.7, -5.1,  2.7,  0.000, 34.22,  0.0,  0.0,-99.000, -99.00,-99.000, -99.00,-99.000, -99.00,-99.000, -99.00,-99.000, -99.00,-99.000, -99.00,-99.000, -99.00,-99.000, -99.00,-99.000, -99.00,-99.000, -99.00,-99.000, -99.00,-99.000, -99.00,-99.000, -99.00,-99.000, -99.00,-99.000, -99.00,-99.000, -99.00,-99.000, -99.00,-99.000, -99.00,-99.000, -99.00,-99.000, -99.00,
9/19/2006 15:45:00,  8.2,105.8, -3.9,  1.1,  0.000, 34.11,  0.0,  0.0,-99.000, -99.00,-99.000, -99.00,-99.000, -99.00,-99.000, -99.00,-99.000, -99.00,-99.000, -99.00,-99.000, -99.00,-99.000, -99.00,-99.000, -99.00,-99.000, -99.00,-99.000, -99.00,-99.000, -99.00,-99.000, -99.00,-99.000, -99.00,-99.000, -99.00,-99.000, -99.00,-99.000, -99.00,-99.000, -99.00,-99.000, -99.00,-99.000, -99.00,
9/19/2006 15:50:00,  8.2, 99.6, -7.5,  1.4,  0.000, 34.04,  0.0,  0.0,-99.000, -99.00,-99.000, -99.00,-99.000, -99.00,-99.000, -99.00,-99.000, -99.00,-99.000, -99.00,-99.000, -99.00,-99.000, -99.00,-99.000, -99.00,-99.000, -99.00,-99.000, -99.00,-99.000, -99.00,-99.000, -99.00,-99.000, -99.00,-99.000, -99.00,-99.000, -99.00,-99.000, -99.00,-99.000, -99.00,-99.000, -99.00,-99.000, -99.00,
9/19/2006 15:55:00,  8.2, 19.7, -2.5, -3.4,  0.000, 34.22,  0.0,  0.0,-99.000, -99.00,-99.000, -99.00,-99.000, -99.00,-99.000, -99.00,-99.000, -99.00,-99.000, -99.00,-99.000, -99.00,-99.000, -99.00,-99.000, -99.00,-99.000, -99.00,-99.000, -99.00,-99.000, -99.00,-99.000, -99.00,-99.000, -99.00,-99.000, -99.00,-99.000, -99.00,-99.000, -99.00,-99.000, -99.00,-99.000, -99.00,-99.000, -99.00,
9/19/2006 16:00:00,  8.2,212.6, -2.1, -1.4,  0.000, 34.86,  0.0,  0.0,-99.000, -99.00,-99.000, -99.00,-99.000, -99.00,-99.000, -99.00,-99.000, -99.00,-99.000, -99.00,-99.000, -99.00,-99.000, -99.00,-99.000, -99.00,-99.000, -99.00,-99.000, -99.00,-99.000, -99.00,-99.000, -99.00,-99.000, -99.00,-99.000, -99.00,-99.000, -99.00,-99.000, -99.00,-99.000, -99.00,-99.000, -99.00,-99.000, -99.00,
9/19/2006 16:05:00,  8.2,185.1, -3.7, -2.2,  0.000, 35.54,  0.0,  0.0,-99.000, -99.00,-99.000, -99.00,-99.000, -99.00,-99.000, -99.00,-99.000, -99.00,-99.000, -99.00,-99.000, -99.00,-99.000, -99.00,-99.000, -99.00,-99.000, -99.00,-99.000, -99.00,-99.000, -99.00,-99.000, -99.00,-99.000, -99.00,-99.000, -99.00,-99.000, -99.00,-99.000, -99.00,-99.000, -99.00,-99.000, -99.00,-99.000, -99.00,
9/19/2006 16:10:00,  8.2,244.0, -6.8, -1.6,  0.000, 36.09,  0.0,  0.0,-99.000, -99.00,-99.000, -99.00,-99.000, -99.00,-99.000, -99.00,-99.000, -99.00,-99.000, -99.00,-99.000, -99.00,-99.000, -99.00,-99.000, -99.00,-99.000, -99.00,-99.000, -99.00,-99.000, -99.00,-99.000, -99.00,-99.000, -99.00,-99.000, -99.00,-99.000, -99.00,-99.000, -99.00,-99.000, -99.00,-99.000, -99.00,-99.000, -99.00,
9/19/2006 16:15:00,  8.2,299.9, -2.1, -1.7,  0.000, 35.82,  0.0,  0.0,-99.000, -99.00,-99.000, -99.00,-99.000, -99.00,-99.000, -99.00,-99.000, -99.00,-99.000, -99.00,-99.000, -99.00,-99.000, -99.00,-99.000, -99.00,-99.000, -99.00,-99.000, -99.00,-99.000, -99.00,-99.000, -99.00,-99.000, -99.00,-99.000, -99.00,-99.000, -99.00,-99.000, -99.00,-99.000, -99.00,-99.000, -99.00,-99.000, -99.00,
9/19/2006 16:20:00,  8.2,303.0, -1.8, -2.0,  0.000, 35.16,  0.0,  0.0,-99.000, -99.00,-99.000, -99.00,-99.000, -99.00,-99.000, -99.00,-99.000, -99.00,-99.000, -99.00,-99.000, -99.00,-99.000, -99.00,-99.000, -99.00,-99.000, -99.00,-99.000, -99.00,-99.000, -99.00,-99.000, -99.00,-99.000, -99.00,-99.000, -99.00,-99.000, -99.00,-99.000, -99.00,-99.000, -99.00,-99.000, -99.00,-99.000, -99.00,
9/19/2006 16:25:00,  8.2,305.3, -1.5, -1.5,  0.000, 33.89,  0.0,  0.0,-99.000, -99.00,-99.000, -99.00,-99.000, -99.00,-99.000, -99.00,-99.000, -99.00,-99.000, -99.00,-99.000, -99.00,-99.000, -99.00,-99.000, -99.00,-99.000, -99.00,-99.000, -99.00,-99.000, -99.00,-99.000, -99.00,-99.000, -99.00,-99.000, -99.00,-99.000, -99.00,-99.000, -99.00,-99.000, -99.00,-99.000, -99.00,-99.000, -99.00,
9/19/2006 16:30:00,  8.2,  1.2,  7.1,-39.4,  0.000, 32.37,  0.0,  0.0,-99.000, -99.00,-99.000, -99.00,-99.000, -99.00,-99.000, -99.00,-99.000, -99.00,-99.000, -99.00,-99.000, -99.00,-99.000, -99.00,-99.000, -99.00,-99.000, -99.00,-99.000, -99.00,-99.000, -99.00,-99.000, -99.00,-99.000, -99.00,-99.000, -99.00,-99.000, -99.00,-99.000, -99.00,-99.000, -99.00,-99.000, -99.00,-99.000, -99.00,
9/19/2006 16:35:00,  8.2,161.7,-36.1,-23.6,  0.000, 31.27,  0.0,  0.0,-99.000, -99.00,-99.000, -99.00,-99.000, -99.00,-99.000, -99.00,-99.000, -99.00,-99.000, -99.00,-99.000, -99.00,-99.000, -99.00,-99.000, -99.00,-99.000, -99.00,-99.000, -99.00,-99.000, -99.00,-99.000, -99.00,-99.000, -99.00,-99.000, -99.00,-99.000, -99.00,-99.000, -99.00,-99.000, -99.00,-99.000, -99.00,-99.000, -99.00,
9/19/2006 16:40:00,  8.1,161.4,-36.2,-23.4,  0.000, 30.59,  0.0,  0.0,-99.000, -99.00,-99.000, -99.00,-99.000, -99.00,-99.000, -99.00,-99.000, -99.00,-99.000, -99.00,-99.000, -99.00,-99.000, -99.00,-99.000, -99.00,-99.000, -99.00,-99.000, -99.00,-99.000, -99.00,-99.000, -99.00,-99.000, -99.00,-99.000, -99.00,-99.000, -99.00,-99.000, -99.00,-99.000, -99.00,-99.000, -99.00,-99.000, -99.00,
9/19/2006 16:45:00,  8.1,183.6, 21.9,-20.2,  0.000, 30.16,  0.0,  0.0,-99.000, -99.00,-99.000, -99.00,-99.000, -99.00,-99.000, -99.00,-99.000, -99.00,-99.000, -99.00,-99.000, -99.00,-99.000, -99.00,-99.000, -99.00,-99.000, -99.00,-99.000, -99.00,-99.000, -99.00,-99.000, -99.00,-99.000, -99.00,-99.000, -99.00,-99.000, -99.00,-99.000, -99.00,-99.000, -99.00,-99.000, -99.00,-99.000, -99.00,
9/19/2006 16:50:00,  8.1,137.6,-22.0,-20.4,  0.000, 29.55,  0.0,  0.0,-99.000, -99.00,-99.000, -99.00,-99.000, -99.00,-99.000, -99.00,-99.000, -99.00,-99.000, -99.00,-99.000, -99.00,-99.000, -99.00,-99.000, -99.00,-99.000, -99.00,-99.000, -99.00,-99.000, -99.00,-99.000, -99.00,-99.000, -99.00,-99.000, -99.00,-99.000, -99.00,-99.000, -99.00,-99.000, -99.00,-99.000, -99.00,-99.000, -99.00,
9/19/2006 16:55:00,  8.1,191.3, 22.4,-20.7,  0.028, 28.70,  0.0,  0.0,-99.000, -99.00,-99.000, -99.00,-99.000, -99.00,-99.000, -99.00,-99.000, -99.00,-99.000, -99.00,-99.000, -99.00,-99.000, -99.00,-99.000, -99.00,-99.000, -99.00,-99.000, -99.00,-99.000, -99.00,-99.000, -99.00,-99.000, -99.00,-99.000, -99.00,-99.000, -99.00,-99.000, -99.00,-99.000, -99.00,-99.000, -99.00,-99.000, -99.00,
9/19/2006 17:00:00,  8.1,218.1, 22.1,-20.8,  0.085, 27.83,  0.0,  0.0,-99.000, -99.00,-99.000, -99.00,-99.000, -99.00,-99.000, -99.00,-99.000, -99.00,-99.000, -99.00,-99.000, -99.00,-99.000, -99.00,-99.000, -99.00,-99.000, -99.00,-99.000, -99.00,-99.000, -99.00,-99.000, -99.00,-99.000, -99.00,-99.000, -99.00,-99.000, -99.00,-99.000, -99.00,-99.000, -99.00,-99.000, -99.00,-99.000, -99.00,
9/19/2006 17:05:00,  8.1,217.8, 21.8,-20.5,  0.099, 27.24,  0.0,  0.0,-99.000, -99.00,-99.000, -99.00,-99.000, -99.00,-99.000, -99.00,-99.000, -99.00,-99.000, -99.00,-99.000, -99.00,-99.000, -99.00,-99.000, -99.00,-99.000, -99.00,-99.000, -99.00,-99.000, -99.00,-99.000, -99.00,-99.000, -99.00,-99.000, -99.00,-99.000, -99.00,-99.000, -99.00,-99.000, -99.00,-99.000, -99.00,-99.000, -99.00,
9/19/2006 17:10:00,  8.1,217.8, 21.7,-20.4,  0.099, 26.78,  0.0,  0.0,-99.000, -99.00,-99.000, -99.00,-99.000, -99.00,-99.000, -99.00,-99.000, -99.00,-99.000, -99.00,-99.000, -99.00,-99.000, -99.00,-99.000, -99.00,-99.000, -99.00,-99.000, -99.00,-99.000, -99.00,-99.000, -99.00,-99.000, -99.00,-99.000, -99.00,-99.000, -99.00,-99.000, -99.00,-99.000, -99.00,-99.000, -99.00,-99.000, -99.00,
9/19/2006 17:15:00,  8.1,217.8, 21.6,-20.4,  0.104, 26.38,  0.0,  0.0,-99.000, -99.00,-99.000, -99.00,-99.000, -99.00,-99.000, -99.00,-99.000, -99.00,-99.000, -99.00,-99.000, -99.00,-99.000, -99.00,-99.000, -99.00,-99.000, -99.00,-99.000, -99.00,-99.000, -99.00,-99.000, -99.00,-99.000, -99.00,-99.000, -99.00,-99.000, -99.00,-99.000, -99.00,-99.000, -99.00,-99.000, -99.00,-99.000, -99.00,
9/19/2006 17:20:00,  8.1,217.8, 21.6,-20.3,  0.111, 25.96,  0.0,  0.0,-99.000, -99.00,-99.000, -99.00,-99.000, -99.00,-99.000, -99.00,-99.000, -99.00,-99.000, -99.00,-99.000, -99.00,-99.000, -99.00,-99.000, -99.00,-99.000, -99.00,-99.000, -99.00,-99.000, -99.00,-99.000, -99.00,-99.000, -99.00,-99.000, -99.00,-99.000, -99.00,-99.000, -99.00,-99.000, -99.00,-99.000, -99.00,-99.000, -99.00,
9/19/2006 17:25:00,  8.0,217.8, 21.6,-20.3,  0.112, 25.62,  0.0,  0.0,-99.000, -99.00,-99.000, -99.00,-99.000, -99.00,-99.000, -99.00,-99.000, -99.00,-99.000, -99.00,-99.000, -99.00,-99.000, -99.00,-99.000, -99.00,-99.000, -99.00,-99.000, -99.00,-99.000, -99.00,-99.000, -99.00,-99.000, -99.00,-99.000, -99.00,-99.000, -99.00,-99.000, -99.00,-99.000, -99.00,-99.000, -99.00,-99.000, -99.00,
9/19/2006 17:30:00,  8.0,217.8, 21.6,-20.4,  0.106, 25.40,  0.0,  0.0,-99.000, -99.00,-99.000, -99.00,-99.000, -99.00,-99.000, -99.00,-99.000, -99.00,-99.000, -99.00,-99.000, -99.00,-99.000, -99.00,-99.000, -99.00,-99.000, -99.00,-99.000, -99.00,-99.000, -99.00,-99.000, -99.00,-99.000, -99.00,-99.000, -99.00,-99.000, -99.00,-99.000, -99.00,-99.000, -99.00,-99.000, -99.00,-99.000, -99.00,
9/19/2006 17:35:00,  8.0,217.7, 21.6,-20.3,  0.099, 25.25,  0.0,  0.0,-99.000, -99.00,-99.000, -99.00,-99.000, -99.00,-99.000, -99.00,-99.000, -99.00,-99.000, -99.00,-99.000, -99.00,-99.000, -99.00,-99.000, -99.00,-99.000, -99.00,-99.000, -99.00,-99.000, -99.00,-99.000, -99.00,-99.000, -99.00,-99.000, -99.00,-99.000, -99.00,-99.000, -99.00,-99.000, -99.00,-99.000, -99.00,-99.000, -99.00,
9/19/2006 17:40:00,  8.0,217.7, 21.6,-20.4,  0.100, 25.10,  0.0,  0.0,-99.000, -99.00,-99.000, -99.00,-99.000, -99.00,-99.000, -99.00,-99.000, -99.00,-99.000, -99.00,-99.000, -99.00,-99.000, -99.00,-99.000, -99.00,-99.000, -99.00,-99.000, -99.00,-99.000, -99.00,-99.000, -99.00,-99.000, -99.00,-99.000, -99.00,-99.000, -99.00,-99.000, -99.00,-99.000, -99.00,-99.000, -99.00,-99.000, -99.00,
9/19/2006 17:45:00,  8.0,217.8, 21.6,-20.3,  0.106, 24.97,  0.0,  0.0,-99.000, -99.00,-99.000, -99.00,-99.000, -99.00,-99.000, -99.00,-99.000, -99.00,-99.000, -99.00,-99.000, -99.00,-99.000, -99.00,-99.000, -99.00,-99.000, -99.00,-99.000, -99.00,-99.000, -99.00,-99.000, -99.00,-99.000, -99.00,-99.000, -99.00,-99.000, -99.00,-99.000, -99.00,-99.000, -99.00,-99.000, -99.00,-99.000, -99.00,
9/19/2006 17:50:00,  8.0,217.7, 21.6,-20.4,  0.104, 24.87,  0.0,  0.0,-99.000, -99.00,-99.000, -99.00,-99.000, -99.00,-99.000, -99.00,-99.000, -99.00,-99.000, -99.00,-99.000, -99.00,-99.000, -99.00,-99.000, -99.00,-99.000, -99.00,-99.000, -99.00,-99.000, -99.00,-99.000, -99.00,-99.000, -99.00,-99.000, -99.00,-99.000, -99.00,-99.000, -99.00,-99.000, -99.00,-99.000, -99.00,-99.000, -99.00,
9/19/2006 17:55:00,  8.0,217.6, 21.6,-20.4,  0.099, 24.83,  0.0,  0.0,-99.000, -99.00,-99.000, -99.00,-99.000, -99.00,-99.000, -99.00,-99.000, -99.00,-99.000, -99.00,-99.000, -99.00,-99.000, -99.00,-99.000, -99.00,-99.000, -99.00,-99.000, -99.00,-99.000, -99.00,-99.000, -99.00,-99.000, -99.00,-99.000, -99.00,-99.000, -99.00,-99.000, -99.00,-99.000, -99.00,-99.000, -99.00,-99.000, -99.00,
9/19/2006 18:00:00,  8.0,217.6, 21.6,-20.4,  0.096, 24.78,  0.0,  0.0,-99.000, -99.00,-99.000, -99.00,-99.000, -99.00,-99.000, -99.00,-99.000, -99.00,-99.000, -99.00,-99.000, -99.00,-99.000, -99.00,-99.000, -99.00,-99.000, -99.00,-99.000, -99.00,-99.000, -99.00,-99.000, -99.00,-99.000, -99.00,-99.000, -99.00,-99.000, -99.00,-99.000, -99.00,-99.000, -99.00,-99.000, -99.00,-99.000, -99.00,
9/19/2006 18:05:00,  8.0,217.7, 21.6,-20.4,  0.101, 24.71,  0.0,  0.0,-99.000, -99.00,-99.000, -99.00,-99.000, -99.00,-99.000, -99.00,-99.000, -99.00,-99.000, -99.00,-99.000, -99.00,-99.000, -99.00,-99.000, -99.00,-99.000, -99.00,-99.000, -99.00,-99.000, -99.00,-99.000, -99.00,-99.000, -99.00,-99.000, -99.00,-99.000, -99.00,-99.000, -99.00,-99.000, -99.00,-99.000, -99.00,-99.000, -99.00,
9/19/2006 18:10:00,  8.0,217.8, 21.6,-20.3,  0.106, 24.62,  0.0,  0.0,-99.000, -99.00,-99.000, -99.00,-99.000, -99.00,-99.000, -99.00,-99.000, -99.00,-99.000, -99.00,-99.000, -99.00,-99.000, -99.00,-99.000, -99.00,-99.000, -99.00,-99.000, -99.00,-99.000, -99.00,-99.000, -99.00,-99.000, -99.00,-99.000, -99.00,-99.000, -99.00,-99.000, -99.00,-99.000, -99.00,-99.000, -99.00,-99.000, -99.00,
9/19/2006 18:25:56,  8.0,217.8, 21.6,-20.3,  0.103, 24.52,  0.0,  0.0,-99.000, -99.00,-99.000, -99.00,-99.000, -99.00,-99.000, -99.00,-99.000, -99.00,-99.000, -99.00,-99.000, -99.00,-99.000, -99.00,-99.000, -99.00,-99.000, -99.00,-99.000, -99.00,-99.000, -99.00,-99.000, -99.00,-99.000, -99.00,-99.000, -99.00,-99.000, -99.00,-99.000, -99.00,-99.000, -99.00,-99.000, -99.00,-99.000, -99.00,
9/19/2006 18:30:56,  8.0,217.8, 21.6,-20.3,  0.110, 24.46,  0.0,  0.0,-99.000, -99.00,-99.000, -99.00,-99.000, -99.00,-99.000, -99.00,-99.000, -99.00,-99.000, -99.00,-99.000, -99.00,-99.000, -99.00,-99.000, -99.00,-99.000, -99.00,-99.000, -99.00,-99.000, -99.00,-99.000, -99.00,-99.000, -99.00,-99.000, -99.00,-99.000, -99.00,-99.000, -99.00,-99.000, -99.00,-99.000, -99.00,-99.000, -99.00,
9/19/2006 18:46:41,  8.0,217.9, 21.6,-20.3,  0.103, 24.40,  0.0,  0.0,-99.000, -99.00,-99.000, -99.00,-99.000, -99.00,-99.000, -99.00,-99.000, -99.00,-99.000, -99.00,-99.000, -99.00,-99.000, -99.00,-99.000, -99.00,-99.000, -99.00,-99.000, -99.00,-99.000, -99.00,-99.000, -99.00,-99.000, -99.00,-99.000, -99.00,-99.000, -99.00,-99.000, -99.00,-99.000, -99.00,-99.000, -99.00,-99.000, -99.00,
9/19/2006 19:13:27,  8.0,217.8, 21.6,-20.3,  0.106, 24.34,  0.0,  0.0,-99.000, -99.00,-99.000, -99.00,-99.000, -99.00,-99.000, -99.00,-99.000, -99.00,-99.000, -99.00,-99.000, -99.00,-99.000, -99.00,-99.000, -99.00,-99.000, -99.00,-99.000, -99.00,-99.000, -99.00,-99.000, -99.00,-99.000, -99.00,-99.000, -99.00,-99.000, -99.00,-99.000, -99.00,-99.000, -99.00,-99.000, -99.00,-99.000, -99.00,
9/20/2006 14:40:06, 14.9,286.2,-22.4,-22.0,  0.000, 26.40,  0.0,  0.0,-99.000, -99.00,-99.000, -99.00,-99.000, -99.00,-99.000, -99.00,-99.000, -99.00,-99.000, -99.00,-99.000, -99.00,-99.000, -99.00,-99.000, -99.00,-99.000, -99.00,-99.000, -99.00,-99.000, -99.00,-99.000, -99.00,-99.000, -99.00,-99.000, -99.00,-99.000, -99.00,-99.000, -99.00,-99.000, -99.00,-99.000, -99.00,-99.000, -99.00,
